game_id,season,game_type,week,game_date,kickoff_time_raw,away_team_abbr,away_team_name,away_team_raw,home_team_abbr,home_team_name,home_team_raw,venue_clean,venue_raw,home_stadium_venue,weather_match_venue,weather_match_type,game_city,game_country,is_neutral_site,is_international,attendance,attendance_source_row_count,season_exists_in_attendance,season_week_exists_in_attendance,season_week_team_exists_in_attendance,matched_flag,unmatched_reason
2015_REG_01_PIT_NE_20150910,2015,REG,1,2015-09-10,20:30,PIT,Pittsburgh Steelers,PIT,NE,New England Patriots,NE,Gillette Stadium,Gillette Stadium,Gillette Stadium,Gillette Stadium,home_team_primary_stadium,,United States,False,False,66829,1,True,True,True,True,
2015_REG_01_BAL_DEN_20150913,2015,REG,1,2015-09-13,16:25,BAL,Baltimore Ravens,BAL,DEN,Denver Broncos,DEN,Empower Field at Mile High,Sports Authority Field at Mile High,Empower Field at Mile High,Empower Field at Mile High,home_team_primary_stadium,,United States,False,False,76798,1,True,True,True,True,
2015_REG_01_CAR_JAX_20150913,2015,REG,1,2015-09-13,13:00,CAR,Carolina Panthers,CAR,JAX,Jacksonville Jaguars,JAX,EverBank Stadium,EverBank Field,EverBank Stadium,EverBank Stadium,home_team_primary_stadium,,United States,False,False,60733,1,True,True,True,True,
2015_REG_01_CIN_LV_20150913,2015,REG,1,2015-09-13,16:25,CIN,Cincinnati Bengals,CIN,LV,Las Vegas Raiders,OAK,O.co Coliseum,O.co Coliseum,Allegiant Stadium,O.co Coliseum,actual_game_venue,,United States,True,False,54500,1,True,True,True,True,
2015_REG_01_CLE_NYJ_20150913,2015,REG,1,2015-09-13,13:00,CLE,Cleveland Browns,CLE,NYJ,New York Jets,NYJ,MetLife Stadium,MetLife Stadium,MetLife Stadium,MetLife Stadium,home_team_primary_stadium,,United States,False,False,78160,1,True,True,True,True,
2015_REG_01_DET_LAC_20150913,2015,REG,1,2015-09-13,16:05,DET,Detroit Lions,DET,LAC,Los Angeles Chargers,SD,Qualcomm Stadium,Qualcomm Stadium,SoFi Stadium,Qualcomm Stadium,actual_game_venue,,United States,True,False,66093,1,True,True,True,True,
2015_REG_01_GB_CHI_20150913,2015,REG,1,2015-09-13,13:00,GB,Green Bay Packers,GB,CHI,Chicago Bears,CHI,Soldier Field,Soldier Field,Soldier Field,Soldier Field,home_team_primary_stadium,,United States,False,False,62442,1,True,True,True,True,
2015_REG_01_IND_BUF_20150913,2015,REG,1,2015-09-13,13:00,IND,Indianapolis Colts,IND,BUF,Buffalo Bills,BUF,Highmark Stadium,Ralph Wilson Stadium,Highmark Stadium,Highmark Stadium,home_team_primary_stadium,,United States,False,False,70319,1,True,True,True,True,
2015_REG_01_KC_HOU_20150913,2015,REG,1,2015-09-13,13:00,KC,Kansas City Chiefs,KC,HOU,Houston Texans,HOU,NRG Stadium,NRG Stadium,NRG Stadium,NRG Stadium,home_team_primary_stadium,,United States,False,False,71776,1,True,True,True,True,
2015_REG_01_MIA_WSH_20150913,2015,REG,1,2015-09-13,13:00,MIA,Miami Dolphins,MIA,WSH,Washington Commanders,WAS,Northwest Stadium,FedExField,Northwest Stadium,Northwest Stadium,home_team_primary_stadium,,United States,False,False,76512,1,True,True,True,True,
2015_REG_01_NO_ARI_20150913,2015,REG,1,2015-09-13,16:05,NO,New Orleans Saints,NO,ARI,Arizona Cardinals,ARI,State Farm Stadium,University of Phoenix Stadium,State Farm Stadium,State Farm Stadium,home_team_primary_stadium,,United States,False,False,62903,1,True,True,True,True,
2015_REG_01_NYG_DAL_20150913,2015,REG,1,2015-09-13,20:30,NYG,New York Giants,NYG,DAL,Dallas Cowboys,DAL,AT&T Stadium,AT&T Stadium,AT&T Stadium,AT&T Stadium,home_team_primary_stadium,,United States,False,False,93579,1,True,True,True,True,
2015_REG_01_SEA_LAR_20150913,2015,REG,1,2015-09-13,13:00,SEA,Seattle Seahawks,SEA,LAR,Los Angeles Rams,STL,Edward Jones Dome,Edward Jones Dome,SoFi Stadium,Edward Jones Dome,actual_game_venue,,United States,True,False,51792,1,True,True,True,True,
2015_REG_01_TEN_TB_20150913,2015,REG,1,2015-09-13,16:25,TEN,Tennessee Titans,TEN,TB,Tampa Bay Buccaneers,TB,Raymond James Stadium,Raymond James Stadium,Raymond James Stadium,Raymond James Stadium,home_team_primary_stadium,,United States,False,False,63945,1,True,True,True,True,
2015_REG_01_MIN_SF_20150914,2015,REG,1,2015-09-14,22:20,MIN,Minnesota Vikings,MIN,SF,San Francisco 49ers,SF,Levi's Stadium,Levi's Stadium,Levi's Stadium,Levi's Stadium,home_team_primary_stadium,,United States,False,False,70499,1,True,True,True,True,
2015_REG_01_PHI_ATL_20150914,2015,REG,1,2015-09-14,19:10,PHI,Philadelphia Eagles,PHI,ATL,Atlanta Falcons,ATL,Georgia Dome,Georgia Dome,Mercedes-Benz Stadium,Georgia Dome,actual_game_venue,,United States,True,False,70516,1,True,True,True,True,
2015_REG_02_DEN_KC_20150917,2015,REG,2,2015-09-17,20:25,DEN,Denver Broncos,DEN,KC,Kansas City Chiefs,KC,Arrowhead Stadium,Arrowhead Stadium,Arrowhead Stadium,Arrowhead Stadium,home_team_primary_stadium,,United States,False,False,76404,1,True,True,True,True,
2015_REG_02_ARI_CHI_20150920,2015,REG,2,2015-09-20,13:00,ARI,Arizona Cardinals,ARI,CHI,Chicago Bears,CHI,Soldier Field,Soldier Field,Soldier Field,Soldier Field,home_team_primary_stadium,,United States,False,False,62351,1,True,True,True,True,
2015_REG_02_ATL_NYG_20150920,2015,REG,2,2015-09-20,13:00,ATL,Atlanta Falcons,ATL,NYG,New York Giants,NYG,MetLife Stadium,MetLife Stadium,MetLife Stadium,MetLife Stadium,home_team_primary_stadium,,United States,False,False,77678,1,True,True,True,True,
2015_REG_02_BAL_LV_20150920,2015,REG,2,2015-09-20,16:05,BAL,Baltimore Ravens,BAL,LV,Las Vegas Raiders,OAK,O.co Coliseum,O.co Coliseum,Allegiant Stadium,O.co Coliseum,actual_game_venue,,United States,True,False,53500,1,True,True,True,True,
2015_REG_02_DAL_PHI_20150920,2015,REG,2,2015-09-20,16:25,DAL,Dallas Cowboys,DAL,PHI,Philadelphia Eagles,PHI,Lincoln Financial Field,Lincoln Financial Field,Lincoln Financial Field,Lincoln Financial Field,home_team_primary_stadium,,United States,False,False,69296,1,True,True,True,True,
2015_REG_02_DET_MIN_20150920,2015,REG,2,2015-09-20,13:00,DET,Detroit Lions,DET,MIN,Minnesota Vikings,MIN,TCF Bank Stadium,TCF Bank Stadium,U.S. Bank Stadium,TCF Bank Stadium,actual_game_venue,,United States,True,False,52319,1,True,True,True,True,
2015_REG_02_HOU_CAR_20150920,2015,REG,2,2015-09-20,13:00,HOU,Houston Texans,HOU,CAR,Carolina Panthers,CAR,Bank of America Stadium,Bank of America Stadium,Bank of America Stadium,Bank of America Stadium,home_team_primary_stadium,,United States,False,False,73254,1,True,True,True,True,
2015_REG_02_LAC_CIN_20150920,2015,REG,2,2015-09-20,13:00,LAC,Los Angeles Chargers,SD,CIN,Cincinnati Bengals,CIN,Paycor Stadium,Paul Brown Stadium,Paycor Stadium,Paycor Stadium,home_team_primary_stadium,,United States,False,False,57579,1,True,True,True,True,
2015_REG_02_LAR_WSH_20150920,2015,REG,2,2015-09-20,13:00,LAR,Los Angeles Rams,STL,WSH,Washington Commanders,WAS,Northwest Stadium,FedExField,Northwest Stadium,Northwest Stadium,home_team_primary_stadium,,United States,False,False,72460,1,True,True,True,True,
2015_REG_02_MIA_JAX_20150920,2015,REG,2,2015-09-20,16:05,MIA,Miami Dolphins,MIA,JAX,Jacksonville Jaguars,JAX,EverBank Stadium,EverBank Field,EverBank Stadium,EverBank Stadium,home_team_primary_stadium,,United States,False,False,65443,1,True,True,True,True,
2015_REG_02_NE_BUF_20150920,2015,REG,2,2015-09-20,13:00,NE,New England Patriots,NE,BUF,Buffalo Bills,BUF,Highmark Stadium,Ralph Wilson Stadium,Highmark Stadium,Highmark Stadium,home_team_primary_stadium,,United States,False,False,70858,1,True,True,True,True,
2015_REG_02_SEA_GB_20150920,2015,REG,2,2015-09-20,20:30,SEA,Seattle Seahawks,SEA,GB,Green Bay Packers,GB,Lambeau Field,Lambeau Field,Lambeau Field,Lambeau Field,home_team_primary_stadium,,United States,False,False,78433,1,True,True,True,True,
2015_REG_02_SF_PIT_20150920,2015,REG,2,2015-09-20,13:00,SF,San Francisco 49ers,SF,PIT,Pittsburgh Steelers,PIT,Acrisure Stadium,Heinz Field,Acrisure Stadium,Acrisure Stadium,home_team_primary_stadium,,United States,False,False,66472,1,True,True,True,True,
2015_REG_02_TB_NO_20150920,2015,REG,2,2015-09-20,13:00,TB,Tampa Bay Buccaneers,TB,NO,New Orleans Saints,NO,Caesars Superdome,Mercedes-Benz Superdome,Caesars Superdome,Caesars Superdome,home_team_primary_stadium,,United States,False,False,73006,1,True,True,True,True,
2015_REG_02_TEN_CLE_20150920,2015,REG,2,2015-09-20,13:00,TEN,Tennessee Titans,TEN,CLE,Cleveland Browns,CLE,Huntington Bank Field,FirstEnergy Stadium,Huntington Bank Field,Huntington Bank Field,home_team_primary_stadium,,United States,False,False,67431,1,True,True,True,True,
2015_REG_02_NYJ_IND_20150921,2015,REG,2,2015-09-21,20:30,NYJ,New York Jets,NYJ,IND,Indianapolis Colts,IND,Lucas Oil Stadium,Lucas Oil Stadium,Lucas Oil Stadium,Lucas Oil Stadium,home_team_primary_stadium,,United States,False,False,65220,1,True,True,True,True,
2015_REG_03_WSH_NYG_20150924,2015,REG,3,2015-09-24,20:25,WSH,Washington Commanders,WAS,NYG,New York Giants,NYG,MetLife Stadium,MetLife Stadium,MetLife Stadium,MetLife Stadium,home_team_primary_stadium,,United States,False,False,76081,1,True,True,True,True,
2015_REG_03_ATL_DAL_20150927,2015,REG,3,2015-09-27,13:00,ATL,Atlanta Falcons,ATL,DAL,Dallas Cowboys,DAL,AT&T Stadium,AT&T Stadium,AT&T Stadium,AT&T Stadium,home_team_primary_stadium,,United States,False,False,90345,1,True,True,True,True,
2015_REG_03_BUF_MIA_20150927,2015,REG,3,2015-09-27,16:25,BUF,Buffalo Bills,BUF,MIA,Miami Dolphins,MIA,Hard Rock Stadium,Sun Life Stadium,Hard Rock Stadium,Hard Rock Stadium,home_team_primary_stadium,,United States,False,False,64869,1,True,True,True,True,
2015_REG_03_CHI_SEA_20150927,2015,REG,3,2015-09-27,16:25,CHI,Chicago Bears,CHI,SEA,Seattle Seahawks,SEA,Lumen Field,CenturyLink Field,Lumen Field,Lumen Field,home_team_primary_stadium,,United States,False,False,69002,1,True,True,True,True,
2015_REG_03_CIN_BAL_20150927,2015,REG,3,2015-09-27,13:00,CIN,Cincinnati Bengals,CIN,BAL,Baltimore Ravens,BAL,M&T Bank Stadium,M&T Bank Stadium,M&T Bank Stadium,M&T Bank Stadium,home_team_primary_stadium,,United States,False,False,70970,1,True,True,True,True,
2015_REG_03_DEN_DET_20150927,2015,REG,3,2015-09-27,20:30,DEN,Denver Broncos,DEN,DET,Detroit Lions,DET,Ford Field,Ford Field,Ford Field,Ford Field,home_team_primary_stadium,,United States,False,False,62920,1,True,True,True,True,
2015_REG_03_IND_TEN_20150927,2015,REG,3,2015-09-27,13:00,IND,Indianapolis Colts,IND,TEN,Tennessee Titans,TEN,Nissan Stadium,Nissan Stadium,Nissan Stadium,Nissan Stadium,home_team_primary_stadium,,United States,False,False,65920,1,True,True,True,True,
2015_REG_03_JAX_NE_20150927,2015,REG,3,2015-09-27,13:00,JAX,Jacksonville Jaguars,JAX,NE,New England Patriots,NE,Gillette Stadium,Gillette Stadium,Gillette Stadium,Gillette Stadium,home_team_primary_stadium,,United States,False,False,66829,1,True,True,True,True,
2015_REG_03_LAC_MIN_20150927,2015,REG,3,2015-09-27,13:00,LAC,Los Angeles Chargers,SD,MIN,Minnesota Vikings,MIN,TCF Bank Stadium,TCF Bank Stadium,U.S. Bank Stadium,TCF Bank Stadium,actual_game_venue,,United States,True,False,52400,1,True,True,True,True,
2015_REG_03_LV_CLE_20150927,2015,REG,3,2015-09-27,13:00,LV,Las Vegas Raiders,OAK,CLE,Cleveland Browns,CLE,Huntington Bank Field,FirstEnergy Stadium,Huntington Bank Field,Huntington Bank Field,home_team_primary_stadium,,United States,False,False,67431,1,True,True,True,True,
2015_REG_03_NO_CAR_20150927,2015,REG,3,2015-09-27,13:00,NO,New Orleans Saints,NO,CAR,Carolina Panthers,CAR,Bank of America Stadium,Bank of America Stadium,Bank of America Stadium,Bank of America Stadium,home_team_primary_stadium,,United States,False,False,73402,1,True,True,True,True,
2015_REG_03_PHI_NYJ_20150927,2015,REG,3,2015-09-27,13:00,PHI,Philadelphia Eagles,PHI,NYJ,New York Jets,NYJ,MetLife Stadium,MetLife Stadium,MetLife Stadium,MetLife Stadium,home_team_primary_stadium,,United States,False,False,78160,1,True,True,True,True,
2015_REG_03_PIT_LAR_20150927,2015,REG,3,2015-09-27,13:00,PIT,Pittsburgh Steelers,PIT,LAR,Los Angeles Rams,STL,Edward Jones Dome,Edward Jones Dome,SoFi Stadium,Edward Jones Dome,actual_game_venue,,United States,True,False,52433,1,True,True,True,True,
2015_REG_03_SF_ARI_20150927,2015,REG,3,2015-09-27,16:05,SF,San Francisco 49ers,SF,ARI,Arizona Cardinals,ARI,State Farm Stadium,University of Phoenix Stadium,State Farm Stadium,State Farm Stadium,home_team_primary_stadium,,United States,False,False,63663,1,True,True,True,True,
2015_REG_03_TB_HOU_20150927,2015,REG,3,2015-09-27,13:00,TB,Tampa Bay Buccaneers,TB,HOU,Houston Texans,HOU,NRG Stadium,NRG Stadium,NRG Stadium,NRG Stadium,home_team_primary_stadium,,United States,False,False,71718,1,True,True,True,True,
2015_REG_03_KC_GB_20150928,2015,REG,3,2015-09-28,20:30,KC,Kansas City Chiefs,KC,GB,Green Bay Packers,GB,Lambeau Field,Lambeau Field,Lambeau Field,Lambeau Field,home_team_primary_stadium,,United States,False,False,78214,1,True,True,True,True,
2015_REG_04_BAL_PIT_20151001,2015,REG,4,2015-10-01,20:25,BAL,Baltimore Ravens,BAL,PIT,Pittsburgh Steelers,PIT,Acrisure Stadium,Heinz Field,Acrisure Stadium,Acrisure Stadium,home_team_primary_stadium,,United States,False,False,63929,1,True,True,True,True,
2015_REG_04_CAR_TB_20151004,2015,REG,4,2015-10-04,13:00,CAR,Carolina Panthers,CAR,TB,Tampa Bay Buccaneers,TB,Raymond James Stadium,Raymond James Stadium,Raymond James Stadium,Raymond James Stadium,home_team_primary_stadium,,United States,False,False,57468,1,True,True,True,True,
2015_REG_04_CLE_LAC_20151004,2015,REG,4,2015-10-04,16:05,CLE,Cleveland Browns,CLE,LAC,Los Angeles Chargers,SD,Qualcomm Stadium,Qualcomm Stadium,SoFi Stadium,Qualcomm Stadium,actual_game_venue,,United States,True,False,63710,1,True,True,True,True,
2015_REG_04_DAL_NO_20151004,2015,REG,4,2015-10-04,20:30,DAL,Dallas Cowboys,DAL,NO,New Orleans Saints,NO,Caesars Superdome,Mercedes-Benz Superdome,Caesars Superdome,Caesars Superdome,home_team_primary_stadium,,United States,False,False,73009,1,True,True,True,True,
2015_REG_04_GB_SF_20151004,2015,REG,4,2015-10-04,16:25,GB,Green Bay Packers,GB,SF,San Francisco 49ers,SF,Levi's Stadium,Levi's Stadium,Levi's Stadium,Levi's Stadium,home_team_primary_stadium,,United States,False,False,70799,1,True,True,True,True,
2015_REG_04_HOU_ATL_20151004,2015,REG,4,2015-10-04,13:00,HOU,Houston Texans,HOU,ATL,Atlanta Falcons,ATL,Georgia Dome,Georgia Dome,Mercedes-Benz Stadium,Georgia Dome,actual_game_venue,,United States,True,False,69904,1,True,True,True,True,
2015_REG_04_JAX_IND_20151004,2015,REG,4,2015-10-04,13:00,JAX,Jacksonville Jaguars,JAX,IND,Indianapolis Colts,IND,Lucas Oil Stadium,Lucas Oil Stadium,Lucas Oil Stadium,Lucas Oil Stadium,home_team_primary_stadium,,United States,False,False,65609,1,True,True,True,True,
2015_REG_04_KC_CIN_20151004,2015,REG,4,2015-10-04,13:00,KC,Kansas City Chiefs,KC,CIN,Cincinnati Bengals,CIN,Paycor Stadium,Paul Brown Stadium,Paycor Stadium,Paycor Stadium,home_team_primary_stadium,,United States,False,False,57498,1,True,True,True,True,
2015_REG_04_LAR_ARI_20151004,2015,REG,4,2015-10-04,16:25,LAR,Los Angeles Rams,STL,ARI,Arizona Cardinals,ARI,State Farm Stadium,University of Phoenix Stadium,State Farm Stadium,State Farm Stadium,home_team_primary_stadium,,United States,False,False,63146,1,True,True,True,True,
2015_REG_04_LV_CHI_20151004,2015,REG,4,2015-10-04,13:00,LV,Las Vegas Raiders,OAK,CHI,Chicago Bears,CHI,Soldier Field,Soldier Field,Soldier Field,Soldier Field,home_team_primary_stadium,,United States,False,False,62409,1,True,True,True,True,
2015_REG_04_MIN_DEN_20151004,2015,REG,4,2015-10-04,16:25,MIN,Minnesota Vikings,MIN,DEN,Denver Broncos,DEN,Empower Field at Mile High,Sports Authority Field at Mile High,Empower Field at Mile High,Empower Field at Mile High,home_team_primary_stadium,,United States,False,False,77029,1,True,True,True,True,
2015_REG_04_NYG_BUF_20151004,2015,REG,4,2015-10-04,13:00,NYG,New York Giants,NYG,BUF,Buffalo Bills,BUF,Highmark Stadium,Ralph Wilson Stadium,Highmark Stadium,Highmark Stadium,home_team_primary_stadium,,United States,False,False,70677,1,True,True,True,True,
2015_REG_04_NYJ_MIA_20151004,2015,REG,4,2015-10-04,09:30,NYJ,New York Jets,NYJ,MIA,Miami Dolphins,MIA,Wembley Stadium,Wembley Stadium,Hard Rock Stadium,Wembley Stadium,actual_game_venue,London,United Kingdom,True,True,83986,1,True,True,True,True,
2015_REG_04_PHI_WSH_20151004,2015,REG,4,2015-10-04,13:00,PHI,Philadelphia Eagles,PHI,WSH,Washington Commanders,WAS,Northwest Stadium,FedExField,Northwest Stadium,Northwest Stadium,home_team_primary_stadium,,United States,False,False,74767,1,True,True,True,True,
2015_REG_04_DET_SEA_20151005,2015,REG,4,2015-10-05,20:30,DET,Detroit Lions,DET,SEA,Seattle Seahawks,SEA,Lumen Field,CenturyLink Field,Lumen Field,Lumen Field,home_team_primary_stadium,,United States,False,False,69005,1,True,True,True,True,
2015_REG_05_IND_HOU_20151008,2015,REG,5,2015-10-08,20:25,IND,Indianapolis Colts,IND,HOU,Houston Texans,HOU,NRG Stadium,NRG Stadium,NRG Stadium,NRG Stadium,home_team_primary_stadium,,United States,False,False,71732,1,True,True,True,True,
2015_REG_05_ARI_DET_20151011,2015,REG,5,2015-10-11,16:05,ARI,Arizona Cardinals,ARI,DET,Detroit Lions,DET,Ford Field,Ford Field,Ford Field,Ford Field,home_team_primary_stadium,,United States,False,False,60816,1,True,True,True,True,
2015_REG_05_BUF_TEN_20151011,2015,REG,5,2015-10-11,13:00,BUF,Buffalo Bills,BUF,TEN,Tennessee Titans,TEN,Nissan Stadium,Nissan Stadium,Nissan Stadium,Nissan Stadium,home_team_primary_stadium,,United States,False,False,65670,1,True,True,True,True,
2015_REG_05_CHI_KC_20151011,2015,REG,5,2015-10-11,13:00,CHI,Chicago Bears,CHI,KC,Kansas City Chiefs,KC,Arrowhead Stadium,Arrowhead Stadium,Arrowhead Stadium,Arrowhead Stadium,home_team_primary_stadium,,United States,False,False,75799,1,True,True,True,True,
2015_REG_05_CLE_BAL_20151011,2015,REG,5,2015-10-11,13:00,CLE,Cleveland Browns,CLE,BAL,Baltimore Ravens,BAL,M&T Bank Stadium,M&T Bank Stadium,M&T Bank Stadium,M&T Bank Stadium,home_team_primary_stadium,,United States,False,False,71046,1,True,True,True,True,
2015_REG_05_DEN_LV_20151011,2015,REG,5,2015-10-11,16:25,DEN,Denver Broncos,DEN,LV,Las Vegas Raiders,OAK,O.co Coliseum,O.co Coliseum,Allegiant Stadium,O.co Coliseum,actual_game_venue,,United States,True,False,54500,1,True,True,True,True,
2015_REG_05_JAX_TB_20151011,2015,REG,5,2015-10-11,13:00,JAX,Jacksonville Jaguars,JAX,TB,Tampa Bay Buccaneers,TB,Raymond James Stadium,Raymond James Stadium,Raymond James Stadium,Raymond James Stadium,home_team_primary_stadium,,United States,False,False,58490,1,True,True,True,True,
2015_REG_05_LAR_GB_20151011,2015,REG,5,2015-10-11,13:00,LAR,Los Angeles Rams,STL,GB,Green Bay Packers,GB,Lambeau Field,Lambeau Field,Lambeau Field,Lambeau Field,home_team_primary_stadium,,United States,False,False,78432,1,True,True,True,True,
2015_REG_05_NE_DAL_20151011,2015,REG,5,2015-10-11,16:25,NE,New England Patriots,NE,DAL,Dallas Cowboys,DAL,AT&T Stadium,AT&T Stadium,AT&T Stadium,AT&T Stadium,home_team_primary_stadium,,United States,False,False,93054,1,True,True,True,True,
2015_REG_05_NO_PHI_20151011,2015,REG,5,2015-10-11,13:00,NO,New Orleans Saints,NO,PHI,Philadelphia Eagles,PHI,Lincoln Financial Field,Lincoln Financial Field,Lincoln Financial Field,Lincoln Financial Field,home_team_primary_stadium,,United States,False,False,69296,1,True,True,True,True,
2015_REG_05_SEA_CIN_20151011,2015,REG,5,2015-10-11,13:00,SEA,Seattle Seahawks,SEA,CIN,Cincinnati Bengals,CIN,Paycor Stadium,Paul Brown Stadium,Paycor Stadium,Paycor Stadium,home_team_primary_stadium,,United States,False,False,65004,1,True,True,True,True,
2015_REG_05_SF_NYG_20151011,2015,REG,5,2015-10-11,20:30,SF,San Francisco 49ers,SF,NYG,New York Giants,NYG,MetLife Stadium,MetLife Stadium,MetLife Stadium,MetLife Stadium,home_team_primary_stadium,,United States,False,False,78515,1,True,True,True,True,
2015_REG_05_WSH_ATL_20151011,2015,REG,5,2015-10-11,13:00,WSH,Washington Commanders,WAS,ATL,Atlanta Falcons,ATL,Georgia Dome,Georgia Dome,Mercedes-Benz Stadium,Georgia Dome,actual_game_venue,,United States,True,False,70178,1,True,True,True,True,
2015_REG_05_PIT_LAC_20151012,2015,REG,5,2015-10-12,20:30,PIT,Pittsburgh Steelers,PIT,LAC,Los Angeles Chargers,SD,Qualcomm Stadium,Qualcomm Stadium,SoFi Stadium,Qualcomm Stadium,actual_game_venue,,United States,True,False,67658,1,True,True,True,True,
2015_REG_06_ATL_NO_20151015,2015,REG,6,2015-10-15,20:25,ATL,Atlanta Falcons,ATL,NO,New Orleans Saints,NO,Caesars Superdome,Mercedes-Benz Superdome,Caesars Superdome,Caesars Superdome,home_team_primary_stadium,,United States,False,False,73018,1,True,True,True,True,
2015_REG_06_ARI_PIT_20151018,2015,REG,6,2015-10-18,13:00,ARI,Arizona Cardinals,ARI,PIT,Pittsburgh Steelers,PIT,Acrisure Stadium,Heinz Field,Acrisure Stadium,Acrisure Stadium,home_team_primary_stadium,,United States,False,False,63846,1,True,True,True,True,
2015_REG_06_BAL_SF_20151018,2015,REG,6,2015-10-18,16:25,BAL,Baltimore Ravens,BAL,SF,San Francisco 49ers,SF,Levi's Stadium,Levi's Stadium,Levi's Stadium,Levi's Stadium,home_team_primary_stadium,,United States,False,False,70799,1,True,True,True,True,
2015_REG_06_CAR_SEA_20151018,2015,REG,6,2015-10-18,16:05,CAR,Carolina Panthers,CAR,SEA,Seattle Seahawks,SEA,Lumen Field,CenturyLink Field,Lumen Field,Lumen Field,home_team_primary_stadium,,United States,False,False,69020,1,True,True,True,True,
2015_REG_06_CHI_DET_20151018,2015,REG,6,2015-10-18,13:00,CHI,Chicago Bears,CHI,DET,Detroit Lions,DET,Ford Field,Ford Field,Ford Field,Ford Field,home_team_primary_stadium,,United States,False,False,57648,1,True,True,True,True,
2015_REG_06_CIN_BUF_20151018,2015,REG,6,2015-10-18,13:00,CIN,Cincinnati Bengals,CIN,BUF,Buffalo Bills,BUF,Highmark Stadium,Ralph Wilson Stadium,Highmark Stadium,Highmark Stadium,home_team_primary_stadium,,United States,False,False,69593,1,True,True,True,True,
2015_REG_06_DEN_CLE_20151018,2015,REG,6,2015-10-18,13:00,DEN,Denver Broncos,DEN,CLE,Cleveland Browns,CLE,Huntington Bank Field,FirstEnergy Stadium,Huntington Bank Field,Huntington Bank Field,home_team_primary_stadium,,United States,False,False,67431,1,True,True,True,True,
2015_REG_06_HOU_JAX_20151018,2015,REG,6,2015-10-18,13:00,HOU,Houston Texans,HOU,JAX,Jacksonville Jaguars,JAX,EverBank Stadium,EverBank Field,EverBank Stadium,EverBank Stadium,home_team_primary_stadium,,United States,False,False,58085,1,True,True,True,True,
2015_REG_06_KC_MIN_20151018,2015,REG,6,2015-10-18,13:00,KC,Kansas City Chiefs,KC,MIN,Minnesota Vikings,MIN,TCF Bank Stadium,TCF Bank Stadium,U.S. Bank Stadium,TCF Bank Stadium,actual_game_venue,,United States,True,False,52480,1,True,True,True,True,
2015_REG_06_LAC_GB_20151018,2015,REG,6,2015-10-18,16:25,LAC,Los Angeles Chargers,SD,GB,Green Bay Packers,GB,Lambeau Field,Lambeau Field,Lambeau Field,Lambeau Field,home_team_primary_stadium,,United States,False,False,78434,1,True,True,True,True,
2015_REG_06_MIA_TEN_20151018,2015,REG,6,2015-10-18,13:00,MIA,Miami Dolphins,MIA,TEN,Tennessee Titans,TEN,Nissan Stadium,Nissan Stadium,Nissan Stadium,Nissan Stadium,home_team_primary_stadium,,United States,False,False,62342,1,True,True,True,True,
2015_REG_06_NE_IND_20151018,2015,REG,6,2015-10-18,20:30,NE,New England Patriots,NE,IND,Indianapolis Colts,IND,Lucas Oil Stadium,Lucas Oil Stadium,Lucas Oil Stadium,Lucas Oil Stadium,home_team_primary_stadium,,United States,False,False,66726,1,True,True,True,True,
2015_REG_06_WSH_NYJ_20151018,2015,REG,6,2015-10-18,13:00,WSH,Washington Commanders,WAS,NYJ,New York Jets,NYJ,MetLife Stadium,MetLife Stadium,MetLife Stadium,MetLife Stadium,home_team_primary_stadium,,United States,False,False,78160,1,True,True,True,True,
2015_REG_06_NYG_PHI_20151019,2015,REG,6,2015-10-19,20:30,NYG,New York Giants,NYG,PHI,Philadelphia Eagles,PHI,Lincoln Financial Field,Lincoln Financial Field,Lincoln Financial Field,Lincoln Financial Field,home_team_primary_stadium,,United States,False,False,69296,1,True,True,True,True,
2015_REG_07_SEA_SF_20151022,2015,REG,7,2015-10-22,20:25,SEA,Seattle Seahawks,SEA,SF,San Francisco 49ers,SF,Levi's Stadium,Levi's Stadium,Levi's Stadium,Levi's Stadium,home_team_primary_stadium,,United States,False,False,70799,1,True,True,True,True,
2015_REG_07_ATL_TEN_20151025,2015,REG,7,2015-10-25,13:00,ATL,Atlanta Falcons,ATL,TEN,Tennessee Titans,TEN,Nissan Stadium,Nissan Stadium,Nissan Stadium,Nissan Stadium,home_team_primary_stadium,,United States,False,False,63329,1,True,True,True,True,
2015_REG_07_BUF_JAX_20151025,2015,REG,7,2015-10-25,09:30,BUF,Buffalo Bills,BUF,JAX,Jacksonville Jaguars,JAX,Wembley Stadium,Wembley Stadium,EverBank Stadium,Wembley Stadium,actual_game_venue,London,United Kingdom,True,True,84021,1,True,True,True,True,
2015_REG_07_CLE_LAR_20151025,2015,REG,7,2015-10-25,13:00,CLE,Cleveland Browns,CLE,LAR,Los Angeles Rams,STL,Edward Jones Dome,Edward Jones Dome,SoFi Stadium,Edward Jones Dome,actual_game_venue,,United States,True,False,51523,1,True,True,True,True,
2015_REG_07_DAL_NYG_20151025,2015,REG,7,2015-10-25,16:25,DAL,Dallas Cowboys,DAL,NYG,New York Giants,NYG,MetLife Stadium,MetLife Stadium,MetLife Stadium,MetLife Stadium,home_team_primary_stadium,,United States,False,False,80319,1,True,True,True,True,
2015_REG_07_HOU_MIA_20151025,2015,REG,7,2015-10-25,13:00,HOU,Houston Texans,HOU,MIA,Miami Dolphins,MIA,Hard Rock Stadium,Sun Life Stadium,Hard Rock Stadium,Hard Rock Stadium,home_team_primary_stadium,,United States,False,False,65251,1,True,True,True,True,
2015_REG_07_LV_LAC_20151025,2015,REG,7,2015-10-25,16:05,LV,Las Vegas Raiders,OAK,LAC,Los Angeles Chargers,SD,Qualcomm Stadium,Qualcomm Stadium,SoFi Stadium,Qualcomm Stadium,actual_game_venue,,United States,True,False,67542,1,True,True,True,True,
2015_REG_07_MIN_DET_20151025,2015,REG,7,2015-10-25,13:00,MIN,Minnesota Vikings,MIN,DET,Detroit Lions,DET,Ford Field,Ford Field,Ford Field,Ford Field,home_team_primary_stadium,,United States,False,False,60231,1,True,True,True,True,
2015_REG_07_NO_IND_20151025,2015,REG,7,2015-10-25,13:00,NO,New Orleans Saints,NO,IND,Indianapolis Colts,IND,Lucas Oil Stadium,Lucas Oil Stadium,Lucas Oil Stadium,Lucas Oil Stadium,home_team_primary_stadium,,United States,False,False,66420,1,True,True,True,True,
2015_REG_07_NYJ_NE_20151025,2015,REG,7,2015-10-25,13:00,NYJ,New York Jets,NYJ,NE,New England Patriots,NE,Gillette Stadium,Gillette Stadium,Gillette Stadium,Gillette Stadium,home_team_primary_stadium,,United States,False,False,66829,1,True,True,True,True,
2015_REG_07_PHI_CAR_20151025,2015,REG,7,2015-10-25,20:30,PHI,Philadelphia Eagles,PHI,CAR,Carolina Panthers,CAR,Bank of America Stadium,Bank of America Stadium,Bank of America Stadium,Bank of America Stadium,home_team_primary_stadium,,United States,False,False,74194,1,True,True,True,True,
2015_REG_07_PIT_KC_20151025,2015,REG,7,2015-10-25,13:00,PIT,Pittsburgh Steelers,PIT,KC,Kansas City Chiefs,KC,Arrowhead Stadium,Arrowhead Stadium,Arrowhead Stadium,Arrowhead Stadium,home_team_primary_stadium,,United States,False,False,76365,1,True,True,True,True,
2015_REG_07_TB_WSH_20151025,2015,REG,7,2015-10-25,13:00,TB,Tampa Bay Buccaneers,TB,WSH,Washington Commanders,WAS,Northwest Stadium,FedExField,Northwest Stadium,Northwest Stadium,home_team_primary_stadium,,United States,False,False,72912,1,True,True,True,True,
2015_REG_07_BAL_ARI_20151026,2015,REG,7,2015-10-26,20:30,BAL,Baltimore Ravens,BAL,ARI,Arizona Cardinals,ARI,State Farm Stadium,University of Phoenix Stadium,State Farm Stadium,State Farm Stadium,home_team_primary_stadium,,United States,False,False,64722,1,True,True,True,True,
2015_REG_08_MIA_NE_20151029,2015,REG,8,2015-10-29,20:25,MIA,Miami Dolphins,MIA,NE,New England Patriots,NE,Gillette Stadium,Gillette Stadium,Gillette Stadium,Gillette Stadium,home_team_primary_stadium,,United States,False,False,66829,1,True,True,True,True,
2015_REG_08_ARI_CLE_20151101,2015,REG,8,2015-11-01,13:00,ARI,Arizona Cardinals,ARI,CLE,Cleveland Browns,CLE,Huntington Bank Field,FirstEnergy Stadium,Huntington Bank Field,Huntington Bank Field,home_team_primary_stadium,,United States,False,False,67431,1,True,True,True,True,
2015_REG_08_CIN_PIT_20151101,2015,REG,8,2015-11-01,13:00,CIN,Cincinnati Bengals,CIN,PIT,Pittsburgh Steelers,PIT,Acrisure Stadium,Heinz Field,Acrisure Stadium,Acrisure Stadium,home_team_primary_stadium,,United States,False,False,64750,1,True,True,True,True,
2015_REG_08_DET_KC_20151101,2015,REG,8,2015-11-01,09:30,DET,Detroit Lions,DET,KC,Kansas City Chiefs,KC,Wembley Stadium,Wembley Stadium,Arrowhead Stadium,Wembley Stadium,actual_game_venue,London,United Kingdom,True,True,83624,1,True,True,True,True,
2015_REG_08_GB_DEN_20151101,2015,REG,8,2015-11-01,20:30,GB,Green Bay Packers,GB,DEN,Denver Broncos,DEN,Empower Field at Mile High,Sports Authority Field at Mile High,Empower Field at Mile High,Empower Field at Mile High,home_team_primary_stadium,,United States,False,False,77075,1,True,True,True,True,
2015_REG_08_LAC_BAL_20151101,2015,REG,8,2015-11-01,13:00,LAC,Los Angeles Chargers,SD,BAL,Baltimore Ravens,BAL,M&T Bank Stadium,M&T Bank Stadium,M&T Bank Stadium,M&T Bank Stadium,home_team_primary_stadium,,United States,False,False,70829,1,True,True,True,True,
2015_REG_08_MIN_CHI_20151101,2015,REG,8,2015-11-01,13:00,MIN,Minnesota Vikings,MIN,CHI,Chicago Bears,CHI,Soldier Field,Soldier Field,Soldier Field,Soldier Field,home_team_primary_stadium,,United States,False,False,62311,1,True,True,True,True,
2015_REG_08_NYG_NO_20151101,2015,REG,8,2015-11-01,13:00,NYG,New York Giants,NYG,NO,New Orleans Saints,NO,Caesars Superdome,Mercedes-Benz Superdome,Caesars Superdome,Caesars Superdome,home_team_primary_stadium,,United States,False,False,73019,1,True,True,True,True,
2015_REG_08_NYJ_LV_20151101,2015,REG,8,2015-11-01,16:05,NYJ,New York Jets,NYJ,LV,Las Vegas Raiders,OAK,O.co Coliseum,O.co Coliseum,Allegiant Stadium,O.co Coliseum,actual_game_venue,,United States,True,False,54700,1,True,True,True,True,
2015_REG_08_SEA_DAL_20151101,2015,REG,8,2015-11-01,16:25,SEA,Seattle Seahawks,SEA,DAL,Dallas Cowboys,DAL,AT&T Stadium,AT&T Stadium,AT&T Stadium,AT&T Stadium,home_team_primary_stadium,,United States,False,False,91486,1,True,True,True,True,
2015_REG_08_SF_LAR_20151101,2015,REG,8,2015-11-01,13:00,SF,San Francisco 49ers,SF,LAR,Los Angeles Rams,STL,Edward Jones Dome,Edward Jones Dome,SoFi Stadium,Edward Jones Dome,actual_game_venue,,United States,True,False,51207,1,True,True,True,True,
2015_REG_08_TB_ATL_20151101,2015,REG,8,2015-11-01,13:00,TB,Tampa Bay Buccaneers,TB,ATL,Atlanta Falcons,ATL,Georgia Dome,Georgia Dome,Mercedes-Benz Stadium,Georgia Dome,actual_game_venue,,United States,True,False,70524,1,True,True,True,True,
2015_REG_08_TEN_HOU_20151101,2015,REG,8,2015-11-01,13:00,TEN,Tennessee Titans,TEN,HOU,Houston Texans,HOU,NRG Stadium,NRG Stadium,NRG Stadium,NRG Stadium,home_team_primary_stadium,,United States,False,False,71630,1,True,True,True,True,
2015_REG_08_IND_CAR_20151102,2015,REG,8,2015-11-02,20:30,IND,Indianapolis Colts,IND,CAR,Carolina Panthers,CAR,Bank of America Stadium,Bank of America Stadium,Bank of America Stadium,Bank of America Stadium,home_team_primary_stadium,,United States,False,False,74136,1,True,True,True,True,
2015_REG_09_CLE_CIN_20151105,2015,REG,9,2015-11-05,20:25,CLE,Cleveland Browns,CLE,CIN,Cincinnati Bengals,CIN,Paycor Stadium,Paul Brown Stadium,Paycor Stadium,Paycor Stadium,home_team_primary_stadium,,United States,False,False,65816,1,True,True,True,True,
2015_REG_09_ATL_SF_20151108,2015,REG,9,2015-11-08,16:05,ATL,Atlanta Falcons,ATL,SF,San Francisco 49ers,SF,Levi's Stadium,Levi's Stadium,Levi's Stadium,Levi's Stadium,home_team_primary_stadium,,United States,False,False,70799,1,True,True,True,True,
2015_REG_09_DEN_IND_20151108,2015,REG,9,2015-11-08,16:25,DEN,Denver Broncos,DEN,IND,Indianapolis Colts,IND,Lucas Oil Stadium,Lucas Oil Stadium,Lucas Oil Stadium,Lucas Oil Stadium,home_team_primary_stadium,,United States,False,False,66894,1,True,True,True,True,
2015_REG_09_GB_CAR_20151108,2015,REG,9,2015-11-08,13:00,GB,Green Bay Packers,GB,CAR,Carolina Panthers,CAR,Bank of America Stadium,Bank of America Stadium,Bank of America Stadium,Bank of America Stadium,home_team_primary_stadium,,United States,False,False,74461,1,True,True,True,True,
2015_REG_09_JAX_NYJ_20151108,2015,REG,9,2015-11-08,13:00,JAX,Jacksonville Jaguars,JAX,NYJ,New York Jets,NYJ,MetLife Stadium,MetLife Stadium,MetLife Stadium,MetLife Stadium,home_team_primary_stadium,,United States,False,False,78160,1,True,True,True,True,
2015_REG_09_LAR_MIN_20151108,2015,REG,9,2015-11-08,13:00,LAR,Los Angeles Rams,STL,MIN,Minnesota Vikings,MIN,TCF Bank Stadium,TCF Bank Stadium,U.S. Bank Stadium,TCF Bank Stadium,actual_game_venue,,United States,True,False,52406,1,True,True,True,True,
2015_REG_09_LV_PIT_20151108,2015,REG,9,2015-11-08,13:00,LV,Las Vegas Raiders,OAK,PIT,Pittsburgh Steelers,PIT,Acrisure Stadium,Heinz Field,Acrisure Stadium,Acrisure Stadium,home_team_primary_stadium,,United States,False,False,65520,1,True,True,True,True,
2015_REG_09_MIA_BUF_20151108,2015,REG,9,2015-11-08,13:00,MIA,Miami Dolphins,MIA,BUF,Buffalo Bills,BUF,Highmark Stadium,Ralph Wilson Stadium,Highmark Stadium,Highmark Stadium,home_team_primary_stadium,,United States,False,False,70214,1,True,True,True,True,
2015_REG_09_NYG_TB_20151108,2015,REG,9,2015-11-08,16:05,NYG,New York Giants,NYG,TB,Tampa Bay Buccaneers,TB,Raymond James Stadium,Raymond James Stadium,Raymond James Stadium,Raymond James Stadium,home_team_primary_stadium,,United States,False,False,64351,1,True,True,True,True,
2015_REG_09_PHI_DAL_20151108,2015,REG,9,2015-11-08,20:30,PHI,Philadelphia Eagles,PHI,DAL,Dallas Cowboys,DAL,AT&T Stadium,AT&T Stadium,AT&T Stadium,AT&T Stadium,home_team_primary_stadium,,United States,False,False,91827,1,True,True,True,True,
2015_REG_09_TEN_NO_20151108,2015,REG,9,2015-11-08,13:00,TEN,Tennessee Titans,TEN,NO,New Orleans Saints,NO,Caesars Superdome,Mercedes-Benz Superdome,Caesars Superdome,Caesars Superdome,home_team_primary_stadium,,United States,False,False,73075,1,True,True,True,True,
2015_REG_09_WSH_NE_20151108,2015,REG,9,2015-11-08,13:00,WSH,Washington Commanders,WAS,NE,New England Patriots,NE,Gillette Stadium,Gillette Stadium,Gillette Stadium,Gillette Stadium,home_team_primary_stadium,,United States,False,False,66829,1,True,True,True,True,
2015_REG_09_CHI_LAC_20151109,2015,REG,9,2015-11-09,20:30,CHI,Chicago Bears,CHI,LAC,Los Angeles Chargers,SD,Qualcomm Stadium,Qualcomm Stadium,SoFi Stadium,Qualcomm Stadium,actual_game_venue,,United States,True,False,68033,1,True,True,True,True,
2015_REG_10_BUF_NYJ_20151112,2015,REG,10,2015-11-12,20:25,BUF,Buffalo Bills,BUF,NYJ,New York Jets,NYJ,MetLife Stadium,MetLife Stadium,MetLife Stadium,MetLife Stadium,home_team_primary_stadium,,United States,False,False,78160,1,True,True,True,True,
2015_REG_10_ARI_SEA_20151115,2015,REG,10,2015-11-15,20:30,ARI,Arizona Cardinals,ARI,SEA,Seattle Seahawks,SEA,Lumen Field,CenturyLink Field,Lumen Field,Lumen Field,home_team_primary_stadium,,United States,False,False,69005,1,True,True,True,True,
2015_REG_10_CAR_TEN_20151115,2015,REG,10,2015-11-15,13:00,CAR,Carolina Panthers,CAR,TEN,Tennessee Titans,TEN,Nissan Stadium,Nissan Stadium,Nissan Stadium,Nissan Stadium,home_team_primary_stadium,,United States,False,False,63591,1,True,True,True,True,
2015_REG_10_CHI_LAR_20151115,2015,REG,10,2015-11-15,13:00,CHI,Chicago Bears,CHI,LAR,Los Angeles Rams,STL,Edward Jones Dome,Edward Jones Dome,SoFi Stadium,Edward Jones Dome,actual_game_venue,,United States,True,False,58653,1,True,True,True,True,
2015_REG_10_CLE_PIT_20151115,2015,REG,10,2015-11-15,13:00,CLE,Cleveland Browns,CLE,PIT,Pittsburgh Steelers,PIT,Acrisure Stadium,Heinz Field,Acrisure Stadium,Acrisure Stadium,home_team_primary_stadium,,United States,False,False,64402,1,True,True,True,True,
2015_REG_10_DAL_TB_20151115,2015,REG,10,2015-11-15,13:00,DAL,Dallas Cowboys,DAL,TB,Tampa Bay Buccaneers,TB,Raymond James Stadium,Raymond James Stadium,Raymond James Stadium,Raymond James Stadium,home_team_primary_stadium,,United States,False,False,64113,1,True,True,True,True,
2015_REG_10_DET_GB_20151115,2015,REG,10,2015-11-15,13:00,DET,Detroit Lions,DET,GB,Green Bay Packers,GB,Lambeau Field,Lambeau Field,Lambeau Field,Lambeau Field,home_team_primary_stadium,,United States,False,False,78526,1,True,True,True,True,
2015_REG_10_JAX_BAL_20151115,2015,REG,10,2015-11-15,13:00,JAX,Jacksonville Jaguars,JAX,BAL,Baltimore Ravens,BAL,M&T Bank Stadium,M&T Bank Stadium,M&T Bank Stadium,M&T Bank Stadium,home_team_primary_stadium,,United States,False,False,70837,1,True,True,True,True,
2015_REG_10_KC_DEN_20151115,2015,REG,10,2015-11-15,16:25,KC,Kansas City Chiefs,KC,DEN,Denver Broncos,DEN,Empower Field at Mile High,Sports Authority Field at Mile High,Empower Field at Mile High,Empower Field at Mile High,home_team_primary_stadium,,United States,False,False,76973,1,True,True,True,True,
2015_REG_10_MIA_PHI_20151115,2015,REG,10,2015-11-15,13:00,MIA,Miami Dolphins,MIA,PHI,Philadelphia Eagles,PHI,Lincoln Financial Field,Lincoln Financial Field,Lincoln Financial Field,Lincoln Financial Field,home_team_primary_stadium,,United States,False,False,69596,1,True,True,True,True,
2015_REG_10_MIN_LV_20151115,2015,REG,10,2015-11-15,16:05,MIN,Minnesota Vikings,MIN,LV,Las Vegas Raiders,OAK,O.co Coliseum,O.co Coliseum,Allegiant Stadium,O.co Coliseum,actual_game_venue,,United States,True,False,54700,1,True,True,True,True,
2015_REG_10_NE_NYG_20151115,2015,REG,10,2015-11-15,16:25,NE,New England Patriots,NE,NYG,New York Giants,NYG,MetLife Stadium,MetLife Stadium,MetLife Stadium,MetLife Stadium,home_team_primary_stadium,,United States,False,False,81061,1,True,True,True,True,
2015_REG_10_NO_WSH_20151115,2015,REG,10,2015-11-15,13:00,NO,New Orleans Saints,NO,WSH,Washington Commanders,WAS,Northwest Stadium,FedExField,Northwest Stadium,Northwest Stadium,home_team_primary_stadium,,United States,False,False,75086,1,True,True,True,True,
2015_REG_10_HOU_CIN_20151116,2015,REG,10,2015-11-16,20:30,HOU,Houston Texans,HOU,CIN,Cincinnati Bengals,CIN,Paycor Stadium,Paul Brown Stadium,Paycor Stadium,Paycor Stadium,home_team_primary_stadium,,United States,False,False,61381,1,True,True,True,True,
2015_REG_11_TEN_JAX_20151119,2015,REG,11,2015-11-19,20:25,TEN,Tennessee Titans,TEN,JAX,Jacksonville Jaguars,JAX,EverBank Stadium,EverBank Field,EverBank Stadium,EverBank Stadium,home_team_primary_stadium,,United States,False,False,60121,1,True,True,True,True,
2015_REG_11_CIN_ARI_20151122,2015,REG,11,2015-11-22,20:30,CIN,Cincinnati Bengals,CIN,ARI,Arizona Cardinals,ARI,State Farm Stadium,University of Phoenix Stadium,State Farm Stadium,State Farm Stadium,home_team_primary_stadium,,United States,False,False,64745,1,True,True,True,True,
2015_REG_11_DAL_MIA_20151122,2015,REG,11,2015-11-22,13:00,DAL,Dallas Cowboys,DAL,MIA,Miami Dolphins,MIA,Hard Rock Stadium,Sun Life Stadium,Hard Rock Stadium,Hard Rock Stadium,home_team_primary_stadium,,United States,False,False,65115,1,True,True,True,True,
2015_REG_11_DEN_CHI_20151122,2015,REG,11,2015-11-22,13:00,DEN,Denver Broncos,DEN,CHI,Chicago Bears,CHI,Soldier Field,Soldier Field,Soldier Field,Soldier Field,home_team_primary_stadium,,United States,False,False,62483,1,True,True,True,True,
2015_REG_11_GB_MIN_20151122,2015,REG,11,2015-11-22,16:25,GB,Green Bay Packers,GB,MIN,Minnesota Vikings,MIN,TCF Bank Stadium,TCF Bank Stadium,U.S. Bank Stadium,TCF Bank Stadium,actual_game_venue,,United States,True,False,52529,1,True,True,True,True,
2015_REG_11_IND_ATL_20151122,2015,REG,11,2015-11-22,13:00,IND,Indianapolis Colts,IND,ATL,Atlanta Falcons,ATL,Georgia Dome,Georgia Dome,Mercedes-Benz Stadium,Georgia Dome,actual_game_venue,,United States,True,False,70433,1,True,True,True,True,
2015_REG_11_KC_LAC_20151122,2015,REG,11,2015-11-22,16:05,KC,Kansas City Chiefs,KC,LAC,Los Angeles Chargers,SD,Qualcomm Stadium,Qualcomm Stadium,SoFi Stadium,Qualcomm Stadium,actual_game_venue,,United States,True,False,65837,1,True,True,True,True,
2015_REG_11_LAR_BAL_20151122,2015,REG,11,2015-11-22,13:00,LAR,Los Angeles Rams,STL,BAL,Baltimore Ravens,BAL,M&T Bank Stadium,M&T Bank Stadium,M&T Bank Stadium,M&T Bank Stadium,home_team_primary_stadium,,United States,False,False,71105,1,True,True,True,True,
2015_REG_11_LV_DET_20151122,2015,REG,11,2015-11-22,13:00,LV,Las Vegas Raiders,OAK,DET,Detroit Lions,DET,Ford Field,Ford Field,Ford Field,Ford Field,home_team_primary_stadium,,United States,False,False,60202,1,True,True,True,True,
2015_REG_11_NYJ_HOU_20151122,2015,REG,11,2015-11-22,13:00,NYJ,New York Jets,NYJ,HOU,Houston Texans,HOU,NRG Stadium,NRG Stadium,NRG Stadium,NRG Stadium,home_team_primary_stadium,,United States,False,False,71718,1,True,True,True,True,
2015_REG_11_SF_SEA_20151122,2015,REG,11,2015-11-22,16:25,SF,San Francisco 49ers,SF,SEA,Seattle Seahawks,SEA,Lumen Field,CenturyLink Field,Lumen Field,Lumen Field,home_team_primary_stadium,,United States,False,False,68993,1,True,True,True,True,
2015_REG_11_TB_PHI_20151122,2015,REG,11,2015-11-22,13:00,TB,Tampa Bay Buccaneers,TB,PHI,Philadelphia Eagles,PHI,Lincoln Financial Field,Lincoln Financial Field,Lincoln Financial Field,Lincoln Financial Field,home_team_primary_stadium,,United States,False,False,69596,1,True,True,True,True,
2015_REG_11_WSH_CAR_20151122,2015,REG,11,2015-11-22,13:00,WSH,Washington Commanders,WAS,CAR,Carolina Panthers,CAR,Bank of America Stadium,Bank of America Stadium,Bank of America Stadium,Bank of America Stadium,home_team_primary_stadium,,United States,False,False,74418,1,True,True,True,True,
2015_REG_11_BUF_NE_20151123,2015,REG,11,2015-11-23,20:30,BUF,Buffalo Bills,BUF,NE,New England Patriots,NE,Gillette Stadium,Gillette Stadium,Gillette Stadium,Gillette Stadium,home_team_primary_stadium,,United States,False,False,66829,1,True,True,True,True,
2015_REG_12_CAR_DAL_20151126,2015,REG,12,2015-11-26,16:30,CAR,Carolina Panthers,CAR,DAL,Dallas Cowboys,DAL,AT&T Stadium,AT&T Stadium,AT&T Stadium,AT&T Stadium,home_team_primary_stadium,,United States,False,False,90909,1,True,True,True,True,
2015_REG_12_CHI_GB_20151126,2015,REG,12,2015-11-26,20:30,CHI,Chicago Bears,CHI,GB,Green Bay Packers,GB,Lambeau Field,Lambeau Field,Lambeau Field,Lambeau Field,home_team_primary_stadium,,United States,False,False,78488,1,True,True,True,True,
2015_REG_12_PHI_DET_20151126,2015,REG,12,2015-11-26,12:30,PHI,Philadelphia Eagles,PHI,DET,Detroit Lions,DET,Ford Field,Ford Field,Ford Field,Ford Field,home_team_primary_stadium,,United States,False,False,64445,1,True,True,True,True,
2015_REG_12_ARI_SF_20151129,2015,REG,12,2015-11-29,16:05,ARI,Arizona Cardinals,ARI,SF,San Francisco 49ers,SF,Levi's Stadium,Levi's Stadium,Levi's Stadium,Levi's Stadium,home_team_primary_stadium,,United States,False,False,70799,1,True,True,True,True,
2015_REG_12_BUF_KC_20151129,2015,REG,12,2015-11-29,13:00,BUF,Buffalo Bills,BUF,KC,Kansas City Chiefs,KC,Arrowhead Stadium,Arrowhead Stadium,Arrowhead Stadium,Arrowhead Stadium,home_team_primary_stadium,,United States,False,False,72493,1,True,True,True,True,
2015_REG_12_LAC_JAX_20151129,2015,REG,12,2015-11-29,13:00,LAC,Los Angeles Chargers,SD,JAX,Jacksonville Jaguars,JAX,EverBank Stadium,EverBank Field,EverBank Stadium,EverBank Stadium,home_team_primary_stadium,,United States,False,False,59477,1,True,True,True,True,
2015_REG_12_LAR_CIN_20151129,2015,REG,12,2015-11-29,13:00,LAR,Los Angeles Rams,STL,CIN,Cincinnati Bengals,CIN,Paycor Stadium,Paul Brown Stadium,Paycor Stadium,Paycor Stadium,home_team_primary_stadium,,United States,False,False,61022,1,True,True,True,True,
2015_REG_12_LV_TEN_20151129,2015,REG,12,2015-11-29,13:00,LV,Las Vegas Raiders,OAK,TEN,Tennessee Titans,TEN,Nissan Stadium,Nissan Stadium,Nissan Stadium,Nissan Stadium,home_team_primary_stadium,,United States,False,False,58075,1,True,True,True,True,
2015_REG_12_MIA_NYJ_20151129,2015,REG,12,2015-11-29,13:00,MIA,Miami Dolphins,MIA,NYJ,New York Jets,NYJ,MetLife Stadium,MetLife Stadium,MetLife Stadium,MetLife Stadium,home_team_primary_stadium,,United States,False,False,78160,1,True,True,True,True,
2015_REG_12_MIN_ATL_20151129,2015,REG,12,2015-11-29,13:00,MIN,Minnesota Vikings,MIN,ATL,Atlanta Falcons,ATL,Georgia Dome,Georgia Dome,Mercedes-Benz Stadium,Georgia Dome,actual_game_venue,,United States,True,False,70610,1,True,True,True,True,
2015_REG_12_NE_DEN_20151129,2015,REG,12,2015-11-29,20:30,NE,New England Patriots,NE,DEN,Denver Broncos,DEN,Empower Field at Mile High,Sports Authority Field at Mile High,Empower Field at Mile High,Empower Field at Mile High,home_team_primary_stadium,,United States,False,False,76970,1,True,True,True,True,
2015_REG_12_NO_HOU_20151129,2015,REG,12,2015-11-29,13:00,NO,New Orleans Saints,NO,HOU,Houston Texans,HOU,NRG Stadium,NRG Stadium,NRG Stadium,NRG Stadium,home_team_primary_stadium,,United States,False,False,71778,1,True,True,True,True,
2015_REG_12_NYG_WSH_20151129,2015,REG,12,2015-11-29,13:00,NYG,New York Giants,NYG,WSH,Washington Commanders,WAS,Northwest Stadium,FedExField,Northwest Stadium,Northwest Stadium,home_team_primary_stadium,,United States,False,False,77367,1,True,True,True,True,
2015_REG_12_PIT_SEA_20151129,2015,REG,12,2015-11-29,16:25,PIT,Pittsburgh Steelers,PIT,SEA,Seattle Seahawks,SEA,Lumen Field,CenturyLink Field,Lumen Field,Lumen Field,home_team_primary_stadium,,United States,False,False,69055,1,True,True,True,True,
2015_REG_12_TB_IND_20151129,2015,REG,12,2015-11-29,13:00,TB,Tampa Bay Buccaneers,TB,IND,Indianapolis Colts,IND,Lucas Oil Stadium,Lucas Oil Stadium,Lucas Oil Stadium,Lucas Oil Stadium,home_team_primary_stadium,,United States,False,False,65696,1,True,True,True,True,
2015_REG_12_BAL_CLE_20151130,2015,REG,12,2015-11-30,20:30,BAL,Baltimore Ravens,BAL,CLE,Cleveland Browns,CLE,Huntington Bank Field,FirstEnergy Stadium,Huntington Bank Field,Huntington Bank Field,home_team_primary_stadium,,United States,False,False,64380,1,True,True,True,True,
2015_REG_13_GB_DET_20151203,2015,REG,13,2015-12-03,20:25,GB,Green Bay Packers,GB,DET,Detroit Lions,DET,Ford Field,Ford Field,Ford Field,Ford Field,home_team_primary_stadium,,United States,False,False,63207,1,True,True,True,True,
2015_REG_13_ARI_LAR_20151206,2015,REG,13,2015-12-06,13:00,ARI,Arizona Cardinals,ARI,LAR,Los Angeles Rams,STL,Edward Jones Dome,Edward Jones Dome,SoFi Stadium,Edward Jones Dome,actual_game_venue,,United States,True,False,51115,1,True,True,True,True,
2015_REG_13_ATL_TB_20151206,2015,REG,13,2015-12-06,13:00,ATL,Atlanta Falcons,ATL,TB,Tampa Bay Buccaneers,TB,Raymond James Stadium,Raymond James Stadium,Raymond James Stadium,Raymond James Stadium,home_team_primary_stadium,,United States,False,False,58221,1,True,True,True,True,
2015_REG_13_BAL_MIA_20151206,2015,REG,13,2015-12-06,13:00,BAL,Baltimore Ravens,BAL,MIA,Miami Dolphins,MIA,Hard Rock Stadium,Sun Life Stadium,Hard Rock Stadium,Hard Rock Stadium,home_team_primary_stadium,,United States,False,False,64519,1,True,True,True,True,
2015_REG_13_CAR_NO_20151206,2015,REG,13,2015-12-06,16:25,CAR,Carolina Panthers,CAR,NO,New Orleans Saints,NO,Caesars Superdome,Mercedes-Benz Superdome,Caesars Superdome,Caesars Superdome,home_team_primary_stadium,,United States,False,False,73097,1,True,True,True,True,
2015_REG_13_CIN_CLE_20151206,2015,REG,13,2015-12-06,13:00,CIN,Cincinnati Bengals,CIN,CLE,Cleveland Browns,CLE,Huntington Bank Field,FirstEnergy Stadium,Huntington Bank Field,Huntington Bank Field,home_team_primary_stadium,,United States,False,False,64775,1,True,True,True,True,
2015_REG_13_DEN_LAC_20151206,2015,REG,13,2015-12-06,16:05,DEN,Denver Broncos,DEN,LAC,Los Angeles Chargers,SD,Qualcomm Stadium,Qualcomm Stadium,SoFi Stadium,Qualcomm Stadium,actual_game_venue,,United States,True,False,68631,1,True,True,True,True,
2015_REG_13_HOU_BUF_20151206,2015,REG,13,2015-12-06,13:00,HOU,Houston Texans,HOU,BUF,Buffalo Bills,BUF,Highmark Stadium,Ralph Wilson Stadium,Highmark Stadium,Highmark Stadium,home_team_primary_stadium,,United States,False,False,68544,1,True,True,True,True,
2015_REG_13_IND_PIT_20151206,2015,REG,13,2015-12-06,20:30,IND,Indianapolis Colts,IND,PIT,Pittsburgh Steelers,PIT,Acrisure Stadium,Heinz Field,Acrisure Stadium,Acrisure Stadium,home_team_primary_stadium,,United States,False,False,58701,1,True,True,True,True,
2015_REG_13_JAX_TEN_20151206,2015,REG,13,2015-12-06,13:00,JAX,Jacksonville Jaguars,JAX,TEN,Tennessee Titans,TEN,Nissan Stadium,Nissan Stadium,Nissan Stadium,Nissan Stadium,home_team_primary_stadium,,United States,False,False,57355,1,True,True,True,True,
2015_REG_13_KC_LV_20151206,2015,REG,13,2015-12-06,16:05,KC,Kansas City Chiefs,KC,LV,Las Vegas Raiders,OAK,O.co Coliseum,O.co Coliseum,Allegiant Stadium,O.co Coliseum,actual_game_venue,,United States,True,False,55010,1,True,True,True,True,
2015_REG_13_NYJ_NYG_20151206,2015,REG,13,2015-12-06,13:00,NYJ,New York Jets,NYJ,NYG,New York Giants,NYG,MetLife Stadium,MetLife Stadium,MetLife Stadium,MetLife Stadium,home_team_primary_stadium,,United States,False,False,80898,1,True,True,True,True,
2015_REG_13_PHI_NE_20151206,2015,REG,13,2015-12-06,16:25,PHI,Philadelphia Eagles,PHI,NE,New England Patriots,NE,Gillette Stadium,Gillette Stadium,Gillette Stadium,Gillette Stadium,home_team_primary_stadium,,United States,False,False,66829,1,True,True,True,True,
2015_REG_13_SEA_MIN_20151206,2015,REG,13,2015-12-06,13:00,SEA,Seattle Seahawks,SEA,MIN,Minnesota Vikings,MIN,TCF Bank Stadium,TCF Bank Stadium,U.S. Bank Stadium,TCF Bank Stadium,actual_game_venue,,United States,True,False,52430,1,True,True,True,True,
2015_REG_13_SF_CHI_20151206,2015,REG,13,2015-12-06,13:00,SF,San Francisco 49ers,SF,CHI,Chicago Bears,CHI,Soldier Field,Soldier Field,Soldier Field,Soldier Field,home_team_primary_stadium,,United States,False,False,62088,1,True,True,True,True,
2015_REG_13_DAL_WSH_20151207,2015,REG,13,2015-12-07,20:30,DAL,Dallas Cowboys,DAL,WSH,Washington Commanders,WAS,Northwest Stadium,FedExField,Northwest Stadium,Northwest Stadium,home_team_primary_stadium,,United States,False,False,80444,1,True,True,True,True,
2015_REG_14_MIN_ARI_20151210,2015,REG,14,2015-12-10,20:25,MIN,Minnesota Vikings,MIN,ARI,Arizona Cardinals,ARI,State Farm Stadium,University of Phoenix Stadium,State Farm Stadium,State Farm Stadium,home_team_primary_stadium,,United States,False,False,64784,1,True,True,True,True,
2015_REG_14_ATL_CAR_20151213,2015,REG,14,2015-12-13,13:00,ATL,Atlanta Falcons,ATL,CAR,Carolina Panthers,CAR,Bank of America Stadium,Bank of America Stadium,Bank of America Stadium,Bank of America Stadium,home_team_primary_stadium,,United States,False,False,74420,1,True,True,True,True,
2015_REG_14_BUF_PHI_20151213,2015,REG,14,2015-12-13,13:00,BUF,Buffalo Bills,BUF,PHI,Philadelphia Eagles,PHI,Lincoln Financial Field,Lincoln Financial Field,Lincoln Financial Field,Lincoln Financial Field,home_team_primary_stadium,,United States,False,False,69596,1,True,True,True,True,
2015_REG_14_DAL_GB_20151213,2015,REG,14,2015-12-13,16:25,DAL,Dallas Cowboys,DAL,GB,Green Bay Packers,GB,Lambeau Field,Lambeau Field,Lambeau Field,Lambeau Field,home_team_primary_stadium,,United States,False,False,78369,1,True,True,True,True,
2015_REG_14_DET_LAR_20151213,2015,REG,14,2015-12-13,13:00,DET,Detroit Lions,DET,LAR,Los Angeles Rams,STL,Edward Jones Dome,Edward Jones Dome,SoFi Stadium,Edward Jones Dome,actual_game_venue,,United States,True,False,51202,1,True,True,True,True,
2015_REG_14_IND_JAX_20151213,2015,REG,14,2015-12-13,13:00,IND,Indianapolis Colts,IND,JAX,Jacksonville Jaguars,JAX,EverBank Stadium,EverBank Field,EverBank Stadium,EverBank Stadium,home_team_primary_stadium,,United States,False,False,62372,1,True,True,True,True,
2015_REG_14_LAC_KC_20151213,2015,REG,14,2015-12-13,13:00,LAC,Los Angeles Chargers,SD,KC,Kansas City Chiefs,KC,Arrowhead Stadium,Arrowhead Stadium,Arrowhead Stadium,Arrowhead Stadium,home_team_primary_stadium,,United States,False,False,72314,1,True,True,True,True,
2015_REG_14_LV_DEN_20151213,2015,REG,14,2015-12-13,16:05,LV,Las Vegas Raiders,OAK,DEN,Denver Broncos,DEN,Empower Field at Mile High,Sports Authority Field at Mile High,Empower Field at Mile High,Empower Field at Mile High,home_team_primary_stadium,,United States,False,False,76824,1,True,True,True,True,
2015_REG_14_NE_HOU_20151213,2015,REG,14,2015-12-13,20:30,NE,New England Patriots,NE,HOU,Houston Texans,HOU,NRG Stadium,NRG Stadium,NRG Stadium,NRG Stadium,home_team_primary_stadium,,United States,False,False,71908,1,True,True,True,True,
2015_REG_14_NO_TB_20151213,2015,REG,14,2015-12-13,13:00,NO,New Orleans Saints,NO,TB,Tampa Bay Buccaneers,TB,Raymond James Stadium,Raymond James Stadium,Raymond James Stadium,Raymond James Stadium,home_team_primary_stadium,,United States,False,False,62138,1,True,True,True,True,
2015_REG_14_PIT_CIN_20151213,2015,REG,14,2015-12-13,13:00,PIT,Pittsburgh Steelers,PIT,CIN,Cincinnati Bengals,CIN,Paycor Stadium,Paul Brown Stadium,Paycor Stadium,Paycor Stadium,home_team_primary_stadium,,United States,False,False,65564,1,True,True,True,True,
2015_REG_14_SEA_BAL_20151213,2015,REG,14,2015-12-13,13:00,SEA,Seattle Seahawks,SEA,BAL,Baltimore Ravens,BAL,M&T Bank Stadium,M&T Bank Stadium,M&T Bank Stadium,M&T Bank Stadium,home_team_primary_stadium,,United States,False,False,71179,1,True,True,True,True,
2015_REG_14_SF_CLE_20151213,2015,REG,14,2015-12-13,13:00,SF,San Francisco 49ers,SF,CLE,Cleveland Browns,CLE,Huntington Bank Field,FirstEnergy Stadium,Huntington Bank Field,Huntington Bank Field,home_team_primary_stadium,,United States,False,False,63916,1,True,True,True,True,
2015_REG_14_TEN_NYJ_20151213,2015,REG,14,2015-12-13,13:00,TEN,Tennessee Titans,TEN,NYJ,New York Jets,NYJ,MetLife Stadium,MetLife Stadium,MetLife Stadium,MetLife Stadium,home_team_primary_stadium,,United States,False,False,78160,1,True,True,True,True,
2015_REG_14_WSH_CHI_20151213,2015,REG,14,2015-12-13,13:00,WSH,Washington Commanders,WAS,CHI,Chicago Bears,CHI,Soldier Field,Soldier Field,Soldier Field,Soldier Field,home_team_primary_stadium,,United States,False,False,61026,1,True,True,True,True,
2015_REG_14_NYG_MIA_20151214,2015,REG,14,2015-12-14,20:30,NYG,New York Giants,NYG,MIA,Miami Dolphins,MIA,Hard Rock Stadium,Sun Life Stadium,Hard Rock Stadium,Hard Rock Stadium,home_team_primary_stadium,,United States,False,False,65408,1,True,True,True,True,
2015_REG_15_TB_LAR_20151217,2015,REG,15,2015-12-17,20:25,TB,Tampa Bay Buccaneers,TB,LAR,Los Angeles Rams,STL,Edward Jones Dome,Edward Jones Dome,SoFi Stadium,Edward Jones Dome,actual_game_venue,,United States,True,False,51295,1,True,True,True,True,
2015_REG_15_NYJ_DAL_20151219,2015,REG,15,2015-12-19,20:25,NYJ,New York Jets,NYJ,DAL,Dallas Cowboys,DAL,AT&T Stadium,AT&T Stadium,AT&T Stadium,AT&T Stadium,home_team_primary_stadium,,United States,False,False,90345,1,True,True,True,True,
2015_REG_15_ARI_PHI_20151220,2015,REG,15,2015-12-20,20:30,ARI,Arizona Cardinals,ARI,PHI,Philadelphia Eagles,PHI,Lincoln Financial Field,Lincoln Financial Field,Lincoln Financial Field,Lincoln Financial Field,home_team_primary_stadium,,United States,False,False,69596,1,True,True,True,True,
2015_REG_15_ATL_JAX_20151220,2015,REG,15,2015-12-20,13:00,ATL,Atlanta Falcons,ATL,JAX,Jacksonville Jaguars,JAX,EverBank Stadium,EverBank Field,EverBank Stadium,EverBank Stadium,home_team_primary_stadium,,United States,False,False,64016,1,True,True,True,True,
2015_REG_15_BUF_WSH_20151220,2015,REG,15,2015-12-20,13:00,BUF,Buffalo Bills,BUF,WSH,Washington Commanders,WAS,Northwest Stadium,FedExField,Northwest Stadium,Northwest Stadium,home_team_primary_stadium,,United States,False,False,80124,1,True,True,True,True,
2015_REG_15_CAR_NYG_20151220,2015,REG,15,2015-12-20,13:00,CAR,Carolina Panthers,CAR,NYG,New York Giants,NYG,MetLife Stadium,MetLife Stadium,MetLife Stadium,MetLife Stadium,home_team_primary_stadium,,United States,False,False,79436,1,True,True,True,True,
2015_REG_15_CHI_MIN_20151220,2015,REG,15,2015-12-20,13:00,CHI,Chicago Bears,CHI,MIN,Minnesota Vikings,MIN,TCF Bank Stadium,TCF Bank Stadium,U.S. Bank Stadium,TCF Bank Stadium,actual_game_venue,,United States,True,False,52421,1,True,True,True,True,
2015_REG_15_CIN_SF_20151220,2015,REG,15,2015-12-20,16:25,CIN,Cincinnati Bengals,CIN,SF,San Francisco 49ers,SF,Levi's Stadium,Levi's Stadium,Levi's Stadium,Levi's Stadium,home_team_primary_stadium,,United States,False,False,70799,1,True,True,True,True,
2015_REG_15_CLE_SEA_20151220,2015,REG,15,2015-12-20,16:05,CLE,Cleveland Browns,CLE,SEA,Seattle Seahawks,SEA,Lumen Field,CenturyLink Field,Lumen Field,Lumen Field,home_team_primary_stadium,,United States,False,False,69002,1,True,True,True,True,
2015_REG_15_DEN_PIT_20151220,2015,REG,15,2015-12-20,16:25,DEN,Denver Broncos,DEN,PIT,Pittsburgh Steelers,PIT,Acrisure Stadium,Heinz Field,Acrisure Stadium,Acrisure Stadium,home_team_primary_stadium,,United States,False,False,67234,1,True,True,True,True,
2015_REG_15_GB_LV_20151220,2015,REG,15,2015-12-20,16:05,GB,Green Bay Packers,GB,LV,Las Vegas Raiders,OAK,O.co Coliseum,O.co Coliseum,Allegiant Stadium,O.co Coliseum,actual_game_venue,,United States,True,False,55087,1,True,True,True,True,
2015_REG_15_HOU_IND_20151220,2015,REG,15,2015-12-20,13:00,HOU,Houston Texans,HOU,IND,Indianapolis Colts,IND,Lucas Oil Stadium,Lucas Oil Stadium,Lucas Oil Stadium,Lucas Oil Stadium,home_team_primary_stadium,,United States,False,False,66083,1,True,True,True,True,
2015_REG_15_KC_BAL_20151220,2015,REG,15,2015-12-20,13:00,KC,Kansas City Chiefs,KC,BAL,Baltimore Ravens,BAL,M&T Bank Stadium,M&T Bank Stadium,M&T Bank Stadium,M&T Bank Stadium,home_team_primary_stadium,,United States,False,False,70791,1,True,True,True,True,
2015_REG_15_MIA_LAC_20151220,2015,REG,15,2015-12-20,16:25,MIA,Miami Dolphins,MIA,LAC,Los Angeles Chargers,SD,Qualcomm Stadium,Qualcomm Stadium,SoFi Stadium,Qualcomm Stadium,actual_game_venue,,United States,True,False,66676,1,True,True,True,True,
2015_REG_15_TEN_NE_20151220,2015,REG,15,2015-12-20,13:00,TEN,Tennessee Titans,TEN,NE,New England Patriots,NE,Gillette Stadium,Gillette Stadium,Gillette Stadium,Gillette Stadium,home_team_primary_stadium,,United States,False,False,66829,1,True,True,True,True,
2015_REG_15_DET_NO_20151221,2015,REG,15,2015-12-21,20:30,DET,Detroit Lions,DET,NO,New Orleans Saints,NO,Caesars Superdome,Mercedes-Benz Superdome,Caesars Superdome,Caesars Superdome,home_team_primary_stadium,,United States,False,False,73017,1,True,True,True,True,
2015_REG_16_LAC_LV_20151224,2015,REG,16,2015-12-24,20:25,LAC,Los Angeles Chargers,SD,LV,Las Vegas Raiders,OAK,O.co Coliseum,O.co Coliseum,Allegiant Stadium,O.co Coliseum,actual_game_venue,,United States,True,False,54400,1,True,True,True,True,
2015_REG_16_WSH_PHI_20151226,2015,REG,16,2015-12-26,20:25,WSH,Washington Commanders,WAS,PHI,Philadelphia Eagles,PHI,Lincoln Financial Field,Lincoln Financial Field,Lincoln Financial Field,Lincoln Financial Field,home_team_primary_stadium,,United States,False,False,69596,1,True,True,True,True,
2015_REG_16_CAR_ATL_20151227,2015,REG,16,2015-12-27,13:00,CAR,Carolina Panthers,CAR,ATL,Atlanta Falcons,ATL,Georgia Dome,Georgia Dome,Mercedes-Benz Stadium,Georgia Dome,actual_game_venue,,United States,True,False,70981,1,True,True,True,True,
2015_REG_16_CHI_TB_20151227,2015,REG,16,2015-12-27,13:00,CHI,Chicago Bears,CHI,TB,Tampa Bay Buccaneers,TB,Raymond James Stadium,Raymond James Stadium,Raymond James Stadium,Raymond James Stadium,home_team_primary_stadium,,United States,False,False,63734,1,True,True,True,True,
2015_REG_16_CLE_KC_20151227,2015,REG,16,2015-12-27,13:00,CLE,Cleveland Browns,CLE,KC,Kansas City Chiefs,KC,Arrowhead Stadium,Arrowhead Stadium,Arrowhead Stadium,Arrowhead Stadium,home_team_primary_stadium,,United States,False,False,69115,1,True,True,True,True,
2015_REG_16_DAL_BUF_20151227,2015,REG,16,2015-12-27,13:00,DAL,Dallas Cowboys,DAL,BUF,Buffalo Bills,BUF,Highmark Stadium,Ralph Wilson Stadium,Highmark Stadium,Highmark Stadium,home_team_primary_stadium,,United States,False,False,70172,1,True,True,True,True,
2015_REG_16_GB_ARI_20151227,2015,REG,16,2015-12-27,16:25,GB,Green Bay Packers,GB,ARI,Arizona Cardinals,ARI,State Farm Stadium,University of Phoenix Stadium,State Farm Stadium,State Farm Stadium,home_team_primary_stadium,,United States,False,False,64878,1,True,True,True,True,
2015_REG_16_HOU_TEN_20151227,2015,REG,16,2015-12-27,13:00,HOU,Houston Texans,HOU,TEN,Tennessee Titans,TEN,Nissan Stadium,Nissan Stadium,Nissan Stadium,Nissan Stadium,home_team_primary_stadium,,United States,False,False,62153,1,True,True,True,True,
2015_REG_16_IND_MIA_20151227,2015,REG,16,2015-12-27,13:00,IND,Indianapolis Colts,IND,MIA,Miami Dolphins,MIA,Hard Rock Stadium,Sun Life Stadium,Hard Rock Stadium,Hard Rock Stadium,home_team_primary_stadium,,United States,False,False,65482,1,True,True,True,True,
2015_REG_16_JAX_NO_20151227,2015,REG,16,2015-12-27,16:05,JAX,Jacksonville Jaguars,JAX,NO,New Orleans Saints,NO,Caesars Superdome,Mercedes-Benz Superdome,Caesars Superdome,Caesars Superdome,home_team_primary_stadium,,United States,False,False,73064,1,True,True,True,True,
2015_REG_16_LAR_SEA_20151227,2015,REG,16,2015-12-27,16:25,LAR,Los Angeles Rams,STL,SEA,Seattle Seahawks,SEA,Lumen Field,CenturyLink Field,Lumen Field,Lumen Field,home_team_primary_stadium,,United States,False,False,69080,1,True,True,True,True,
2015_REG_16_NE_NYJ_20151227,2015,REG,16,2015-12-27,13:00,NE,New England Patriots,NE,NYJ,New York Jets,NYJ,MetLife Stadium,MetLife Stadium,MetLife Stadium,MetLife Stadium,home_team_primary_stadium,,United States,False,False,78160,1,True,True,True,True,
2015_REG_16_NYG_MIN_20151227,2015,REG,16,2015-12-27,20:30,NYG,New York Giants,NYG,MIN,Minnesota Vikings,MIN,TCF Bank Stadium,TCF Bank Stadium,U.S. Bank Stadium,TCF Bank Stadium,actual_game_venue,,United States,True,False,52455,1,True,True,True,True,
2015_REG_16_PIT_BAL_20151227,2015,REG,16,2015-12-27,13:00,PIT,Pittsburgh Steelers,PIT,BAL,Baltimore Ravens,BAL,M&T Bank Stadium,M&T Bank Stadium,M&T Bank Stadium,M&T Bank Stadium,home_team_primary_stadium,,United States,False,False,71261,1,True,True,True,True,
2015_REG_16_SF_DET_20151227,2015,REG,16,2015-12-27,13:00,SF,San Francisco 49ers,SF,DET,Detroit Lions,DET,Ford Field,Ford Field,Ford Field,Ford Field,home_team_primary_stadium,,United States,False,False,61313,1,True,True,True,True,
2015_REG_16_CIN_DEN_20151228,2015,REG,16,2015-12-28,20:30,CIN,Cincinnati Bengals,CIN,DEN,Denver Broncos,DEN,Empower Field at Mile High,Sports Authority Field at Mile High,Empower Field at Mile High,Empower Field at Mile High,home_team_primary_stadium,,United States,False,False,76868,1,True,True,True,True,
2015_REG_17_BAL_CIN_20160103,2015,REG,17,2016-01-03,13:00,BAL,Baltimore Ravens,BAL,CIN,Cincinnati Bengals,CIN,Paycor Stadium,Paul Brown Stadium,Paycor Stadium,Paycor Stadium,home_team_primary_stadium,,United States,False,False,57254,1,True,True,True,True,
2015_REG_17_DET_CHI_20160103,2015,REG,17,2016-01-03,13:00,DET,Detroit Lions,DET,CHI,Chicago Bears,CHI,Soldier Field,Soldier Field,Soldier Field,Soldier Field,home_team_primary_stadium,,United States,False,False,61177,1,True,True,True,True,
2015_REG_17_JAX_HOU_20160103,2015,REG,17,2016-01-03,13:00,JAX,Jacksonville Jaguars,JAX,HOU,Houston Texans,HOU,NRG Stadium,NRG Stadium,NRG Stadium,NRG Stadium,home_team_primary_stadium,,United States,False,False,71899,1,True,True,True,True,
2015_REG_17_LAC_DEN_20160103,2015,REG,17,2016-01-03,16:25,LAC,Los Angeles Chargers,SD,DEN,Denver Broncos,DEN,Empower Field at Mile High,Sports Authority Field at Mile High,Empower Field at Mile High,Empower Field at Mile High,home_team_primary_stadium,,United States,False,False,76844,1,True,True,True,True,
2015_REG_17_LAR_SF_20160103,2015,REG,17,2016-01-03,16:25,LAR,Los Angeles Rams,STL,SF,San Francisco 49ers,SF,Levi's Stadium,Levi's Stadium,Levi's Stadium,Levi's Stadium,home_team_primary_stadium,,United States,False,False,70799,1,True,True,True,True,
2015_REG_17_LV_KC_20160103,2015,REG,17,2016-01-03,16:25,LV,Las Vegas Raiders,OAK,KC,Kansas City Chiefs,KC,Arrowhead Stadium,Arrowhead Stadium,Arrowhead Stadium,Arrowhead Stadium,home_team_primary_stadium,,United States,False,False,76114,1,True,True,True,True,
2015_REG_17_MIN_GB_20160103,2015,REG,17,2016-01-03,20:30,MIN,Minnesota Vikings,MIN,GB,Green Bay Packers,GB,Lambeau Field,Lambeau Field,Lambeau Field,Lambeau Field,home_team_primary_stadium,,United States,False,False,78412,1,True,True,True,True,
2015_REG_17_NE_MIA_20160103,2015,REG,17,2016-01-03,13:00,NE,New England Patriots,NE,MIA,Miami Dolphins,MIA,Hard Rock Stadium,Sun Life Stadium,Hard Rock Stadium,Hard Rock Stadium,home_team_primary_stadium,,United States,False,False,62918,1,True,True,True,True,
2015_REG_17_NO_ATL_20160103,2015,REG,17,2016-01-03,13:00,NO,New Orleans Saints,NO,ATL,Atlanta Falcons,ATL,Georgia Dome,Georgia Dome,Mercedes-Benz Stadium,Georgia Dome,actual_game_venue,,United States,True,False,69699,1,True,True,True,True,
2015_REG_17_NYJ_BUF_20160103,2015,REG,17,2016-01-03,13:00,NYJ,New York Jets,NYJ,BUF,Buffalo Bills,BUF,Highmark Stadium,Ralph Wilson Stadium,Highmark Stadium,Highmark Stadium,home_team_primary_stadium,,United States,False,False,68670,1,True,True,True,True,
2015_REG_17_PHI_NYG_20160103,2015,REG,17,2016-01-03,13:00,PHI,Philadelphia Eagles,PHI,NYG,New York Giants,NYG,MetLife Stadium,MetLife Stadium,MetLife Stadium,MetLife Stadium,home_team_primary_stadium,,United States,False,False,78023,1,True,True,True,True,
2015_REG_17_PIT_CLE_20160103,2015,REG,17,2016-01-03,13:00,PIT,Pittsburgh Steelers,PIT,CLE,Cleveland Browns,CLE,Huntington Bank Field,FirstEnergy Stadium,Huntington Bank Field,Huntington Bank Field,home_team_primary_stadium,,United States,False,False,66693,1,True,True,True,True,
2015_REG_17_SEA_ARI_20160103,2015,REG,17,2016-01-03,16:25,SEA,Seattle Seahawks,SEA,ARI,Arizona Cardinals,ARI,State Farm Stadium,University of Phoenix Stadium,State Farm Stadium,State Farm Stadium,home_team_primary_stadium,,United States,False,False,64646,1,True,True,True,True,
2015_REG_17_TB_CAR_20160103,2015,REG,17,2016-01-03,16:25,TB,Tampa Bay Buccaneers,TB,CAR,Carolina Panthers,CAR,Bank of America Stadium,Bank of America Stadium,Bank of America Stadium,Bank of America Stadium,home_team_primary_stadium,,United States,False,False,74169,1,True,True,True,True,
2015_REG_17_TEN_IND_20160103,2015,REG,17,2016-01-03,13:00,TEN,Tennessee Titans,TEN,IND,Indianapolis Colts,IND,Lucas Oil Stadium,Lucas Oil Stadium,Lucas Oil Stadium,Lucas Oil Stadium,home_team_primary_stadium,,United States,False,False,65733,1,True,True,True,True,
2015_REG_17_WSH_DAL_20160103,2015,REG,17,2016-01-03,13:00,WSH,Washington Commanders,WAS,DAL,Dallas Cowboys,DAL,AT&T Stadium,AT&T Stadium,AT&T Stadium,AT&T Stadium,home_team_primary_stadium,,United States,False,False,90127,1,True,True,True,True,
2015_POST_18_KC_HOU_20160109,2015,POST,18,2016-01-09,16:35,KC,Kansas City Chiefs,KC,HOU,Houston Texans,HOU,NRG Stadium,NRG Stadium,NRG Stadium,NRG Stadium,home_team_primary_stadium,,United States,False,False,,,True,False,False,False,season_week_not_found_in_attendance
2015_POST_18_PIT_CIN_20160109,2015,POST,18,2016-01-09,20:15,PIT,Pittsburgh Steelers,PIT,CIN,Cincinnati Bengals,CIN,Paycor Stadium,Paul Brown Stadium,Paycor Stadium,Paycor Stadium,home_team_primary_stadium,,United States,False,False,,,True,False,False,False,season_week_not_found_in_attendance
2015_POST_18_GB_WSH_20160110,2015,POST,18,2016-01-10,16:40,GB,Green Bay Packers,GB,WSH,Washington Commanders,WAS,Northwest Stadium,FedExField,Northwest Stadium,Northwest Stadium,home_team_primary_stadium,,United States,False,False,,,True,False,False,False,season_week_not_found_in_attendance
2015_POST_18_SEA_MIN_20160110,2015,POST,18,2016-01-10,13:05,SEA,Seattle Seahawks,SEA,MIN,Minnesota Vikings,MIN,TCF Bank Stadium,TCF Bank Stadium,U.S. Bank Stadium,TCF Bank Stadium,actual_game_venue,,United States,True,False,,,True,False,False,False,season_week_not_found_in_attendance
2015_POST_19_GB_ARI_20160116,2015,POST,19,2016-01-16,20:15,GB,Green Bay Packers,GB,ARI,Arizona Cardinals,ARI,State Farm Stadium,University of Phoenix Stadium,State Farm Stadium,State Farm Stadium,home_team_primary_stadium,,United States,False,False,,,True,False,False,False,season_week_not_found_in_attendance
2015_POST_19_KC_NE_20160116,2015,POST,19,2016-01-16,16:35,KC,Kansas City Chiefs,KC,NE,New England Patriots,NE,Gillette Stadium,Gillette Stadium,Gillette Stadium,Gillette Stadium,home_team_primary_stadium,,United States,False,False,,,True,False,False,False,season_week_not_found_in_attendance
2015_POST_19_PIT_DEN_20160117,2015,POST,19,2016-01-17,16:40,PIT,Pittsburgh Steelers,PIT,DEN,Denver Broncos,DEN,Empower Field at Mile High,Sports Authority Field at Mile High,Empower Field at Mile High,Empower Field at Mile High,home_team_primary_stadium,,United States,False,False,,,True,False,False,False,season_week_not_found_in_attendance
2015_POST_19_SEA_CAR_20160117,2015,POST,19,2016-01-17,13:05,SEA,Seattle Seahawks,SEA,CAR,Carolina Panthers,CAR,Bank of America Stadium,Bank of America Stadium,Bank of America Stadium,Bank of America Stadium,home_team_primary_stadium,,United States,False,False,,,True,False,False,False,season_week_not_found_in_attendance
2015_CON_20_ARI_CAR_20160124,2015,CON,20,2016-01-24,18:40,ARI,Arizona Cardinals,ARI,CAR,Carolina Panthers,CAR,Bank of America Stadium,Bank of America Stadium,Bank of America Stadium,Bank of America Stadium,home_team_primary_stadium,,United States,False,False,,,True,False,False,False,season_week_not_found_in_attendance
2015_CON_20_NE_DEN_20160124,2015,CON,20,2016-01-24,15:05,NE,New England Patriots,NE,DEN,Denver Broncos,DEN,Empower Field at Mile High,Sports Authority Field at Mile High,Empower Field at Mile High,Empower Field at Mile High,home_team_primary_stadium,,United States,False,False,,,True,False,False,False,season_week_not_found_in_attendance
2015_POST_21_CAR_DEN_20160207,2015,POST,21,2016-02-07,18:30,CAR,Carolina Panthers,CAR,DEN,Denver Broncos,DEN,Levi's Stadium,Levi's Stadium,Empower Field at Mile High,Levi's Stadium,actual_game_venue,,United States,True,False,,,True,False,False,False,season_week_not_found_in_attendance
2016_REG_01_CAR_DEN_20160908,2016,REG,1,2016-09-08,20:30,CAR,Carolina Panthers,CAR,DEN,Denver Broncos,DEN,Empower Field at Mile High,Sports Authority Field at Mile High,Empower Field at Mile High,Empower Field at Mile High,home_team_primary_stadium,,United States,False,False,76843,1,True,True,True,True,
2016_REG_01_BUF_BAL_20160911,2016,REG,1,2016-09-11,13:00,BUF,Buffalo Bills,BUF,BAL,Baltimore Ravens,BAL,M&T Bank Stadium,M&T Bank Stadium,M&T Bank Stadium,M&T Bank Stadium,home_team_primary_stadium,,United States,False,False,71104,1,True,True,True,True,
2016_REG_01_CHI_HOU_20160911,2016,REG,1,2016-09-11,13:00,CHI,Chicago Bears,CHI,HOU,Houston Texans,HOU,NRG Stadium,NRG Stadium,NRG Stadium,NRG Stadium,home_team_primary_stadium,,United States,False,False,71933,1,True,True,True,True,
2016_REG_01_CIN_NYJ_20160911,2016,REG,1,2016-09-11,13:00,CIN,Cincinnati Bengals,CIN,NYJ,New York Jets,NYJ,MetLife Stadium,MetLife Stadium,MetLife Stadium,MetLife Stadium,home_team_primary_stadium,,United States,False,False,78160,1,True,True,True,True,
2016_REG_01_CLE_PHI_20160911,2016,REG,1,2016-09-11,13:00,CLE,Cleveland Browns,CLE,PHI,Philadelphia Eagles,PHI,Lincoln Financial Field,Lincoln Financial Field,Lincoln Financial Field,Lincoln Financial Field,home_team_primary_stadium,,United States,False,False,69596,1,True,True,True,True,
2016_REG_01_DET_IND_20160911,2016,REG,1,2016-09-11,16:25,DET,Detroit Lions,DET,IND,Indianapolis Colts,IND,Lucas Oil Stadium,Lucas Oil Stadium,Lucas Oil Stadium,Lucas Oil Stadium,home_team_primary_stadium,,United States,False,False,65566,1,True,True,True,True,
2016_REG_01_GB_JAX_20160911,2016,REG,1,2016-09-11,13:00,GB,Green Bay Packers,GB,JAX,Jacksonville Jaguars,JAX,EverBank Stadium,EverBank Field,EverBank Stadium,EverBank Stadium,home_team_primary_stadium,,United States,False,False,63179,1,True,True,True,True,
2016_REG_01_LAC_KC_20160911,2016,REG,1,2016-09-11,13:00,LAC,Los Angeles Chargers,SD,KC,Kansas City Chiefs,KC,Arrowhead Stadium,Arrowhead Stadium,Arrowhead Stadium,Arrowhead Stadium,home_team_primary_stadium,,United States,False,False,73238,1,True,True,True,True,
2016_REG_01_LV_NO_20160911,2016,REG,1,2016-09-11,13:00,LV,Las Vegas Raiders,OAK,NO,New Orleans Saints,NO,Caesars Superdome,Mercedes-Benz Superdome,Caesars Superdome,Caesars Superdome,home_team_primary_stadium,,United States,False,False,73028,1,True,True,True,True,
2016_REG_01_MIA_SEA_20160911,2016,REG,1,2016-09-11,16:05,MIA,Miami Dolphins,MIA,SEA,Seattle Seahawks,SEA,Lumen Field,CenturyLink Field,Lumen Field,Lumen Field,home_team_primary_stadium,,United States,False,False,69012,1,True,True,True,True,
2016_REG_01_MIN_TEN_20160911,2016,REG,1,2016-09-11,13:00,MIN,Minnesota Vikings,MIN,TEN,Tennessee Titans,TEN,Nissan Stadium,Nissan Stadium,Nissan Stadium,Nissan Stadium,home_team_primary_stadium,,United States,False,False,63816,1,True,True,True,True,
2016_REG_01_NE_ARI_20160911,2016,REG,1,2016-09-11,20:30,NE,New England Patriots,NE,ARI,Arizona Cardinals,ARI,State Farm Stadium,University of Phoenix Stadium,State Farm Stadium,State Farm Stadium,home_team_primary_stadium,,United States,False,False,64864,1,True,True,True,True,
2016_REG_01_NYG_DAL_20160911,2016,REG,1,2016-09-11,16:25,NYG,New York Giants,NYG,DAL,Dallas Cowboys,DAL,AT&T Stadium,AT&T Stadium,AT&T Stadium,AT&T Stadium,home_team_primary_stadium,,United States,False,False,92867,1,True,True,True,True,
2016_REG_01_TB_ATL_20160911,2016,REG,1,2016-09-11,13:00,TB,Tampa Bay Buccaneers,TB,ATL,Atlanta Falcons,ATL,Georgia Dome,Georgia Dome,Mercedes-Benz Stadium,Georgia Dome,actual_game_venue,,United States,True,False,69382,1,True,True,True,True,
2016_REG_01_LAR_SF_20160912,2016,REG,1,2016-09-12,22:20,LAR,Los Angeles Rams,LA,SF,San Francisco 49ers,SF,Levi's Stadium,Levi's Stadium,Levi's Stadium,Levi's Stadium,home_team_primary_stadium,,United States,False,False,70178,1,True,True,True,True,
2016_REG_01_PIT_WSH_20160912,2016,REG,1,2016-09-12,19:10,PIT,Pittsburgh Steelers,PIT,WSH,Washington Commanders,WAS,Northwest Stadium,FedExField,Northwest Stadium,Northwest Stadium,home_team_primary_stadium,,United States,False,False,79124,1,True,True,True,True,
2016_REG_02_NYJ_BUF_20160915,2016,REG,2,2016-09-15,20:25,NYJ,New York Jets,NYJ,BUF,Buffalo Bills,BUF,Highmark Stadium,New Era Field,Highmark Stadium,Highmark Stadium,home_team_primary_stadium,,United States,False,False,70256,1,True,True,True,True,
2016_REG_02_ATL_LV_20160918,2016,REG,2,2016-09-18,16:25,ATL,Atlanta Falcons,ATL,LV,Las Vegas Raiders,OAK,Oakland Coliseum,Oakland-Alameda County Coliseum,Allegiant Stadium,Oakland Coliseum,actual_game_venue,,United States,True,False,54081,1,True,True,True,True,
2016_REG_02_BAL_CLE_20160918,2016,REG,2,2016-09-18,13:00,BAL,Baltimore Ravens,BAL,CLE,Cleveland Browns,CLE,Huntington Bank Field,FirstEnergy Stadium,Huntington Bank Field,Huntington Bank Field,home_team_primary_stadium,,United States,False,False,67431,1,True,True,True,True,
2016_REG_02_CIN_PIT_20160918,2016,REG,2,2016-09-18,13:00,CIN,Cincinnati Bengals,CIN,PIT,Pittsburgh Steelers,PIT,Acrisure Stadium,Heinz Field,Acrisure Stadium,Acrisure Stadium,home_team_primary_stadium,,United States,False,False,65072,1,True,True,True,True,
2016_REG_02_DAL_WSH_20160918,2016,REG,2,2016-09-18,13:00,DAL,Dallas Cowboys,DAL,WSH,Washington Commanders,WAS,Northwest Stadium,FedExField,Northwest Stadium,Northwest Stadium,home_team_primary_stadium,,United States,False,False,80612,1,True,True,True,True,
2016_REG_02_GB_MIN_20160918,2016,REG,2,2016-09-18,20:30,GB,Green Bay Packers,GB,MIN,Minnesota Vikings,MIN,U.S. Bank Stadium,U.S. Bank Stadium,U.S. Bank Stadium,U.S. Bank Stadium,home_team_primary_stadium,,United States,False,False,66813,1,True,True,True,True,
2016_REG_02_IND_DEN_20160918,2016,REG,2,2016-09-18,16:25,IND,Indianapolis Colts,IND,DEN,Denver Broncos,DEN,Empower Field at Mile High,Sports Authority Field at Mile High,Empower Field at Mile High,Empower Field at Mile High,home_team_primary_stadium,,United States,False,False,76379,1,True,True,True,True,
2016_REG_02_JAX_LAC_20160918,2016,REG,2,2016-09-18,16:25,JAX,Jacksonville Jaguars,JAX,LAC,Los Angeles Chargers,SD,Qualcomm Stadium,Qualcomm Stadium,SoFi Stadium,Qualcomm Stadium,actual_game_venue,,United States,True,False,52165,1,True,True,True,True,
2016_REG_02_KC_HOU_20160918,2016,REG,2,2016-09-18,13:00,KC,Kansas City Chiefs,KC,HOU,Houston Texans,HOU,NRG Stadium,NRG Stadium,NRG Stadium,NRG Stadium,home_team_primary_stadium,,United States,False,False,71890,1,True,True,True,True,
2016_REG_02_MIA_NE_20160918,2016,REG,2,2016-09-18,13:00,MIA,Miami Dolphins,MIA,NE,New England Patriots,NE,Gillette Stadium,Gillette Stadium,Gillette Stadium,Gillette Stadium,home_team_primary_stadium,,United States,False,False,66829,1,True,True,True,True,
2016_REG_02_NO_NYG_20160918,2016,REG,2,2016-09-18,13:00,NO,New Orleans Saints,NO,NYG,New York Giants,NYG,MetLife Stadium,MetLife Stadium,MetLife Stadium,MetLife Stadium,home_team_primary_stadium,,United States,False,False,77727,1,True,True,True,True,
2016_REG_02_SEA_LAR_20160918,2016,REG,2,2016-09-18,16:05,SEA,Seattle Seahawks,SEA,LAR,Los Angeles Rams,LA,Los Angeles Memorial Coliseum,Los Angeles Memorial Coliseum,SoFi Stadium,Los Angeles Memorial Coliseum,actual_game_venue,,United States,True,False,91046,1,True,True,True,True,
2016_REG_02_SF_CAR_20160918,2016,REG,2,2016-09-18,13:00,SF,San Francisco 49ers,SF,CAR,Carolina Panthers,CAR,Bank of America Stadium,Bank of America Stadium,Bank of America Stadium,Bank of America Stadium,home_team_primary_stadium,,United States,False,False,74143,1,True,True,True,True,
2016_REG_02_TB_ARI_20160918,2016,REG,2,2016-09-18,13:00,TB,Tampa Bay Buccaneers,TB,ARI,Arizona Cardinals,ARI,State Farm Stadium,University of Phoenix Stadium,State Farm Stadium,State Farm Stadium,home_team_primary_stadium,,United States,False,False,64230,1,True,True,True,True,
2016_REG_02_TEN_DET_20160918,2016,REG,2,2016-09-18,13:00,TEN,Tennessee Titans,TEN,DET,Detroit Lions,DET,Ford Field,Ford Field,Ford Field,Ford Field,home_team_primary_stadium,,United States,False,False,58466,1,True,True,True,True,
2016_REG_02_PHI_CHI_20160919,2016,REG,2,2016-09-19,20:30,PHI,Philadelphia Eagles,PHI,CHI,Chicago Bears,CHI,Soldier Field,Soldier Field,Soldier Field,Soldier Field,home_team_primary_stadium,,United States,False,False,62268,1,True,True,True,True,
2016_REG_03_HOU_NE_20160922,2016,REG,3,2016-09-22,20:25,HOU,Houston Texans,HOU,NE,New England Patriots,NE,Gillette Stadium,Gillette Stadium,Gillette Stadium,Gillette Stadium,home_team_primary_stadium,,United States,False,False,66829,1,True,True,True,True,
2016_REG_03_ARI_BUF_20160925,2016,REG,3,2016-09-25,13:00,ARI,Arizona Cardinals,ARI,BUF,Buffalo Bills,BUF,Highmark Stadium,New Era Field,Highmark Stadium,Highmark Stadium,home_team_primary_stadium,,United States,False,False,68647,1,True,True,True,True,
2016_REG_03_BAL_JAX_20160925,2016,REG,3,2016-09-25,13:00,BAL,Baltimore Ravens,BAL,JAX,Jacksonville Jaguars,JAX,EverBank Stadium,EverBank Field,EverBank Stadium,EverBank Stadium,home_team_primary_stadium,,United States,False,False,60127,1,True,True,True,True,
2016_REG_03_CHI_DAL_20160925,2016,REG,3,2016-09-25,20:30,CHI,Chicago Bears,CHI,DAL,Dallas Cowboys,DAL,AT&T Stadium,AT&T Stadium,AT&T Stadium,AT&T Stadium,home_team_primary_stadium,,United States,False,False,90554,1,True,True,True,True,
2016_REG_03_CLE_MIA_20160925,2016,REG,3,2016-09-25,13:00,CLE,Cleveland Browns,CLE,MIA,Miami Dolphins,MIA,Hard Rock Stadium,Hard Rock Stadium,Hard Rock Stadium,Hard Rock Stadium,home_team_primary_stadium,,United States,False,False,65176,1,True,True,True,True,
2016_REG_03_DEN_CIN_20160925,2016,REG,3,2016-09-25,13:00,DEN,Denver Broncos,DEN,CIN,Cincinnati Bengals,CIN,Paycor Stadium,Paul Brown Stadium,Paycor Stadium,Paycor Stadium,home_team_primary_stadium,,United States,False,False,63850,1,True,True,True,True,
2016_REG_03_DET_GB_20160925,2016,REG,3,2016-09-25,13:00,DET,Detroit Lions,DET,GB,Green Bay Packers,GB,Lambeau Field,Lambeau Field,Lambeau Field,Lambeau Field,home_team_primary_stadium,,United States,False,False,78411,1,True,True,True,True,
2016_REG_03_LAC_IND_20160925,2016,REG,3,2016-09-25,16:25,LAC,Los Angeles Chargers,SD,IND,Indianapolis Colts,IND,Lucas Oil Stadium,Lucas Oil Stadium,Lucas Oil Stadium,Lucas Oil Stadium,home_team_primary_stadium,,United States,False,False,64747,1,True,True,True,True,
2016_REG_03_LAR_TB_20160925,2016,REG,3,2016-09-25,16:05,LAR,Los Angeles Rams,LA,TB,Tampa Bay Buccaneers,TB,Raymond James Stadium,Raymond James Stadium,Raymond James Stadium,Raymond James Stadium,home_team_primary_stadium,,United States,False,False,55009,1,True,True,True,True,
2016_REG_03_LV_TEN_20160925,2016,REG,3,2016-09-25,13:00,LV,Las Vegas Raiders,OAK,TEN,Tennessee Titans,TEN,Nissan Stadium,Nissan Stadium,Nissan Stadium,Nissan Stadium,home_team_primary_stadium,,United States,False,False,62370,1,True,True,True,True,
2016_REG_03_MIN_CAR_20160925,2016,REG,3,2016-09-25,13:00,MIN,Minnesota Vikings,MIN,CAR,Carolina Panthers,CAR,Bank of America Stadium,Bank of America Stadium,Bank of America Stadium,Bank of America Stadium,home_team_primary_stadium,,United States,False,False,73813,1,True,True,True,True,
2016_REG_03_NYJ_KC_20160925,2016,REG,3,2016-09-25,16:25,NYJ,New York Jets,NYJ,KC,Kansas City Chiefs,KC,Arrowhead Stadium,Arrowhead Stadium,Arrowhead Stadium,Arrowhead Stadium,home_team_primary_stadium,,United States,False,False,71587,1,True,True,True,True,
2016_REG_03_PIT_PHI_20160925,2016,REG,3,2016-09-25,16:25,PIT,Pittsburgh Steelers,PIT,PHI,Philadelphia Eagles,PHI,Lincoln Financial Field,Lincoln Financial Field,Lincoln Financial Field,Lincoln Financial Field,home_team_primary_stadium,,United States,False,False,69596,1,True,True,True,True,
2016_REG_03_SF_SEA_20160925,2016,REG,3,2016-09-25,16:05,SF,San Francisco 49ers,SF,SEA,Seattle Seahawks,SEA,Lumen Field,CenturyLink Field,Lumen Field,Lumen Field,home_team_primary_stadium,,United States,False,False,69010,1,True,True,True,True,
2016_REG_03_WSH_NYG_20160925,2016,REG,3,2016-09-25,13:00,WSH,Washington Commanders,WAS,NYG,New York Giants,NYG,MetLife Stadium,MetLife Stadium,MetLife Stadium,MetLife Stadium,home_team_primary_stadium,,United States,False,False,78368,1,True,True,True,True,
2016_REG_03_ATL_NO_20160926,2016,REG,3,2016-09-26,20:30,ATL,Atlanta Falcons,ATL,NO,New Orleans Saints,NO,Caesars Superdome,Mercedes-Benz Superdome,Caesars Superdome,Caesars Superdome,home_team_primary_stadium,,United States,False,False,73003,1,True,True,True,True,
2016_REG_04_MIA_CIN_20160929,2016,REG,4,2016-09-29,20:25,MIA,Miami Dolphins,MIA,CIN,Cincinnati Bengals,CIN,Paycor Stadium,Paul Brown Stadium,Paycor Stadium,Paycor Stadium,home_team_primary_stadium,,United States,False,False,60834,1,True,True,True,True,
2016_REG_04_BUF_NE_20161002,2016,REG,4,2016-10-02,13:00,BUF,Buffalo Bills,BUF,NE,New England Patriots,NE,Gillette Stadium,Gillette Stadium,Gillette Stadium,Gillette Stadium,home_team_primary_stadium,,United States,False,False,66829,1,True,True,True,True,
2016_REG_04_CAR_ATL_20161002,2016,REG,4,2016-10-02,13:00,CAR,Carolina Panthers,CAR,ATL,Atlanta Falcons,ATL,Georgia Dome,Georgia Dome,Mercedes-Benz Stadium,Georgia Dome,actual_game_venue,,United States,True,False,70508,1,True,True,True,True,
2016_REG_04_CLE_WSH_20161002,2016,REG,4,2016-10-02,13:00,CLE,Cleveland Browns,CLE,WSH,Washington Commanders,WAS,Northwest Stadium,FedExField,Northwest Stadium,Northwest Stadium,home_team_primary_stadium,,United States,False,False,76249,1,True,True,True,True,
2016_REG_04_DAL_SF_20161002,2016,REG,4,2016-10-02,16:25,DAL,Dallas Cowboys,DAL,SF,San Francisco 49ers,SF,Levi's Stadium,Levi's Stadium,Levi's Stadium,Levi's Stadium,home_team_primary_stadium,,United States,False,False,70178,1,True,True,True,True,
2016_REG_04_DEN_TB_20161002,2016,REG,4,2016-10-02,16:05,DEN,Denver Broncos,DEN,TB,Tampa Bay Buccaneers,TB,Raymond James Stadium,Raymond James Stadium,Raymond James Stadium,Raymond James Stadium,home_team_primary_stadium,,United States,False,False,60375,1,True,True,True,True,
2016_REG_04_DET_CHI_20161002,2016,REG,4,2016-10-02,13:00,DET,Detroit Lions,DET,CHI,Chicago Bears,CHI,Soldier Field,Soldier Field,Soldier Field,Soldier Field,home_team_primary_stadium,,United States,False,False,60841,1,True,True,True,True,
2016_REG_04_IND_JAX_20161002,2016,REG,4,2016-10-02,09:30,IND,Indianapolis Colts,IND,JAX,Jacksonville Jaguars,JAX,Wembley Stadium,Wembley Stadium,EverBank Stadium,Wembley Stadium,actual_game_venue,London,United Kingdom,True,True,83764,1,True,True,True,True,
2016_REG_04_KC_PIT_20161002,2016,REG,4,2016-10-02,20:30,KC,Kansas City Chiefs,KC,PIT,Pittsburgh Steelers,PIT,Acrisure Stadium,Heinz Field,Acrisure Stadium,Acrisure Stadium,home_team_primary_stadium,,United States,False,False,61278,1,True,True,True,True,
2016_REG_04_LAR_ARI_20161002,2016,REG,4,2016-10-02,16:25,LAR,Los Angeles Rams,LA,ARI,Arizona Cardinals,ARI,State Farm Stadium,University of Phoenix Stadium,State Farm Stadium,State Farm Stadium,home_team_primary_stadium,,United States,False,False,64622,1,True,True,True,True,
2016_REG_04_LV_BAL_20161002,2016,REG,4,2016-10-02,13:00,LV,Las Vegas Raiders,OAK,BAL,Baltimore Ravens,BAL,M&T Bank Stadium,M&T Bank Stadium,M&T Bank Stadium,M&T Bank Stadium,home_team_primary_stadium,,United States,False,False,71152,1,True,True,True,True,
2016_REG_04_NO_LAC_20161002,2016,REG,4,2016-10-02,16:25,NO,New Orleans Saints,NO,LAC,Los Angeles Chargers,SD,Qualcomm Stadium,Qualcomm Stadium,SoFi Stadium,Qualcomm Stadium,actual_game_venue,,United States,True,False,60641,1,True,True,True,True,
2016_REG_04_SEA_NYJ_20161002,2016,REG,4,2016-10-02,13:00,SEA,Seattle Seahawks,SEA,NYJ,New York Jets,NYJ,MetLife Stadium,MetLife Stadium,MetLife Stadium,MetLife Stadium,home_team_primary_stadium,,United States,False,False,78160,1,True,True,True,True,
2016_REG_04_TEN_HOU_20161002,2016,REG,4,2016-10-02,13:00,TEN,Tennessee Titans,TEN,HOU,Houston Texans,HOU,NRG Stadium,NRG Stadium,NRG Stadium,NRG Stadium,home_team_primary_stadium,,United States,False,False,71815,1,True,True,True,True,
2016_REG_04_NYG_MIN_20161003,2016,REG,4,2016-10-03,20:30,NYG,New York Giants,NYG,MIN,Minnesota Vikings,MIN,U.S. Bank Stadium,U.S. Bank Stadium,U.S. Bank Stadium,U.S. Bank Stadium,home_team_primary_stadium,,United States,False,False,66690,1,True,True,True,True,
2016_REG_05_ARI_SF_20161006,2016,REG,5,2016-10-06,20:25,ARI,Arizona Cardinals,ARI,SF,San Francisco 49ers,SF,Levi's Stadium,Levi's Stadium,Levi's Stadium,Levi's Stadium,home_team_primary_stadium,,United States,False,False,70178,1,True,True,True,True,
2016_REG_05_ATL_DEN_20161009,2016,REG,5,2016-10-09,16:05,ATL,Atlanta Falcons,ATL,DEN,Denver Broncos,DEN,Empower Field at Mile High,Sports Authority Field at Mile High,Empower Field at Mile High,Empower Field at Mile High,home_team_primary_stadium,,United States,False,False,76802,1,True,True,True,True,
2016_REG_05_BUF_LAR_20161009,2016,REG,5,2016-10-09,16:25,BUF,Buffalo Bills,BUF,LAR,Los Angeles Rams,LA,Los Angeles Memorial Coliseum,Los Angeles Memorial Coliseum,SoFi Stadium,Los Angeles Memorial Coliseum,actual_game_venue,,United States,True,False,83679,1,True,True,True,True,
2016_REG_05_CHI_IND_20161009,2016,REG,5,2016-10-09,13:00,CHI,Chicago Bears,CHI,IND,Indianapolis Colts,IND,Lucas Oil Stadium,Lucas Oil Stadium,Lucas Oil Stadium,Lucas Oil Stadium,home_team_primary_stadium,,United States,False,False,66622,1,True,True,True,True,
2016_REG_05_CIN_DAL_20161009,2016,REG,5,2016-10-09,16:25,CIN,Cincinnati Bengals,CIN,DAL,Dallas Cowboys,DAL,AT&T Stadium,AT&T Stadium,AT&T Stadium,AT&T Stadium,home_team_primary_stadium,,United States,False,False,91653,1,True,True,True,True,
2016_REG_05_HOU_MIN_20161009,2016,REG,5,2016-10-09,13:00,HOU,Houston Texans,HOU,MIN,Minnesota Vikings,MIN,U.S. Bank Stadium,U.S. Bank Stadium,U.S. Bank Stadium,U.S. Bank Stadium,home_team_primary_stadium,,United States,False,False,66683,1,True,True,True,True,
2016_REG_05_LAC_LV_20161009,2016,REG,5,2016-10-09,16:25,LAC,Los Angeles Chargers,SD,LV,Las Vegas Raiders,OAK,Oakland Coliseum,Oakland-Alameda County Coliseum,Allegiant Stadium,Oakland Coliseum,actual_game_venue,,United States,True,False,54275,1,True,True,True,True,
2016_REG_05_NE_CLE_20161009,2016,REG,5,2016-10-09,13:00,NE,New England Patriots,NE,CLE,Cleveland Browns,CLE,Huntington Bank Field,FirstEnergy Stadium,Huntington Bank Field,Huntington Bank Field,home_team_primary_stadium,,United States,False,False,67431,1,True,True,True,True,
2016_REG_05_NYG_GB_20161009,2016,REG,5,2016-10-09,20:30,NYG,New York Giants,NYG,GB,Green Bay Packers,GB,Lambeau Field,Lambeau Field,Lambeau Field,Lambeau Field,home_team_primary_stadium,,United States,False,False,78401,1,True,True,True,True,
2016_REG_05_NYJ_PIT_20161009,2016,REG,5,2016-10-09,13:00,NYJ,New York Jets,NYJ,PIT,Pittsburgh Steelers,PIT,Acrisure Stadium,Heinz Field,Acrisure Stadium,Acrisure Stadium,home_team_primary_stadium,,United States,False,False,66385,1,True,True,True,True,
2016_REG_05_PHI_DET_20161009,2016,REG,5,2016-10-09,13:00,PHI,Philadelphia Eagles,PHI,DET,Detroit Lions,DET,Ford Field,Ford Field,Ford Field,Ford Field,home_team_primary_stadium,,United States,False,False,58047,1,True,True,True,True,
2016_REG_05_TEN_MIA_20161009,2016,REG,5,2016-10-09,13:00,TEN,Tennessee Titans,TEN,MIA,Miami Dolphins,MIA,Hard Rock Stadium,Hard Rock Stadium,Hard Rock Stadium,Hard Rock Stadium,home_team_primary_stadium,,United States,False,False,64425,1,True,True,True,True,
2016_REG_05_WSH_BAL_20161009,2016,REG,5,2016-10-09,13:00,WSH,Washington Commanders,WAS,BAL,Baltimore Ravens,BAL,M&T Bank Stadium,M&T Bank Stadium,M&T Bank Stadium,M&T Bank Stadium,home_team_primary_stadium,,United States,False,False,71318,1,True,True,True,True,
2016_REG_05_TB_CAR_20161010,2016,REG,5,2016-10-10,20:30,TB,Tampa Bay Buccaneers,TB,CAR,Carolina Panthers,CAR,Bank of America Stadium,Bank of America Stadium,Bank of America Stadium,Bank of America Stadium,home_team_primary_stadium,,United States,False,False,73425,1,True,True,True,True,
2016_REG_06_DEN_LAC_20161013,2016,REG,6,2016-10-13,20:25,DEN,Denver Broncos,DEN,LAC,Los Angeles Chargers,SD,Qualcomm Stadium,Qualcomm Stadium,SoFi Stadium,Qualcomm Stadium,actual_game_venue,,United States,True,False,58904,1,True,True,True,True,
2016_REG_06_ATL_SEA_20161016,2016,REG,6,2016-10-16,16:25,ATL,Atlanta Falcons,ATL,SEA,Seattle Seahawks,SEA,Lumen Field,CenturyLink Field,Lumen Field,Lumen Field,home_team_primary_stadium,,United States,False,False,69071,1,True,True,True,True,
2016_REG_06_BAL_NYG_20161016,2016,REG,6,2016-10-16,13:00,BAL,Baltimore Ravens,BAL,NYG,New York Giants,NYG,MetLife Stadium,MetLife Stadium,MetLife Stadium,MetLife Stadium,home_team_primary_stadium,,United States,False,False,78487,1,True,True,True,True,
2016_REG_06_CAR_NO_20161016,2016,REG,6,2016-10-16,13:00,CAR,Carolina Panthers,CAR,NO,New Orleans Saints,NO,Caesars Superdome,Mercedes-Benz Superdome,Caesars Superdome,Caesars Superdome,home_team_primary_stadium,,United States,False,False,73138,1,True,True,True,True,
2016_REG_06_CIN_NE_20161016,2016,REG,6,2016-10-16,13:00,CIN,Cincinnati Bengals,CIN,NE,New England Patriots,NE,Gillette Stadium,Gillette Stadium,Gillette Stadium,Gillette Stadium,home_team_primary_stadium,,United States,False,False,66829,1,True,True,True,True,
2016_REG_06_CLE_TEN_20161016,2016,REG,6,2016-10-16,13:00,CLE,Cleveland Browns,CLE,TEN,Tennessee Titans,TEN,Nissan Stadium,Nissan Stadium,Nissan Stadium,Nissan Stadium,home_team_primary_stadium,,United States,False,False,60897,1,True,True,True,True,
2016_REG_06_DAL_GB_20161016,2016,REG,6,2016-10-16,16:25,DAL,Dallas Cowboys,DAL,GB,Green Bay Packers,GB,Lambeau Field,Lambeau Field,Lambeau Field,Lambeau Field,home_team_primary_stadium,,United States,False,False,78481,1,True,True,True,True,
2016_REG_06_IND_HOU_20161016,2016,REG,6,2016-10-16,20:30,IND,Indianapolis Colts,IND,HOU,Houston Texans,HOU,NRG Stadium,NRG Stadium,NRG Stadium,NRG Stadium,home_team_primary_stadium,,United States,False,False,71891,1,True,True,True,True,
2016_REG_06_JAX_CHI_20161016,2016,REG,6,2016-10-16,13:00,JAX,Jacksonville Jaguars,JAX,CHI,Chicago Bears,CHI,Soldier Field,Soldier Field,Soldier Field,Soldier Field,home_team_primary_stadium,,United States,False,False,61054,1,True,True,True,True,
2016_REG_06_KC_LV_20161016,2016,REG,6,2016-10-16,16:05,KC,Kansas City Chiefs,KC,LV,Las Vegas Raiders,OAK,Oakland Coliseum,Oakland-Alameda County Coliseum,Allegiant Stadium,Oakland Coliseum,actual_game_venue,,United States,True,False,54211,1,True,True,True,True,
2016_REG_06_LAR_DET_20161016,2016,REG,6,2016-10-16,13:00,LAR,Los Angeles Rams,LA,DET,Detroit Lions,DET,Ford Field,Ford Field,Ford Field,Ford Field,home_team_primary_stadium,,United States,False,False,56018,1,True,True,True,True,
2016_REG_06_PHI_WSH_20161016,2016,REG,6,2016-10-16,13:00,PHI,Philadelphia Eagles,PHI,WSH,Washington Commanders,WAS,Northwest Stadium,FedExField,Northwest Stadium,Northwest Stadium,home_team_primary_stadium,,United States,False,False,78934,1,True,True,True,True,
2016_REG_06_PIT_MIA_20161016,2016,REG,6,2016-10-16,13:00,PIT,Pittsburgh Steelers,PIT,MIA,Miami Dolphins,MIA,Hard Rock Stadium,Hard Rock Stadium,Hard Rock Stadium,Hard Rock Stadium,home_team_primary_stadium,,United States,False,False,65351,1,True,True,True,True,
2016_REG_06_SF_BUF_20161016,2016,REG,6,2016-10-16,13:00,SF,San Francisco 49ers,SF,BUF,Buffalo Bills,BUF,Highmark Stadium,New Era Field,Highmark Stadium,Highmark Stadium,home_team_primary_stadium,,United States,False,False,70003,1,True,True,True,True,
2016_REG_06_NYJ_ARI_20161017,2016,REG,6,2016-10-17,20:30,NYJ,New York Jets,NYJ,ARI,Arizona Cardinals,ARI,State Farm Stadium,University of Phoenix Stadium,State Farm Stadium,State Farm Stadium,home_team_primary_stadium,,United States,False,False,64709,1,True,True,True,True,
2016_REG_07_CHI_GB_20161020,2016,REG,7,2016-10-20,20:25,CHI,Chicago Bears,CHI,GB,Green Bay Packers,GB,Lambeau Field,Lambeau Field,Lambeau Field,Lambeau Field,home_team_primary_stadium,,United States,False,False,78217,1,True,True,True,True,
2016_REG_07_BAL_NYJ_20161023,2016,REG,7,2016-10-23,13:00,BAL,Baltimore Ravens,BAL,NYJ,New York Jets,NYJ,MetLife Stadium,MetLife Stadium,MetLife Stadium,MetLife Stadium,home_team_primary_stadium,,United States,False,False,78160,1,True,True,True,True,
2016_REG_07_BUF_MIA_20161023,2016,REG,7,2016-10-23,13:00,BUF,Buffalo Bills,BUF,MIA,Miami Dolphins,MIA,Hard Rock Stadium,Hard Rock Stadium,Hard Rock Stadium,Hard Rock Stadium,home_team_primary_stadium,,United States,False,False,65658,1,True,True,True,True,
2016_REG_07_CLE_CIN_20161023,2016,REG,7,2016-10-23,13:00,CLE,Cleveland Browns,CLE,CIN,Cincinnati Bengals,CIN,Paycor Stadium,Paul Brown Stadium,Paycor Stadium,Paycor Stadium,home_team_primary_stadium,,United States,False,False,65047,1,True,True,True,True,
2016_REG_07_IND_TEN_20161023,2016,REG,7,2016-10-23,13:00,IND,Indianapolis Colts,IND,TEN,Tennessee Titans,TEN,Nissan Stadium,Nissan Stadium,Nissan Stadium,Nissan Stadium,home_team_primary_stadium,,United States,False,False,65470,1,True,True,True,True,
2016_REG_07_LAC_ATL_20161023,2016,REG,7,2016-10-23,16:05,LAC,Los Angeles Chargers,SD,ATL,Atlanta Falcons,ATL,Georgia Dome,Georgia Dome,Mercedes-Benz Stadium,Georgia Dome,actual_game_venue,,United States,True,False,69832,1,True,True,True,True,
2016_REG_07_LV_JAX_20161023,2016,REG,7,2016-10-23,13:00,LV,Las Vegas Raiders,OAK,JAX,Jacksonville Jaguars,JAX,EverBank Stadium,EverBank Field,EverBank Stadium,EverBank Stadium,home_team_primary_stadium,,United States,False,False,62614,1,True,True,True,True,
2016_REG_07_MIN_PHI_20161023,2016,REG,7,2016-10-23,13:00,MIN,Minnesota Vikings,MIN,PHI,Philadelphia Eagles,PHI,Lincoln Financial Field,Lincoln Financial Field,Lincoln Financial Field,Lincoln Financial Field,home_team_primary_stadium,,United States,False,False,69596,1,True,True,True,True,
2016_REG_07_NE_PIT_20161023,2016,REG,7,2016-10-23,16:25,NE,New England Patriots,NE,PIT,Pittsburgh Steelers,PIT,Acrisure Stadium,Heinz Field,Acrisure Stadium,Acrisure Stadium,home_team_primary_stadium,,United States,False,False,66009,1,True,True,True,True,
2016_REG_07_NO_KC_20161023,2016,REG,7,2016-10-23,13:00,NO,New Orleans Saints,NO,KC,Kansas City Chiefs,KC,Arrowhead Stadium,Arrowhead Stadium,Arrowhead Stadium,Arrowhead Stadium,home_team_primary_stadium,,United States,False,False,76282,1,True,True,True,True,
2016_REG_07_NYG_LAR_20161023,2016,REG,7,2016-10-23,09:30,NYG,New York Giants,NYG,LAR,Los Angeles Rams,LA,Twickenham Stadium,Twickenham Stadium,SoFi Stadium,Twickenham Stadium,actual_game_venue,,United States,True,False,74121,1,True,True,True,True,
2016_REG_07_SEA_ARI_20161023,2016,REG,7,2016-10-23,20:30,SEA,Seattle Seahawks,SEA,ARI,Arizona Cardinals,ARI,State Farm Stadium,University of Phoenix Stadium,State Farm Stadium,State Farm Stadium,home_team_primary_stadium,,United States,False,False,65089,1,True,True,True,True,
2016_REG_07_TB_SF_20161023,2016,REG,7,2016-10-23,16:05,TB,Tampa Bay Buccaneers,TB,SF,San Francisco 49ers,SF,Levi's Stadium,Levi's Stadium,Levi's Stadium,Levi's Stadium,home_team_primary_stadium,,United States,False,False,70178,1,True,True,True,True,
2016_REG_07_WSH_DET_20161023,2016,REG,7,2016-10-23,13:00,WSH,Washington Commanders,WAS,DET,Detroit Lions,DET,Ford Field,Ford Field,Ford Field,Ford Field,home_team_primary_stadium,,United States,False,False,60461,1,True,True,True,True,
2016_REG_07_HOU_DEN_20161024,2016,REG,7,2016-10-24,20:30,HOU,Houston Texans,HOU,DEN,Denver Broncos,DEN,Empower Field at Mile High,Sports Authority Field at Mile High,Empower Field at Mile High,Empower Field at Mile High,home_team_primary_stadium,,United States,False,False,76865,1,True,True,True,True,
2016_REG_08_JAX_TEN_20161027,2016,REG,8,2016-10-27,20:25,JAX,Jacksonville Jaguars,JAX,TEN,Tennessee Titans,TEN,Nissan Stadium,Nissan Stadium,Nissan Stadium,Nissan Stadium,home_team_primary_stadium,,United States,False,False,61619,1,True,True,True,True,
2016_REG_08_ARI_CAR_20161030,2016,REG,8,2016-10-30,13:00,ARI,Arizona Cardinals,ARI,CAR,Carolina Panthers,CAR,Bank of America Stadium,Bank of America Stadium,Bank of America Stadium,Bank of America Stadium,home_team_primary_stadium,,United States,False,False,74088,1,True,True,True,True,
2016_REG_08_DET_HOU_20161030,2016,REG,8,2016-10-30,13:00,DET,Detroit Lions,DET,HOU,Houston Texans,HOU,NRG Stadium,NRG Stadium,NRG Stadium,NRG Stadium,home_team_primary_stadium,,United States,False,False,71882,1,True,True,True,True,
2016_REG_08_GB_ATL_20161030,2016,REG,8,2016-10-30,16:25,GB,Green Bay Packers,GB,ATL,Atlanta Falcons,ATL,Georgia Dome,Georgia Dome,Mercedes-Benz Stadium,Georgia Dome,actual_game_venue,,United States,True,False,70165,1,True,True,True,True,
2016_REG_08_KC_IND_20161030,2016,REG,8,2016-10-30,13:00,KC,Kansas City Chiefs,KC,IND,Indianapolis Colts,IND,Lucas Oil Stadium,Lucas Oil Stadium,Lucas Oil Stadium,Lucas Oil Stadium,home_team_primary_stadium,,United States,False,False,65417,1,True,True,True,True,
2016_REG_08_LAC_DEN_20161030,2016,REG,8,2016-10-30,16:05,LAC,Los Angeles Chargers,SD,DEN,Denver Broncos,DEN,Empower Field at Mile High,Sports Authority Field at Mile High,Empower Field at Mile High,Empower Field at Mile High,home_team_primary_stadium,,United States,False,False,76756,1,True,True,True,True,
2016_REG_08_LV_TB_20161030,2016,REG,8,2016-10-30,13:00,LV,Las Vegas Raiders,OAK,TB,Tampa Bay Buccaneers,TB,Raymond James Stadium,Raymond James Stadium,Raymond James Stadium,Raymond James Stadium,home_team_primary_stadium,,United States,False,False,61068,1,True,True,True,True,
2016_REG_08_NE_BUF_20161030,2016,REG,8,2016-10-30,13:00,NE,New England Patriots,NE,BUF,Buffalo Bills,BUF,Highmark Stadium,New Era Field,Highmark Stadium,Highmark Stadium,home_team_primary_stadium,,United States,False,False,70442,1,True,True,True,True,
2016_REG_08_NYJ_CLE_20161030,2016,REG,8,2016-10-30,13:00,NYJ,New York Jets,NYJ,CLE,Cleveland Browns,CLE,Huntington Bank Field,FirstEnergy Stadium,Huntington Bank Field,Huntington Bank Field,home_team_primary_stadium,,United States,False,False,67431,1,True,True,True,True,
2016_REG_08_PHI_DAL_20161030,2016,REG,8,2016-10-30,20:30,PHI,Philadelphia Eagles,PHI,DAL,Dallas Cowboys,DAL,AT&T Stadium,AT&T Stadium,AT&T Stadium,AT&T Stadium,home_team_primary_stadium,,United States,False,False,93103,1,True,True,True,True,
2016_REG_08_SEA_NO_20161030,2016,REG,8,2016-10-30,13:00,SEA,Seattle Seahawks,SEA,NO,New Orleans Saints,NO,Caesars Superdome,Mercedes-Benz Superdome,Caesars Superdome,Caesars Superdome,home_team_primary_stadium,,United States,False,False,73188,1,True,True,True,True,
2016_REG_08_WSH_CIN_20161030,2016,REG,8,2016-10-30,09:30,WSH,Washington Commanders,WAS,CIN,Cincinnati Bengals,CIN,Wembley Stadium,Wembley Stadium,Paycor Stadium,Wembley Stadium,actual_game_venue,London,United Kingdom,True,True,84488,1,True,True,True,True,
2016_REG_08_MIN_CHI_20161031,2016,REG,8,2016-10-31,20:30,MIN,Minnesota Vikings,MIN,CHI,Chicago Bears,CHI,Soldier Field,Soldier Field,Soldier Field,Soldier Field,home_team_primary_stadium,,United States,False,False,60422,1,True,True,True,True,
2016_REG_09_ATL_TB_20161103,2016,REG,9,2016-11-03,20:25,ATL,Atlanta Falcons,ATL,TB,Tampa Bay Buccaneers,TB,Raymond James Stadium,Raymond James Stadium,Raymond James Stadium,Raymond James Stadium,home_team_primary_stadium,,United States,False,False,57797,1,True,True,True,True,
2016_REG_09_CAR_LAR_20161106,2016,REG,9,2016-11-06,16:05,CAR,Carolina Panthers,CAR,LAR,Los Angeles Rams,LA,Los Angeles Memorial Coliseum,Los Angeles Memorial Coliseum,SoFi Stadium,Los Angeles Memorial Coliseum,actual_game_venue,,United States,True,False,86109,1,True,True,True,True,
2016_REG_09_DAL_CLE_20161106,2016,REG,9,2016-11-06,13:00,DAL,Dallas Cowboys,DAL,CLE,Cleveland Browns,CLE,Huntington Bank Field,FirstEnergy Stadium,Huntington Bank Field,Huntington Bank Field,home_team_primary_stadium,,United States,False,False,67431,1,True,True,True,True,
2016_REG_09_DEN_LV_20161106,2016,REG,9,2016-11-06,20:30,DEN,Denver Broncos,DEN,LV,Las Vegas Raiders,OAK,Oakland Coliseum,Oakland-Alameda County Coliseum,Allegiant Stadium,Oakland Coliseum,actual_game_venue,,United States,True,False,54957,1,True,True,True,True,
2016_REG_09_DET_MIN_20161106,2016,REG,9,2016-11-06,13:00,DET,Detroit Lions,DET,MIN,Minnesota Vikings,MIN,U.S. Bank Stadium,U.S. Bank Stadium,U.S. Bank Stadium,U.S. Bank Stadium,home_team_primary_stadium,,United States,False,False,66807,1,True,True,True,True,
2016_REG_09_IND_GB_20161106,2016,REG,9,2016-11-06,16:25,IND,Indianapolis Colts,IND,GB,Green Bay Packers,GB,Lambeau Field,Lambeau Field,Lambeau Field,Lambeau Field,home_team_primary_stadium,,United States,False,False,78437,1,True,True,True,True,
2016_REG_09_JAX_KC_20161106,2016,REG,9,2016-11-06,13:00,JAX,Jacksonville Jaguars,JAX,KC,Kansas City Chiefs,KC,Arrowhead Stadium,Arrowhead Stadium,Arrowhead Stadium,Arrowhead Stadium,home_team_primary_stadium,,United States,False,False,73294,1,True,True,True,True,
2016_REG_09_NO_SF_20161106,2016,REG,9,2016-11-06,16:05,NO,New Orleans Saints,NO,SF,San Francisco 49ers,SF,Levi's Stadium,Levi's Stadium,Levi's Stadium,Levi's Stadium,home_team_primary_stadium,,United States,False,False,70178,1,True,True,True,True,
2016_REG_09_NYJ_MIA_20161106,2016,REG,9,2016-11-06,13:00,NYJ,New York Jets,NYJ,MIA,Miami Dolphins,MIA,Hard Rock Stadium,Hard Rock Stadium,Hard Rock Stadium,Hard Rock Stadium,home_team_primary_stadium,,United States,False,False,65722,1,True,True,True,True,
2016_REG_09_PHI_NYG_20161106,2016,REG,9,2016-11-06,13:00,PHI,Philadelphia Eagles,PHI,NYG,New York Giants,NYG,MetLife Stadium,MetLife Stadium,MetLife Stadium,MetLife Stadium,home_team_primary_stadium,,United States,False,False,80309,1,True,True,True,True,
2016_REG_09_PIT_BAL_20161106,2016,REG,9,2016-11-06,13:00,PIT,Pittsburgh Steelers,PIT,BAL,Baltimore Ravens,BAL,M&T Bank Stadium,M&T Bank Stadium,M&T Bank Stadium,M&T Bank Stadium,home_team_primary_stadium,,United States,False,False,71286,1,True,True,True,True,
2016_REG_09_TEN_LAC_20161106,2016,REG,9,2016-11-06,16:25,TEN,Tennessee Titans,TEN,LAC,Los Angeles Chargers,SD,Qualcomm Stadium,Qualcomm Stadium,SoFi Stadium,Qualcomm Stadium,actual_game_venue,,United States,True,False,52281,1,True,True,True,True,
2016_REG_09_BUF_SEA_20161107,2016,REG,9,2016-11-07,20:30,BUF,Buffalo Bills,BUF,SEA,Seattle Seahawks,SEA,Lumen Field,CenturyLink Field,Lumen Field,Lumen Field,home_team_primary_stadium,,United States,False,False,69084,1,True,True,True,True,
2016_REG_10_CLE_BAL_20161110,2016,REG,10,2016-11-10,20:25,CLE,Cleveland Browns,CLE,BAL,Baltimore Ravens,BAL,M&T Bank Stadium,M&T Bank Stadium,M&T Bank Stadium,M&T Bank Stadium,home_team_primary_stadium,,United States,False,False,70921,1,True,True,True,True,
2016_REG_10_ATL_PHI_20161113,2016,REG,10,2016-11-13,13:00,ATL,Atlanta Falcons,ATL,PHI,Philadelphia Eagles,PHI,Lincoln Financial Field,Lincoln Financial Field,Lincoln Financial Field,Lincoln Financial Field,home_team_primary_stadium,,United States,False,False,69596,1,True,True,True,True,
2016_REG_10_CHI_TB_20161113,2016,REG,10,2016-11-13,13:00,CHI,Chicago Bears,CHI,TB,Tampa Bay Buccaneers,TB,Raymond James Stadium,Raymond James Stadium,Raymond James Stadium,Raymond James Stadium,home_team_primary_stadium,,United States,False,False,62898,1,True,True,True,True,
2016_REG_10_DAL_PIT_20161113,2016,REG,10,2016-11-13,16:25,DAL,Dallas Cowboys,DAL,PIT,Pittsburgh Steelers,PIT,Acrisure Stadium,Heinz Field,Acrisure Stadium,Acrisure Stadium,home_team_primary_stadium,,United States,False,False,67737,1,True,True,True,True,
2016_REG_10_DEN_NO_20161113,2016,REG,10,2016-11-13,13:00,DEN,Denver Broncos,DEN,NO,New Orleans Saints,NO,Caesars Superdome,Mercedes-Benz Superdome,Caesars Superdome,Caesars Superdome,home_team_primary_stadium,,United States,False,False,73138,1,True,True,True,True,
2016_REG_10_GB_TEN_20161113,2016,REG,10,2016-11-13,13:00,GB,Green Bay Packers,GB,TEN,Tennessee Titans,TEN,Nissan Stadium,Nissan Stadium,Nissan Stadium,Nissan Stadium,home_team_primary_stadium,,United States,False,False,69116,1,True,True,True,True,
2016_REG_10_HOU_JAX_20161113,2016,REG,10,2016-11-13,13:00,HOU,Houston Texans,HOU,JAX,Jacksonville Jaguars,JAX,EverBank Stadium,EverBank Field,EverBank Stadium,EverBank Stadium,home_team_primary_stadium,,United States,False,False,62091,1,True,True,True,True,
2016_REG_10_KC_CAR_20161113,2016,REG,10,2016-11-13,13:00,KC,Kansas City Chiefs,KC,CAR,Carolina Panthers,CAR,Bank of America Stadium,Bank of America Stadium,Bank of America Stadium,Bank of America Stadium,home_team_primary_stadium,,United States,False,False,74181,1,True,True,True,True,
2016_REG_10_LAR_NYJ_20161113,2016,REG,10,2016-11-13,13:00,LAR,Los Angeles Rams,LA,NYJ,New York Jets,NYJ,MetLife Stadium,MetLife Stadium,MetLife Stadium,MetLife Stadium,home_team_primary_stadium,,United States,False,False,78160,1,True,True,True,True,
2016_REG_10_MIA_LAC_20161113,2016,REG,10,2016-11-13,16:05,MIA,Miami Dolphins,MIA,LAC,Los Angeles Chargers,SD,Qualcomm Stadium,Qualcomm Stadium,SoFi Stadium,Qualcomm Stadium,actual_game_venue,,United States,True,False,55107,1,True,True,True,True,
2016_REG_10_MIN_WSH_20161113,2016,REG,10,2016-11-13,13:00,MIN,Minnesota Vikings,MIN,WSH,Washington Commanders,WAS,Northwest Stadium,FedExField,Northwest Stadium,Northwest Stadium,home_team_primary_stadium,,United States,False,False,78216,1,True,True,True,True,
2016_REG_10_SEA_NE_20161113,2016,REG,10,2016-11-13,20:30,SEA,Seattle Seahawks,SEA,NE,New England Patriots,NE,Gillette Stadium,Gillette Stadium,Gillette Stadium,Gillette Stadium,home_team_primary_stadium,,United States,False,False,66829,1,True,True,True,True,
2016_REG_10_SF_ARI_20161113,2016,REG,10,2016-11-13,16:25,SF,San Francisco 49ers,SF,ARI,Arizona Cardinals,ARI,State Farm Stadium,University of Phoenix Stadium,State Farm Stadium,State Farm Stadium,home_team_primary_stadium,,United States,False,False,65127,1,True,True,True,True,
2016_REG_10_CIN_NYG_20161114,2016,REG,10,2016-11-14,20:30,CIN,Cincinnati Bengals,CIN,NYG,New York Giants,NYG,MetLife Stadium,MetLife Stadium,MetLife Stadium,MetLife Stadium,home_team_primary_stadium,,United States,False,False,76218,1,True,True,True,True,
2016_REG_11_NO_CAR_20161117,2016,REG,11,2016-11-17,20:25,NO,New Orleans Saints,NO,CAR,Carolina Panthers,CAR,Bank of America Stadium,Bank of America Stadium,Bank of America Stadium,Bank of America Stadium,home_team_primary_stadium,,United States,False,False,73288,1,True,True,True,True,
2016_REG_11_ARI_MIN_20161120,2016,REG,11,2016-11-20,13:00,ARI,Arizona Cardinals,ARI,MIN,Minnesota Vikings,MIN,U.S. Bank Stadium,U.S. Bank Stadium,U.S. Bank Stadium,U.S. Bank Stadium,home_team_primary_stadium,,United States,False,False,66808,1,True,True,True,True,
2016_REG_11_BAL_DAL_20161120,2016,REG,11,2016-11-20,13:00,BAL,Baltimore Ravens,BAL,DAL,Dallas Cowboys,DAL,AT&T Stadium,AT&T Stadium,AT&T Stadium,AT&T Stadium,home_team_primary_stadium,,United States,False,False,93056,1,True,True,True,True,
2016_REG_11_BUF_CIN_20161120,2016,REG,11,2016-11-20,13:00,BUF,Buffalo Bills,BUF,CIN,Cincinnati Bengals,CIN,Paycor Stadium,Paul Brown Stadium,Paycor Stadium,Paycor Stadium,home_team_primary_stadium,,United States,False,False,61356,1,True,True,True,True,
2016_REG_11_CHI_NYG_20161120,2016,REG,11,2016-11-20,13:00,CHI,Chicago Bears,CHI,NYG,New York Giants,NYG,MetLife Stadium,MetLife Stadium,MetLife Stadium,MetLife Stadium,home_team_primary_stadium,,United States,False,False,78898,1,True,True,True,True,
2016_REG_11_GB_WSH_20161120,2016,REG,11,2016-11-20,20:30,GB,Green Bay Packers,GB,WSH,Washington Commanders,WAS,Northwest Stadium,FedExField,Northwest Stadium,Northwest Stadium,home_team_primary_stadium,,United States,False,False,77137,1,True,True,True,True,
2016_REG_11_JAX_DET_20161120,2016,REG,11,2016-11-20,13:00,JAX,Jacksonville Jaguars,JAX,DET,Detroit Lions,DET,Ford Field,Ford Field,Ford Field,Ford Field,home_team_primary_stadium,,United States,False,False,61486,1,True,True,True,True,
2016_REG_11_MIA_LAR_20161120,2016,REG,11,2016-11-20,16:05,MIA,Miami Dolphins,MIA,LAR,Los Angeles Rams,LA,Los Angeles Memorial Coliseum,Los Angeles Memorial Coliseum,SoFi Stadium,Los Angeles Memorial Coliseum,actual_game_venue,,United States,True,False,83483,1,True,True,True,True,
2016_REG_11_NE_SF_20161120,2016,REG,11,2016-11-20,16:25,NE,New England Patriots,NE,SF,San Francisco 49ers,SF,Levi's Stadium,Levi's Stadium,Levi's Stadium,Levi's Stadium,home_team_primary_stadium,,United States,False,False,70178,1,True,True,True,True,
2016_REG_11_PHI_SEA_20161120,2016,REG,11,2016-11-20,16:25,PHI,Philadelphia Eagles,PHI,SEA,Seattle Seahawks,SEA,Lumen Field,CenturyLink Field,Lumen Field,Lumen Field,home_team_primary_stadium,,United States,False,False,69190,1,True,True,True,True,
2016_REG_11_PIT_CLE_20161120,2016,REG,11,2016-11-20,13:00,PIT,Pittsburgh Steelers,PIT,CLE,Cleveland Browns,CLE,Huntington Bank Field,FirstEnergy Stadium,Huntington Bank Field,Huntington Bank Field,home_team_primary_stadium,,United States,False,False,67431,1,True,True,True,True,
2016_REG_11_TB_KC_20161120,2016,REG,11,2016-11-20,13:00,TB,Tampa Bay Buccaneers,TB,KC,Kansas City Chiefs,KC,Arrowhead Stadium,Arrowhead Stadium,Arrowhead Stadium,Arrowhead Stadium,home_team_primary_stadium,,United States,False,False,72277,1,True,True,True,True,
2016_REG_11_TEN_IND_20161120,2016,REG,11,2016-11-20,13:00,TEN,Tennessee Titans,TEN,IND,Indianapolis Colts,IND,Lucas Oil Stadium,Lucas Oil Stadium,Lucas Oil Stadium,Lucas Oil Stadium,home_team_primary_stadium,,United States,False,False,65048,1,True,True,True,True,
2016_REG_11_HOU_LV_20161121,2016,REG,11,2016-11-21,20:30,HOU,Houston Texans,HOU,LV,Las Vegas Raiders,OAK,Estadio Azteca,Azteca Stadium,Allegiant Stadium,Estadio Azteca,actual_game_venue,Mexico City,Mexico,True,True,76473,1,True,True,True,True,
2016_REG_12_MIN_DET_20161124,2016,REG,12,2016-11-24,12:30,MIN,Minnesota Vikings,MIN,DET,Detroit Lions,DET,Ford Field,Ford Field,Ford Field,Ford Field,home_team_primary_stadium,,United States,False,False,63793,1,True,True,True,True,
2016_REG_12_PIT_IND_20161124,2016,REG,12,2016-11-24,20:30,PIT,Pittsburgh Steelers,PIT,IND,Indianapolis Colts,IND,Lucas Oil Stadium,Lucas Oil Stadium,Lucas Oil Stadium,Lucas Oil Stadium,home_team_primary_stadium,,United States,False,False,66583,1,True,True,True,True,
2016_REG_12_WSH_DAL_20161124,2016,REG,12,2016-11-24,16:30,WSH,Washington Commanders,WAS,DAL,Dallas Cowboys,DAL,AT&T Stadium,AT&T Stadium,AT&T Stadium,AT&T Stadium,home_team_primary_stadium,,United States,False,False,93099,1,True,True,True,True,
2016_REG_12_ARI_ATL_20161127,2016,REG,12,2016-11-27,13:00,ARI,Arizona Cardinals,ARI,ATL,Atlanta Falcons,ATL,Georgia Dome,Georgia Dome,Mercedes-Benz Stadium,Georgia Dome,actual_game_venue,,United States,True,False,69233,1,True,True,True,True,
2016_REG_12_CAR_LV_20161127,2016,REG,12,2016-11-27,16:25,CAR,Carolina Panthers,CAR,LV,Las Vegas Raiders,OAK,Oakland Coliseum,Oakland-Alameda County Coliseum,Allegiant Stadium,Oakland Coliseum,actual_game_venue,,United States,True,False,54909,1,True,True,True,True,
2016_REG_12_CIN_BAL_20161127,2016,REG,12,2016-11-27,13:00,CIN,Cincinnati Bengals,CIN,BAL,Baltimore Ravens,BAL,M&T Bank Stadium,M&T Bank Stadium,M&T Bank Stadium,M&T Bank Stadium,home_team_primary_stadium,,United States,False,False,70903,1,True,True,True,True,
2016_REG_12_JAX_BUF_20161127,2016,REG,12,2016-11-27,13:00,JAX,Jacksonville Jaguars,JAX,BUF,Buffalo Bills,BUF,Highmark Stadium,New Era Field,Highmark Stadium,Highmark Stadium,home_team_primary_stadium,,United States,False,False,67849,1,True,True,True,True,
2016_REG_12_KC_DEN_20161127,2016,REG,12,2016-11-27,20:30,KC,Kansas City Chiefs,KC,DEN,Denver Broncos,DEN,Empower Field at Mile High,Sports Authority Field at Mile High,Empower Field at Mile High,Empower Field at Mile High,home_team_primary_stadium,,United States,False,False,76819,1,True,True,True,True,
2016_REG_12_LAC_HOU_20161127,2016,REG,12,2016-11-27,13:00,LAC,Los Angeles Chargers,SD,HOU,Houston Texans,HOU,NRG Stadium,NRG Stadium,NRG Stadium,NRG Stadium,home_team_primary_stadium,,United States,False,False,71897,1,True,True,True,True,
2016_REG_12_LAR_NO_20161127,2016,REG,12,2016-11-27,13:00,LAR,Los Angeles Rams,LA,NO,New Orleans Saints,NO,Caesars Superdome,Mercedes-Benz Superdome,Caesars Superdome,Caesars Superdome,home_team_primary_stadium,,United States,False,False,73067,1,True,True,True,True,
2016_REG_12_NE_NYJ_20161127,2016,REG,12,2016-11-27,16:25,NE,New England Patriots,NE,NYJ,New York Jets,NYJ,MetLife Stadium,MetLife Stadium,MetLife Stadium,MetLife Stadium,home_team_primary_stadium,,United States,False,False,78160,1,True,True,True,True,
2016_REG_12_NYG_CLE_20161127,2016,REG,12,2016-11-27,13:00,NYG,New York Giants,NYG,CLE,Cleveland Browns,CLE,Huntington Bank Field,FirstEnergy Stadium,Huntington Bank Field,Huntington Bank Field,home_team_primary_stadium,,United States,False,False,60034,1,True,True,True,True,
2016_REG_12_SEA_TB_20161127,2016,REG,12,2016-11-27,16:05,SEA,Seattle Seahawks,SEA,TB,Tampa Bay Buccaneers,TB,Raymond James Stadium,Raymond James Stadium,Raymond James Stadium,Raymond James Stadium,home_team_primary_stadium,,United States,False,False,63674,1,True,True,True,True,
2016_REG_12_SF_MIA_20161127,2016,REG,12,2016-11-27,13:00,SF,San Francisco 49ers,SF,MIA,Miami Dolphins,MIA,Hard Rock Stadium,Hard Rock Stadium,Hard Rock Stadium,Hard Rock Stadium,home_team_primary_stadium,,United States,False,False,65856,1,True,True,True,True,
2016_REG_12_TEN_CHI_20161127,2016,REG,12,2016-11-27,13:00,TEN,Tennessee Titans,TEN,CHI,Chicago Bears,CHI,Soldier Field,Soldier Field,Soldier Field,Soldier Field,home_team_primary_stadium,,United States,False,False,59494,1,True,True,True,True,
2016_REG_12_GB_PHI_20161128,2016,REG,12,2016-11-28,20:30,GB,Green Bay Packers,GB,PHI,Philadelphia Eagles,PHI,Lincoln Financial Field,Lincoln Financial Field,Lincoln Financial Field,Lincoln Financial Field,home_team_primary_stadium,,United States,False,False,69596,1,True,True,True,True,
2016_REG_13_DAL_MIN_20161201,2016,REG,13,2016-12-01,20:25,DAL,Dallas Cowboys,DAL,MIN,Minnesota Vikings,MIN,U.S. Bank Stadium,U.S. Bank Stadium,U.S. Bank Stadium,U.S. Bank Stadium,home_team_primary_stadium,,United States,False,False,66860,1,True,True,True,True,
2016_REG_13_BUF_LV_20161204,2016,REG,13,2016-12-04,16:05,BUF,Buffalo Bills,BUF,LV,Las Vegas Raiders,OAK,Oakland Coliseum,Oakland-Alameda County Coliseum,Allegiant Stadium,Oakland Coliseum,actual_game_venue,,United States,True,False,54759,1,True,True,True,True,
2016_REG_13_CAR_SEA_20161204,2016,REG,13,2016-12-04,20:30,CAR,Carolina Panthers,CAR,SEA,Seattle Seahawks,SEA,Lumen Field,CenturyLink Field,Lumen Field,Lumen Field,home_team_primary_stadium,,United States,False,False,69104,1,True,True,True,True,
2016_REG_13_DEN_JAX_20161204,2016,REG,13,2016-12-04,13:00,DEN,Denver Broncos,DEN,JAX,Jacksonville Jaguars,JAX,EverBank Stadium,EverBank Field,EverBank Stadium,EverBank Stadium,home_team_primary_stadium,,United States,False,False,63075,1,True,True,True,True,
2016_REG_13_DET_NO_20161204,2016,REG,13,2016-12-04,13:00,DET,Detroit Lions,DET,NO,New Orleans Saints,NO,Caesars Superdome,Mercedes-Benz Superdome,Caesars Superdome,Caesars Superdome,home_team_primary_stadium,,United States,False,False,73137,1,True,True,True,True,
2016_REG_13_HOU_GB_20161204,2016,REG,13,2016-12-04,13:00,HOU,Houston Texans,HOU,GB,Green Bay Packers,GB,Lambeau Field,Lambeau Field,Lambeau Field,Lambeau Field,home_team_primary_stadium,,United States,False,False,77867,1,True,True,True,True,
2016_REG_13_KC_ATL_20161204,2016,REG,13,2016-12-04,13:00,KC,Kansas City Chiefs,KC,ATL,Atlanta Falcons,ATL,Georgia Dome,Georgia Dome,Mercedes-Benz Stadium,Georgia Dome,actual_game_venue,,United States,True,False,69879,1,True,True,True,True,
2016_REG_13_LAR_NE_20161204,2016,REG,13,2016-12-04,13:00,LAR,Los Angeles Rams,LA,NE,New England Patriots,NE,Gillette Stadium,Gillette Stadium,Gillette Stadium,Gillette Stadium,home_team_primary_stadium,,United States,False,False,66829,1,True,True,True,True,
2016_REG_13_MIA_BAL_20161204,2016,REG,13,2016-12-04,13:00,MIA,Miami Dolphins,MIA,BAL,Baltimore Ravens,BAL,M&T Bank Stadium,M&T Bank Stadium,M&T Bank Stadium,M&T Bank Stadium,home_team_primary_stadium,,United States,False,False,70916,1,True,True,True,True,
2016_REG_13_NYG_PIT_20161204,2016,REG,13,2016-12-04,16:25,NYG,New York Giants,NYG,PIT,Pittsburgh Steelers,PIT,Acrisure Stadium,Heinz Field,Acrisure Stadium,Acrisure Stadium,home_team_primary_stadium,,United States,False,False,65825,1,True,True,True,True,
2016_REG_13_PHI_CIN_20161204,2016,REG,13,2016-12-04,13:00,PHI,Philadelphia Eagles,PHI,CIN,Cincinnati Bengals,CIN,Paycor Stadium,Paul Brown Stadium,Paycor Stadium,Paycor Stadium,home_team_primary_stadium,,United States,False,False,55456,1,True,True,True,True,
2016_REG_13_SF_CHI_20161204,2016,REG,13,2016-12-04,13:00,SF,San Francisco 49ers,SF,CHI,Chicago Bears,CHI,Soldier Field,Soldier Field,Soldier Field,Soldier Field,home_team_primary_stadium,,United States,False,False,59782,1,True,True,True,True,
2016_REG_13_TB_LAC_20161204,2016,REG,13,2016-12-04,16:25,TB,Tampa Bay Buccaneers,TB,LAC,Los Angeles Chargers,SD,Qualcomm Stadium,Qualcomm Stadium,SoFi Stadium,Qualcomm Stadium,actual_game_venue,,United States,True,False,53832,1,True,True,True,True,
2016_REG_13_WSH_ARI_20161204,2016,REG,13,2016-12-04,16:25,WSH,Washington Commanders,WAS,ARI,Arizona Cardinals,ARI,State Farm Stadium,University of Phoenix Stadium,State Farm Stadium,State Farm Stadium,home_team_primary_stadium,,United States,False,False,64939,1,True,True,True,True,
2016_REG_13_IND_NYJ_20161205,2016,REG,13,2016-12-05,20:30,IND,Indianapolis Colts,IND,NYJ,New York Jets,NYJ,MetLife Stadium,MetLife Stadium,MetLife Stadium,MetLife Stadium,home_team_primary_stadium,,United States,False,False,78160,1,True,True,True,True,
2016_REG_14_LV_KC_20161208,2016,REG,14,2016-12-08,20:25,LV,Las Vegas Raiders,OAK,KC,Kansas City Chiefs,KC,Arrowhead Stadium,Arrowhead Stadium,Arrowhead Stadium,Arrowhead Stadium,home_team_primary_stadium,,United States,False,False,75191,1,True,True,True,True,
2016_REG_14_ARI_MIA_20161211,2016,REG,14,2016-12-11,13:00,ARI,Arizona Cardinals,ARI,MIA,Miami Dolphins,MIA,Hard Rock Stadium,Hard Rock Stadium,Hard Rock Stadium,Hard Rock Stadium,home_team_primary_stadium,,United States,False,False,65750,1,True,True,True,True,
2016_REG_14_ATL_LAR_20161211,2016,REG,14,2016-12-11,16:25,ATL,Atlanta Falcons,ATL,LAR,Los Angeles Rams,LA,Los Angeles Memorial Coliseum,Los Angeles Memorial Coliseum,SoFi Stadium,Los Angeles Memorial Coliseum,actual_game_venue,,United States,True,False,82495,1,True,True,True,True,
2016_REG_14_CHI_DET_20161211,2016,REG,14,2016-12-11,13:00,CHI,Chicago Bears,CHI,DET,Detroit Lions,DET,Ford Field,Ford Field,Ford Field,Ford Field,home_team_primary_stadium,,United States,False,False,61726,1,True,True,True,True,
2016_REG_14_CIN_CLE_20161211,2016,REG,14,2016-12-11,13:00,CIN,Cincinnati Bengals,CIN,CLE,Cleveland Browns,CLE,Huntington Bank Field,FirstEnergy Stadium,Huntington Bank Field,Huntington Bank Field,home_team_primary_stadium,,United States,False,False,60028,1,True,True,True,True,
2016_REG_14_DAL_NYG_20161211,2016,REG,14,2016-12-11,20:30,DAL,Dallas Cowboys,DAL,NYG,New York Giants,NYG,MetLife Stadium,MetLife Stadium,MetLife Stadium,MetLife Stadium,home_team_primary_stadium,,United States,False,False,80874,1,True,True,True,True,
2016_REG_14_DEN_TEN_20161211,2016,REG,14,2016-12-11,13:00,DEN,Denver Broncos,DEN,TEN,Tennessee Titans,TEN,Nissan Stadium,Nissan Stadium,Nissan Stadium,Nissan Stadium,home_team_primary_stadium,,United States,False,False,68780,1,True,True,True,True,
2016_REG_14_HOU_IND_20161211,2016,REG,14,2016-12-11,13:00,HOU,Houston Texans,HOU,IND,Indianapolis Colts,IND,Lucas Oil Stadium,Lucas Oil Stadium,Lucas Oil Stadium,Lucas Oil Stadium,home_team_primary_stadium,,United States,False,False,65250,1,True,True,True,True,
2016_REG_14_LAC_CAR_20161211,2016,REG,14,2016-12-11,13:00,LAC,Los Angeles Chargers,SD,CAR,Carolina Panthers,CAR,Bank of America Stadium,Bank of America Stadium,Bank of America Stadium,Bank of America Stadium,home_team_primary_stadium,,United States,False,False,73856,1,True,True,True,True,
2016_REG_14_MIN_JAX_20161211,2016,REG,14,2016-12-11,13:00,MIN,Minnesota Vikings,MIN,JAX,Jacksonville Jaguars,JAX,EverBank Stadium,EverBank Field,EverBank Stadium,EverBank Stadium,home_team_primary_stadium,,United States,False,False,62701,1,True,True,True,True,
2016_REG_14_NO_TB_20161211,2016,REG,14,2016-12-11,16:25,NO,New Orleans Saints,NO,TB,Tampa Bay Buccaneers,TB,Raymond James Stadium,Raymond James Stadium,Raymond James Stadium,Raymond James Stadium,home_team_primary_stadium,,United States,False,False,62140,1,True,True,True,True,
2016_REG_14_NYJ_SF_20161211,2016,REG,14,2016-12-11,16:05,NYJ,New York Jets,NYJ,SF,San Francisco 49ers,SF,Levi's Stadium,Levi's Stadium,Levi's Stadium,Levi's Stadium,home_team_primary_stadium,,United States,False,False,70178,1,True,True,True,True,
2016_REG_14_PIT_BUF_20161211,2016,REG,14,2016-12-11,13:00,PIT,Pittsburgh Steelers,PIT,BUF,Buffalo Bills,BUF,Highmark Stadium,New Era Field,Highmark Stadium,Highmark Stadium,home_team_primary_stadium,,United States,False,False,69657,1,True,True,True,True,
2016_REG_14_SEA_GB_20161211,2016,REG,14,2016-12-11,16:25,SEA,Seattle Seahawks,SEA,GB,Green Bay Packers,GB,Lambeau Field,Lambeau Field,Lambeau Field,Lambeau Field,home_team_primary_stadium,,United States,False,False,78057,1,True,True,True,True,
2016_REG_14_WSH_PHI_20161211,2016,REG,14,2016-12-11,13:00,WSH,Washington Commanders,WAS,PHI,Philadelphia Eagles,PHI,Lincoln Financial Field,Lincoln Financial Field,Lincoln Financial Field,Lincoln Financial Field,home_team_primary_stadium,,United States,False,False,69596,1,True,True,True,True,
2016_REG_14_BAL_NE_20161212,2016,REG,14,2016-12-12,20:30,BAL,Baltimore Ravens,BAL,NE,New England Patriots,NE,Gillette Stadium,Gillette Stadium,Gillette Stadium,Gillette Stadium,home_team_primary_stadium,,United States,False,False,66829,1,True,True,True,True,
2016_REG_15_LAR_SEA_20161215,2016,REG,15,2016-12-15,20:25,LAR,Los Angeles Rams,LA,SEA,Seattle Seahawks,SEA,Lumen Field,CenturyLink Field,Lumen Field,Lumen Field,home_team_primary_stadium,,United States,False,False,69067,1,True,True,True,True,
2016_REG_15_MIA_NYJ_20161217,2016,REG,15,2016-12-17,20:25,MIA,Miami Dolphins,MIA,NYJ,New York Jets,NYJ,MetLife Stadium,MetLife Stadium,MetLife Stadium,MetLife Stadium,home_team_primary_stadium,,United States,False,False,78160,1,True,True,True,True,
2016_REG_15_CLE_BUF_20161218,2016,REG,15,2016-12-18,13:00,CLE,Cleveland Browns,CLE,BUF,Buffalo Bills,BUF,Highmark Stadium,New Era Field,Highmark Stadium,Highmark Stadium,home_team_primary_stadium,,United States,False,False,66529,1,True,True,True,True,
2016_REG_15_DET_NYG_20161218,2016,REG,15,2016-12-18,13:00,DET,Detroit Lions,DET,NYG,New York Giants,NYG,MetLife Stadium,MetLife Stadium,MetLife Stadium,MetLife Stadium,home_team_primary_stadium,,United States,False,False,79434,1,True,True,True,True,
2016_REG_15_GB_CHI_20161218,2016,REG,15,2016-12-18,13:00,GB,Green Bay Packers,GB,CHI,Chicago Bears,CHI,Soldier Field,Soldier Field,Soldier Field,Soldier Field,home_team_primary_stadium,,United States,False,False,61137,1,True,True,True,True,
2016_REG_15_IND_MIN_20161218,2016,REG,15,2016-12-18,13:00,IND,Indianapolis Colts,IND,MIN,Minnesota Vikings,MIN,U.S. Bank Stadium,U.S. Bank Stadium,U.S. Bank Stadium,U.S. Bank Stadium,home_team_primary_stadium,,United States,False,False,66820,1,True,True,True,True,
2016_REG_15_JAX_HOU_20161218,2016,REG,15,2016-12-18,13:00,JAX,Jacksonville Jaguars,JAX,HOU,Houston Texans,HOU,NRG Stadium,NRG Stadium,NRG Stadium,NRG Stadium,home_team_primary_stadium,,United States,False,False,71803,1,True,True,True,True,
2016_REG_15_LV_LAC_20161218,2016,REG,15,2016-12-18,16:25,LV,Las Vegas Raiders,OAK,LAC,Los Angeles Chargers,SD,Qualcomm Stadium,Qualcomm Stadium,SoFi Stadium,Qualcomm Stadium,actual_game_venue,,United States,True,False,68352,1,True,True,True,True,
2016_REG_15_NE_DEN_20161218,2016,REG,15,2016-12-18,16:25,NE,New England Patriots,NE,DEN,Denver Broncos,DEN,Empower Field at Mile High,Sports Authority Field at Mile High,Empower Field at Mile High,Empower Field at Mile High,home_team_primary_stadium,,United States,False,False,76893,1,True,True,True,True,
2016_REG_15_NO_ARI_20161218,2016,REG,15,2016-12-18,16:05,NO,New Orleans Saints,NO,ARI,Arizona Cardinals,ARI,State Farm Stadium,University of Phoenix Stadium,State Farm Stadium,State Farm Stadium,home_team_primary_stadium,,United States,False,False,65072,1,True,True,True,True,
2016_REG_15_PHI_BAL_20161218,2016,REG,15,2016-12-18,13:00,PHI,Philadelphia Eagles,PHI,BAL,Baltimore Ravens,BAL,M&T Bank Stadium,M&T Bank Stadium,M&T Bank Stadium,M&T Bank Stadium,home_team_primary_stadium,,United States,False,False,71223,1,True,True,True,True,
2016_REG_15_PIT_CIN_20161218,2016,REG,15,2016-12-18,13:00,PIT,Pittsburgh Steelers,PIT,CIN,Cincinnati Bengals,CIN,Paycor Stadium,Paul Brown Stadium,Paycor Stadium,Paycor Stadium,home_team_primary_stadium,,United States,False,False,62096,1,True,True,True,True,
2016_REG_15_SF_ATL_20161218,2016,REG,15,2016-12-18,16:05,SF,San Francisco 49ers,SF,ATL,Atlanta Falcons,ATL,Georgia Dome,Georgia Dome,Mercedes-Benz Stadium,Georgia Dome,actual_game_venue,,United States,True,False,70164,1,True,True,True,True,
2016_REG_15_TB_DAL_20161218,2016,REG,15,2016-12-18,20:30,TB,Tampa Bay Buccaneers,TB,DAL,Dallas Cowboys,DAL,AT&T Stadium,AT&T Stadium,AT&T Stadium,AT&T Stadium,home_team_primary_stadium,,United States,False,False,93101,1,True,True,True,True,
2016_REG_15_TEN_KC_20161218,2016,REG,15,2016-12-18,13:00,TEN,Tennessee Titans,TEN,KC,Kansas City Chiefs,KC,Arrowhead Stadium,Arrowhead Stadium,Arrowhead Stadium,Arrowhead Stadium,home_team_primary_stadium,,United States,False,False,68084,1,True,True,True,True,
2016_REG_15_CAR_WSH_20161219,2016,REG,15,2016-12-19,20:30,CAR,Carolina Panthers,CAR,WSH,Washington Commanders,WAS,Northwest Stadium,FedExField,Northwest Stadium,Northwest Stadium,home_team_primary_stadium,,United States,False,False,76689,1,True,True,True,True,
2016_REG_16_NYG_PHI_20161222,2016,REG,16,2016-12-22,20:25,NYG,New York Giants,NYG,PHI,Philadelphia Eagles,PHI,Lincoln Financial Field,Lincoln Financial Field,Lincoln Financial Field,Lincoln Financial Field,home_team_primary_stadium,,United States,False,False,69596,1,True,True,True,True,
2016_REG_16_ARI_SEA_20161224,2016,REG,16,2016-12-24,16:25,ARI,Arizona Cardinals,ARI,SEA,Seattle Seahawks,SEA,Lumen Field,CenturyLink Field,Lumen Field,Lumen Field,home_team_primary_stadium,,United States,False,False,69050,1,True,True,True,True,
2016_REG_16_ATL_CAR_20161224,2016,REG,16,2016-12-24,13:00,ATL,Atlanta Falcons,ATL,CAR,Carolina Panthers,CAR,Bank of America Stadium,Bank of America Stadium,Bank of America Stadium,Bank of America Stadium,home_team_primary_stadium,,United States,False,False,73549,1,True,True,True,True,
2016_REG_16_CIN_HOU_20161224,2016,REG,16,2016-12-24,20:25,CIN,Cincinnati Bengals,CIN,HOU,Houston Texans,HOU,NRG Stadium,NRG Stadium,NRG Stadium,NRG Stadium,home_team_primary_stadium,,United States,False,False,71836,1,True,True,True,True,
2016_REG_16_IND_LV_20161224,2016,REG,16,2016-12-24,16:05,IND,Indianapolis Colts,IND,LV,Las Vegas Raiders,OAK,Oakland Coliseum,Oakland-Alameda County Coliseum,Allegiant Stadium,Oakland Coliseum,actual_game_venue,,United States,True,False,54896,1,True,True,True,True,
2016_REG_16_LAC_CLE_20161224,2016,REG,16,2016-12-24,13:00,LAC,Los Angeles Chargers,SD,CLE,Cleveland Browns,CLE,Huntington Bank Field,FirstEnergy Stadium,Huntington Bank Field,Huntington Bank Field,home_team_primary_stadium,,United States,False,False,57272,1,True,True,True,True,
2016_REG_16_MIA_BUF_20161224,2016,REG,16,2016-12-24,13:00,MIA,Miami Dolphins,MIA,BUF,Buffalo Bills,BUF,Highmark Stadium,New Era Field,Highmark Stadium,Highmark Stadium,home_team_primary_stadium,,United States,False,False,64690,1,True,True,True,True,
2016_REG_16_MIN_GB_20161224,2016,REG,16,2016-12-24,13:00,MIN,Minnesota Vikings,MIN,GB,Green Bay Packers,GB,Lambeau Field,Lambeau Field,Lambeau Field,Lambeau Field,home_team_primary_stadium,,United States,False,False,77856,1,True,True,True,True,
2016_REG_16_NYJ_NE_20161224,2016,REG,16,2016-12-24,13:00,NYJ,New York Jets,NYJ,NE,New England Patriots,NE,Gillette Stadium,Gillette Stadium,Gillette Stadium,Gillette Stadium,home_team_primary_stadium,,United States,False,False,66829,1,True,True,True,True,
2016_REG_16_SF_LAR_20161224,2016,REG,16,2016-12-24,16:25,SF,San Francisco 49ers,SF,LAR,Los Angeles Rams,LA,Los Angeles Memorial Coliseum,Los Angeles Memorial Coliseum,SoFi Stadium,Los Angeles Memorial Coliseum,actual_game_venue,,United States,True,False,83656,1,True,True,True,True,
2016_REG_16_TB_NO_20161224,2016,REG,16,2016-12-24,16:25,TB,Tampa Bay Buccaneers,TB,NO,New Orleans Saints,NO,Caesars Superdome,Mercedes-Benz Superdome,Caesars Superdome,Caesars Superdome,home_team_primary_stadium,,United States,False,False,73177,1,True,True,True,True,
2016_REG_16_TEN_JAX_20161224,2016,REG,16,2016-12-24,13:00,TEN,Tennessee Titans,TEN,JAX,Jacksonville Jaguars,JAX,EverBank Stadium,EverBank Field,EverBank Stadium,EverBank Stadium,home_team_primary_stadium,,United States,False,False,59621,1,True,True,True,True,
2016_REG_16_WSH_CHI_20161224,2016,REG,16,2016-12-24,13:00,WSH,Washington Commanders,WAS,CHI,Chicago Bears,CHI,Soldier Field,Soldier Field,Soldier Field,Soldier Field,home_team_primary_stadium,,United States,False,False,57953,1,True,True,True,True,
2016_REG_16_BAL_PIT_20161225,2016,REG,16,2016-12-25,16:30,BAL,Baltimore Ravens,BAL,PIT,Pittsburgh Steelers,PIT,Acrisure Stadium,Heinz Field,Acrisure Stadium,Acrisure Stadium,home_team_primary_stadium,,United States,False,False,66276,1,True,True,True,True,
2016_REG_16_DEN_KC_20161225,2016,REG,16,2016-12-25,20:30,DEN,Denver Broncos,DEN,KC,Kansas City Chiefs,KC,Arrowhead Stadium,Arrowhead Stadium,Arrowhead Stadium,Arrowhead Stadium,home_team_primary_stadium,,United States,False,False,76671,1,True,True,True,True,
2016_REG_16_DET_DAL_20161226,2016,REG,16,2016-12-26,20:30,DET,Detroit Lions,DET,DAL,Dallas Cowboys,DAL,AT&T Stadium,AT&T Stadium,AT&T Stadium,AT&T Stadium,home_team_primary_stadium,,United States,False,False,92885,1,True,True,True,True,
2016_REG_17_ARI_LAR_20170101,2016,REG,17,2017-01-01,16:25,ARI,Arizona Cardinals,ARI,LAR,Los Angeles Rams,LA,Los Angeles Memorial Coliseum,Los Angeles Memorial Coliseum,SoFi Stadium,Los Angeles Memorial Coliseum,actual_game_venue,,United States,True,False,80729,1,True,True,True,True,
2016_REG_17_BAL_CIN_20170101,2016,REG,17,2017-01-01,13:00,BAL,Baltimore Ravens,BAL,CIN,Cincinnati Bengals,CIN,Paycor Stadium,Paul Brown Stadium,Paycor Stadium,Paycor Stadium,home_team_primary_stadium,,United States,False,False,54944,1,True,True,True,True,
2016_REG_17_BUF_NYJ_20170101,2016,REG,17,2017-01-01,13:00,BUF,Buffalo Bills,BUF,NYJ,New York Jets,NYJ,MetLife Stadium,MetLife Stadium,MetLife Stadium,MetLife Stadium,home_team_primary_stadium,,United States,False,False,78160,1,True,True,True,True,
2016_REG_17_CAR_TB_20170101,2016,REG,17,2017-01-01,13:00,CAR,Carolina Panthers,CAR,TB,Tampa Bay Buccaneers,TB,Raymond James Stadium,Raymond James Stadium,Raymond James Stadium,Raymond James Stadium,home_team_primary_stadium,,United States,False,False,62037,1,True,True,True,True,
2016_REG_17_CHI_MIN_20170101,2016,REG,17,2017-01-01,13:00,CHI,Chicago Bears,CHI,MIN,Minnesota Vikings,MIN,U.S. Bank Stadium,U.S. Bank Stadium,U.S. Bank Stadium,U.S. Bank Stadium,home_team_primary_stadium,,United States,False,False,66808,1,True,True,True,True,
2016_REG_17_CLE_PIT_20170101,2016,REG,17,2017-01-01,13:00,CLE,Cleveland Browns,CLE,PIT,Pittsburgh Steelers,PIT,Acrisure Stadium,Heinz Field,Acrisure Stadium,Acrisure Stadium,home_team_primary_stadium,,United States,False,False,55921,1,True,True,True,True,
2016_REG_17_DAL_PHI_20170101,2016,REG,17,2017-01-01,13:00,DAL,Dallas Cowboys,DAL,PHI,Philadelphia Eagles,PHI,Lincoln Financial Field,Lincoln Financial Field,Lincoln Financial Field,Lincoln Financial Field,home_team_primary_stadium,,United States,False,False,69596,1,True,True,True,True,
2016_REG_17_GB_DET_20170101,2016,REG,17,2017-01-01,20:30,GB,Green Bay Packers,GB,DET,Detroit Lions,DET,Ford Field,Ford Field,Ford Field,Ford Field,home_team_primary_stadium,,United States,False,False,66345,1,True,True,True,True,
2016_REG_17_HOU_TEN_20170101,2016,REG,17,2017-01-01,13:00,HOU,Houston Texans,HOU,TEN,Tennessee Titans,TEN,Nissan Stadium,Nissan Stadium,Nissan Stadium,Nissan Stadium,home_team_primary_stadium,,United States,False,False,65205,1,True,True,True,True,
2016_REG_17_JAX_IND_20170101,2016,REG,17,2017-01-01,13:00,JAX,Jacksonville Jaguars,JAX,IND,Indianapolis Colts,IND,Lucas Oil Stadium,Lucas Oil Stadium,Lucas Oil Stadium,Lucas Oil Stadium,home_team_primary_stadium,,United States,False,False,65160,1,True,True,True,True,
2016_REG_17_KC_LAC_20170101,2016,REG,17,2017-01-01,16:25,KC,Kansas City Chiefs,KC,LAC,Los Angeles Chargers,SD,Qualcomm Stadium,Qualcomm Stadium,SoFi Stadium,Qualcomm Stadium,actual_game_venue,,United States,True,False,54915,1,True,True,True,True,
2016_REG_17_LV_DEN_20170101,2016,REG,17,2017-01-01,16:25,LV,Las Vegas Raiders,OAK,DEN,Denver Broncos,DEN,Empower Field at Mile High,Sports Authority Field at Mile High,Empower Field at Mile High,Empower Field at Mile High,home_team_primary_stadium,,United States,False,False,76836,1,True,True,True,True,
2016_REG_17_NE_MIA_20170101,2016,REG,17,2017-01-01,13:00,NE,New England Patriots,NE,MIA,Miami Dolphins,MIA,Hard Rock Stadium,Hard Rock Stadium,Hard Rock Stadium,Hard Rock Stadium,home_team_primary_stadium,,United States,False,False,66163,1,True,True,True,True,
2016_REG_17_NO_ATL_20170101,2016,REG,17,2017-01-01,16:25,NO,New Orleans Saints,NO,ATL,Atlanta Falcons,ATL,Georgia Dome,Georgia Dome,Mercedes-Benz Stadium,Georgia Dome,actual_game_venue,,United States,True,False,70835,1,True,True,True,True,
2016_REG_17_NYG_WSH_20170101,2016,REG,17,2017-01-01,16:25,NYG,New York Giants,NYG,WSH,Washington Commanders,WAS,Northwest Stadium,FedExField,Northwest Stadium,Northwest Stadium,home_team_primary_stadium,,United States,False,False,79471,1,True,True,True,True,
2016_REG_17_SEA_SF_20170101,2016,REG,17,2017-01-01,16:25,SEA,Seattle Seahawks,SEA,SF,San Francisco 49ers,SF,Levi's Stadium,Levi's Stadium,Levi's Stadium,Levi's Stadium,home_team_primary_stadium,,United States,False,False,70178,1,True,True,True,True,
2016_POST_18_DET_SEA_20170107,2016,POST,18,2017-01-07,20:15,DET,Detroit Lions,DET,SEA,Seattle Seahawks,SEA,Lumen Field,CenturyLink Field,Lumen Field,Lumen Field,home_team_primary_stadium,,United States,False,False,,,True,False,False,False,season_week_not_found_in_attendance
2016_POST_18_LV_HOU_20170107,2016,POST,18,2017-01-07,16:35,LV,Las Vegas Raiders,OAK,HOU,Houston Texans,HOU,NRG Stadium,NRG Stadium,NRG Stadium,NRG Stadium,home_team_primary_stadium,,United States,False,False,,,True,False,False,False,season_week_not_found_in_attendance
2016_POST_18_MIA_PIT_20170108,2016,POST,18,2017-01-08,13:05,MIA,Miami Dolphins,MIA,PIT,Pittsburgh Steelers,PIT,Acrisure Stadium,Heinz Field,Acrisure Stadium,Acrisure Stadium,home_team_primary_stadium,,United States,False,False,,,True,False,False,False,season_week_not_found_in_attendance
2016_POST_18_NYG_GB_20170108,2016,POST,18,2017-01-08,16:40,NYG,New York Giants,NYG,GB,Green Bay Packers,GB,Lambeau Field,Lambeau Field,Lambeau Field,Lambeau Field,home_team_primary_stadium,,United States,False,False,,,True,False,False,False,season_week_not_found_in_attendance
2016_POST_19_HOU_NE_20170114,2016,POST,19,2017-01-14,20:15,HOU,Houston Texans,HOU,NE,New England Patriots,NE,Gillette Stadium,Gillette Stadium,Gillette Stadium,Gillette Stadium,home_team_primary_stadium,,United States,False,False,,,True,False,False,False,season_week_not_found_in_attendance
2016_POST_19_SEA_ATL_20170114,2016,POST,19,2017-01-14,16:35,SEA,Seattle Seahawks,SEA,ATL,Atlanta Falcons,ATL,Georgia Dome,Georgia Dome,Mercedes-Benz Stadium,Georgia Dome,actual_game_venue,,United States,True,False,,,True,False,False,False,season_week_not_found_in_attendance
2016_POST_19_GB_DAL_20170115,2016,POST,19,2017-01-15,16:40,GB,Green Bay Packers,GB,DAL,Dallas Cowboys,DAL,AT&T Stadium,AT&T Stadium,AT&T Stadium,AT&T Stadium,home_team_primary_stadium,,United States,False,False,,,True,False,False,False,season_week_not_found_in_attendance
2016_POST_19_PIT_KC_20170115,2016,POST,19,2017-01-15,20:20,PIT,Pittsburgh Steelers,PIT,KC,Kansas City Chiefs,KC,Arrowhead Stadium,Arrowhead Stadium,Arrowhead Stadium,Arrowhead Stadium,home_team_primary_stadium,,United States,False,False,,,True,False,False,False,season_week_not_found_in_attendance
2016_CON_20_GB_ATL_20170122,2016,CON,20,2017-01-22,15:05,GB,Green Bay Packers,GB,ATL,Atlanta Falcons,ATL,Georgia Dome,Georgia Dome,Mercedes-Benz Stadium,Georgia Dome,actual_game_venue,,United States,True,False,,,True,False,False,False,season_week_not_found_in_attendance
2016_CON_20_PIT_NE_20170122,2016,CON,20,2017-01-22,18:40,PIT,Pittsburgh Steelers,PIT,NE,New England Patriots,NE,Gillette Stadium,Gillette Stadium,Gillette Stadium,Gillette Stadium,home_team_primary_stadium,,United States,False,False,,,True,False,False,False,season_week_not_found_in_attendance
2016_POST_21_NE_ATL_20170205,2016,POST,21,2017-02-05,18:30,NE,New England Patriots,NE,ATL,Atlanta Falcons,ATL,NRG Stadium,NRG Stadium,Mercedes-Benz Stadium,NRG Stadium,actual_game_venue,,United States,True,False,,,True,False,False,False,season_week_not_found_in_attendance
2017_REG_01_KC_NE_20170907,2017,REG,1,2017-09-07,20:30,KC,Kansas City Chiefs,KC,NE,New England Patriots,NE,Gillette Stadium,Gillette Stadium,Gillette Stadium,Gillette Stadium,home_team_primary_stadium,,United States,False,False,65878,1,True,True,True,True,
2017_REG_01_ARI_DET_20170910,2017,REG,1,2017-09-10,13:00,ARI,Arizona Cardinals,ARI,DET,Detroit Lions,DET,Ford Field,Ford Field,Ford Field,Ford Field,home_team_primary_stadium,,United States,False,False,60957,1,True,True,True,True,
2017_REG_01_ATL_CHI_20170910,2017,REG,1,2017-09-10,13:00,ATL,Atlanta Falcons,ATL,CHI,Chicago Bears,CHI,Soldier Field,Soldier Field,Soldier Field,Soldier Field,home_team_primary_stadium,,United States,False,False,61857,1,True,True,True,True,
2017_REG_01_BAL_CIN_20170910,2017,REG,1,2017-09-10,13:00,BAL,Baltimore Ravens,BAL,CIN,Cincinnati Bengals,CIN,Paycor Stadium,Paul Brown Stadium,Paycor Stadium,Paycor Stadium,home_team_primary_stadium,,United States,False,False,55254,1,True,True,True,True,
2017_REG_01_CAR_SF_20170910,2017,REG,1,2017-09-10,16:25,CAR,Carolina Panthers,CAR,SF,San Francisco 49ers,SF,Levi's Stadium,Levi's Stadium,Levi's Stadium,Levi's Stadium,home_team_primary_stadium,,United States,False,False,70178,1,True,True,True,True,
2017_REG_01_IND_LAR_20170910,2017,REG,1,2017-09-10,16:05,IND,Indianapolis Colts,IND,LAR,Los Angeles Rams,LA,Los Angeles Memorial Coliseum,Los Angeles Memorial Coliseum,SoFi Stadium,Los Angeles Memorial Coliseum,actual_game_venue,,United States,True,False,60128,1,True,True,True,True,
2017_REG_01_JAX_HOU_20170910,2017,REG,1,2017-09-10,13:00,JAX,Jacksonville Jaguars,JAX,HOU,Houston Texans,HOU,NRG Stadium,NRG Stadium,NRG Stadium,NRG Stadium,home_team_primary_stadium,,United States,False,False,71710,1,True,True,True,True,
2017_REG_01_LV_TEN_20170910,2017,REG,1,2017-09-10,13:00,LV,Las Vegas Raiders,OAK,TEN,Tennessee Titans,TEN,Nissan Stadium,Nissan Stadium,Nissan Stadium,Nissan Stadium,home_team_primary_stadium,,United States,False,False,69089,1,True,True,True,True,
2017_REG_01_NYG_DAL_20170910,2017,REG,1,2017-09-10,20:30,NYG,New York Giants,NYG,DAL,Dallas Cowboys,DAL,AT&T Stadium,AT&T Stadium,AT&T Stadium,AT&T Stadium,home_team_primary_stadium,,United States,False,False,93183,1,True,True,True,True,
2017_REG_01_NYJ_BUF_20170910,2017,REG,1,2017-09-10,13:00,NYJ,New York Jets,NYJ,BUF,Buffalo Bills,BUF,Highmark Stadium,New Era Field,Highmark Stadium,Highmark Stadium,home_team_primary_stadium,,United States,False,False,68751,1,True,True,True,True,
2017_REG_01_PHI_WSH_20170910,2017,REG,1,2017-09-10,13:00,PHI,Philadelphia Eagles,PHI,WSH,Washington Commanders,WAS,Northwest Stadium,FedExField,Northwest Stadium,Northwest Stadium,home_team_primary_stadium,,United States,False,False,78685,1,True,True,True,True,
2017_REG_01_PIT_CLE_20170910,2017,REG,1,2017-09-10,13:00,PIT,Pittsburgh Steelers,PIT,CLE,Cleveland Browns,CLE,Huntington Bank Field,FirstEnergy Stadium,Huntington Bank Field,Huntington Bank Field,home_team_primary_stadium,,United States,False,False,67431,1,True,True,True,True,
2017_REG_01_SEA_GB_20170910,2017,REG,1,2017-09-10,16:25,SEA,Seattle Seahawks,SEA,GB,Green Bay Packers,GB,Lambeau Field,Lambeau Field,Lambeau Field,Lambeau Field,home_team_primary_stadium,,United States,False,False,78381,1,True,True,True,True,
2017_REG_01_LAC_DEN_20170911,2017,REG,1,2017-09-11,22:20,LAC,Los Angeles Chargers,LAC,DEN,Denver Broncos,DEN,Empower Field at Mile High,Sports Authority Field at Mile High,Empower Field at Mile High,Empower Field at Mile High,home_team_primary_stadium,,United States,False,False,76324,1,True,True,True,True,
2017_REG_01_NO_MIN_20170911,2017,REG,1,2017-09-11,19:10,NO,New Orleans Saints,NO,MIN,Minnesota Vikings,MIN,U.S. Bank Stadium,U.S. Bank Stadium,U.S. Bank Stadium,U.S. Bank Stadium,home_team_primary_stadium,,United States,False,False,66606,1,True,True,True,True,
2017_REG_02_HOU_CIN_20170914,2017,REG,2,2017-09-14,20:25,HOU,Houston Texans,HOU,CIN,Cincinnati Bengals,CIN,Paycor Stadium,Paul Brown Stadium,Paycor Stadium,Paycor Stadium,home_team_primary_stadium,,United States,False,False,52942,1,True,True,True,True,
2017_REG_02_ARI_IND_20170917,2017,REG,2,2017-09-17,13:00,ARI,Arizona Cardinals,ARI,IND,Indianapolis Colts,IND,Lucas Oil Stadium,Lucas Oil Stadium,Lucas Oil Stadium,Lucas Oil Stadium,home_team_primary_stadium,,United States,False,False,63137,1,True,True,True,True,
2017_REG_02_BUF_CAR_20170917,2017,REG,2,2017-09-17,13:00,BUF,Buffalo Bills,BUF,CAR,Carolina Panthers,CAR,Bank of America Stadium,Bank of America Stadium,Bank of America Stadium,Bank of America Stadium,home_team_primary_stadium,,United States,False,False,74122,1,True,True,True,True,
2017_REG_02_CHI_TB_20170917,2017,REG,2,2017-09-17,13:00,CHI,Chicago Bears,CHI,TB,Tampa Bay Buccaneers,TB,Raymond James Stadium,Raymond James Stadium,Raymond James Stadium,Raymond James Stadium,home_team_primary_stadium,,United States,False,False,56640,1,True,True,True,True,
2017_REG_02_CLE_BAL_20170917,2017,REG,2,2017-09-17,13:00,CLE,Cleveland Browns,CLE,BAL,Baltimore Ravens,BAL,M&T Bank Stadium,M&T Bank Stadium,M&T Bank Stadium,M&T Bank Stadium,home_team_primary_stadium,,United States,False,False,70605,1,True,True,True,True,
2017_REG_02_DAL_DEN_20170917,2017,REG,2,2017-09-17,16:25,DAL,Dallas Cowboys,DAL,DEN,Denver Broncos,DEN,Empower Field at Mile High,Sports Authority Field at Mile High,Empower Field at Mile High,Empower Field at Mile High,home_team_primary_stadium,,United States,False,False,76919,1,True,True,True,True,
2017_REG_02_GB_ATL_20170917,2017,REG,2,2017-09-17,20:30,GB,Green Bay Packers,GB,ATL,Atlanta Falcons,ATL,Mercedes-Benz Stadium,Mercedes-Benz Stadium,Mercedes-Benz Stadium,Mercedes-Benz Stadium,home_team_primary_stadium,,United States,False,False,70826,1,True,True,True,True,
2017_REG_02_MIA_LAC_20170917,2017,REG,2,2017-09-17,16:05,MIA,Miami Dolphins,MIA,LAC,Los Angeles Chargers,LAC,StubHub Center,StubHub Center,SoFi Stadium,StubHub Center,actual_game_venue,,United States,True,False,25381,1,True,True,True,True,
2017_REG_02_MIN_PIT_20170917,2017,REG,2,2017-09-17,13:00,MIN,Minnesota Vikings,MIN,PIT,Pittsburgh Steelers,PIT,Acrisure Stadium,Heinz Field,Acrisure Stadium,Acrisure Stadium,home_team_primary_stadium,,United States,False,False,65971,1,True,True,True,True,
2017_REG_02_NE_NO_20170917,2017,REG,2,2017-09-17,13:00,NE,New England Patriots,NE,NO,New Orleans Saints,NO,Caesars Superdome,Mercedes-Benz Superdome,Caesars Superdome,Caesars Superdome,home_team_primary_stadium,,United States,False,False,73168,1,True,True,True,True,
2017_REG_02_NYJ_LV_20170917,2017,REG,2,2017-09-17,16:05,NYJ,New York Jets,NYJ,LV,Las Vegas Raiders,OAK,Oakland Coliseum,Oakland-Alameda County Coliseum,Allegiant Stadium,Oakland Coliseum,actual_game_venue,,United States,True,False,54729,1,True,True,True,True,
2017_REG_02_PHI_KC_20170917,2017,REG,2,2017-09-17,13:00,PHI,Philadelphia Eagles,PHI,KC,Kansas City Chiefs,KC,Arrowhead Stadium,Arrowhead Stadium,Arrowhead Stadium,Arrowhead Stadium,home_team_primary_stadium,,United States,False,False,74971,1,True,True,True,True,
2017_REG_02_SF_SEA_20170917,2017,REG,2,2017-09-17,16:25,SF,San Francisco 49ers,SF,SEA,Seattle Seahawks,SEA,Lumen Field,CenturyLink Field,Lumen Field,Lumen Field,home_team_primary_stadium,,United States,False,False,68729,1,True,True,True,True,
2017_REG_02_TEN_JAX_20170917,2017,REG,2,2017-09-17,13:00,TEN,Tennessee Titans,TEN,JAX,Jacksonville Jaguars,JAX,EverBank Stadium,EverBank Field,EverBank Stadium,EverBank Stadium,home_team_primary_stadium,,United States,False,False,61709,1,True,True,True,True,
2017_REG_02_WSH_LAR_20170917,2017,REG,2,2017-09-17,16:25,WSH,Washington Commanders,WAS,LAR,Los Angeles Rams,LA,Los Angeles Memorial Coliseum,Los Angeles Memorial Coliseum,SoFi Stadium,Los Angeles Memorial Coliseum,actual_game_venue,,United States,True,False,56612,1,True,True,True,True,
2017_REG_02_DET_NYG_20170918,2017,REG,2,2017-09-18,20:30,DET,Detroit Lions,DET,NYG,New York Giants,NYG,MetLife Stadium,MetLife Stadium,MetLife Stadium,MetLife Stadium,home_team_primary_stadium,,United States,False,False,77004,1,True,True,True,True,
2017_REG_03_LAR_SF_20170921,2017,REG,3,2017-09-21,20:25,LAR,Los Angeles Rams,LA,SF,San Francisco 49ers,SF,Levi's Stadium,Levi's Stadium,Levi's Stadium,Levi's Stadium,home_team_primary_stadium,,United States,False,False,70178,1,True,True,True,True,
2017_REG_03_ATL_DET_20170924,2017,REG,3,2017-09-24,13:00,ATL,Atlanta Falcons,ATL,DET,Detroit Lions,DET,Ford Field,Ford Field,Ford Field,Ford Field,home_team_primary_stadium,,United States,False,False,63240,1,True,True,True,True,
2017_REG_03_BAL_JAX_20170924,2017,REG,3,2017-09-24,21:30,BAL,Baltimore Ravens,BAL,JAX,Jacksonville Jaguars,JAX,Wembley Stadium,Wembley Stadium,EverBank Stadium,Wembley Stadium,actual_game_venue,London,United Kingdom,True,True,84592,1,True,True,True,True,
2017_REG_03_CIN_GB_20170924,2017,REG,3,2017-09-24,16:25,CIN,Cincinnati Bengals,CIN,GB,Green Bay Packers,GB,Lambeau Field,Lambeau Field,Lambeau Field,Lambeau Field,home_team_primary_stadium,,United States,False,False,78323,1,True,True,True,True,
2017_REG_03_CLE_IND_20170924,2017,REG,3,2017-09-24,13:00,CLE,Cleveland Browns,CLE,IND,Indianapolis Colts,IND,Lucas Oil Stadium,Lucas Oil Stadium,Lucas Oil Stadium,Lucas Oil Stadium,home_team_primary_stadium,,United States,False,False,63351,1,True,True,True,True,
2017_REG_03_DEN_BUF_20170924,2017,REG,3,2017-09-24,13:00,DEN,Denver Broncos,DEN,BUF,Buffalo Bills,BUF,Highmark Stadium,New Era Field,Highmark Stadium,Highmark Stadium,home_team_primary_stadium,,United States,False,False,68865,1,True,True,True,True,
2017_REG_03_HOU_NE_20170924,2017,REG,3,2017-09-24,13:00,HOU,Houston Texans,HOU,NE,New England Patriots,NE,Gillette Stadium,Gillette Stadium,Gillette Stadium,Gillette Stadium,home_team_primary_stadium,,United States,False,False,65878,1,True,True,True,True,
2017_REG_03_KC_LAC_20170924,2017,REG,3,2017-09-24,16:25,KC,Kansas City Chiefs,KC,LAC,Los Angeles Chargers,LAC,StubHub Center,StubHub Center,SoFi Stadium,StubHub Center,actual_game_venue,,United States,True,False,25386,1,True,True,True,True,
2017_REG_03_LV_WSH_20170924,2017,REG,3,2017-09-24,20:30,LV,Las Vegas Raiders,OAK,WSH,Washington Commanders,WAS,Northwest Stadium,FedExField,Northwest Stadium,Northwest Stadium,home_team_primary_stadium,,United States,False,False,77123,1,True,True,True,True,
2017_REG_03_MIA_NYJ_20170924,2017,REG,3,2017-09-24,13:00,MIA,Miami Dolphins,MIA,NYJ,New York Jets,NYJ,MetLife Stadium,MetLife Stadium,MetLife Stadium,MetLife Stadium,home_team_primary_stadium,,United States,False,False,77562,1,True,True,True,True,
2017_REG_03_NO_CAR_20170924,2017,REG,3,2017-09-24,13:00,NO,New Orleans Saints,NO,CAR,Carolina Panthers,CAR,Bank of America Stadium,Bank of America Stadium,Bank of America Stadium,Bank of America Stadium,home_team_primary_stadium,,United States,False,False,73775,1,True,True,True,True,
2017_REG_03_NYG_PHI_20170924,2017,REG,3,2017-09-24,13:00,NYG,New York Giants,NYG,PHI,Philadelphia Eagles,PHI,Lincoln Financial Field,Lincoln Financial Field,Lincoln Financial Field,Lincoln Financial Field,home_team_primary_stadium,,United States,False,False,69596,1,True,True,True,True,
2017_REG_03_PIT_CHI_20170924,2017,REG,3,2017-09-24,13:00,PIT,Pittsburgh Steelers,PIT,CHI,Chicago Bears,CHI,Soldier Field,Soldier Field,Soldier Field,Soldier Field,home_team_primary_stadium,,United States,False,False,61172,1,True,True,True,True,
2017_REG_03_SEA_TEN_20170924,2017,REG,3,2017-09-24,16:05,SEA,Seattle Seahawks,SEA,TEN,Tennessee Titans,TEN,Nissan Stadium,Nissan Stadium,Nissan Stadium,Nissan Stadium,home_team_primary_stadium,,United States,False,False,69127,1,True,True,True,True,
2017_REG_03_TB_MIN_20170924,2017,REG,3,2017-09-24,13:00,TB,Tampa Bay Buccaneers,TB,MIN,Minnesota Vikings,MIN,U.S. Bank Stadium,U.S. Bank Stadium,U.S. Bank Stadium,U.S. Bank Stadium,home_team_primary_stadium,,United States,False,False,66390,1,True,True,True,True,
2017_REG_03_DAL_ARI_20170925,2017,REG,3,2017-09-25,20:30,DAL,Dallas Cowboys,DAL,ARI,Arizona Cardinals,ARI,State Farm Stadium,University of Phoenix Stadium,State Farm Stadium,State Farm Stadium,home_team_primary_stadium,,United States,False,False,65102,1,True,True,True,True,
2017_REG_04_CHI_GB_20170928,2017,REG,4,2017-09-28,20:25,CHI,Chicago Bears,CHI,GB,Green Bay Packers,GB,Lambeau Field,Lambeau Field,Lambeau Field,Lambeau Field,home_team_primary_stadium,,United States,False,False,78362,1,True,True,True,True,
2017_REG_04_BUF_ATL_20171001,2017,REG,4,2017-10-01,13:00,BUF,Buffalo Bills,BUF,ATL,Atlanta Falcons,ATL,Mercedes-Benz Stadium,Mercedes-Benz Stadium,Mercedes-Benz Stadium,Mercedes-Benz Stadium,home_team_primary_stadium,,United States,False,False,71273,1,True,True,True,True,
2017_REG_04_CAR_NE_20171001,2017,REG,4,2017-10-01,13:00,CAR,Carolina Panthers,CAR,NE,New England Patriots,NE,Gillette Stadium,Gillette Stadium,Gillette Stadium,Gillette Stadium,home_team_primary_stadium,,United States,False,False,65878,1,True,True,True,True,
2017_REG_04_CIN_CLE_20171001,2017,REG,4,2017-10-01,13:00,CIN,Cincinnati Bengals,CIN,CLE,Cleveland Browns,CLE,Huntington Bank Field,FirstEnergy Stadium,Huntington Bank Field,Huntington Bank Field,home_team_primary_stadium,,United States,False,False,67431,1,True,True,True,True,
2017_REG_04_DET_MIN_20171001,2017,REG,4,2017-10-01,13:00,DET,Detroit Lions,DET,MIN,Minnesota Vikings,MIN,U.S. Bank Stadium,U.S. Bank Stadium,U.S. Bank Stadium,U.S. Bank Stadium,home_team_primary_stadium,,United States,False,False,66730,1,True,True,True,True,
2017_REG_04_IND_SEA_20171001,2017,REG,4,2017-10-01,20:30,IND,Indianapolis Colts,IND,SEA,Seattle Seahawks,SEA,Lumen Field,CenturyLink Field,Lumen Field,Lumen Field,home_team_primary_stadium,,United States,False,False,68872,1,True,True,True,True,
2017_REG_04_JAX_NYJ_20171001,2017,REG,4,2017-10-01,13:00,JAX,Jacksonville Jaguars,JAX,NYJ,New York Jets,NYJ,MetLife Stadium,MetLife Stadium,MetLife Stadium,MetLife Stadium,home_team_primary_stadium,,United States,False,False,77562,1,True,True,True,True,
2017_REG_04_LAR_DAL_20171001,2017,REG,4,2017-10-01,13:00,LAR,Los Angeles Rams,LA,DAL,Dallas Cowboys,DAL,AT&T Stadium,AT&T Stadium,AT&T Stadium,AT&T Stadium,home_team_primary_stadium,,United States,False,False,91869,1,True,True,True,True,
2017_REG_04_LV_DEN_20171001,2017,REG,4,2017-10-01,16:25,LV,Las Vegas Raiders,OAK,DEN,Denver Broncos,DEN,Empower Field at Mile High,Sports Authority Field at Mile High,Empower Field at Mile High,Empower Field at Mile High,home_team_primary_stadium,,United States,False,False,76909,1,True,True,True,True,
2017_REG_04_NO_MIA_20171001,2017,REG,4,2017-10-01,21:30,NO,New Orleans Saints,NO,MIA,Miami Dolphins,MIA,Wembley Stadium,Wembley Stadium,Hard Rock Stadium,Wembley Stadium,actual_game_venue,London,United Kingdom,True,True,84423,1,True,True,True,True,
2017_REG_04_NYG_TB_20171001,2017,REG,4,2017-10-01,16:05,NYG,New York Giants,NYG,TB,Tampa Bay Buccaneers,TB,Raymond James Stadium,Raymond James Stadium,Raymond James Stadium,Raymond James Stadium,home_team_primary_stadium,,United States,False,False,63916,1,True,True,True,True,
2017_REG_04_PHI_LAC_20171001,2017,REG,4,2017-10-01,16:05,PHI,Philadelphia Eagles,PHI,LAC,Los Angeles Chargers,LAC,StubHub Center,StubHub Center,SoFi Stadium,StubHub Center,actual_game_venue,,United States,True,False,25374,1,True,True,True,True,
2017_REG_04_PIT_BAL_20171001,2017,REG,4,2017-10-01,13:00,PIT,Pittsburgh Steelers,PIT,BAL,Baltimore Ravens,BAL,M&T Bank Stadium,M&T Bank Stadium,M&T Bank Stadium,M&T Bank Stadium,home_team_primary_stadium,,United States,False,False,71126,1,True,True,True,True,
2017_REG_04_SF_ARI_20171001,2017,REG,4,2017-10-01,16:05,SF,San Francisco 49ers,SF,ARI,Arizona Cardinals,ARI,State Farm Stadium,University of Phoenix Stadium,State Farm Stadium,State Farm Stadium,home_team_primary_stadium,,United States,False,False,64121,1,True,True,True,True,
2017_REG_04_TEN_HOU_20171001,2017,REG,4,2017-10-01,13:00,TEN,Tennessee Titans,TEN,HOU,Houston Texans,HOU,NRG Stadium,NRG Stadium,NRG Stadium,NRG Stadium,home_team_primary_stadium,,United States,False,False,71804,1,True,True,True,True,
2017_REG_04_WSH_KC_20171002,2017,REG,4,2017-10-02,20:30,WSH,Washington Commanders,WAS,KC,Kansas City Chiefs,KC,Arrowhead Stadium,Arrowhead Stadium,Arrowhead Stadium,Arrowhead Stadium,home_team_primary_stadium,,United States,False,False,74587,1,True,True,True,True,
2017_REG_05_NE_TB_20171005,2017,REG,5,2017-10-05,20:25,NE,New England Patriots,NE,TB,Tampa Bay Buccaneers,TB,Raymond James Stadium,Raymond James Stadium,Raymond James Stadium,Raymond James Stadium,home_team_primary_stadium,,United States,False,False,64476,1,True,True,True,True,
2017_REG_05_ARI_PHI_20171008,2017,REG,5,2017-10-08,13:00,ARI,Arizona Cardinals,ARI,PHI,Philadelphia Eagles,PHI,Lincoln Financial Field,Lincoln Financial Field,Lincoln Financial Field,Lincoln Financial Field,home_team_primary_stadium,,United States,False,False,69596,1,True,True,True,True,
2017_REG_05_BAL_LV_20171008,2017,REG,5,2017-10-08,16:05,BAL,Baltimore Ravens,BAL,LV,Las Vegas Raiders,OAK,Oakland Coliseum,Oakland-Alameda County Coliseum,Allegiant Stadium,Oakland Coliseum,actual_game_venue,,United States,True,False,54980,1,True,True,True,True,
2017_REG_05_BUF_CIN_20171008,2017,REG,5,2017-10-08,13:00,BUF,Buffalo Bills,BUF,CIN,Cincinnati Bengals,CIN,Paycor Stadium,Paul Brown Stadium,Paycor Stadium,Paycor Stadium,home_team_primary_stadium,,United States,False,False,52367,1,True,True,True,True,
2017_REG_05_CAR_DET_20171008,2017,REG,5,2017-10-08,13:00,CAR,Carolina Panthers,CAR,DET,Detroit Lions,DET,Ford Field,Ford Field,Ford Field,Ford Field,home_team_primary_stadium,,United States,False,False,64288,1,True,True,True,True,
2017_REG_05_GB_DAL_20171008,2017,REG,5,2017-10-08,16:25,GB,Green Bay Packers,GB,DAL,Dallas Cowboys,DAL,AT&T Stadium,AT&T Stadium,AT&T Stadium,AT&T Stadium,home_team_primary_stadium,,United States,False,False,93329,1,True,True,True,True,
2017_REG_05_JAX_PIT_20171008,2017,REG,5,2017-10-08,13:00,JAX,Jacksonville Jaguars,JAX,PIT,Pittsburgh Steelers,PIT,Acrisure Stadium,Heinz Field,Acrisure Stadium,Acrisure Stadium,home_team_primary_stadium,,United States,False,False,66237,1,True,True,True,True,
2017_REG_05_KC_HOU_20171008,2017,REG,5,2017-10-08,20:30,KC,Kansas City Chiefs,KC,HOU,Houston Texans,HOU,NRG Stadium,NRG Stadium,NRG Stadium,NRG Stadium,home_team_primary_stadium,,United States,False,False,71835,1,True,True,True,True,
2017_REG_05_LAC_NYG_20171008,2017,REG,5,2017-10-08,13:00,LAC,Los Angeles Chargers,LAC,NYG,New York Giants,NYG,MetLife Stadium,MetLife Stadium,MetLife Stadium,MetLife Stadium,home_team_primary_stadium,,United States,False,False,77373,1,True,True,True,True,
2017_REG_05_NYJ_CLE_20171008,2017,REG,5,2017-10-08,13:00,NYJ,New York Jets,NYJ,CLE,Cleveland Browns,CLE,Huntington Bank Field,FirstEnergy Stadium,Huntington Bank Field,Huntington Bank Field,home_team_primary_stadium,,United States,False,False,62032,1,True,True,True,True,
2017_REG_05_SEA_LAR_20171008,2017,REG,5,2017-10-08,16:05,SEA,Seattle Seahawks,SEA,LAR,Los Angeles Rams,LA,Los Angeles Memorial Coliseum,Los Angeles Memorial Coliseum,SoFi Stadium,Los Angeles Memorial Coliseum,actual_game_venue,,United States,True,False,60745,1,True,True,True,True,
2017_REG_05_SF_IND_20171008,2017,REG,5,2017-10-08,13:00,SF,San Francisco 49ers,SF,IND,Indianapolis Colts,IND,Lucas Oil Stadium,Lucas Oil Stadium,Lucas Oil Stadium,Lucas Oil Stadium,home_team_primary_stadium,,United States,False,False,65612,1,True,True,True,True,
2017_REG_05_TEN_MIA_20171008,2017,REG,5,2017-10-08,13:00,TEN,Tennessee Titans,TEN,MIA,Miami Dolphins,MIA,Hard Rock Stadium,Hard Rock Stadium,Hard Rock Stadium,Hard Rock Stadium,home_team_primary_stadium,,United States,False,False,65135,1,True,True,True,True,
2017_REG_05_MIN_CHI_20171009,2017,REG,5,2017-10-09,20:30,MIN,Minnesota Vikings,MIN,CHI,Chicago Bears,CHI,Soldier Field,Soldier Field,Soldier Field,Soldier Field,home_team_primary_stadium,,United States,False,False,61834,1,True,True,True,True,
2017_REG_06_PHI_CAR_20171012,2017,REG,6,2017-10-12,20:25,PHI,Philadelphia Eagles,PHI,CAR,Carolina Panthers,CAR,Bank of America Stadium,Bank of America Stadium,Bank of America Stadium,Bank of America Stadium,home_team_primary_stadium,,United States,False,False,74373,1,True,True,True,True,
2017_REG_06_CHI_BAL_20171015,2017,REG,6,2017-10-15,13:00,CHI,Chicago Bears,CHI,BAL,Baltimore Ravens,BAL,M&T Bank Stadium,M&T Bank Stadium,M&T Bank Stadium,M&T Bank Stadium,home_team_primary_stadium,,United States,False,False,70616,1,True,True,True,True,
2017_REG_06_CLE_HOU_20171015,2017,REG,6,2017-10-15,13:00,CLE,Cleveland Browns,CLE,HOU,Houston Texans,HOU,NRG Stadium,NRG Stadium,NRG Stadium,NRG Stadium,home_team_primary_stadium,,United States,False,False,71815,1,True,True,True,True,
2017_REG_06_DET_NO_20171015,2017,REG,6,2017-10-15,13:00,DET,Detroit Lions,DET,NO,New Orleans Saints,NO,Caesars Superdome,Mercedes-Benz Superdome,Caesars Superdome,Caesars Superdome,home_team_primary_stadium,,United States,False,False,73117,1,True,True,True,True,
2017_REG_06_GB_MIN_20171015,2017,REG,6,2017-10-15,13:00,GB,Green Bay Packers,GB,MIN,Minnesota Vikings,MIN,U.S. Bank Stadium,U.S. Bank Stadium,U.S. Bank Stadium,U.S. Bank Stadium,home_team_primary_stadium,,United States,False,False,66848,1,True,True,True,True,
2017_REG_06_LAC_LV_20171015,2017,REG,6,2017-10-15,16:25,LAC,Los Angeles Chargers,LAC,LV,Las Vegas Raiders,OAK,Oakland Coliseum,Oakland-Alameda County Coliseum,Allegiant Stadium,Oakland Coliseum,actual_game_venue,,United States,True,False,54685,1,True,True,True,True,
2017_REG_06_LAR_JAX_20171015,2017,REG,6,2017-10-15,16:05,LAR,Los Angeles Rams,LA,JAX,Jacksonville Jaguars,JAX,EverBank Stadium,EverBank Field,EverBank Stadium,EverBank Stadium,home_team_primary_stadium,,United States,False,False,56232,1,True,True,True,True,
2017_REG_06_MIA_ATL_20171015,2017,REG,6,2017-10-15,13:00,MIA,Miami Dolphins,MIA,ATL,Atlanta Falcons,ATL,Mercedes-Benz Stadium,Mercedes-Benz Stadium,Mercedes-Benz Stadium,Mercedes-Benz Stadium,home_team_primary_stadium,,United States,False,False,70593,1,True,True,True,True,
2017_REG_06_NE_NYJ_20171015,2017,REG,6,2017-10-15,13:00,NE,New England Patriots,NE,NYJ,New York Jets,NYJ,MetLife Stadium,MetLife Stadium,MetLife Stadium,MetLife Stadium,home_team_primary_stadium,,United States,False,False,77562,1,True,True,True,True,
2017_REG_06_NYG_DEN_20171015,2017,REG,6,2017-10-15,20:30,NYG,New York Giants,NYG,DEN,Denver Broncos,DEN,Empower Field at Mile High,Sports Authority Field at Mile High,Empower Field at Mile High,Empower Field at Mile High,home_team_primary_stadium,,United States,False,False,76721,1,True,True,True,True,
2017_REG_06_PIT_KC_20171015,2017,REG,6,2017-10-15,16:25,PIT,Pittsburgh Steelers,PIT,KC,Kansas City Chiefs,KC,Arrowhead Stadium,Arrowhead Stadium,Arrowhead Stadium,Arrowhead Stadium,home_team_primary_stadium,,United States,False,False,76994,1,True,True,True,True,
2017_REG_06_SF_WSH_20171015,2017,REG,6,2017-10-15,13:00,SF,San Francisco 49ers,SF,WSH,Washington Commanders,WAS,Northwest Stadium,FedExField,Northwest Stadium,Northwest Stadium,home_team_primary_stadium,,United States,False,False,75568,1,True,True,True,True,
2017_REG_06_TB_ARI_20171015,2017,REG,6,2017-10-15,16:05,TB,Tampa Bay Buccaneers,TB,ARI,Arizona Cardinals,ARI,State Farm Stadium,University of Phoenix Stadium,State Farm Stadium,State Farm Stadium,home_team_primary_stadium,,United States,False,False,63999,1,True,True,True,True,
2017_REG_06_IND_TEN_20171016,2017,REG,6,2017-10-16,20:30,IND,Indianapolis Colts,IND,TEN,Tennessee Titans,TEN,Nissan Stadium,Nissan Stadium,Nissan Stadium,Nissan Stadium,home_team_primary_stadium,,United States,False,False,63888,1,True,True,True,True,
2017_REG_07_KC_LV_20171019,2017,REG,7,2017-10-19,20:25,KC,Kansas City Chiefs,KC,LV,Las Vegas Raiders,OAK,Oakland Coliseum,Oakland-Alameda County Coliseum,Allegiant Stadium,Oakland Coliseum,actual_game_venue,,United States,True,False,55090,1,True,True,True,True,
2017_REG_07_ARI_LAR_20171022,2017,REG,7,2017-10-22,13:00,ARI,Arizona Cardinals,ARI,LAR,Los Angeles Rams,LA,Twickenham Stadium,Twickenham Stadium,SoFi Stadium,Twickenham Stadium,actual_game_venue,,United States,True,False,73736,1,True,True,True,True,
2017_REG_07_ATL_NE_20171022,2017,REG,7,2017-10-22,20:30,ATL,Atlanta Falcons,ATL,NE,New England Patriots,NE,Gillette Stadium,Gillette Stadium,Gillette Stadium,Gillette Stadium,home_team_primary_stadium,,United States,False,False,65878,1,True,True,True,True,
2017_REG_07_BAL_MIN_20171022,2017,REG,7,2017-10-22,13:00,BAL,Baltimore Ravens,BAL,MIN,Minnesota Vikings,MIN,U.S. Bank Stadium,U.S. Bank Stadium,U.S. Bank Stadium,U.S. Bank Stadium,home_team_primary_stadium,,United States,False,False,66751,1,True,True,True,True,
2017_REG_07_CAR_CHI_20171022,2017,REG,7,2017-10-22,13:00,CAR,Carolina Panthers,CAR,CHI,Chicago Bears,CHI,Soldier Field,Soldier Field,Soldier Field,Soldier Field,home_team_primary_stadium,,United States,False,False,61256,1,True,True,True,True,
2017_REG_07_CIN_PIT_20171022,2017,REG,7,2017-10-22,16:25,CIN,Cincinnati Bengals,CIN,PIT,Pittsburgh Steelers,PIT,Acrisure Stadium,Heinz Field,Acrisure Stadium,Acrisure Stadium,home_team_primary_stadium,,United States,False,False,65363,1,True,True,True,True,
2017_REG_07_DAL_SF_20171022,2017,REG,7,2017-10-22,16:05,DAL,Dallas Cowboys,DAL,SF,San Francisco 49ers,SF,Levi's Stadium,Levi's Stadium,Levi's Stadium,Levi's Stadium,home_team_primary_stadium,,United States,False,False,70133,1,True,True,True,True,
2017_REG_07_DEN_LAC_20171022,2017,REG,7,2017-10-22,16:25,DEN,Denver Broncos,DEN,LAC,Los Angeles Chargers,LAC,StubHub Center,StubHub Center,SoFi Stadium,StubHub Center,actual_game_venue,,United States,True,False,25388,1,True,True,True,True,
2017_REG_07_JAX_IND_20171022,2017,REG,7,2017-10-22,13:00,JAX,Jacksonville Jaguars,JAX,IND,Indianapolis Colts,IND,Lucas Oil Stadium,Lucas Oil Stadium,Lucas Oil Stadium,Lucas Oil Stadium,home_team_primary_stadium,,United States,False,False,63104,1,True,True,True,True,
2017_REG_07_NO_GB_20171022,2017,REG,7,2017-10-22,13:00,NO,New Orleans Saints,NO,GB,Green Bay Packers,GB,Lambeau Field,Lambeau Field,Lambeau Field,Lambeau Field,home_team_primary_stadium,,United States,False,False,78380,1,True,True,True,True,
2017_REG_07_NYJ_MIA_20171022,2017,REG,7,2017-10-22,13:00,NYJ,New York Jets,NYJ,MIA,Miami Dolphins,MIA,Hard Rock Stadium,Hard Rock Stadium,Hard Rock Stadium,Hard Rock Stadium,home_team_primary_stadium,,United States,False,False,65025,1,True,True,True,True,
2017_REG_07_SEA_NYG_20171022,2017,REG,7,2017-10-22,16:25,SEA,Seattle Seahawks,SEA,NYG,New York Giants,NYG,MetLife Stadium,MetLife Stadium,MetLife Stadium,MetLife Stadium,home_team_primary_stadium,,United States,False,False,78527,1,True,True,True,True,
2017_REG_07_TB_BUF_20171022,2017,REG,7,2017-10-22,13:00,TB,Tampa Bay Buccaneers,TB,BUF,Buffalo Bills,BUF,Highmark Stadium,New Era Field,Highmark Stadium,Highmark Stadium,home_team_primary_stadium,,United States,False,False,68561,1,True,True,True,True,
2017_REG_07_TEN_CLE_20171022,2017,REG,7,2017-10-22,13:00,TEN,Tennessee Titans,TEN,CLE,Cleveland Browns,CLE,Huntington Bank Field,FirstEnergy Stadium,Huntington Bank Field,Huntington Bank Field,home_team_primary_stadium,,United States,False,False,59061,1,True,True,True,True,
2017_REG_07_WSH_PHI_20171023,2017,REG,7,2017-10-23,20:30,WSH,Washington Commanders,WAS,PHI,Philadelphia Eagles,PHI,Lincoln Financial Field,Lincoln Financial Field,Lincoln Financial Field,Lincoln Financial Field,home_team_primary_stadium,,United States,False,False,69596,1,True,True,True,True,
2017_REG_08_MIA_BAL_20171026,2017,REG,8,2017-10-26,20:25,MIA,Miami Dolphins,MIA,BAL,Baltimore Ravens,BAL,M&T Bank Stadium,M&T Bank Stadium,M&T Bank Stadium,M&T Bank Stadium,home_team_primary_stadium,,United States,False,False,70408,1,True,True,True,True,
2017_REG_08_ATL_NYJ_20171029,2017,REG,8,2017-10-29,13:00,ATL,Atlanta Falcons,ATL,NYJ,New York Jets,NYJ,MetLife Stadium,MetLife Stadium,MetLife Stadium,MetLife Stadium,home_team_primary_stadium,,United States,False,False,77562,1,True,True,True,True,
2017_REG_08_CAR_TB_20171029,2017,REG,8,2017-10-29,13:00,CAR,Carolina Panthers,CAR,TB,Tampa Bay Buccaneers,TB,Raymond James Stadium,Raymond James Stadium,Raymond James Stadium,Raymond James Stadium,home_team_primary_stadium,,United States,False,False,58545,1,True,True,True,True,
2017_REG_08_CHI_NO_20171029,2017,REG,8,2017-10-29,13:00,CHI,Chicago Bears,CHI,NO,New Orleans Saints,NO,Caesars Superdome,Mercedes-Benz Superdome,Caesars Superdome,Caesars Superdome,home_team_primary_stadium,,United States,False,False,73192,1,True,True,True,True,
2017_REG_08_DAL_WSH_20171029,2017,REG,8,2017-10-29,16:25,DAL,Dallas Cowboys,DAL,WSH,Washington Commanders,WAS,Northwest Stadium,FedExField,Northwest Stadium,Northwest Stadium,home_team_primary_stadium,,United States,False,False,78428,1,True,True,True,True,
2017_REG_08_HOU_SEA_20171029,2017,REG,8,2017-10-29,16:05,HOU,Houston Texans,HOU,SEA,Seattle Seahawks,SEA,Lumen Field,CenturyLink Field,Lumen Field,Lumen Field,home_team_primary_stadium,,United States,False,False,69025,1,True,True,True,True,
2017_REG_08_IND_CIN_20171029,2017,REG,8,2017-10-29,13:00,IND,Indianapolis Colts,IND,CIN,Cincinnati Bengals,CIN,Paycor Stadium,Paul Brown Stadium,Paycor Stadium,Paycor Stadium,home_team_primary_stadium,,United States,False,False,57901,1,True,True,True,True,
2017_REG_08_LAC_NE_20171029,2017,REG,8,2017-10-29,13:00,LAC,Los Angeles Chargers,LAC,NE,New England Patriots,NE,Gillette Stadium,Gillette Stadium,Gillette Stadium,Gillette Stadium,home_team_primary_stadium,,United States,False,False,65878,1,True,True,True,True,
2017_REG_08_LV_BUF_20171029,2017,REG,8,2017-10-29,13:00,LV,Las Vegas Raiders,OAK,BUF,Buffalo Bills,BUF,Highmark Stadium,New Era Field,Highmark Stadium,Highmark Stadium,home_team_primary_stadium,,United States,False,False,69599,1,True,True,True,True,
2017_REG_08_MIN_CLE_20171029,2017,REG,8,2017-10-29,21:30,MIN,Minnesota Vikings,MIN,CLE,Cleveland Browns,CLE,Twickenham Stadium,Twickenham Stadium,Huntington Bank Field,Twickenham Stadium,actual_game_venue,,United States,True,False,74237,1,True,True,True,True,
2017_REG_08_PIT_DET_20171029,2017,REG,8,2017-10-29,20:30,PIT,Pittsburgh Steelers,PIT,DET,Detroit Lions,DET,Ford Field,Ford Field,Ford Field,Ford Field,home_team_primary_stadium,,United States,False,False,64983,1,True,True,True,True,
2017_REG_08_SF_PHI_20171029,2017,REG,8,2017-10-29,13:00,SF,San Francisco 49ers,SF,PHI,Philadelphia Eagles,PHI,Lincoln Financial Field,Lincoln Financial Field,Lincoln Financial Field,Lincoln Financial Field,home_team_primary_stadium,,United States,False,False,69596,1,True,True,True,True,
2017_REG_08_DEN_KC_20171030,2017,REG,8,2017-10-30,20:30,DEN,Denver Broncos,DEN,KC,Kansas City Chiefs,KC,Arrowhead Stadium,Arrowhead Stadium,Arrowhead Stadium,Arrowhead Stadium,home_team_primary_stadium,,United States,False,False,76573,1,True,True,True,True,
2017_REG_09_BUF_NYJ_20171102,2017,REG,9,2017-11-02,20:25,BUF,Buffalo Bills,BUF,NYJ,New York Jets,NYJ,MetLife Stadium,MetLife Stadium,MetLife Stadium,MetLife Stadium,home_team_primary_stadium,,United States,False,False,77562,1,True,True,True,True,
2017_REG_09_ARI_SF_20171105,2017,REG,9,2017-11-05,16:05,ARI,Arizona Cardinals,ARI,SF,San Francisco 49ers,SF,Levi's Stadium,Levi's Stadium,Levi's Stadium,Levi's Stadium,home_team_primary_stadium,,United States,False,False,70133,1,True,True,True,True,
2017_REG_09_ATL_CAR_20171105,2017,REG,9,2017-11-05,13:00,ATL,Atlanta Falcons,ATL,CAR,Carolina Panthers,CAR,Bank of America Stadium,Bank of America Stadium,Bank of America Stadium,Bank of America Stadium,home_team_primary_stadium,,United States,False,False,74244,1,True,True,True,True,
2017_REG_09_BAL_TEN_20171105,2017,REG,9,2017-11-05,13:00,BAL,Baltimore Ravens,BAL,TEN,Tennessee Titans,TEN,Nissan Stadium,Nissan Stadium,Nissan Stadium,Nissan Stadium,home_team_primary_stadium,,United States,False,False,67322,1,True,True,True,True,
2017_REG_09_CIN_JAX_20171105,2017,REG,9,2017-11-05,13:00,CIN,Cincinnati Bengals,CIN,JAX,Jacksonville Jaguars,JAX,EverBank Stadium,EverBank Field,EverBank Stadium,EverBank Stadium,home_team_primary_stadium,,United States,False,False,60720,1,True,True,True,True,
2017_REG_09_DEN_PHI_20171105,2017,REG,9,2017-11-05,13:00,DEN,Denver Broncos,DEN,PHI,Philadelphia Eagles,PHI,Lincoln Financial Field,Lincoln Financial Field,Lincoln Financial Field,Lincoln Financial Field,home_team_primary_stadium,,United States,False,False,69596,1,True,True,True,True,
2017_REG_09_IND_HOU_20171105,2017,REG,9,2017-11-05,13:00,IND,Indianapolis Colts,IND,HOU,Houston Texans,HOU,NRG Stadium,NRG Stadium,NRG Stadium,NRG Stadium,home_team_primary_stadium,,United States,False,False,71709,1,True,True,True,True,
2017_REG_09_KC_DAL_20171105,2017,REG,9,2017-11-05,16:25,KC,Kansas City Chiefs,KC,DAL,Dallas Cowboys,DAL,AT&T Stadium,AT&T Stadium,AT&T Stadium,AT&T Stadium,home_team_primary_stadium,,United States,False,False,93273,1,True,True,True,True,
2017_REG_09_LAR_NYG_20171105,2017,REG,9,2017-11-05,13:00,LAR,Los Angeles Rams,LA,NYG,New York Giants,NYG,MetLife Stadium,MetLife Stadium,MetLife Stadium,MetLife Stadium,home_team_primary_stadium,,United States,False,False,76877,1,True,True,True,True,
2017_REG_09_LV_MIA_20171105,2017,REG,9,2017-11-05,20:30,LV,Las Vegas Raiders,OAK,MIA,Miami Dolphins,MIA,Hard Rock Stadium,Hard Rock Stadium,Hard Rock Stadium,Hard Rock Stadium,home_team_primary_stadium,,United States,False,False,65139,1,True,True,True,True,
2017_REG_09_TB_NO_20171105,2017,REG,9,2017-11-05,13:00,TB,Tampa Bay Buccaneers,TB,NO,New Orleans Saints,NO,Caesars Superdome,Mercedes-Benz Superdome,Caesars Superdome,Caesars Superdome,home_team_primary_stadium,,United States,False,False,73121,1,True,True,True,True,
2017_REG_09_WSH_SEA_20171105,2017,REG,9,2017-11-05,16:05,WSH,Washington Commanders,WAS,SEA,Seattle Seahawks,SEA,Lumen Field,CenturyLink Field,Lumen Field,Lumen Field,home_team_primary_stadium,,United States,False,False,68927,1,True,True,True,True,
2017_REG_09_DET_GB_20171106,2017,REG,9,2017-11-06,20:30,DET,Detroit Lions,DET,GB,Green Bay Packers,GB,Lambeau Field,Lambeau Field,Lambeau Field,Lambeau Field,home_team_primary_stadium,,United States,False,False,77575,1,True,True,True,True,
2017_REG_10_SEA_ARI_20171109,2017,REG,10,2017-11-09,20:25,SEA,Seattle Seahawks,SEA,ARI,Arizona Cardinals,ARI,State Farm Stadium,University of Phoenix Stadium,State Farm Stadium,State Farm Stadium,home_team_primary_stadium,,United States,False,False,64639,1,True,True,True,True,
2017_REG_10_CIN_TEN_20171112,2017,REG,10,2017-11-12,13:00,CIN,Cincinnati Bengals,CIN,TEN,Tennessee Titans,TEN,Nissan Stadium,Nissan Stadium,Nissan Stadium,Nissan Stadium,home_team_primary_stadium,,United States,False,False,67432,1,True,True,True,True,
2017_REG_10_CLE_DET_20171112,2017,REG,10,2017-11-12,13:00,CLE,Cleveland Browns,CLE,DET,Detroit Lions,DET,Ford Field,Ford Field,Ford Field,Ford Field,home_team_primary_stadium,,United States,False,False,64646,1,True,True,True,True,
2017_REG_10_DAL_ATL_20171112,2017,REG,10,2017-11-12,16:25,DAL,Dallas Cowboys,DAL,ATL,Atlanta Falcons,ATL,Mercedes-Benz Stadium,Mercedes-Benz Stadium,Mercedes-Benz Stadium,Mercedes-Benz Stadium,home_team_primary_stadium,,United States,False,False,73761,1,True,True,True,True,
2017_REG_10_GB_CHI_20171112,2017,REG,10,2017-11-12,13:00,GB,Green Bay Packers,GB,CHI,Chicago Bears,CHI,Soldier Field,Soldier Field,Soldier Field,Soldier Field,home_team_primary_stadium,,United States,False,False,61285,1,True,True,True,True,
2017_REG_10_HOU_LAR_20171112,2017,REG,10,2017-11-12,16:05,HOU,Houston Texans,HOU,LAR,Los Angeles Rams,LA,Los Angeles Memorial Coliseum,Los Angeles Memorial Coliseum,SoFi Stadium,Los Angeles Memorial Coliseum,actual_game_venue,,United States,True,False,60032,1,True,True,True,True,
2017_REG_10_LAC_JAX_20171112,2017,REG,10,2017-11-12,13:00,LAC,Los Angeles Chargers,LAC,JAX,Jacksonville Jaguars,JAX,EverBank Stadium,EverBank Field,EverBank Stadium,EverBank Stadium,home_team_primary_stadium,,United States,False,False,60835,1,True,True,True,True,
2017_REG_10_MIN_WSH_20171112,2017,REG,10,2017-11-12,13:00,MIN,Minnesota Vikings,MIN,WSH,Washington Commanders,WAS,Northwest Stadium,FedExField,Northwest Stadium,Northwest Stadium,home_team_primary_stadium,,United States,False,False,74476,1,True,True,True,True,
2017_REG_10_NE_DEN_20171112,2017,REG,10,2017-11-12,20:30,NE,New England Patriots,NE,DEN,Denver Broncos,DEN,Empower Field at Mile High,Sports Authority Field at Mile High,Empower Field at Mile High,Empower Field at Mile High,home_team_primary_stadium,,United States,False,False,76820,1,True,True,True,True,
2017_REG_10_NO_BUF_20171112,2017,REG,10,2017-11-12,13:00,NO,New Orleans Saints,NO,BUF,Buffalo Bills,BUF,Highmark Stadium,New Era Field,Highmark Stadium,Highmark Stadium,home_team_primary_stadium,,United States,False,False,67501,1,True,True,True,True,
2017_REG_10_NYG_SF_20171112,2017,REG,10,2017-11-12,16:25,NYG,New York Giants,NYG,SF,San Francisco 49ers,SF,Levi's Stadium,Levi's Stadium,Levi's Stadium,Levi's Stadium,home_team_primary_stadium,,United States,False,False,70133,1,True,True,True,True,
2017_REG_10_NYJ_TB_20171112,2017,REG,10,2017-11-12,13:00,NYJ,New York Jets,NYJ,TB,Tampa Bay Buccaneers,TB,Raymond James Stadium,Raymond James Stadium,Raymond James Stadium,Raymond James Stadium,home_team_primary_stadium,,United States,False,False,57911,1,True,True,True,True,
2017_REG_10_PIT_IND_20171112,2017,REG,10,2017-11-12,13:00,PIT,Pittsburgh Steelers,PIT,IND,Indianapolis Colts,IND,Lucas Oil Stadium,Lucas Oil Stadium,Lucas Oil Stadium,Lucas Oil Stadium,home_team_primary_stadium,,United States,False,False,66146,1,True,True,True,True,
2017_REG_10_MIA_CAR_20171113,2017,REG,10,2017-11-13,20:30,MIA,Miami Dolphins,MIA,CAR,Carolina Panthers,CAR,Bank of America Stadium,Bank of America Stadium,Bank of America Stadium,Bank of America Stadium,home_team_primary_stadium,,United States,False,False,72790,1,True,True,True,True,
2017_REG_11_TEN_PIT_20171116,2017,REG,11,2017-11-16,20:25,TEN,Tennessee Titans,TEN,PIT,Pittsburgh Steelers,PIT,Acrisure Stadium,Heinz Field,Acrisure Stadium,Acrisure Stadium,home_team_primary_stadium,,United States,False,False,60703,1,True,True,True,True,
2017_REG_11_ARI_HOU_20171119,2017,REG,11,2017-11-19,13:00,ARI,Arizona Cardinals,ARI,HOU,Houston Texans,HOU,NRG Stadium,NRG Stadium,NRG Stadium,NRG Stadium,home_team_primary_stadium,,United States,False,False,71680,1,True,True,True,True,
2017_REG_11_BAL_GB_20171119,2017,REG,11,2017-11-19,13:00,BAL,Baltimore Ravens,BAL,GB,Green Bay Packers,GB,Lambeau Field,Lambeau Field,Lambeau Field,Lambeau Field,home_team_primary_stadium,,United States,False,False,77945,1,True,True,True,True,
2017_REG_11_BUF_LAC_20171119,2017,REG,11,2017-11-19,16:05,BUF,Buffalo Bills,BUF,LAC,Los Angeles Chargers,LAC,StubHub Center,StubHub Center,SoFi Stadium,StubHub Center,actual_game_venue,,United States,True,False,25015,1,True,True,True,True,
2017_REG_11_CIN_DEN_20171119,2017,REG,11,2017-11-19,16:25,CIN,Cincinnati Bengals,CIN,DEN,Denver Broncos,DEN,Empower Field at Mile High,Sports Authority Field at Mile High,Empower Field at Mile High,Empower Field at Mile High,home_team_primary_stadium,,United States,False,False,75707,1,True,True,True,True,
2017_REG_11_DET_CHI_20171119,2017,REG,11,2017-11-19,13:00,DET,Detroit Lions,DET,CHI,Chicago Bears,CHI,Soldier Field,Soldier Field,Soldier Field,Soldier Field,home_team_primary_stadium,,United States,False,False,60635,1,True,True,True,True,
2017_REG_11_JAX_CLE_20171119,2017,REG,11,2017-11-19,13:00,JAX,Jacksonville Jaguars,JAX,CLE,Cleveland Browns,CLE,Huntington Bank Field,FirstEnergy Stadium,Huntington Bank Field,Huntington Bank Field,home_team_primary_stadium,,United States,False,False,57003,1,True,True,True,True,
2017_REG_11_KC_NYG_20171119,2017,REG,11,2017-11-19,13:00,KC,Kansas City Chiefs,KC,NYG,New York Giants,NYG,MetLife Stadium,MetLife Stadium,MetLife Stadium,MetLife Stadium,home_team_primary_stadium,,United States,False,False,76363,1,True,True,True,True,
2017_REG_11_LAR_MIN_20171119,2017,REG,11,2017-11-19,13:00,LAR,Los Angeles Rams,LA,MIN,Minnesota Vikings,MIN,U.S. Bank Stadium,U.S. Bank Stadium,U.S. Bank Stadium,U.S. Bank Stadium,home_team_primary_stadium,,United States,False,False,66809,1,True,True,True,True,
2017_REG_11_NE_LV_20171119,2017,REG,11,2017-11-19,16:25,NE,New England Patriots,NE,LV,Las Vegas Raiders,OAK,Estadio Azteca,Azteca Stadium,Allegiant Stadium,Estadio Azteca,actual_game_venue,Mexico City,Mexico,True,True,77357,1,True,True,True,True,
2017_REG_11_PHI_DAL_20171119,2017,REG,11,2017-11-19,20:30,PHI,Philadelphia Eagles,PHI,DAL,Dallas Cowboys,DAL,AT&T Stadium,AT&T Stadium,AT&T Stadium,AT&T Stadium,home_team_primary_stadium,,United States,False,False,93247,1,True,True,True,True,
2017_REG_11_TB_MIA_20171119,2017,REG,11,2017-11-19,13:00,TB,Tampa Bay Buccaneers,TB,MIA,Miami Dolphins,MIA,Hard Rock Stadium,Hard Rock Stadium,Hard Rock Stadium,Hard Rock Stadium,home_team_primary_stadium,,United States,False,False,65089,1,True,True,True,True,
2017_REG_11_WSH_NO_20171119,2017,REG,11,2017-11-19,13:00,WSH,Washington Commanders,WAS,NO,New Orleans Saints,NO,Caesars Superdome,Mercedes-Benz Superdome,Caesars Superdome,Caesars Superdome,home_team_primary_stadium,,United States,False,False,73138,1,True,True,True,True,
2017_REG_11_ATL_SEA_20171120,2017,REG,11,2017-11-20,20:30,ATL,Atlanta Falcons,ATL,SEA,Seattle Seahawks,SEA,Lumen Field,CenturyLink Field,Lumen Field,Lumen Field,home_team_primary_stadium,,United States,False,False,69026,1,True,True,True,True,
2017_REG_12_LAC_DAL_20171123,2017,REG,12,2017-11-23,16:30,LAC,Los Angeles Chargers,LAC,DAL,Dallas Cowboys,DAL,AT&T Stadium,AT&T Stadium,AT&T Stadium,AT&T Stadium,home_team_primary_stadium,,United States,False,False,93012,1,True,True,True,True,
2017_REG_12_MIN_DET_20171123,2017,REG,12,2017-11-23,12:30,MIN,Minnesota Vikings,MIN,DET,Detroit Lions,DET,Ford Field,Ford Field,Ford Field,Ford Field,home_team_primary_stadium,,United States,False,False,66613,1,True,True,True,True,
2017_REG_12_NYG_WSH_20171123,2017,REG,12,2017-11-23,20:30,NYG,New York Giants,NYG,WSH,Washington Commanders,WAS,Northwest Stadium,FedExField,Northwest Stadium,Northwest Stadium,home_team_primary_stadium,,United States,False,False,73210,1,True,True,True,True,
2017_REG_12_BUF_KC_20171126,2017,REG,12,2017-11-26,13:00,BUF,Buffalo Bills,BUF,KC,Kansas City Chiefs,KC,Arrowhead Stadium,Arrowhead Stadium,Arrowhead Stadium,Arrowhead Stadium,home_team_primary_stadium,,United States,False,False,74929,1,True,True,True,True,
2017_REG_12_CAR_NYJ_20171126,2017,REG,12,2017-11-26,13:00,CAR,Carolina Panthers,CAR,NYJ,New York Jets,NYJ,MetLife Stadium,MetLife Stadium,MetLife Stadium,MetLife Stadium,home_team_primary_stadium,,United States,False,False,77562,1,True,True,True,True,
2017_REG_12_CHI_PHI_20171126,2017,REG,12,2017-11-26,13:00,CHI,Chicago Bears,CHI,PHI,Philadelphia Eagles,PHI,Lincoln Financial Field,Lincoln Financial Field,Lincoln Financial Field,Lincoln Financial Field,home_team_primary_stadium,,United States,False,False,69596,1,True,True,True,True,
2017_REG_12_CLE_CIN_20171126,2017,REG,12,2017-11-26,13:00,CLE,Cleveland Browns,CLE,CIN,Cincinnati Bengals,CIN,Paycor Stadium,Paul Brown Stadium,Paycor Stadium,Paycor Stadium,home_team_primary_stadium,,United States,False,False,51710,1,True,True,True,True,
2017_REG_12_DEN_LV_20171126,2017,REG,12,2017-11-26,16:25,DEN,Denver Broncos,DEN,LV,Las Vegas Raiders,OAK,Oakland Coliseum,Oakland-Alameda County Coliseum,Allegiant Stadium,Oakland Coliseum,actual_game_venue,,United States,True,False,53930,1,True,True,True,True,
2017_REG_12_GB_PIT_20171126,2017,REG,12,2017-11-26,20:30,GB,Green Bay Packers,GB,PIT,Pittsburgh Steelers,PIT,Acrisure Stadium,Heinz Field,Acrisure Stadium,Acrisure Stadium,home_team_primary_stadium,,United States,False,False,62147,1,True,True,True,True,
2017_REG_12_JAX_ARI_20171126,2017,REG,12,2017-11-26,16:25,JAX,Jacksonville Jaguars,JAX,ARI,Arizona Cardinals,ARI,State Farm Stadium,University of Phoenix Stadium,State Farm Stadium,State Farm Stadium,home_team_primary_stadium,,United States,False,False,63891,1,True,True,True,True,
2017_REG_12_MIA_NE_20171126,2017,REG,12,2017-11-26,13:00,MIA,Miami Dolphins,MIA,NE,New England Patriots,NE,Gillette Stadium,Gillette Stadium,Gillette Stadium,Gillette Stadium,home_team_primary_stadium,,United States,False,False,65878,1,True,True,True,True,
2017_REG_12_NO_LAR_20171126,2017,REG,12,2017-11-26,16:25,NO,New Orleans Saints,NO,LAR,Los Angeles Rams,LA,Los Angeles Memorial Coliseum,Los Angeles Memorial Coliseum,SoFi Stadium,Los Angeles Memorial Coliseum,actual_game_venue,,United States,True,False,62006,1,True,True,True,True,
2017_REG_12_SEA_SF_20171126,2017,REG,12,2017-11-26,16:05,SEA,Seattle Seahawks,SEA,SF,San Francisco 49ers,SF,Levi's Stadium,Levi's Stadium,Levi's Stadium,Levi's Stadium,home_team_primary_stadium,,United States,False,False,70134,1,True,True,True,True,
2017_REG_12_TB_ATL_20171126,2017,REG,12,2017-11-26,13:00,TB,Tampa Bay Buccaneers,TB,ATL,Atlanta Falcons,ATL,Mercedes-Benz Stadium,Mercedes-Benz Stadium,Mercedes-Benz Stadium,Mercedes-Benz Stadium,home_team_primary_stadium,,United States,False,False,71036,1,True,True,True,True,
2017_REG_12_TEN_IND_20171126,2017,REG,12,2017-11-26,13:00,TEN,Tennessee Titans,TEN,IND,Indianapolis Colts,IND,Lucas Oil Stadium,Lucas Oil Stadium,Lucas Oil Stadium,Lucas Oil Stadium,home_team_primary_stadium,,United States,False,False,62207,1,True,True,True,True,
2017_REG_12_HOU_BAL_20171127,2017,REG,12,2017-11-27,20:30,HOU,Houston Texans,HOU,BAL,Baltimore Ravens,BAL,M&T Bank Stadium,M&T Bank Stadium,M&T Bank Stadium,M&T Bank Stadium,home_team_primary_stadium,,United States,False,False,70357,1,True,True,True,True,
2017_REG_13_WSH_DAL_20171130,2017,REG,13,2017-11-30,20:25,WSH,Washington Commanders,WAS,DAL,Dallas Cowboys,DAL,AT&T Stadium,AT&T Stadium,AT&T Stadium,AT&T Stadium,home_team_primary_stadium,,United States,False,False,91712,1,True,True,True,True,
2017_REG_13_CAR_NO_20171203,2017,REG,13,2017-12-03,16:25,CAR,Carolina Panthers,CAR,NO,New Orleans Saints,NO,Caesars Superdome,Mercedes-Benz Superdome,Caesars Superdome,Caesars Superdome,home_team_primary_stadium,,United States,False,False,73171,1,True,True,True,True,
2017_REG_13_CLE_LAC_20171203,2017,REG,13,2017-12-03,16:05,CLE,Cleveland Browns,CLE,LAC,Los Angeles Chargers,LAC,StubHub Center,StubHub Center,SoFi Stadium,StubHub Center,actual_game_venue,,United States,True,False,25320,1,True,True,True,True,
2017_REG_13_DEN_MIA_20171203,2017,REG,13,2017-12-03,13:00,DEN,Denver Broncos,DEN,MIA,Miami Dolphins,MIA,Hard Rock Stadium,Hard Rock Stadium,Hard Rock Stadium,Hard Rock Stadium,home_team_primary_stadium,,United States,False,False,65092,1,True,True,True,True,
2017_REG_13_DET_BAL_20171203,2017,REG,13,2017-12-03,13:00,DET,Detroit Lions,DET,BAL,Baltimore Ravens,BAL,M&T Bank Stadium,M&T Bank Stadium,M&T Bank Stadium,M&T Bank Stadium,home_team_primary_stadium,,United States,False,False,70500,1,True,True,True,True,
2017_REG_13_HOU_TEN_20171203,2017,REG,13,2017-12-03,13:00,HOU,Houston Texans,HOU,TEN,Tennessee Titans,TEN,Nissan Stadium,Nissan Stadium,Nissan Stadium,Nissan Stadium,home_team_primary_stadium,,United States,False,False,62758,1,True,True,True,True,
2017_REG_13_IND_JAX_20171203,2017,REG,13,2017-12-03,13:00,IND,Indianapolis Colts,IND,JAX,Jacksonville Jaguars,JAX,EverBank Stadium,EverBank Field,EverBank Stadium,EverBank Stadium,home_team_primary_stadium,,United States,False,False,61207,1,True,True,True,True,
2017_REG_13_KC_NYJ_20171203,2017,REG,13,2017-12-03,13:00,KC,Kansas City Chiefs,KC,NYJ,New York Jets,NYJ,MetLife Stadium,MetLife Stadium,MetLife Stadium,MetLife Stadium,home_team_primary_stadium,,United States,False,False,77562,1,True,True,True,True,
2017_REG_13_LAR_ARI_20171203,2017,REG,13,2017-12-03,16:25,LAR,Los Angeles Rams,LA,ARI,Arizona Cardinals,ARI,State Farm Stadium,University of Phoenix Stadium,State Farm Stadium,State Farm Stadium,home_team_primary_stadium,,United States,False,False,63986,1,True,True,True,True,
2017_REG_13_MIN_ATL_20171203,2017,REG,13,2017-12-03,13:00,MIN,Minnesota Vikings,MIN,ATL,Atlanta Falcons,ATL,Mercedes-Benz Stadium,Mercedes-Benz Stadium,Mercedes-Benz Stadium,Mercedes-Benz Stadium,home_team_primary_stadium,,United States,False,False,71185,1,True,True,True,True,
2017_REG_13_NE_BUF_20171203,2017,REG,13,2017-12-03,13:00,NE,New England Patriots,NE,BUF,Buffalo Bills,BUF,Highmark Stadium,New Era Field,Highmark Stadium,Highmark Stadium,home_team_primary_stadium,,United States,False,False,68499,1,True,True,True,True,
2017_REG_13_NYG_LV_20171203,2017,REG,13,2017-12-03,16:25,NYG,New York Giants,NYG,LV,Las Vegas Raiders,OAK,Oakland Coliseum,Oakland-Alameda County Coliseum,Allegiant Stadium,Oakland Coliseum,actual_game_venue,,United States,True,False,54994,1,True,True,True,True,
2017_REG_13_PHI_SEA_20171203,2017,REG,13,2017-12-03,20:30,PHI,Philadelphia Eagles,PHI,SEA,Seattle Seahawks,SEA,Lumen Field,CenturyLink Field,Lumen Field,Lumen Field,home_team_primary_stadium,,United States,False,False,69075,1,True,True,True,True,
2017_REG_13_SF_CHI_20171203,2017,REG,13,2017-12-03,13:00,SF,San Francisco 49ers,SF,CHI,Chicago Bears,CHI,Soldier Field,Soldier Field,Soldier Field,Soldier Field,home_team_primary_stadium,,United States,False,False,61302,1,True,True,True,True,
2017_REG_13_TB_GB_20171203,2017,REG,13,2017-12-03,13:00,TB,Tampa Bay Buccaneers,TB,GB,Green Bay Packers,GB,Lambeau Field,Lambeau Field,Lambeau Field,Lambeau Field,home_team_primary_stadium,,United States,False,False,77684,1,True,True,True,True,
2017_REG_13_PIT_CIN_20171204,2017,REG,13,2017-12-04,20:30,PIT,Pittsburgh Steelers,PIT,CIN,Cincinnati Bengals,CIN,Paycor Stadium,Paul Brown Stadium,Paycor Stadium,Paycor Stadium,home_team_primary_stadium,,United States,False,False,56029,1,True,True,True,True,
2017_REG_14_NO_ATL_20171207,2017,REG,14,2017-12-07,20:25,NO,New Orleans Saints,NO,ATL,Atlanta Falcons,ATL,Mercedes-Benz Stadium,Mercedes-Benz Stadium,Mercedes-Benz Stadium,Mercedes-Benz Stadium,home_team_primary_stadium,,United States,False,False,72866,1,True,True,True,True,
2017_REG_14_BAL_PIT_20171210,2017,REG,14,2017-12-10,20:30,BAL,Baltimore Ravens,BAL,PIT,Pittsburgh Steelers,PIT,Acrisure Stadium,Heinz Field,Acrisure Stadium,Acrisure Stadium,home_team_primary_stadium,,United States,False,False,60069,1,True,True,True,True,
2017_REG_14_CHI_CIN_20171210,2017,REG,14,2017-12-10,13:00,CHI,Chicago Bears,CHI,CIN,Cincinnati Bengals,CIN,Paycor Stadium,Paul Brown Stadium,Paycor Stadium,Paycor Stadium,home_team_primary_stadium,,United States,False,False,52002,1,True,True,True,True,
2017_REG_14_DAL_NYG_20171210,2017,REG,14,2017-12-10,13:00,DAL,Dallas Cowboys,DAL,NYG,New York Giants,NYG,MetLife Stadium,MetLife Stadium,MetLife Stadium,MetLife Stadium,home_team_primary_stadium,,United States,False,False,78125,1,True,True,True,True,
2017_REG_14_DET_TB_20171210,2017,REG,14,2017-12-10,13:00,DET,Detroit Lions,DET,TB,Tampa Bay Buccaneers,TB,Raymond James Stadium,Raymond James Stadium,Raymond James Stadium,Raymond James Stadium,home_team_primary_stadium,,United States,False,False,60372,1,True,True,True,True,
2017_REG_14_GB_CLE_20171210,2017,REG,14,2017-12-10,13:00,GB,Green Bay Packers,GB,CLE,Cleveland Browns,CLE,Huntington Bank Field,FirstEnergy Stadium,Huntington Bank Field,Huntington Bank Field,home_team_primary_stadium,,United States,False,False,67431,1,True,True,True,True,
2017_REG_14_IND_BUF_20171210,2017,REG,14,2017-12-10,13:00,IND,Indianapolis Colts,IND,BUF,Buffalo Bills,BUF,Highmark Stadium,New Era Field,Highmark Stadium,Highmark Stadium,home_team_primary_stadium,,United States,False,False,60222,1,True,True,True,True,
2017_REG_14_LV_KC_20171210,2017,REG,14,2017-12-10,13:00,LV,Las Vegas Raiders,OAK,KC,Kansas City Chiefs,KC,Arrowhead Stadium,Arrowhead Stadium,Arrowhead Stadium,Arrowhead Stadium,home_team_primary_stadium,,United States,False,False,74461,1,True,True,True,True,
2017_REG_14_MIN_CAR_20171210,2017,REG,14,2017-12-10,13:00,MIN,Minnesota Vikings,MIN,CAR,Carolina Panthers,CAR,Bank of America Stadium,Bank of America Stadium,Bank of America Stadium,Bank of America Stadium,home_team_primary_stadium,,United States,False,False,73728,1,True,True,True,True,
2017_REG_14_NYJ_DEN_20171210,2017,REG,14,2017-12-10,16:05,NYJ,New York Jets,NYJ,DEN,Denver Broncos,DEN,Empower Field at Mile High,Sports Authority Field at Mile High,Empower Field at Mile High,Empower Field at Mile High,home_team_primary_stadium,,United States,False,False,75518,1,True,True,True,True,
2017_REG_14_PHI_LAR_20171210,2017,REG,14,2017-12-10,16:25,PHI,Philadelphia Eagles,PHI,LAR,Los Angeles Rams,LA,Los Angeles Memorial Coliseum,Los Angeles Memorial Coliseum,SoFi Stadium,Los Angeles Memorial Coliseum,actual_game_venue,,United States,True,False,67752,1,True,True,True,True,
2017_REG_14_SEA_JAX_20171210,2017,REG,14,2017-12-10,16:25,SEA,Seattle Seahawks,SEA,JAX,Jacksonville Jaguars,JAX,EverBank Stadium,EverBank Field,EverBank Stadium,EverBank Stadium,home_team_primary_stadium,,United States,False,False,64431,1,True,True,True,True,
2017_REG_14_SF_HOU_20171210,2017,REG,14,2017-12-10,13:00,SF,San Francisco 49ers,SF,HOU,Houston Texans,HOU,NRG Stadium,NRG Stadium,NRG Stadium,NRG Stadium,home_team_primary_stadium,,United States,False,False,71802,1,True,True,True,True,
2017_REG_14_TEN_ARI_20171210,2017,REG,14,2017-12-10,16:05,TEN,Tennessee Titans,TEN,ARI,Arizona Cardinals,ARI,State Farm Stadium,University of Phoenix Stadium,State Farm Stadium,State Farm Stadium,home_team_primary_stadium,,United States,False,False,64153,1,True,True,True,True,
2017_REG_14_WSH_LAC_20171210,2017,REG,14,2017-12-10,16:05,WSH,Washington Commanders,WAS,LAC,Los Angeles Chargers,LAC,StubHub Center,StubHub Center,SoFi Stadium,StubHub Center,actual_game_venue,,United States,True,False,25393,1,True,True,True,True,
2017_REG_14_NE_MIA_20171211,2017,REG,14,2017-12-11,20:30,NE,New England Patriots,NE,MIA,Miami Dolphins,MIA,Hard Rock Stadium,Hard Rock Stadium,Hard Rock Stadium,Hard Rock Stadium,home_team_primary_stadium,,United States,False,False,65548,1,True,True,True,True,
2017_REG_15_DEN_IND_20171214,2017,REG,15,2017-12-14,20:25,DEN,Denver Broncos,DEN,IND,Indianapolis Colts,IND,Lucas Oil Stadium,Lucas Oil Stadium,Lucas Oil Stadium,Lucas Oil Stadium,home_team_primary_stadium,,United States,False,False,63411,1,True,True,True,True,
2017_REG_15_CHI_DET_20171216,2017,REG,15,2017-12-16,16:30,CHI,Chicago Bears,CHI,DET,Detroit Lions,DET,Ford Field,Ford Field,Ford Field,Ford Field,home_team_primary_stadium,,United States,False,False,65872,1,True,True,True,True,
2017_REG_15_LAC_KC_20171216,2017,REG,15,2017-12-16,20:25,LAC,Los Angeles Chargers,LAC,KC,Kansas City Chiefs,KC,Arrowhead Stadium,Arrowhead Stadium,Arrowhead Stadium,Arrowhead Stadium,home_team_primary_stadium,,United States,False,False,75011,1,True,True,True,True,
2017_REG_15_ARI_WSH_20171217,2017,REG,15,2017-12-17,13:00,ARI,Arizona Cardinals,ARI,WSH,Washington Commanders,WAS,Northwest Stadium,FedExField,Northwest Stadium,Northwest Stadium,home_team_primary_stadium,,United States,False,False,71026,1,True,True,True,True,
2017_REG_15_BAL_CLE_20171217,2017,REG,15,2017-12-17,13:00,BAL,Baltimore Ravens,BAL,CLE,Cleveland Browns,CLE,Huntington Bank Field,FirstEnergy Stadium,Huntington Bank Field,Huntington Bank Field,home_team_primary_stadium,,United States,False,False,56434,1,True,True,True,True,
2017_REG_15_CIN_MIN_20171217,2017,REG,15,2017-12-17,13:00,CIN,Cincinnati Bengals,CIN,MIN,Minnesota Vikings,MIN,U.S. Bank Stadium,U.S. Bank Stadium,U.S. Bank Stadium,U.S. Bank Stadium,home_team_primary_stadium,,United States,False,False,66833,1,True,True,True,True,
2017_REG_15_DAL_LV_20171217,2017,REG,15,2017-12-17,20:30,DAL,Dallas Cowboys,DAL,LV,Las Vegas Raiders,OAK,Oakland Coliseum,Oakland-Alameda County Coliseum,Allegiant Stadium,Oakland Coliseum,actual_game_venue,,United States,True,False,55372,1,True,True,True,True,
2017_REG_15_GB_CAR_20171217,2017,REG,15,2017-12-17,13:00,GB,Green Bay Packers,GB,CAR,Carolina Panthers,CAR,Bank of America Stadium,Bank of America Stadium,Bank of America Stadium,Bank of America Stadium,home_team_primary_stadium,,United States,False,False,74447,1,True,True,True,True,
2017_REG_15_HOU_JAX_20171217,2017,REG,15,2017-12-17,13:00,HOU,Houston Texans,HOU,JAX,Jacksonville Jaguars,JAX,EverBank Stadium,EverBank Field,EverBank Stadium,EverBank Stadium,home_team_primary_stadium,,United States,False,False,64701,1,True,True,True,True,
2017_REG_15_LAR_SEA_20171217,2017,REG,15,2017-12-17,16:05,LAR,Los Angeles Rams,LA,SEA,Seattle Seahawks,SEA,Lumen Field,CenturyLink Field,Lumen Field,Lumen Field,home_team_primary_stadium,,United States,False,False,69077,1,True,True,True,True,
2017_REG_15_MIA_BUF_20171217,2017,REG,15,2017-12-17,13:00,MIA,Miami Dolphins,MIA,BUF,Buffalo Bills,BUF,Highmark Stadium,New Era Field,Highmark Stadium,Highmark Stadium,home_team_primary_stadium,,United States,False,False,62202,1,True,True,True,True,
2017_REG_15_NE_PIT_20171217,2017,REG,15,2017-12-17,16:25,NE,New England Patriots,NE,PIT,Pittsburgh Steelers,PIT,Acrisure Stadium,Heinz Field,Acrisure Stadium,Acrisure Stadium,home_team_primary_stadium,,United States,False,False,68574,1,True,True,True,True,
2017_REG_15_NYJ_NO_20171217,2017,REG,15,2017-12-17,13:00,NYJ,New York Jets,NYJ,NO,New Orleans Saints,NO,Caesars Superdome,Mercedes-Benz Superdome,Caesars Superdome,Caesars Superdome,home_team_primary_stadium,,United States,False,False,73018,1,True,True,True,True,
2017_REG_15_PHI_NYG_20171217,2017,REG,15,2017-12-17,13:00,PHI,Philadelphia Eagles,PHI,NYG,New York Giants,NYG,MetLife Stadium,MetLife Stadium,MetLife Stadium,MetLife Stadium,home_team_primary_stadium,,United States,False,False,76896,1,True,True,True,True,
2017_REG_15_TEN_SF_20171217,2017,REG,15,2017-12-17,16:25,TEN,Tennessee Titans,TEN,SF,San Francisco 49ers,SF,Levi's Stadium,Levi's Stadium,Levi's Stadium,Levi's Stadium,home_team_primary_stadium,,United States,False,False,70133,1,True,True,True,True,
2017_REG_15_ATL_TB_20171218,2017,REG,15,2017-12-18,20:30,ATL,Atlanta Falcons,ATL,TB,Tampa Bay Buccaneers,TB,Raymond James Stadium,Raymond James Stadium,Raymond James Stadium,Raymond James Stadium,home_team_primary_stadium,,United States,False,False,62382,1,True,True,True,True,
2017_REG_16_IND_BAL_20171223,2017,REG,16,2017-12-23,16:30,IND,Indianapolis Colts,IND,BAL,Baltimore Ravens,BAL,M&T Bank Stadium,M&T Bank Stadium,M&T Bank Stadium,M&T Bank Stadium,home_team_primary_stadium,,United States,False,False,70590,1,True,True,True,True,
2017_REG_16_MIN_GB_20171223,2017,REG,16,2017-12-23,20:30,MIN,Minnesota Vikings,MIN,GB,Green Bay Packers,GB,Lambeau Field,Lambeau Field,Lambeau Field,Lambeau Field,home_team_primary_stadium,,United States,False,False,78092,1,True,True,True,True,
2017_REG_16_ATL_NO_20171224,2017,REG,16,2017-12-24,13:00,ATL,Atlanta Falcons,ATL,NO,New Orleans Saints,NO,Caesars Superdome,Mercedes-Benz Superdome,Caesars Superdome,Caesars Superdome,home_team_primary_stadium,,United States,False,False,73188,1,True,True,True,True,
2017_REG_16_BUF_NE_20171224,2017,REG,16,2017-12-24,13:00,BUF,Buffalo Bills,BUF,NE,New England Patriots,NE,Gillette Stadium,Gillette Stadium,Gillette Stadium,Gillette Stadium,home_team_primary_stadium,,United States,False,False,65878,1,True,True,True,True,
2017_REG_16_CLE_CHI_20171224,2017,REG,16,2017-12-24,13:00,CLE,Cleveland Browns,CLE,CHI,Chicago Bears,CHI,Soldier Field,Soldier Field,Soldier Field,Soldier Field,home_team_primary_stadium,,United States,False,False,58796,1,True,True,True,True,
2017_REG_16_DEN_WSH_20171224,2017,REG,16,2017-12-24,13:00,DEN,Denver Broncos,DEN,WSH,Washington Commanders,WAS,Northwest Stadium,FedExField,Northwest Stadium,Northwest Stadium,home_team_primary_stadium,,United States,False,False,72889,1,True,True,True,True,
2017_REG_16_DET_CIN_20171224,2017,REG,16,2017-12-24,13:00,DET,Detroit Lions,DET,CIN,Cincinnati Bengals,CIN,Paycor Stadium,Paul Brown Stadium,Paycor Stadium,Paycor Stadium,home_team_primary_stadium,,United States,False,False,47732,1,True,True,True,True,
2017_REG_16_JAX_SF_20171224,2017,REG,16,2017-12-24,16:05,JAX,Jacksonville Jaguars,JAX,SF,San Francisco 49ers,SF,Levi's Stadium,Levi's Stadium,Levi's Stadium,Levi's Stadium,home_team_primary_stadium,,United States,False,False,70133,1,True,True,True,True,
2017_REG_16_LAC_NYJ_20171224,2017,REG,16,2017-12-24,13:00,LAC,Los Angeles Chargers,LAC,NYJ,New York Jets,NYJ,MetLife Stadium,MetLife Stadium,MetLife Stadium,MetLife Stadium,home_team_primary_stadium,,United States,False,False,77562,1,True,True,True,True,
2017_REG_16_LAR_TEN_20171224,2017,REG,16,2017-12-24,13:00,LAR,Los Angeles Rams,LA,TEN,Tennessee Titans,TEN,Nissan Stadium,Nissan Stadium,Nissan Stadium,Nissan Stadium,home_team_primary_stadium,,United States,False,False,60097,1,True,True,True,True,
2017_REG_16_MIA_KC_20171224,2017,REG,16,2017-12-24,13:00,MIA,Miami Dolphins,MIA,KC,Kansas City Chiefs,KC,Arrowhead Stadium,Arrowhead Stadium,Arrowhead Stadium,Arrowhead Stadium,home_team_primary_stadium,,United States,False,False,65325,1,True,True,True,True,
2017_REG_16_NYG_ARI_20171224,2017,REG,16,2017-12-24,16:25,NYG,New York Giants,NYG,ARI,Arizona Cardinals,ARI,State Farm Stadium,University of Phoenix Stadium,State Farm Stadium,State Farm Stadium,home_team_primary_stadium,,United States,False,False,63850,1,True,True,True,True,
2017_REG_16_SEA_DAL_20171224,2017,REG,16,2017-12-24,16:25,SEA,Seattle Seahawks,SEA,DAL,Dallas Cowboys,DAL,AT&T Stadium,AT&T Stadium,AT&T Stadium,AT&T Stadium,home_team_primary_stadium,,United States,False,False,92150,1,True,True,True,True,
2017_REG_16_TB_CAR_20171224,2017,REG,16,2017-12-24,13:00,TB,Tampa Bay Buccaneers,TB,CAR,Carolina Panthers,CAR,Bank of America Stadium,Bank of America Stadium,Bank of America Stadium,Bank of America Stadium,home_team_primary_stadium,,United States,False,False,71463,1,True,True,True,True,
2017_REG_16_LV_PHI_20171225,2017,REG,16,2017-12-25,20:30,LV,Las Vegas Raiders,OAK,PHI,Philadelphia Eagles,PHI,Lincoln Financial Field,Lincoln Financial Field,Lincoln Financial Field,Lincoln Financial Field,home_team_primary_stadium,,United States,False,False,69596,1,True,True,True,True,
2017_REG_16_PIT_HOU_20171225,2017,REG,16,2017-12-25,16:30,PIT,Pittsburgh Steelers,PIT,HOU,Houston Texans,HOU,NRG Stadium,NRG Stadium,NRG Stadium,NRG Stadium,home_team_primary_stadium,,United States,False,False,71842,1,True,True,True,True,
2017_REG_17_ARI_SEA_20171231,2017,REG,17,2017-12-31,16:25,ARI,Arizona Cardinals,ARI,SEA,Seattle Seahawks,SEA,Lumen Field,CenturyLink Field,Lumen Field,Lumen Field,home_team_primary_stadium,,United States,False,False,69078,1,True,True,True,True,
2017_REG_17_BUF_MIA_20171231,2017,REG,17,2017-12-31,16:25,BUF,Buffalo Bills,BUF,MIA,Miami Dolphins,MIA,Hard Rock Stadium,Hard Rock Stadium,Hard Rock Stadium,Hard Rock Stadium,home_team_primary_stadium,,United States,False,False,65571,1,True,True,True,True,
2017_REG_17_CAR_ATL_20171231,2017,REG,17,2017-12-31,16:25,CAR,Carolina Panthers,CAR,ATL,Atlanta Falcons,ATL,Mercedes-Benz Stadium,Mercedes-Benz Stadium,Mercedes-Benz Stadium,Mercedes-Benz Stadium,home_team_primary_stadium,,United States,False,False,74141,1,True,True,True,True,
2017_REG_17_CHI_MIN_20171231,2017,REG,17,2017-12-31,13:00,CHI,Chicago Bears,CHI,MIN,Minnesota Vikings,MIN,U.S. Bank Stadium,U.S. Bank Stadium,U.S. Bank Stadium,U.S. Bank Stadium,home_team_primary_stadium,,United States,False,False,66802,1,True,True,True,True,
2017_REG_17_CIN_BAL_20171231,2017,REG,17,2017-12-31,16:25,CIN,Cincinnati Bengals,CIN,BAL,Baltimore Ravens,BAL,M&T Bank Stadium,M&T Bank Stadium,M&T Bank Stadium,M&T Bank Stadium,home_team_primary_stadium,,United States,False,False,70507,1,True,True,True,True,
2017_REG_17_CLE_PIT_20171231,2017,REG,17,2017-12-31,13:00,CLE,Cleveland Browns,CLE,PIT,Pittsburgh Steelers,PIT,Acrisure Stadium,Heinz Field,Acrisure Stadium,Acrisure Stadium,home_team_primary_stadium,,United States,False,False,50704,1,True,True,True,True,
2017_REG_17_DAL_PHI_20171231,2017,REG,17,2017-12-31,13:00,DAL,Dallas Cowboys,DAL,PHI,Philadelphia Eagles,PHI,Lincoln Financial Field,Lincoln Financial Field,Lincoln Financial Field,Lincoln Financial Field,home_team_primary_stadium,,United States,False,False,69596,1,True,True,True,True,
2017_REG_17_GB_DET_20171231,2017,REG,17,2017-12-31,13:00,GB,Green Bay Packers,GB,DET,Detroit Lions,DET,Ford Field,Ford Field,Ford Field,Ford Field,home_team_primary_stadium,,United States,False,False,62501,1,True,True,True,True,
2017_REG_17_HOU_IND_20171231,2017,REG,17,2017-12-31,13:00,HOU,Houston Texans,HOU,IND,Indianapolis Colts,IND,Lucas Oil Stadium,Lucas Oil Stadium,Lucas Oil Stadium,Lucas Oil Stadium,home_team_primary_stadium,,United States,False,False,60557,1,True,True,True,True,
2017_REG_17_JAX_TEN_20171231,2017,REG,17,2017-12-31,16:25,JAX,Jacksonville Jaguars,JAX,TEN,Tennessee Titans,TEN,Nissan Stadium,Nissan Stadium,Nissan Stadium,Nissan Stadium,home_team_primary_stadium,,United States,False,False,65501,1,True,True,True,True,
2017_REG_17_KC_DEN_20171231,2017,REG,17,2017-12-31,16:25,KC,Kansas City Chiefs,KC,DEN,Denver Broncos,DEN,Empower Field at Mile High,Sports Authority Field at Mile High,Empower Field at Mile High,Empower Field at Mile High,home_team_primary_stadium,,United States,False,False,75928,1,True,True,True,True,
2017_REG_17_LV_LAC_20171231,2017,REG,17,2017-12-31,16:25,LV,Las Vegas Raiders,OAK,LAC,Los Angeles Chargers,LAC,StubHub Center,StubHub Center,SoFi Stadium,StubHub Center,actual_game_venue,,United States,True,False,25430,1,True,True,True,True,
2017_REG_17_NO_TB_20171231,2017,REG,17,2017-12-31,16:25,NO,New Orleans Saints,NO,TB,Tampa Bay Buccaneers,TB,Raymond James Stadium,Raymond James Stadium,Raymond James Stadium,Raymond James Stadium,home_team_primary_stadium,,United States,False,False,55376,1,True,True,True,True,
2017_REG_17_NYJ_NE_20171231,2017,REG,17,2017-12-31,13:00,NYJ,New York Jets,NYJ,NE,New England Patriots,NE,Gillette Stadium,Gillette Stadium,Gillette Stadium,Gillette Stadium,home_team_primary_stadium,,United States,False,False,65878,1,True,True,True,True,
2017_REG_17_SF_LAR_20171231,2017,REG,17,2017-12-31,16:25,SF,San Francisco 49ers,SF,LAR,Los Angeles Rams,LA,Los Angeles Memorial Coliseum,Los Angeles Memorial Coliseum,SoFi Stadium,Los Angeles Memorial Coliseum,actual_game_venue,,United States,True,False,66125,1,True,True,True,True,
2017_REG_17_WSH_NYG_20171231,2017,REG,17,2017-12-31,13:00,WSH,Washington Commanders,WAS,NYG,New York Giants,NYG,MetLife Stadium,MetLife Stadium,MetLife Stadium,MetLife Stadium,home_team_primary_stadium,,United States,False,False,76269,1,True,True,True,True,
2017_POST_18_ATL_LAR_20180106,2017,POST,18,2018-01-06,20:15,ATL,Atlanta Falcons,ATL,LAR,Los Angeles Rams,LA,Los Angeles Memorial Coliseum,Los Angeles Memorial Coliseum,SoFi Stadium,Los Angeles Memorial Coliseum,actual_game_venue,,United States,True,False,,,True,False,False,False,season_week_not_found_in_attendance
2017_POST_18_TEN_KC_20180106,2017,POST,18,2018-01-06,16:36,TEN,Tennessee Titans,TEN,KC,Kansas City Chiefs,KC,Arrowhead Stadium,Arrowhead Stadium,Arrowhead Stadium,Arrowhead Stadium,home_team_primary_stadium,,United States,False,False,,,True,False,False,False,season_week_not_found_in_attendance
2017_POST_18_BUF_JAX_20180107,2017,POST,18,2018-01-07,13:05,BUF,Buffalo Bills,BUF,JAX,Jacksonville Jaguars,JAX,EverBank Stadium,EverBank Field,EverBank Stadium,EverBank Stadium,home_team_primary_stadium,,United States,False,False,,,True,False,False,False,season_week_not_found_in_attendance
2017_POST_18_CAR_NO_20180107,2017,POST,18,2018-01-07,16:40,CAR,Carolina Panthers,CAR,NO,New Orleans Saints,NO,Caesars Superdome,Mercedes-Benz Superdome,Caesars Superdome,Caesars Superdome,home_team_primary_stadium,,United States,False,False,,,True,False,False,False,season_week_not_found_in_attendance
2017_POST_19_ATL_PHI_20180113,2017,POST,19,2018-01-13,16:35,ATL,Atlanta Falcons,ATL,PHI,Philadelphia Eagles,PHI,Lincoln Financial Field,Lincoln Financial Field,Lincoln Financial Field,Lincoln Financial Field,home_team_primary_stadium,,United States,False,False,,,True,False,False,False,season_week_not_found_in_attendance
2017_POST_19_TEN_NE_20180113,2017,POST,19,2018-01-13,20:15,TEN,Tennessee Titans,TEN,NE,New England Patriots,NE,Gillette Stadium,Gillette Stadium,Gillette Stadium,Gillette Stadium,home_team_primary_stadium,,United States,False,False,,,True,False,False,False,season_week_not_found_in_attendance
2017_POST_19_JAX_PIT_20180114,2017,POST,19,2018-01-14,13:05,JAX,Jacksonville Jaguars,JAX,PIT,Pittsburgh Steelers,PIT,Acrisure Stadium,Heinz Field,Acrisure Stadium,Acrisure Stadium,home_team_primary_stadium,,United States,False,False,,,True,False,False,False,season_week_not_found_in_attendance
2017_POST_19_NO_MIN_20180114,2017,POST,19,2018-01-14,16:40,NO,New Orleans Saints,NO,MIN,Minnesota Vikings,MIN,U.S. Bank Stadium,U.S. Bank Stadium,U.S. Bank Stadium,U.S. Bank Stadium,home_team_primary_stadium,,United States,False,False,,,True,False,False,False,season_week_not_found_in_attendance
2017_CON_20_JAX_NE_20180121,2017,CON,20,2018-01-21,15:05,JAX,Jacksonville Jaguars,JAX,NE,New England Patriots,NE,Gillette Stadium,Gillette Stadium,Gillette Stadium,Gillette Stadium,home_team_primary_stadium,,United States,False,False,,,True,False,False,False,season_week_not_found_in_attendance
2017_CON_20_MIN_PHI_20180121,2017,CON,20,2018-01-21,18:41,MIN,Minnesota Vikings,MIN,PHI,Philadelphia Eagles,PHI,Lincoln Financial Field,Lincoln Financial Field,Lincoln Financial Field,Lincoln Financial Field,home_team_primary_stadium,,United States,False,False,,,True,False,False,False,season_week_not_found_in_attendance
2017_POST_21_PHI_NE_20180204,2017,POST,21,2018-02-04,18:31,PHI,Philadelphia Eagles,PHI,NE,New England Patriots,NE,U.S. Bank Stadium,U.S. Bank Stadium,Gillette Stadium,U.S. Bank Stadium,actual_game_venue,,United States,True,False,,,True,False,False,False,season_week_not_found_in_attendance
2018_REG_01_ATL_PHI_20180906,2018,REG,1,2018-09-06,20:20,ATL,Atlanta Falcons,ATL,PHI,Philadelphia Eagles,PHI,Lincoln Financial Field,Lincoln Financial Field,Lincoln Financial Field,Lincoln Financial Field,home_team_primary_stadium,,United States,False,False,69696,1,True,True,True,True,
2018_REG_01_BUF_BAL_20180909,2018,REG,1,2018-09-09,13:00,BUF,Buffalo Bills,BUF,BAL,Baltimore Ravens,BAL,M&T Bank Stadium,M&T Bank Stadium,M&T Bank Stadium,M&T Bank Stadium,home_team_primary_stadium,,United States,False,False,70591,1,True,True,True,True,
2018_REG_01_CHI_GB_20180909,2018,REG,1,2018-09-09,20:20,CHI,Chicago Bears,CHI,GB,Green Bay Packers,GB,Lambeau Field,Lambeau Field,Lambeau Field,Lambeau Field,home_team_primary_stadium,,United States,False,False,78282,1,True,True,True,True,
2018_REG_01_CIN_IND_20180909,2018,REG,1,2018-09-09,13:00,CIN,Cincinnati Bengals,CIN,IND,Indianapolis Colts,IND,Lucas Oil Stadium,Lucas Oil Stadium,Lucas Oil Stadium,Lucas Oil Stadium,home_team_primary_stadium,,United States,False,False,58699,1,True,True,True,True,
2018_REG_01_DAL_CAR_20180909,2018,REG,1,2018-09-09,16:25,DAL,Dallas Cowboys,DAL,CAR,Carolina Panthers,CAR,Bank of America Stadium,Bank of America Stadium,Bank of America Stadium,Bank of America Stadium,home_team_primary_stadium,,United States,False,False,74532,1,True,True,True,True,
2018_REG_01_HOU_NE_20180909,2018,REG,1,2018-09-09,13:00,HOU,Houston Texans,HOU,NE,New England Patriots,NE,Gillette Stadium,Gillette Stadium,Gillette Stadium,Gillette Stadium,home_team_primary_stadium,,United States,False,False,65878,1,True,True,True,True,
2018_REG_01_JAX_NYG_20180909,2018,REG,1,2018-09-09,13:00,JAX,Jacksonville Jaguars,JAX,NYG,New York Giants,NYG,MetLife Stadium,MetLife Stadium,MetLife Stadium,MetLife Stadium,home_team_primary_stadium,,United States,False,False,77992,1,True,True,True,True,
2018_REG_01_KC_LAC_20180909,2018,REG,1,2018-09-09,16:05,KC,Kansas City Chiefs,KC,LAC,Los Angeles Chargers,LAC,StubHub Center,StubHub Center,SoFi Stadium,StubHub Center,actual_game_venue,,United States,True,False,25351,1,True,True,True,True,
2018_REG_01_PIT_CLE_20180909,2018,REG,1,2018-09-09,13:00,PIT,Pittsburgh Steelers,PIT,CLE,Cleveland Browns,CLE,Huntington Bank Field,FirstEnergy Stadium,Huntington Bank Field,Huntington Bank Field,home_team_primary_stadium,,United States,False,False,67431,1,True,True,True,True,
2018_REG_01_SEA_DEN_20180909,2018,REG,1,2018-09-09,16:25,SEA,Seattle Seahawks,SEA,DEN,Denver Broncos,DEN,Empower Field at Mile High,Sports Authority Field at Mile High,Empower Field at Mile High,Empower Field at Mile High,home_team_primary_stadium,,United States,False,False,76761,1,True,True,True,True,
2018_REG_01_SF_MIN_20180909,2018,REG,1,2018-09-09,13:00,SF,San Francisco 49ers,SF,MIN,Minnesota Vikings,MIN,U.S. Bank Stadium,U.S. Bank Stadium,U.S. Bank Stadium,U.S. Bank Stadium,home_team_primary_stadium,,United States,False,False,66673,1,True,True,True,True,
2018_REG_01_TB_NO_20180909,2018,REG,1,2018-09-09,13:00,TB,Tampa Bay Buccaneers,TB,NO,New Orleans Saints,NO,Caesars Superdome,Mercedes-Benz Superdome,Caesars Superdome,Caesars Superdome,home_team_primary_stadium,,United States,False,False,73038,1,True,True,True,True,
2018_REG_01_TEN_MIA_20180909,2018,REG,1,2018-09-09,13:00,TEN,Tennessee Titans,TEN,MIA,Miami Dolphins,MIA,Hard Rock Stadium,Hard Rock Stadium,Hard Rock Stadium,Hard Rock Stadium,home_team_primary_stadium,,United States,False,False,65184,1,True,True,True,True,
2018_REG_01_WSH_ARI_20180909,2018,REG,1,2018-09-09,16:25,WSH,Washington Commanders,WAS,ARI,Arizona Cardinals,ARI,State Farm Stadium,State Farm Stadium,State Farm Stadium,State Farm Stadium,home_team_primary_stadium,,United States,False,False,61613,1,True,True,True,True,
2018_REG_01_LAR_LV_20180910,2018,REG,1,2018-09-10,22:20,LAR,Los Angeles Rams,LA,LV,Las Vegas Raiders,OAK,Oakland Coliseum,Oakland-Alameda County Coliseum,Allegiant Stadium,Oakland Coliseum,actual_game_venue,,United States,True,False,53857,1,True,True,True,True,
2018_REG_01_NYJ_DET_20180910,2018,REG,1,2018-09-10,19:10,NYJ,New York Jets,NYJ,DET,Detroit Lions,DET,Ford Field,Ford Field,Ford Field,Ford Field,home_team_primary_stadium,,United States,False,False,61352,1,True,True,True,True,
2018_REG_02_BAL_CIN_20180913,2018,REG,2,2018-09-13,20:20,BAL,Baltimore Ravens,BAL,CIN,Cincinnati Bengals,CIN,Paycor Stadium,Paul Brown Stadium,Paycor Stadium,Paycor Stadium,home_team_primary_stadium,,United States,False,False,50018,1,True,True,True,True,
2018_REG_02_ARI_LAR_20180916,2018,REG,2,2018-09-16,16:05,ARI,Arizona Cardinals,ARI,LAR,Los Angeles Rams,LA,Los Angeles Memorial Coliseum,Los Angeles Memorial Coliseum,SoFi Stadium,Los Angeles Memorial Coliseum,actual_game_venue,,United States,True,False,66515,1,True,True,True,True,
2018_REG_02_CAR_ATL_20180916,2018,REG,2,2018-09-16,13:00,CAR,Carolina Panthers,CAR,ATL,Atlanta Falcons,ATL,Mercedes-Benz Stadium,Mercedes-Benz Stadium,Mercedes-Benz Stadium,Mercedes-Benz Stadium,home_team_primary_stadium,,United States,False,False,72528,1,True,True,True,True,
2018_REG_02_CLE_NO_20180916,2018,REG,2,2018-09-16,13:00,CLE,Cleveland Browns,CLE,NO,New Orleans Saints,NO,Caesars Superdome,Mercedes-Benz Superdome,Caesars Superdome,Caesars Superdome,home_team_primary_stadium,,United States,False,False,73086,1,True,True,True,True,
2018_REG_02_DET_SF_20180916,2018,REG,2,2018-09-16,16:05,DET,Detroit Lions,DET,SF,San Francisco 49ers,SF,Levi's Stadium,Levi's Stadium,Levi's Stadium,Levi's Stadium,home_team_primary_stadium,,United States,False,False,70164,1,True,True,True,True,
2018_REG_02_HOU_TEN_20180916,2018,REG,2,2018-09-16,13:00,HOU,Houston Texans,HOU,TEN,Tennessee Titans,TEN,Nissan Stadium,Nissan Stadium,Nissan Stadium,Nissan Stadium,home_team_primary_stadium,,United States,False,False,62372,1,True,True,True,True,
2018_REG_02_IND_WSH_20180916,2018,REG,2,2018-09-16,13:00,IND,Indianapolis Colts,IND,WSH,Washington Commanders,WAS,Northwest Stadium,FedExField,Northwest Stadium,Northwest Stadium,home_team_primary_stadium,,United States,False,False,57013,1,True,True,True,True,
2018_REG_02_KC_PIT_20180916,2018,REG,2,2018-09-16,13:00,KC,Kansas City Chiefs,KC,PIT,Pittsburgh Steelers,PIT,Acrisure Stadium,Heinz Field,Acrisure Stadium,Acrisure Stadium,home_team_primary_stadium,,United States,False,False,63956,1,True,True,True,True,
2018_REG_02_LAC_BUF_20180916,2018,REG,2,2018-09-16,13:00,LAC,Los Angeles Chargers,LAC,BUF,Buffalo Bills,BUF,Highmark Stadium,New Era Field,Highmark Stadium,Highmark Stadium,home_team_primary_stadium,,United States,False,False,69187,1,True,True,True,True,
2018_REG_02_LV_DEN_20180916,2018,REG,2,2018-09-16,16:25,LV,Las Vegas Raiders,OAK,DEN,Denver Broncos,DEN,Empower Field at Mile High,Sports Authority Field at Mile High,Empower Field at Mile High,Empower Field at Mile High,home_team_primary_stadium,,United States,False,False,76696,1,True,True,True,True,
2018_REG_02_MIA_NYJ_20180916,2018,REG,2,2018-09-16,13:00,MIA,Miami Dolphins,MIA,NYJ,New York Jets,NYJ,MetLife Stadium,MetLife Stadium,MetLife Stadium,MetLife Stadium,home_team_primary_stadium,,United States,False,False,77982,1,True,True,True,True,
2018_REG_02_MIN_GB_20180916,2018,REG,2,2018-09-16,13:00,MIN,Minnesota Vikings,MIN,GB,Green Bay Packers,GB,Lambeau Field,Lambeau Field,Lambeau Field,Lambeau Field,home_team_primary_stadium,,United States,False,False,78461,1,True,True,True,True,
2018_REG_02_NE_JAX_20180916,2018,REG,2,2018-09-16,16:25,NE,New England Patriots,NE,JAX,Jacksonville Jaguars,JAX,TIAA Bank Stadium,TIAA Bank Stadium,EverBank Stadium,TIAA Bank Stadium,actual_game_venue,,United States,True,False,68527,1,True,True,True,True,
2018_REG_02_NYG_DAL_20180916,2018,REG,2,2018-09-16,20:20,NYG,New York Giants,NYG,DAL,Dallas Cowboys,DAL,AT&T Stadium,AT&T Stadium,AT&T Stadium,AT&T Stadium,home_team_primary_stadium,,United States,False,False,90512,1,True,True,True,True,
2018_REG_02_PHI_TB_20180916,2018,REG,2,2018-09-16,13:00,PHI,Philadelphia Eagles,PHI,TB,Tampa Bay Buccaneers,TB,Raymond James Stadium,Raymond James Stadium,Raymond James Stadium,Raymond James Stadium,home_team_primary_stadium,,United States,False,False,56552,1,True,True,True,True,
2018_REG_02_SEA_CHI_20180917,2018,REG,2,2018-09-17,20:15,SEA,Seattle Seahawks,SEA,CHI,Chicago Bears,CHI,Soldier Field,Soldier Field,Soldier Field,Soldier Field,home_team_primary_stadium,,United States,False,False,57960,1,True,True,True,True,
2018_REG_03_NYJ_CLE_20180920,2018,REG,3,2018-09-20,20:20,NYJ,New York Jets,NYJ,CLE,Cleveland Browns,CLE,Huntington Bank Field,FirstEnergy Stadium,Huntington Bank Field,Huntington Bank Field,home_team_primary_stadium,,United States,False,False,67431,1,True,True,True,True,
2018_REG_03_BUF_MIN_20180923,2018,REG,3,2018-09-23,13:00,BUF,Buffalo Bills,BUF,MIN,Minnesota Vikings,MIN,U.S. Bank Stadium,U.S. Bank Stadium,U.S. Bank Stadium,U.S. Bank Stadium,home_team_primary_stadium,,United States,False,False,66800,1,True,True,True,True,
2018_REG_03_CHI_ARI_20180923,2018,REG,3,2018-09-23,16:25,CHI,Chicago Bears,CHI,ARI,Arizona Cardinals,ARI,State Farm Stadium,State Farm Stadium,State Farm Stadium,State Farm Stadium,home_team_primary_stadium,,United States,False,False,62163,1,True,True,True,True,
2018_REG_03_CIN_CAR_20180923,2018,REG,3,2018-09-23,13:00,CIN,Cincinnati Bengals,CIN,CAR,Carolina Panthers,CAR,Bank of America Stadium,Bank of America Stadium,Bank of America Stadium,Bank of America Stadium,home_team_primary_stadium,,United States,False,False,72161,1,True,True,True,True,
2018_REG_03_DAL_SEA_20180923,2018,REG,3,2018-09-23,16:25,DAL,Dallas Cowboys,DAL,SEA,Seattle Seahawks,SEA,Lumen Field,CenturyLink Field,Lumen Field,Lumen Field,home_team_primary_stadium,,United States,False,False,69047,1,True,True,True,True,
2018_REG_03_DEN_BAL_20180923,2018,REG,3,2018-09-23,13:00,DEN,Denver Broncos,DEN,BAL,Baltimore Ravens,BAL,M&T Bank Stadium,M&T Bank Stadium,M&T Bank Stadium,M&T Bank Stadium,home_team_primary_stadium,,United States,False,False,70156,1,True,True,True,True,
2018_REG_03_GB_WSH_20180923,2018,REG,3,2018-09-23,13:00,GB,Green Bay Packers,GB,WSH,Washington Commanders,WAS,Northwest Stadium,FedExField,Northwest Stadium,Northwest Stadium,home_team_primary_stadium,,United States,False,False,59827,1,True,True,True,True,
2018_REG_03_IND_PHI_20180923,2018,REG,3,2018-09-23,13:00,IND,Indianapolis Colts,IND,PHI,Philadelphia Eagles,PHI,Lincoln Financial Field,Lincoln Financial Field,Lincoln Financial Field,Lincoln Financial Field,home_team_primary_stadium,,United States,False,False,69696,1,True,True,True,True,
2018_REG_03_LAC_LAR_20180923,2018,REG,3,2018-09-23,16:05,LAC,Los Angeles Chargers,LAC,LAR,Los Angeles Rams,LA,Los Angeles Memorial Coliseum,Los Angeles Memorial Coliseum,SoFi Stadium,Los Angeles Memorial Coliseum,actual_game_venue,,United States,True,False,68947,1,True,True,True,True,
2018_REG_03_LV_MIA_20180923,2018,REG,3,2018-09-23,13:00,LV,Las Vegas Raiders,OAK,MIA,Miami Dolphins,MIA,Hard Rock Stadium,Hard Rock Stadium,Hard Rock Stadium,Hard Rock Stadium,home_team_primary_stadium,,United States,False,False,65667,1,True,True,True,True,
2018_REG_03_NE_DET_20180923,2018,REG,3,2018-09-23,20:20,NE,New England Patriots,NE,DET,Detroit Lions,DET,Ford Field,Ford Field,Ford Field,Ford Field,home_team_primary_stadium,,United States,False,False,61769,1,True,True,True,True,
2018_REG_03_NO_ATL_20180923,2018,REG,3,2018-09-23,13:00,NO,New Orleans Saints,NO,ATL,Atlanta Falcons,ATL,Mercedes-Benz Stadium,Mercedes-Benz Stadium,Mercedes-Benz Stadium,Mercedes-Benz Stadium,home_team_primary_stadium,,United States,False,False,74457,1,True,True,True,True,
2018_REG_03_NYG_HOU_20180923,2018,REG,3,2018-09-23,13:00,NYG,New York Giants,NYG,HOU,Houston Texans,HOU,NRG Stadium,NRG Stadium,NRG Stadium,NRG Stadium,home_team_primary_stadium,,United States,False,False,71838,1,True,True,True,True,
2018_REG_03_SF_KC_20180923,2018,REG,3,2018-09-23,13:00,SF,San Francisco 49ers,SF,KC,Kansas City Chiefs,KC,Arrowhead Stadium,Arrowhead Stadium,Arrowhead Stadium,Arrowhead Stadium,home_team_primary_stadium,,United States,False,False,76023,1,True,True,True,True,
2018_REG_03_TEN_JAX_20180923,2018,REG,3,2018-09-23,13:00,TEN,Tennessee Titans,TEN,JAX,Jacksonville Jaguars,JAX,TIAA Bank Stadium,TIAA Bank Stadium,EverBank Stadium,TIAA Bank Stadium,actual_game_venue,,United States,True,False,64015,1,True,True,True,True,
2018_REG_03_PIT_TB_20180924,2018,REG,3,2018-09-24,20:15,PIT,Pittsburgh Steelers,PIT,TB,Tampa Bay Buccaneers,TB,Raymond James Stadium,Raymond James Stadium,Raymond James Stadium,Raymond James Stadium,home_team_primary_stadium,,United States,False,False,62571,1,True,True,True,True,
2018_REG_04_MIN_LAR_20180927,2018,REG,4,2018-09-27,20:20,MIN,Minnesota Vikings,MIN,LAR,Los Angeles Rams,LA,Los Angeles Memorial Coliseum,Los Angeles Memorial Coliseum,SoFi Stadium,Los Angeles Memorial Coliseum,actual_game_venue,,United States,True,False,72027,1,True,True,True,True,
2018_REG_04_BAL_PIT_20180930,2018,REG,4,2018-09-30,20:20,BAL,Baltimore Ravens,BAL,PIT,Pittsburgh Steelers,PIT,Acrisure Stadium,Heinz Field,Acrisure Stadium,Acrisure Stadium,home_team_primary_stadium,,United States,False,False,62030,1,True,True,True,True,
2018_REG_04_BUF_GB_20180930,2018,REG,4,2018-09-30,13:00,BUF,Buffalo Bills,BUF,GB,Green Bay Packers,GB,Lambeau Field,Lambeau Field,Lambeau Field,Lambeau Field,home_team_primary_stadium,,United States,False,False,78312,1,True,True,True,True,
2018_REG_04_CIN_ATL_20180930,2018,REG,4,2018-09-30,13:00,CIN,Cincinnati Bengals,CIN,ATL,Atlanta Falcons,ATL,Mercedes-Benz Stadium,Mercedes-Benz Stadium,Mercedes-Benz Stadium,Mercedes-Benz Stadium,home_team_primary_stadium,,United States,False,False,71985,1,True,True,True,True,
2018_REG_04_CLE_LV_20180930,2018,REG,4,2018-09-30,16:05,CLE,Cleveland Browns,CLE,LV,Las Vegas Raiders,OAK,Oakland Coliseum,Oakland-Alameda County Coliseum,Allegiant Stadium,Oakland Coliseum,actual_game_venue,,United States,True,False,53387,1,True,True,True,True,
2018_REG_04_DET_DAL_20180930,2018,REG,4,2018-09-30,13:00,DET,Detroit Lions,DET,DAL,Dallas Cowboys,DAL,AT&T Stadium,AT&T Stadium,AT&T Stadium,AT&T Stadium,home_team_primary_stadium,,United States,False,False,90155,1,True,True,True,True,
2018_REG_04_HOU_IND_20180930,2018,REG,4,2018-09-30,13:00,HOU,Houston Texans,HOU,IND,Indianapolis Colts,IND,Lucas Oil Stadium,Lucas Oil Stadium,Lucas Oil Stadium,Lucas Oil Stadium,home_team_primary_stadium,,United States,False,False,57716,1,True,True,True,True,
2018_REG_04_MIA_NE_20180930,2018,REG,4,2018-09-30,13:00,MIA,Miami Dolphins,MIA,NE,New England Patriots,NE,Gillette Stadium,Gillette Stadium,Gillette Stadium,Gillette Stadium,home_team_primary_stadium,,United States,False,False,65878,1,True,True,True,True,
2018_REG_04_NO_NYG_20180930,2018,REG,4,2018-09-30,16:25,NO,New Orleans Saints,NO,NYG,New York Giants,NYG,MetLife Stadium,MetLife Stadium,MetLife Stadium,MetLife Stadium,home_team_primary_stadium,,United States,False,False,78213,1,True,True,True,True,
2018_REG_04_NYJ_JAX_20180930,2018,REG,4,2018-09-30,13:00,NYJ,New York Jets,NYJ,JAX,Jacksonville Jaguars,JAX,TIAA Bank Stadium,TIAA Bank Stadium,EverBank Stadium,TIAA Bank Stadium,actual_game_venue,,United States,True,False,65353,1,True,True,True,True,
2018_REG_04_PHI_TEN_20180930,2018,REG,4,2018-09-30,13:00,PHI,Philadelphia Eagles,PHI,TEN,Tennessee Titans,TEN,Nissan Stadium,Nissan Stadium,Nissan Stadium,Nissan Stadium,home_team_primary_stadium,,United States,False,False,69013,1,True,True,True,True,
2018_REG_04_SEA_ARI_20180930,2018,REG,4,2018-09-30,16:05,SEA,Seattle Seahawks,SEA,ARI,Arizona Cardinals,ARI,State Farm Stadium,State Farm Stadium,State Farm Stadium,State Farm Stadium,home_team_primary_stadium,,United States,False,False,61845,1,True,True,True,True,
2018_REG_04_SF_LAC_20180930,2018,REG,4,2018-09-30,16:25,SF,San Francisco 49ers,SF,LAC,Los Angeles Chargers,LAC,StubHub Center,StubHub Center,SoFi Stadium,StubHub Center,actual_game_venue,,United States,True,False,25397,1,True,True,True,True,
2018_REG_04_TB_CHI_20180930,2018,REG,4,2018-09-30,13:00,TB,Tampa Bay Buccaneers,TB,CHI,Chicago Bears,CHI,Soldier Field,Soldier Field,Soldier Field,Soldier Field,home_team_primary_stadium,,United States,False,False,61893,1,True,True,True,True,
2018_REG_04_KC_DEN_20181001,2018,REG,4,2018-10-01,20:15,KC,Kansas City Chiefs,KC,DEN,Denver Broncos,DEN,Empower Field at Mile High,Sports Authority Field at Mile High,Empower Field at Mile High,Empower Field at Mile High,home_team_primary_stadium,,United States,False,False,76656,1,True,True,True,True,
2018_REG_05_IND_NE_20181004,2018,REG,5,2018-10-04,20:20,IND,Indianapolis Colts,IND,NE,New England Patriots,NE,Gillette Stadium,Gillette Stadium,Gillette Stadium,Gillette Stadium,home_team_primary_stadium,,United States,False,False,65878,1,True,True,True,True,
2018_REG_05_ARI_SF_20181007,2018,REG,5,2018-10-07,16:25,ARI,Arizona Cardinals,ARI,SF,San Francisco 49ers,SF,Levi's Stadium,Levi's Stadium,Levi's Stadium,Levi's Stadium,home_team_primary_stadium,,United States,False,False,68337,1,True,True,True,True,
2018_REG_05_ATL_PIT_20181007,2018,REG,5,2018-10-07,13:00,ATL,Atlanta Falcons,ATL,PIT,Pittsburgh Steelers,PIT,Acrisure Stadium,Heinz Field,Acrisure Stadium,Acrisure Stadium,home_team_primary_stadium,,United States,False,False,64781,1,True,True,True,True,
2018_REG_05_BAL_CLE_20181007,2018,REG,5,2018-10-07,13:00,BAL,Baltimore Ravens,BAL,CLE,Cleveland Browns,CLE,Huntington Bank Field,FirstEnergy Stadium,Huntington Bank Field,Huntington Bank Field,home_team_primary_stadium,,United States,False,False,67431,1,True,True,True,True,
2018_REG_05_DAL_HOU_20181007,2018,REG,5,2018-10-07,20:20,DAL,Dallas Cowboys,DAL,HOU,Houston Texans,HOU,NRG Stadium,NRG Stadium,NRG Stadium,NRG Stadium,home_team_primary_stadium,,United States,False,False,72008,1,True,True,True,True,
2018_REG_05_DEN_NYJ_20181007,2018,REG,5,2018-10-07,13:00,DEN,Denver Broncos,DEN,NYJ,New York Jets,NYJ,MetLife Stadium,MetLife Stadium,MetLife Stadium,MetLife Stadium,home_team_primary_stadium,,United States,False,False,77982,1,True,True,True,True,
2018_REG_05_GB_DET_20181007,2018,REG,5,2018-10-07,13:00,GB,Green Bay Packers,GB,DET,Detroit Lions,DET,Ford Field,Ford Field,Ford Field,Ford Field,home_team_primary_stadium,,United States,False,False,63405,1,True,True,True,True,
2018_REG_05_JAX_KC_20181007,2018,REG,5,2018-10-07,13:00,JAX,Jacksonville Jaguars,JAX,KC,Kansas City Chiefs,KC,Arrowhead Stadium,Arrowhead Stadium,Arrowhead Stadium,Arrowhead Stadium,home_team_primary_stadium,,United States,False,False,75289,1,True,True,True,True,
2018_REG_05_LAR_SEA_20181007,2018,REG,5,2018-10-07,16:25,LAR,Los Angeles Rams,LA,SEA,Seattle Seahawks,SEA,Lumen Field,CenturyLink Field,Lumen Field,Lumen Field,home_team_primary_stadium,,United States,False,False,68893,1,True,True,True,True,
2018_REG_05_LV_LAC_20181007,2018,REG,5,2018-10-07,16:05,LV,Las Vegas Raiders,OAK,LAC,Los Angeles Chargers,LAC,StubHub Center,StubHub Center,SoFi Stadium,StubHub Center,actual_game_venue,,United States,True,False,25362,1,True,True,True,True,
2018_REG_05_MIA_CIN_20181007,2018,REG,5,2018-10-07,13:00,MIA,Miami Dolphins,MIA,CIN,Cincinnati Bengals,CIN,Paycor Stadium,Paul Brown Stadium,Paycor Stadium,Paycor Stadium,home_team_primary_stadium,,United States,False,False,52708,1,True,True,True,True,
2018_REG_05_MIN_PHI_20181007,2018,REG,5,2018-10-07,16:25,MIN,Minnesota Vikings,MIN,PHI,Philadelphia Eagles,PHI,Lincoln Financial Field,Lincoln Financial Field,Lincoln Financial Field,Lincoln Financial Field,home_team_primary_stadium,,United States,False,False,69696,1,True,True,True,True,
2018_REG_05_NYG_CAR_20181007,2018,REG,5,2018-10-07,13:00,NYG,New York Giants,NYG,CAR,Carolina Panthers,CAR,Bank of America Stadium,Bank of America Stadium,Bank of America Stadium,Bank of America Stadium,home_team_primary_stadium,,United States,False,False,74221,1,True,True,True,True,
2018_REG_05_TEN_BUF_20181007,2018,REG,5,2018-10-07,13:00,TEN,Tennessee Titans,TEN,BUF,Buffalo Bills,BUF,Highmark Stadium,New Era Field,Highmark Stadium,Highmark Stadium,home_team_primary_stadium,,United States,False,False,68202,1,True,True,True,True,
2018_REG_05_WSH_NO_20181008,2018,REG,5,2018-10-08,20:15,WSH,Washington Commanders,WAS,NO,New Orleans Saints,NO,Caesars Superdome,Mercedes-Benz Superdome,Caesars Superdome,Caesars Superdome,home_team_primary_stadium,,United States,False,False,73028,1,True,True,True,True,
2018_REG_06_PHI_NYG_20181011,2018,REG,6,2018-10-11,20:20,PHI,Philadelphia Eagles,PHI,NYG,New York Giants,NYG,MetLife Stadium,MetLife Stadium,MetLife Stadium,MetLife Stadium,home_team_primary_stadium,,United States,False,False,77167,1,True,True,True,True,
2018_REG_06_ARI_MIN_20181014,2018,REG,6,2018-10-14,13:00,ARI,Arizona Cardinals,ARI,MIN,Minnesota Vikings,MIN,U.S. Bank Stadium,U.S. Bank Stadium,U.S. Bank Stadium,U.S. Bank Stadium,home_team_primary_stadium,,United States,False,False,66801,1,True,True,True,True,
2018_REG_06_BAL_TEN_20181014,2018,REG,6,2018-10-14,16:25,BAL,Baltimore Ravens,BAL,TEN,Tennessee Titans,TEN,Nissan Stadium,Nissan Stadium,Nissan Stadium,Nissan Stadium,home_team_primary_stadium,,United States,False,False,64441,1,True,True,True,True,
2018_REG_06_BUF_HOU_20181014,2018,REG,6,2018-10-14,13:00,BUF,Buffalo Bills,BUF,HOU,Houston Texans,HOU,NRG Stadium,NRG Stadium,NRG Stadium,NRG Stadium,home_team_primary_stadium,,United States,False,False,71638,1,True,True,True,True,
2018_REG_06_CAR_WSH_20181014,2018,REG,6,2018-10-14,13:00,CAR,Carolina Panthers,CAR,WSH,Washington Commanders,WAS,Northwest Stadium,FedExField,Northwest Stadium,Northwest Stadium,home_team_primary_stadium,,United States,False,False,60482,1,True,True,True,True,
2018_REG_06_CHI_MIA_20181014,2018,REG,6,2018-10-14,13:00,CHI,Chicago Bears,CHI,MIA,Miami Dolphins,MIA,Hard Rock Stadium,Hard Rock Stadium,Hard Rock Stadium,Hard Rock Stadium,home_team_primary_stadium,,United States,False,False,65791,1,True,True,True,True,
2018_REG_06_IND_NYJ_20181014,2018,REG,6,2018-10-14,13:00,IND,Indianapolis Colts,IND,NYJ,New York Jets,NYJ,MetLife Stadium,MetLife Stadium,MetLife Stadium,MetLife Stadium,home_team_primary_stadium,,United States,False,False,77982,1,True,True,True,True,
2018_REG_06_JAX_DAL_20181014,2018,REG,6,2018-10-14,16:25,JAX,Jacksonville Jaguars,JAX,DAL,Dallas Cowboys,DAL,AT&T Stadium,AT&T Stadium,AT&T Stadium,AT&T Stadium,home_team_primary_stadium,,United States,False,False,90767,1,True,True,True,True,
2018_REG_06_KC_NE_20181014,2018,REG,6,2018-10-14,20:20,KC,Kansas City Chiefs,KC,NE,New England Patriots,NE,Gillette Stadium,Gillette Stadium,Gillette Stadium,Gillette Stadium,home_team_primary_stadium,,United States,False,False,65878,1,True,True,True,True,
2018_REG_06_LAC_CLE_20181014,2018,REG,6,2018-10-14,13:00,LAC,Los Angeles Chargers,LAC,CLE,Cleveland Browns,CLE,Huntington Bank Field,FirstEnergy Stadium,Huntington Bank Field,Huntington Bank Field,home_team_primary_stadium,,United States,False,False,67431,1,True,True,True,True,
2018_REG_06_LAR_DEN_20181014,2018,REG,6,2018-10-14,16:05,LAR,Los Angeles Rams,LA,DEN,Denver Broncos,DEN,Empower Field at Mile High,Sports Authority Field at Mile High,Empower Field at Mile High,Empower Field at Mile High,home_team_primary_stadium,,United States,False,False,76109,1,True,True,True,True,
2018_REG_06_PIT_CIN_20181014,2018,REG,6,2018-10-14,13:00,PIT,Pittsburgh Steelers,PIT,CIN,Cincinnati Bengals,CIN,Paycor Stadium,Paul Brown Stadium,Paycor Stadium,Paycor Stadium,home_team_primary_stadium,,United States,False,False,60594,1,True,True,True,True,
2018_REG_06_SEA_LV_20181014,2018,REG,6,2018-10-14,13:00,SEA,Seattle Seahawks,SEA,LV,Las Vegas Raiders,OAK,Wembley Stadium,Wembley Stadium,Allegiant Stadium,Wembley Stadium,actual_game_venue,London,United Kingdom,True,True,84922,1,True,True,True,True,
2018_REG_06_TB_ATL_20181014,2018,REG,6,2018-10-14,13:00,TB,Tampa Bay Buccaneers,TB,ATL,Atlanta Falcons,ATL,Mercedes-Benz Stadium,Mercedes-Benz Stadium,Mercedes-Benz Stadium,Mercedes-Benz Stadium,home_team_primary_stadium,,United States,False,False,72665,1,True,True,True,True,
2018_REG_06_SF_GB_20181015,2018,REG,6,2018-10-15,20:15,SF,San Francisco 49ers,SF,GB,Green Bay Packers,GB,Lambeau Field,Lambeau Field,Lambeau Field,Lambeau Field,home_team_primary_stadium,,United States,False,False,77642,1,True,True,True,True,
2018_REG_07_DEN_ARI_20181018,2018,REG,7,2018-10-18,20:20,DEN,Denver Broncos,DEN,ARI,Arizona Cardinals,ARI,State Farm Stadium,State Farm Stadium,State Farm Stadium,State Farm Stadium,home_team_primary_stadium,,United States,False,False,62359,1,True,True,True,True,
2018_REG_07_BUF_IND_20181021,2018,REG,7,2018-10-21,13:00,BUF,Buffalo Bills,BUF,IND,Indianapolis Colts,IND,Lucas Oil Stadium,Lucas Oil Stadium,Lucas Oil Stadium,Lucas Oil Stadium,home_team_primary_stadium,,United States,False,False,56848,1,True,True,True,True,
2018_REG_07_CAR_PHI_20181021,2018,REG,7,2018-10-21,13:00,CAR,Carolina Panthers,CAR,PHI,Philadelphia Eagles,PHI,Lincoln Financial Field,Lincoln Financial Field,Lincoln Financial Field,Lincoln Financial Field,home_team_primary_stadium,,United States,False,False,69696,1,True,True,True,True,
2018_REG_07_CIN_KC_20181021,2018,REG,7,2018-10-21,20:20,CIN,Cincinnati Bengals,CIN,KC,Kansas City Chiefs,KC,Arrowhead Stadium,Arrowhead Stadium,Arrowhead Stadium,Arrowhead Stadium,home_team_primary_stadium,,United States,False,False,75676,1,True,True,True,True,
2018_REG_07_CLE_TB_20181021,2018,REG,7,2018-10-21,13:00,CLE,Cleveland Browns,CLE,TB,Tampa Bay Buccaneers,TB,Raymond James Stadium,Raymond James Stadium,Raymond James Stadium,Raymond James Stadium,home_team_primary_stadium,,United States,False,False,53682,1,True,True,True,True,
2018_REG_07_DAL_WSH_20181021,2018,REG,7,2018-10-21,16:25,DAL,Dallas Cowboys,DAL,WSH,Washington Commanders,WAS,Northwest Stadium,FedExField,Northwest Stadium,Northwest Stadium,home_team_primary_stadium,,United States,False,False,66301,1,True,True,True,True,
2018_REG_07_DET_MIA_20181021,2018,REG,7,2018-10-21,13:00,DET,Detroit Lions,DET,MIA,Miami Dolphins,MIA,Hard Rock Stadium,Hard Rock Stadium,Hard Rock Stadium,Hard Rock Stadium,home_team_primary_stadium,,United States,False,False,65265,1,True,True,True,True,
2018_REG_07_HOU_JAX_20181021,2018,REG,7,2018-10-21,13:00,HOU,Houston Texans,HOU,JAX,Jacksonville Jaguars,JAX,TIAA Bank Stadium,TIAA Bank Stadium,EverBank Stadium,TIAA Bank Stadium,actual_game_venue,,United States,True,False,66534,1,True,True,True,True,
2018_REG_07_LAR_SF_20181021,2018,REG,7,2018-10-21,16:25,LAR,Los Angeles Rams,LA,SF,San Francisco 49ers,SF,Levi's Stadium,Levi's Stadium,Levi's Stadium,Levi's Stadium,home_team_primary_stadium,,United States,False,False,66597,1,True,True,True,True,
2018_REG_07_MIN_NYJ_20181021,2018,REG,7,2018-10-21,13:00,MIN,Minnesota Vikings,MIN,NYJ,New York Jets,NYJ,MetLife Stadium,MetLife Stadium,MetLife Stadium,MetLife Stadium,home_team_primary_stadium,,United States,False,False,77982,1,True,True,True,True,
2018_REG_07_NE_CHI_20181021,2018,REG,7,2018-10-21,13:00,NE,New England Patriots,NE,CHI,Chicago Bears,CHI,Soldier Field,Soldier Field,Soldier Field,Soldier Field,home_team_primary_stadium,,United States,False,False,62389,1,True,True,True,True,
2018_REG_07_NO_BAL_20181021,2018,REG,7,2018-10-21,16:05,NO,New Orleans Saints,NO,BAL,Baltimore Ravens,BAL,M&T Bank Stadium,M&T Bank Stadium,M&T Bank Stadium,M&T Bank Stadium,home_team_primary_stadium,,United States,False,False,70639,1,True,True,True,True,
2018_REG_07_TEN_LAC_20181021,2018,REG,7,2018-10-21,21:30,TEN,Tennessee Titans,TEN,LAC,Los Angeles Chargers,LAC,Wembley Stadium,Wembley Stadium,SoFi Stadium,Wembley Stadium,actual_game_venue,London,United Kingdom,True,True,84301,1,True,True,True,True,
2018_REG_07_NYG_ATL_20181022,2018,REG,7,2018-10-22,20:15,NYG,New York Giants,NYG,ATL,Atlanta Falcons,ATL,Mercedes-Benz Stadium,Mercedes-Benz Stadium,Mercedes-Benz Stadium,Mercedes-Benz Stadium,home_team_primary_stadium,,United States,False,False,72756,1,True,True,True,True,
2018_REG_08_MIA_HOU_20181025,2018,REG,8,2018-10-25,20:20,MIA,Miami Dolphins,MIA,HOU,Houston Texans,HOU,NRG Stadium,NRG Stadium,NRG Stadium,NRG Stadium,home_team_primary_stadium,,United States,False,False,71726,1,True,True,True,True,
2018_REG_08_BAL_CAR_20181028,2018,REG,8,2018-10-28,13:00,BAL,Baltimore Ravens,BAL,CAR,Carolina Panthers,CAR,Bank of America Stadium,Bank of America Stadium,Bank of America Stadium,Bank of America Stadium,home_team_primary_stadium,,United States,False,False,73843,1,True,True,True,True,
2018_REG_08_CLE_PIT_20181028,2018,REG,8,2018-10-28,13:00,CLE,Cleveland Browns,CLE,PIT,Pittsburgh Steelers,PIT,Acrisure Stadium,Heinz Field,Acrisure Stadium,Acrisure Stadium,home_team_primary_stadium,,United States,False,False,63780,1,True,True,True,True,
2018_REG_08_DEN_KC_20181028,2018,REG,8,2018-10-28,13:00,DEN,Denver Broncos,DEN,KC,Kansas City Chiefs,KC,Arrowhead Stadium,Arrowhead Stadium,Arrowhead Stadium,Arrowhead Stadium,home_team_primary_stadium,,United States,False,False,77103,1,True,True,True,True,
2018_REG_08_GB_LAR_20181028,2018,REG,8,2018-10-28,16:25,GB,Green Bay Packers,GB,LAR,Los Angeles Rams,LA,Los Angeles Memorial Coliseum,Los Angeles Memorial Coliseum,SoFi Stadium,Los Angeles Memorial Coliseum,actual_game_venue,,United States,True,False,75822,1,True,True,True,True,
2018_REG_08_IND_LV_20181028,2018,REG,8,2018-10-28,16:05,IND,Indianapolis Colts,IND,LV,Las Vegas Raiders,OAK,Oakland Coliseum,Oakland-Alameda County Coliseum,Allegiant Stadium,Oakland Coliseum,actual_game_venue,,United States,True,False,54372,1,True,True,True,True,
2018_REG_08_NO_MIN_20181028,2018,REG,8,2018-10-28,20:20,NO,New Orleans Saints,NO,MIN,Minnesota Vikings,MIN,U.S. Bank Stadium,U.S. Bank Stadium,U.S. Bank Stadium,U.S. Bank Stadium,home_team_primary_stadium,,United States,False,False,66801,1,True,True,True,True,
2018_REG_08_NYJ_CHI_20181028,2018,REG,8,2018-10-28,13:00,NYJ,New York Jets,NYJ,CHI,Chicago Bears,CHI,Soldier Field,Soldier Field,Soldier Field,Soldier Field,home_team_primary_stadium,,United States,False,False,61397,1,True,True,True,True,
2018_REG_08_PHI_JAX_20181028,2018,REG,8,2018-10-28,21:30,PHI,Philadelphia Eagles,PHI,JAX,Jacksonville Jaguars,JAX,Wembley Stadium,Wembley Stadium,EverBank Stadium,Wembley Stadium,actual_game_venue,London,United Kingdom,True,True,85870,1,True,True,True,True,
2018_REG_08_SEA_DET_20181028,2018,REG,8,2018-10-28,13:00,SEA,Seattle Seahawks,SEA,DET,Detroit Lions,DET,Ford Field,Ford Field,Ford Field,Ford Field,home_team_primary_stadium,,United States,False,False,65237,1,True,True,True,True,
2018_REG_08_SF_ARI_20181028,2018,REG,8,2018-10-28,16:25,SF,San Francisco 49ers,SF,ARI,Arizona Cardinals,ARI,State Farm Stadium,State Farm Stadium,State Farm Stadium,State Farm Stadium,home_team_primary_stadium,,United States,False,False,61923,1,True,True,True,True,
2018_REG_08_TB_CIN_20181028,2018,REG,8,2018-10-28,13:00,TB,Tampa Bay Buccaneers,TB,CIN,Cincinnati Bengals,CIN,Paycor Stadium,Paul Brown Stadium,Paycor Stadium,Paycor Stadium,home_team_primary_stadium,,United States,False,False,45134,1,True,True,True,True,
2018_REG_08_WSH_NYG_20181028,2018,REG,8,2018-10-28,13:00,WSH,Washington Commanders,WAS,NYG,New York Giants,NYG,MetLife Stadium,MetLife Stadium,MetLife Stadium,MetLife Stadium,home_team_primary_stadium,,United States,False,False,77537,1,True,True,True,True,
2018_REG_08_NE_BUF_20181029,2018,REG,8,2018-10-29,20:15,NE,New England Patriots,NE,BUF,Buffalo Bills,BUF,Highmark Stadium,New Era Field,Highmark Stadium,Highmark Stadium,home_team_primary_stadium,,United States,False,False,70109,1,True,True,True,True,
2018_REG_09_LV_SF_20181101,2018,REG,9,2018-11-01,20:20,LV,Las Vegas Raiders,OAK,SF,San Francisco 49ers,SF,Levi's Stadium,Levi's Stadium,Levi's Stadium,Levi's Stadium,home_team_primary_stadium,,United States,False,False,69592,1,True,True,True,True,
2018_REG_09_ATL_WSH_20181104,2018,REG,9,2018-11-04,13:00,ATL,Atlanta Falcons,ATL,WSH,Washington Commanders,WAS,Northwest Stadium,FedExField,Northwest Stadium,Northwest Stadium,home_team_primary_stadium,,United States,False,False,62386,1,True,True,True,True,
2018_REG_09_CHI_BUF_20181104,2018,REG,9,2018-11-04,13:00,CHI,Chicago Bears,CHI,BUF,Buffalo Bills,BUF,Highmark Stadium,New Era Field,Highmark Stadium,Highmark Stadium,home_team_primary_stadium,,United States,False,False,68749,1,True,True,True,True,
2018_REG_09_DET_MIN_20181104,2018,REG,9,2018-11-04,13:00,DET,Detroit Lions,DET,MIN,Minnesota Vikings,MIN,U.S. Bank Stadium,U.S. Bank Stadium,U.S. Bank Stadium,U.S. Bank Stadium,home_team_primary_stadium,,United States,False,False,66825,1,True,True,True,True,
2018_REG_09_GB_NE_20181104,2018,REG,9,2018-11-04,20:20,GB,Green Bay Packers,GB,NE,New England Patriots,NE,Gillette Stadium,Gillette Stadium,Gillette Stadium,Gillette Stadium,home_team_primary_stadium,,United States,False,False,65878,1,True,True,True,True,
2018_REG_09_HOU_DEN_20181104,2018,REG,9,2018-11-04,16:05,HOU,Houston Texans,HOU,DEN,Denver Broncos,DEN,Empower Field at Mile High,Sports Authority Field at Mile High,Empower Field at Mile High,Empower Field at Mile High,home_team_primary_stadium,,United States,False,False,76270,1,True,True,True,True,
2018_REG_09_KC_CLE_20181104,2018,REG,9,2018-11-04,13:00,KC,Kansas City Chiefs,KC,CLE,Cleveland Browns,CLE,Huntington Bank Field,FirstEnergy Stadium,Huntington Bank Field,Huntington Bank Field,home_team_primary_stadium,,United States,False,False,67431,1,True,True,True,True,
2018_REG_09_LAC_SEA_20181104,2018,REG,9,2018-11-04,16:05,LAC,Los Angeles Chargers,LAC,SEA,Seattle Seahawks,SEA,Lumen Field,CenturyLink Field,Lumen Field,Lumen Field,home_team_primary_stadium,,United States,False,False,68989,1,True,True,True,True,
2018_REG_09_LAR_NO_20181104,2018,REG,9,2018-11-04,16:25,LAR,Los Angeles Rams,LA,NO,New Orleans Saints,NO,Caesars Superdome,Mercedes-Benz Superdome,Caesars Superdome,Caesars Superdome,home_team_primary_stadium,,United States,False,False,73086,1,True,True,True,True,
2018_REG_09_NYJ_MIA_20181104,2018,REG,9,2018-11-04,13:00,NYJ,New York Jets,NYJ,MIA,Miami Dolphins,MIA,Hard Rock Stadium,Hard Rock Stadium,Hard Rock Stadium,Hard Rock Stadium,home_team_primary_stadium,,United States,False,False,65533,1,True,True,True,True,
2018_REG_09_PIT_BAL_20181104,2018,REG,9,2018-11-04,13:00,PIT,Pittsburgh Steelers,PIT,BAL,Baltimore Ravens,BAL,M&T Bank Stadium,M&T Bank Stadium,M&T Bank Stadium,M&T Bank Stadium,home_team_primary_stadium,,United States,False,False,70997,1,True,True,True,True,
2018_REG_09_TB_CAR_20181104,2018,REG,9,2018-11-04,13:00,TB,Tampa Bay Buccaneers,TB,CAR,Carolina Panthers,CAR,Bank of America Stadium,Bank of America Stadium,Bank of America Stadium,Bank of America Stadium,home_team_primary_stadium,,United States,False,False,73513,1,True,True,True,True,
2018_REG_09_TEN_DAL_20181105,2018,REG,9,2018-11-05,20:15,TEN,Tennessee Titans,TEN,DAL,Dallas Cowboys,DAL,AT&T Stadium,AT&T Stadium,AT&T Stadium,AT&T Stadium,home_team_primary_stadium,,United States,False,False,90466,1,True,True,True,True,
2018_REG_10_CAR_PIT_20181108,2018,REG,10,2018-11-08,20:20,CAR,Carolina Panthers,CAR,PIT,Pittsburgh Steelers,PIT,Acrisure Stadium,Heinz Field,Acrisure Stadium,Acrisure Stadium,home_team_primary_stadium,,United States,False,False,62881,1,True,True,True,True,
2018_REG_10_ARI_KC_20181111,2018,REG,10,2018-11-11,13:00,ARI,Arizona Cardinals,ARI,KC,Kansas City Chiefs,KC,Arrowhead Stadium,Arrowhead Stadium,Arrowhead Stadium,Arrowhead Stadium,home_team_primary_stadium,,United States,False,False,76712,1,True,True,True,True,
2018_REG_10_ATL_CLE_20181111,2018,REG,10,2018-11-11,13:00,ATL,Atlanta Falcons,ATL,CLE,Cleveland Browns,CLE,Huntington Bank Field,FirstEnergy Stadium,Huntington Bank Field,Huntington Bank Field,home_team_primary_stadium,,United States,False,False,62144,1,True,True,True,True,
2018_REG_10_BUF_NYJ_20181111,2018,REG,10,2018-11-11,13:00,BUF,Buffalo Bills,BUF,NYJ,New York Jets,NYJ,MetLife Stadium,MetLife Stadium,MetLife Stadium,MetLife Stadium,home_team_primary_stadium,,United States,False,False,77982,1,True,True,True,True,
2018_REG_10_DAL_PHI_20181111,2018,REG,10,2018-11-11,20:20,DAL,Dallas Cowboys,DAL,PHI,Philadelphia Eagles,PHI,Lincoln Financial Field,Lincoln Financial Field,Lincoln Financial Field,Lincoln Financial Field,home_team_primary_stadium,,United States,False,False,69696,1,True,True,True,True,
2018_REG_10_DET_CHI_20181111,2018,REG,10,2018-11-11,13:00,DET,Detroit Lions,DET,CHI,Chicago Bears,CHI,Soldier Field,Soldier Field,Soldier Field,Soldier Field,home_team_primary_stadium,,United States,False,False,61393,1,True,True,True,True,
2018_REG_10_JAX_IND_20181111,2018,REG,10,2018-11-11,13:00,JAX,Jacksonville Jaguars,JAX,IND,Indianapolis Colts,IND,Lucas Oil Stadium,Lucas Oil Stadium,Lucas Oil Stadium,Lucas Oil Stadium,home_team_primary_stadium,,United States,False,False,57473,1,True,True,True,True,
2018_REG_10_LAC_LV_20181111,2018,REG,10,2018-11-11,16:05,LAC,Los Angeles Chargers,LAC,LV,Las Vegas Raiders,OAK,Oakland Coliseum,Oakland-Alameda County Coliseum,Allegiant Stadium,Oakland Coliseum,actual_game_venue,,United States,True,False,54750,1,True,True,True,True,
2018_REG_10_MIA_GB_20181111,2018,REG,10,2018-11-11,16:25,MIA,Miami Dolphins,MIA,GB,Green Bay Packers,GB,Lambeau Field,Lambeau Field,Lambeau Field,Lambeau Field,home_team_primary_stadium,,United States,False,False,78076,1,True,True,True,True,
2018_REG_10_NE_TEN_20181111,2018,REG,10,2018-11-11,13:00,NE,New England Patriots,NE,TEN,Tennessee Titans,TEN,Nissan Stadium,Nissan Stadium,Nissan Stadium,Nissan Stadium,home_team_primary_stadium,,United States,False,False,69363,1,True,True,True,True,
2018_REG_10_NO_CIN_20181111,2018,REG,10,2018-11-11,13:00,NO,New Orleans Saints,NO,CIN,Cincinnati Bengals,CIN,Paycor Stadium,Paul Brown Stadium,Paycor Stadium,Paycor Stadium,home_team_primary_stadium,,United States,False,False,52492,1,True,True,True,True,
2018_REG_10_SEA_LAR_20181111,2018,REG,10,2018-11-11,16:25,SEA,Seattle Seahawks,SEA,LAR,Los Angeles Rams,LA,Los Angeles Memorial Coliseum,Los Angeles Memorial Coliseum,SoFi Stadium,Los Angeles Memorial Coliseum,actual_game_venue,,United States,True,False,72755,1,True,True,True,True,
2018_REG_10_WSH_TB_20181111,2018,REG,10,2018-11-11,13:00,WSH,Washington Commanders,WAS,TB,Tampa Bay Buccaneers,TB,Raymond James Stadium,Raymond James Stadium,Raymond James Stadium,Raymond James Stadium,home_team_primary_stadium,,United States,False,False,52667,1,True,True,True,True,
2018_REG_10_NYG_SF_20181112,2018,REG,10,2018-11-12,20:15,NYG,New York Giants,NYG,SF,San Francisco 49ers,SF,Levi's Stadium,Levi's Stadium,Levi's Stadium,Levi's Stadium,home_team_primary_stadium,,United States,False,False,69409,1,True,True,True,True,
2018_REG_11_GB_SEA_20181115,2018,REG,11,2018-11-15,20:20,GB,Green Bay Packers,GB,SEA,Seattle Seahawks,SEA,Lumen Field,CenturyLink Field,Lumen Field,Lumen Field,home_team_primary_stadium,,United States,False,False,69007,1,True,True,True,True,
2018_REG_11_CAR_DET_20181118,2018,REG,11,2018-11-18,13:00,CAR,Carolina Panthers,CAR,DET,Detroit Lions,DET,Ford Field,Ford Field,Ford Field,Ford Field,home_team_primary_stadium,,United States,False,False,61999,1,True,True,True,True,
2018_REG_11_CIN_BAL_20181118,2018,REG,11,2018-11-18,13:00,CIN,Cincinnati Bengals,CIN,BAL,Baltimore Ravens,BAL,M&T Bank Stadium,M&T Bank Stadium,M&T Bank Stadium,M&T Bank Stadium,home_team_primary_stadium,,United States,False,False,70077,1,True,True,True,True,
2018_REG_11_DAL_ATL_20181118,2018,REG,11,2018-11-18,13:00,DAL,Dallas Cowboys,DAL,ATL,Atlanta Falcons,ATL,Mercedes-Benz Stadium,Mercedes-Benz Stadium,Mercedes-Benz Stadium,Mercedes-Benz Stadium,home_team_primary_stadium,,United States,False,False,74447,1,True,True,True,True,
2018_REG_11_DEN_LAC_20181118,2018,REG,11,2018-11-18,16:05,DEN,Denver Broncos,DEN,LAC,Los Angeles Chargers,LAC,StubHub Center,StubHub Center,SoFi Stadium,StubHub Center,actual_game_venue,,United States,True,False,25462,1,True,True,True,True,
2018_REG_11_HOU_WSH_20181118,2018,REG,11,2018-11-18,13:00,HOU,Houston Texans,HOU,WSH,Washington Commanders,WAS,Northwest Stadium,FedExField,Northwest Stadium,Northwest Stadium,home_team_primary_stadium,,United States,False,False,61593,1,True,True,True,True,
2018_REG_11_LV_ARI_20181118,2018,REG,11,2018-11-18,16:05,LV,Las Vegas Raiders,OAK,ARI,Arizona Cardinals,ARI,State Farm Stadium,State Farm Stadium,State Farm Stadium,State Farm Stadium,home_team_primary_stadium,,United States,False,False,62435,1,True,True,True,True,
2018_REG_11_MIN_CHI_20181118,2018,REG,11,2018-11-18,20:20,MIN,Minnesota Vikings,MIN,CHI,Chicago Bears,CHI,Soldier Field,Soldier Field,Soldier Field,Soldier Field,home_team_primary_stadium,,United States,False,False,61651,1,True,True,True,True,
2018_REG_11_PHI_NO_20181118,2018,REG,11,2018-11-18,16:25,PHI,Philadelphia Eagles,PHI,NO,New Orleans Saints,NO,Caesars Superdome,Mercedes-Benz Superdome,Caesars Superdome,Caesars Superdome,home_team_primary_stadium,,United States,False,False,73042,1,True,True,True,True,
2018_REG_11_PIT_JAX_20181118,2018,REG,11,2018-11-18,13:00,PIT,Pittsburgh Steelers,PIT,JAX,Jacksonville Jaguars,JAX,TIAA Bank Stadium,TIAA Bank Stadium,EverBank Stadium,TIAA Bank Stadium,actual_game_venue,,United States,True,False,67683,1,True,True,True,True,
2018_REG_11_TB_NYG_20181118,2018,REG,11,2018-11-18,13:00,TB,Tampa Bay Buccaneers,TB,NYG,New York Giants,NYG,MetLife Stadium,MetLife Stadium,MetLife Stadium,MetLife Stadium,home_team_primary_stadium,,United States,False,False,75863,1,True,True,True,True,
2018_REG_11_TEN_IND_20181118,2018,REG,11,2018-11-18,13:00,TEN,Tennessee Titans,TEN,IND,Indianapolis Colts,IND,Lucas Oil Stadium,Lucas Oil Stadium,Lucas Oil Stadium,Lucas Oil Stadium,home_team_primary_stadium,,United States,False,False,57401,1,True,True,True,True,
2018_REG_11_KC_LAR_20181119,2018,REG,11,2018-11-19,20:15,KC,Kansas City Chiefs,KC,LAR,Los Angeles Rams,LA,Los Angeles Memorial Coliseum,Los Angeles Memorial Coliseum,SoFi Stadium,Los Angeles Memorial Coliseum,actual_game_venue,,United States,True,False,77002,1,True,True,True,True,
2018_REG_12_ATL_NO_20181122,2018,REG,12,2018-11-22,20:20,ATL,Atlanta Falcons,ATL,NO,New Orleans Saints,NO,Caesars Superdome,Mercedes-Benz Superdome,Caesars Superdome,Caesars Superdome,home_team_primary_stadium,,United States,False,False,73017,1,True,True,True,True,
2018_REG_12_CHI_DET_20181122,2018,REG,12,2018-11-22,12:30,CHI,Chicago Bears,CHI,DET,Detroit Lions,DET,Ford Field,Ford Field,Ford Field,Ford Field,home_team_primary_stadium,,United States,False,False,65684,1,True,True,True,True,
2018_REG_12_WSH_DAL_20181122,2018,REG,12,2018-11-22,16:30,WSH,Washington Commanders,WAS,DAL,Dallas Cowboys,DAL,AT&T Stadium,AT&T Stadium,AT&T Stadium,AT&T Stadium,home_team_primary_stadium,,United States,False,False,92076,1,True,True,True,True,
2018_REG_12_ARI_LAC_20181125,2018,REG,12,2018-11-25,16:05,ARI,Arizona Cardinals,ARI,LAC,Los Angeles Chargers,LAC,StubHub Center,StubHub Center,SoFi Stadium,StubHub Center,actual_game_venue,,United States,True,False,25343,1,True,True,True,True,
2018_REG_12_CLE_CIN_20181125,2018,REG,12,2018-11-25,13:00,CLE,Cleveland Browns,CLE,CIN,Cincinnati Bengals,CIN,Paycor Stadium,Paul Brown Stadium,Paycor Stadium,Paycor Stadium,home_team_primary_stadium,,United States,False,False,56122,1,True,True,True,True,
2018_REG_12_GB_MIN_20181125,2018,REG,12,2018-11-25,20:20,GB,Green Bay Packers,GB,MIN,Minnesota Vikings,MIN,U.S. Bank Stadium,U.S. Bank Stadium,U.S. Bank Stadium,U.S. Bank Stadium,home_team_primary_stadium,,United States,False,False,66872,1,True,True,True,True,
2018_REG_12_JAX_BUF_20181125,2018,REG,12,2018-11-25,13:00,JAX,Jacksonville Jaguars,JAX,BUF,Buffalo Bills,BUF,Highmark Stadium,New Era Field,Highmark Stadium,Highmark Stadium,home_team_primary_stadium,,United States,False,False,57799,1,True,True,True,True,
2018_REG_12_LV_BAL_20181125,2018,REG,12,2018-11-25,13:00,LV,Las Vegas Raiders,OAK,BAL,Baltimore Ravens,BAL,M&T Bank Stadium,M&T Bank Stadium,M&T Bank Stadium,M&T Bank Stadium,home_team_primary_stadium,,United States,False,False,70035,1,True,True,True,True,
2018_REG_12_MIA_IND_20181125,2018,REG,12,2018-11-25,16:25,MIA,Miami Dolphins,MIA,IND,Indianapolis Colts,IND,Lucas Oil Stadium,Lucas Oil Stadium,Lucas Oil Stadium,Lucas Oil Stadium,home_team_primary_stadium,,United States,False,False,57069,1,True,True,True,True,
2018_REG_12_NE_NYJ_20181125,2018,REG,12,2018-11-25,13:00,NE,New England Patriots,NE,NYJ,New York Jets,NYJ,MetLife Stadium,MetLife Stadium,MetLife Stadium,MetLife Stadium,home_team_primary_stadium,,United States,False,False,77982,1,True,True,True,True,
2018_REG_12_NYG_PHI_20181125,2018,REG,12,2018-11-25,13:00,NYG,New York Giants,NYG,PHI,Philadelphia Eagles,PHI,Lincoln Financial Field,Lincoln Financial Field,Lincoln Financial Field,Lincoln Financial Field,home_team_primary_stadium,,United States,False,False,69696,1,True,True,True,True,
2018_REG_12_PIT_DEN_20181125,2018,REG,12,2018-11-25,16:25,PIT,Pittsburgh Steelers,PIT,DEN,Denver Broncos,DEN,Empower Field at Mile High,Sports Authority Field at Mile High,Empower Field at Mile High,Empower Field at Mile High,home_team_primary_stadium,,United States,False,False,76536,1,True,True,True,True,
2018_REG_12_SEA_CAR_20181125,2018,REG,12,2018-11-25,13:00,SEA,Seattle Seahawks,SEA,CAR,Carolina Panthers,CAR,Bank of America Stadium,Bank of America Stadium,Bank of America Stadium,Bank of America Stadium,home_team_primary_stadium,,United States,False,False,74002,1,True,True,True,True,
2018_REG_12_SF_TB_20181125,2018,REG,12,2018-11-25,13:00,SF,San Francisco 49ers,SF,TB,Tampa Bay Buccaneers,TB,Raymond James Stadium,Raymond James Stadium,Raymond James Stadium,Raymond James Stadium,home_team_primary_stadium,,United States,False,False,50436,1,True,True,True,True,
2018_REG_12_TEN_HOU_20181126,2018,REG,12,2018-11-26,20:15,TEN,Tennessee Titans,TEN,HOU,Houston Texans,HOU,NRG Stadium,NRG Stadium,NRG Stadium,NRG Stadium,home_team_primary_stadium,,United States,False,False,71826,1,True,True,True,True,
2018_REG_13_NO_DAL_20181129,2018,REG,13,2018-11-29,20:20,NO,New Orleans Saints,NO,DAL,Dallas Cowboys,DAL,AT&T Stadium,AT&T Stadium,AT&T Stadium,AT&T Stadium,home_team_primary_stadium,,United States,False,False,93004,1,True,True,True,True,
2018_REG_13_ARI_GB_20181202,2018,REG,13,2018-12-02,13:00,ARI,Arizona Cardinals,ARI,GB,Green Bay Packers,GB,Lambeau Field,Lambeau Field,Lambeau Field,Lambeau Field,home_team_primary_stadium,,United States,False,False,77234,1,True,True,True,True,
2018_REG_13_BAL_ATL_20181202,2018,REG,13,2018-12-02,13:00,BAL,Baltimore Ravens,BAL,ATL,Atlanta Falcons,ATL,Mercedes-Benz Stadium,Mercedes-Benz Stadium,Mercedes-Benz Stadium,Mercedes-Benz Stadium,home_team_primary_stadium,,United States,False,False,72262,1,True,True,True,True,
2018_REG_13_BUF_MIA_20181202,2018,REG,13,2018-12-02,13:00,BUF,Buffalo Bills,BUF,MIA,Miami Dolphins,MIA,Hard Rock Stadium,Hard Rock Stadium,Hard Rock Stadium,Hard Rock Stadium,home_team_primary_stadium,,United States,False,False,65155,1,True,True,True,True,
2018_REG_13_CAR_TB_20181202,2018,REG,13,2018-12-02,13:00,CAR,Carolina Panthers,CAR,TB,Tampa Bay Buccaneers,TB,Raymond James Stadium,Raymond James Stadium,Raymond James Stadium,Raymond James Stadium,home_team_primary_stadium,,United States,False,False,52568,1,True,True,True,True,
2018_REG_13_CHI_NYG_20181202,2018,REG,13,2018-12-02,13:00,CHI,Chicago Bears,CHI,NYG,New York Giants,NYG,MetLife Stadium,MetLife Stadium,MetLife Stadium,MetLife Stadium,home_team_primary_stadium,,United States,False,False,76465,1,True,True,True,True,
2018_REG_13_CLE_HOU_20181202,2018,REG,13,2018-12-02,13:00,CLE,Cleveland Browns,CLE,HOU,Houston Texans,HOU,NRG Stadium,NRG Stadium,NRG Stadium,NRG Stadium,home_team_primary_stadium,,United States,False,False,71741,1,True,True,True,True,
2018_REG_13_DEN_CIN_20181202,2018,REG,13,2018-12-02,13:00,DEN,Denver Broncos,DEN,CIN,Cincinnati Bengals,CIN,Paycor Stadium,Paul Brown Stadium,Paycor Stadium,Paycor Stadium,home_team_primary_stadium,,United States,False,False,44392,1,True,True,True,True,
2018_REG_13_IND_JAX_20181202,2018,REG,13,2018-12-02,13:00,IND,Indianapolis Colts,IND,JAX,Jacksonville Jaguars,JAX,TIAA Bank Stadium,TIAA Bank Stadium,EverBank Stadium,TIAA Bank Stadium,actual_game_venue,,United States,True,False,67030,1,True,True,True,True,
2018_REG_13_KC_LV_20181202,2018,REG,13,2018-12-02,16:05,KC,Kansas City Chiefs,KC,LV,Las Vegas Raiders,OAK,Oakland Coliseum,Oakland-Alameda County Coliseum,Allegiant Stadium,Oakland Coliseum,actual_game_venue,,United States,True,False,54255,1,True,True,True,True,
2018_REG_13_LAC_PIT_20181202,2018,REG,13,2018-12-02,20:20,LAC,Los Angeles Chargers,LAC,PIT,Pittsburgh Steelers,PIT,Acrisure Stadium,Heinz Field,Acrisure Stadium,Acrisure Stadium,home_team_primary_stadium,,United States,False,False,61069,1,True,True,True,True,
2018_REG_13_LAR_DET_20181202,2018,REG,13,2018-12-02,13:00,LAR,Los Angeles Rams,LA,DET,Detroit Lions,DET,Ford Field,Ford Field,Ford Field,Ford Field,home_team_primary_stadium,,United States,False,False,60974,1,True,True,True,True,
2018_REG_13_MIN_NE_20181202,2018,REG,13,2018-12-02,16:25,MIN,Minnesota Vikings,MIN,NE,New England Patriots,NE,Gillette Stadium,Gillette Stadium,Gillette Stadium,Gillette Stadium,home_team_primary_stadium,,United States,False,False,65878,1,True,True,True,True,
2018_REG_13_NYJ_TEN_20181202,2018,REG,13,2018-12-02,16:05,NYJ,New York Jets,NYJ,TEN,Tennessee Titans,TEN,Nissan Stadium,Nissan Stadium,Nissan Stadium,Nissan Stadium,home_team_primary_stadium,,United States,False,False,60904,1,True,True,True,True,
2018_REG_13_SF_SEA_20181202,2018,REG,13,2018-12-02,16:25,SF,San Francisco 49ers,SF,SEA,Seattle Seahawks,SEA,Lumen Field,CenturyLink Field,Lumen Field,Lumen Field,home_team_primary_stadium,,United States,False,False,69009,1,True,True,True,True,
2018_REG_13_WSH_PHI_20181203,2018,REG,13,2018-12-03,20:15,WSH,Washington Commanders,WAS,PHI,Philadelphia Eagles,PHI,Lincoln Financial Field,Lincoln Financial Field,Lincoln Financial Field,Lincoln Financial Field,home_team_primary_stadium,,United States,False,False,69696,1,True,True,True,True,
2018_REG_14_JAX_TEN_20181206,2018,REG,14,2018-12-06,20:20,JAX,Jacksonville Jaguars,JAX,TEN,Tennessee Titans,TEN,Nissan Stadium,Nissan Stadium,Nissan Stadium,Nissan Stadium,home_team_primary_stadium,,United States,False,False,60344,1,True,True,True,True,
2018_REG_14_ATL_GB_20181209,2018,REG,14,2018-12-09,13:00,ATL,Atlanta Falcons,ATL,GB,Green Bay Packers,GB,Lambeau Field,Lambeau Field,Lambeau Field,Lambeau Field,home_team_primary_stadium,,United States,False,False,77329,1,True,True,True,True,
2018_REG_14_BAL_KC_20181209,2018,REG,14,2018-12-09,13:00,BAL,Baltimore Ravens,BAL,KC,Kansas City Chiefs,KC,Arrowhead Stadium,Arrowhead Stadium,Arrowhead Stadium,Arrowhead Stadium,home_team_primary_stadium,,United States,False,False,74336,1,True,True,True,True,
2018_REG_14_CAR_CLE_20181209,2018,REG,14,2018-12-09,13:00,CAR,Carolina Panthers,CAR,CLE,Cleveland Browns,CLE,Huntington Bank Field,FirstEnergy Stadium,Huntington Bank Field,Huntington Bank Field,home_team_primary_stadium,,United States,False,False,59392,1,True,True,True,True,
2018_REG_14_CIN_LAC_20181209,2018,REG,14,2018-12-09,16:05,CIN,Cincinnati Bengals,CIN,LAC,Los Angeles Chargers,LAC,StubHub Center,StubHub Center,SoFi Stadium,StubHub Center,actual_game_venue,,United States,True,False,25358,1,True,True,True,True,
2018_REG_14_DEN_SF_20181209,2018,REG,14,2018-12-09,16:05,DEN,Denver Broncos,DEN,SF,San Francisco 49ers,SF,Levi's Stadium,Levi's Stadium,Levi's Stadium,Levi's Stadium,home_team_primary_stadium,,United States,False,False,69449,1,True,True,True,True,
2018_REG_14_DET_ARI_20181209,2018,REG,14,2018-12-09,16:25,DET,Detroit Lions,DET,ARI,Arizona Cardinals,ARI,State Farm Stadium,State Farm Stadium,State Farm Stadium,State Farm Stadium,home_team_primary_stadium,,United States,False,False,62014,1,True,True,True,True,
2018_REG_14_IND_HOU_20181209,2018,REG,14,2018-12-09,13:00,IND,Indianapolis Colts,IND,HOU,Houston Texans,HOU,NRG Stadium,NRG Stadium,NRG Stadium,NRG Stadium,home_team_primary_stadium,,United States,False,False,71814,1,True,True,True,True,
2018_REG_14_LAR_CHI_20181209,2018,REG,14,2018-12-09,20:20,LAR,Los Angeles Rams,LA,CHI,Chicago Bears,CHI,Soldier Field,Soldier Field,Soldier Field,Soldier Field,home_team_primary_stadium,,United States,False,False,61695,1,True,True,True,True,
2018_REG_14_NE_MIA_20181209,2018,REG,14,2018-12-09,13:00,NE,New England Patriots,NE,MIA,Miami Dolphins,MIA,Hard Rock Stadium,Hard Rock Stadium,Hard Rock Stadium,Hard Rock Stadium,home_team_primary_stadium,,United States,False,False,66087,1,True,True,True,True,
2018_REG_14_NO_TB_20181209,2018,REG,14,2018-12-09,13:00,NO,New Orleans Saints,NO,TB,Tampa Bay Buccaneers,TB,Raymond James Stadium,Raymond James Stadium,Raymond James Stadium,Raymond James Stadium,home_team_primary_stadium,,United States,False,False,53495,1,True,True,True,True,
2018_REG_14_NYG_WSH_20181209,2018,REG,14,2018-12-09,13:00,NYG,New York Giants,NYG,WSH,Washington Commanders,WAS,Northwest Stadium,FedExField,Northwest Stadium,Northwest Stadium,home_team_primary_stadium,,United States,False,False,57437,1,True,True,True,True,
2018_REG_14_NYJ_BUF_20181209,2018,REG,14,2018-12-09,13:00,NYJ,New York Jets,NYJ,BUF,Buffalo Bills,BUF,Highmark Stadium,New Era Field,Highmark Stadium,Highmark Stadium,home_team_primary_stadium,,United States,False,False,59119,1,True,True,True,True,
2018_REG_14_PHI_DAL_20181209,2018,REG,14,2018-12-09,16:25,PHI,Philadelphia Eagles,PHI,DAL,Dallas Cowboys,DAL,AT&T Stadium,AT&T Stadium,AT&T Stadium,AT&T Stadium,home_team_primary_stadium,,United States,False,False,93127,1,True,True,True,True,
2018_REG_14_PIT_LV_20181209,2018,REG,14,2018-12-09,16:25,PIT,Pittsburgh Steelers,PIT,LV,Las Vegas Raiders,OAK,Oakland Coliseum,Oakland-Alameda County Coliseum,Allegiant Stadium,Oakland Coliseum,actual_game_venue,,United States,True,False,53960,1,True,True,True,True,
2018_REG_14_MIN_SEA_20181210,2018,REG,14,2018-12-10,20:15,MIN,Minnesota Vikings,MIN,SEA,Seattle Seahawks,SEA,Lumen Field,CenturyLink Field,Lumen Field,Lumen Field,home_team_primary_stadium,,United States,False,False,69007,1,True,True,True,True,
2018_REG_15_LAC_KC_20181213,2018,REG,15,2018-12-13,20:20,LAC,Los Angeles Chargers,LAC,KC,Kansas City Chiefs,KC,Arrowhead Stadium,Arrowhead Stadium,Arrowhead Stadium,Arrowhead Stadium,home_team_primary_stadium,,United States,False,False,75091,1,True,True,True,True,
2018_REG_15_CLE_DEN_20181215,2018,REG,15,2018-12-15,20:20,CLE,Cleveland Browns,CLE,DEN,Denver Broncos,DEN,Empower Field at Mile High,Sports Authority Field at Mile High,Empower Field at Mile High,Empower Field at Mile High,home_team_primary_stadium,,United States,False,False,76596,1,True,True,True,True,
2018_REG_15_HOU_NYJ_20181215,2018,REG,15,2018-12-15,16:30,HOU,Houston Texans,HOU,NYJ,New York Jets,NYJ,MetLife Stadium,MetLife Stadium,MetLife Stadium,MetLife Stadium,home_team_primary_stadium,,United States,False,False,77982,1,True,True,True,True,
2018_REG_15_ARI_ATL_20181216,2018,REG,15,2018-12-16,13:00,ARI,Arizona Cardinals,ARI,ATL,Atlanta Falcons,ATL,Mercedes-Benz Stadium,Mercedes-Benz Stadium,Mercedes-Benz Stadium,Mercedes-Benz Stadium,home_team_primary_stadium,,United States,False,False,72084,1,True,True,True,True,
2018_REG_15_DAL_IND_20181216,2018,REG,15,2018-12-16,13:00,DAL,Dallas Cowboys,DAL,IND,Indianapolis Colts,IND,Lucas Oil Stadium,Lucas Oil Stadium,Lucas Oil Stadium,Lucas Oil Stadium,home_team_primary_stadium,,United States,False,False,66654,1,True,True,True,True,
2018_REG_15_DET_BUF_20181216,2018,REG,15,2018-12-16,13:00,DET,Detroit Lions,DET,BUF,Buffalo Bills,BUF,Highmark Stadium,New Era Field,Highmark Stadium,Highmark Stadium,home_team_primary_stadium,,United States,False,False,59110,1,True,True,True,True,
2018_REG_15_GB_CHI_20181216,2018,REG,15,2018-12-16,13:00,GB,Green Bay Packers,GB,CHI,Chicago Bears,CHI,Soldier Field,Soldier Field,Soldier Field,Soldier Field,home_team_primary_stadium,,United States,False,False,62372,1,True,True,True,True,
2018_REG_15_LV_CIN_20181216,2018,REG,15,2018-12-16,13:00,LV,Las Vegas Raiders,OAK,CIN,Cincinnati Bengals,CIN,Paycor Stadium,Paul Brown Stadium,Paycor Stadium,Paycor Stadium,home_team_primary_stadium,,United States,False,False,44568,1,True,True,True,True,
2018_REG_15_MIA_MIN_20181216,2018,REG,15,2018-12-16,13:00,MIA,Miami Dolphins,MIA,MIN,Minnesota Vikings,MIN,U.S. Bank Stadium,U.S. Bank Stadium,U.S. Bank Stadium,U.S. Bank Stadium,home_team_primary_stadium,,United States,False,False,66841,1,True,True,True,True,
2018_REG_15_NE_PIT_20181216,2018,REG,15,2018-12-16,16:25,NE,New England Patriots,NE,PIT,Pittsburgh Steelers,PIT,Acrisure Stadium,Heinz Field,Acrisure Stadium,Acrisure Stadium,home_team_primary_stadium,,United States,False,False,65280,1,True,True,True,True,
2018_REG_15_PHI_LAR_20181216,2018,REG,15,2018-12-16,20:20,PHI,Philadelphia Eagles,PHI,LAR,Los Angeles Rams,LA,Los Angeles Memorial Coliseum,Los Angeles Memorial Coliseum,SoFi Stadium,Los Angeles Memorial Coliseum,actual_game_venue,,United States,True,False,74210,1,True,True,True,True,
2018_REG_15_SEA_SF_20181216,2018,REG,15,2018-12-16,16:05,SEA,Seattle Seahawks,SEA,SF,San Francisco 49ers,SF,Levi's Stadium,Levi's Stadium,Levi's Stadium,Levi's Stadium,home_team_primary_stadium,,United States,False,False,68836,1,True,True,True,True,
2018_REG_15_TB_BAL_20181216,2018,REG,15,2018-12-16,13:00,TB,Tampa Bay Buccaneers,TB,BAL,Baltimore Ravens,BAL,M&T Bank Stadium,M&T Bank Stadium,M&T Bank Stadium,M&T Bank Stadium,home_team_primary_stadium,,United States,False,False,70031,1,True,True,True,True,
2018_REG_15_TEN_NYG_20181216,2018,REG,15,2018-12-16,13:00,TEN,Tennessee Titans,TEN,NYG,New York Giants,NYG,MetLife Stadium,MetLife Stadium,MetLife Stadium,MetLife Stadium,home_team_primary_stadium,,United States,False,False,74538,1,True,True,True,True,
2018_REG_15_WSH_JAX_20181216,2018,REG,15,2018-12-16,13:00,WSH,Washington Commanders,WAS,JAX,Jacksonville Jaguars,JAX,TIAA Bank Stadium,TIAA Bank Stadium,EverBank Stadium,TIAA Bank Stadium,actual_game_venue,,United States,True,False,67577,1,True,True,True,True,
2018_REG_15_NO_CAR_20181217,2018,REG,15,2018-12-17,20:15,NO,New Orleans Saints,NO,CAR,Carolina Panthers,CAR,Bank of America Stadium,Bank of America Stadium,Bank of America Stadium,Bank of America Stadium,home_team_primary_stadium,,United States,False,False,74188,1,True,True,True,True,
2018_REG_16_BAL_LAC_20181222,2018,REG,16,2018-12-22,20:20,BAL,Baltimore Ravens,BAL,LAC,Los Angeles Chargers,LAC,StubHub Center,StubHub Center,SoFi Stadium,StubHub Center,actual_game_venue,,United States,True,False,25571,1,True,True,True,True,
2018_REG_16_WSH_TEN_20181222,2018,REG,16,2018-12-22,16:30,WSH,Washington Commanders,WAS,TEN,Tennessee Titans,TEN,Nissan Stadium,Nissan Stadium,Nissan Stadium,Nissan Stadium,home_team_primary_stadium,,United States,False,False,60746,1,True,True,True,True,
2018_REG_16_ATL_CAR_20181223,2018,REG,16,2018-12-23,13:00,ATL,Atlanta Falcons,ATL,CAR,Carolina Panthers,CAR,Bank of America Stadium,Bank of America Stadium,Bank of America Stadium,Bank of America Stadium,home_team_primary_stadium,,United States,False,False,73722,1,True,True,True,True,
2018_REG_16_BUF_NE_20181223,2018,REG,16,2018-12-23,13:00,BUF,Buffalo Bills,BUF,NE,New England Patriots,NE,Gillette Stadium,Gillette Stadium,Gillette Stadium,Gillette Stadium,home_team_primary_stadium,,United States,False,False,65878,1,True,True,True,True,
2018_REG_16_CHI_SF_20181223,2018,REG,16,2018-12-23,16:05,CHI,Chicago Bears,CHI,SF,San Francisco 49ers,SF,Levi's Stadium,Levi's Stadium,Levi's Stadium,Levi's Stadium,home_team_primary_stadium,,United States,False,False,70806,1,True,True,True,True,
2018_REG_16_CIN_CLE_20181223,2018,REG,16,2018-12-23,13:00,CIN,Cincinnati Bengals,CIN,CLE,Cleveland Browns,CLE,Huntington Bank Field,FirstEnergy Stadium,Huntington Bank Field,Huntington Bank Field,home_team_primary_stadium,,United States,False,False,67431,1,True,True,True,True,
2018_REG_16_GB_NYJ_20181223,2018,REG,16,2018-12-23,13:00,GB,Green Bay Packers,GB,NYJ,New York Jets,NYJ,MetLife Stadium,MetLife Stadium,MetLife Stadium,MetLife Stadium,home_team_primary_stadium,,United States,False,False,77982,1,True,True,True,True,
2018_REG_16_HOU_PHI_20181223,2018,REG,16,2018-12-23,13:00,HOU,Houston Texans,HOU,PHI,Philadelphia Eagles,PHI,Lincoln Financial Field,Lincoln Financial Field,Lincoln Financial Field,Lincoln Financial Field,home_team_primary_stadium,,United States,False,False,69696,1,True,True,True,True,
2018_REG_16_JAX_MIA_20181223,2018,REG,16,2018-12-23,13:00,JAX,Jacksonville Jaguars,JAX,MIA,Miami Dolphins,MIA,Hard Rock Stadium,Hard Rock Stadium,Hard Rock Stadium,Hard Rock Stadium,home_team_primary_stadium,,United States,False,False,65798,1,True,True,True,True,
2018_REG_16_KC_SEA_20181223,2018,REG,16,2018-12-23,20:20,KC,Kansas City Chiefs,KC,SEA,Seattle Seahawks,SEA,Lumen Field,CenturyLink Field,Lumen Field,Lumen Field,home_team_primary_stadium,,United States,False,False,69067,1,True,True,True,True,
2018_REG_16_LAR_ARI_20181223,2018,REG,16,2018-12-23,16:05,LAR,Los Angeles Rams,LA,ARI,Arizona Cardinals,ARI,State Farm Stadium,State Farm Stadium,State Farm Stadium,State Farm Stadium,home_team_primary_stadium,,United States,False,False,61759,1,True,True,True,True,
2018_REG_16_MIN_DET_20181223,2018,REG,16,2018-12-23,13:00,MIN,Minnesota Vikings,MIN,DET,Detroit Lions,DET,Ford Field,Ford Field,Ford Field,Ford Field,home_team_primary_stadium,,United States,False,False,61641,1,True,True,True,True,
2018_REG_16_NYG_IND_20181223,2018,REG,16,2018-12-23,13:00,NYG,New York Giants,NYG,IND,Indianapolis Colts,IND,Lucas Oil Stadium,Lucas Oil Stadium,Lucas Oil Stadium,Lucas Oil Stadium,home_team_primary_stadium,,United States,False,False,61738,1,True,True,True,True,
2018_REG_16_PIT_NO_20181223,2018,REG,16,2018-12-23,16:25,PIT,Pittsburgh Steelers,PIT,NO,New Orleans Saints,NO,Caesars Superdome,Mercedes-Benz Superdome,Caesars Superdome,Caesars Superdome,home_team_primary_stadium,,United States,False,False,73086,1,True,True,True,True,
2018_REG_16_TB_DAL_20181223,2018,REG,16,2018-12-23,13:00,TB,Tampa Bay Buccaneers,TB,DAL,Dallas Cowboys,DAL,AT&T Stadium,AT&T Stadium,AT&T Stadium,AT&T Stadium,home_team_primary_stadium,,United States,False,False,92851,1,True,True,True,True,
2018_REG_16_DEN_LV_20181224,2018,REG,16,2018-12-24,20:15,DEN,Denver Broncos,DEN,LV,Las Vegas Raiders,OAK,Oakland Coliseum,Oakland-Alameda County Coliseum,Allegiant Stadium,Oakland Coliseum,actual_game_venue,,United States,True,False,53850,1,True,True,True,True,
2018_REG_17_ARI_SEA_20181230,2018,REG,17,2018-12-30,16:25,ARI,Arizona Cardinals,ARI,SEA,Seattle Seahawks,SEA,Lumen Field,CenturyLink Field,Lumen Field,Lumen Field,home_team_primary_stadium,,United States,False,False,68990,1,True,True,True,True,
2018_REG_17_ATL_TB_20181230,2018,REG,17,2018-12-30,13:00,ATL,Atlanta Falcons,ATL,TB,Tampa Bay Buccaneers,TB,Raymond James Stadium,Raymond James Stadium,Raymond James Stadium,Raymond James Stadium,home_team_primary_stadium,,United States,False,False,52884,1,True,True,True,True,
2018_REG_17_CAR_NO_20181230,2018,REG,17,2018-12-30,13:00,CAR,Carolina Panthers,CAR,NO,New Orleans Saints,NO,Caesars Superdome,Mercedes-Benz Superdome,Caesars Superdome,Caesars Superdome,home_team_primary_stadium,,United States,False,False,73028,1,True,True,True,True,
2018_REG_17_CHI_MIN_20181230,2018,REG,17,2018-12-30,16:25,CHI,Chicago Bears,CHI,MIN,Minnesota Vikings,MIN,U.S. Bank Stadium,U.S. Bank Stadium,U.S. Bank Stadium,U.S. Bank Stadium,home_team_primary_stadium,,United States,False,False,66878,1,True,True,True,True,
2018_REG_17_CIN_PIT_20181230,2018,REG,17,2018-12-30,16:25,CIN,Cincinnati Bengals,CIN,PIT,Pittsburgh Steelers,PIT,Acrisure Stadium,Heinz Field,Acrisure Stadium,Acrisure Stadium,home_team_primary_stadium,,United States,False,False,63874,1,True,True,True,True,
2018_REG_17_CLE_BAL_20181230,2018,REG,17,2018-12-30,16:25,CLE,Cleveland Browns,CLE,BAL,Baltimore Ravens,BAL,M&T Bank Stadium,M&T Bank Stadium,M&T Bank Stadium,M&T Bank Stadium,home_team_primary_stadium,,United States,False,False,70925,1,True,True,True,True,
2018_REG_17_DAL_NYG_20181230,2018,REG,17,2018-12-30,13:00,DAL,Dallas Cowboys,DAL,NYG,New York Giants,NYG,MetLife Stadium,MetLife Stadium,MetLife Stadium,MetLife Stadium,home_team_primary_stadium,,United States,False,False,77750,1,True,True,True,True,
2018_REG_17_DET_GB_20181230,2018,REG,17,2018-12-30,13:00,DET,Detroit Lions,DET,GB,Green Bay Packers,GB,Lambeau Field,Lambeau Field,Lambeau Field,Lambeau Field,home_team_primary_stadium,,United States,False,False,77341,1,True,True,True,True,
2018_REG_17_IND_TEN_20181230,2018,REG,17,2018-12-30,20:20,IND,Indianapolis Colts,IND,TEN,Tennessee Titans,TEN,Nissan Stadium,Nissan Stadium,Nissan Stadium,Nissan Stadium,home_team_primary_stadium,,United States,False,False,68978,1,True,True,True,True,
2018_REG_17_JAX_HOU_20181230,2018,REG,17,2018-12-30,13:00,JAX,Jacksonville Jaguars,JAX,HOU,Houston Texans,HOU,NRG Stadium,NRG Stadium,NRG Stadium,NRG Stadium,home_team_primary_stadium,,United States,False,False,71848,1,True,True,True,True,
2018_REG_17_LAC_DEN_20181230,2018,REG,17,2018-12-30,16:25,LAC,Los Angeles Chargers,LAC,DEN,Denver Broncos,DEN,Empower Field at Mile High,Sports Authority Field at Mile High,Empower Field at Mile High,Empower Field at Mile High,home_team_primary_stadium,,United States,False,False,75947,1,True,True,True,True,
2018_REG_17_LV_KC_20181230,2018,REG,17,2018-12-30,16:25,LV,Las Vegas Raiders,OAK,KC,Kansas City Chiefs,KC,Arrowhead Stadium,Arrowhead Stadium,Arrowhead Stadium,Arrowhead Stadium,home_team_primary_stadium,,United States,False,False,77550,1,True,True,True,True,
2018_REG_17_MIA_BUF_20181230,2018,REG,17,2018-12-30,13:00,MIA,Miami Dolphins,MIA,BUF,Buffalo Bills,BUF,Highmark Stadium,New Era Field,Highmark Stadium,Highmark Stadium,home_team_primary_stadium,,United States,False,False,67420,1,True,True,True,True,
2018_REG_17_NYJ_NE_20181230,2018,REG,17,2018-12-30,13:00,NYJ,New York Jets,NYJ,NE,New England Patriots,NE,Gillette Stadium,Gillette Stadium,Gillette Stadium,Gillette Stadium,home_team_primary_stadium,,United States,False,False,65878,1,True,True,True,True,
2018_REG_17_PHI_WSH_20181230,2018,REG,17,2018-12-30,16:25,PHI,Philadelphia Eagles,PHI,WSH,Washington Commanders,WAS,Northwest Stadium,FedExField,Northwest Stadium,Northwest Stadium,home_team_primary_stadium,,United States,False,False,63188,1,True,True,True,True,
2018_REG_17_SF_LAR_20181230,2018,REG,17,2018-12-30,16:25,SF,San Francisco 49ers,SF,LAR,Los Angeles Rams,LA,Los Angeles Memorial Coliseum,Los Angeles Memorial Coliseum,SoFi Stadium,Los Angeles Memorial Coliseum,actual_game_venue,,United States,True,False,72161,1,True,True,True,True,
2018_POST_18_IND_HOU_20190105,2018,POST,18,2019-01-05,16:35,IND,Indianapolis Colts,IND,HOU,Houston Texans,HOU,NRG Stadium,NRG Stadium,NRG Stadium,NRG Stadium,home_team_primary_stadium,,United States,False,False,,,True,False,False,False,season_week_not_found_in_attendance
2018_POST_18_SEA_DAL_20190105,2018,POST,18,2019-01-05,20:15,SEA,Seattle Seahawks,SEA,DAL,Dallas Cowboys,DAL,AT&T Stadium,AT&T Stadium,AT&T Stadium,AT&T Stadium,home_team_primary_stadium,,United States,False,False,,,True,False,False,False,season_week_not_found_in_attendance
2018_POST_18_LAC_BAL_20190106,2018,POST,18,2019-01-06,13:05,LAC,Los Angeles Chargers,LAC,BAL,Baltimore Ravens,BAL,M&T Bank Stadium,M&T Bank Stadium,M&T Bank Stadium,M&T Bank Stadium,home_team_primary_stadium,,United States,False,False,,,True,False,False,False,season_week_not_found_in_attendance
2018_POST_18_PHI_CHI_20190106,2018,POST,18,2019-01-06,16:40,PHI,Philadelphia Eagles,PHI,CHI,Chicago Bears,CHI,Soldier Field,Soldier Field,Soldier Field,Soldier Field,home_team_primary_stadium,,United States,False,False,,,True,False,False,False,season_week_not_found_in_attendance
2018_POST_19_DAL_LAR_20190112,2018,POST,19,2019-01-12,20:15,DAL,Dallas Cowboys,DAL,LAR,Los Angeles Rams,LA,Los Angeles Memorial Coliseum,Los Angeles Memorial Coliseum,SoFi Stadium,Los Angeles Memorial Coliseum,actual_game_venue,,United States,True,False,,,True,False,False,False,season_week_not_found_in_attendance
2018_POST_19_IND_KC_20190112,2018,POST,19,2019-01-12,16:35,IND,Indianapolis Colts,IND,KC,Kansas City Chiefs,KC,Arrowhead Stadium,Arrowhead Stadium,Arrowhead Stadium,Arrowhead Stadium,home_team_primary_stadium,,United States,False,False,,,True,False,False,False,season_week_not_found_in_attendance
2018_POST_19_LAC_NE_20190113,2018,POST,19,2019-01-13,13:05,LAC,Los Angeles Chargers,LAC,NE,New England Patriots,NE,Gillette Stadium,Gillette Stadium,Gillette Stadium,Gillette Stadium,home_team_primary_stadium,,United States,False,False,,,True,False,False,False,season_week_not_found_in_attendance
2018_POST_19_PHI_NO_20190113,2018,POST,19,2019-01-13,16:40,PHI,Philadelphia Eagles,PHI,NO,New Orleans Saints,NO,Caesars Superdome,Mercedes-Benz Superdome,Caesars Superdome,Caesars Superdome,home_team_primary_stadium,,United States,False,False,,,True,False,False,False,season_week_not_found_in_attendance
2018_CON_20_LAR_NO_20190120,2018,CON,20,2019-01-20,15:05,LAR,Los Angeles Rams,LA,NO,New Orleans Saints,NO,Caesars Superdome,Mercedes-Benz Superdome,Caesars Superdome,Caesars Superdome,home_team_primary_stadium,,United States,False,False,,,True,False,False,False,season_week_not_found_in_attendance
2018_CON_20_NE_KC_20190120,2018,CON,20,2019-01-20,18:40,NE,New England Patriots,NE,KC,Kansas City Chiefs,KC,Arrowhead Stadium,Arrowhead Stadium,Arrowhead Stadium,Arrowhead Stadium,home_team_primary_stadium,,United States,False,False,,,True,False,False,False,season_week_not_found_in_attendance
2018_POST_21_NE_LAR_20190203,2018,POST,21,2019-02-03,18:30,NE,New England Patriots,NE,LAR,Los Angeles Rams,LA,Mercedes-Benz Stadium,Mercedes-Benz Stadium,SoFi Stadium,Mercedes-Benz Stadium,actual_game_venue,,United States,True,False,,,True,False,False,False,season_week_not_found_in_attendance
2019_REG_01_GB_CHI_20190905,2019,REG,1,2019-09-05,20:20,GB,Green Bay Packers,GB,CHI,Chicago Bears,CHI,Soldier Field,Soldier Field,Soldier Field,Soldier Field,home_team_primary_stadium,,United States,False,False,62435,1,True,True,True,True,
2019_REG_01_ATL_MIN_20190908,2019,REG,1,2019-09-08,13:00,ATL,Atlanta Falcons,ATL,MIN,Minnesota Vikings,MIN,U.S. Bank Stadium,U.S. Bank Stadium,U.S. Bank Stadium,U.S. Bank Stadium,home_team_primary_stadium,,United States,False,False,66714,1,True,True,True,True,
2019_REG_01_BAL_MIA_20190908,2019,REG,1,2019-09-08,13:00,BAL,Baltimore Ravens,BAL,MIA,Miami Dolphins,MIA,Hard Rock Stadium,Hard Rock Stadium,Hard Rock Stadium,Hard Rock Stadium,home_team_primary_stadium,,United States,False,False,65012,1,True,True,True,True,
2019_REG_01_BUF_NYJ_20190908,2019,REG,1,2019-09-08,13:00,BUF,Buffalo Bills,BUF,NYJ,New York Jets,NYJ,MetLife Stadium,MetLife Stadium,MetLife Stadium,MetLife Stadium,home_team_primary_stadium,,United States,False,False,78523,1,True,True,True,True,
2019_REG_01_CIN_SEA_20190908,2019,REG,1,2019-09-08,16:05,CIN,Cincinnati Bengals,CIN,SEA,Seattle Seahawks,SEA,Lumen Field,CenturyLink Field,Lumen Field,Lumen Field,home_team_primary_stadium,,United States,False,False,68710,1,True,True,True,True,
2019_REG_01_DET_ARI_20190908,2019,REG,1,2019-09-08,16:25,DET,Detroit Lions,DET,ARI,Arizona Cardinals,ARI,State Farm Stadium,State Farm Stadium,State Farm Stadium,State Farm Stadium,home_team_primary_stadium,,United States,False,False,60687,1,True,True,True,True,
2019_REG_01_IND_LAC_20190908,2019,REG,1,2019-09-08,16:05,IND,Indianapolis Colts,IND,LAC,Los Angeles Chargers,LAC,StubHub Center,StubHub Center,SoFi Stadium,StubHub Center,actual_game_venue,,United States,True,False,25363,1,True,True,True,True,
2019_REG_01_KC_JAX_20190908,2019,REG,1,2019-09-08,13:00,KC,Kansas City Chiefs,KC,JAX,Jacksonville Jaguars,JAX,TIAA Bank Stadium,TIAA Bank Stadium,EverBank Stadium,TIAA Bank Stadium,actual_game_venue,,United States,True,False,60157,1,True,True,True,True,
2019_REG_01_LAR_CAR_20190908,2019,REG,1,2019-09-08,13:00,LAR,Los Angeles Rams,LA,CAR,Carolina Panthers,CAR,Bank of America Stadium,Bank of America Stadium,Bank of America Stadium,Bank of America Stadium,home_team_primary_stadium,,United States,False,False,72005,1,True,True,True,True,
2019_REG_01_NYG_DAL_20190908,2019,REG,1,2019-09-08,16:25,NYG,New York Giants,NYG,DAL,Dallas Cowboys,DAL,AT&T Stadium,AT&T Stadium,AT&T Stadium,AT&T Stadium,home_team_primary_stadium,,United States,False,False,90353,1,True,True,True,True,
2019_REG_01_PIT_NE_20190908,2019,REG,1,2019-09-08,20:20,PIT,Pittsburgh Steelers,PIT,NE,New England Patriots,NE,Gillette Stadium,Gillette Stadium,Gillette Stadium,Gillette Stadium,home_team_primary_stadium,,United States,False,False,65878,1,True,True,True,True,
2019_REG_01_SF_TB_20190908,2019,REG,1,2019-09-08,16:25,SF,San Francisco 49ers,SF,TB,Tampa Bay Buccaneers,TB,Raymond James Stadium,Raymond James Stadium,Raymond James Stadium,Raymond James Stadium,home_team_primary_stadium,,United States,False,False,55976,1,True,True,True,True,
2019_REG_01_TEN_CLE_20190908,2019,REG,1,2019-09-08,13:00,TEN,Tennessee Titans,TEN,CLE,Cleveland Browns,CLE,Huntington Bank Field,FirstEnergy Stadium,Huntington Bank Field,Huntington Bank Field,home_team_primary_stadium,,United States,False,False,67431,1,True,True,True,True,
2019_REG_01_WSH_PHI_20190908,2019,REG,1,2019-09-08,13:00,WSH,Washington Commanders,WAS,PHI,Philadelphia Eagles,PHI,Lincoln Financial Field,Lincoln Financial Field,Lincoln Financial Field,Lincoln Financial Field,home_team_primary_stadium,,United States,False,False,69696,1,True,True,True,True,
2019_REG_01_DEN_LV_20190909,2019,REG,1,2019-09-09,22:20,DEN,Denver Broncos,DEN,LV,Las Vegas Raiders,OAK,Ring Central Coliseum,Ring Central Coliseum,Allegiant Stadium,Ring Central Coliseum,actual_game_venue,,United States,True,False,52359,1,True,True,True,True,
2019_REG_01_HOU_NO_20190909,2019,REG,1,2019-09-09,19:10,HOU,Houston Texans,HOU,NO,New Orleans Saints,NO,Caesars Superdome,Mercedes-Benz Superdome,Caesars Superdome,Caesars Superdome,home_team_primary_stadium,,United States,False,False,73039,1,True,True,True,True,
2019_REG_02_TB_CAR_20190912,2019,REG,2,2019-09-12,20:20,TB,Tampa Bay Buccaneers,TB,CAR,Carolina Panthers,CAR,Bank of America Stadium,Bank of America Stadium,Bank of America Stadium,Bank of America Stadium,home_team_primary_stadium,,United States,False,False,71101,1,True,True,True,True,
2019_REG_02_ARI_BAL_20190915,2019,REG,2,2019-09-15,13:00,ARI,Arizona Cardinals,ARI,BAL,Baltimore Ravens,BAL,M&T Bank Stadium,M&T Bank Stadium,M&T Bank Stadium,M&T Bank Stadium,home_team_primary_stadium,,United States,False,False,70126,1,True,True,True,True,
2019_REG_02_BUF_NYG_20190915,2019,REG,2,2019-09-15,13:00,BUF,Buffalo Bills,BUF,NYG,New York Giants,NYG,MetLife Stadium,MetLife Stadium,MetLife Stadium,MetLife Stadium,home_team_primary_stadium,,United States,False,False,74569,1,True,True,True,True,
2019_REG_02_CHI_DEN_20190915,2019,REG,2,2019-09-15,16:25,CHI,Chicago Bears,CHI,DEN,Denver Broncos,DEN,Empower Field at Mile High,Empower Field at Mile High,Empower Field at Mile High,Empower Field at Mile High,home_team_primary_stadium,,United States,False,False,76885,1,True,True,True,True,
2019_REG_02_DAL_WSH_20190915,2019,REG,2,2019-09-15,13:00,DAL,Dallas Cowboys,DAL,WSH,Washington Commanders,WAS,Northwest Stadium,FedExField,Northwest Stadium,Northwest Stadium,home_team_primary_stadium,,United States,False,False,75128,1,True,True,True,True,
2019_REG_02_IND_TEN_20190915,2019,REG,2,2019-09-15,13:00,IND,Indianapolis Colts,IND,TEN,Tennessee Titans,TEN,Nissan Stadium,Nissan Stadium,Nissan Stadium,Nissan Stadium,home_team_primary_stadium,,United States,False,False,62849,1,True,True,True,True,
2019_REG_02_JAX_HOU_20190915,2019,REG,2,2019-09-15,13:00,JAX,Jacksonville Jaguars,JAX,HOU,Houston Texans,HOU,NRG Stadium,NRG Stadium,NRG Stadium,NRG Stadium,home_team_primary_stadium,,United States,False,False,71651,1,True,True,True,True,
2019_REG_02_KC_LV_20190915,2019,REG,2,2019-09-15,16:05,KC,Kansas City Chiefs,KC,LV,Las Vegas Raiders,OAK,Ring Central Coliseum,Ring Central Coliseum,Allegiant Stadium,Ring Central Coliseum,actual_game_venue,,United States,True,False,52748,1,True,True,True,True,
2019_REG_02_LAC_DET_20190915,2019,REG,2,2019-09-15,13:00,LAC,Los Angeles Chargers,LAC,DET,Detroit Lions,DET,Ford Field,Ford Field,Ford Field,Ford Field,home_team_primary_stadium,,United States,False,False,60158,1,True,True,True,True,
2019_REG_02_MIN_GB_20190915,2019,REG,2,2019-09-15,13:00,MIN,Minnesota Vikings,MIN,GB,Green Bay Packers,GB,Lambeau Field,Lambeau Field,Lambeau Field,Lambeau Field,home_team_primary_stadium,,United States,False,False,78416,1,True,True,True,True,
2019_REG_02_NE_MIA_20190915,2019,REG,2,2019-09-15,13:00,NE,New England Patriots,NE,MIA,Miami Dolphins,MIA,Hard Rock Stadium,Hard Rock Stadium,Hard Rock Stadium,Hard Rock Stadium,home_team_primary_stadium,,United States,False,False,65513,1,True,True,True,True,
2019_REG_02_NO_LAR_20190915,2019,REG,2,2019-09-15,16:25,NO,New Orleans Saints,NO,LAR,Los Angeles Rams,LA,Los Angeles Memorial Coliseum,Los Angeles Memorial Coliseum,SoFi Stadium,Los Angeles Memorial Coliseum,actual_game_venue,,United States,True,False,71460,1,True,True,True,True,
2019_REG_02_PHI_ATL_20190915,2019,REG,2,2019-09-15,20:20,PHI,Philadelphia Eagles,PHI,ATL,Atlanta Falcons,ATL,Mercedes-Benz Stadium,Mercedes-Benz Stadium,Mercedes-Benz Stadium,Mercedes-Benz Stadium,home_team_primary_stadium,,United States,False,False,72443,1,True,True,True,True,
2019_REG_02_SEA_PIT_20190915,2019,REG,2,2019-09-15,13:00,SEA,Seattle Seahawks,SEA,PIT,Pittsburgh Steelers,PIT,Acrisure Stadium,Heinz Field,Acrisure Stadium,Acrisure Stadium,home_team_primary_stadium,,United States,False,False,65063,1,True,True,True,True,
2019_REG_02_SF_CIN_20190915,2019,REG,2,2019-09-15,13:00,SF,San Francisco 49ers,SF,CIN,Cincinnati Bengals,CIN,Paycor Stadium,Paul Brown Stadium,Paycor Stadium,Paycor Stadium,home_team_primary_stadium,,United States,False,False,50666,1,True,True,True,True,
2019_REG_02_CLE_NYJ_20190916,2019,REG,2,2019-09-16,20:15,CLE,Cleveland Browns,CLE,NYJ,New York Jets,NYJ,MetLife Stadium,MetLife Stadium,MetLife Stadium,MetLife Stadium,home_team_primary_stadium,,United States,False,False,78523,1,True,True,True,True,
2019_REG_03_TEN_JAX_20190919,2019,REG,3,2019-09-19,20:20,TEN,Tennessee Titans,TEN,JAX,Jacksonville Jaguars,JAX,TIAA Bank Stadium,TIAA Bank Stadium,EverBank Stadium,TIAA Bank Stadium,actual_game_venue,,United States,True,False,58613,1,True,True,True,True,
2019_REG_03_ATL_IND_20190922,2019,REG,3,2019-09-22,13:00,ATL,Atlanta Falcons,ATL,IND,Indianapolis Colts,IND,Lucas Oil Stadium,Lucas Oil Stadium,Lucas Oil Stadium,Lucas Oil Stadium,home_team_primary_stadium,,United States,False,False,60295,1,True,True,True,True,
2019_REG_03_BAL_KC_20190922,2019,REG,3,2019-09-22,13:00,BAL,Baltimore Ravens,BAL,KC,Kansas City Chiefs,KC,Arrowhead Stadium,Arrowhead Stadium,Arrowhead Stadium,Arrowhead Stadium,home_team_primary_stadium,,United States,False,False,73390,1,True,True,True,True,
2019_REG_03_CAR_ARI_20190922,2019,REG,3,2019-09-22,16:05,CAR,Carolina Panthers,CAR,ARI,Arizona Cardinals,ARI,State Farm Stadium,State Farm Stadium,State Farm Stadium,State Farm Stadium,home_team_primary_stadium,,United States,False,False,60104,1,True,True,True,True,
2019_REG_03_CIN_BUF_20190922,2019,REG,3,2019-09-22,13:00,CIN,Cincinnati Bengals,CIN,BUF,Buffalo Bills,BUF,Highmark Stadium,New Era Field,Highmark Stadium,Highmark Stadium,home_team_primary_stadium,,United States,False,False,69448,1,True,True,True,True,
2019_REG_03_DEN_GB_20190922,2019,REG,3,2019-09-22,13:00,DEN,Denver Broncos,DEN,GB,Green Bay Packers,GB,Lambeau Field,Lambeau Field,Lambeau Field,Lambeau Field,home_team_primary_stadium,,United States,False,False,78078,1,True,True,True,True,
2019_REG_03_DET_PHI_20190922,2019,REG,3,2019-09-22,13:00,DET,Detroit Lions,DET,PHI,Philadelphia Eagles,PHI,Lincoln Financial Field,Lincoln Financial Field,Lincoln Financial Field,Lincoln Financial Field,home_team_primary_stadium,,United States,False,False,69796,1,True,True,True,True,
2019_REG_03_HOU_LAC_20190922,2019,REG,3,2019-09-22,16:25,HOU,Houston Texans,HOU,LAC,Los Angeles Chargers,LAC,StubHub Center,StubHub Center,SoFi Stadium,StubHub Center,actual_game_venue,,United States,True,False,25349,1,True,True,True,True,
2019_REG_03_LAR_CLE_20190922,2019,REG,3,2019-09-22,20:20,LAR,Los Angeles Rams,LA,CLE,Cleveland Browns,CLE,Huntington Bank Field,FirstEnergy Stadium,Huntington Bank Field,Huntington Bank Field,home_team_primary_stadium,,United States,False,False,67431,1,True,True,True,True,
2019_REG_03_LV_MIN_20190922,2019,REG,3,2019-09-22,13:00,LV,Las Vegas Raiders,OAK,MIN,Minnesota Vikings,MIN,U.S. Bank Stadium,U.S. Bank Stadium,U.S. Bank Stadium,U.S. Bank Stadium,home_team_primary_stadium,,United States,False,False,66738,1,True,True,True,True,
2019_REG_03_MIA_DAL_20190922,2019,REG,3,2019-09-22,13:00,MIA,Miami Dolphins,MIA,DAL,Dallas Cowboys,DAL,AT&T Stadium,AT&T Stadium,AT&T Stadium,AT&T Stadium,home_team_primary_stadium,,United States,False,False,90127,1,True,True,True,True,
2019_REG_03_NO_SEA_20190922,2019,REG,3,2019-09-22,16:25,NO,New Orleans Saints,NO,SEA,Seattle Seahawks,SEA,Lumen Field,CenturyLink Field,Lumen Field,Lumen Field,home_team_primary_stadium,,United States,False,False,69005,1,True,True,True,True,
2019_REG_03_NYG_TB_20190922,2019,REG,3,2019-09-22,16:05,NYG,New York Giants,NYG,TB,Tampa Bay Buccaneers,TB,Raymond James Stadium,Raymond James Stadium,Raymond James Stadium,Raymond James Stadium,home_team_primary_stadium,,United States,False,False,55070,1,True,True,True,True,
2019_REG_03_NYJ_NE_20190922,2019,REG,3,2019-09-22,13:00,NYJ,New York Jets,NYJ,NE,New England Patriots,NE,Gillette Stadium,Gillette Stadium,Gillette Stadium,Gillette Stadium,home_team_primary_stadium,,United States,False,False,65878,1,True,True,True,True,
2019_REG_03_PIT_SF_20190922,2019,REG,3,2019-09-22,16:25,PIT,Pittsburgh Steelers,PIT,SF,San Francisco 49ers,SF,Levi's Stadium,Levi's Stadium,Levi's Stadium,Levi's Stadium,home_team_primary_stadium,,United States,False,False,69439,1,True,True,True,True,
2019_REG_03_CHI_WSH_20190923,2019,REG,3,2019-09-23,20:15,CHI,Chicago Bears,CHI,WSH,Washington Commanders,WAS,Northwest Stadium,FedExField,Northwest Stadium,Northwest Stadium,home_team_primary_stadium,,United States,False,False,67327,1,True,True,True,True,
2019_REG_04_PHI_GB_20190926,2019,REG,4,2019-09-26,20:20,PHI,Philadelphia Eagles,PHI,GB,Green Bay Packers,GB,Lambeau Field,Lambeau Field,Lambeau Field,Lambeau Field,home_team_primary_stadium,,United States,False,False,77509,1,True,True,True,True,
2019_REG_04_CAR_HOU_20190929,2019,REG,4,2019-09-29,13:00,CAR,Carolina Panthers,CAR,HOU,Houston Texans,HOU,NRG Stadium,NRG Stadium,NRG Stadium,NRG Stadium,home_team_primary_stadium,,United States,False,False,71699,1,True,True,True,True,
2019_REG_04_CLE_BAL_20190929,2019,REG,4,2019-09-29,13:00,CLE,Cleveland Browns,CLE,BAL,Baltimore Ravens,BAL,M&T Bank Stadium,M&T Bank Stadium,M&T Bank Stadium,M&T Bank Stadium,home_team_primary_stadium,,United States,False,False,70686,1,True,True,True,True,
2019_REG_04_DAL_NO_20190929,2019,REG,4,2019-09-29,20:20,DAL,Dallas Cowboys,DAL,NO,New Orleans Saints,NO,Caesars Superdome,Mercedes-Benz Superdome,Caesars Superdome,Caesars Superdome,home_team_primary_stadium,,United States,False,False,73086,1,True,True,True,True,
2019_REG_04_JAX_DEN_20190929,2019,REG,4,2019-09-29,16:25,JAX,Jacksonville Jaguars,JAX,DEN,Denver Broncos,DEN,Empower Field at Mile High,Empower Field at Mile High,Empower Field at Mile High,Empower Field at Mile High,home_team_primary_stadium,,United States,False,False,76219,1,True,True,True,True,
2019_REG_04_KC_DET_20190929,2019,REG,4,2019-09-29,13:00,KC,Kansas City Chiefs,KC,DET,Detroit Lions,DET,Ford Field,Ford Field,Ford Field,Ford Field,home_team_primary_stadium,,United States,False,False,65188,1,True,True,True,True,
2019_REG_04_LAC_MIA_20190929,2019,REG,4,2019-09-29,13:00,LAC,Los Angeles Chargers,LAC,MIA,Miami Dolphins,MIA,Hard Rock Stadium,Hard Rock Stadium,Hard Rock Stadium,Hard Rock Stadium,home_team_primary_stadium,,United States,False,False,64278,1,True,True,True,True,
2019_REG_04_LV_IND_20190929,2019,REG,4,2019-09-29,13:00,LV,Las Vegas Raiders,OAK,IND,Indianapolis Colts,IND,Lucas Oil Stadium,Lucas Oil Stadium,Lucas Oil Stadium,Lucas Oil Stadium,home_team_primary_stadium,,United States,False,False,62259,1,True,True,True,True,
2019_REG_04_MIN_CHI_20190929,2019,REG,4,2019-09-29,16:25,MIN,Minnesota Vikings,MIN,CHI,Chicago Bears,CHI,Soldier Field,Soldier Field,Soldier Field,Soldier Field,home_team_primary_stadium,,United States,False,False,62131,1,True,True,True,True,
2019_REG_04_NE_BUF_20190929,2019,REG,4,2019-09-29,13:00,NE,New England Patriots,NE,BUF,Buffalo Bills,BUF,Highmark Stadium,New Era Field,Highmark Stadium,Highmark Stadium,home_team_primary_stadium,,United States,False,False,70317,1,True,True,True,True,
2019_REG_04_SEA_ARI_20190929,2019,REG,4,2019-09-29,16:05,SEA,Seattle Seahawks,SEA,ARI,Arizona Cardinals,ARI,State Farm Stadium,State Farm Stadium,State Farm Stadium,State Farm Stadium,home_team_primary_stadium,,United States,False,False,60500,1,True,True,True,True,
2019_REG_04_TB_LAR_20190929,2019,REG,4,2019-09-29,16:05,TB,Tampa Bay Buccaneers,TB,LAR,Los Angeles Rams,LA,Los Angeles Memorial Coliseum,Los Angeles Memorial Coliseum,SoFi Stadium,Los Angeles Memorial Coliseum,actual_game_venue,,United States,True,False,68117,1,True,True,True,True,
2019_REG_04_TEN_ATL_20190929,2019,REG,4,2019-09-29,13:00,TEN,Tennessee Titans,TEN,ATL,Atlanta Falcons,ATL,Mercedes-Benz Stadium,Mercedes-Benz Stadium,Mercedes-Benz Stadium,Mercedes-Benz Stadium,home_team_primary_stadium,,United States,False,False,72108,1,True,True,True,True,
2019_REG_04_WSH_NYG_20190929,2019,REG,4,2019-09-29,13:00,WSH,Washington Commanders,WAS,NYG,New York Giants,NYG,MetLife Stadium,MetLife Stadium,MetLife Stadium,MetLife Stadium,home_team_primary_stadium,,United States,False,False,74149,1,True,True,True,True,
2019_REG_04_CIN_PIT_20190930,2019,REG,4,2019-09-30,20:15,CIN,Cincinnati Bengals,CIN,PIT,Pittsburgh Steelers,PIT,Acrisure Stadium,Heinz Field,Acrisure Stadium,Acrisure Stadium,home_team_primary_stadium,,United States,False,False,57959,1,True,True,True,True,
2019_REG_05_LAR_SEA_20191003,2019,REG,5,2019-10-03,20:20,LAR,Los Angeles Rams,LA,SEA,Seattle Seahawks,SEA,Lumen Field,CenturyLink Field,Lumen Field,Lumen Field,home_team_primary_stadium,,United States,False,False,68988,1,True,True,True,True,
2019_REG_05_ARI_CIN_20191006,2019,REG,5,2019-10-06,13:00,ARI,Arizona Cardinals,ARI,CIN,Cincinnati Bengals,CIN,Paycor Stadium,Paul Brown Stadium,Paycor Stadium,Paycor Stadium,home_team_primary_stadium,,United States,False,False,46012,1,True,True,True,True,
2019_REG_05_ATL_HOU_20191006,2019,REG,5,2019-10-06,13:00,ATL,Atlanta Falcons,ATL,HOU,Houston Texans,HOU,NRG Stadium,NRG Stadium,NRG Stadium,NRG Stadium,home_team_primary_stadium,,United States,False,False,71787,1,True,True,True,True,
2019_REG_05_BAL_PIT_20191006,2019,REG,5,2019-10-06,13:00,BAL,Baltimore Ravens,BAL,PIT,Pittsburgh Steelers,PIT,Acrisure Stadium,Heinz Field,Acrisure Stadium,Acrisure Stadium,home_team_primary_stadium,,United States,False,False,64037,1,True,True,True,True,
2019_REG_05_BUF_TEN_20191006,2019,REG,5,2019-10-06,13:00,BUF,Buffalo Bills,BUF,TEN,Tennessee Titans,TEN,Nissan Stadium,Nissan Stadium,Nissan Stadium,Nissan Stadium,home_team_primary_stadium,,United States,False,False,66910,1,True,True,True,True,
2019_REG_05_CHI_LV_20191006,2019,REG,5,2019-10-06,13:00,CHI,Chicago Bears,CHI,LV,Las Vegas Raiders,OAK,Tottenham Hotspur Stadium,Tottenham Stadium,Allegiant Stadium,Tottenham Hotspur Stadium,actual_game_venue,London,United Kingdom,True,True,60463,1,True,True,True,True,
2019_REG_05_DEN_LAC_20191006,2019,REG,5,2019-10-06,16:05,DEN,Denver Broncos,DEN,LAC,Los Angeles Chargers,LAC,StubHub Center,StubHub Center,SoFi Stadium,StubHub Center,actual_game_venue,,United States,True,False,25357,1,True,True,True,True,
2019_REG_05_GB_DAL_20191006,2019,REG,5,2019-10-06,16:25,GB,Green Bay Packers,GB,DAL,Dallas Cowboys,DAL,AT&T Stadium,AT&T Stadium,AT&T Stadium,AT&T Stadium,home_team_primary_stadium,,United States,False,False,93024,1,True,True,True,True,
2019_REG_05_IND_KC_20191006,2019,REG,5,2019-10-06,20:20,IND,Indianapolis Colts,IND,KC,Kansas City Chiefs,KC,Arrowhead Stadium,Arrowhead Stadium,Arrowhead Stadium,Arrowhead Stadium,home_team_primary_stadium,,United States,False,False,73352,1,True,True,True,True,
2019_REG_05_JAX_CAR_20191006,2019,REG,5,2019-10-06,13:00,JAX,Jacksonville Jaguars,JAX,CAR,Carolina Panthers,CAR,Bank of America Stadium,Bank of America Stadium,Bank of America Stadium,Bank of America Stadium,home_team_primary_stadium,,United States,False,False,72762,1,True,True,True,True,
2019_REG_05_MIN_NYG_20191006,2019,REG,5,2019-10-06,13:00,MIN,Minnesota Vikings,MIN,NYG,New York Giants,NYG,MetLife Stadium,MetLife Stadium,MetLife Stadium,MetLife Stadium,home_team_primary_stadium,,United States,False,False,75041,1,True,True,True,True,
2019_REG_05_NE_WSH_20191006,2019,REG,5,2019-10-06,13:00,NE,New England Patriots,NE,WSH,Washington Commanders,WAS,Northwest Stadium,FedExField,Northwest Stadium,Northwest Stadium,home_team_primary_stadium,,United States,False,False,76483,1,True,True,True,True,
2019_REG_05_NYJ_PHI_20191006,2019,REG,5,2019-10-06,13:00,NYJ,New York Jets,NYJ,PHI,Philadelphia Eagles,PHI,Lincoln Financial Field,Lincoln Financial Field,Lincoln Financial Field,Lincoln Financial Field,home_team_primary_stadium,,United States,False,False,69796,1,True,True,True,True,
2019_REG_05_TB_NO_20191006,2019,REG,5,2019-10-06,13:00,TB,Tampa Bay Buccaneers,TB,NO,New Orleans Saints,NO,Caesars Superdome,Mercedes-Benz Superdome,Caesars Superdome,Caesars Superdome,home_team_primary_stadium,,United States,False,False,73029,1,True,True,True,True,
2019_REG_05_CLE_SF_20191007,2019,REG,5,2019-10-07,20:15,CLE,Cleveland Browns,CLE,SF,San Francisco 49ers,SF,Levi's Stadium,Levi's Stadium,Levi's Stadium,Levi's Stadium,home_team_primary_stadium,,United States,False,False,70585,1,True,True,True,True,
2019_REG_06_NYG_NE_20191010,2019,REG,6,2019-10-10,20:20,NYG,New York Giants,NYG,NE,New England Patriots,NE,Gillette Stadium,Gillette Stadium,Gillette Stadium,Gillette Stadium,home_team_primary_stadium,,United States,False,False,65878,1,True,True,True,True,
2019_REG_06_ATL_ARI_20191013,2019,REG,6,2019-10-13,16:05,ATL,Atlanta Falcons,ATL,ARI,Arizona Cardinals,ARI,State Farm Stadium,State Farm Stadium,State Farm Stadium,State Farm Stadium,home_team_primary_stadium,,United States,False,False,60140,1,True,True,True,True,
2019_REG_06_CAR_TB_20191013,2019,REG,6,2019-10-13,09:30,CAR,Carolina Panthers,CAR,TB,Tampa Bay Buccaneers,TB,Tottenham Hotspur Stadium,Tottenham Stadium,Raymond James Stadium,Tottenham Hotspur Stadium,actual_game_venue,London,United Kingdom,True,True,60087,1,True,True,True,True,
2019_REG_06_CIN_BAL_20191013,2019,REG,6,2019-10-13,13:00,CIN,Cincinnati Bengals,CIN,BAL,Baltimore Ravens,BAL,M&T Bank Stadium,M&T Bank Stadium,M&T Bank Stadium,M&T Bank Stadium,home_team_primary_stadium,,United States,False,False,70051,1,True,True,True,True,
2019_REG_06_DAL_NYJ_20191013,2019,REG,6,2019-10-13,16:25,DAL,Dallas Cowboys,DAL,NYJ,New York Jets,NYJ,MetLife Stadium,MetLife Stadium,MetLife Stadium,MetLife Stadium,home_team_primary_stadium,,United States,False,False,78523,1,True,True,True,True,
2019_REG_06_HOU_KC_20191013,2019,REG,6,2019-10-13,13:00,HOU,Houston Texans,HOU,KC,Kansas City Chiefs,KC,Arrowhead Stadium,Arrowhead Stadium,Arrowhead Stadium,Arrowhead Stadium,home_team_primary_stadium,,United States,False,False,73323,1,True,True,True,True,
2019_REG_06_NO_JAX_20191013,2019,REG,6,2019-10-13,13:00,NO,New Orleans Saints,NO,JAX,Jacksonville Jaguars,JAX,TIAA Bank Stadium,TIAA Bank Stadium,EverBank Stadium,TIAA Bank Stadium,actual_game_venue,,United States,True,False,64341,1,True,True,True,True,
2019_REG_06_PHI_MIN_20191013,2019,REG,6,2019-10-13,13:00,PHI,Philadelphia Eagles,PHI,MIN,Minnesota Vikings,MIN,U.S. Bank Stadium,U.S. Bank Stadium,U.S. Bank Stadium,U.S. Bank Stadium,home_team_primary_stadium,,United States,False,False,66837,1,True,True,True,True,
2019_REG_06_PIT_LAC_20191013,2019,REG,6,2019-10-13,20:20,PIT,Pittsburgh Steelers,PIT,LAC,Los Angeles Chargers,LAC,StubHub Center,StubHub Center,SoFi Stadium,StubHub Center,actual_game_venue,,United States,True,False,25425,1,True,True,True,True,
2019_REG_06_SEA_CLE_20191013,2019,REG,6,2019-10-13,13:00,SEA,Seattle Seahawks,SEA,CLE,Cleveland Browns,CLE,Huntington Bank Field,FirstEnergy Stadium,Huntington Bank Field,Huntington Bank Field,home_team_primary_stadium,,United States,False,False,67431,1,True,True,True,True,
2019_REG_06_SF_LAR_20191013,2019,REG,6,2019-10-13,16:05,SF,San Francisco 49ers,SF,LAR,Los Angeles Rams,LA,Los Angeles Memorial Coliseum,Los Angeles Memorial Coliseum,SoFi Stadium,Los Angeles Memorial Coliseum,actual_game_venue,,United States,True,False,75695,1,True,True,True,True,
2019_REG_06_TEN_DEN_20191013,2019,REG,6,2019-10-13,16:25,TEN,Tennessee Titans,TEN,DEN,Denver Broncos,DEN,Empower Field at Mile High,Empower Field at Mile High,Empower Field at Mile High,Empower Field at Mile High,home_team_primary_stadium,,United States,False,False,75815,1,True,True,True,True,
2019_REG_06_WSH_MIA_20191013,2019,REG,6,2019-10-13,13:00,WSH,Washington Commanders,WAS,MIA,Miami Dolphins,MIA,Hard Rock Stadium,Hard Rock Stadium,Hard Rock Stadium,Hard Rock Stadium,home_team_primary_stadium,,United States,False,False,59808,1,True,True,True,True,
2019_REG_06_DET_GB_20191014,2019,REG,6,2019-10-14,20:15,DET,Detroit Lions,DET,GB,Green Bay Packers,GB,Lambeau Field,Lambeau Field,Lambeau Field,Lambeau Field,home_team_primary_stadium,,United States,False,False,76947,1,True,True,True,True,
2019_REG_07_KC_DEN_20191017,2019,REG,7,2019-10-17,20:20,KC,Kansas City Chiefs,KC,DEN,Denver Broncos,DEN,Empower Field at Mile High,Empower Field at Mile High,Empower Field at Mile High,Empower Field at Mile High,home_team_primary_stadium,,United States,False,False,76748,1,True,True,True,True,
2019_REG_07_ARI_NYG_20191020,2019,REG,7,2019-10-20,13:00,ARI,Arizona Cardinals,ARI,NYG,New York Giants,NYG,MetLife Stadium,MetLife Stadium,MetLife Stadium,MetLife Stadium,home_team_primary_stadium,,United States,False,False,73577,1,True,True,True,True,
2019_REG_07_BAL_SEA_20191020,2019,REG,7,2019-10-20,16:25,BAL,Baltimore Ravens,BAL,SEA,Seattle Seahawks,SEA,Lumen Field,CenturyLink Field,Lumen Field,Lumen Field,home_team_primary_stadium,,United States,False,False,69012,1,True,True,True,True,
2019_REG_07_HOU_IND_20191020,2019,REG,7,2019-10-20,13:00,HOU,Houston Texans,HOU,IND,Indianapolis Colts,IND,Lucas Oil Stadium,Lucas Oil Stadium,Lucas Oil Stadium,Lucas Oil Stadium,home_team_primary_stadium,,United States,False,False,59977,1,True,True,True,True,
2019_REG_07_JAX_CIN_20191020,2019,REG,7,2019-10-20,13:00,JAX,Jacksonville Jaguars,JAX,CIN,Cincinnati Bengals,CIN,Paycor Stadium,Paul Brown Stadium,Paycor Stadium,Paycor Stadium,home_team_primary_stadium,,United States,False,False,42784,1,True,True,True,True,
2019_REG_07_LAC_TEN_20191020,2019,REG,7,2019-10-20,16:05,LAC,Los Angeles Chargers,LAC,TEN,Tennessee Titans,TEN,Nissan Stadium,Nissan Stadium,Nissan Stadium,Nissan Stadium,home_team_primary_stadium,,United States,False,False,62431,1,True,True,True,True,
2019_REG_07_LAR_ATL_20191020,2019,REG,7,2019-10-20,13:00,LAR,Los Angeles Rams,LA,ATL,Atlanta Falcons,ATL,Mercedes-Benz Stadium,Mercedes-Benz Stadium,Mercedes-Benz Stadium,Mercedes-Benz Stadium,home_team_primary_stadium,,United States,False,False,71856,1,True,True,True,True,
2019_REG_07_LV_GB_20191020,2019,REG,7,2019-10-20,13:00,LV,Las Vegas Raiders,OAK,GB,Green Bay Packers,GB,Lambeau Field,Lambeau Field,Lambeau Field,Lambeau Field,home_team_primary_stadium,,United States,False,False,78160,1,True,True,True,True,
2019_REG_07_MIA_BUF_20191020,2019,REG,7,2019-10-20,13:00,MIA,Miami Dolphins,MIA,BUF,Buffalo Bills,BUF,Highmark Stadium,New Era Field,Highmark Stadium,Highmark Stadium,home_team_primary_stadium,,United States,False,False,68340,1,True,True,True,True,
2019_REG_07_MIN_DET_20191020,2019,REG,7,2019-10-20,13:00,MIN,Minnesota Vikings,MIN,DET,Detroit Lions,DET,Ford Field,Ford Field,Ford Field,Ford Field,home_team_primary_stadium,,United States,False,False,60314,1,True,True,True,True,
2019_REG_07_NO_CHI_20191020,2019,REG,7,2019-10-20,16:25,NO,New Orleans Saints,NO,CHI,Chicago Bears,CHI,Soldier Field,Soldier Field,Soldier Field,Soldier Field,home_team_primary_stadium,,United States,False,False,62306,1,True,True,True,True,
2019_REG_07_PHI_DAL_20191020,2019,REG,7,2019-10-20,20:20,PHI,Philadelphia Eagles,PHI,DAL,Dallas Cowboys,DAL,AT&T Stadium,AT&T Stadium,AT&T Stadium,AT&T Stadium,home_team_primary_stadium,,United States,False,False,91213,1,True,True,True,True,
2019_REG_07_SF_WSH_20191020,2019,REG,7,2019-10-20,13:00,SF,San Francisco 49ers,SF,WSH,Washington Commanders,WAS,Northwest Stadium,FedExField,Northwest Stadium,Northwest Stadium,home_team_primary_stadium,,United States,False,False,61459,1,True,True,True,True,
2019_REG_07_NE_NYJ_20191021,2019,REG,7,2019-10-21,20:15,NE,New England Patriots,NE,NYJ,New York Jets,NYJ,MetLife Stadium,MetLife Stadium,MetLife Stadium,MetLife Stadium,home_team_primary_stadium,,United States,False,False,78523,1,True,True,True,True,
2019_REG_08_WSH_MIN_20191024,2019,REG,8,2019-10-24,20:20,WSH,Washington Commanders,WAS,MIN,Minnesota Vikings,MIN,U.S. Bank Stadium,U.S. Bank Stadium,U.S. Bank Stadium,U.S. Bank Stadium,home_team_primary_stadium,,United States,False,False,66776,1,True,True,True,True,
2019_REG_08_ARI_NO_20191027,2019,REG,8,2019-10-27,13:00,ARI,Arizona Cardinals,ARI,NO,New Orleans Saints,NO,Caesars Superdome,Mercedes-Benz Superdome,Caesars Superdome,Caesars Superdome,home_team_primary_stadium,,United States,False,False,73064,1,True,True,True,True,
2019_REG_08_CAR_SF_20191027,2019,REG,8,2019-10-27,16:05,CAR,Carolina Panthers,CAR,SF,San Francisco 49ers,SF,Levi's Stadium,Levi's Stadium,Levi's Stadium,Levi's Stadium,home_team_primary_stadium,,United States,False,False,69083,1,True,True,True,True,
2019_REG_08_CIN_LAR_20191027,2019,REG,8,2019-10-27,13:00,CIN,Cincinnati Bengals,CIN,LAR,Los Angeles Rams,LA,Wembley Stadium,Wembley Stadium,SoFi Stadium,Wembley Stadium,actual_game_venue,London,United Kingdom,True,True,83720,1,True,True,True,True,
2019_REG_08_CLE_NE_20191027,2019,REG,8,2019-10-27,16:25,CLE,Cleveland Browns,CLE,NE,New England Patriots,NE,Gillette Stadium,Gillette Stadium,Gillette Stadium,Gillette Stadium,home_team_primary_stadium,,United States,False,False,65878,1,True,True,True,True,
2019_REG_08_DEN_IND_20191027,2019,REG,8,2019-10-27,13:00,DEN,Denver Broncos,DEN,IND,Indianapolis Colts,IND,Lucas Oil Stadium,Lucas Oil Stadium,Lucas Oil Stadium,Lucas Oil Stadium,home_team_primary_stadium,,United States,False,False,61653,1,True,True,True,True,
2019_REG_08_GB_KC_20191027,2019,REG,8,2019-10-27,20:20,GB,Green Bay Packers,GB,KC,Kansas City Chiefs,KC,Arrowhead Stadium,Arrowhead Stadium,Arrowhead Stadium,Arrowhead Stadium,home_team_primary_stadium,,United States,False,False,73558,1,True,True,True,True,
2019_REG_08_LAC_CHI_20191027,2019,REG,8,2019-10-27,13:00,LAC,Los Angeles Chargers,LAC,CHI,Chicago Bears,CHI,Soldier Field,Soldier Field,Soldier Field,Soldier Field,home_team_primary_stadium,,United States,False,False,61632,1,True,True,True,True,
2019_REG_08_LV_HOU_20191027,2019,REG,8,2019-10-27,16:25,LV,Las Vegas Raiders,OAK,HOU,Houston Texans,HOU,NRG Stadium,NRG Stadium,NRG Stadium,NRG Stadium,home_team_primary_stadium,,United States,False,False,71893,1,True,True,True,True,
2019_REG_08_NYG_DET_20191027,2019,REG,8,2019-10-27,13:00,NYG,New York Giants,NYG,DET,Detroit Lions,DET,Ford Field,Ford Field,Ford Field,Ford Field,home_team_primary_stadium,,United States,False,False,58509,1,True,True,True,True,
2019_REG_08_NYJ_JAX_20191027,2019,REG,8,2019-10-27,13:00,NYJ,New York Jets,NYJ,JAX,Jacksonville Jaguars,JAX,TIAA Bank Stadium,TIAA Bank Stadium,EverBank Stadium,TIAA Bank Stadium,actual_game_venue,,United States,True,False,57833,1,True,True,True,True,
2019_REG_08_PHI_BUF_20191027,2019,REG,8,2019-10-27,13:00,PHI,Philadelphia Eagles,PHI,BUF,Buffalo Bills,BUF,Highmark Stadium,New Era Field,Highmark Stadium,Highmark Stadium,home_team_primary_stadium,,United States,False,False,69435,1,True,True,True,True,
2019_REG_08_SEA_ATL_20191027,2019,REG,8,2019-10-27,13:00,SEA,Seattle Seahawks,SEA,ATL,Atlanta Falcons,ATL,Mercedes-Benz Stadium,Mercedes-Benz Stadium,Mercedes-Benz Stadium,Mercedes-Benz Stadium,home_team_primary_stadium,,United States,False,False,71483,1,True,True,True,True,
2019_REG_08_TB_TEN_20191027,2019,REG,8,2019-10-27,13:00,TB,Tampa Bay Buccaneers,TB,TEN,Tennessee Titans,TEN,Nissan Stadium,Nissan Stadium,Nissan Stadium,Nissan Stadium,home_team_primary_stadium,,United States,False,False,62073,1,True,True,True,True,
2019_REG_08_MIA_PIT_20191028,2019,REG,8,2019-10-28,20:15,MIA,Miami Dolphins,MIA,PIT,Pittsburgh Steelers,PIT,Acrisure Stadium,Heinz Field,Acrisure Stadium,Acrisure Stadium,home_team_primary_stadium,,United States,False,False,59244,1,True,True,True,True,
2019_REG_09_SF_ARI_20191031,2019,REG,9,2019-10-31,20:20,SF,San Francisco 49ers,SF,ARI,Arizona Cardinals,ARI,State Farm Stadium,State Farm Stadium,State Farm Stadium,State Farm Stadium,home_team_primary_stadium,,United States,False,False,60986,1,True,True,True,True,
2019_REG_09_CHI_PHI_20191103,2019,REG,9,2019-11-03,13:00,CHI,Chicago Bears,CHI,PHI,Philadelphia Eagles,PHI,Lincoln Financial Field,Lincoln Financial Field,Lincoln Financial Field,Lincoln Financial Field,home_team_primary_stadium,,United States,False,False,69796,1,True,True,True,True,
2019_REG_09_CLE_DEN_20191103,2019,REG,9,2019-11-03,16:25,CLE,Cleveland Browns,CLE,DEN,Denver Broncos,DEN,Empower Field at Mile High,Empower Field at Mile High,Empower Field at Mile High,Empower Field at Mile High,home_team_primary_stadium,,United States,False,False,76743,1,True,True,True,True,
2019_REG_09_DET_LV_20191103,2019,REG,9,2019-11-03,16:05,DET,Detroit Lions,DET,LV,Las Vegas Raiders,OAK,Ring Central Coliseum,Ring Central Coliseum,Allegiant Stadium,Ring Central Coliseum,actual_game_venue,,United States,True,False,53318,1,True,True,True,True,
2019_REG_09_GB_LAC_20191103,2019,REG,9,2019-11-03,16:25,GB,Green Bay Packers,GB,LAC,Los Angeles Chargers,LAC,StubHub Center,StubHub Center,SoFi Stadium,StubHub Center,actual_game_venue,,United States,True,False,25435,1,True,True,True,True,
2019_REG_09_HOU_JAX_20191103,2019,REG,9,2019-11-03,09:30,HOU,Houston Texans,HOU,JAX,Jacksonville Jaguars,JAX,Wembley Stadium,Wembley Stadium,EverBank Stadium,Wembley Stadium,actual_game_venue,London,United Kingdom,True,True,84771,1,True,True,True,True,
2019_REG_09_IND_PIT_20191103,2019,REG,9,2019-11-03,13:00,IND,Indianapolis Colts,IND,PIT,Pittsburgh Steelers,PIT,Acrisure Stadium,Heinz Field,Acrisure Stadium,Acrisure Stadium,home_team_primary_stadium,,United States,False,False,61115,1,True,True,True,True,
2019_REG_09_MIN_KC_20191103,2019,REG,9,2019-11-03,13:00,MIN,Minnesota Vikings,MIN,KC,Kansas City Chiefs,KC,Arrowhead Stadium,Arrowhead Stadium,Arrowhead Stadium,Arrowhead Stadium,home_team_primary_stadium,,United States,False,False,73615,1,True,True,True,True,
2019_REG_09_NE_BAL_20191103,2019,REG,9,2019-11-03,20:20,NE,New England Patriots,NE,BAL,Baltimore Ravens,BAL,M&T Bank Stadium,M&T Bank Stadium,M&T Bank Stadium,M&T Bank Stadium,home_team_primary_stadium,,United States,False,False,71157,1,True,True,True,True,
2019_REG_09_NYJ_MIA_20191103,2019,REG,9,2019-11-03,13:00,NYJ,New York Jets,NYJ,MIA,Miami Dolphins,MIA,Hard Rock Stadium,Hard Rock Stadium,Hard Rock Stadium,Hard Rock Stadium,home_team_primary_stadium,,United States,False,False,59229,1,True,True,True,True,
2019_REG_09_TB_SEA_20191103,2019,REG,9,2019-11-03,16:05,TB,Tampa Bay Buccaneers,TB,SEA,Seattle Seahawks,SEA,Lumen Field,CenturyLink Field,Lumen Field,Lumen Field,home_team_primary_stadium,,United States,False,False,68948,1,True,True,True,True,
2019_REG_09_TEN_CAR_20191103,2019,REG,9,2019-11-03,13:00,TEN,Tennessee Titans,TEN,CAR,Carolina Panthers,CAR,Bank of America Stadium,Bank of America Stadium,Bank of America Stadium,Bank of America Stadium,home_team_primary_stadium,,United States,False,False,72540,1,True,True,True,True,
2019_REG_09_WSH_BUF_20191103,2019,REG,9,2019-11-03,13:00,WSH,Washington Commanders,WAS,BUF,Buffalo Bills,BUF,Highmark Stadium,New Era Field,Highmark Stadium,Highmark Stadium,home_team_primary_stadium,,United States,False,False,67685,1,True,True,True,True,
2019_REG_09_DAL_NYG_20191104,2019,REG,9,2019-11-04,20:15,DAL,Dallas Cowboys,DAL,NYG,New York Giants,NYG,MetLife Stadium,MetLife Stadium,MetLife Stadium,MetLife Stadium,home_team_primary_stadium,,United States,False,False,76107,1,True,True,True,True,
2019_REG_10_LAC_LV_20191107,2019,REG,10,2019-11-07,20:20,LAC,Los Angeles Chargers,LAC,LV,Las Vegas Raiders,OAK,Ring Central Coliseum,Ring Central Coliseum,Allegiant Stadium,Ring Central Coliseum,actual_game_venue,,United States,True,False,51954,1,True,True,True,True,
2019_REG_10_ARI_TB_20191110,2019,REG,10,2019-11-10,13:00,ARI,Arizona Cardinals,ARI,TB,Tampa Bay Buccaneers,TB,Raymond James Stadium,Raymond James Stadium,Raymond James Stadium,Raymond James Stadium,home_team_primary_stadium,,United States,False,False,40038,1,True,True,True,True,
2019_REG_10_ATL_NO_20191110,2019,REG,10,2019-11-10,13:00,ATL,Atlanta Falcons,ATL,NO,New Orleans Saints,NO,Caesars Superdome,Mercedes-Benz Superdome,Caesars Superdome,Caesars Superdome,home_team_primary_stadium,,United States,False,False,73283,1,True,True,True,True,
2019_REG_10_BAL_CIN_20191110,2019,REG,10,2019-11-10,13:00,BAL,Baltimore Ravens,BAL,CIN,Cincinnati Bengals,CIN,Paycor Stadium,Paul Brown Stadium,Paycor Stadium,Paycor Stadium,home_team_primary_stadium,,United States,False,False,45918,1,True,True,True,True,
2019_REG_10_BUF_CLE_20191110,2019,REG,10,2019-11-10,13:00,BUF,Buffalo Bills,BUF,CLE,Cleveland Browns,CLE,Huntington Bank Field,FirstEnergy Stadium,Huntington Bank Field,Huntington Bank Field,home_team_primary_stadium,,United States,False,False,67431,1,True,True,True,True,
2019_REG_10_CAR_GB_20191110,2019,REG,10,2019-11-10,16:25,CAR,Carolina Panthers,CAR,GB,Green Bay Packers,GB,Lambeau Field,Lambeau Field,Lambeau Field,Lambeau Field,home_team_primary_stadium,,United States,False,False,78090,1,True,True,True,True,
2019_REG_10_DET_CHI_20191110,2019,REG,10,2019-11-10,13:00,DET,Detroit Lions,DET,CHI,Chicago Bears,CHI,Soldier Field,Soldier Field,Soldier Field,Soldier Field,home_team_primary_stadium,,United States,False,False,61758,1,True,True,True,True,
2019_REG_10_KC_TEN_20191110,2019,REG,10,2019-11-10,13:00,KC,Kansas City Chiefs,KC,TEN,Tennessee Titans,TEN,Nissan Stadium,Nissan Stadium,Nissan Stadium,Nissan Stadium,home_team_primary_stadium,,United States,False,False,68864,1,True,True,True,True,
2019_REG_10_LAR_PIT_20191110,2019,REG,10,2019-11-10,16:25,LAR,Los Angeles Rams,LA,PIT,Pittsburgh Steelers,PIT,Acrisure Stadium,Heinz Field,Acrisure Stadium,Acrisure Stadium,home_team_primary_stadium,,United States,False,False,63627,1,True,True,True,True,
2019_REG_10_MIA_IND_20191110,2019,REG,10,2019-11-10,16:05,MIA,Miami Dolphins,MIA,IND,Indianapolis Colts,IND,Lucas Oil Stadium,Lucas Oil Stadium,Lucas Oil Stadium,Lucas Oil Stadium,home_team_primary_stadium,,United States,False,False,60510,1,True,True,True,True,
2019_REG_10_MIN_DAL_20191110,2019,REG,10,2019-11-10,20:20,MIN,Minnesota Vikings,MIN,DAL,Dallas Cowboys,DAL,AT&T Stadium,AT&T Stadium,AT&T Stadium,AT&T Stadium,home_team_primary_stadium,,United States,False,False,91188,1,True,True,True,True,
2019_REG_10_NYG_NYJ_20191110,2019,REG,10,2019-11-10,13:00,NYG,New York Giants,NYG,NYJ,New York Jets,NYJ,MetLife Stadium,MetLife Stadium,MetLife Stadium,MetLife Stadium,home_team_primary_stadium,,United States,False,False,78523,1,True,True,True,True,
2019_REG_10_SEA_SF_20191111,2019,REG,10,2019-11-11,20:15,SEA,Seattle Seahawks,SEA,SF,San Francisco 49ers,SF,Levi's Stadium,Levi's Stadium,Levi's Stadium,Levi's Stadium,home_team_primary_stadium,,United States,False,False,71404,1,True,True,True,True,
2019_REG_11_PIT_CLE_20191114,2019,REG,11,2019-11-14,20:20,PIT,Pittsburgh Steelers,PIT,CLE,Cleveland Browns,CLE,Huntington Bank Field,FirstEnergy Stadium,Huntington Bank Field,Huntington Bank Field,home_team_primary_stadium,,United States,False,False,67431,1,True,True,True,True,
2019_REG_11_ARI_SF_20191117,2019,REG,11,2019-11-17,16:05,ARI,Arizona Cardinals,ARI,SF,San Francisco 49ers,SF,Levi's Stadium,Levi's Stadium,Levi's Stadium,Levi's Stadium,home_team_primary_stadium,,United States,False,False,69419,1,True,True,True,True,
2019_REG_11_ATL_CAR_20191117,2019,REG,11,2019-11-17,13:00,ATL,Atlanta Falcons,ATL,CAR,Carolina Panthers,CAR,Bank of America Stadium,Bank of America Stadium,Bank of America Stadium,Bank of America Stadium,home_team_primary_stadium,,United States,False,False,73106,1,True,True,True,True,
2019_REG_11_BUF_MIA_20191117,2019,REG,11,2019-11-17,13:00,BUF,Buffalo Bills,BUF,MIA,Miami Dolphins,MIA,Hard Rock Stadium,Hard Rock Stadium,Hard Rock Stadium,Hard Rock Stadium,home_team_primary_stadium,,United States,False,False,64187,1,True,True,True,True,
2019_REG_11_CHI_LAR_20191117,2019,REG,11,2019-11-17,20:20,CHI,Chicago Bears,CHI,LAR,Los Angeles Rams,LA,Los Angeles Memorial Coliseum,Los Angeles Memorial Coliseum,SoFi Stadium,Los Angeles Memorial Coliseum,actual_game_venue,,United States,True,False,70758,1,True,True,True,True,
2019_REG_11_CIN_LV_20191117,2019,REG,11,2019-11-17,16:25,CIN,Cincinnati Bengals,CIN,LV,Las Vegas Raiders,OAK,Ring Central Coliseum,Ring Central Coliseum,Allegiant Stadium,Ring Central Coliseum,actual_game_venue,,United States,True,False,51921,1,True,True,True,True,
2019_REG_11_DAL_DET_20191117,2019,REG,11,2019-11-17,13:00,DAL,Dallas Cowboys,DAL,DET,Detroit Lions,DET,Ford Field,Ford Field,Ford Field,Ford Field,home_team_primary_stadium,,United States,False,False,61801,1,True,True,True,True,
2019_REG_11_DEN_MIN_20191117,2019,REG,11,2019-11-17,13:00,DEN,Denver Broncos,DEN,MIN,Minnesota Vikings,MIN,U.S. Bank Stadium,U.S. Bank Stadium,U.S. Bank Stadium,U.S. Bank Stadium,home_team_primary_stadium,,United States,False,False,66883,1,True,True,True,True,
2019_REG_11_HOU_BAL_20191117,2019,REG,11,2019-11-17,13:00,HOU,Houston Texans,HOU,BAL,Baltimore Ravens,BAL,M&T Bank Stadium,M&T Bank Stadium,M&T Bank Stadium,M&T Bank Stadium,home_team_primary_stadium,,United States,False,False,70731,1,True,True,True,True,
2019_REG_11_JAX_IND_20191117,2019,REG,11,2019-11-17,13:00,JAX,Jacksonville Jaguars,JAX,IND,Indianapolis Colts,IND,Lucas Oil Stadium,Lucas Oil Stadium,Lucas Oil Stadium,Lucas Oil Stadium,home_team_primary_stadium,,United States,False,False,61986,1,True,True,True,True,
2019_REG_11_NE_PHI_20191117,2019,REG,11,2019-11-17,16:25,NE,New England Patriots,NE,PHI,Philadelphia Eagles,PHI,Lincoln Financial Field,Lincoln Financial Field,Lincoln Financial Field,Lincoln Financial Field,home_team_primary_stadium,,United States,False,False,69796,1,True,True,True,True,
2019_REG_11_NO_TB_20191117,2019,REG,11,2019-11-17,13:00,NO,New Orleans Saints,NO,TB,Tampa Bay Buccaneers,TB,Raymond James Stadium,Raymond James Stadium,Raymond James Stadium,Raymond James Stadium,home_team_primary_stadium,,United States,False,False,54333,1,True,True,True,True,
2019_REG_11_NYJ_WSH_20191117,2019,REG,11,2019-11-17,13:00,NYJ,New York Jets,NYJ,WSH,Washington Commanders,WAS,Northwest Stadium,FedExField,Northwest Stadium,Northwest Stadium,home_team_primary_stadium,,United States,False,False,56426,1,True,True,True,True,
2019_REG_11_KC_LAC_20191118,2019,REG,11,2019-11-18,20:15,KC,Kansas City Chiefs,KC,LAC,Los Angeles Chargers,LAC,Estadio Azteca,Azteca Stadium,SoFi Stadium,Estadio Azteca,actual_game_venue,Mexico City,Mexico,True,True,76252,1,True,True,True,True,
2019_REG_12_IND_HOU_20191121,2019,REG,12,2019-11-21,20:20,IND,Indianapolis Colts,IND,HOU,Houston Texans,HOU,NRG Stadium,NRG Stadium,NRG Stadium,NRG Stadium,home_team_primary_stadium,,United States,False,False,71727,1,True,True,True,True,
2019_REG_12_CAR_NO_20191124,2019,REG,12,2019-11-24,13:00,CAR,Carolina Panthers,CAR,NO,New Orleans Saints,NO,Caesars Superdome,Mercedes-Benz Superdome,Caesars Superdome,Caesars Superdome,home_team_primary_stadium,,United States,False,False,73068,1,True,True,True,True,
2019_REG_12_DAL_NE_20191124,2019,REG,12,2019-11-24,16:25,DAL,Dallas Cowboys,DAL,NE,New England Patriots,NE,Gillette Stadium,Gillette Stadium,Gillette Stadium,Gillette Stadium,home_team_primary_stadium,,United States,False,False,65878,1,True,True,True,True,
2019_REG_12_DEN_BUF_20191124,2019,REG,12,2019-11-24,13:00,DEN,Denver Broncos,DEN,BUF,Buffalo Bills,BUF,Highmark Stadium,New Era Field,Highmark Stadium,Highmark Stadium,home_team_primary_stadium,,United States,False,False,67338,1,True,True,True,True,
2019_REG_12_DET_WSH_20191124,2019,REG,12,2019-11-24,13:00,DET,Detroit Lions,DET,WSH,Washington Commanders,WAS,Northwest Stadium,FedExField,Northwest Stadium,Northwest Stadium,home_team_primary_stadium,,United States,False,False,57754,1,True,True,True,True,
2019_REG_12_GB_SF_20191124,2019,REG,12,2019-11-24,20:20,GB,Green Bay Packers,GB,SF,San Francisco 49ers,SF,Levi's Stadium,Levi's Stadium,Levi's Stadium,Levi's Stadium,home_team_primary_stadium,,United States,False,False,71500,1,True,True,True,True,
2019_REG_12_JAX_TEN_20191124,2019,REG,12,2019-11-24,16:05,JAX,Jacksonville Jaguars,JAX,TEN,Tennessee Titans,TEN,Nissan Stadium,Nissan Stadium,Nissan Stadium,Nissan Stadium,home_team_primary_stadium,,United States,False,False,60926,1,True,True,True,True,
2019_REG_12_LV_NYJ_20191124,2019,REG,12,2019-11-24,13:00,LV,Las Vegas Raiders,OAK,NYJ,New York Jets,NYJ,MetLife Stadium,MetLife Stadium,MetLife Stadium,MetLife Stadium,home_team_primary_stadium,,United States,False,False,78523,1,True,True,True,True,
2019_REG_12_MIA_CLE_20191124,2019,REG,12,2019-11-24,13:00,MIA,Miami Dolphins,MIA,CLE,Cleveland Browns,CLE,Huntington Bank Field,FirstEnergy Stadium,Huntington Bank Field,Huntington Bank Field,home_team_primary_stadium,,United States,False,False,67431,1,True,True,True,True,
2019_REG_12_NYG_CHI_20191124,2019,REG,12,2019-11-24,13:00,NYG,New York Giants,NYG,CHI,Chicago Bears,CHI,Soldier Field,Soldier Field,Soldier Field,Soldier Field,home_team_primary_stadium,,United States,False,False,61581,1,True,True,True,True,
2019_REG_12_PIT_CIN_20191124,2019,REG,12,2019-11-24,13:00,PIT,Pittsburgh Steelers,PIT,CIN,Cincinnati Bengals,CIN,Paycor Stadium,Paul Brown Stadium,Paycor Stadium,Paycor Stadium,home_team_primary_stadium,,United States,False,False,47423,1,True,True,True,True,
2019_REG_12_SEA_PHI_20191124,2019,REG,12,2019-11-24,13:00,SEA,Seattle Seahawks,SEA,PHI,Philadelphia Eagles,PHI,Lincoln Financial Field,Lincoln Financial Field,Lincoln Financial Field,Lincoln Financial Field,home_team_primary_stadium,,United States,False,False,69796,1,True,True,True,True,
2019_REG_12_TB_ATL_20191124,2019,REG,12,2019-11-24,13:00,TB,Tampa Bay Buccaneers,TB,ATL,Atlanta Falcons,ATL,Mercedes-Benz Stadium,Mercedes-Benz Stadium,Mercedes-Benz Stadium,Mercedes-Benz Stadium,home_team_primary_stadium,,United States,False,False,71463,1,True,True,True,True,
2019_REG_12_BAL_LAR_20191125,2019,REG,12,2019-11-25,20:15,BAL,Baltimore Ravens,BAL,LAR,Los Angeles Rams,LA,Los Angeles Memorial Coliseum,Los Angeles Memorial Coliseum,SoFi Stadium,Los Angeles Memorial Coliseum,actual_game_venue,,United States,True,False,72409,1,True,True,True,True,
2019_REG_13_BUF_DAL_20191128,2019,REG,13,2019-11-28,16:30,BUF,Buffalo Bills,BUF,DAL,Dallas Cowboys,DAL,AT&T Stadium,AT&T Stadium,AT&T Stadium,AT&T Stadium,home_team_primary_stadium,,United States,False,False,90445,1,True,True,True,True,
2019_REG_13_CHI_DET_20191128,2019,REG,13,2019-11-28,12:30,CHI,Chicago Bears,CHI,DET,Detroit Lions,DET,Ford Field,Ford Field,Ford Field,Ford Field,home_team_primary_stadium,,United States,False,False,65412,1,True,True,True,True,
2019_REG_13_NO_ATL_20191128,2019,REG,13,2019-11-28,20:20,NO,New Orleans Saints,NO,ATL,Atlanta Falcons,ATL,Mercedes-Benz Stadium,Mercedes-Benz Stadium,Mercedes-Benz Stadium,Mercedes-Benz Stadium,home_team_primary_stadium,,United States,False,False,71993,1,True,True,True,True,
2019_REG_13_CLE_PIT_20191201,2019,REG,13,2019-12-01,13:00,CLE,Cleveland Browns,CLE,PIT,Pittsburgh Steelers,PIT,Acrisure Stadium,Heinz Field,Acrisure Stadium,Acrisure Stadium,home_team_primary_stadium,,United States,False,False,62157,1,True,True,True,True,
2019_REG_13_GB_NYG_20191201,2019,REG,13,2019-12-01,13:00,GB,Green Bay Packers,GB,NYG,New York Giants,NYG,MetLife Stadium,MetLife Stadium,MetLife Stadium,MetLife Stadium,home_team_primary_stadium,,United States,False,False,75950,1,True,True,True,True,
2019_REG_13_LAC_DEN_20191201,2019,REG,13,2019-12-01,16:25,LAC,Los Angeles Chargers,LAC,DEN,Denver Broncos,DEN,Empower Field at Mile High,Empower Field at Mile High,Empower Field at Mile High,Empower Field at Mile High,home_team_primary_stadium,,United States,False,False,74638,1,True,True,True,True,
2019_REG_13_LAR_ARI_20191201,2019,REG,13,2019-12-01,16:05,LAR,Los Angeles Rams,LA,ARI,Arizona Cardinals,ARI,State Farm Stadium,State Farm Stadium,State Farm Stadium,State Farm Stadium,home_team_primary_stadium,,United States,False,False,60944,1,True,True,True,True,
2019_REG_13_LV_KC_20191201,2019,REG,13,2019-12-01,16:25,LV,Las Vegas Raiders,OAK,KC,Kansas City Chiefs,KC,Arrowhead Stadium,Arrowhead Stadium,Arrowhead Stadium,Arrowhead Stadium,home_team_primary_stadium,,United States,False,False,73548,1,True,True,True,True,
2019_REG_13_NE_HOU_20191201,2019,REG,13,2019-12-01,20:20,NE,New England Patriots,NE,HOU,Houston Texans,HOU,NRG Stadium,NRG Stadium,NRG Stadium,NRG Stadium,home_team_primary_stadium,,United States,False,False,72025,1,True,True,True,True,
2019_REG_13_NYJ_CIN_20191201,2019,REG,13,2019-12-01,13:00,NYJ,New York Jets,NYJ,CIN,Cincinnati Bengals,CIN,Paycor Stadium,Paul Brown Stadium,Paycor Stadium,Paycor Stadium,home_team_primary_stadium,,United States,False,False,39804,1,True,True,True,True,
2019_REG_13_PHI_MIA_20191201,2019,REG,13,2019-12-01,13:00,PHI,Philadelphia Eagles,PHI,MIA,Miami Dolphins,MIA,Hard Rock Stadium,Hard Rock Stadium,Hard Rock Stadium,Hard Rock Stadium,home_team_primary_stadium,,United States,False,False,65545,1,True,True,True,True,
2019_REG_13_SF_BAL_20191201,2019,REG,13,2019-12-01,13:00,SF,San Francisco 49ers,SF,BAL,Baltimore Ravens,BAL,M&T Bank Stadium,M&T Bank Stadium,M&T Bank Stadium,M&T Bank Stadium,home_team_primary_stadium,,United States,False,False,71029,1,True,True,True,True,
2019_REG_13_TB_JAX_20191201,2019,REG,13,2019-12-01,13:00,TB,Tampa Bay Buccaneers,TB,JAX,Jacksonville Jaguars,JAX,TIAA Bank Stadium,TIAA Bank Stadium,EverBank Stadium,TIAA Bank Stadium,actual_game_venue,,United States,True,False,62633,1,True,True,True,True,
2019_REG_13_TEN_IND_20191201,2019,REG,13,2019-12-01,13:00,TEN,Tennessee Titans,TEN,IND,Indianapolis Colts,IND,Lucas Oil Stadium,Lucas Oil Stadium,Lucas Oil Stadium,Lucas Oil Stadium,home_team_primary_stadium,,United States,False,False,60361,1,True,True,True,True,
2019_REG_13_WSH_CAR_20191201,2019,REG,13,2019-12-01,13:00,WSH,Washington Commanders,WAS,CAR,Carolina Panthers,CAR,Bank of America Stadium,Bank of America Stadium,Bank of America Stadium,Bank of America Stadium,home_team_primary_stadium,,United States,False,False,71504,1,True,True,True,True,
2019_REG_13_MIN_SEA_20191202,2019,REG,13,2019-12-02,20:15,MIN,Minnesota Vikings,MIN,SEA,Seattle Seahawks,SEA,Lumen Field,CenturyLink Field,Lumen Field,Lumen Field,home_team_primary_stadium,,United States,False,False,69080,1,True,True,True,True,
2019_REG_14_DAL_CHI_20191205,2019,REG,14,2019-12-05,20:20,DAL,Dallas Cowboys,DAL,CHI,Chicago Bears,CHI,Soldier Field,Soldier Field,Soldier Field,Soldier Field,home_team_primary_stadium,,United States,False,False,61276,1,True,True,True,True,
2019_REG_14_BAL_BUF_20191208,2019,REG,14,2019-12-08,13:00,BAL,Baltimore Ravens,BAL,BUF,Buffalo Bills,BUF,Highmark Stadium,New Era Field,Highmark Stadium,Highmark Stadium,home_team_primary_stadium,,United States,False,False,69134,1,True,True,True,True,
2019_REG_14_CAR_ATL_20191208,2019,REG,14,2019-12-08,13:00,CAR,Carolina Panthers,CAR,ATL,Atlanta Falcons,ATL,Mercedes-Benz Stadium,Mercedes-Benz Stadium,Mercedes-Benz Stadium,Mercedes-Benz Stadium,home_team_primary_stadium,,United States,False,False,70592,1,True,True,True,True,
2019_REG_14_CIN_CLE_20191208,2019,REG,14,2019-12-08,13:00,CIN,Cincinnati Bengals,CIN,CLE,Cleveland Browns,CLE,Huntington Bank Field,FirstEnergy Stadium,Huntington Bank Field,Huntington Bank Field,home_team_primary_stadium,,United States,False,False,67431,1,True,True,True,True,
2019_REG_14_DEN_HOU_20191208,2019,REG,14,2019-12-08,13:00,DEN,Denver Broncos,DEN,HOU,Houston Texans,HOU,NRG Stadium,NRG Stadium,NRG Stadium,NRG Stadium,home_team_primary_stadium,,United States,False,False,71769,1,True,True,True,True,
2019_REG_14_DET_MIN_20191208,2019,REG,14,2019-12-08,13:00,DET,Detroit Lions,DET,MIN,Minnesota Vikings,MIN,U.S. Bank Stadium,U.S. Bank Stadium,U.S. Bank Stadium,U.S. Bank Stadium,home_team_primary_stadium,,United States,False,False,66776,1,True,True,True,True,
2019_REG_14_IND_TB_20191208,2019,REG,14,2019-12-08,13:00,IND,Indianapolis Colts,IND,TB,Tampa Bay Buccaneers,TB,Raymond James Stadium,Raymond James Stadium,Raymond James Stadium,Raymond James Stadium,home_team_primary_stadium,,United States,False,False,50232,1,True,True,True,True,
2019_REG_14_KC_NE_20191208,2019,REG,14,2019-12-08,16:25,KC,Kansas City Chiefs,KC,NE,New England Patriots,NE,Gillette Stadium,Gillette Stadium,Gillette Stadium,Gillette Stadium,home_team_primary_stadium,,United States,False,False,65878,1,True,True,True,True,
2019_REG_14_LAC_JAX_20191208,2019,REG,14,2019-12-08,16:05,LAC,Los Angeles Chargers,LAC,JAX,Jacksonville Jaguars,JAX,TIAA Bank Stadium,TIAA Bank Stadium,EverBank Stadium,TIAA Bank Stadium,actual_game_venue,,United States,True,False,57866,1,True,True,True,True,
2019_REG_14_MIA_NYJ_20191208,2019,REG,14,2019-12-08,13:00,MIA,Miami Dolphins,MIA,NYJ,New York Jets,NYJ,MetLife Stadium,MetLife Stadium,MetLife Stadium,MetLife Stadium,home_team_primary_stadium,,United States,False,False,78523,1,True,True,True,True,
2019_REG_14_PIT_ARI_20191208,2019,REG,14,2019-12-08,16:25,PIT,Pittsburgh Steelers,PIT,ARI,Arizona Cardinals,ARI,State Farm Stadium,State Farm Stadium,State Farm Stadium,State Farm Stadium,home_team_primary_stadium,,United States,False,False,63880,1,True,True,True,True,
2019_REG_14_SEA_LAR_20191208,2019,REG,14,2019-12-08,20:20,SEA,Seattle Seahawks,SEA,LAR,Los Angeles Rams,LA,Los Angeles Memorial Coliseum,Los Angeles Memorial Coliseum,SoFi Stadium,Los Angeles Memorial Coliseum,actual_game_venue,,United States,True,False,71501,1,True,True,True,True,
2019_REG_14_SF_NO_20191208,2019,REG,14,2019-12-08,13:00,SF,San Francisco 49ers,SF,NO,New Orleans Saints,NO,Caesars Superdome,Mercedes-Benz Superdome,Caesars Superdome,Caesars Superdome,home_team_primary_stadium,,United States,False,False,73038,1,True,True,True,True,
2019_REG_14_TEN_LV_20191208,2019,REG,14,2019-12-08,16:25,TEN,Tennessee Titans,TEN,LV,Las Vegas Raiders,OAK,Ring Central Coliseum,Ring Central Coliseum,Allegiant Stadium,Ring Central Coliseum,actual_game_venue,,United States,True,False,52760,1,True,True,True,True,
2019_REG_14_WSH_GB_20191208,2019,REG,14,2019-12-08,13:00,WSH,Washington Commanders,WAS,GB,Green Bay Packers,GB,Lambeau Field,Lambeau Field,Lambeau Field,Lambeau Field,home_team_primary_stadium,,United States,False,False,77296,1,True,True,True,True,
2019_REG_14_NYG_PHI_20191209,2019,REG,14,2019-12-09,20:15,NYG,New York Giants,NYG,PHI,Philadelphia Eagles,PHI,Lincoln Financial Field,Lincoln Financial Field,Lincoln Financial Field,Lincoln Financial Field,home_team_primary_stadium,,United States,False,False,69796,1,True,True,True,True,
2019_REG_15_NYJ_BAL_20191212,2019,REG,15,2019-12-12,20:20,NYJ,New York Jets,NYJ,BAL,Baltimore Ravens,BAL,M&T Bank Stadium,M&T Bank Stadium,M&T Bank Stadium,M&T Bank Stadium,home_team_primary_stadium,,United States,False,False,70545,1,True,True,True,True,
2019_REG_15_ATL_SF_20191215,2019,REG,15,2019-12-15,16:25,ATL,Atlanta Falcons,ATL,SF,San Francisco 49ers,SF,Levi's Stadium,Levi's Stadium,Levi's Stadium,Levi's Stadium,home_team_primary_stadium,,United States,False,False,70910,1,True,True,True,True,
2019_REG_15_BUF_PIT_20191215,2019,REG,15,2019-12-15,20:20,BUF,Buffalo Bills,BUF,PIT,Pittsburgh Steelers,PIT,Acrisure Stadium,Heinz Field,Acrisure Stadium,Acrisure Stadium,home_team_primary_stadium,,United States,False,False,64694,1,True,True,True,True,
2019_REG_15_CHI_GB_20191215,2019,REG,15,2019-12-15,13:00,CHI,Chicago Bears,CHI,GB,Green Bay Packers,GB,Lambeau Field,Lambeau Field,Lambeau Field,Lambeau Field,home_team_primary_stadium,,United States,False,False,78266,1,True,True,True,True,
2019_REG_15_CLE_ARI_20191215,2019,REG,15,2019-12-15,16:05,CLE,Cleveland Browns,CLE,ARI,Arizona Cardinals,ARI,State Farm Stadium,State Farm Stadium,State Farm Stadium,State Farm Stadium,home_team_primary_stadium,,United States,False,False,63345,1,True,True,True,True,
2019_REG_15_DEN_KC_20191215,2019,REG,15,2019-12-15,13:00,DEN,Denver Broncos,DEN,KC,Kansas City Chiefs,KC,Arrowhead Stadium,Arrowhead Stadium,Arrowhead Stadium,Arrowhead Stadium,home_team_primary_stadium,,United States,False,False,73257,1,True,True,True,True,
2019_REG_15_HOU_TEN_20191215,2019,REG,15,2019-12-15,13:00,HOU,Houston Texans,HOU,TEN,Tennessee Titans,TEN,Nissan Stadium,Nissan Stadium,Nissan Stadium,Nissan Stadium,home_team_primary_stadium,,United States,False,False,65265,1,True,True,True,True,
2019_REG_15_JAX_LV_20191215,2019,REG,15,2019-12-15,16:05,JAX,Jacksonville Jaguars,JAX,LV,Las Vegas Raiders,OAK,Ring Central Coliseum,Ring Central Coliseum,Allegiant Stadium,Ring Central Coliseum,actual_game_venue,,United States,True,False,52788,1,True,True,True,True,
2019_REG_15_LAR_DAL_20191215,2019,REG,15,2019-12-15,16:25,LAR,Los Angeles Rams,LA,DAL,Dallas Cowboys,DAL,AT&T Stadium,AT&T Stadium,AT&T Stadium,AT&T Stadium,home_team_primary_stadium,,United States,False,False,90436,1,True,True,True,True,
2019_REG_15_MIA_NYG_20191215,2019,REG,15,2019-12-15,13:00,MIA,Miami Dolphins,MIA,NYG,New York Giants,NYG,MetLife Stadium,MetLife Stadium,MetLife Stadium,MetLife Stadium,home_team_primary_stadium,,United States,False,False,72894,1,True,True,True,True,
2019_REG_15_MIN_LAC_20191215,2019,REG,15,2019-12-15,16:05,MIN,Minnesota Vikings,MIN,LAC,Los Angeles Chargers,LAC,StubHub Center,StubHub Center,SoFi Stadium,StubHub Center,actual_game_venue,,United States,True,False,25446,1,True,True,True,True,
2019_REG_15_NE_CIN_20191215,2019,REG,15,2019-12-15,13:00,NE,New England Patriots,NE,CIN,Cincinnati Bengals,CIN,Paycor Stadium,Paul Brown Stadium,Paycor Stadium,Paycor Stadium,home_team_primary_stadium,,United States,False,False,57066,1,True,True,True,True,
2019_REG_15_PHI_WSH_20191215,2019,REG,15,2019-12-15,13:00,PHI,Philadelphia Eagles,PHI,WSH,Washington Commanders,WAS,Northwest Stadium,FedExField,Northwest Stadium,Northwest Stadium,home_team_primary_stadium,,United States,False,False,63246,1,True,True,True,True,
2019_REG_15_SEA_CAR_20191215,2019,REG,15,2019-12-15,13:00,SEA,Seattle Seahawks,SEA,CAR,Carolina Panthers,CAR,Bank of America Stadium,Bank of America Stadium,Bank of America Stadium,Bank of America Stadium,home_team_primary_stadium,,United States,False,False,72544,1,True,True,True,True,
2019_REG_15_TB_DET_20191215,2019,REG,15,2019-12-15,13:00,TB,Tampa Bay Buccaneers,TB,DET,Detroit Lions,DET,Ford Field,Ford Field,Ford Field,Ford Field,home_team_primary_stadium,,United States,False,False,56515,1,True,True,True,True,
2019_REG_15_IND_NO_20191216,2019,REG,15,2019-12-16,20:15,IND,Indianapolis Colts,IND,NO,New Orleans Saints,NO,Caesars Superdome,Mercedes-Benz Superdome,Caesars Superdome,Caesars Superdome,home_team_primary_stadium,,United States,False,False,73053,1,True,True,True,True,
2019_REG_16_BUF_NE_20191221,2019,REG,16,2019-12-21,16:30,BUF,Buffalo Bills,BUF,NE,New England Patriots,NE,Gillette Stadium,Gillette Stadium,Gillette Stadium,Gillette Stadium,home_team_primary_stadium,,United States,False,False,65878,1,True,True,True,True,
2019_REG_16_HOU_TB_20191221,2019,REG,16,2019-12-21,13:00,HOU,Houston Texans,HOU,TB,Tampa Bay Buccaneers,TB,Raymond James Stadium,Raymond James Stadium,Raymond James Stadium,Raymond James Stadium,home_team_primary_stadium,,United States,False,False,49036,1,True,True,True,True,
2019_REG_16_LAR_SF_20191221,2019,REG,16,2019-12-21,20:15,LAR,Los Angeles Rams,LA,SF,San Francisco 49ers,SF,Levi's Stadium,Levi's Stadium,Levi's Stadium,Levi's Stadium,home_team_primary_stadium,,United States,False,False,70103,1,True,True,True,True,
2019_REG_16_ARI_SEA_20191222,2019,REG,16,2019-12-22,16:25,ARI,Arizona Cardinals,ARI,SEA,Seattle Seahawks,SEA,Lumen Field,CenturyLink Field,Lumen Field,Lumen Field,home_team_primary_stadium,,United States,False,False,69022,1,True,True,True,True,
2019_REG_16_BAL_CLE_20191222,2019,REG,16,2019-12-22,13:00,BAL,Baltimore Ravens,BAL,CLE,Cleveland Browns,CLE,Huntington Bank Field,FirstEnergy Stadium,Huntington Bank Field,Huntington Bank Field,home_team_primary_stadium,,United States,False,False,67431,1,True,True,True,True,
2019_REG_16_CAR_IND_20191222,2019,REG,16,2019-12-22,13:00,CAR,Carolina Panthers,CAR,IND,Indianapolis Colts,IND,Lucas Oil Stadium,Lucas Oil Stadium,Lucas Oil Stadium,Lucas Oil Stadium,home_team_primary_stadium,,United States,False,False,61845,1,True,True,True,True,
2019_REG_16_CIN_MIA_20191222,2019,REG,16,2019-12-22,13:00,CIN,Cincinnati Bengals,CIN,MIA,Miami Dolphins,MIA,Hard Rock Stadium,Hard Rock Stadium,Hard Rock Stadium,Hard Rock Stadium,home_team_primary_stadium,,United States,False,False,60968,1,True,True,True,True,
2019_REG_16_DAL_PHI_20191222,2019,REG,16,2019-12-22,16:25,DAL,Dallas Cowboys,DAL,PHI,Philadelphia Eagles,PHI,Lincoln Financial Field,Lincoln Financial Field,Lincoln Financial Field,Lincoln Financial Field,home_team_primary_stadium,,United States,False,False,69796,1,True,True,True,True,
2019_REG_16_DET_DEN_20191222,2019,REG,16,2019-12-22,16:05,DET,Detroit Lions,DET,DEN,Denver Broncos,DEN,Empower Field at Mile High,Empower Field at Mile High,Empower Field at Mile High,Empower Field at Mile High,home_team_primary_stadium,,United States,False,False,74115,1,True,True,True,True,
2019_REG_16_JAX_ATL_20191222,2019,REG,16,2019-12-22,13:00,JAX,Jacksonville Jaguars,JAX,ATL,Atlanta Falcons,ATL,Mercedes-Benz Stadium,Mercedes-Benz Stadium,Mercedes-Benz Stadium,Mercedes-Benz Stadium,home_team_primary_stadium,,United States,False,False,70873,1,True,True,True,True,
2019_REG_16_KC_CHI_20191222,2019,REG,16,2019-12-22,20:20,KC,Kansas City Chiefs,KC,CHI,Chicago Bears,CHI,Soldier Field,Soldier Field,Soldier Field,Soldier Field,home_team_primary_stadium,,United States,False,False,62213,1,True,True,True,True,
2019_REG_16_LV_LAC_20191222,2019,REG,16,2019-12-22,16:05,LV,Las Vegas Raiders,OAK,LAC,Los Angeles Chargers,LAC,StubHub Center,StubHub Center,SoFi Stadium,StubHub Center,actual_game_venue,,United States,True,False,25380,1,True,True,True,True,
2019_REG_16_NO_TEN_20191222,2019,REG,16,2019-12-22,13:00,NO,New Orleans Saints,NO,TEN,Tennessee Titans,TEN,Nissan Stadium,Nissan Stadium,Nissan Stadium,Nissan Stadium,home_team_primary_stadium,,United States,False,False,66756,1,True,True,True,True,
2019_REG_16_NYG_WSH_20191222,2019,REG,16,2019-12-22,13:00,NYG,New York Giants,NYG,WSH,Washington Commanders,WAS,Northwest Stadium,FedExField,Northwest Stadium,Northwest Stadium,home_team_primary_stadium,,United States,False,False,66083,1,True,True,True,True,
2019_REG_16_PIT_NYJ_20191222,2019,REG,16,2019-12-22,13:00,PIT,Pittsburgh Steelers,PIT,NYJ,New York Jets,NYJ,MetLife Stadium,MetLife Stadium,MetLife Stadium,MetLife Stadium,home_team_primary_stadium,,United States,False,False,78523,1,True,True,True,True,
2019_REG_16_GB_MIN_20191223,2019,REG,16,2019-12-23,20:15,GB,Green Bay Packers,GB,MIN,Minnesota Vikings,MIN,U.S. Bank Stadium,U.S. Bank Stadium,U.S. Bank Stadium,U.S. Bank Stadium,home_team_primary_stadium,,United States,False,False,67157,1,True,True,True,True,
2019_REG_17_ARI_LAR_20191229,2019,REG,17,2019-12-29,16:25,ARI,Arizona Cardinals,ARI,LAR,Los Angeles Rams,LA,Los Angeles Memorial Coliseum,Los Angeles Memorial Coliseum,SoFi Stadium,Los Angeles Memorial Coliseum,actual_game_venue,,United States,True,False,68665,1,True,True,True,True,
2019_REG_17_ATL_TB_20191229,2019,REG,17,2019-12-29,13:00,ATL,Atlanta Falcons,ATL,TB,Tampa Bay Buccaneers,TB,Raymond James Stadium,Raymond James Stadium,Raymond James Stadium,Raymond James Stadium,home_team_primary_stadium,,United States,False,False,50417,1,True,True,True,True,
2019_REG_17_CHI_MIN_20191229,2019,REG,17,2019-12-29,13:00,CHI,Chicago Bears,CHI,MIN,Minnesota Vikings,MIN,U.S. Bank Stadium,U.S. Bank Stadium,U.S. Bank Stadium,U.S. Bank Stadium,home_team_primary_stadium,,United States,False,False,66913,1,True,True,True,True,
2019_REG_17_CLE_CIN_20191229,2019,REG,17,2019-12-29,13:00,CLE,Cleveland Browns,CLE,CIN,Cincinnati Bengals,CIN,Paycor Stadium,Paul Brown Stadium,Paycor Stadium,Paycor Stadium,home_team_primary_stadium,,United States,False,False,47759,1,True,True,True,True,
2019_REG_17_GB_DET_20191229,2019,REG,17,2019-12-29,13:00,GB,Green Bay Packers,GB,DET,Detroit Lions,DET,Ford Field,Ford Field,Ford Field,Ford Field,home_team_primary_stadium,,United States,False,False,62840,1,True,True,True,True,
2019_REG_17_IND_JAX_20191229,2019,REG,17,2019-12-29,16:25,IND,Indianapolis Colts,IND,JAX,Jacksonville Jaguars,JAX,TIAA Bank Stadium,TIAA Bank Stadium,EverBank Stadium,TIAA Bank Stadium,actual_game_venue,,United States,True,False,58472,1,True,True,True,True,
2019_REG_17_LAC_KC_20191229,2019,REG,17,2019-12-29,13:00,LAC,Los Angeles Chargers,LAC,KC,Kansas City Chiefs,KC,Arrowhead Stadium,Arrowhead Stadium,Arrowhead Stadium,Arrowhead Stadium,home_team_primary_stadium,,United States,False,False,73680,1,True,True,True,True,
2019_REG_17_LV_DEN_20191229,2019,REG,17,2019-12-29,16:25,LV,Las Vegas Raiders,OAK,DEN,Denver Broncos,DEN,Empower Field at Mile High,Empower Field at Mile High,Empower Field at Mile High,Empower Field at Mile High,home_team_primary_stadium,,United States,False,False,76334,1,True,True,True,True,
2019_REG_17_MIA_NE_20191229,2019,REG,17,2019-12-29,13:00,MIA,Miami Dolphins,MIA,NE,New England Patriots,NE,Gillette Stadium,Gillette Stadium,Gillette Stadium,Gillette Stadium,home_team_primary_stadium,,United States,False,False,65878,1,True,True,True,True,
2019_REG_17_NO_CAR_20191229,2019,REG,17,2019-12-29,13:00,NO,New Orleans Saints,NO,CAR,Carolina Panthers,CAR,Bank of America Stadium,Bank of America Stadium,Bank of America Stadium,Bank of America Stadium,home_team_primary_stadium,,United States,False,False,72203,1,True,True,True,True,
2019_REG_17_NYJ_BUF_20191229,2019,REG,17,2019-12-29,13:00,NYJ,New York Jets,NYJ,BUF,Buffalo Bills,BUF,Highmark Stadium,New Era Field,Highmark Stadium,Highmark Stadium,home_team_primary_stadium,,United States,False,False,69016,1,True,True,True,True,
2019_REG_17_PHI_NYG_20191229,2019,REG,17,2019-12-29,16:25,PHI,Philadelphia Eagles,PHI,NYG,New York Giants,NYG,MetLife Stadium,MetLife Stadium,MetLife Stadium,MetLife Stadium,home_team_primary_stadium,,United States,False,False,75029,1,True,True,True,True,
2019_REG_17_PIT_BAL_20191229,2019,REG,17,2019-12-29,16:25,PIT,Pittsburgh Steelers,PIT,BAL,Baltimore Ravens,BAL,M&T Bank Stadium,M&T Bank Stadium,M&T Bank Stadium,M&T Bank Stadium,home_team_primary_stadium,,United States,False,False,70695,1,True,True,True,True,
2019_REG_17_SF_SEA_20191229,2019,REG,17,2019-12-29,20:20,SF,San Francisco 49ers,SF,SEA,Seattle Seahawks,SEA,Lumen Field,CenturyLink Field,Lumen Field,Lumen Field,home_team_primary_stadium,,United States,False,False,69162,1,True,True,True,True,
2019_REG_17_TEN_HOU_20191229,2019,REG,17,2019-12-29,16:25,TEN,Tennessee Titans,TEN,HOU,Houston Texans,HOU,NRG Stadium,NRG Stadium,NRG Stadium,NRG Stadium,home_team_primary_stadium,,United States,False,False,71794,1,True,True,True,True,
2019_REG_17_WSH_DAL_20191229,2019,REG,17,2019-12-29,16:25,WSH,Washington Commanders,WAS,DAL,Dallas Cowboys,DAL,AT&T Stadium,AT&T Stadium,AT&T Stadium,AT&T Stadium,home_team_primary_stadium,,United States,False,False,90646,1,True,True,True,True,
2019_POST_18_BUF_HOU_20200104,2019,POST,18,2020-01-04,16:35,BUF,Buffalo Bills,BUF,HOU,Houston Texans,HOU,NRG Stadium,NRG Stadium,NRG Stadium,NRG Stadium,home_team_primary_stadium,,United States,False,False,,,True,False,False,False,season_week_not_found_in_attendance
2019_POST_18_TEN_NE_20200104,2019,POST,18,2020-01-04,20:15,TEN,Tennessee Titans,TEN,NE,New England Patriots,NE,Gillette Stadium,Gillette Stadium,Gillette Stadium,Gillette Stadium,home_team_primary_stadium,,United States,False,False,,,True,False,False,False,season_week_not_found_in_attendance
2019_POST_18_MIN_NO_20200105,2019,POST,18,2020-01-05,13:05,MIN,Minnesota Vikings,MIN,NO,New Orleans Saints,NO,Caesars Superdome,Mercedes-Benz Superdome,Caesars Superdome,Caesars Superdome,home_team_primary_stadium,,United States,False,False,,,True,False,False,False,season_week_not_found_in_attendance
2019_POST_18_SEA_PHI_20200105,2019,POST,18,2020-01-05,16:40,SEA,Seattle Seahawks,SEA,PHI,Philadelphia Eagles,PHI,Lincoln Financial Field,Lincoln Financial Field,Lincoln Financial Field,Lincoln Financial Field,home_team_primary_stadium,,United States,False,False,,,True,False,False,False,season_week_not_found_in_attendance
2019_POST_19_MIN_SF_20200111,2019,POST,19,2020-01-11,16:35,MIN,Minnesota Vikings,MIN,SF,San Francisco 49ers,SF,Levi's Stadium,Levi's Stadium,Levi's Stadium,Levi's Stadium,home_team_primary_stadium,,United States,False,False,,,True,False,False,False,season_week_not_found_in_attendance
2019_POST_19_TEN_BAL_20200111,2019,POST,19,2020-01-11,20:15,TEN,Tennessee Titans,TEN,BAL,Baltimore Ravens,BAL,M&T Bank Stadium,M&T Bank Stadium,M&T Bank Stadium,M&T Bank Stadium,home_team_primary_stadium,,United States,False,False,,,True,False,False,False,season_week_not_found_in_attendance
2019_POST_19_HOU_KC_20200112,2019,POST,19,2020-01-12,15:05,HOU,Houston Texans,HOU,KC,Kansas City Chiefs,KC,Arrowhead Stadium,Arrowhead Stadium,Arrowhead Stadium,Arrowhead Stadium,home_team_primary_stadium,,United States,False,False,,,True,False,False,False,season_week_not_found_in_attendance
2019_POST_19_SEA_GB_20200112,2019,POST,19,2020-01-12,18:40,SEA,Seattle Seahawks,SEA,GB,Green Bay Packers,GB,Lambeau Field,Lambeau Field,Lambeau Field,Lambeau Field,home_team_primary_stadium,,United States,False,False,,,True,False,False,False,season_week_not_found_in_attendance
2019_CON_20_GB_SF_20200119,2019,CON,20,2020-01-19,18:40,GB,Green Bay Packers,GB,SF,San Francisco 49ers,SF,Levi's Stadium,Levi's Stadium,Levi's Stadium,Levi's Stadium,home_team_primary_stadium,,United States,False,False,,,True,False,False,False,season_week_not_found_in_attendance
2019_CON_20_TEN_KC_20200119,2019,CON,20,2020-01-19,15:05,TEN,Tennessee Titans,TEN,KC,Kansas City Chiefs,KC,Arrowhead Stadium,Arrowhead Stadium,Arrowhead Stadium,Arrowhead Stadium,home_team_primary_stadium,,United States,False,False,,,True,False,False,False,season_week_not_found_in_attendance
2019_POST_21_SF_KC_20200202,2019,POST,21,2020-02-02,18:30,SF,San Francisco 49ers,SF,KC,Kansas City Chiefs,KC,Hard Rock Stadium,Hard Rock Stadium,Arrowhead Stadium,Hard Rock Stadium,actual_game_venue,,United States,True,False,,,True,False,False,False,season_week_not_found_in_attendance
2021_REG_01_DAL_TB_20210909,2021,REG,1,2021-09-09,20:20,DAL,Dallas Cowboys,DAL,TB,Tampa Bay Buccaneers,TB,Raymond James Stadium,Raymond James Stadium,Raymond James Stadium,Raymond James Stadium,home_team_primary_stadium,,United States,False,False,65566,1,True,True,True,True,
2021_REG_01_ARI_TEN_20210912,2021,REG,1,2021-09-12,13:00,ARI,Arizona Cardinals,ARI,TEN,Tennessee Titans,TEN,Nissan Stadium,Nissan Stadium,Nissan Stadium,Nissan Stadium,home_team_primary_stadium,,United States,False,False,67216,1,True,True,True,True,
2021_REG_01_CHI_LAR_20210912,2021,REG,1,2021-09-12,20:20,CHI,Chicago Bears,CHI,LAR,Los Angeles Rams,LA,SoFi Stadium,SoFi Stadium,SoFi Stadium,SoFi Stadium,home_team_primary_stadium,,United States,False,False,70445,1,True,True,True,True,
2021_REG_01_CLE_KC_20210912,2021,REG,1,2021-09-12,16:25,CLE,Cleveland Browns,CLE,KC,Kansas City Chiefs,KC,Arrowhead Stadium,GEHA Field at Arrowhead Stadium,Arrowhead Stadium,Arrowhead Stadium,home_team_primary_stadium,,United States,False,False,72973,1,True,True,True,True,
2021_REG_01_DEN_NYG_20210912,2021,REG,1,2021-09-12,16:25,DEN,Denver Broncos,DEN,NYG,New York Giants,NYG,MetLife Stadium,MetLife Stadium,MetLife Stadium,MetLife Stadium,home_team_primary_stadium,,United States,False,False,74119,1,True,True,True,True,
2021_REG_01_GB_NO_20210912,2021,REG,1,2021-09-12,16:25,GB,Green Bay Packers,GB,NO,New Orleans Saints,NO,TIAA Bank Stadium,TIAA Bank Stadium,Caesars Superdome,TIAA Bank Stadium,actual_game_venue,,United States,True,False,35242,1,True,True,True,True,
2021_REG_01_JAX_HOU_20210912,2021,REG,1,2021-09-12,13:00,JAX,Jacksonville Jaguars,JAX,HOU,Houston Texans,HOU,NRG Stadium,NRG Stadium,NRG Stadium,NRG Stadium,home_team_primary_stadium,,United States,False,False,68105,1,True,True,True,True,
2021_REG_01_LAC_WSH_20210912,2021,REG,1,2021-09-12,13:00,LAC,Los Angeles Chargers,LAC,WSH,Washington Commanders,WAS,Northwest Stadium,FedExField,Northwest Stadium,Northwest Stadium,home_team_primary_stadium,,United States,False,False,52753,1,True,True,True,True,
2021_REG_01_MIA_NE_20210912,2021,REG,1,2021-09-12,16:25,MIA,Miami Dolphins,MIA,NE,New England Patriots,NE,Gillette Stadium,Gillette Stadium,Gillette Stadium,Gillette Stadium,home_team_primary_stadium,,United States,False,False,65878,1,True,True,True,True,
2021_REG_01_MIN_CIN_20210912,2021,REG,1,2021-09-12,13:00,MIN,Minnesota Vikings,MIN,CIN,Cincinnati Bengals,CIN,Paycor Stadium,Paul Brown Stadium,Paycor Stadium,Paycor Stadium,home_team_primary_stadium,,United States,False,False,56525,1,True,True,True,True,
2021_REG_01_NYJ_CAR_20210912,2021,REG,1,2021-09-12,13:00,NYJ,New York Jets,NYJ,CAR,Carolina Panthers,CAR,Bank of America Stadium,Bank of America Stadium,Bank of America Stadium,Bank of America Stadium,home_team_primary_stadium,,United States,False,False,70211,1,True,True,True,True,
2021_REG_01_PHI_ATL_20210912,2021,REG,1,2021-09-12,13:00,PHI,Philadelphia Eagles,PHI,ATL,Atlanta Falcons,ATL,Mercedes-Benz Stadium,Mercedes-Benz Stadium,Mercedes-Benz Stadium,Mercedes-Benz Stadium,home_team_primary_stadium,,United States,False,False,68633,1,True,True,True,True,
2021_REG_01_PIT_BUF_20210912,2021,REG,1,2021-09-12,13:00,PIT,Pittsburgh Steelers,PIT,BUF,Buffalo Bills,BUF,Highmark Stadium,New Era Field,Highmark Stadium,Highmark Stadium,home_team_primary_stadium,,United States,False,False,69787,1,True,True,True,True,
2021_REG_01_SEA_IND_20210912,2021,REG,1,2021-09-12,13:00,SEA,Seattle Seahawks,SEA,IND,Indianapolis Colts,IND,Lucas Oil Stadium,Lucas Oil Stadium,Lucas Oil Stadium,Lucas Oil Stadium,home_team_primary_stadium,,United States,False,False,63347,1,True,True,True,True,
2021_REG_01_SF_DET_20210912,2021,REG,1,2021-09-12,13:00,SF,San Francisco 49ers,SF,DET,Detroit Lions,DET,Ford Field,Ford Field,Ford Field,Ford Field,home_team_primary_stadium,,United States,False,False,59374,1,True,True,True,True,
2021_REG_01_BAL_LV_20210913,2021,REG,1,2021-09-13,20:15,BAL,Baltimore Ravens,BAL,LV,Las Vegas Raiders,LV,Allegiant Stadium,Allegiant Stadium,Allegiant Stadium,Allegiant Stadium,home_team_primary_stadium,,United States,False,False,61756,1,True,True,True,True,
2021_REG_02_NYG_WSH_20210916,2021,REG,2,2021-09-16,20:20,NYG,New York Giants,NYG,WSH,Washington Commanders,WAS,Northwest Stadium,FedExField,Northwest Stadium,Northwest Stadium,home_team_primary_stadium,,United States,False,False,50118,1,True,True,True,True,
2021_REG_02_ATL_TB_20210919,2021,REG,2,2021-09-19,16:05,ATL,Atlanta Falcons,ATL,TB,Tampa Bay Buccaneers,TB,Raymond James Stadium,Raymond James Stadium,Raymond James Stadium,Raymond James Stadium,home_team_primary_stadium,,United States,False,False,63694,1,True,True,True,True,
2021_REG_02_BUF_MIA_20210919,2021,REG,2,2021-09-19,13:00,BUF,Buffalo Bills,BUF,MIA,Miami Dolphins,MIA,Hard Rock Stadium,Hard Rock Stadium,Hard Rock Stadium,Hard Rock Stadium,home_team_primary_stadium,,United States,False,False,65040,1,True,True,True,True,
2021_REG_02_CIN_CHI_20210919,2021,REG,2,2021-09-19,13:00,CIN,Cincinnati Bengals,CIN,CHI,Chicago Bears,CHI,Soldier Field,Soldier Field,Soldier Field,Soldier Field,home_team_primary_stadium,,United States,False,False,60840,1,True,True,True,True,
2021_REG_02_DAL_LAC_20210919,2021,REG,2,2021-09-19,16:25,DAL,Dallas Cowboys,DAL,LAC,Los Angeles Chargers,LAC,SoFi Stadium,SoFi Stadium,SoFi Stadium,SoFi Stadium,home_team_primary_stadium,,United States,False,False,70240,1,True,True,True,True,
2021_REG_02_DEN_JAX_20210919,2021,REG,2,2021-09-19,13:00,DEN,Denver Broncos,DEN,JAX,Jacksonville Jaguars,JAX,TIAA Bank Stadium,TIAA Bank Stadium,EverBank Stadium,TIAA Bank Stadium,actual_game_venue,,United States,True,False,58461,1,True,True,True,True,
2021_REG_02_HOU_CLE_20210919,2021,REG,2,2021-09-19,13:00,HOU,Houston Texans,HOU,CLE,Cleveland Browns,CLE,Huntington Bank Field,FirstEnergy Stadium,Huntington Bank Field,Huntington Bank Field,home_team_primary_stadium,,United States,False,False,67431,1,True,True,True,True,
2021_REG_02_KC_BAL_20210919,2021,REG,2,2021-09-19,20:20,KC,Kansas City Chiefs,KC,BAL,Baltimore Ravens,BAL,M&T Bank Stadium,M&T Bank Stadium,M&T Bank Stadium,M&T Bank Stadium,home_team_primary_stadium,,United States,False,False,70417,1,True,True,True,True,
2021_REG_02_LAR_IND_20210919,2021,REG,2,2021-09-19,13:00,LAR,Los Angeles Rams,LA,IND,Indianapolis Colts,IND,Lucas Oil Stadium,Lucas Oil Stadium,Lucas Oil Stadium,Lucas Oil Stadium,home_team_primary_stadium,,United States,False,False,63076,1,True,True,True,True,
2021_REG_02_LV_PIT_20210919,2021,REG,2,2021-09-19,13:00,LV,Las Vegas Raiders,LV,PIT,Pittsburgh Steelers,PIT,Acrisure Stadium,Heinz Field,Acrisure Stadium,Acrisure Stadium,home_team_primary_stadium,,United States,False,False,63707,1,True,True,True,True,
2021_REG_02_MIN_ARI_20210919,2021,REG,2,2021-09-19,16:05,MIN,Minnesota Vikings,MIN,ARI,Arizona Cardinals,ARI,State Farm Stadium,State Farm Stadium,State Farm Stadium,State Farm Stadium,home_team_primary_stadium,,United States,False,False,60115,1,True,True,True,True,
2021_REG_02_NE_NYJ_20210919,2021,REG,2,2021-09-19,13:00,NE,New England Patriots,NE,NYJ,New York Jets,NYJ,MetLife Stadium,MetLife Stadium,MetLife Stadium,MetLife Stadium,home_team_primary_stadium,,United States,False,False,75626,1,True,True,True,True,
2021_REG_02_NO_CAR_20210919,2021,REG,2,2021-09-19,13:00,NO,New Orleans Saints,NO,CAR,Carolina Panthers,CAR,Bank of America Stadium,Bank of America Stadium,Bank of America Stadium,Bank of America Stadium,home_team_primary_stadium,,United States,False,False,70675,1,True,True,True,True,
2021_REG_02_SF_PHI_20210919,2021,REG,2,2021-09-19,13:00,SF,San Francisco 49ers,SF,PHI,Philadelphia Eagles,PHI,Lincoln Financial Field,Lincoln Financial Field,Lincoln Financial Field,Lincoln Financial Field,home_team_primary_stadium,,United States,False,False,69796,1,True,True,True,True,
2021_REG_02_TEN_SEA_20210919,2021,REG,2,2021-09-19,16:25,TEN,Tennessee Titans,TEN,SEA,Seattle Seahawks,SEA,Lumen Field,Lumen Field,Lumen Field,Lumen Field,home_team_primary_stadium,,United States,False,False,68585,1,True,True,True,True,
2021_REG_02_DET_GB_20210920,2021,REG,2,2021-09-20,20:15,DET,Detroit Lions,DET,GB,Green Bay Packers,GB,Lambeau Field,Lambeau Field,Lambeau Field,Lambeau Field,home_team_primary_stadium,,United States,False,False,77240,1,True,True,True,True,
2021_REG_03_CAR_HOU_20210923,2021,REG,3,2021-09-23,20:20,CAR,Carolina Panthers,CAR,HOU,Houston Texans,HOU,NRG Stadium,NRG Stadium,NRG Stadium,NRG Stadium,home_team_primary_stadium,,United States,False,False,68320,1,True,True,True,True,
2021_REG_03_ARI_JAX_20210926,2021,REG,3,2021-09-26,13:00,ARI,Arizona Cardinals,ARI,JAX,Jacksonville Jaguars,JAX,TIAA Bank Stadium,TIAA Bank Stadium,EverBank Stadium,TIAA Bank Stadium,actual_game_venue,,United States,True,False,58012,1,True,True,True,True,
2021_REG_03_ATL_NYG_20210926,2021,REG,3,2021-09-26,13:00,ATL,Atlanta Falcons,ATL,NYG,New York Giants,NYG,MetLife Stadium,MetLife Stadium,MetLife Stadium,MetLife Stadium,home_team_primary_stadium,,United States,False,False,75307,1,True,True,True,True,
2021_REG_03_BAL_DET_20210926,2021,REG,3,2021-09-26,13:00,BAL,Baltimore Ravens,BAL,DET,Detroit Lions,DET,Ford Field,Ford Field,Ford Field,Ford Field,home_team_primary_stadium,,United States,False,False,50788,1,True,True,True,True,
2021_REG_03_CHI_CLE_20210926,2021,REG,3,2021-09-26,13:00,CHI,Chicago Bears,CHI,CLE,Cleveland Browns,CLE,Huntington Bank Field,FirstEnergy Stadium,Huntington Bank Field,Huntington Bank Field,home_team_primary_stadium,,United States,False,False,67431,1,True,True,True,True,
2021_REG_03_CIN_PIT_20210926,2021,REG,3,2021-09-26,13:00,CIN,Cincinnati Bengals,CIN,PIT,Pittsburgh Steelers,PIT,Acrisure Stadium,Heinz Field,Acrisure Stadium,Acrisure Stadium,home_team_primary_stadium,,United States,False,False,58076,1,True,True,True,True,
2021_REG_03_GB_SF_20210926,2021,REG,3,2021-09-26,20:20,GB,Green Bay Packers,GB,SF,San Francisco 49ers,SF,Levi's Stadium,Levi's Stadium,Levi's Stadium,Levi's Stadium,home_team_primary_stadium,,United States,False,False,69853,1,True,True,True,True,
2021_REG_03_IND_TEN_20210926,2021,REG,3,2021-09-26,13:00,IND,Indianapolis Colts,IND,TEN,Tennessee Titans,TEN,Nissan Stadium,Nissan Stadium,Nissan Stadium,Nissan Stadium,home_team_primary_stadium,,United States,False,False,67914,1,True,True,True,True,
2021_REG_03_LAC_KC_20210926,2021,REG,3,2021-09-26,13:00,LAC,Los Angeles Chargers,LAC,KC,Kansas City Chiefs,KC,Arrowhead Stadium,GEHA Field at Arrowhead Stadium,Arrowhead Stadium,Arrowhead Stadium,home_team_primary_stadium,,United States,False,False,72980,1,True,True,True,True,
2021_REG_03_MIA_LV_20210926,2021,REG,3,2021-09-26,16:05,MIA,Miami Dolphins,MIA,LV,Las Vegas Raiders,LV,Allegiant Stadium,Allegiant Stadium,Allegiant Stadium,Allegiant Stadium,home_team_primary_stadium,,United States,False,False,59311,1,True,True,True,True,
2021_REG_03_NO_NE_20210926,2021,REG,3,2021-09-26,13:00,NO,New Orleans Saints,NO,NE,New England Patriots,NE,Gillette Stadium,Gillette Stadium,Gillette Stadium,Gillette Stadium,home_team_primary_stadium,,United States,False,False,65878,1,True,True,True,True,
2021_REG_03_NYJ_DEN_20210926,2021,REG,3,2021-09-26,16:05,NYJ,New York Jets,NYJ,DEN,Denver Broncos,DEN,Empower Field at Mile High,Empower Field at Mile High,Empower Field at Mile High,Empower Field at Mile High,home_team_primary_stadium,,United States,False,False,75882,1,True,True,True,True,
2021_REG_03_SEA_MIN_20210926,2021,REG,3,2021-09-26,16:25,SEA,Seattle Seahawks,SEA,MIN,Minnesota Vikings,MIN,U.S. Bank Stadium,U.S. Bank Stadium,U.S. Bank Stadium,U.S. Bank Stadium,home_team_primary_stadium,,United States,False,False,66729,1,True,True,True,True,
2021_REG_03_TB_LAR_20210926,2021,REG,3,2021-09-26,16:25,TB,Tampa Bay Buccaneers,TB,LAR,Los Angeles Rams,LA,SoFi Stadium,SoFi Stadium,SoFi Stadium,SoFi Stadium,home_team_primary_stadium,,United States,False,False,73205,1,True,True,True,True,
2021_REG_03_WSH_BUF_20210926,2021,REG,3,2021-09-26,13:00,WSH,Washington Commanders,WAS,BUF,Buffalo Bills,BUF,Highmark Stadium,New Era Field,Highmark Stadium,Highmark Stadium,home_team_primary_stadium,,United States,False,False,68434,1,True,True,True,True,
2021_REG_03_PHI_DAL_20210927,2021,REG,3,2021-09-27,20:15,PHI,Philadelphia Eagles,PHI,DAL,Dallas Cowboys,DAL,AT&T Stadium,AT&T Stadium,AT&T Stadium,AT&T Stadium,home_team_primary_stadium,,United States,False,False,93267,1,True,True,True,True,
2021_REG_04_JAX_CIN_20210930,2021,REG,4,2021-09-30,20:20,JAX,Jacksonville Jaguars,JAX,CIN,Cincinnati Bengals,CIN,Paycor Stadium,Paul Brown Stadium,Paycor Stadium,Paycor Stadium,home_team_primary_stadium,,United States,False,False,63198,1,True,True,True,True,
2021_REG_04_ARI_LAR_20211003,2021,REG,4,2021-10-03,16:05,ARI,Arizona Cardinals,ARI,LAR,Los Angeles Rams,LA,SoFi Stadium,SoFi Stadium,SoFi Stadium,SoFi Stadium,home_team_primary_stadium,,United States,False,False,70003,1,True,True,True,True,
2021_REG_04_BAL_DEN_20211003,2021,REG,4,2021-10-03,16:25,BAL,Baltimore Ravens,BAL,DEN,Denver Broncos,DEN,Empower Field at Mile High,Empower Field at Mile High,Empower Field at Mile High,Empower Field at Mile High,home_team_primary_stadium,,United States,False,False,76490,1,True,True,True,True,
2021_REG_04_CAR_DAL_20211003,2021,REG,4,2021-10-03,13:00,CAR,Carolina Panthers,CAR,DAL,Dallas Cowboys,DAL,AT&T Stadium,AT&T Stadium,AT&T Stadium,AT&T Stadium,home_team_primary_stadium,,United States,False,False,93262,1,True,True,True,True,
2021_REG_04_CLE_MIN_20211003,2021,REG,4,2021-10-03,13:00,CLE,Cleveland Browns,CLE,MIN,Minnesota Vikings,MIN,U.S. Bank Stadium,U.S. Bank Stadium,U.S. Bank Stadium,U.S. Bank Stadium,home_team_primary_stadium,,United States,False,False,66703,1,True,True,True,True,
2021_REG_04_DET_CHI_20211003,2021,REG,4,2021-10-03,13:00,DET,Detroit Lions,DET,CHI,Chicago Bears,CHI,Soldier Field,Soldier Field,Soldier Field,Soldier Field,home_team_primary_stadium,,United States,False,False,61468,1,True,True,True,True,
2021_REG_04_HOU_BUF_20211003,2021,REG,4,2021-10-03,13:00,HOU,Houston Texans,HOU,BUF,Buffalo Bills,BUF,Highmark Stadium,New Era Field,Highmark Stadium,Highmark Stadium,home_team_primary_stadium,,United States,False,False,68087,1,True,True,True,True,
2021_REG_04_IND_MIA_20211003,2021,REG,4,2021-10-03,13:00,IND,Indianapolis Colts,IND,MIA,Miami Dolphins,MIA,Hard Rock Stadium,Hard Rock Stadium,Hard Rock Stadium,Hard Rock Stadium,home_team_primary_stadium,,United States,False,False,64571,1,True,True,True,True,
2021_REG_04_KC_PHI_20211003,2021,REG,4,2021-10-03,13:00,KC,Kansas City Chiefs,KC,PHI,Philadelphia Eagles,PHI,Lincoln Financial Field,Lincoln Financial Field,Lincoln Financial Field,Lincoln Financial Field,home_team_primary_stadium,,United States,False,False,69796,1,True,True,True,True,
2021_REG_04_NYG_NO_20211003,2021,REG,4,2021-10-03,13:00,NYG,New York Giants,NYG,NO,New Orleans Saints,NO,Caesars Superdome,Mercedes-Benz Superdome,Caesars Superdome,Caesars Superdome,home_team_primary_stadium,,United States,False,False,69170,1,True,True,True,True,
2021_REG_04_PIT_GB_20211003,2021,REG,4,2021-10-03,16:25,PIT,Pittsburgh Steelers,PIT,GB,Green Bay Packers,GB,Lambeau Field,Lambeau Field,Lambeau Field,Lambeau Field,home_team_primary_stadium,,United States,False,False,78281,1,True,True,True,True,
2021_REG_04_SEA_SF_20211003,2021,REG,4,2021-10-03,16:05,SEA,Seattle Seahawks,SEA,SF,San Francisco 49ers,SF,Levi's Stadium,Levi's Stadium,Levi's Stadium,Levi's Stadium,home_team_primary_stadium,,United States,False,False,68912,1,True,True,True,True,
2021_REG_04_TB_NE_20211003,2021,REG,4,2021-10-03,20:20,TB,Tampa Bay Buccaneers,TB,NE,New England Patriots,NE,Gillette Stadium,Gillette Stadium,Gillette Stadium,Gillette Stadium,home_team_primary_stadium,,United States,False,False,65878,1,True,True,True,True,
2021_REG_04_TEN_NYJ_20211003,2021,REG,4,2021-10-03,13:00,TEN,Tennessee Titans,TEN,NYJ,New York Jets,NYJ,MetLife Stadium,MetLife Stadium,MetLife Stadium,MetLife Stadium,home_team_primary_stadium,,United States,False,False,70232,1,True,True,True,True,
2021_REG_04_WSH_ATL_20211003,2021,REG,4,2021-10-03,13:00,WSH,Washington Commanders,WAS,ATL,Atlanta Falcons,ATL,Mercedes-Benz Stadium,Mercedes-Benz Stadium,Mercedes-Benz Stadium,Mercedes-Benz Stadium,home_team_primary_stadium,,United States,False,False,68333,1,True,True,True,True,
2021_REG_04_LV_LAC_20211004,2021,REG,4,2021-10-04,20:15,LV,Las Vegas Raiders,LV,LAC,Los Angeles Chargers,LAC,SoFi Stadium,SoFi Stadium,SoFi Stadium,SoFi Stadium,home_team_primary_stadium,,United States,False,False,70240,1,True,True,True,True,
2021_REG_05_LAR_SEA_20211007,2021,REG,5,2021-10-07,20:20,LAR,Los Angeles Rams,LA,SEA,Seattle Seahawks,SEA,Lumen Field,Lumen Field,Lumen Field,Lumen Field,home_team_primary_stadium,,United States,False,False,68747,1,True,True,True,True,
2021_REG_05_BUF_KC_20211010,2021,REG,5,2021-10-10,20:20,BUF,Buffalo Bills,BUF,KC,Kansas City Chiefs,KC,Arrowhead Stadium,GEHA Field at Arrowhead Stadium,Arrowhead Stadium,Arrowhead Stadium,home_team_primary_stadium,,United States,False,False,73389,1,True,True,True,True,
2021_REG_05_CHI_LV_20211010,2021,REG,5,2021-10-10,16:05,CHI,Chicago Bears,CHI,LV,Las Vegas Raiders,LV,Allegiant Stadium,Allegiant Stadium,Allegiant Stadium,Allegiant Stadium,home_team_primary_stadium,,United States,False,False,59122,1,True,True,True,True,
2021_REG_05_CLE_LAC_20211010,2021,REG,5,2021-10-10,16:05,CLE,Cleveland Browns,CLE,LAC,Los Angeles Chargers,LAC,SoFi Stadium,SoFi Stadium,SoFi Stadium,SoFi Stadium,home_team_primary_stadium,,United States,False,False,70240,1,True,True,True,True,
2021_REG_05_DEN_PIT_20211010,2021,REG,5,2021-10-10,13:00,DEN,Denver Broncos,DEN,PIT,Pittsburgh Steelers,PIT,Acrisure Stadium,Heinz Field,Acrisure Stadium,Acrisure Stadium,home_team_primary_stadium,,United States,False,False,59841,1,True,True,True,True,
2021_REG_05_DET_MIN_20211010,2021,REG,5,2021-10-10,13:00,DET,Detroit Lions,DET,MIN,Minnesota Vikings,MIN,U.S. Bank Stadium,U.S. Bank Stadium,U.S. Bank Stadium,U.S. Bank Stadium,home_team_primary_stadium,,United States,False,False,66538,1,True,True,True,True,
2021_REG_05_GB_CIN_20211010,2021,REG,5,2021-10-10,13:00,GB,Green Bay Packers,GB,CIN,Cincinnati Bengals,CIN,Paycor Stadium,Paul Brown Stadium,Paycor Stadium,Paycor Stadium,home_team_primary_stadium,,United States,False,False,64195,1,True,True,True,True,
2021_REG_05_MIA_TB_20211010,2021,REG,5,2021-10-10,13:00,MIA,Miami Dolphins,MIA,TB,Tampa Bay Buccaneers,TB,Raymond James Stadium,Raymond James Stadium,Raymond James Stadium,Raymond James Stadium,home_team_primary_stadium,,United States,False,False,65570,1,True,True,True,True,
2021_REG_05_NE_HOU_20211010,2021,REG,5,2021-10-10,13:00,NE,New England Patriots,NE,HOU,Houston Texans,HOU,NRG Stadium,NRG Stadium,NRG Stadium,NRG Stadium,home_team_primary_stadium,,United States,False,False,68450,1,True,True,True,True,
2021_REG_05_NO_WSH_20211010,2021,REG,5,2021-10-10,13:00,NO,New Orleans Saints,NO,WSH,Washington Commanders,WAS,Northwest Stadium,FedExField,Northwest Stadium,Northwest Stadium,home_team_primary_stadium,,United States,False,False,50137,1,True,True,True,True,
2021_REG_05_NYG_DAL_20211010,2021,REG,5,2021-10-10,16:25,NYG,New York Giants,NYG,DAL,Dallas Cowboys,DAL,AT&T Stadium,AT&T Stadium,AT&T Stadium,AT&T Stadium,home_team_primary_stadium,,United States,False,False,93476,1,True,True,True,True,
2021_REG_05_NYJ_ATL_20211010,2021,REG,5,2021-10-10,09:30,NYJ,New York Jets,NYJ,ATL,Atlanta Falcons,ATL,Tottenham Hotspur Stadium,Tottenham Stadium,Mercedes-Benz Stadium,Tottenham Hotspur Stadium,actual_game_venue,London,United Kingdom,True,True,60589,1,True,True,True,True,
2021_REG_05_PHI_CAR_20211010,2021,REG,5,2021-10-10,13:00,PHI,Philadelphia Eagles,PHI,CAR,Carolina Panthers,CAR,Bank of America Stadium,Bank of America Stadium,Bank of America Stadium,Bank of America Stadium,home_team_primary_stadium,,United States,False,False,72545,1,True,True,True,True,
2021_REG_05_SF_ARI_20211010,2021,REG,5,2021-10-10,16:25,SF,San Francisco 49ers,SF,ARI,Arizona Cardinals,ARI,State Farm Stadium,State Farm Stadium,State Farm Stadium,State Farm Stadium,home_team_primary_stadium,,United States,False,False,62716,1,True,True,True,True,
2021_REG_05_TEN_JAX_20211010,2021,REG,5,2021-10-10,13:00,TEN,Tennessee Titans,TEN,JAX,Jacksonville Jaguars,JAX,TIAA Bank Stadium,TIAA Bank Stadium,EverBank Stadium,TIAA Bank Stadium,actual_game_venue,,United States,True,False,58282,1,True,True,True,True,
2021_REG_05_IND_BAL_20211011,2021,REG,5,2021-10-11,20:15,IND,Indianapolis Colts,IND,BAL,Baltimore Ravens,BAL,M&T Bank Stadium,M&T Bank Stadium,M&T Bank Stadium,M&T Bank Stadium,home_team_primary_stadium,,United States,False,False,70510,1,True,True,True,True,
2021_REG_06_TB_PHI_20211014,2021,REG,6,2021-10-14,20:20,TB,Tampa Bay Buccaneers,TB,PHI,Philadelphia Eagles,PHI,Lincoln Financial Field,Lincoln Financial Field,Lincoln Financial Field,Lincoln Financial Field,home_team_primary_stadium,,United States,False,False,69796,1,True,True,True,True,
2021_REG_06_ARI_CLE_20211017,2021,REG,6,2021-10-17,16:05,ARI,Arizona Cardinals,ARI,CLE,Cleveland Browns,CLE,Huntington Bank Field,FirstEnergy Stadium,Huntington Bank Field,Huntington Bank Field,home_team_primary_stadium,,United States,False,False,67431,1,True,True,True,True,
2021_REG_06_CIN_DET_20211017,2021,REG,6,2021-10-17,13:00,CIN,Cincinnati Bengals,CIN,DET,Detroit Lions,DET,Ford Field,Ford Field,Ford Field,Ford Field,home_team_primary_stadium,,United States,False,False,50831,1,True,True,True,True,
2021_REG_06_DAL_NE_20211017,2021,REG,6,2021-10-17,16:25,DAL,Dallas Cowboys,DAL,NE,New England Patriots,NE,Gillette Stadium,Gillette Stadium,Gillette Stadium,Gillette Stadium,home_team_primary_stadium,,United States,False,False,65878,1,True,True,True,True,
2021_REG_06_GB_CHI_20211017,2021,REG,6,2021-10-17,13:00,GB,Green Bay Packers,GB,CHI,Chicago Bears,CHI,Soldier Field,Soldier Field,Soldier Field,Soldier Field,home_team_primary_stadium,,United States,False,False,62332,1,True,True,True,True,
2021_REG_06_HOU_IND_20211017,2021,REG,6,2021-10-17,13:00,HOU,Houston Texans,HOU,IND,Indianapolis Colts,IND,Lucas Oil Stadium,Lucas Oil Stadium,Lucas Oil Stadium,Lucas Oil Stadium,home_team_primary_stadium,,United States,False,False,57947,1,True,True,True,True,
2021_REG_06_KC_WSH_20211017,2021,REG,6,2021-10-17,13:00,KC,Kansas City Chiefs,KC,WSH,Washington Commanders,WAS,Northwest Stadium,FedExField,Northwest Stadium,Northwest Stadium,home_team_primary_stadium,,United States,False,False,51322,1,True,True,True,True,
2021_REG_06_LAC_BAL_20211017,2021,REG,6,2021-10-17,13:00,LAC,Los Angeles Chargers,LAC,BAL,Baltimore Ravens,BAL,M&T Bank Stadium,M&T Bank Stadium,M&T Bank Stadium,M&T Bank Stadium,home_team_primary_stadium,,United States,False,False,70704,1,True,True,True,True,
2021_REG_06_LAR_NYG_20211017,2021,REG,6,2021-10-17,13:00,LAR,Los Angeles Rams,LA,NYG,New York Giants,NYG,MetLife Stadium,MetLife Stadium,MetLife Stadium,MetLife Stadium,home_team_primary_stadium,,United States,False,False,73920,1,True,True,True,True,
2021_REG_06_LV_DEN_20211017,2021,REG,6,2021-10-17,16:25,LV,Las Vegas Raiders,LV,DEN,Denver Broncos,DEN,Empower Field at Mile High,Empower Field at Mile High,Empower Field at Mile High,Empower Field at Mile High,home_team_primary_stadium,,United States,False,False,76854,1,True,True,True,True,
2021_REG_06_MIA_JAX_20211017,2021,REG,6,2021-10-17,09:30,MIA,Miami Dolphins,MIA,JAX,Jacksonville Jaguars,JAX,Tottenham Hotspur Stadium,Tottenham Stadium,EverBank Stadium,Tottenham Hotspur Stadium,actual_game_venue,London,United Kingdom,True,True,60784,1,True,True,True,True,
2021_REG_06_MIN_CAR_20211017,2021,REG,6,2021-10-17,13:00,MIN,Minnesota Vikings,MIN,CAR,Carolina Panthers,CAR,Bank of America Stadium,Bank of America Stadium,Bank of America Stadium,Bank of America Stadium,home_team_primary_stadium,,United States,False,False,72104,1,True,True,True,True,
2021_REG_06_SEA_PIT_20211017,2021,REG,6,2021-10-17,20:20,SEA,Seattle Seahawks,SEA,PIT,Pittsburgh Steelers,PIT,Acrisure Stadium,Heinz Field,Acrisure Stadium,Acrisure Stadium,home_team_primary_stadium,,United States,False,False,60821,1,True,True,True,True,
2021_REG_06_BUF_TEN_20211018,2021,REG,6,2021-10-18,20:15,BUF,Buffalo Bills,BUF,TEN,Tennessee Titans,TEN,Nissan Stadium,Nissan Stadium,Nissan Stadium,Nissan Stadium,home_team_primary_stadium,,United States,False,False,69419,1,True,True,True,True,
2021_REG_07_DEN_CLE_20211021,2021,REG,7,2021-10-21,20:20,DEN,Denver Broncos,DEN,CLE,Cleveland Browns,CLE,Huntington Bank Field,FirstEnergy Stadium,Huntington Bank Field,Huntington Bank Field,home_team_primary_stadium,,United States,False,False,67431,1,True,True,True,True,
2021_REG_07_ATL_MIA_20211024,2021,REG,7,2021-10-24,13:00,ATL,Atlanta Falcons,ATL,MIA,Miami Dolphins,MIA,Hard Rock Stadium,Hard Rock Stadium,Hard Rock Stadium,Hard Rock Stadium,home_team_primary_stadium,,United States,False,False,62739,1,True,True,True,True,
2021_REG_07_CAR_NYG_20211024,2021,REG,7,2021-10-24,13:00,CAR,Carolina Panthers,CAR,NYG,New York Giants,NYG,MetLife Stadium,MetLife Stadium,MetLife Stadium,MetLife Stadium,home_team_primary_stadium,,United States,False,False,71889,1,True,True,True,True,
2021_REG_07_CHI_TB_20211024,2021,REG,7,2021-10-24,16:25,CHI,Chicago Bears,CHI,TB,Tampa Bay Buccaneers,TB,Raymond James Stadium,Raymond James Stadium,Raymond James Stadium,Raymond James Stadium,home_team_primary_stadium,,United States,False,False,65635,1,True,True,True,True,
2021_REG_07_CIN_BAL_20211024,2021,REG,7,2021-10-24,13:00,CIN,Cincinnati Bengals,CIN,BAL,Baltimore Ravens,BAL,M&T Bank Stadium,M&T Bank Stadium,M&T Bank Stadium,M&T Bank Stadium,home_team_primary_stadium,,United States,False,False,70659,1,True,True,True,True,
2021_REG_07_DET_LAR_20211024,2021,REG,7,2021-10-24,16:05,DET,Detroit Lions,DET,LAR,Los Angeles Rams,LA,SoFi Stadium,SoFi Stadium,SoFi Stadium,SoFi Stadium,home_team_primary_stadium,,United States,False,False,70540,1,True,True,True,True,
2021_REG_07_HOU_ARI_20211024,2021,REG,7,2021-10-24,16:25,HOU,Houston Texans,HOU,ARI,Arizona Cardinals,ARI,State Farm Stadium,State Farm Stadium,State Farm Stadium,State Farm Stadium,home_team_primary_stadium,,United States,False,False,60297,1,True,True,True,True,
2021_REG_07_IND_SF_20211024,2021,REG,7,2021-10-24,20:20,IND,Indianapolis Colts,IND,SF,San Francisco 49ers,SF,Levi's Stadium,Levi's Stadium,Levi's Stadium,Levi's Stadium,home_team_primary_stadium,,United States,False,False,56576,1,True,True,True,True,
2021_REG_07_KC_TEN_20211024,2021,REG,7,2021-10-24,13:00,KC,Kansas City Chiefs,KC,TEN,Tennessee Titans,TEN,Nissan Stadium,Nissan Stadium,Nissan Stadium,Nissan Stadium,home_team_primary_stadium,,United States,False,False,69484,1,True,True,True,True,
2021_REG_07_NYJ_NE_20211024,2021,REG,7,2021-10-24,13:00,NYJ,New York Jets,NYJ,NE,New England Patriots,NE,Gillette Stadium,Gillette Stadium,Gillette Stadium,Gillette Stadium,home_team_primary_stadium,,United States,False,False,65878,1,True,True,True,True,
2021_REG_07_PHI_LV_20211024,2021,REG,7,2021-10-24,16:05,PHI,Philadelphia Eagles,PHI,LV,Las Vegas Raiders,LV,Allegiant Stadium,Allegiant Stadium,Allegiant Stadium,Allegiant Stadium,home_team_primary_stadium,,United States,False,False,62000,1,True,True,True,True,
2021_REG_07_WSH_GB_20211024,2021,REG,7,2021-10-24,13:00,WSH,Washington Commanders,WAS,GB,Green Bay Packers,GB,Lambeau Field,Lambeau Field,Lambeau Field,Lambeau Field,home_team_primary_stadium,,United States,False,False,78219,1,True,True,True,True,
2021_REG_07_NO_SEA_20211025,2021,REG,7,2021-10-25,20:15,NO,New Orleans Saints,NO,SEA,Seattle Seahawks,SEA,Lumen Field,Lumen Field,Lumen Field,Lumen Field,home_team_primary_stadium,,United States,False,False,68563,1,True,True,True,True,
2021_REG_08_GB_ARI_20211028,2021,REG,8,2021-10-28,20:20,GB,Green Bay Packers,GB,ARI,Arizona Cardinals,ARI,State Farm Stadium,State Farm Stadium,State Farm Stadium,State Farm Stadium,home_team_primary_stadium,,United States,False,False,63696,1,True,True,True,True,
2021_REG_08_CAR_ATL_20211031,2021,REG,8,2021-10-31,13:00,CAR,Carolina Panthers,CAR,ATL,Atlanta Falcons,ATL,Mercedes-Benz Stadium,Mercedes-Benz Stadium,Mercedes-Benz Stadium,Mercedes-Benz Stadium,home_team_primary_stadium,,United States,False,False,68583,1,True,True,True,True,
2021_REG_08_CIN_NYJ_20211031,2021,REG,8,2021-10-31,13:00,CIN,Cincinnati Bengals,CIN,NYJ,New York Jets,NYJ,MetLife Stadium,MetLife Stadium,MetLife Stadium,MetLife Stadium,home_team_primary_stadium,,United States,False,False,67503,1,True,True,True,True,
2021_REG_08_DAL_MIN_20211031,2021,REG,8,2021-10-31,20:20,DAL,Dallas Cowboys,DAL,MIN,Minnesota Vikings,MIN,U.S. Bank Stadium,U.S. Bank Stadium,U.S. Bank Stadium,U.S. Bank Stadium,home_team_primary_stadium,,United States,False,False,66633,1,True,True,True,True,
2021_REG_08_JAX_SEA_20211031,2021,REG,8,2021-10-31,16:05,JAX,Jacksonville Jaguars,JAX,SEA,Seattle Seahawks,SEA,Lumen Field,Lumen Field,Lumen Field,Lumen Field,home_team_primary_stadium,,United States,False,False,67243,1,True,True,True,True,
2021_REG_08_LAR_HOU_20211031,2021,REG,8,2021-10-31,13:00,LAR,Los Angeles Rams,LA,HOU,Houston Texans,HOU,NRG Stadium,NRG Stadium,NRG Stadium,NRG Stadium,home_team_primary_stadium,,United States,False,False,66013,1,True,True,True,True,
2021_REG_08_MIA_BUF_20211031,2021,REG,8,2021-10-31,13:00,MIA,Miami Dolphins,MIA,BUF,Buffalo Bills,BUF,Highmark Stadium,New Era Field,Highmark Stadium,Highmark Stadium,home_team_primary_stadium,,United States,False,False,69355,1,True,True,True,True,
2021_REG_08_NE_LAC_20211031,2021,REG,8,2021-10-31,16:05,NE,New England Patriots,NE,LAC,Los Angeles Chargers,LAC,SoFi Stadium,SoFi Stadium,SoFi Stadium,SoFi Stadium,home_team_primary_stadium,,United States,False,False,70240,1,True,True,True,True,
2021_REG_08_PHI_DET_20211031,2021,REG,8,2021-10-31,13:00,PHI,Philadelphia Eagles,PHI,DET,Detroit Lions,DET,Ford Field,Ford Field,Ford Field,Ford Field,home_team_primary_stadium,,United States,False,False,47192,1,True,True,True,True,
2021_REG_08_PIT_CLE_20211031,2021,REG,8,2021-10-31,13:00,PIT,Pittsburgh Steelers,PIT,CLE,Cleveland Browns,CLE,Huntington Bank Field,FirstEnergy Stadium,Huntington Bank Field,Huntington Bank Field,home_team_primary_stadium,,United States,False,False,67431,1,True,True,True,True,
2021_REG_08_SF_CHI_20211031,2021,REG,8,2021-10-31,13:00,SF,San Francisco 49ers,SF,CHI,Chicago Bears,CHI,Soldier Field,Soldier Field,Soldier Field,Soldier Field,home_team_primary_stadium,,United States,False,False,60877,1,True,True,True,True,
2021_REG_08_TB_NO_20211031,2021,REG,8,2021-10-31,16:25,TB,Tampa Bay Buccaneers,TB,NO,New Orleans Saints,NO,Caesars Superdome,Mercedes-Benz Superdome,Caesars Superdome,Caesars Superdome,home_team_primary_stadium,,United States,False,False,69170,1,True,True,True,True,
2021_REG_08_TEN_IND_20211031,2021,REG,8,2021-10-31,13:00,TEN,Tennessee Titans,TEN,IND,Indianapolis Colts,IND,Lucas Oil Stadium,Lucas Oil Stadium,Lucas Oil Stadium,Lucas Oil Stadium,home_team_primary_stadium,,United States,False,False,59175,1,True,True,True,True,
2021_REG_08_WSH_DEN_20211031,2021,REG,8,2021-10-31,16:25,WSH,Washington Commanders,WAS,DEN,Denver Broncos,DEN,Empower Field at Mile High,Empower Field at Mile High,Empower Field at Mile High,Empower Field at Mile High,home_team_primary_stadium,,United States,False,False,75973,1,True,True,True,True,
2021_REG_08_NYG_KC_20211101,2021,REG,8,2021-11-01,20:15,NYG,New York Giants,NYG,KC,Kansas City Chiefs,KC,Arrowhead Stadium,GEHA Field at Arrowhead Stadium,Arrowhead Stadium,Arrowhead Stadium,home_team_primary_stadium,,United States,False,False,72898,1,True,True,True,True,
2021_REG_09_NYJ_IND_20211104,2021,REG,9,2021-11-04,20:20,NYJ,New York Jets,NYJ,IND,Indianapolis Colts,IND,Lucas Oil Stadium,Lucas Oil Stadium,Lucas Oil Stadium,Lucas Oil Stadium,home_team_primary_stadium,,United States,False,False,59593,1,True,True,True,True,
2021_REG_09_ARI_SF_20211107,2021,REG,9,2021-11-07,16:25,ARI,Arizona Cardinals,ARI,SF,San Francisco 49ers,SF,Levi's Stadium,Levi's Stadium,Levi's Stadium,Levi's Stadium,home_team_primary_stadium,,United States,False,False,59012,1,True,True,True,True,
2021_REG_09_ATL_NO_20211107,2021,REG,9,2021-11-07,13:00,ATL,Atlanta Falcons,ATL,NO,New Orleans Saints,NO,Caesars Superdome,Mercedes-Benz Superdome,Caesars Superdome,Caesars Superdome,home_team_primary_stadium,,United States,False,False,69170,1,True,True,True,True,
2021_REG_09_BUF_JAX_20211107,2021,REG,9,2021-11-07,13:00,BUF,Buffalo Bills,BUF,JAX,Jacksonville Jaguars,JAX,TIAA Bank Stadium,TIAA Bank Stadium,EverBank Stadium,TIAA Bank Stadium,actual_game_venue,,United States,True,False,63110,1,True,True,True,True,
2021_REG_09_CLE_CIN_20211107,2021,REG,9,2021-11-07,13:00,CLE,Cleveland Browns,CLE,CIN,Cincinnati Bengals,CIN,Paycor Stadium,Paul Brown Stadium,Paycor Stadium,Paycor Stadium,home_team_primary_stadium,,United States,False,False,65451,1,True,True,True,True,
2021_REG_09_DEN_DAL_20211107,2021,REG,9,2021-11-07,13:00,DEN,Denver Broncos,DEN,DAL,Dallas Cowboys,DAL,AT&T Stadium,AT&T Stadium,AT&T Stadium,AT&T Stadium,home_team_primary_stadium,,United States,False,False,93503,1,True,True,True,True,
2021_REG_09_GB_KC_20211107,2021,REG,9,2021-11-07,16:25,GB,Green Bay Packers,GB,KC,Kansas City Chiefs,KC,Arrowhead Stadium,GEHA Field at Arrowhead Stadium,Arrowhead Stadium,Arrowhead Stadium,home_team_primary_stadium,,United States,False,False,73476,1,True,True,True,True,
2021_REG_09_HOU_MIA_20211107,2021,REG,9,2021-11-07,13:00,HOU,Houston Texans,HOU,MIA,Miami Dolphins,MIA,Hard Rock Stadium,Hard Rock Stadium,Hard Rock Stadium,Hard Rock Stadium,home_team_primary_stadium,,United States,False,False,60232,1,True,True,True,True,
2021_REG_09_LAC_PHI_20211107,2021,REG,9,2021-11-07,16:05,LAC,Los Angeles Chargers,LAC,PHI,Philadelphia Eagles,PHI,Lincoln Financial Field,Lincoln Financial Field,Lincoln Financial Field,Lincoln Financial Field,home_team_primary_stadium,,United States,False,False,69796,1,True,True,True,True,
2021_REG_09_LV_NYG_20211107,2021,REG,9,2021-11-07,13:00,LV,Las Vegas Raiders,LV,NYG,New York Giants,NYG,MetLife Stadium,MetLife Stadium,MetLife Stadium,MetLife Stadium,home_team_primary_stadium,,United States,False,False,74512,1,True,True,True,True,
2021_REG_09_MIN_BAL_20211107,2021,REG,9,2021-11-07,13:00,MIN,Minnesota Vikings,MIN,BAL,Baltimore Ravens,BAL,M&T Bank Stadium,M&T Bank Stadium,M&T Bank Stadium,M&T Bank Stadium,home_team_primary_stadium,,United States,False,False,70599,1,True,True,True,True,
2021_REG_09_NE_CAR_20211107,2021,REG,9,2021-11-07,13:00,NE,New England Patriots,NE,CAR,Carolina Panthers,CAR,Bank of America Stadium,Bank of America Stadium,Bank of America Stadium,Bank of America Stadium,home_team_primary_stadium,,United States,False,False,72203,1,True,True,True,True,
2021_REG_09_TEN_LAR_20211107,2021,REG,9,2021-11-07,20:20,TEN,Tennessee Titans,TEN,LAR,Los Angeles Rams,LA,SoFi Stadium,SoFi Stadium,SoFi Stadium,SoFi Stadium,home_team_primary_stadium,,United States,False,False,71785,1,True,True,True,True,
2021_REG_09_CHI_PIT_20211108,2021,REG,9,2021-11-08,20:15,CHI,Chicago Bears,CHI,PIT,Pittsburgh Steelers,PIT,Acrisure Stadium,Heinz Field,Acrisure Stadium,Acrisure Stadium,home_team_primary_stadium,,United States,False,False,60788,1,True,True,True,True,
2021_REG_10_BAL_MIA_20211111,2021,REG,10,2021-11-11,20:20,BAL,Baltimore Ravens,BAL,MIA,Miami Dolphins,MIA,Hard Rock Stadium,Hard Rock Stadium,Hard Rock Stadium,Hard Rock Stadium,home_team_primary_stadium,,United States,False,False,65948,1,True,True,True,True,
2021_REG_10_ATL_DAL_20211114,2021,REG,10,2021-11-14,13:00,ATL,Atlanta Falcons,ATL,DAL,Dallas Cowboys,DAL,AT&T Stadium,AT&T Stadium,AT&T Stadium,AT&T Stadium,home_team_primary_stadium,,United States,False,False,93436,1,True,True,True,True,
2021_REG_10_BUF_NYJ_20211114,2021,REG,10,2021-11-14,13:00,BUF,Buffalo Bills,BUF,NYJ,New York Jets,NYJ,MetLife Stadium,MetLife Stadium,MetLife Stadium,MetLife Stadium,home_team_primary_stadium,,United States,False,False,77625,1,True,True,True,True,
2021_REG_10_CAR_ARI_20211114,2021,REG,10,2021-11-14,16:05,CAR,Carolina Panthers,CAR,ARI,Arizona Cardinals,ARI,State Farm Stadium,State Farm Stadium,State Farm Stadium,State Farm Stadium,home_team_primary_stadium,,United States,False,False,62400,1,True,True,True,True,
2021_REG_10_CLE_NE_20211114,2021,REG,10,2021-11-14,13:00,CLE,Cleveland Browns,CLE,NE,New England Patriots,NE,Gillette Stadium,Gillette Stadium,Gillette Stadium,Gillette Stadium,home_team_primary_stadium,,United States,False,False,65878,1,True,True,True,True,
2021_REG_10_DET_PIT_20211114,2021,REG,10,2021-11-14,13:00,DET,Detroit Lions,DET,PIT,Pittsburgh Steelers,PIT,Acrisure Stadium,Heinz Field,Acrisure Stadium,Acrisure Stadium,home_team_primary_stadium,,United States,False,False,58716,1,True,True,True,True,
2021_REG_10_JAX_IND_20211114,2021,REG,10,2021-11-14,13:00,JAX,Jacksonville Jaguars,JAX,IND,Indianapolis Colts,IND,Lucas Oil Stadium,Lucas Oil Stadium,Lucas Oil Stadium,Lucas Oil Stadium,home_team_primary_stadium,,United States,False,False,60622,1,True,True,True,True,
2021_REG_10_KC_LV_20211114,2021,REG,10,2021-11-14,20:20,KC,Kansas City Chiefs,KC,LV,Las Vegas Raiders,LV,Allegiant Stadium,Allegiant Stadium,Allegiant Stadium,Allegiant Stadium,home_team_primary_stadium,,United States,False,False,62125,1,True,True,True,True,
2021_REG_10_MIN_LAC_20211114,2021,REG,10,2021-11-14,16:05,MIN,Minnesota Vikings,MIN,LAC,Los Angeles Chargers,LAC,SoFi Stadium,SoFi Stadium,SoFi Stadium,SoFi Stadium,home_team_primary_stadium,,United States,False,False,70240,1,True,True,True,True,
2021_REG_10_NO_TEN_20211114,2021,REG,10,2021-11-14,13:00,NO,New Orleans Saints,NO,TEN,Tennessee Titans,TEN,Nissan Stadium,Nissan Stadium,Nissan Stadium,Nissan Stadium,home_team_primary_stadium,,United States,False,False,69414,1,True,True,True,True,
2021_REG_10_PHI_DEN_20211114,2021,REG,10,2021-11-14,16:25,PHI,Philadelphia Eagles,PHI,DEN,Denver Broncos,DEN,Empower Field at Mile High,Empower Field at Mile High,Empower Field at Mile High,Empower Field at Mile High,home_team_primary_stadium,,United States,False,False,76766,1,True,True,True,True,
2021_REG_10_SEA_GB_20211114,2021,REG,10,2021-11-14,16:25,SEA,Seattle Seahawks,SEA,GB,Green Bay Packers,GB,Lambeau Field,Lambeau Field,Lambeau Field,Lambeau Field,home_team_primary_stadium,,United States,False,False,78235,1,True,True,True,True,
2021_REG_10_TB_WSH_20211114,2021,REG,10,2021-11-14,13:00,TB,Tampa Bay Buccaneers,TB,WSH,Washington Commanders,WAS,Northwest Stadium,FedExField,Northwest Stadium,Northwest Stadium,home_team_primary_stadium,,United States,False,False,52128,1,True,True,True,True,
2021_REG_10_LAR_SF_20211115,2021,REG,10,2021-11-15,20:15,LAR,Los Angeles Rams,LA,SF,San Francisco 49ers,SF,Levi's Stadium,Levi's Stadium,Levi's Stadium,Levi's Stadium,home_team_primary_stadium,,United States,False,False,64256,1,True,True,True,True,
2021_REG_11_NE_ATL_20211118,2021,REG,11,2021-11-18,20:20,NE,New England Patriots,NE,ATL,Atlanta Falcons,ATL,Mercedes-Benz Stadium,Mercedes-Benz Stadium,Mercedes-Benz Stadium,Mercedes-Benz Stadium,home_team_primary_stadium,,United States,False,False,68286,1,True,True,True,True,
2021_REG_11_ARI_SEA_20211121,2021,REG,11,2021-11-21,16:25,ARI,Arizona Cardinals,ARI,SEA,Seattle Seahawks,SEA,Lumen Field,Lumen Field,Lumen Field,Lumen Field,home_team_primary_stadium,,United States,False,False,68833,1,True,True,True,True,
2021_REG_11_BAL_CHI_20211121,2021,REG,11,2021-11-21,13:00,BAL,Baltimore Ravens,BAL,CHI,Chicago Bears,CHI,Soldier Field,Soldier Field,Soldier Field,Soldier Field,home_team_primary_stadium,,United States,False,False,60679,1,True,True,True,True,
2021_REG_11_CIN_LV_20211121,2021,REG,11,2021-11-21,16:05,CIN,Cincinnati Bengals,CIN,LV,Las Vegas Raiders,LV,Allegiant Stadium,Allegiant Stadium,Allegiant Stadium,Allegiant Stadium,home_team_primary_stadium,,United States,False,False,61712,1,True,True,True,True,
2021_REG_11_DAL_KC_20211121,2021,REG,11,2021-11-21,16:25,DAL,Dallas Cowboys,DAL,KC,Kansas City Chiefs,KC,Arrowhead Stadium,GEHA Field at Arrowhead Stadium,Arrowhead Stadium,Arrowhead Stadium,home_team_primary_stadium,,United States,False,False,73494,1,True,True,True,True,
2021_REG_11_DET_CLE_20211121,2021,REG,11,2021-11-21,13:00,DET,Detroit Lions,DET,CLE,Cleveland Browns,CLE,Huntington Bank Field,FirstEnergy Stadium,Huntington Bank Field,Huntington Bank Field,home_team_primary_stadium,,United States,False,False,67431,1,True,True,True,True,
2021_REG_11_GB_MIN_20211121,2021,REG,11,2021-11-21,13:00,GB,Green Bay Packers,GB,MIN,Minnesota Vikings,MIN,U.S. Bank Stadium,U.S. Bank Stadium,U.S. Bank Stadium,U.S. Bank Stadium,home_team_primary_stadium,,United States,False,False,66959,1,True,True,True,True,
2021_REG_11_HOU_TEN_20211121,2021,REG,11,2021-11-21,13:00,HOU,Houston Texans,HOU,TEN,Tennessee Titans,TEN,Nissan Stadium,Nissan Stadium,Nissan Stadium,Nissan Stadium,home_team_primary_stadium,,United States,False,False,67395,1,True,True,True,True,
2021_REG_11_IND_BUF_20211121,2021,REG,11,2021-11-21,13:00,IND,Indianapolis Colts,IND,BUF,Buffalo Bills,BUF,Highmark Stadium,New Era Field,Highmark Stadium,Highmark Stadium,home_team_primary_stadium,,United States,False,False,69866,1,True,True,True,True,
2021_REG_11_MIA_NYJ_20211121,2021,REG,11,2021-11-21,13:00,MIA,Miami Dolphins,MIA,NYJ,New York Jets,NYJ,MetLife Stadium,MetLife Stadium,MetLife Stadium,MetLife Stadium,home_team_primary_stadium,,United States,False,False,72303,1,True,True,True,True,
2021_REG_11_NO_PHI_20211121,2021,REG,11,2021-11-21,13:00,NO,New Orleans Saints,NO,PHI,Philadelphia Eagles,PHI,Lincoln Financial Field,Lincoln Financial Field,Lincoln Financial Field,Lincoln Financial Field,home_team_primary_stadium,,United States,False,False,69796,1,True,True,True,True,
2021_REG_11_PIT_LAC_20211121,2021,REG,11,2021-11-21,20:20,PIT,Pittsburgh Steelers,PIT,LAC,Los Angeles Chargers,LAC,SoFi Stadium,SoFi Stadium,SoFi Stadium,SoFi Stadium,home_team_primary_stadium,,United States,False,False,70240,1,True,True,True,True,
2021_REG_11_SF_JAX_20211121,2021,REG,11,2021-11-21,13:00,SF,San Francisco 49ers,SF,JAX,Jacksonville Jaguars,JAX,TIAA Bank Stadium,TIAA Bank Stadium,EverBank Stadium,TIAA Bank Stadium,actual_game_venue,,United States,True,False,60268,1,True,True,True,True,
2021_REG_11_WSH_CAR_20211121,2021,REG,11,2021-11-21,13:00,WSH,Washington Commanders,WAS,CAR,Carolina Panthers,CAR,Bank of America Stadium,Bank of America Stadium,Bank of America Stadium,Bank of America Stadium,home_team_primary_stadium,,United States,False,False,73350,1,True,True,True,True,
2021_REG_11_NYG_TB_20211122,2021,REG,11,2021-11-22,20:15,NYG,New York Giants,NYG,TB,Tampa Bay Buccaneers,TB,Raymond James Stadium,Raymond James Stadium,Raymond James Stadium,Raymond James Stadium,home_team_primary_stadium,,United States,False,False,65643,1,True,True,True,True,
2021_REG_12_BUF_NO_20211125,2021,REG,12,2021-11-25,20:20,BUF,Buffalo Bills,BUF,NO,New Orleans Saints,NO,Caesars Superdome,Mercedes-Benz Superdome,Caesars Superdome,Caesars Superdome,home_team_primary_stadium,,United States,False,False,69170,1,True,True,True,True,
2021_REG_12_CHI_DET_20211125,2021,REG,12,2021-11-25,12:30,CHI,Chicago Bears,CHI,DET,Detroit Lions,DET,Ford Field,Ford Field,Ford Field,Ford Field,home_team_primary_stadium,,United States,False,False,56355,1,True,True,True,True,
2021_REG_12_LV_DAL_20211125,2021,REG,12,2021-11-25,16:30,LV,Las Vegas Raiders,LV,DAL,Dallas Cowboys,DAL,AT&T Stadium,AT&T Stadium,AT&T Stadium,AT&T Stadium,home_team_primary_stadium,,United States,False,False,93483,1,True,True,True,True,
2021_REG_12_ATL_JAX_20211128,2021,REG,12,2021-11-28,13:00,ATL,Atlanta Falcons,ATL,JAX,Jacksonville Jaguars,JAX,TIAA Bank Stadium,TIAA Bank Stadium,EverBank Stadium,TIAA Bank Stadium,actual_game_venue,,United States,True,False,60031,1,True,True,True,True,
2021_REG_12_CAR_MIA_20211128,2021,REG,12,2021-11-28,13:00,CAR,Carolina Panthers,CAR,MIA,Miami Dolphins,MIA,Hard Rock Stadium,Hard Rock Stadium,Hard Rock Stadium,Hard Rock Stadium,home_team_primary_stadium,,United States,False,False,62389,1,True,True,True,True,
2021_REG_12_CLE_BAL_20211128,2021,REG,12,2021-11-28,20:20,CLE,Cleveland Browns,CLE,BAL,Baltimore Ravens,BAL,M&T Bank Stadium,M&T Bank Stadium,M&T Bank Stadium,M&T Bank Stadium,home_team_primary_stadium,,United States,False,False,70355,1,True,True,True,True,
2021_REG_12_LAC_DEN_20211128,2021,REG,12,2021-11-28,16:05,LAC,Los Angeles Chargers,LAC,DEN,Denver Broncos,DEN,Empower Field at Mile High,Empower Field at Mile High,Empower Field at Mile High,Empower Field at Mile High,home_team_primary_stadium,,United States,False,False,75807,1,True,True,True,True,
2021_REG_12_LAR_GB_20211128,2021,REG,12,2021-11-28,16:25,LAR,Los Angeles Rams,LA,GB,Green Bay Packers,GB,Lambeau Field,Lambeau Field,Lambeau Field,Lambeau Field,home_team_primary_stadium,,United States,False,False,77948,1,True,True,True,True,
2021_REG_12_MIN_SF_20211128,2021,REG,12,2021-11-28,16:25,MIN,Minnesota Vikings,MIN,SF,San Francisco 49ers,SF,Levi's Stadium,Levi's Stadium,Levi's Stadium,Levi's Stadium,home_team_primary_stadium,,United States,False,False,71493,1,True,True,True,True,
2021_REG_12_NYJ_HOU_20211128,2021,REG,12,2021-11-28,13:00,NYJ,New York Jets,NYJ,HOU,Houston Texans,HOU,NRG Stadium,NRG Stadium,NRG Stadium,NRG Stadium,home_team_primary_stadium,,United States,False,False,65120,1,True,True,True,True,
2021_REG_12_PHI_NYG_20211128,2021,REG,12,2021-11-28,13:00,PHI,Philadelphia Eagles,PHI,NYG,New York Giants,NYG,MetLife Stadium,MetLife Stadium,MetLife Stadium,MetLife Stadium,home_team_primary_stadium,,United States,False,False,73969,1,True,True,True,True,
2021_REG_12_PIT_CIN_20211128,2021,REG,12,2021-11-28,13:00,PIT,Pittsburgh Steelers,PIT,CIN,Cincinnati Bengals,CIN,Paycor Stadium,Paul Brown Stadium,Paycor Stadium,Paycor Stadium,home_team_primary_stadium,,United States,False,False,63238,1,True,True,True,True,
2021_REG_12_TB_IND_20211128,2021,REG,12,2021-11-28,13:00,TB,Tampa Bay Buccaneers,TB,IND,Indianapolis Colts,IND,Lucas Oil Stadium,Lucas Oil Stadium,Lucas Oil Stadium,Lucas Oil Stadium,home_team_primary_stadium,,United States,False,False,66140,1,True,True,True,True,
2021_REG_12_TEN_NE_20211128,2021,REG,12,2021-11-28,13:00,TEN,Tennessee Titans,TEN,NE,New England Patriots,NE,Gillette Stadium,Gillette Stadium,Gillette Stadium,Gillette Stadium,home_team_primary_stadium,,United States,False,False,65878,1,True,True,True,True,
2021_REG_12_SEA_WSH_20211129,2021,REG,12,2021-11-29,20:15,SEA,Seattle Seahawks,SEA,WSH,Washington Commanders,WAS,Northwest Stadium,FedExField,Northwest Stadium,Northwest Stadium,home_team_primary_stadium,,United States,False,False,52680,1,True,True,True,True,
2021_REG_13_DAL_NO_20211202,2021,REG,13,2021-12-02,20:20,DAL,Dallas Cowboys,DAL,NO,New Orleans Saints,NO,Caesars Superdome,Mercedes-Benz Superdome,Caesars Superdome,Caesars Superdome,home_team_primary_stadium,,United States,False,False,69170,1,True,True,True,True,
2021_REG_13_ARI_CHI_20211205,2021,REG,13,2021-12-05,13:00,ARI,Arizona Cardinals,ARI,CHI,Chicago Bears,CHI,Soldier Field,Soldier Field,Soldier Field,Soldier Field,home_team_primary_stadium,,United States,False,False,60803,1,True,True,True,True,
2021_REG_13_BAL_PIT_20211205,2021,REG,13,2021-12-05,16:25,BAL,Baltimore Ravens,BAL,PIT,Pittsburgh Steelers,PIT,Acrisure Stadium,Heinz Field,Acrisure Stadium,Acrisure Stadium,home_team_primary_stadium,,United States,False,False,59303,1,True,True,True,True,
2021_REG_13_DEN_KC_20211205,2021,REG,13,2021-12-05,20:20,DEN,Denver Broncos,DEN,KC,Kansas City Chiefs,KC,Arrowhead Stadium,GEHA Field at Arrowhead Stadium,Arrowhead Stadium,Arrowhead Stadium,home_team_primary_stadium,,United States,False,False,73185,1,True,True,True,True,
2021_REG_13_IND_HOU_20211205,2021,REG,13,2021-12-05,13:00,IND,Indianapolis Colts,IND,HOU,Houston Texans,HOU,NRG Stadium,NRG Stadium,NRG Stadium,NRG Stadium,home_team_primary_stadium,,United States,False,False,65291,1,True,True,True,True,
2021_REG_13_JAX_LAR_20211205,2021,REG,13,2021-12-05,16:05,JAX,Jacksonville Jaguars,JAX,LAR,Los Angeles Rams,LA,SoFi Stadium,SoFi Stadium,SoFi Stadium,SoFi Stadium,home_team_primary_stadium,,United States,False,False,70801,1,True,True,True,True,
2021_REG_13_LAC_CIN_20211205,2021,REG,13,2021-12-05,13:00,LAC,Los Angeles Chargers,LAC,CIN,Cincinnati Bengals,CIN,Paycor Stadium,Paul Brown Stadium,Paycor Stadium,Paycor Stadium,home_team_primary_stadium,,United States,False,False,51414,1,True,True,True,True,
2021_REG_13_MIN_DET_20211205,2021,REG,13,2021-12-05,13:00,MIN,Minnesota Vikings,MIN,DET,Detroit Lions,DET,Ford Field,Ford Field,Ford Field,Ford Field,home_team_primary_stadium,,United States,False,False,45691,1,True,True,True,True,
2021_REG_13_NYG_MIA_20211205,2021,REG,13,2021-12-05,13:00,NYG,New York Giants,NYG,MIA,Miami Dolphins,MIA,Hard Rock Stadium,Hard Rock Stadium,Hard Rock Stadium,Hard Rock Stadium,home_team_primary_stadium,,United States,False,False,65898,1,True,True,True,True,
2021_REG_13_PHI_NYJ_20211205,2021,REG,13,2021-12-05,13:00,PHI,Philadelphia Eagles,PHI,NYJ,New York Jets,NYJ,MetLife Stadium,MetLife Stadium,MetLife Stadium,MetLife Stadium,home_team_primary_stadium,,United States,False,False,73311,1,True,True,True,True,
2021_REG_13_SF_SEA_20211205,2021,REG,13,2021-12-05,16:25,SF,San Francisco 49ers,SF,SEA,Seattle Seahawks,SEA,Lumen Field,Lumen Field,Lumen Field,Lumen Field,home_team_primary_stadium,,United States,False,False,68758,1,True,True,True,True,
2021_REG_13_TB_ATL_20211205,2021,REG,13,2021-12-05,13:00,TB,Tampa Bay Buccaneers,TB,ATL,Atlanta Falcons,ATL,Mercedes-Benz Stadium,Mercedes-Benz Stadium,Mercedes-Benz Stadium,Mercedes-Benz Stadium,home_team_primary_stadium,,United States,False,False,69366,1,True,True,True,True,
2021_REG_13_WSH_LV_20211205,2021,REG,13,2021-12-05,16:05,WSH,Washington Commanders,WAS,LV,Las Vegas Raiders,LV,Allegiant Stadium,Allegiant Stadium,Allegiant Stadium,Allegiant Stadium,home_team_primary_stadium,,United States,False,False,61607,1,True,True,True,True,
2021_REG_13_NE_BUF_20211206,2021,REG,13,2021-12-06,20:15,NE,New England Patriots,NE,BUF,Buffalo Bills,BUF,Highmark Stadium,New Era Field,Highmark Stadium,Highmark Stadium,home_team_primary_stadium,,United States,False,False,69694,1,True,True,True,True,
2021_REG_14_PIT_MIN_20211209,2021,REG,14,2021-12-09,20:20,PIT,Pittsburgh Steelers,PIT,MIN,Minnesota Vikings,MIN,U.S. Bank Stadium,U.S. Bank Stadium,U.S. Bank Stadium,U.S. Bank Stadium,home_team_primary_stadium,,United States,False,False,66718,1,True,True,True,True,
2021_REG_14_ATL_CAR_20211212,2021,REG,14,2021-12-12,13:00,ATL,Atlanta Falcons,ATL,CAR,Carolina Panthers,CAR,Bank of America Stadium,Bank of America Stadium,Bank of America Stadium,Bank of America Stadium,home_team_primary_stadium,,United States,False,False,72243,1,True,True,True,True,
2021_REG_14_BAL_CLE_20211212,2021,REG,14,2021-12-12,13:00,BAL,Baltimore Ravens,BAL,CLE,Cleveland Browns,CLE,Huntington Bank Field,FirstEnergy Stadium,Huntington Bank Field,Huntington Bank Field,home_team_primary_stadium,,United States,False,False,67431,1,True,True,True,True,
2021_REG_14_BUF_TB_20211212,2021,REG,14,2021-12-12,16:25,BUF,Buffalo Bills,BUF,TB,Tampa Bay Buccaneers,TB,Raymond James Stadium,Raymond James Stadium,Raymond James Stadium,Raymond James Stadium,home_team_primary_stadium,,United States,False,False,,,True,True,False,False,home_team_not_found_for_season_week
2021_REG_14_CHI_GB_20211212,2021,REG,14,2021-12-12,20:20,CHI,Chicago Bears,CHI,GB,Green Bay Packers,GB,Lambeau Field,Lambeau Field,Lambeau Field,Lambeau Field,home_team_primary_stadium,,United States,False,False,78273,1,True,True,True,True,
2021_REG_14_DAL_WSH_20211212,2021,REG,14,2021-12-12,13:00,DAL,Dallas Cowboys,DAL,WSH,Washington Commanders,WAS,Northwest Stadium,FedExField,Northwest Stadium,Northwest Stadium,home_team_primary_stadium,,United States,False,False,61308,1,True,True,True,True,
2021_REG_14_DET_DEN_20211212,2021,REG,14,2021-12-12,16:05,DET,Detroit Lions,DET,DEN,Denver Broncos,DEN,Empower Field at Mile High,Empower Field at Mile High,Empower Field at Mile High,Empower Field at Mile High,home_team_primary_stadium,,United States,False,False,76211,1,True,True,True,True,
2021_REG_14_JAX_TEN_20211212,2021,REG,14,2021-12-12,13:00,JAX,Jacksonville Jaguars,JAX,TEN,Tennessee Titans,TEN,Nissan Stadium,Nissan Stadium,Nissan Stadium,Nissan Stadium,home_team_primary_stadium,,United States,False,False,67808,1,True,True,True,True,
2021_REG_14_LV_KC_20211212,2021,REG,14,2021-12-12,13:00,LV,Las Vegas Raiders,LV,KC,Kansas City Chiefs,KC,Arrowhead Stadium,GEHA Field at Arrowhead Stadium,Arrowhead Stadium,Arrowhead Stadium,home_team_primary_stadium,,United States,False,False,73278,1,True,True,True,True,
2021_REG_14_NO_NYJ_20211212,2021,REG,14,2021-12-12,13:00,NO,New Orleans Saints,NO,NYJ,New York Jets,NYJ,MetLife Stadium,MetLife Stadium,MetLife Stadium,MetLife Stadium,home_team_primary_stadium,,United States,False,False,69129,1,True,True,True,True,
2021_REG_14_NYG_LAC_20211212,2021,REG,14,2021-12-12,16:05,NYG,New York Giants,NYG,LAC,Los Angeles Chargers,LAC,SoFi Stadium,SoFi Stadium,SoFi Stadium,SoFi Stadium,home_team_primary_stadium,,United States,False,False,70240,1,True,True,True,True,
2021_REG_14_SEA_HOU_20211212,2021,REG,14,2021-12-12,13:00,SEA,Seattle Seahawks,SEA,HOU,Houston Texans,HOU,NRG Stadium,NRG Stadium,NRG Stadium,NRG Stadium,home_team_primary_stadium,,United States,False,False,67610,1,True,True,True,True,
2021_REG_14_SF_CIN_20211212,2021,REG,14,2021-12-12,16:25,SF,San Francisco 49ers,SF,CIN,Cincinnati Bengals,CIN,Paycor Stadium,Paul Brown Stadium,Paycor Stadium,Paycor Stadium,home_team_primary_stadium,,United States,False,False,50481,1,True,True,True,True,
2021_REG_14_LAR_ARI_20211213,2021,REG,14,2021-12-13,20:15,LAR,Los Angeles Rams,LA,ARI,Arizona Cardinals,ARI,State Farm Stadium,State Farm Stadium,State Farm Stadium,State Farm Stadium,home_team_primary_stadium,,United States,False,False,63999,1,True,True,True,True,
2021_REG_15_KC_LAC_20211216,2021,REG,15,2021-12-16,20:20,KC,Kansas City Chiefs,KC,LAC,Los Angeles Chargers,LAC,SoFi Stadium,SoFi Stadium,SoFi Stadium,SoFi Stadium,home_team_primary_stadium,,United States,False,False,70240,1,True,True,True,True,
2021_REG_15_NE_IND_20211218,2021,REG,15,2021-12-18,20:20,NE,New England Patriots,NE,IND,Indianapolis Colts,IND,Lucas Oil Stadium,Lucas Oil Stadium,Lucas Oil Stadium,Lucas Oil Stadium,home_team_primary_stadium,,United States,False,False,66391,1,True,True,True,True,
2021_REG_15_ARI_DET_20211219,2021,REG,15,2021-12-19,13:00,ARI,Arizona Cardinals,ARI,DET,Detroit Lions,DET,Ford Field,Ford Field,Ford Field,Ford Field,home_team_primary_stadium,,United States,False,False,45211,1,True,True,True,True,
2021_REG_15_ATL_SF_20211219,2021,REG,15,2021-12-19,16:05,ATL,Atlanta Falcons,ATL,SF,San Francisco 49ers,SF,Levi's Stadium,Levi's Stadium,Levi's Stadium,Levi's Stadium,home_team_primary_stadium,,United States,False,False,71650,1,True,True,True,True,
2021_REG_15_CAR_BUF_20211219,2021,REG,15,2021-12-19,13:00,CAR,Carolina Panthers,CAR,BUF,Buffalo Bills,BUF,Highmark Stadium,New Era Field,Highmark Stadium,Highmark Stadium,home_team_primary_stadium,,United States,False,False,65398,1,True,True,True,True,
2021_REG_15_CIN_DEN_20211219,2021,REG,15,2021-12-19,16:05,CIN,Cincinnati Bengals,CIN,DEN,Denver Broncos,DEN,Empower Field at Mile High,Empower Field at Mile High,Empower Field at Mile High,Empower Field at Mile High,home_team_primary_stadium,,United States,False,False,76134,1,True,True,True,True,
2021_REG_15_DAL_NYG_20211219,2021,REG,15,2021-12-19,13:00,DAL,Dallas Cowboys,DAL,NYG,New York Giants,NYG,MetLife Stadium,MetLife Stadium,MetLife Stadium,MetLife Stadium,home_team_primary_stadium,,United States,False,False,77413,1,True,True,True,True,
2021_REG_15_GB_BAL_20211219,2021,REG,15,2021-12-19,16:25,GB,Green Bay Packers,GB,BAL,Baltimore Ravens,BAL,M&T Bank Stadium,M&T Bank Stadium,M&T Bank Stadium,M&T Bank Stadium,home_team_primary_stadium,,United States,False,False,70815,1,True,True,True,True,
2021_REG_15_HOU_JAX_20211219,2021,REG,15,2021-12-19,13:00,HOU,Houston Texans,HOU,JAX,Jacksonville Jaguars,JAX,TIAA Bank Stadium,TIAA Bank Stadium,EverBank Stadium,TIAA Bank Stadium,actual_game_venue,,United States,True,False,60252,1,True,True,True,True,
2021_REG_15_NO_TB_20211219,2021,REG,15,2021-12-19,20:20,NO,New Orleans Saints,NO,TB,Tampa Bay Buccaneers,TB,Raymond James Stadium,Raymond James Stadium,Raymond James Stadium,Raymond James Stadium,home_team_primary_stadium,,United States,False,False,65744,1,True,True,True,True,
2021_REG_15_NYJ_MIA_20211219,2021,REG,15,2021-12-19,13:00,NYJ,New York Jets,NYJ,MIA,Miami Dolphins,MIA,Hard Rock Stadium,Hard Rock Stadium,Hard Rock Stadium,Hard Rock Stadium,home_team_primary_stadium,,United States,False,False,66035,1,True,True,True,True,
2021_REG_15_TEN_PIT_20211219,2021,REG,15,2021-12-19,13:00,TEN,Tennessee Titans,TEN,PIT,Pittsburgh Steelers,PIT,Acrisure Stadium,Heinz Field,Acrisure Stadium,Acrisure Stadium,home_team_primary_stadium,,United States,False,False,59521,1,True,True,True,True,
2021_REG_15_LV_CLE_20211220,2021,REG,15,2021-12-20,17:00,LV,Las Vegas Raiders,LV,CLE,Cleveland Browns,CLE,Huntington Bank Field,FirstEnergy Stadium,Huntington Bank Field,Huntington Bank Field,home_team_primary_stadium,,United States,False,False,,,True,True,False,False,home_team_not_found_for_season_week
2021_REG_15_MIN_CHI_20211220,2021,REG,15,2021-12-20,20:15,MIN,Minnesota Vikings,MIN,CHI,Chicago Bears,CHI,Soldier Field,Soldier Field,Soldier Field,Soldier Field,home_team_primary_stadium,,United States,False,False,60082,1,True,True,True,True,
2021_REG_15_SEA_LAR_20211221,2021,REG,15,2021-12-21,19:00,SEA,Seattle Seahawks,SEA,LAR,Los Angeles Rams,LA,SoFi Stadium,SoFi Stadium,SoFi Stadium,SoFi Stadium,home_team_primary_stadium,,United States,False,False,71565,1,True,True,True,True,
2021_REG_15_WSH_PHI_20211221,2021,REG,15,2021-12-21,19:00,WSH,Washington Commanders,WAS,PHI,Philadelphia Eagles,PHI,Lincoln Financial Field,Lincoln Financial Field,Lincoln Financial Field,Lincoln Financial Field,home_team_primary_stadium,,United States,False,False,69796,1,True,True,True,True,
2021_REG_16_SF_TEN_20211223,2021,REG,16,2021-12-23,20:20,SF,San Francisco 49ers,SF,TEN,Tennessee Titans,TEN,Nissan Stadium,Nissan Stadium,Nissan Stadium,Nissan Stadium,home_team_primary_stadium,,United States,False,False,69361,1,True,True,True,True,
2021_REG_16_CLE_GB_20211225,2021,REG,16,2021-12-25,16:30,CLE,Cleveland Browns,CLE,GB,Green Bay Packers,GB,Lambeau Field,Lambeau Field,Lambeau Field,Lambeau Field,home_team_primary_stadium,,United States,False,False,77901,1,True,True,True,True,
2021_REG_16_IND_ARI_20211225,2021,REG,16,2021-12-25,20:15,IND,Indianapolis Colts,IND,ARI,Arizona Cardinals,ARI,State Farm Stadium,State Farm Stadium,State Farm Stadium,State Farm Stadium,home_team_primary_stadium,,United States,False,False,63900,1,True,True,True,True,
2021_REG_16_BAL_CIN_20211226,2021,REG,16,2021-12-26,13:00,BAL,Baltimore Ravens,BAL,CIN,Cincinnati Bengals,CIN,Paycor Stadium,Paul Brown Stadium,Paycor Stadium,Paycor Stadium,home_team_primary_stadium,,United States,False,False,63922,1,True,True,True,True,
2021_REG_16_BUF_NE_20211226,2021,REG,16,2021-12-26,13:00,BUF,Buffalo Bills,BUF,NE,New England Patriots,NE,Gillette Stadium,Gillette Stadium,Gillette Stadium,Gillette Stadium,home_team_primary_stadium,,United States,False,False,65878,1,True,True,True,True,
2021_REG_16_CHI_SEA_20211226,2021,REG,16,2021-12-26,16:05,CHI,Chicago Bears,CHI,SEA,Seattle Seahawks,SEA,Lumen Field,Lumen Field,Lumen Field,Lumen Field,home_team_primary_stadium,,United States,False,False,68492,1,True,True,True,True,
2021_REG_16_DEN_LV_20211226,2021,REG,16,2021-12-26,16:25,DEN,Denver Broncos,DEN,LV,Las Vegas Raiders,LV,Allegiant Stadium,Allegiant Stadium,Allegiant Stadium,Allegiant Stadium,home_team_primary_stadium,,United States,False,False,60972,1,True,True,True,True,
2021_REG_16_DET_ATL_20211226,2021,REG,16,2021-12-26,13:00,DET,Detroit Lions,DET,ATL,Atlanta Falcons,ATL,Mercedes-Benz Stadium,Mercedes-Benz Stadium,Mercedes-Benz Stadium,Mercedes-Benz Stadium,home_team_primary_stadium,,United States,False,False,68638,1,True,True,True,True,
2021_REG_16_JAX_NYJ_20211226,2021,REG,16,2021-12-26,13:00,JAX,Jacksonville Jaguars,JAX,NYJ,New York Jets,NYJ,MetLife Stadium,MetLife Stadium,MetLife Stadium,MetLife Stadium,home_team_primary_stadium,,United States,False,False,67120,1,True,True,True,True,
2021_REG_16_LAC_HOU_20211226,2021,REG,16,2021-12-26,13:00,LAC,Los Angeles Chargers,LAC,HOU,Houston Texans,HOU,NRG Stadium,NRG Stadium,NRG Stadium,NRG Stadium,home_team_primary_stadium,,United States,False,False,65674,1,True,True,True,True,
2021_REG_16_LAR_MIN_20211226,2021,REG,16,2021-12-26,13:00,LAR,Los Angeles Rams,LA,MIN,Minnesota Vikings,MIN,U.S. Bank Stadium,U.S. Bank Stadium,U.S. Bank Stadium,U.S. Bank Stadium,home_team_primary_stadium,,United States,False,False,66708,1,True,True,True,True,
2021_REG_16_NYG_PHI_20211226,2021,REG,16,2021-12-26,13:00,NYG,New York Giants,NYG,PHI,Philadelphia Eagles,PHI,Lincoln Financial Field,Lincoln Financial Field,Lincoln Financial Field,Lincoln Financial Field,home_team_primary_stadium,,United States,False,False,69796,1,True,True,True,True,
2021_REG_16_PIT_KC_20211226,2021,REG,16,2021-12-26,16:25,PIT,Pittsburgh Steelers,PIT,KC,Kansas City Chiefs,KC,Arrowhead Stadium,GEHA Field at Arrowhead Stadium,Arrowhead Stadium,Arrowhead Stadium,home_team_primary_stadium,,United States,False,False,73371,1,True,True,True,True,
2021_REG_16_TB_CAR_20211226,2021,REG,16,2021-12-26,13:00,TB,Tampa Bay Buccaneers,TB,CAR,Carolina Panthers,CAR,Bank of America Stadium,Bank of America Stadium,Bank of America Stadium,Bank of America Stadium,home_team_primary_stadium,,United States,False,False,71918,1,True,True,True,True,
2021_REG_16_WSH_DAL_20211226,2021,REG,16,2021-12-26,20:20,WSH,Washington Commanders,WAS,DAL,Dallas Cowboys,DAL,AT&T Stadium,AT&T Stadium,AT&T Stadium,AT&T Stadium,home_team_primary_stadium,,United States,False,False,93482,1,True,True,True,True,
2021_REG_16_MIA_NO_20211227,2021,REG,16,2021-12-27,20:15,MIA,Miami Dolphins,MIA,NO,New Orleans Saints,NO,Caesars Superdome,Mercedes-Benz Superdome,Caesars Superdome,Caesars Superdome,home_team_primary_stadium,,United States,False,False,69170,1,True,True,True,True,
2021_REG_17_ARI_DAL_20220102,2021,REG,17,2022-01-02,16:25,ARI,Arizona Cardinals,ARI,DAL,Dallas Cowboys,DAL,AT&T Stadium,AT&T Stadium,AT&T Stadium,AT&T Stadium,home_team_primary_stadium,,United States,False,False,93459,1,True,True,True,True,
2021_REG_17_ATL_BUF_20220102,2021,REG,17,2022-01-02,13:00,ATL,Atlanta Falcons,ATL,BUF,Buffalo Bills,BUF,Highmark Stadium,New Era Field,Highmark Stadium,Highmark Stadium,home_team_primary_stadium,,United States,False,False,64948,1,True,True,True,True,
2021_REG_17_CAR_NO_20220102,2021,REG,17,2022-01-02,16:25,CAR,Carolina Panthers,CAR,NO,New Orleans Saints,NO,Caesars Superdome,Mercedes-Benz Superdome,Caesars Superdome,Caesars Superdome,home_team_primary_stadium,,United States,False,False,69170,1,True,True,True,True,
2021_REG_17_DEN_LAC_20220102,2021,REG,17,2022-01-02,16:05,DEN,Denver Broncos,DEN,LAC,Los Angeles Chargers,LAC,SoFi Stadium,SoFi Stadium,SoFi Stadium,SoFi Stadium,home_team_primary_stadium,,United States,False,False,70240,1,True,True,True,True,
2021_REG_17_DET_SEA_20220102,2021,REG,17,2022-01-02,16:25,DET,Detroit Lions,DET,SEA,Seattle Seahawks,SEA,Lumen Field,Lumen Field,Lumen Field,Lumen Field,home_team_primary_stadium,,United States,False,False,68043,1,True,True,True,True,
2021_REG_17_HOU_SF_20220102,2021,REG,17,2022-01-02,16:05,HOU,Houston Texans,HOU,SF,San Francisco 49ers,SF,Levi's Stadium,Levi's Stadium,Levi's Stadium,Levi's Stadium,home_team_primary_stadium,,United States,False,False,71612,1,True,True,True,True,
2021_REG_17_JAX_NE_20220102,2021,REG,17,2022-01-02,13:00,JAX,Jacksonville Jaguars,JAX,NE,New England Patriots,NE,Gillette Stadium,Gillette Stadium,Gillette Stadium,Gillette Stadium,home_team_primary_stadium,,United States,False,False,65878,1,True,True,True,True,
2021_REG_17_KC_CIN_20220102,2021,REG,17,2022-01-02,13:00,KC,Kansas City Chiefs,KC,CIN,Cincinnati Bengals,CIN,Paycor Stadium,Paul Brown Stadium,Paycor Stadium,Paycor Stadium,home_team_primary_stadium,,United States,False,False,64505,1,True,True,True,True,
2021_REG_17_LAR_BAL_20220102,2021,REG,17,2022-01-02,13:00,LAR,Los Angeles Rams,LA,BAL,Baltimore Ravens,BAL,M&T Bank Stadium,M&T Bank Stadium,M&T Bank Stadium,M&T Bank Stadium,home_team_primary_stadium,,United States,False,False,70328,1,True,True,True,True,
2021_REG_17_LV_IND_20220102,2021,REG,17,2022-01-02,13:00,LV,Las Vegas Raiders,LV,IND,Indianapolis Colts,IND,Lucas Oil Stadium,Lucas Oil Stadium,Lucas Oil Stadium,Lucas Oil Stadium,home_team_primary_stadium,,United States,False,False,65985,1,True,True,True,True,
2021_REG_17_MIA_TEN_20220102,2021,REG,17,2022-01-02,13:00,MIA,Miami Dolphins,MIA,TEN,Tennessee Titans,TEN,Nissan Stadium,Nissan Stadium,Nissan Stadium,Nissan Stadium,home_team_primary_stadium,,United States,False,False,69091,1,True,True,True,True,
2021_REG_17_MIN_GB_20220102,2021,REG,17,2022-01-02,20:20,MIN,Minnesota Vikings,MIN,GB,Green Bay Packers,GB,Lambeau Field,Lambeau Field,Lambeau Field,Lambeau Field,home_team_primary_stadium,,United States,False,False,77832,1,True,True,True,True,
2021_REG_17_NYG_CHI_20220102,2021,REG,17,2022-01-02,13:00,NYG,New York Giants,NYG,CHI,Chicago Bears,CHI,Soldier Field,Soldier Field,Soldier Field,Soldier Field,home_team_primary_stadium,,United States,False,False,59594,1,True,True,True,True,
2021_REG_17_PHI_WSH_20220102,2021,REG,17,2022-01-02,13:00,PHI,Philadelphia Eagles,PHI,WSH,Washington Commanders,WAS,Northwest Stadium,FedExField,Northwest Stadium,Northwest Stadium,home_team_primary_stadium,,United States,False,False,51563,1,True,True,True,True,
2021_REG_17_TB_NYJ_20220102,2021,REG,17,2022-01-02,13:00,TB,Tampa Bay Buccaneers,TB,NYJ,New York Jets,NYJ,MetLife Stadium,MetLife Stadium,MetLife Stadium,MetLife Stadium,home_team_primary_stadium,,United States,False,False,72243,1,True,True,True,True,
2021_REG_17_CLE_PIT_20220103,2021,REG,17,2022-01-03,20:15,CLE,Cleveland Browns,CLE,PIT,Pittsburgh Steelers,PIT,Acrisure Stadium,Heinz Field,Acrisure Stadium,Acrisure Stadium,home_team_primary_stadium,,United States,False,False,63624,1,True,True,True,True,
2021_REG_18_DAL_PHI_20220108,2021,REG,18,2022-01-08,20:15,DAL,Dallas Cowboys,DAL,PHI,Philadelphia Eagles,PHI,Lincoln Financial Field,Lincoln Financial Field,Lincoln Financial Field,Lincoln Financial Field,home_team_primary_stadium,,United States,False,False,69796,1,True,True,True,True,
2021_REG_18_KC_DEN_20220108,2021,REG,18,2022-01-08,16:30,KC,Kansas City Chiefs,KC,DEN,Denver Broncos,DEN,Empower Field at Mile High,Empower Field at Mile High,Empower Field at Mile High,Empower Field at Mile High,home_team_primary_stadium,,United States,False,False,76012,1,True,True,True,True,
2021_REG_18_CAR_TB_20220109,2021,REG,18,2022-01-09,16:25,CAR,Carolina Panthers,CAR,TB,Tampa Bay Buccaneers,TB,Raymond James Stadium,Raymond James Stadium,Raymond James Stadium,Raymond James Stadium,home_team_primary_stadium,,United States,False,False,65473,1,True,True,True,True,
2021_REG_18_CHI_MIN_20220109,2021,REG,18,2022-01-09,13:00,CHI,Chicago Bears,CHI,MIN,Minnesota Vikings,MIN,U.S. Bank Stadium,U.S. Bank Stadium,U.S. Bank Stadium,U.S. Bank Stadium,home_team_primary_stadium,,United States,False,False,66625,1,True,True,True,True,
2021_REG_18_CIN_CLE_20220109,2021,REG,18,2022-01-09,13:00,CIN,Cincinnati Bengals,CIN,CLE,Cleveland Browns,CLE,Huntington Bank Field,FirstEnergy Stadium,Huntington Bank Field,Huntington Bank Field,home_team_primary_stadium,,United States,False,False,67431,1,True,True,True,True,
2021_REG_18_GB_DET_20220109,2021,REG,18,2022-01-09,13:00,GB,Green Bay Packers,GB,DET,Detroit Lions,DET,Ford Field,Ford Field,Ford Field,Ford Field,home_team_primary_stadium,,United States,False,False,56735,1,True,True,True,True,
2021_REG_18_IND_JAX_20220109,2021,REG,18,2022-01-09,13:00,IND,Indianapolis Colts,IND,JAX,Jacksonville Jaguars,JAX,TIAA Bank Stadium,TIAA Bank Stadium,EverBank Stadium,TIAA Bank Stadium,actual_game_venue,,United States,True,False,60516,1,True,True,True,True,
2021_REG_18_LAC_LV_20220109,2021,REG,18,2022-01-09,20:20,LAC,Los Angeles Chargers,LAC,LV,Las Vegas Raiders,LV,Allegiant Stadium,Allegiant Stadium,Allegiant Stadium,Allegiant Stadium,home_team_primary_stadium,,United States,False,False,62068,1,True,True,True,True,
2021_REG_18_NE_MIA_20220109,2021,REG,18,2022-01-09,16:25,NE,New England Patriots,NE,MIA,Miami Dolphins,MIA,Hard Rock Stadium,Hard Rock Stadium,Hard Rock Stadium,Hard Rock Stadium,home_team_primary_stadium,,United States,False,False,66514,1,True,True,True,True,
2021_REG_18_NO_ATL_20220109,2021,REG,18,2022-01-09,16:25,NO,New Orleans Saints,NO,ATL,Atlanta Falcons,ATL,Mercedes-Benz Stadium,Mercedes-Benz Stadium,Mercedes-Benz Stadium,Mercedes-Benz Stadium,home_team_primary_stadium,,United States,False,False,68336,1,True,True,True,True,
2021_REG_18_NYJ_BUF_20220109,2021,REG,18,2022-01-09,16:25,NYJ,New York Jets,NYJ,BUF,Buffalo Bills,BUF,Highmark Stadium,New Era Field,Highmark Stadium,Highmark Stadium,home_team_primary_stadium,,United States,False,False,64783,1,True,True,True,True,
2021_REG_18_PIT_BAL_20220109,2021,REG,18,2022-01-09,13:00,PIT,Pittsburgh Steelers,PIT,BAL,Baltimore Ravens,BAL,M&T Bank Stadium,M&T Bank Stadium,M&T Bank Stadium,M&T Bank Stadium,home_team_primary_stadium,,United States,False,False,70453,1,True,True,True,True,
2021_REG_18_SEA_ARI_20220109,2021,REG,18,2022-01-09,16:25,SEA,Seattle Seahawks,SEA,ARI,Arizona Cardinals,ARI,State Farm Stadium,State Farm Stadium,State Farm Stadium,State Farm Stadium,home_team_primary_stadium,,United States,False,False,63858,1,True,True,True,True,
2021_REG_18_SF_LAR_20220109,2021,REG,18,2022-01-09,16:25,SF,San Francisco 49ers,SF,LAR,Los Angeles Rams,LA,SoFi Stadium,SoFi Stadium,SoFi Stadium,SoFi Stadium,home_team_primary_stadium,,United States,False,False,74447,1,True,True,True,True,
2021_REG_18_TEN_HOU_20220109,2021,REG,18,2022-01-09,13:00,TEN,Tennessee Titans,TEN,HOU,Houston Texans,HOU,NRG Stadium,NRG Stadium,NRG Stadium,NRG Stadium,home_team_primary_stadium,,United States,False,False,66722,1,True,True,True,True,
2021_REG_18_WSH_NYG_20220109,2021,REG,18,2022-01-09,13:00,WSH,Washington Commanders,WAS,NYG,New York Giants,NYG,MetLife Stadium,MetLife Stadium,MetLife Stadium,MetLife Stadium,home_team_primary_stadium,,United States,False,False,69923,1,True,True,True,True,
2021_POST_19_LV_CIN_20220115,2021,POST,19,2022-01-15,16:30,LV,Las Vegas Raiders,LV,CIN,Cincinnati Bengals,CIN,Paycor Stadium,Paul Brown Stadium,Paycor Stadium,Paycor Stadium,home_team_primary_stadium,,United States,False,False,,,True,False,False,False,season_week_not_found_in_attendance
2021_POST_19_NE_BUF_20220115,2021,POST,19,2022-01-15,20:15,NE,New England Patriots,NE,BUF,Buffalo Bills,BUF,Highmark Stadium,New Era Field,Highmark Stadium,Highmark Stadium,home_team_primary_stadium,,United States,False,False,,,True,False,False,False,season_week_not_found_in_attendance
2021_POST_19_PHI_TB_20220116,2021,POST,19,2022-01-16,13:00,PHI,Philadelphia Eagles,PHI,TB,Tampa Bay Buccaneers,TB,Raymond James Stadium,Raymond James Stadium,Raymond James Stadium,Raymond James Stadium,home_team_primary_stadium,,United States,False,False,,,True,False,False,False,season_week_not_found_in_attendance
2021_POST_19_PIT_KC_20220116,2021,POST,19,2022-01-16,20:15,PIT,Pittsburgh Steelers,PIT,KC,Kansas City Chiefs,KC,Arrowhead Stadium,GEHA Field at Arrowhead Stadium,Arrowhead Stadium,Arrowhead Stadium,home_team_primary_stadium,,United States,False,False,,,True,False,False,False,season_week_not_found_in_attendance
2021_POST_19_SF_DAL_20220116,2021,POST,19,2022-01-16,16:30,SF,San Francisco 49ers,SF,DAL,Dallas Cowboys,DAL,AT&T Stadium,AT&T Stadium,AT&T Stadium,AT&T Stadium,home_team_primary_stadium,,United States,False,False,,,True,False,False,False,season_week_not_found_in_attendance
2021_POST_19_ARI_LAR_20220117,2021,POST,19,2022-01-17,20:15,ARI,Arizona Cardinals,ARI,LAR,Los Angeles Rams,LA,SoFi Stadium,SoFi Stadium,SoFi Stadium,SoFi Stadium,home_team_primary_stadium,,United States,False,False,,,True,False,False,False,season_week_not_found_in_attendance
2021_POST_20_CIN_TEN_20220122,2021,POST,20,2022-01-22,16:30,CIN,Cincinnati Bengals,CIN,TEN,Tennessee Titans,TEN,Nissan Stadium,Nissan Stadium,Nissan Stadium,Nissan Stadium,home_team_primary_stadium,,United States,False,False,,,True,False,False,False,season_week_not_found_in_attendance
2021_POST_20_SF_GB_20220122,2021,POST,20,2022-01-22,20:15,SF,San Francisco 49ers,SF,GB,Green Bay Packers,GB,Lambeau Field,Lambeau Field,Lambeau Field,Lambeau Field,home_team_primary_stadium,,United States,False,False,,,True,False,False,False,season_week_not_found_in_attendance
2021_POST_20_BUF_KC_20220123,2021,POST,20,2022-01-23,18:30,BUF,Buffalo Bills,BUF,KC,Kansas City Chiefs,KC,Arrowhead Stadium,GEHA Field at Arrowhead Stadium,Arrowhead Stadium,Arrowhead Stadium,home_team_primary_stadium,,United States,False,False,,,True,False,False,False,season_week_not_found_in_attendance
2021_POST_20_LAR_TB_20220123,2021,POST,20,2022-01-23,15:00,LAR,Los Angeles Rams,LA,TB,Tampa Bay Buccaneers,TB,Raymond James Stadium,Raymond James Stadium,Raymond James Stadium,Raymond James Stadium,home_team_primary_stadium,,United States,False,False,,,True,False,False,False,season_week_not_found_in_attendance
2021_CON_21_CIN_KC_20220130,2021,CON,21,2022-01-30,15:00,CIN,Cincinnati Bengals,CIN,KC,Kansas City Chiefs,KC,Arrowhead Stadium,GEHA Field at Arrowhead Stadium,Arrowhead Stadium,Arrowhead Stadium,home_team_primary_stadium,,United States,False,False,,,True,False,False,False,season_week_not_found_in_attendance
2021_CON_21_SF_LAR_20220130,2021,CON,21,2022-01-30,18:30,SF,San Francisco 49ers,SF,LAR,Los Angeles Rams,LA,SoFi Stadium,SoFi Stadium,SoFi Stadium,SoFi Stadium,home_team_primary_stadium,,United States,False,False,,,True,False,False,False,season_week_not_found_in_attendance
2021_POST_22_LAR_CIN_20220213,2021,POST,22,2022-02-13,18:30,LAR,Los Angeles Rams,LA,CIN,Cincinnati Bengals,CIN,SoFi Stadium,SoFi Stadium,Paycor Stadium,SoFi Stadium,actual_game_venue,,United States,True,False,,,True,False,False,False,season_week_not_found_in_attendance
2022_REG_01_BUF_LAR_20220908,2022,REG,1,2022-09-08,20:20,BUF,Buffalo Bills,BUF,LAR,Los Angeles Rams,LA,SoFi Stadium,SoFi Stadium,SoFi Stadium,SoFi Stadium,home_team_primary_stadium,,United States,False,False,73846,1,True,True,True,True,
2022_REG_01_BAL_NYJ_20220911,2022,REG,1,2022-09-11,13:00,BAL,Baltimore Ravens,BAL,NYJ,New York Jets,NYJ,MetLife Stadium,MetLife Stadium,MetLife Stadium,MetLife Stadium,home_team_primary_stadium,,United States,False,False,78827,1,True,True,True,True,
2022_REG_01_CLE_CAR_20220911,2022,REG,1,2022-09-11,13:00,CLE,Cleveland Browns,CLE,CAR,Carolina Panthers,CAR,Bank of America Stadium,Bank of America Stadium,Bank of America Stadium,Bank of America Stadium,home_team_primary_stadium,,United States,False,False,72205,1,True,True,True,True,
2022_REG_01_GB_MIN_20220911,2022,REG,1,2022-09-11,16:25,GB,Green Bay Packers,GB,MIN,Minnesota Vikings,MIN,U.S. Bank Stadium,U.S. Bank Stadium,U.S. Bank Stadium,U.S. Bank Stadium,home_team_primary_stadium,,United States,False,False,66959,1,True,True,True,True,
2022_REG_01_IND_HOU_20220911,2022,REG,1,2022-09-11,13:00,IND,Indianapolis Colts,IND,HOU,Houston Texans,HOU,NRG Stadium,NRG Stadium,NRG Stadium,NRG Stadium,home_team_primary_stadium,,United States,False,False,69415,1,True,True,True,True,
2022_REG_01_JAX_WSH_20220911,2022,REG,1,2022-09-11,13:00,JAX,Jacksonville Jaguars,JAX,WSH,Washington Commanders,WAS,Northwest Stadium,FedExField,Northwest Stadium,Northwest Stadium,home_team_primary_stadium,,United States,False,False,58192,1,True,True,True,True,
2022_REG_01_KC_ARI_20220911,2022,REG,1,2022-09-11,16:25,KC,Kansas City Chiefs,KC,ARI,Arizona Cardinals,ARI,State Farm Stadium,State Farm Stadium,State Farm Stadium,State Farm Stadium,home_team_primary_stadium,,United States,False,False,63697,1,True,True,True,True,
2022_REG_01_LV_LAC_20220911,2022,REG,1,2022-09-11,16:25,LV,Las Vegas Raiders,LV,LAC,Los Angeles Chargers,LAC,SoFi Stadium,SoFi Stadium,SoFi Stadium,SoFi Stadium,home_team_primary_stadium,,United States,False,False,70240,1,True,True,True,True,
2022_REG_01_NE_MIA_20220911,2022,REG,1,2022-09-11,13:00,NE,New England Patriots,NE,MIA,Miami Dolphins,MIA,Hard Rock Stadium,Hard Rock Stadium,Hard Rock Stadium,Hard Rock Stadium,home_team_primary_stadium,,United States,False,False,65786,1,True,True,True,True,
2022_REG_01_NO_ATL_20220911,2022,REG,1,2022-09-11,13:00,NO,New Orleans Saints,NO,ATL,Atlanta Falcons,ATL,Mercedes-Benz Stadium,Mercedes-Benz Stadium,Mercedes-Benz Stadium,Mercedes-Benz Stadium,home_team_primary_stadium,,United States,False,False,70078,1,True,True,True,True,
2022_REG_01_NYG_TEN_20220911,2022,REG,1,2022-09-11,16:25,NYG,New York Giants,NYG,TEN,Tennessee Titans,TEN,Nissan Stadium,Nissan Stadium,Nissan Stadium,Nissan Stadium,home_team_primary_stadium,,United States,False,False,67805,1,True,True,True,True,
2022_REG_01_PHI_DET_20220911,2022,REG,1,2022-09-11,13:00,PHI,Philadelphia Eagles,PHI,DET,Detroit Lions,DET,Ford Field,Ford Field,Ford Field,Ford Field,home_team_primary_stadium,,United States,False,False,64537,1,True,True,True,True,
2022_REG_01_PIT_CIN_20220911,2022,REG,1,2022-09-11,13:00,PIT,Pittsburgh Steelers,PIT,CIN,Cincinnati Bengals,CIN,Paycor Stadium,Paycor Stadium,Paycor Stadium,Paycor Stadium,home_team_primary_stadium,,United States,False,False,65841,1,True,True,True,True,
2022_REG_01_SF_CHI_20220911,2022,REG,1,2022-09-11,13:00,SF,San Francisco 49ers,SF,CHI,Chicago Bears,CHI,Soldier Field,Soldier Field,Soldier Field,Soldier Field,home_team_primary_stadium,,United States,False,False,62159,1,True,True,True,True,
2022_REG_01_TB_DAL_20220911,2022,REG,1,2022-09-11,20:20,TB,Tampa Bay Buccaneers,TB,DAL,Dallas Cowboys,DAL,AT&T Stadium,AT&T Stadium,AT&T Stadium,AT&T Stadium,home_team_primary_stadium,,United States,False,False,93797,1,True,True,True,True,
2022_REG_01_DEN_SEA_20220912,2022,REG,1,2022-09-12,20:15,DEN,Denver Broncos,DEN,SEA,Seattle Seahawks,SEA,Lumen Field,Lumen Field,Lumen Field,Lumen Field,home_team_primary_stadium,,United States,False,False,68965,1,True,True,True,True,
2022_REG_02_LAC_KC_20220915,2022,REG,2,2022-09-15,20:15,LAC,Los Angeles Chargers,LAC,KC,Kansas City Chiefs,KC,Arrowhead Stadium,GEHA Field at Arrowhead Stadium,Arrowhead Stadium,Arrowhead Stadium,home_team_primary_stadium,,United States,False,False,73461,1,True,True,True,True,
2022_REG_02_ARI_LV_20220918,2022,REG,2,2022-09-18,16:25,ARI,Arizona Cardinals,ARI,LV,Las Vegas Raiders,LV,Allegiant Stadium,Allegiant Stadium,Allegiant Stadium,Allegiant Stadium,home_team_primary_stadium,,United States,False,False,61707,1,True,True,True,True,
2022_REG_02_ATL_LAR_20220918,2022,REG,2,2022-09-18,16:05,ATL,Atlanta Falcons,ATL,LAR,Los Angeles Rams,LA,SoFi Stadium,SoFi Stadium,SoFi Stadium,SoFi Stadium,home_team_primary_stadium,,United States,False,False,71802,1,True,True,True,True,
2022_REG_02_CAR_NYG_20220918,2022,REG,2,2022-09-18,13:00,CAR,Carolina Panthers,CAR,NYG,New York Giants,NYG,MetLife Stadium,MetLife Stadium,MetLife Stadium,MetLife Stadium,home_team_primary_stadium,,United States,False,False,73843,1,True,True,True,True,
2022_REG_02_CHI_GB_20220918,2022,REG,2,2022-09-18,20:20,CHI,Chicago Bears,CHI,GB,Green Bay Packers,GB,Lambeau Field,Lambeau Field,Lambeau Field,Lambeau Field,home_team_primary_stadium,,United States,False,False,78350,1,True,True,True,True,
2022_REG_02_CIN_DAL_20220918,2022,REG,2,2022-09-18,16:25,CIN,Cincinnati Bengals,CIN,DAL,Dallas Cowboys,DAL,AT&T Stadium,AT&T Stadium,AT&T Stadium,AT&T Stadium,home_team_primary_stadium,,United States,False,False,92944,1,True,True,True,True,
2022_REG_02_HOU_DEN_20220918,2022,REG,2,2022-09-18,16:25,HOU,Houston Texans,HOU,DEN,Denver Broncos,DEN,Empower Field at Mile High,Empower Field at Mile High,Empower Field at Mile High,Empower Field at Mile High,home_team_primary_stadium,,United States,False,False,76191,1,True,True,True,True,
2022_REG_02_IND_JAX_20220918,2022,REG,2,2022-09-18,13:00,IND,Indianapolis Colts,IND,JAX,Jacksonville Jaguars,JAX,TIAA Bank Stadium,TIAA Bank Stadium,EverBank Stadium,TIAA Bank Stadium,actual_game_venue,,United States,True,False,58360,1,True,True,True,True,
2022_REG_02_MIA_BAL_20220918,2022,REG,2,2022-09-18,13:00,MIA,Miami Dolphins,MIA,BAL,Baltimore Ravens,BAL,M&T Bank Stadium,M&T Bank Stadium,M&T Bank Stadium,M&T Bank Stadium,home_team_primary_stadium,,United States,False,False,70582,1,True,True,True,True,
2022_REG_02_NE_PIT_20220918,2022,REG,2,2022-09-18,13:00,NE,New England Patriots,NE,PIT,Pittsburgh Steelers,PIT,Acrisure Stadium,Acrisure Stadium,Acrisure Stadium,Acrisure Stadium,home_team_primary_stadium,,United States,False,False,67307,1,True,True,True,True,
2022_REG_02_NYJ_CLE_20220918,2022,REG,2,2022-09-18,13:00,NYJ,New York Jets,NYJ,CLE,Cleveland Browns,CLE,Huntington Bank Field,FirstEnergy Stadium,Huntington Bank Field,Huntington Bank Field,home_team_primary_stadium,,United States,False,False,67431,1,True,True,True,True,
2022_REG_02_SEA_SF_20220918,2022,REG,2,2022-09-18,16:05,SEA,Seattle Seahawks,SEA,SF,San Francisco 49ers,SF,Levi's Stadium,Levi's Stadium,Levi's Stadium,Levi's Stadium,home_team_primary_stadium,,United States,False,False,71597,1,True,True,True,True,
2022_REG_02_TB_NO_20220918,2022,REG,2,2022-09-18,13:00,TB,Tampa Bay Buccaneers,TB,NO,New Orleans Saints,NO,Caesars Superdome,Mercedes-Benz Superdome,Caesars Superdome,Caesars Superdome,home_team_primary_stadium,,United States,False,False,70400,1,True,True,True,True,
2022_REG_02_WSH_DET_20220918,2022,REG,2,2022-09-18,13:00,WSH,Washington Commanders,WAS,DET,Detroit Lions,DET,Ford Field,Ford Field,Ford Field,Ford Field,home_team_primary_stadium,,United States,False,False,57687,1,True,True,True,True,
2022_REG_02_MIN_PHI_20220919,2022,REG,2,2022-09-19,20:30,MIN,Minnesota Vikings,MIN,PHI,Philadelphia Eagles,PHI,Lincoln Financial Field,Lincoln Financial Field,Lincoln Financial Field,Lincoln Financial Field,home_team_primary_stadium,,United States,False,False,69879,1,True,True,True,True,
2022_REG_02_TEN_BUF_20220919,2022,REG,2,2022-09-19,19:15,TEN,Tennessee Titans,TEN,BUF,Buffalo Bills,BUF,Highmark Stadium,New Era Field,Highmark Stadium,Highmark Stadium,home_team_primary_stadium,,United States,False,False,70683,1,True,True,True,True,
2022_REG_03_PIT_CLE_20220922,2022,REG,3,2022-09-22,20:15,PIT,Pittsburgh Steelers,PIT,CLE,Cleveland Browns,CLE,Huntington Bank Field,FirstEnergy Stadium,Huntington Bank Field,Huntington Bank Field,home_team_primary_stadium,,United States,False,False,67431,1,True,True,True,True,
2022_REG_03_ATL_SEA_20220925,2022,REG,3,2022-09-25,16:25,ATL,Atlanta Falcons,ATL,SEA,Seattle Seahawks,SEA,Lumen Field,Lumen Field,Lumen Field,Lumen Field,home_team_primary_stadium,,United States,False,False,68773,1,True,True,True,True,
2022_REG_03_BAL_NE_20220925,2022,REG,3,2022-09-25,13:00,BAL,Baltimore Ravens,BAL,NE,New England Patriots,NE,Gillette Stadium,Gillette Stadium,Gillette Stadium,Gillette Stadium,home_team_primary_stadium,,United States,False,False,65878,1,True,True,True,True,
2022_REG_03_BUF_MIA_20220925,2022,REG,3,2022-09-25,13:00,BUF,Buffalo Bills,BUF,MIA,Miami Dolphins,MIA,Hard Rock Stadium,Hard Rock Stadium,Hard Rock Stadium,Hard Rock Stadium,home_team_primary_stadium,,United States,False,False,66206,1,True,True,True,True,
2022_REG_03_CIN_NYJ_20220925,2022,REG,3,2022-09-25,13:00,CIN,Cincinnati Bengals,CIN,NYJ,New York Jets,NYJ,MetLife Stadium,MetLife Stadium,MetLife Stadium,MetLife Stadium,home_team_primary_stadium,,United States,False,False,73708,1,True,True,True,True,
2022_REG_03_DET_MIN_20220925,2022,REG,3,2022-09-25,13:00,DET,Detroit Lions,DET,MIN,Minnesota Vikings,MIN,U.S. Bank Stadium,U.S. Bank Stadium,U.S. Bank Stadium,U.S. Bank Stadium,home_team_primary_stadium,,United States,False,False,66638,1,True,True,True,True,
2022_REG_03_GB_TB_20220925,2022,REG,3,2022-09-25,16:25,GB,Green Bay Packers,GB,TB,Tampa Bay Buccaneers,TB,Raymond James Stadium,Raymond James Stadium,Raymond James Stadium,Raymond James Stadium,home_team_primary_stadium,,United States,False,False,69197,1,True,True,True,True,
2022_REG_03_HOU_CHI_20220925,2022,REG,3,2022-09-25,13:00,HOU,Houston Texans,HOU,CHI,Chicago Bears,CHI,Soldier Field,Soldier Field,Soldier Field,Soldier Field,home_team_primary_stadium,,United States,False,False,60592,1,True,True,True,True,
2022_REG_03_JAX_LAC_20220925,2022,REG,3,2022-09-25,16:05,JAX,Jacksonville Jaguars,JAX,LAC,Los Angeles Chargers,LAC,SoFi Stadium,SoFi Stadium,SoFi Stadium,SoFi Stadium,home_team_primary_stadium,,United States,False,False,67964,1,True,True,True,True,
2022_REG_03_KC_IND_20220925,2022,REG,3,2022-09-25,13:00,KC,Kansas City Chiefs,KC,IND,Indianapolis Colts,IND,Lucas Oil Stadium,Lucas Oil Stadium,Lucas Oil Stadium,Lucas Oil Stadium,home_team_primary_stadium,,United States,False,False,65975,1,True,True,True,True,
2022_REG_03_LAR_ARI_20220925,2022,REG,3,2022-09-25,16:25,LAR,Los Angeles Rams,LA,ARI,Arizona Cardinals,ARI,State Farm Stadium,State Farm Stadium,State Farm Stadium,State Farm Stadium,home_team_primary_stadium,,United States,False,False,63243,1,True,True,True,True,
2022_REG_03_LV_TEN_20220925,2022,REG,3,2022-09-25,13:00,LV,Las Vegas Raiders,LV,TEN,Tennessee Titans,TEN,Nissan Stadium,Nissan Stadium,Nissan Stadium,Nissan Stadium,home_team_primary_stadium,,United States,False,False,68649,1,True,True,True,True,
2022_REG_03_NO_CAR_20220925,2022,REG,3,2022-09-25,13:00,NO,New Orleans Saints,NO,CAR,Carolina Panthers,CAR,Bank of America Stadium,Bank of America Stadium,Bank of America Stadium,Bank of America Stadium,home_team_primary_stadium,,United States,False,False,70496,1,True,True,True,True,
2022_REG_03_PHI_WSH_20220925,2022,REG,3,2022-09-25,13:00,PHI,Philadelphia Eagles,PHI,WSH,Washington Commanders,WAS,Northwest Stadium,FedExField,Northwest Stadium,Northwest Stadium,home_team_primary_stadium,,United States,False,False,64426,1,True,True,True,True,
2022_REG_03_SF_DEN_20220925,2022,REG,3,2022-09-25,20:20,SF,San Francisco 49ers,SF,DEN,Denver Broncos,DEN,Empower Field at Mile High,Empower Field at Mile High,Empower Field at Mile High,Empower Field at Mile High,home_team_primary_stadium,,United States,False,False,77021,1,True,True,True,True,
2022_REG_03_DAL_NYG_20220926,2022,REG,3,2022-09-26,20:15,DAL,Dallas Cowboys,DAL,NYG,New York Giants,NYG,MetLife Stadium,MetLife Stadium,MetLife Stadium,MetLife Stadium,home_team_primary_stadium,,United States,False,False,79445,1,True,True,True,True,
2022_REG_04_MIA_CIN_20220929,2022,REG,4,2022-09-29,20:15,MIA,Miami Dolphins,MIA,CIN,Cincinnati Bengals,CIN,Paycor Stadium,Paycor Stadium,Paycor Stadium,Paycor Stadium,home_team_primary_stadium,,United States,False,False,67260,1,True,True,True,True,
2022_REG_04_ARI_CAR_20221002,2022,REG,4,2022-10-02,16:05,ARI,Arizona Cardinals,ARI,CAR,Carolina Panthers,CAR,Bank of America Stadium,Bank of America Stadium,Bank of America Stadium,Bank of America Stadium,home_team_primary_stadium,,United States,False,False,69810,1,True,True,True,True,
2022_REG_04_BUF_BAL_20221002,2022,REG,4,2022-10-02,13:00,BUF,Buffalo Bills,BUF,BAL,Baltimore Ravens,BAL,M&T Bank Stadium,M&T Bank Stadium,M&T Bank Stadium,M&T Bank Stadium,home_team_primary_stadium,,United States,False,False,70494,1,True,True,True,True,
2022_REG_04_CHI_NYG_20221002,2022,REG,4,2022-10-02,13:00,CHI,Chicago Bears,CHI,NYG,New York Giants,NYG,MetLife Stadium,MetLife Stadium,MetLife Stadium,MetLife Stadium,home_team_primary_stadium,,United States,False,False,74044,1,True,True,True,True,
2022_REG_04_CLE_ATL_20221002,2022,REG,4,2022-10-02,13:00,CLE,Cleveland Browns,CLE,ATL,Atlanta Falcons,ATL,Mercedes-Benz Stadium,Mercedes-Benz Stadium,Mercedes-Benz Stadium,Mercedes-Benz Stadium,home_team_primary_stadium,,United States,False,False,69435,1,True,True,True,True,
2022_REG_04_DEN_LV_20221002,2022,REG,4,2022-10-02,16:25,DEN,Denver Broncos,DEN,LV,Las Vegas Raiders,LV,Allegiant Stadium,Allegiant Stadium,Allegiant Stadium,Allegiant Stadium,home_team_primary_stadium,,United States,False,False,62332,1,True,True,True,True,
2022_REG_04_JAX_PHI_20221002,2022,REG,4,2022-10-02,13:00,JAX,Jacksonville Jaguars,JAX,PHI,Philadelphia Eagles,PHI,Lincoln Financial Field,Lincoln Financial Field,Lincoln Financial Field,Lincoln Financial Field,home_team_primary_stadium,,United States,False,False,69879,1,True,True,True,True,
2022_REG_04_KC_TB_20221002,2022,REG,4,2022-10-02,20:20,KC,Kansas City Chiefs,KC,TB,Tampa Bay Buccaneers,TB,Raymond James Stadium,Raymond James Stadium,Raymond James Stadium,Raymond James Stadium,home_team_primary_stadium,,United States,False,False,68348,1,True,True,True,True,
2022_REG_04_LAC_HOU_20221002,2022,REG,4,2022-10-02,13:00,LAC,Los Angeles Chargers,LAC,HOU,Houston Texans,HOU,NRG Stadium,NRG Stadium,NRG Stadium,NRG Stadium,home_team_primary_stadium,,United States,False,False,69071,1,True,True,True,True,
2022_REG_04_MIN_NO_20221002,2022,REG,4,2022-10-02,09:30,MIN,Minnesota Vikings,MIN,NO,New Orleans Saints,NO,Tottenham Hotspur Stadium,Tottenham Stadium,Caesars Superdome,Tottenham Hotspur Stadium,actual_game_venue,London,United Kingdom,True,True,60639,1,True,True,True,True,
2022_REG_04_NE_GB_20221002,2022,REG,4,2022-10-02,16:25,NE,New England Patriots,NE,GB,Green Bay Packers,GB,Lambeau Field,Lambeau Field,Lambeau Field,Lambeau Field,home_team_primary_stadium,,United States,False,False,78317,1,True,True,True,True,
2022_REG_04_NYJ_PIT_20221002,2022,REG,4,2022-10-02,13:00,NYJ,New York Jets,NYJ,PIT,Pittsburgh Steelers,PIT,Acrisure Stadium,Acrisure Stadium,Acrisure Stadium,Acrisure Stadium,home_team_primary_stadium,,United States,False,False,66578,1,True,True,True,True,
2022_REG_04_SEA_DET_20221002,2022,REG,4,2022-10-02,13:00,SEA,Seattle Seahawks,SEA,DET,Detroit Lions,DET,Ford Field,Ford Field,Ford Field,Ford Field,home_team_primary_stadium,,United States,False,False,63920,1,True,True,True,True,
2022_REG_04_TEN_IND_20221002,2022,REG,4,2022-10-02,13:00,TEN,Tennessee Titans,TEN,IND,Indianapolis Colts,IND,Lucas Oil Stadium,Lucas Oil Stadium,Lucas Oil Stadium,Lucas Oil Stadium,home_team_primary_stadium,,United States,False,False,65781,1,True,True,True,True,
2022_REG_04_WSH_DAL_20221002,2022,REG,4,2022-10-02,13:00,WSH,Washington Commanders,WAS,DAL,Dallas Cowboys,DAL,AT&T Stadium,AT&T Stadium,AT&T Stadium,AT&T Stadium,home_team_primary_stadium,,United States,False,False,92946,1,True,True,True,True,
2022_REG_04_LAR_SF_20221003,2022,REG,4,2022-10-03,20:15,LAR,Los Angeles Rams,LA,SF,San Francisco 49ers,SF,Levi's Stadium,Levi's Stadium,Levi's Stadium,Levi's Stadium,home_team_primary_stadium,,United States,False,False,71597,1,True,True,True,True,
2022_REG_05_IND_DEN_20221006,2022,REG,5,2022-10-06,20:15,IND,Indianapolis Colts,IND,DEN,Denver Broncos,DEN,Empower Field at Mile High,Empower Field at Mile High,Empower Field at Mile High,Empower Field at Mile High,home_team_primary_stadium,,United States,False,False,76667,1,True,True,True,True,
2022_REG_05_ATL_TB_20221009,2022,REG,5,2022-10-09,13:00,ATL,Atlanta Falcons,ATL,TB,Tampa Bay Buccaneers,TB,Raymond James Stadium,Raymond James Stadium,Raymond James Stadium,Raymond James Stadium,home_team_primary_stadium,,United States,False,False,68299,1,True,True,True,True,
2022_REG_05_CHI_MIN_20221009,2022,REG,5,2022-10-09,13:00,CHI,Chicago Bears,CHI,MIN,Minnesota Vikings,MIN,U.S. Bank Stadium,U.S. Bank Stadium,U.S. Bank Stadium,U.S. Bank Stadium,home_team_primary_stadium,,United States,False,False,66929,1,True,True,True,True,
2022_REG_05_CIN_BAL_20221009,2022,REG,5,2022-10-09,20:20,CIN,Cincinnati Bengals,CIN,BAL,Baltimore Ravens,BAL,M&T Bank Stadium,M&T Bank Stadium,M&T Bank Stadium,M&T Bank Stadium,home_team_primary_stadium,,United States,False,False,70548,1,True,True,True,True,
2022_REG_05_DAL_LAR_20221009,2022,REG,5,2022-10-09,16:25,DAL,Dallas Cowboys,DAL,LAR,Los Angeles Rams,LA,SoFi Stadium,SoFi Stadium,SoFi Stadium,SoFi Stadium,home_team_primary_stadium,,United States,False,False,74154,1,True,True,True,True,
2022_REG_05_DET_NE_20221009,2022,REG,5,2022-10-09,13:00,DET,Detroit Lions,DET,NE,New England Patriots,NE,Gillette Stadium,Gillette Stadium,Gillette Stadium,Gillette Stadium,home_team_primary_stadium,,United States,False,False,65878,1,True,True,True,True,
2022_REG_05_HOU_JAX_20221009,2022,REG,5,2022-10-09,13:00,HOU,Houston Texans,HOU,JAX,Jacksonville Jaguars,JAX,TIAA Bank Stadium,TIAA Bank Stadium,EverBank Stadium,TIAA Bank Stadium,actual_game_venue,,United States,True,False,60018,1,True,True,True,True,
2022_REG_05_LAC_CLE_20221009,2022,REG,5,2022-10-09,13:00,LAC,Los Angeles Chargers,LAC,CLE,Cleveland Browns,CLE,Huntington Bank Field,FirstEnergy Stadium,Huntington Bank Field,Huntington Bank Field,home_team_primary_stadium,,United States,False,False,67431,1,True,True,True,True,
2022_REG_05_MIA_NYJ_20221009,2022,REG,5,2022-10-09,13:00,MIA,Miami Dolphins,MIA,NYJ,New York Jets,NYJ,MetLife Stadium,MetLife Stadium,MetLife Stadium,MetLife Stadium,home_team_primary_stadium,,United States,False,False,82500,1,True,True,True,True,
2022_REG_05_NYG_GB_20221009,2022,REG,5,2022-10-09,09:30,NYG,New York Giants,NYG,GB,Green Bay Packers,GB,Tottenham Hotspur Stadium,Tottenham Stadium,Lambeau Field,Tottenham Hotspur Stadium,actual_game_venue,London,United Kingdom,True,True,61024,1,True,True,True,True,
2022_REG_05_PHI_ARI_20221009,2022,REG,5,2022-10-09,16:25,PHI,Philadelphia Eagles,PHI,ARI,Arizona Cardinals,ARI,State Farm Stadium,State Farm Stadium,State Farm Stadium,State Farm Stadium,home_team_primary_stadium,,United States,False,False,63919,1,True,True,True,True,
2022_REG_05_PIT_BUF_20221009,2022,REG,5,2022-10-09,13:00,PIT,Pittsburgh Steelers,PIT,BUF,Buffalo Bills,BUF,Highmark Stadium,New Era Field,Highmark Stadium,Highmark Stadium,home_team_primary_stadium,,United States,False,False,70764,1,True,True,True,True,
2022_REG_05_SEA_NO_20221009,2022,REG,5,2022-10-09,13:00,SEA,Seattle Seahawks,SEA,NO,New Orleans Saints,NO,Caesars Superdome,Mercedes-Benz Superdome,Caesars Superdome,Caesars Superdome,home_team_primary_stadium,,United States,False,False,70003,1,True,True,True,True,
2022_REG_05_SF_CAR_20221009,2022,REG,5,2022-10-09,16:05,SF,San Francisco 49ers,SF,CAR,Carolina Panthers,CAR,Bank of America Stadium,Bank of America Stadium,Bank of America Stadium,Bank of America Stadium,home_team_primary_stadium,,United States,False,False,72321,1,True,True,True,True,
2022_REG_05_TEN_WSH_20221009,2022,REG,5,2022-10-09,13:00,TEN,Tennessee Titans,TEN,WSH,Washington Commanders,WAS,Northwest Stadium,FedExField,Northwest Stadium,Northwest Stadium,home_team_primary_stadium,,United States,False,False,51836,1,True,True,True,True,
2022_REG_05_LV_KC_20221010,2022,REG,5,2022-10-10,20:15,LV,Las Vegas Raiders,LV,KC,Kansas City Chiefs,KC,Arrowhead Stadium,GEHA Field at Arrowhead Stadium,Arrowhead Stadium,Arrowhead Stadium,home_team_primary_stadium,,United States,False,False,73523,1,True,True,True,True,
2022_REG_06_WSH_CHI_20221013,2022,REG,6,2022-10-13,20:15,WSH,Washington Commanders,WAS,CHI,Chicago Bears,CHI,Soldier Field,Soldier Field,Soldier Field,Soldier Field,home_team_primary_stadium,,United States,False,False,61873,1,True,True,True,True,
2022_REG_06_ARI_SEA_20221016,2022,REG,6,2022-10-16,16:05,ARI,Arizona Cardinals,ARI,SEA,Seattle Seahawks,SEA,Lumen Field,Lumen Field,Lumen Field,Lumen Field,home_team_primary_stadium,,United States,False,False,68867,1,True,True,True,True,
2022_REG_06_BAL_NYG_20221016,2022,REG,6,2022-10-16,13:00,BAL,Baltimore Ravens,BAL,NYG,New York Giants,NYG,MetLife Stadium,MetLife Stadium,MetLife Stadium,MetLife Stadium,home_team_primary_stadium,,United States,False,False,78019,1,True,True,True,True,
2022_REG_06_BUF_KC_20221016,2022,REG,6,2022-10-16,16:25,BUF,Buffalo Bills,BUF,KC,Kansas City Chiefs,KC,Arrowhead Stadium,GEHA Field at Arrowhead Stadium,Arrowhead Stadium,Arrowhead Stadium,home_team_primary_stadium,,United States,False,False,73586,1,True,True,True,True,
2022_REG_06_CAR_LAR_20221016,2022,REG,6,2022-10-16,16:05,CAR,Carolina Panthers,CAR,LAR,Los Angeles Rams,LA,SoFi Stadium,SoFi Stadium,SoFi Stadium,SoFi Stadium,home_team_primary_stadium,,United States,False,False,71482,1,True,True,True,True,
2022_REG_06_CIN_NO_20221016,2022,REG,6,2022-10-16,13:00,CIN,Cincinnati Bengals,CIN,NO,New Orleans Saints,NO,Caesars Superdome,Mercedes-Benz Superdome,Caesars Superdome,Caesars Superdome,home_team_primary_stadium,,United States,False,False,70004,1,True,True,True,True,
2022_REG_06_DAL_PHI_20221016,2022,REG,6,2022-10-16,20:20,DAL,Dallas Cowboys,DAL,PHI,Philadelphia Eagles,PHI,Lincoln Financial Field,Lincoln Financial Field,Lincoln Financial Field,Lincoln Financial Field,home_team_primary_stadium,,United States,False,False,69879,1,True,True,True,True,
2022_REG_06_JAX_IND_20221016,2022,REG,6,2022-10-16,13:00,JAX,Jacksonville Jaguars,JAX,IND,Indianapolis Colts,IND,Lucas Oil Stadium,Lucas Oil Stadium,Lucas Oil Stadium,Lucas Oil Stadium,home_team_primary_stadium,,United States,False,False,65749,1,True,True,True,True,
2022_REG_06_MIN_MIA_20221016,2022,REG,6,2022-10-16,13:00,MIN,Minnesota Vikings,MIN,MIA,Miami Dolphins,MIA,Hard Rock Stadium,Hard Rock Stadium,Hard Rock Stadium,Hard Rock Stadium,home_team_primary_stadium,,United States,False,False,66100,1,True,True,True,True,
2022_REG_06_NE_CLE_20221016,2022,REG,6,2022-10-16,13:00,NE,New England Patriots,NE,CLE,Cleveland Browns,CLE,Huntington Bank Field,FirstEnergy Stadium,Huntington Bank Field,Huntington Bank Field,home_team_primary_stadium,,United States,False,False,67431,1,True,True,True,True,
2022_REG_06_NYJ_GB_20221016,2022,REG,6,2022-10-16,13:00,NYJ,New York Jets,NYJ,GB,Green Bay Packers,GB,Lambeau Field,Lambeau Field,Lambeau Field,Lambeau Field,home_team_primary_stadium,,United States,False,False,78343,1,True,True,True,True,
2022_REG_06_SF_ATL_20221016,2022,REG,6,2022-10-16,13:00,SF,San Francisco 49ers,SF,ATL,Atlanta Falcons,ATL,Mercedes-Benz Stadium,Mercedes-Benz Stadium,Mercedes-Benz Stadium,Mercedes-Benz Stadium,home_team_primary_stadium,,United States,False,False,69813,1,True,True,True,True,
2022_REG_06_TB_PIT_20221016,2022,REG,6,2022-10-16,13:00,TB,Tampa Bay Buccaneers,TB,PIT,Pittsburgh Steelers,PIT,Acrisure Stadium,Acrisure Stadium,Acrisure Stadium,Acrisure Stadium,home_team_primary_stadium,,United States,False,False,67307,1,True,True,True,True,
2022_REG_06_DEN_LAC_20221017,2022,REG,6,2022-10-17,20:15,DEN,Denver Broncos,DEN,LAC,Los Angeles Chargers,LAC,SoFi Stadium,SoFi Stadium,SoFi Stadium,SoFi Stadium,home_team_primary_stadium,,United States,False,False,70240,1,True,True,True,True,
2022_REG_07_NO_ARI_20221020,2022,REG,7,2022-10-20,20:15,NO,New Orleans Saints,NO,ARI,Arizona Cardinals,ARI,State Farm Stadium,State Farm Stadium,State Farm Stadium,State Farm Stadium,home_team_primary_stadium,,United States,False,False,63290,1,True,True,True,True,
2022_REG_07_ATL_CIN_20221023,2022,REG,7,2022-10-23,13:00,ATL,Atlanta Falcons,ATL,CIN,Cincinnati Bengals,CIN,Paycor Stadium,Paycor Stadium,Paycor Stadium,Paycor Stadium,home_team_primary_stadium,,United States,False,False,66158,1,True,True,True,True,
2022_REG_07_CLE_BAL_20221023,2022,REG,7,2022-10-23,13:00,CLE,Cleveland Browns,CLE,BAL,Baltimore Ravens,BAL,M&T Bank Stadium,M&T Bank Stadium,M&T Bank Stadium,M&T Bank Stadium,home_team_primary_stadium,,United States,False,False,70461,1,True,True,True,True,
2022_REG_07_DET_DAL_20221023,2022,REG,7,2022-10-23,13:00,DET,Detroit Lions,DET,DAL,Dallas Cowboys,DAL,AT&T Stadium,AT&T Stadium,AT&T Stadium,AT&T Stadium,home_team_primary_stadium,,United States,False,False,93487,1,True,True,True,True,
2022_REG_07_GB_WSH_20221023,2022,REG,7,2022-10-23,13:00,GB,Green Bay Packers,GB,WSH,Washington Commanders,WAS,Northwest Stadium,FedExField,Northwest Stadium,Northwest Stadium,home_team_primary_stadium,,United States,False,False,60427,1,True,True,True,True,
2022_REG_07_HOU_LV_20221023,2022,REG,7,2022-10-23,16:05,HOU,Houston Texans,HOU,LV,Las Vegas Raiders,LV,Allegiant Stadium,Allegiant Stadium,Allegiant Stadium,Allegiant Stadium,home_team_primary_stadium,,United States,False,False,61228,1,True,True,True,True,
2022_REG_07_IND_TEN_20221023,2022,REG,7,2022-10-23,13:00,IND,Indianapolis Colts,IND,TEN,Tennessee Titans,TEN,Nissan Stadium,Nissan Stadium,Nissan Stadium,Nissan Stadium,home_team_primary_stadium,,United States,False,False,69459,1,True,True,True,True,
2022_REG_07_KC_SF_20221023,2022,REG,7,2022-10-23,16:25,KC,Kansas City Chiefs,KC,SF,San Francisco 49ers,SF,Levi's Stadium,Levi's Stadium,Levi's Stadium,Levi's Stadium,home_team_primary_stadium,,United States,False,False,71746,1,True,True,True,True,
2022_REG_07_NYG_JAX_20221023,2022,REG,7,2022-10-23,13:00,NYG,New York Giants,NYG,JAX,Jacksonville Jaguars,JAX,TIAA Bank Stadium,TIAA Bank Stadium,EverBank Stadium,TIAA Bank Stadium,actual_game_venue,,United States,True,False,65664,1,True,True,True,True,
2022_REG_07_NYJ_DEN_20221023,2022,REG,7,2022-10-23,16:05,NYJ,New York Jets,NYJ,DEN,Denver Broncos,DEN,Empower Field at Mile High,Empower Field at Mile High,Empower Field at Mile High,Empower Field at Mile High,home_team_primary_stadium,,United States,False,False,76624,1,True,True,True,True,
2022_REG_07_PIT_MIA_20221023,2022,REG,7,2022-10-23,20:20,PIT,Pittsburgh Steelers,PIT,MIA,Miami Dolphins,MIA,Hard Rock Stadium,Hard Rock Stadium,Hard Rock Stadium,Hard Rock Stadium,home_team_primary_stadium,,United States,False,False,66224,1,True,True,True,True,
2022_REG_07_SEA_LAC_20221023,2022,REG,7,2022-10-23,16:25,SEA,Seattle Seahawks,SEA,LAC,Los Angeles Chargers,LAC,SoFi Stadium,SoFi Stadium,SoFi Stadium,SoFi Stadium,home_team_primary_stadium,,United States,False,False,70240,1,True,True,True,True,
2022_REG_07_TB_CAR_20221023,2022,REG,7,2022-10-23,13:00,TB,Tampa Bay Buccaneers,TB,CAR,Carolina Panthers,CAR,Bank of America Stadium,Bank of America Stadium,Bank of America Stadium,Bank of America Stadium,home_team_primary_stadium,,United States,False,False,71941,1,True,True,True,True,
2022_REG_07_CHI_NE_20221024,2022,REG,7,2022-10-24,20:15,CHI,Chicago Bears,CHI,NE,New England Patriots,NE,Gillette Stadium,Gillette Stadium,Gillette Stadium,Gillette Stadium,home_team_primary_stadium,,United States,False,False,65878,1,True,True,True,True,
2022_REG_08_BAL_TB_20221027,2022,REG,8,2022-10-27,20:15,BAL,Baltimore Ravens,BAL,TB,Tampa Bay Buccaneers,TB,Raymond James Stadium,Raymond James Stadium,Raymond James Stadium,Raymond James Stadium,home_team_primary_stadium,,United States,False,False,68912,1,True,True,True,True,
2022_REG_08_ARI_MIN_20221030,2022,REG,8,2022-10-30,13:00,ARI,Arizona Cardinals,ARI,MIN,Minnesota Vikings,MIN,U.S. Bank Stadium,U.S. Bank Stadium,U.S. Bank Stadium,U.S. Bank Stadium,home_team_primary_stadium,,United States,False,False,66742,1,True,True,True,True,
2022_REG_08_CAR_ATL_20221030,2022,REG,8,2022-10-30,13:00,CAR,Carolina Panthers,CAR,ATL,Atlanta Falcons,ATL,Mercedes-Benz Stadium,Mercedes-Benz Stadium,Mercedes-Benz Stadium,Mercedes-Benz Stadium,home_team_primary_stadium,,United States,False,False,68996,1,True,True,True,True,
2022_REG_08_CHI_DAL_20221030,2022,REG,8,2022-10-30,13:00,CHI,Chicago Bears,CHI,DAL,Dallas Cowboys,DAL,AT&T Stadium,AT&T Stadium,AT&T Stadium,AT&T Stadium,home_team_primary_stadium,,United States,False,False,93767,1,True,True,True,True,
2022_REG_08_DEN_JAX_20221030,2022,REG,8,2022-10-30,09:30,DEN,Denver Broncos,DEN,JAX,Jacksonville Jaguars,JAX,Wembley Stadium,Wembley Stadium,EverBank Stadium,Wembley Stadium,actual_game_venue,London,United Kingdom,True,True,86215,1,True,True,True,True,
2022_REG_08_GB_BUF_20221030,2022,REG,8,2022-10-30,20:20,GB,Green Bay Packers,GB,BUF,Buffalo Bills,BUF,Highmark Stadium,New Era Field,Highmark Stadium,Highmark Stadium,home_team_primary_stadium,,United States,False,False,70863,1,True,True,True,True,
2022_REG_08_LV_NO_20221030,2022,REG,8,2022-10-30,13:00,LV,Las Vegas Raiders,LV,NO,New Orleans Saints,NO,Caesars Superdome,Mercedes-Benz Superdome,Caesars Superdome,Caesars Superdome,home_team_primary_stadium,,United States,False,False,70009,1,True,True,True,True,
2022_REG_08_MIA_DET_20221030,2022,REG,8,2022-10-30,13:00,MIA,Miami Dolphins,MIA,DET,Detroit Lions,DET,Ford Field,Ford Field,Ford Field,Ford Field,home_team_primary_stadium,,United States,False,False,61447,1,True,True,True,True,
2022_REG_08_NE_NYJ_20221030,2022,REG,8,2022-10-30,13:00,NE,New England Patriots,NE,NYJ,New York Jets,NYJ,MetLife Stadium,MetLife Stadium,MetLife Stadium,MetLife Stadium,home_team_primary_stadium,,United States,False,False,82823,1,True,True,True,True,
2022_REG_08_NYG_SEA_20221030,2022,REG,8,2022-10-30,16:25,NYG,New York Giants,NYG,SEA,Seattle Seahawks,SEA,Lumen Field,Lumen Field,Lumen Field,Lumen Field,home_team_primary_stadium,,United States,False,False,68921,1,True,True,True,True,
2022_REG_08_PIT_PHI_20221030,2022,REG,8,2022-10-30,13:00,PIT,Pittsburgh Steelers,PIT,PHI,Philadelphia Eagles,PHI,Lincoln Financial Field,Lincoln Financial Field,Lincoln Financial Field,Lincoln Financial Field,home_team_primary_stadium,,United States,False,False,69879,1,True,True,True,True,
2022_REG_08_SF_LAR_20221030,2022,REG,8,2022-10-30,16:25,SF,San Francisco 49ers,SF,LAR,Los Angeles Rams,LA,SoFi Stadium,SoFi Stadium,SoFi Stadium,SoFi Stadium,home_team_primary_stadium,,United States,False,False,73505,1,True,True,True,True,
2022_REG_08_TEN_HOU_20221030,2022,REG,8,2022-10-30,16:05,TEN,Tennessee Titans,TEN,HOU,Houston Texans,HOU,NRG Stadium,NRG Stadium,NRG Stadium,NRG Stadium,home_team_primary_stadium,,United States,False,False,68467,1,True,True,True,True,
2022_REG_08_WSH_IND_20221030,2022,REG,8,2022-10-30,16:25,WSH,Washington Commanders,WAS,IND,Indianapolis Colts,IND,Lucas Oil Stadium,Lucas Oil Stadium,Lucas Oil Stadium,Lucas Oil Stadium,home_team_primary_stadium,,United States,False,False,65515,1,True,True,True,True,
2022_REG_08_CIN_CLE_20221031,2022,REG,8,2022-10-31,20:15,CIN,Cincinnati Bengals,CIN,CLE,Cleveland Browns,CLE,Huntington Bank Field,FirstEnergy Stadium,Huntington Bank Field,Huntington Bank Field,home_team_primary_stadium,,United States,False,False,67431,1,True,True,True,True,
2022_REG_09_PHI_HOU_20221103,2022,REG,9,2022-11-03,20:15,PHI,Philadelphia Eagles,PHI,HOU,Houston Texans,HOU,NRG Stadium,NRG Stadium,NRG Stadium,NRG Stadium,home_team_primary_stadium,,United States,False,False,68831,1,True,True,True,True,
2022_REG_09_BUF_NYJ_20221106,2022,REG,9,2022-11-06,13:00,BUF,Buffalo Bills,BUF,NYJ,New York Jets,NYJ,MetLife Stadium,MetLife Stadium,MetLife Stadium,MetLife Stadium,home_team_primary_stadium,,United States,False,False,83135,1,True,True,True,True,
2022_REG_09_CAR_CIN_20221106,2022,REG,9,2022-11-06,13:00,CAR,Carolina Panthers,CAR,CIN,Cincinnati Bengals,CIN,Paycor Stadium,Paycor Stadium,Paycor Stadium,Paycor Stadium,home_team_primary_stadium,,United States,False,False,66160,1,True,True,True,True,
2022_REG_09_GB_DET_20221106,2022,REG,9,2022-11-06,13:00,GB,Green Bay Packers,GB,DET,Detroit Lions,DET,Ford Field,Ford Field,Ford Field,Ford Field,home_team_primary_stadium,,United States,False,False,63379,1,True,True,True,True,
2022_REG_09_IND_NE_20221106,2022,REG,9,2022-11-06,13:00,IND,Indianapolis Colts,IND,NE,New England Patriots,NE,Gillette Stadium,Gillette Stadium,Gillette Stadium,Gillette Stadium,home_team_primary_stadium,,United States,False,False,65878,1,True,True,True,True,
2022_REG_09_LAC_ATL_20221106,2022,REG,9,2022-11-06,13:00,LAC,Los Angeles Chargers,LAC,ATL,Atlanta Falcons,ATL,Mercedes-Benz Stadium,Mercedes-Benz Stadium,Mercedes-Benz Stadium,Mercedes-Benz Stadium,home_team_primary_stadium,,United States,False,False,69299,1,True,True,True,True,
2022_REG_09_LAR_TB_20221106,2022,REG,9,2022-11-06,16:25,LAR,Los Angeles Rams,LA,TB,Tampa Bay Buccaneers,TB,Raymond James Stadium,Raymond James Stadium,Raymond James Stadium,Raymond James Stadium,home_team_primary_stadium,,United States,False,False,69019,1,True,True,True,True,
2022_REG_09_LV_JAX_20221106,2022,REG,9,2022-11-06,13:00,LV,Las Vegas Raiders,LV,JAX,Jacksonville Jaguars,JAX,TIAA Bank Stadium,TIAA Bank Stadium,EverBank Stadium,TIAA Bank Stadium,actual_game_venue,,United States,True,False,62758,1,True,True,True,True,
2022_REG_09_MIA_CHI_20221106,2022,REG,9,2022-11-06,13:00,MIA,Miami Dolphins,MIA,CHI,Chicago Bears,CHI,Soldier Field,Soldier Field,Soldier Field,Soldier Field,home_team_primary_stadium,,United States,False,False,62377,1,True,True,True,True,
2022_REG_09_MIN_WSH_20221106,2022,REG,9,2022-11-06,13:00,MIN,Minnesota Vikings,MIN,WSH,Washington Commanders,WAS,Northwest Stadium,FedExField,Northwest Stadium,Northwest Stadium,home_team_primary_stadium,,United States,False,False,58651,1,True,True,True,True,
2022_REG_09_SEA_ARI_20221106,2022,REG,9,2022-11-06,16:05,SEA,Seattle Seahawks,SEA,ARI,Arizona Cardinals,ARI,State Farm Stadium,State Farm Stadium,State Farm Stadium,State Farm Stadium,home_team_primary_stadium,,United States,False,False,63982,1,True,True,True,True,
2022_REG_09_TEN_KC_20221106,2022,REG,9,2022-11-06,20:20,TEN,Tennessee Titans,TEN,KC,Kansas City Chiefs,KC,Arrowhead Stadium,GEHA Field at Arrowhead Stadium,Arrowhead Stadium,Arrowhead Stadium,home_team_primary_stadium,,United States,False,False,73475,1,True,True,True,True,
2022_REG_09_BAL_NO_20221107,2022,REG,9,2022-11-07,20:15,BAL,Baltimore Ravens,BAL,NO,New Orleans Saints,NO,Caesars Superdome,Mercedes-Benz Superdome,Caesars Superdome,Caesars Superdome,home_team_primary_stadium,,United States,False,False,70010,1,True,True,True,True,
2022_REG_10_ATL_CAR_20221110,2022,REG,10,2022-11-10,20:15,ATL,Atlanta Falcons,ATL,CAR,Carolina Panthers,CAR,Bank of America Stadium,Bank of America Stadium,Bank of America Stadium,Bank of America Stadium,home_team_primary_stadium,,United States,False,False,72029,1,True,True,True,True,
2022_REG_10_ARI_LAR_20221113,2022,REG,10,2022-11-13,16:25,ARI,Arizona Cardinals,ARI,LAR,Los Angeles Rams,LA,SoFi Stadium,SoFi Stadium,SoFi Stadium,SoFi Stadium,home_team_primary_stadium,,United States,False,False,71752,1,True,True,True,True,
2022_REG_10_CLE_MIA_20221113,2022,REG,10,2022-11-13,13:00,CLE,Cleveland Browns,CLE,MIA,Miami Dolphins,MIA,Hard Rock Stadium,Hard Rock Stadium,Hard Rock Stadium,Hard Rock Stadium,home_team_primary_stadium,,United States,False,False,66563,1,True,True,True,True,
2022_REG_10_DAL_GB_20221113,2022,REG,10,2022-11-13,16:25,DAL,Dallas Cowboys,DAL,GB,Green Bay Packers,GB,Lambeau Field,Lambeau Field,Lambeau Field,Lambeau Field,home_team_primary_stadium,,United States,False,False,78433,1,True,True,True,True,
2022_REG_10_DEN_TEN_20221113,2022,REG,10,2022-11-13,13:00,DEN,Denver Broncos,DEN,TEN,Tennessee Titans,TEN,Nissan Stadium,Nissan Stadium,Nissan Stadium,Nissan Stadium,home_team_primary_stadium,,United States,False,False,69240,1,True,True,True,True,
2022_REG_10_DET_CHI_20221113,2022,REG,10,2022-11-13,13:00,DET,Detroit Lions,DET,CHI,Chicago Bears,CHI,Soldier Field,Soldier Field,Soldier Field,Soldier Field,home_team_primary_stadium,,United States,False,False,61817,1,True,True,True,True,
2022_REG_10_HOU_NYG_20221113,2022,REG,10,2022-11-13,13:00,HOU,Houston Texans,HOU,NYG,New York Giants,NYG,MetLife Stadium,MetLife Stadium,MetLife Stadium,MetLife Stadium,home_team_primary_stadium,,United States,False,False,71615,1,True,True,True,True,
2022_REG_10_IND_LV_20221113,2022,REG,10,2022-11-13,16:05,IND,Indianapolis Colts,IND,LV,Las Vegas Raiders,LV,Allegiant Stadium,Allegiant Stadium,Allegiant Stadium,Allegiant Stadium,home_team_primary_stadium,,United States,False,False,62197,1,True,True,True,True,
2022_REG_10_JAX_KC_20221113,2022,REG,10,2022-11-13,13:00,JAX,Jacksonville Jaguars,JAX,KC,Kansas City Chiefs,KC,Arrowhead Stadium,GEHA Field at Arrowhead Stadium,Arrowhead Stadium,Arrowhead Stadium,home_team_primary_stadium,,United States,False,False,73493,1,True,True,True,True,
2022_REG_10_LAC_SF_20221113,2022,REG,10,2022-11-13,20:20,LAC,Los Angeles Chargers,LAC,SF,San Francisco 49ers,SF,Levi's Stadium,Levi's Stadium,Levi's Stadium,Levi's Stadium,home_team_primary_stadium,,United States,False,False,71709,1,True,True,True,True,
2022_REG_10_MIN_BUF_20221113,2022,REG,10,2022-11-13,13:00,MIN,Minnesota Vikings,MIN,BUF,Buffalo Bills,BUF,Highmark Stadium,New Era Field,Highmark Stadium,Highmark Stadium,home_team_primary_stadium,,United States,False,False,70844,1,True,True,True,True,
2022_REG_10_NO_PIT_20221113,2022,REG,10,2022-11-13,13:00,NO,New Orleans Saints,NO,PIT,Pittsburgh Steelers,PIT,Acrisure Stadium,Acrisure Stadium,Acrisure Stadium,Acrisure Stadium,home_team_primary_stadium,,United States,False,False,66544,1,True,True,True,True,
2022_REG_10_SEA_TB_20221113,2022,REG,10,2022-11-13,09:30,SEA,Seattle Seahawks,SEA,TB,Tampa Bay Buccaneers,TB,Allianz Arena,Allianz Arena,Raymond James Stadium,Allianz Arena,actual_game_venue,Munich,Germany,True,True,69811,1,True,True,True,True,
2022_REG_10_WSH_PHI_20221114,2022,REG,10,2022-11-14,20:15,WSH,Washington Commanders,WAS,PHI,Philadelphia Eagles,PHI,Lincoln Financial Field,Lincoln Financial Field,Lincoln Financial Field,Lincoln Financial Field,home_team_primary_stadium,,United States,False,False,69879,1,True,True,True,True,
2022_REG_11_TEN_GB_20221117,2022,REG,11,2022-11-17,20:15,TEN,Tennessee Titans,TEN,GB,Green Bay Packers,GB,Lambeau Field,Lambeau Field,Lambeau Field,Lambeau Field,home_team_primary_stadium,,United States,False,False,77506,1,True,True,True,True,
2022_REG_11_CAR_BAL_20221120,2022,REG,11,2022-11-20,13:00,CAR,Carolina Panthers,CAR,BAL,Baltimore Ravens,BAL,M&T Bank Stadium,M&T Bank Stadium,M&T Bank Stadium,M&T Bank Stadium,home_team_primary_stadium,,United States,False,False,70677,1,True,True,True,True,
2022_REG_11_CHI_ATL_20221120,2022,REG,11,2022-11-20,13:00,CHI,Chicago Bears,CHI,ATL,Atlanta Falcons,ATL,Mercedes-Benz Stadium,Mercedes-Benz Stadium,Mercedes-Benz Stadium,Mercedes-Benz Stadium,home_team_primary_stadium,,United States,False,False,69757,1,True,True,True,True,
2022_REG_11_CIN_PIT_20221120,2022,REG,11,2022-11-20,16:25,CIN,Cincinnati Bengals,CIN,PIT,Pittsburgh Steelers,PIT,Acrisure Stadium,Acrisure Stadium,Acrisure Stadium,Acrisure Stadium,home_team_primary_stadium,,United States,False,False,66401,1,True,True,True,True,
2022_REG_11_CLE_BUF_20221120,2022,REG,11,2022-11-20,13:00,CLE,Cleveland Browns,CLE,BUF,Buffalo Bills,BUF,Ford Field,Ford Field,Highmark Stadium,Ford Field,actual_game_venue,,United States,True,False,52146,1,True,True,True,True,
2022_REG_11_DAL_MIN_20221120,2022,REG,11,2022-11-20,16:25,DAL,Dallas Cowboys,DAL,MIN,Minnesota Vikings,MIN,U.S. Bank Stadium,U.S. Bank Stadium,U.S. Bank Stadium,U.S. Bank Stadium,home_team_primary_stadium,,United States,False,False,65304,1,True,True,True,True,
2022_REG_11_DET_NYG_20221120,2022,REG,11,2022-11-20,13:00,DET,Detroit Lions,DET,NYG,New York Giants,NYG,MetLife Stadium,MetLife Stadium,MetLife Stadium,MetLife Stadium,home_team_primary_stadium,,United States,False,False,76267,1,True,True,True,True,
2022_REG_11_KC_LAC_20221120,2022,REG,11,2022-11-20,20:20,KC,Kansas City Chiefs,KC,LAC,Los Angeles Chargers,LAC,SoFi Stadium,SoFi Stadium,SoFi Stadium,SoFi Stadium,home_team_primary_stadium,,United States,False,False,70240,1,True,True,True,True,
2022_REG_11_LAR_NO_20221120,2022,REG,11,2022-11-20,13:00,LAR,Los Angeles Rams,LA,NO,New Orleans Saints,NO,Caesars Superdome,Mercedes-Benz Superdome,Caesars Superdome,Caesars Superdome,home_team_primary_stadium,,United States,False,False,70025,1,True,True,True,True,
2022_REG_11_LV_DEN_20221120,2022,REG,11,2022-11-20,16:05,LV,Las Vegas Raiders,LV,DEN,Denver Broncos,DEN,Empower Field at Mile High,Empower Field at Mile High,Empower Field at Mile High,Empower Field at Mile High,home_team_primary_stadium,,United States,False,False,76056,1,True,True,True,True,
2022_REG_11_NYJ_NE_20221120,2022,REG,11,2022-11-20,13:00,NYJ,New York Jets,NYJ,NE,New England Patriots,NE,Gillette Stadium,Gillette Stadium,Gillette Stadium,Gillette Stadium,home_team_primary_stadium,,United States,False,False,65878,1,True,True,True,True,
2022_REG_11_PHI_IND_20221120,2022,REG,11,2022-11-20,13:00,PHI,Philadelphia Eagles,PHI,IND,Indianapolis Colts,IND,Lucas Oil Stadium,Lucas Oil Stadium,Lucas Oil Stadium,Lucas Oil Stadium,home_team_primary_stadium,,United States,False,False,66241,1,True,True,True,True,
2022_REG_11_WSH_HOU_20221120,2022,REG,11,2022-11-20,13:00,WSH,Washington Commanders,WAS,HOU,Houston Texans,HOU,NRG Stadium,NRG Stadium,NRG Stadium,NRG Stadium,home_team_primary_stadium,,United States,False,False,65865,1,True,True,True,True,
2022_REG_11_SF_ARI_20221121,2022,REG,11,2022-11-21,20:15,SF,San Francisco 49ers,SF,ARI,Arizona Cardinals,ARI,Estadio Azteca,Azteca Stadium,State Farm Stadium,Estadio Azteca,actual_game_venue,Mexico City,Mexico,True,True,78427,1,True,True,True,True,
2022_REG_12_BUF_DET_20221124,2022,REG,12,2022-11-24,12:30,BUF,Buffalo Bills,BUF,DET,Detroit Lions,DET,Ford Field,Ford Field,Ford Field,Ford Field,home_team_primary_stadium,,United States,False,False,66553,1,True,True,True,True,
2022_REG_12_NE_MIN_20221124,2022,REG,12,2022-11-24,20:20,NE,New England Patriots,NE,MIN,Minnesota Vikings,MIN,U.S. Bank Stadium,U.S. Bank Stadium,U.S. Bank Stadium,U.S. Bank Stadium,home_team_primary_stadium,,United States,False,False,66918,1,True,True,True,True,
2022_REG_12_NYG_DAL_20221124,2022,REG,12,2022-11-24,16:30,NYG,New York Giants,NYG,DAL,Dallas Cowboys,DAL,AT&T Stadium,AT&T Stadium,AT&T Stadium,AT&T Stadium,home_team_primary_stadium,,United States,False,False,93568,1,True,True,True,True,
2022_REG_12_ATL_WSH_20221127,2022,REG,12,2022-11-27,13:00,ATL,Atlanta Falcons,ATL,WSH,Washington Commanders,WAS,Northwest Stadium,FedExField,Northwest Stadium,Northwest Stadium,home_team_primary_stadium,,United States,False,False,53864,1,True,True,True,True,
2022_REG_12_BAL_JAX_20221127,2022,REG,12,2022-11-27,13:00,BAL,Baltimore Ravens,BAL,JAX,Jacksonville Jaguars,JAX,TIAA Bank Stadium,TIAA Bank Stadium,EverBank Stadium,TIAA Bank Stadium,actual_game_venue,,United States,True,False,59560,1,True,True,True,True,
2022_REG_12_CHI_NYJ_20221127,2022,REG,12,2022-11-27,13:00,CHI,Chicago Bears,CHI,NYJ,New York Jets,NYJ,MetLife Stadium,MetLife Stadium,MetLife Stadium,MetLife Stadium,home_team_primary_stadium,,United States,False,False,77963,1,True,True,True,True,
2022_REG_12_CIN_TEN_20221127,2022,REG,12,2022-11-27,13:00,CIN,Cincinnati Bengals,CIN,TEN,Tennessee Titans,TEN,Nissan Stadium,Nissan Stadium,Nissan Stadium,Nissan Stadium,home_team_primary_stadium,,United States,False,False,69441,1,True,True,True,True,
2022_REG_12_DEN_CAR_20221127,2022,REG,12,2022-11-27,13:00,DEN,Denver Broncos,DEN,CAR,Carolina Panthers,CAR,Bank of America Stadium,Bank of America Stadium,Bank of America Stadium,Bank of America Stadium,home_team_primary_stadium,,United States,False,False,70644,1,True,True,True,True,
2022_REG_12_GB_PHI_20221127,2022,REG,12,2022-11-27,20:20,GB,Green Bay Packers,GB,PHI,Philadelphia Eagles,PHI,Lincoln Financial Field,Lincoln Financial Field,Lincoln Financial Field,Lincoln Financial Field,home_team_primary_stadium,,United States,False,False,69879,1,True,True,True,True,
2022_REG_12_HOU_MIA_20221127,2022,REG,12,2022-11-27,13:00,HOU,Houston Texans,HOU,MIA,Miami Dolphins,MIA,Hard Rock Stadium,Hard Rock Stadium,Hard Rock Stadium,Hard Rock Stadium,home_team_primary_stadium,,United States,False,False,66205,1,True,True,True,True,
2022_REG_12_LAC_ARI_20221127,2022,REG,12,2022-11-27,16:05,LAC,Los Angeles Chargers,LAC,ARI,Arizona Cardinals,ARI,State Farm Stadium,State Farm Stadium,State Farm Stadium,State Farm Stadium,home_team_primary_stadium,,United States,False,False,63628,1,True,True,True,True,
2022_REG_12_LAR_KC_20221127,2022,REG,12,2022-11-27,16:25,LAR,Los Angeles Rams,LA,KC,Kansas City Chiefs,KC,Arrowhead Stadium,GEHA Field at Arrowhead Stadium,Arrowhead Stadium,Arrowhead Stadium,home_team_primary_stadium,,United States,False,False,73557,1,True,True,True,True,
2022_REG_12_LV_SEA_20221127,2022,REG,12,2022-11-27,16:05,LV,Las Vegas Raiders,LV,SEA,Seattle Seahawks,SEA,Lumen Field,Lumen Field,Lumen Field,Lumen Field,home_team_primary_stadium,,United States,False,False,68849,1,True,True,True,True,
2022_REG_12_NO_SF_20221127,2022,REG,12,2022-11-27,16:25,NO,New Orleans Saints,NO,SF,San Francisco 49ers,SF,Levi's Stadium,Levi's Stadium,Levi's Stadium,Levi's Stadium,home_team_primary_stadium,,United States,False,False,71275,1,True,True,True,True,
2022_REG_12_TB_CLE_20221127,2022,REG,12,2022-11-27,13:00,TB,Tampa Bay Buccaneers,TB,CLE,Cleveland Browns,CLE,Huntington Bank Field,FirstEnergy Stadium,Huntington Bank Field,Huntington Bank Field,home_team_primary_stadium,,United States,False,False,67431,1,True,True,True,True,
2022_REG_12_PIT_IND_20221128,2022,REG,12,2022-11-28,20:15,PIT,Pittsburgh Steelers,PIT,IND,Indianapolis Colts,IND,Lucas Oil Stadium,Lucas Oil Stadium,Lucas Oil Stadium,Lucas Oil Stadium,home_team_primary_stadium,,United States,False,False,65982,1,True,True,True,True,
2022_REG_13_BUF_NE_20221201,2022,REG,13,2022-12-01,20:15,BUF,Buffalo Bills,BUF,NE,New England Patriots,NE,Gillette Stadium,Gillette Stadium,Gillette Stadium,Gillette Stadium,home_team_primary_stadium,,United States,False,False,65878,1,True,True,True,True,
2022_REG_13_CLE_HOU_20221204,2022,REG,13,2022-12-04,13:00,CLE,Cleveland Browns,CLE,HOU,Houston Texans,HOU,NRG Stadium,NRG Stadium,NRG Stadium,NRG Stadium,home_team_primary_stadium,,United States,False,False,66523,1,True,True,True,True,
2022_REG_13_DEN_BAL_20221204,2022,REG,13,2022-12-04,13:00,DEN,Denver Broncos,DEN,BAL,Baltimore Ravens,BAL,M&T Bank Stadium,M&T Bank Stadium,M&T Bank Stadium,M&T Bank Stadium,home_team_primary_stadium,,United States,False,False,70443,1,True,True,True,True,
2022_REG_13_GB_CHI_20221204,2022,REG,13,2022-12-04,13:00,GB,Green Bay Packers,GB,CHI,Chicago Bears,CHI,Soldier Field,Soldier Field,Soldier Field,Soldier Field,home_team_primary_stadium,,United States,False,False,61233,1,True,True,True,True,
2022_REG_13_IND_DAL_20221204,2022,REG,13,2022-12-04,20:20,IND,Indianapolis Colts,IND,DAL,Dallas Cowboys,DAL,AT&T Stadium,AT&T Stadium,AT&T Stadium,AT&T Stadium,home_team_primary_stadium,,United States,False,False,93086,1,True,True,True,True,
2022_REG_13_JAX_DET_20221204,2022,REG,13,2022-12-04,13:00,JAX,Jacksonville Jaguars,JAX,DET,Detroit Lions,DET,Ford Field,Ford Field,Ford Field,Ford Field,home_team_primary_stadium,,United States,False,False,60743,1,True,True,True,True,
2022_REG_13_KC_CIN_20221204,2022,REG,13,2022-12-04,16:25,KC,Kansas City Chiefs,KC,CIN,Cincinnati Bengals,CIN,Paycor Stadium,Paycor Stadium,Paycor Stadium,Paycor Stadium,home_team_primary_stadium,,United States,False,False,66243,1,True,True,True,True,
2022_REG_13_LAC_LV_20221204,2022,REG,13,2022-12-04,16:25,LAC,Los Angeles Chargers,LAC,LV,Las Vegas Raiders,LV,Allegiant Stadium,Allegiant Stadium,Allegiant Stadium,Allegiant Stadium,home_team_primary_stadium,,United States,False,False,62123,1,True,True,True,True,
2022_REG_13_MIA_SF_20221204,2022,REG,13,2022-12-04,16:05,MIA,Miami Dolphins,MIA,SF,San Francisco 49ers,SF,Levi's Stadium,Levi's Stadium,Levi's Stadium,Levi's Stadium,home_team_primary_stadium,,United States,False,False,71732,1,True,True,True,True,
2022_REG_13_NYJ_MIN_20221204,2022,REG,13,2022-12-04,13:00,NYJ,New York Jets,NYJ,MIN,Minnesota Vikings,MIN,U.S. Bank Stadium,U.S. Bank Stadium,U.S. Bank Stadium,U.S. Bank Stadium,home_team_primary_stadium,,United States,False,False,66973,1,True,True,True,True,
2022_REG_13_PIT_ATL_20221204,2022,REG,13,2022-12-04,13:00,PIT,Pittsburgh Steelers,PIT,ATL,Atlanta Falcons,ATL,Mercedes-Benz Stadium,Mercedes-Benz Stadium,Mercedes-Benz Stadium,Mercedes-Benz Stadium,home_team_primary_stadium,,United States,False,False,70325,1,True,True,True,True,
2022_REG_13_SEA_LAR_20221204,2022,REG,13,2022-12-04,16:05,SEA,Seattle Seahawks,SEA,LAR,Los Angeles Rams,LA,SoFi Stadium,SoFi Stadium,SoFi Stadium,SoFi Stadium,home_team_primary_stadium,,United States,False,False,71802,1,True,True,True,True,
2022_REG_13_TEN_PHI_20221204,2022,REG,13,2022-12-04,13:00,TEN,Tennessee Titans,TEN,PHI,Philadelphia Eagles,PHI,Lincoln Financial Field,Lincoln Financial Field,Lincoln Financial Field,Lincoln Financial Field,home_team_primary_stadium,,United States,False,False,69879,1,True,True,True,True,
2022_REG_13_WSH_NYG_20221204,2022,REG,13,2022-12-04,13:00,WSH,Washington Commanders,WAS,NYG,New York Giants,NYG,MetLife Stadium,MetLife Stadium,MetLife Stadium,MetLife Stadium,home_team_primary_stadium,,United States,False,False,76128,1,True,True,True,True,
2022_REG_13_NO_TB_20221205,2022,REG,13,2022-12-05,20:15,NO,New Orleans Saints,NO,TB,Tampa Bay Buccaneers,TB,Raymond James Stadium,Raymond James Stadium,Raymond James Stadium,Raymond James Stadium,home_team_primary_stadium,,United States,False,False,68709,1,True,True,True,True,
2022_REG_14_LV_LAR_20221208,2022,REG,14,2022-12-08,20:15,LV,Las Vegas Raiders,LV,LAR,Los Angeles Rams,LA,SoFi Stadium,SoFi Stadium,SoFi Stadium,SoFi Stadium,home_team_primary_stadium,,United States,False,False,74738,1,True,True,True,True,
2022_REG_14_BAL_PIT_20221211,2022,REG,14,2022-12-11,13:00,BAL,Baltimore Ravens,BAL,PIT,Pittsburgh Steelers,PIT,Acrisure Stadium,Acrisure Stadium,Acrisure Stadium,Acrisure Stadium,home_team_primary_stadium,,United States,False,False,66326,1,True,True,True,True,
2022_REG_14_CAR_SEA_20221211,2022,REG,14,2022-12-11,16:25,CAR,Carolina Panthers,CAR,SEA,Seattle Seahawks,SEA,Lumen Field,Lumen Field,Lumen Field,Lumen Field,home_team_primary_stadium,,United States,False,False,68672,1,True,True,True,True,
2022_REG_14_CLE_CIN_20221211,2022,REG,14,2022-12-11,13:00,CLE,Cleveland Browns,CLE,CIN,Cincinnati Bengals,CIN,Paycor Stadium,Paycor Stadium,Paycor Stadium,Paycor Stadium,home_team_primary_stadium,,United States,False,False,66222,1,True,True,True,True,
2022_REG_14_HOU_DAL_20221211,2022,REG,14,2022-12-11,13:00,HOU,Houston Texans,HOU,DAL,Dallas Cowboys,DAL,AT&T Stadium,AT&T Stadium,AT&T Stadium,AT&T Stadium,home_team_primary_stadium,,United States,False,False,93843,1,True,True,True,True,
2022_REG_14_JAX_TEN_20221211,2022,REG,14,2022-12-11,13:00,JAX,Jacksonville Jaguars,JAX,TEN,Tennessee Titans,TEN,Nissan Stadium,Nissan Stadium,Nissan Stadium,Nissan Stadium,home_team_primary_stadium,,United States,False,False,68409,1,True,True,True,True,
2022_REG_14_KC_DEN_20221211,2022,REG,14,2022-12-11,16:05,KC,Kansas City Chiefs,KC,DEN,Denver Broncos,DEN,Empower Field at Mile High,Empower Field at Mile High,Empower Field at Mile High,Empower Field at Mile High,home_team_primary_stadium,,United States,False,False,76072,1,True,True,True,True,
2022_REG_14_MIA_LAC_20221211,2022,REG,14,2022-12-11,20:20,MIA,Miami Dolphins,MIA,LAC,Los Angeles Chargers,LAC,SoFi Stadium,SoFi Stadium,SoFi Stadium,SoFi Stadium,home_team_primary_stadium,,United States,False,False,70240,1,True,True,True,True,
2022_REG_14_MIN_DET_20221211,2022,REG,14,2022-12-11,13:00,MIN,Minnesota Vikings,MIN,DET,Detroit Lions,DET,Ford Field,Ford Field,Ford Field,Ford Field,home_team_primary_stadium,,United States,False,False,66374,1,True,True,True,True,
2022_REG_14_NYJ_BUF_20221211,2022,REG,14,2022-12-11,13:00,NYJ,New York Jets,NYJ,BUF,Buffalo Bills,BUF,Highmark Stadium,New Era Field,Highmark Stadium,Highmark Stadium,home_team_primary_stadium,,United States,False,False,70603,1,True,True,True,True,
2022_REG_14_PHI_NYG_20221211,2022,REG,14,2022-12-11,13:00,PHI,Philadelphia Eagles,PHI,NYG,New York Giants,NYG,MetLife Stadium,MetLife Stadium,MetLife Stadium,MetLife Stadium,home_team_primary_stadium,,United States,False,False,81506,1,True,True,True,True,
2022_REG_14_TB_SF_20221211,2022,REG,14,2022-12-11,16:25,TB,Tampa Bay Buccaneers,TB,SF,San Francisco 49ers,SF,Levi's Stadium,Levi's Stadium,Levi's Stadium,Levi's Stadium,home_team_primary_stadium,,United States,False,False,71725,1,True,True,True,True,
2022_REG_14_NE_ARI_20221212,2022,REG,14,2022-12-12,20:15,NE,New England Patriots,NE,ARI,Arizona Cardinals,ARI,State Farm Stadium,State Farm Stadium,State Farm Stadium,State Farm Stadium,home_team_primary_stadium,,United States,False,False,63251,1,True,True,True,True,
2022_REG_15_SF_SEA_20221215,2022,REG,15,2022-12-15,20:15,SF,San Francisco 49ers,SF,SEA,Seattle Seahawks,SEA,Lumen Field,Lumen Field,Lumen Field,Lumen Field,home_team_primary_stadium,,United States,False,False,68957,1,True,True,True,True,
2022_REG_15_BAL_CLE_20221217,2022,REG,15,2022-12-17,16:30,BAL,Baltimore Ravens,BAL,CLE,Cleveland Browns,CLE,Huntington Bank Field,FirstEnergy Stadium,Huntington Bank Field,Huntington Bank Field,home_team_primary_stadium,,United States,False,False,67431,1,True,True,True,True,
2022_REG_15_IND_MIN_20221217,2022,REG,15,2022-12-17,13:00,IND,Indianapolis Colts,IND,MIN,Minnesota Vikings,MIN,U.S. Bank Stadium,U.S. Bank Stadium,U.S. Bank Stadium,U.S. Bank Stadium,home_team_primary_stadium,,United States,False,False,66801,1,True,True,True,True,
2022_REG_15_MIA_BUF_20221217,2022,REG,15,2022-12-17,20:15,MIA,Miami Dolphins,MIA,BUF,Buffalo Bills,BUF,Highmark Stadium,New Era Field,Highmark Stadium,Highmark Stadium,home_team_primary_stadium,,United States,False,False,70794,1,True,True,True,True,
2022_REG_15_ARI_DEN_20221218,2022,REG,15,2022-12-18,16:05,ARI,Arizona Cardinals,ARI,DEN,Denver Broncos,DEN,Empower Field at Mile High,Empower Field at Mile High,Empower Field at Mile High,Empower Field at Mile High,home_team_primary_stadium,,United States,False,False,75179,1,True,True,True,True,
2022_REG_15_ATL_NO_20221218,2022,REG,15,2022-12-18,13:00,ATL,Atlanta Falcons,ATL,NO,New Orleans Saints,NO,Caesars Superdome,Mercedes-Benz Superdome,Caesars Superdome,Caesars Superdome,home_team_primary_stadium,,United States,False,False,70041,1,True,True,True,True,
2022_REG_15_CIN_TB_20221218,2022,REG,15,2022-12-18,16:25,CIN,Cincinnati Bengals,CIN,TB,Tampa Bay Buccaneers,TB,Raymond James Stadium,Raymond James Stadium,Raymond James Stadium,Raymond James Stadium,home_team_primary_stadium,,United States,False,False,69305,1,True,True,True,True,
2022_REG_15_DAL_JAX_20221218,2022,REG,15,2022-12-18,13:00,DAL,Dallas Cowboys,DAL,JAX,Jacksonville Jaguars,JAX,TIAA Bank Stadium,TIAA Bank Stadium,EverBank Stadium,TIAA Bank Stadium,actual_game_venue,,United States,True,False,69050,1,True,True,True,True,
2022_REG_15_DET_NYJ_20221218,2022,REG,15,2022-12-18,13:00,DET,Detroit Lions,DET,NYJ,New York Jets,NYJ,MetLife Stadium,MetLife Stadium,MetLife Stadium,MetLife Stadium,home_team_primary_stadium,,United States,False,False,75076,1,True,True,True,True,
2022_REG_15_KC_HOU_20221218,2022,REG,15,2022-12-18,13:00,KC,Kansas City Chiefs,KC,HOU,Houston Texans,HOU,NRG Stadium,NRG Stadium,NRG Stadium,NRG Stadium,home_team_primary_stadium,,United States,False,False,70541,1,True,True,True,True,
2022_REG_15_NE_LV_20221218,2022,REG,15,2022-12-18,16:05,NE,New England Patriots,NE,LV,Las Vegas Raiders,LV,Allegiant Stadium,Allegiant Stadium,Allegiant Stadium,Allegiant Stadium,home_team_primary_stadium,,United States,False,False,62273,1,True,True,True,True,
2022_REG_15_NYG_WSH_20221218,2022,REG,15,2022-12-18,20:20,NYG,New York Giants,NYG,WSH,Washington Commanders,WAS,Northwest Stadium,FedExField,Northwest Stadium,Northwest Stadium,home_team_primary_stadium,,United States,False,False,61917,1,True,True,True,True,
2022_REG_15_PHI_CHI_20221218,2022,REG,15,2022-12-18,13:00,PHI,Philadelphia Eagles,PHI,CHI,Chicago Bears,CHI,Soldier Field,Soldier Field,Soldier Field,Soldier Field,home_team_primary_stadium,,United States,False,False,48423,1,True,True,True,True,
2022_REG_15_PIT_CAR_20221218,2022,REG,15,2022-12-18,13:00,PIT,Pittsburgh Steelers,PIT,CAR,Carolina Panthers,CAR,Bank of America Stadium,Bank of America Stadium,Bank of America Stadium,Bank of America Stadium,home_team_primary_stadium,,United States,False,False,73548,1,True,True,True,True,
2022_REG_15_TEN_LAC_20221218,2022,REG,15,2022-12-18,16:25,TEN,Tennessee Titans,TEN,LAC,Los Angeles Chargers,LAC,SoFi Stadium,SoFi Stadium,SoFi Stadium,SoFi Stadium,home_team_primary_stadium,,United States,False,False,70240,1,True,True,True,True,
2022_REG_15_LAR_GB_20221219,2022,REG,15,2022-12-19,20:15,LAR,Los Angeles Rams,LA,GB,Green Bay Packers,GB,Lambeau Field,Lambeau Field,Lambeau Field,Lambeau Field,home_team_primary_stadium,,United States,False,False,77269,1,True,True,True,True,
2022_REG_16_JAX_NYJ_20221222,2022,REG,16,2022-12-22,20:15,JAX,Jacksonville Jaguars,JAX,NYJ,New York Jets,NYJ,MetLife Stadium,MetLife Stadium,MetLife Stadium,MetLife Stadium,home_team_primary_stadium,,United States,False,False,70043,1,True,True,True,True,
2022_REG_16_ATL_BAL_20221224,2022,REG,16,2022-12-24,13:00,ATL,Atlanta Falcons,ATL,BAL,Baltimore Ravens,BAL,M&T Bank Stadium,M&T Bank Stadium,M&T Bank Stadium,M&T Bank Stadium,home_team_primary_stadium,,United States,False,False,70467,1,True,True,True,True,
2022_REG_16_BUF_CHI_20221224,2022,REG,16,2022-12-24,13:00,BUF,Buffalo Bills,BUF,CHI,Chicago Bears,CHI,Soldier Field,Soldier Field,Soldier Field,Soldier Field,home_team_primary_stadium,,United States,False,False,59929,1,True,True,True,True,
2022_REG_16_CIN_NE_20221224,2022,REG,16,2022-12-24,13:00,CIN,Cincinnati Bengals,CIN,NE,New England Patriots,NE,Gillette Stadium,Gillette Stadium,Gillette Stadium,Gillette Stadium,home_team_primary_stadium,,United States,False,False,65878,1,True,True,True,True,
2022_REG_16_DET_CAR_20221224,2022,REG,16,2022-12-24,13:00,DET,Detroit Lions,DET,CAR,Carolina Panthers,CAR,Bank of America Stadium,Bank of America Stadium,Bank of America Stadium,Bank of America Stadium,home_team_primary_stadium,,United States,False,False,69173,1,True,True,True,True,
2022_REG_16_HOU_TEN_20221224,2022,REG,16,2022-12-24,14:00,HOU,Houston Texans,HOU,TEN,Tennessee Titans,TEN,Nissan Stadium,Nissan Stadium,Nissan Stadium,Nissan Stadium,home_team_primary_stadium,,United States,False,False,66634,1,True,True,True,True,
2022_REG_16_LV_PIT_20221224,2022,REG,16,2022-12-24,20:15,LV,Las Vegas Raiders,LV,PIT,Pittsburgh Steelers,PIT,Acrisure Stadium,Acrisure Stadium,Acrisure Stadium,Acrisure Stadium,home_team_primary_stadium,,United States,False,False,64761,1,True,True,True,True,
2022_REG_16_NO_CLE_20221224,2022,REG,16,2022-12-24,13:00,NO,New Orleans Saints,NO,CLE,Cleveland Browns,CLE,Huntington Bank Field,FirstEnergy Stadium,Huntington Bank Field,Huntington Bank Field,home_team_primary_stadium,,United States,False,False,67431,1,True,True,True,True,
2022_REG_16_NYG_MIN_20221224,2022,REG,16,2022-12-24,13:00,NYG,New York Giants,NYG,MIN,Minnesota Vikings,MIN,U.S. Bank Stadium,U.S. Bank Stadium,U.S. Bank Stadium,U.S. Bank Stadium,home_team_primary_stadium,,United States,False,False,66919,1,True,True,True,True,
2022_REG_16_PHI_DAL_20221224,2022,REG,16,2022-12-24,16:25,PHI,Philadelphia Eagles,PHI,DAL,Dallas Cowboys,DAL,AT&T Stadium,AT&T Stadium,AT&T Stadium,AT&T Stadium,home_team_primary_stadium,,United States,False,False,93754,1,True,True,True,True,
2022_REG_16_SEA_KC_20221224,2022,REG,16,2022-12-24,13:00,SEA,Seattle Seahawks,SEA,KC,Kansas City Chiefs,KC,Arrowhead Stadium,GEHA Field at Arrowhead Stadium,Arrowhead Stadium,Arrowhead Stadium,home_team_primary_stadium,,United States,False,False,73331,1,True,True,True,True,
2022_REG_16_WSH_SF_20221224,2022,REG,16,2022-12-24,16:05,WSH,Washington Commanders,WAS,SF,San Francisco 49ers,SF,Levi's Stadium,Levi's Stadium,Levi's Stadium,Levi's Stadium,home_team_primary_stadium,,United States,False,False,71642,1,True,True,True,True,
2022_REG_16_DEN_LAR_20221225,2022,REG,16,2022-12-25,16:30,DEN,Denver Broncos,DEN,LAR,Los Angeles Rams,LA,SoFi Stadium,SoFi Stadium,SoFi Stadium,SoFi Stadium,home_team_primary_stadium,,United States,False,False,71525,1,True,True,True,True,
2022_REG_16_GB_MIA_20221225,2022,REG,16,2022-12-25,13:00,GB,Green Bay Packers,GB,MIA,Miami Dolphins,MIA,Hard Rock Stadium,Hard Rock Stadium,Hard Rock Stadium,Hard Rock Stadium,home_team_primary_stadium,,United States,False,False,66328,1,True,True,True,True,
2022_REG_16_TB_ARI_20221225,2022,REG,16,2022-12-25,20:20,TB,Tampa Bay Buccaneers,TB,ARI,Arizona Cardinals,ARI,State Farm Stadium,State Farm Stadium,State Farm Stadium,State Farm Stadium,home_team_primary_stadium,,United States,False,False,63393,1,True,True,True,True,
2022_REG_16_LAC_IND_20221226,2022,REG,16,2022-12-26,20:15,LAC,Los Angeles Chargers,LAC,IND,Indianapolis Colts,IND,Lucas Oil Stadium,Lucas Oil Stadium,Lucas Oil Stadium,Lucas Oil Stadium,home_team_primary_stadium,,United States,False,False,65576,1,True,True,True,True,
2022_REG_17_DAL_TEN_20221229,2022,REG,17,2022-12-29,20:15,DAL,Dallas Cowboys,DAL,TEN,Tennessee Titans,TEN,Nissan Stadium,Nissan Stadium,Nissan Stadium,Nissan Stadium,home_team_primary_stadium,,United States,False,False,69292,1,True,True,True,True,
2022_REG_17_ARI_ATL_20230101,2022,REG,17,2023-01-01,13:00,ARI,Arizona Cardinals,ARI,ATL,Atlanta Falcons,ATL,Mercedes-Benz Stadium,Mercedes-Benz Stadium,Mercedes-Benz Stadium,Mercedes-Benz Stadium,home_team_primary_stadium,,United States,False,False,69269,1,True,True,True,True,
2022_REG_17_CAR_TB_20230101,2022,REG,17,2023-01-01,13:00,CAR,Carolina Panthers,CAR,TB,Tampa Bay Buccaneers,TB,Raymond James Stadium,Raymond James Stadium,Raymond James Stadium,Raymond James Stadium,home_team_primary_stadium,,United States,False,False,69298,1,True,True,True,True,
2022_REG_17_CHI_DET_20230101,2022,REG,17,2023-01-01,13:00,CHI,Chicago Bears,CHI,DET,Detroit Lions,DET,Ford Field,Ford Field,Ford Field,Ford Field,home_team_primary_stadium,,United States,False,False,66169,1,True,True,True,True,
2022_REG_17_CLE_WSH_20230101,2022,REG,17,2023-01-01,13:00,CLE,Cleveland Browns,CLE,WSH,Washington Commanders,WAS,Northwest Stadium,FedExField,Northwest Stadium,Northwest Stadium,home_team_primary_stadium,,United States,False,False,50827,1,True,True,True,True,
2022_REG_17_DEN_KC_20230101,2022,REG,17,2023-01-01,13:00,DEN,Denver Broncos,DEN,KC,Kansas City Chiefs,KC,Arrowhead Stadium,GEHA Field at Arrowhead Stadium,Arrowhead Stadium,Arrowhead Stadium,home_team_primary_stadium,,United States,False,False,73571,1,True,True,True,True,
2022_REG_17_IND_NYG_20230101,2022,REG,17,2023-01-01,13:00,IND,Indianapolis Colts,IND,NYG,New York Giants,NYG,MetLife Stadium,MetLife Stadium,MetLife Stadium,MetLife Stadium,home_team_primary_stadium,,United States,False,False,77399,1,True,True,True,True,
2022_REG_17_JAX_HOU_20230101,2022,REG,17,2023-01-01,13:00,JAX,Jacksonville Jaguars,JAX,HOU,Houston Texans,HOU,NRG Stadium,NRG Stadium,NRG Stadium,NRG Stadium,home_team_primary_stadium,,United States,False,False,64581,1,True,True,True,True,
2022_REG_17_LAR_LAC_20230101,2022,REG,17,2023-01-01,16:25,LAR,Los Angeles Rams,LA,LAC,Los Angeles Chargers,LAC,SoFi Stadium,SoFi Stadium,SoFi Stadium,SoFi Stadium,home_team_primary_stadium,,United States,False,False,70240,1,True,True,True,True,
2022_REG_17_MIA_NE_20230101,2022,REG,17,2023-01-01,13:00,MIA,Miami Dolphins,MIA,NE,New England Patriots,NE,Gillette Stadium,Gillette Stadium,Gillette Stadium,Gillette Stadium,home_team_primary_stadium,,United States,False,False,65878,1,True,True,True,True,
2022_REG_17_MIN_GB_20230101,2022,REG,17,2023-01-01,16:25,MIN,Minnesota Vikings,MIN,GB,Green Bay Packers,GB,Lambeau Field,Lambeau Field,Lambeau Field,Lambeau Field,home_team_primary_stadium,,United States,False,False,78190,1,True,True,True,True,
2022_REG_17_NO_PHI_20230101,2022,REG,17,2023-01-01,13:00,NO,New Orleans Saints,NO,PHI,Philadelphia Eagles,PHI,Lincoln Financial Field,Lincoln Financial Field,Lincoln Financial Field,Lincoln Financial Field,home_team_primary_stadium,,United States,False,False,69796,1,True,True,True,True,
2022_REG_17_NYJ_SEA_20230101,2022,REG,17,2023-01-01,16:05,NYJ,New York Jets,NYJ,SEA,Seattle Seahawks,SEA,Lumen Field,Lumen Field,Lumen Field,Lumen Field,home_team_primary_stadium,,United States,False,False,68827,1,True,True,True,True,
2022_REG_17_PIT_BAL_20230101,2022,REG,17,2023-01-01,20:20,PIT,Pittsburgh Steelers,PIT,BAL,Baltimore Ravens,BAL,M&T Bank Stadium,M&T Bank Stadium,M&T Bank Stadium,M&T Bank Stadium,home_team_primary_stadium,,United States,False,False,71042,1,True,True,True,True,
2022_REG_17_SF_LV_20230101,2022,REG,17,2023-01-01,16:05,SF,San Francisco 49ers,SF,LV,Las Vegas Raiders,LV,Allegiant Stadium,Allegiant Stadium,Allegiant Stadium,Allegiant Stadium,home_team_primary_stadium,,United States,False,False,62367,1,True,True,True,True,
2022_REG_18_KC_LV_20230107,2022,REG,18,2023-01-07,16:30,KC,Kansas City Chiefs,KC,LV,Las Vegas Raiders,LV,Allegiant Stadium,Allegiant Stadium,Allegiant Stadium,Allegiant Stadium,home_team_primary_stadium,,United States,False,False,62136,1,True,True,True,True,
2022_REG_18_TEN_JAX_20230107,2022,REG,18,2023-01-07,20:15,TEN,Tennessee Titans,TEN,JAX,Jacksonville Jaguars,JAX,TIAA Bank Stadium,TIAA Bank Stadium,EverBank Stadium,TIAA Bank Stadium,actual_game_venue,,United States,True,False,70050,1,True,True,True,True,
2022_REG_18_ARI_SF_20230108,2022,REG,18,2023-01-08,16:25,ARI,Arizona Cardinals,ARI,SF,San Francisco 49ers,SF,Levi's Stadium,Levi's Stadium,Levi's Stadium,Levi's Stadium,home_team_primary_stadium,,United States,False,False,71638,1,True,True,True,True,
2022_REG_18_BAL_CIN_20230108,2022,REG,18,2023-01-08,13:00,BAL,Baltimore Ravens,BAL,CIN,Cincinnati Bengals,CIN,Paycor Stadium,Paycor Stadium,Paycor Stadium,Paycor Stadium,home_team_primary_stadium,,United States,False,False,65849,1,True,True,True,True,
2022_REG_18_CAR_NO_20230108,2022,REG,18,2023-01-08,13:00,CAR,Carolina Panthers,CAR,NO,New Orleans Saints,NO,Caesars Superdome,Mercedes-Benz Superdome,Caesars Superdome,Caesars Superdome,home_team_primary_stadium,,United States,False,False,70118,1,True,True,True,True,
2022_REG_18_CLE_PIT_20230108,2022,REG,18,2023-01-08,13:00,CLE,Cleveland Browns,CLE,PIT,Pittsburgh Steelers,PIT,Acrisure Stadium,Acrisure Stadium,Acrisure Stadium,Acrisure Stadium,home_team_primary_stadium,,United States,False,False,65019,1,True,True,True,True,
2022_REG_18_DAL_WSH_20230108,2022,REG,18,2023-01-08,16:25,DAL,Dallas Cowboys,DAL,WSH,Washington Commanders,WAS,Northwest Stadium,FedExField,Northwest Stadium,Northwest Stadium,home_team_primary_stadium,,United States,False,False,62814,1,True,True,True,True,
2022_REG_18_DET_GB_20230108,2022,REG,18,2023-01-08,20:20,DET,Detroit Lions,DET,GB,Green Bay Packers,GB,Lambeau Field,Lambeau Field,Lambeau Field,Lambeau Field,home_team_primary_stadium,,United States,False,False,78191,1,True,True,True,True,
2022_REG_18_HOU_IND_20230108,2022,REG,18,2023-01-08,13:00,HOU,Houston Texans,HOU,IND,Indianapolis Colts,IND,Lucas Oil Stadium,Lucas Oil Stadium,Lucas Oil Stadium,Lucas Oil Stadium,home_team_primary_stadium,,United States,False,False,63655,1,True,True,True,True,
2022_REG_18_LAC_DEN_20230108,2022,REG,18,2023-01-08,16:25,LAC,Los Angeles Chargers,LAC,DEN,Denver Broncos,DEN,Empower Field at Mile High,Empower Field at Mile High,Empower Field at Mile High,Empower Field at Mile High,home_team_primary_stadium,,United States,False,False,74035,1,True,True,True,True,
2022_REG_18_LAR_SEA_20230108,2022,REG,18,2023-01-08,16:25,LAR,Los Angeles Rams,LA,SEA,Seattle Seahawks,SEA,Lumen Field,Lumen Field,Lumen Field,Lumen Field,home_team_primary_stadium,,United States,False,False,68660,1,True,True,True,True,
2022_REG_18_MIN_CHI_20230108,2022,REG,18,2023-01-08,13:00,MIN,Minnesota Vikings,MIN,CHI,Chicago Bears,CHI,Soldier Field,Soldier Field,Soldier Field,Soldier Field,home_team_primary_stadium,,United States,False,False,60007,1,True,True,True,True,
2022_REG_18_NE_BUF_20230108,2022,REG,18,2023-01-08,13:00,NE,New England Patriots,NE,BUF,Buffalo Bills,BUF,Highmark Stadium,New Era Field,Highmark Stadium,Highmark Stadium,home_team_primary_stadium,,United States,False,False,70753,1,True,True,True,True,
2022_REG_18_NYG_PHI_20230108,2022,REG,18,2023-01-08,16:25,NYG,New York Giants,NYG,PHI,Philadelphia Eagles,PHI,Lincoln Financial Field,Lincoln Financial Field,Lincoln Financial Field,Lincoln Financial Field,home_team_primary_stadium,,United States,False,False,69879,1,True,True,True,True,
2022_REG_18_NYJ_MIA_20230108,2022,REG,18,2023-01-08,13:00,NYJ,New York Jets,NYJ,MIA,Miami Dolphins,MIA,Hard Rock Stadium,Hard Rock Stadium,Hard Rock Stadium,Hard Rock Stadium,home_team_primary_stadium,,United States,False,False,66429,1,True,True,True,True,
2022_REG_18_TB_ATL_20230108,2022,REG,18,2023-01-08,13:00,TB,Tampa Bay Buccaneers,TB,ATL,Atlanta Falcons,ATL,Mercedes-Benz Stadium,Mercedes-Benz Stadium,Mercedes-Benz Stadium,Mercedes-Benz Stadium,home_team_primary_stadium,,United States,False,False,69276,1,True,True,True,True,
2022_POST_19_LAC_JAX_20230114,2022,POST,19,2023-01-14,20:15,LAC,Los Angeles Chargers,LAC,JAX,Jacksonville Jaguars,JAX,TIAA Bank Stadium,TIAA Bank Stadium,EverBank Stadium,TIAA Bank Stadium,actual_game_venue,,United States,True,False,,,True,False,False,False,season_week_not_found_in_attendance
2022_POST_19_SEA_SF_20230114,2022,POST,19,2023-01-14,16:30,SEA,Seattle Seahawks,SEA,SF,San Francisco 49ers,SF,Levi's Stadium,Levi's Stadium,Levi's Stadium,Levi's Stadium,home_team_primary_stadium,,United States,False,False,,,True,False,False,False,season_week_not_found_in_attendance
2022_POST_19_BAL_CIN_20230115,2022,POST,19,2023-01-15,20:15,BAL,Baltimore Ravens,BAL,CIN,Cincinnati Bengals,CIN,Paycor Stadium,Paycor Stadium,Paycor Stadium,Paycor Stadium,home_team_primary_stadium,,United States,False,False,,,True,False,False,False,season_week_not_found_in_attendance
2022_POST_19_MIA_BUF_20230115,2022,POST,19,2023-01-15,13:00,MIA,Miami Dolphins,MIA,BUF,Buffalo Bills,BUF,Highmark Stadium,New Era Field,Highmark Stadium,Highmark Stadium,home_team_primary_stadium,,United States,False,False,,,True,False,False,False,season_week_not_found_in_attendance
2022_POST_19_NYG_MIN_20230115,2022,POST,19,2023-01-15,16:50,NYG,New York Giants,NYG,MIN,Minnesota Vikings,MIN,U.S. Bank Stadium,U.S. Bank Stadium,U.S. Bank Stadium,U.S. Bank Stadium,home_team_primary_stadium,,United States,False,False,,,True,False,False,False,season_week_not_found_in_attendance
2022_POST_19_DAL_TB_20230116,2022,POST,19,2023-01-16,20:15,DAL,Dallas Cowboys,DAL,TB,Tampa Bay Buccaneers,TB,Raymond James Stadium,Raymond James Stadium,Raymond James Stadium,Raymond James Stadium,home_team_primary_stadium,,United States,False,False,,,True,False,False,False,season_week_not_found_in_attendance
2022_POST_20_JAX_KC_20230121,2022,POST,20,2023-01-21,16:30,JAX,Jacksonville Jaguars,JAX,KC,Kansas City Chiefs,KC,Arrowhead Stadium,GEHA Field at Arrowhead Stadium,Arrowhead Stadium,Arrowhead Stadium,home_team_primary_stadium,,United States,False,False,,,True,False,False,False,season_week_not_found_in_attendance
2022_POST_20_NYG_PHI_20230121,2022,POST,20,2023-01-21,20:15,NYG,New York Giants,NYG,PHI,Philadelphia Eagles,PHI,Lincoln Financial Field,Lincoln Financial Field,Lincoln Financial Field,Lincoln Financial Field,home_team_primary_stadium,,United States,False,False,,,True,False,False,False,season_week_not_found_in_attendance
2022_POST_20_CIN_BUF_20230122,2022,POST,20,2023-01-22,15:00,CIN,Cincinnati Bengals,CIN,BUF,Buffalo Bills,BUF,Highmark Stadium,New Era Field,Highmark Stadium,Highmark Stadium,home_team_primary_stadium,,United States,False,False,,,True,False,False,False,season_week_not_found_in_attendance
2022_POST_20_DAL_SF_20230122,2022,POST,20,2023-01-22,18:30,DAL,Dallas Cowboys,DAL,SF,San Francisco 49ers,SF,Levi's Stadium,Levi's Stadium,Levi's Stadium,Levi's Stadium,home_team_primary_stadium,,United States,False,False,,,True,False,False,False,season_week_not_found_in_attendance
2022_CON_21_CIN_KC_20230129,2022,CON,21,2023-01-29,18:30,CIN,Cincinnati Bengals,CIN,KC,Kansas City Chiefs,KC,Arrowhead Stadium,GEHA Field at Arrowhead Stadium,Arrowhead Stadium,Arrowhead Stadium,home_team_primary_stadium,,United States,False,False,,,True,False,False,False,season_week_not_found_in_attendance
2022_CON_21_SF_PHI_20230129,2022,CON,21,2023-01-29,15:00,SF,San Francisco 49ers,SF,PHI,Philadelphia Eagles,PHI,Lincoln Financial Field,Lincoln Financial Field,Lincoln Financial Field,Lincoln Financial Field,home_team_primary_stadium,,United States,False,False,,,True,False,False,False,season_week_not_found_in_attendance
2022_POST_22_KC_PHI_20230212,2022,POST,22,2023-02-12,18:30,KC,Kansas City Chiefs,KC,PHI,Philadelphia Eagles,PHI,State Farm Stadium,State Farm Stadium,Lincoln Financial Field,State Farm Stadium,actual_game_venue,,United States,True,False,,,True,False,False,False,season_week_not_found_in_attendance
2023_REG_01_DET_KC_20230907,2023,REG,1,2023-09-07,20:20,DET,Detroit Lions,DET,KC,Kansas City Chiefs,KC,Arrowhead Stadium,GEHA Field at Arrowhead Stadium,Arrowhead Stadium,Arrowhead Stadium,home_team_primary_stadium,,United States,False,False,73522,1,True,True,True,True,
2023_REG_01_ARI_WSH_20230910,2023,REG,1,2023-09-10,13:00,ARI,Arizona Cardinals,ARI,WSH,Washington Commanders,WAS,Northwest Stadium,FedExField,Northwest Stadium,Northwest Stadium,home_team_primary_stadium,,United States,False,False,64693,1,True,True,True,True,
2023_REG_01_CAR_ATL_20230910,2023,REG,1,2023-09-10,13:00,CAR,Carolina Panthers,CAR,ATL,Atlanta Falcons,ATL,Mercedes-Benz Stadium,Mercedes-Benz Stadium,Mercedes-Benz Stadium,Mercedes-Benz Stadium,home_team_primary_stadium,,United States,False,False,69597,1,True,True,True,True,
2023_REG_01_CIN_CLE_20230910,2023,REG,1,2023-09-10,13:00,CIN,Cincinnati Bengals,CIN,CLE,Cleveland Browns,CLE,Huntington Bank Field,FirstEnergy Stadium,Huntington Bank Field,Huntington Bank Field,home_team_primary_stadium,,United States,False,False,67919,1,True,True,True,True,
2023_REG_01_DAL_NYG_20230910,2023,REG,1,2023-09-10,20:20,DAL,Dallas Cowboys,DAL,NYG,New York Giants,NYG,MetLife Stadium,MetLife Stadium,MetLife Stadium,MetLife Stadium,home_team_primary_stadium,,United States,False,False,80809,1,True,True,True,True,
2023_REG_01_GB_CHI_20230910,2023,REG,1,2023-09-10,16:25,GB,Green Bay Packers,GB,CHI,Chicago Bears,CHI,Soldier Field,Soldier Field,Soldier Field,Soldier Field,home_team_primary_stadium,,United States,False,False,62456,1,True,True,True,True,
2023_REG_01_HOU_BAL_20230910,2023,REG,1,2023-09-10,13:00,HOU,Houston Texans,HOU,BAL,Baltimore Ravens,BAL,M&T Bank Stadium,M&T Bank Stadium,M&T Bank Stadium,M&T Bank Stadium,home_team_primary_stadium,,United States,False,False,70136,1,True,True,True,True,
2023_REG_01_JAX_IND_20230910,2023,REG,1,2023-09-10,13:00,JAX,Jacksonville Jaguars,JAX,IND,Indianapolis Colts,IND,Lucas Oil Stadium,Lucas Oil Stadium,Lucas Oil Stadium,Lucas Oil Stadium,home_team_primary_stadium,,United States,False,False,65749,1,True,True,True,True,
2023_REG_01_LAR_SEA_20230910,2023,REG,1,2023-09-10,16:25,LAR,Los Angeles Rams,LA,SEA,Seattle Seahawks,SEA,Lumen Field,Lumen Field,Lumen Field,Lumen Field,home_team_primary_stadium,,United States,False,False,68683,1,True,True,True,True,
2023_REG_01_LV_DEN_20230910,2023,REG,1,2023-09-10,16:25,LV,Las Vegas Raiders,LV,DEN,Denver Broncos,DEN,Empower Field at Mile High,Empower Field at Mile High,Empower Field at Mile High,Empower Field at Mile High,home_team_primary_stadium,,United States,False,False,76299,1,True,True,True,True,
2023_REG_01_MIA_LAC_20230910,2023,REG,1,2023-09-10,16:25,MIA,Miami Dolphins,MIA,LAC,Los Angeles Chargers,LAC,SoFi Stadium,SoFi Stadium,SoFi Stadium,SoFi Stadium,home_team_primary_stadium,,United States,False,False,70240,1,True,True,True,True,
2023_REG_01_PHI_NE_20230910,2023,REG,1,2023-09-10,16:25,PHI,Philadelphia Eagles,PHI,NE,New England Patriots,NE,Gillette Stadium,Gillette Stadium,Gillette Stadium,Gillette Stadium,home_team_primary_stadium,,United States,False,False,64628,1,True,True,True,True,
2023_REG_01_SF_PIT_20230910,2023,REG,1,2023-09-10,13:00,SF,San Francisco 49ers,SF,PIT,Pittsburgh Steelers,PIT,Acrisure Stadium,Acrisure Stadium,Acrisure Stadium,Acrisure Stadium,home_team_primary_stadium,,United States,False,False,67679,1,True,True,True,True,
2023_REG_01_TB_MIN_20230910,2023,REG,1,2023-09-10,13:00,TB,Tampa Bay Buccaneers,TB,MIN,Minnesota Vikings,MIN,U.S. Bank Stadium,U.S. Bank Stadium,U.S. Bank Stadium,U.S. Bank Stadium,home_team_primary_stadium,,United States,False,False,66741,1,True,True,True,True,
2023_REG_01_TEN_NO_20230910,2023,REG,1,2023-09-10,13:00,TEN,Tennessee Titans,TEN,NO,New Orleans Saints,NO,Caesars Superdome,Mercedes-Benz Superdome,Caesars Superdome,Caesars Superdome,home_team_primary_stadium,,United States,False,False,70024,1,True,True,True,True,
2023_REG_01_BUF_NYJ_20230911,2023,REG,1,2023-09-11,20:15,BUF,Buffalo Bills,BUF,NYJ,New York Jets,NYJ,MetLife Stadium,MetLife Stadium,MetLife Stadium,MetLife Stadium,home_team_primary_stadium,,United States,False,False,83345,1,True,True,True,True,
2023_REG_02_MIN_PHI_20230914,2023,REG,2,2023-09-14,20:15,MIN,Minnesota Vikings,MIN,PHI,Philadelphia Eagles,PHI,Lincoln Financial Field,Lincoln Financial Field,Lincoln Financial Field,Lincoln Financial Field,home_team_primary_stadium,,United States,False,False,69879,1,True,True,True,True,
2023_REG_02_BAL_CIN_20230917,2023,REG,2,2023-09-17,13:00,BAL,Baltimore Ravens,BAL,CIN,Cincinnati Bengals,CIN,Paycor Stadium,Paycor Stadium,Paycor Stadium,Paycor Stadium,home_team_primary_stadium,,United States,False,False,66015,1,True,True,True,True,
2023_REG_02_CHI_TB_20230917,2023,REG,2,2023-09-17,13:00,CHI,Chicago Bears,CHI,TB,Tampa Bay Buccaneers,TB,Raymond James Stadium,Raymond James Stadium,Raymond James Stadium,Raymond James Stadium,home_team_primary_stadium,,United States,False,False,62976,1,True,True,True,True,
2023_REG_02_GB_ATL_20230917,2023,REG,2,2023-09-17,13:00,GB,Green Bay Packers,GB,ATL,Atlanta Falcons,ATL,Mercedes-Benz Stadium,Mercedes-Benz Stadium,Mercedes-Benz Stadium,Mercedes-Benz Stadium,home_team_primary_stadium,,United States,False,False,69251,1,True,True,True,True,
2023_REG_02_IND_HOU_20230917,2023,REG,2,2023-09-17,13:00,IND,Indianapolis Colts,IND,HOU,Houston Texans,HOU,NRG Stadium,NRG Stadium,NRG Stadium,NRG Stadium,home_team_primary_stadium,,United States,False,False,71159,1,True,True,True,True,
2023_REG_02_KC_JAX_20230917,2023,REG,2,2023-09-17,13:00,KC,Kansas City Chiefs,KC,JAX,Jacksonville Jaguars,JAX,TIAA Bank Stadium,TIAA Bank Stadium,EverBank Stadium,TIAA Bank Stadium,actual_game_venue,,United States,True,False,69915,1,True,True,True,True,
2023_REG_02_LAC_TEN_20230917,2023,REG,2,2023-09-17,13:00,LAC,Los Angeles Chargers,LAC,TEN,Tennessee Titans,TEN,Nissan Stadium,Nissan Stadium,Nissan Stadium,Nissan Stadium,home_team_primary_stadium,,United States,False,False,67438,1,True,True,True,True,
2023_REG_02_LV_BUF_20230917,2023,REG,2,2023-09-17,13:00,LV,Las Vegas Raiders,LV,BUF,Buffalo Bills,BUF,Highmark Stadium,New Era Field,Highmark Stadium,Highmark Stadium,home_team_primary_stadium,,United States,False,False,70772,1,True,True,True,True,
2023_REG_02_MIA_NE_20230917,2023,REG,2,2023-09-17,20:20,MIA,Miami Dolphins,MIA,NE,New England Patriots,NE,Gillette Stadium,Gillette Stadium,Gillette Stadium,Gillette Stadium,home_team_primary_stadium,,United States,False,False,64628,1,True,True,True,True,
2023_REG_02_NYG_ARI_20230917,2023,REG,2,2023-09-17,16:05,NYG,New York Giants,NYG,ARI,Arizona Cardinals,ARI,State Farm Stadium,State Farm Stadium,State Farm Stadium,State Farm Stadium,home_team_primary_stadium,,United States,False,False,62080,1,True,True,True,True,
2023_REG_02_NYJ_DAL_20230917,2023,REG,2,2023-09-17,16:25,NYJ,New York Jets,NYJ,DAL,Dallas Cowboys,DAL,AT&T Stadium,AT&T Stadium,AT&T Stadium,AT&T Stadium,home_team_primary_stadium,,United States,False,False,93689,1,True,True,True,True,
2023_REG_02_SEA_DET_20230917,2023,REG,2,2023-09-17,13:00,SEA,Seattle Seahawks,SEA,DET,Detroit Lions,DET,Ford Field,Ford Field,Ford Field,Ford Field,home_team_primary_stadium,,United States,False,False,66434,1,True,True,True,True,
2023_REG_02_SF_LAR_20230917,2023,REG,2,2023-09-17,16:05,SF,San Francisco 49ers,SF,LAR,Los Angeles Rams,LA,SoFi Stadium,SoFi Stadium,SoFi Stadium,SoFi Stadium,home_team_primary_stadium,,United States,False,False,74742,1,True,True,True,True,
2023_REG_02_WSH_DEN_20230917,2023,REG,2,2023-09-17,16:25,WSH,Washington Commanders,WAS,DEN,Denver Broncos,DEN,Empower Field at Mile High,Empower Field at Mile High,Empower Field at Mile High,Empower Field at Mile High,home_team_primary_stadium,,United States,False,False,76108,1,True,True,True,True,
2023_REG_02_CLE_PIT_20230918,2023,REG,2,2023-09-18,20:15,CLE,Cleveland Browns,CLE,PIT,Pittsburgh Steelers,PIT,Acrisure Stadium,Acrisure Stadium,Acrisure Stadium,Acrisure Stadium,home_team_primary_stadium,,United States,False,False,67576,1,True,True,True,True,
2023_REG_02_NO_CAR_20230918,2023,REG,2,2023-09-18,19:15,NO,New Orleans Saints,NO,CAR,Carolina Panthers,CAR,Bank of America Stadium,Bank of America Stadium,Bank of America Stadium,Bank of America Stadium,home_team_primary_stadium,,United States,False,False,72709,1,True,True,True,True,
2023_REG_03_NYG_SF_20230921,2023,REG,3,2023-09-21,20:15,NYG,New York Giants,NYG,SF,San Francisco 49ers,SF,Levi's Stadium,Levi's Stadium,Levi's Stadium,Levi's Stadium,home_team_primary_stadium,,United States,False,False,71593,1,True,True,True,True,
2023_REG_03_ATL_DET_20230924,2023,REG,3,2023-09-24,13:00,ATL,Atlanta Falcons,ATL,DET,Detroit Lions,DET,Ford Field,Ford Field,Ford Field,Ford Field,home_team_primary_stadium,,United States,False,False,63803,1,True,True,True,True,
2023_REG_03_BUF_WSH_20230924,2023,REG,3,2023-09-24,13:00,BUF,Buffalo Bills,BUF,WSH,Washington Commanders,WAS,Northwest Stadium,FedExField,Northwest Stadium,Northwest Stadium,home_team_primary_stadium,,United States,False,False,64291,1,True,True,True,True,
2023_REG_03_CAR_SEA_20230924,2023,REG,3,2023-09-24,16:05,CAR,Carolina Panthers,CAR,SEA,Seattle Seahawks,SEA,Lumen Field,Lumen Field,Lumen Field,Lumen Field,home_team_primary_stadium,,United States,False,False,68699,1,True,True,True,True,
2023_REG_03_CHI_KC_20230924,2023,REG,3,2023-09-24,16:25,CHI,Chicago Bears,CHI,KC,Kansas City Chiefs,KC,Arrowhead Stadium,GEHA Field at Arrowhead Stadium,Arrowhead Stadium,Arrowhead Stadium,home_team_primary_stadium,,United States,False,False,73562,1,True,True,True,True,
2023_REG_03_DAL_ARI_20230924,2023,REG,3,2023-09-24,16:25,DAL,Dallas Cowboys,DAL,ARI,Arizona Cardinals,ARI,State Farm Stadium,State Farm Stadium,State Farm Stadium,State Farm Stadium,home_team_primary_stadium,,United States,False,False,62915,1,True,True,True,True,
2023_REG_03_DEN_MIA_20230924,2023,REG,3,2023-09-24,13:00,DEN,Denver Broncos,DEN,MIA,Miami Dolphins,MIA,Hard Rock Stadium,Hard Rock Stadium,Hard Rock Stadium,Hard Rock Stadium,home_team_primary_stadium,,United States,False,False,65522,1,True,True,True,True,
2023_REG_03_HOU_JAX_20230924,2023,REG,3,2023-09-24,13:00,HOU,Houston Texans,HOU,JAX,Jacksonville Jaguars,JAX,TIAA Bank Stadium,TIAA Bank Stadium,EverBank Stadium,TIAA Bank Stadium,actual_game_venue,,United States,True,False,61466,1,True,True,True,True,
2023_REG_03_IND_BAL_20230924,2023,REG,3,2023-09-24,13:00,IND,Indianapolis Colts,IND,BAL,Baltimore Ravens,BAL,M&T Bank Stadium,M&T Bank Stadium,M&T Bank Stadium,M&T Bank Stadium,home_team_primary_stadium,,United States,False,False,70038,1,True,True,True,True,
2023_REG_03_LAC_MIN_20230924,2023,REG,3,2023-09-24,13:00,LAC,Los Angeles Chargers,LAC,MIN,Minnesota Vikings,MIN,U.S. Bank Stadium,U.S. Bank Stadium,U.S. Bank Stadium,U.S. Bank Stadium,home_team_primary_stadium,,United States,False,False,66878,1,True,True,True,True,
2023_REG_03_NE_NYJ_20230924,2023,REG,3,2023-09-24,13:00,NE,New England Patriots,NE,NYJ,New York Jets,NYJ,MetLife Stadium,MetLife Stadium,MetLife Stadium,MetLife Stadium,home_team_primary_stadium,,United States,False,False,80876,1,True,True,True,True,
2023_REG_03_NO_GB_20230924,2023,REG,3,2023-09-24,13:00,NO,New Orleans Saints,NO,GB,Green Bay Packers,GB,Lambeau Field,Lambeau Field,Lambeau Field,Lambeau Field,home_team_primary_stadium,,United States,False,False,78043,1,True,True,True,True,
2023_REG_03_PIT_LV_20230924,2023,REG,3,2023-09-24,20:20,PIT,Pittsburgh Steelers,PIT,LV,Las Vegas Raiders,LV,Allegiant Stadium,Allegiant Stadium,Allegiant Stadium,Allegiant Stadium,home_team_primary_stadium,,United States,False,False,62541,1,True,True,True,True,
2023_REG_03_TEN_CLE_20230924,2023,REG,3,2023-09-24,13:00,TEN,Tennessee Titans,TEN,CLE,Cleveland Browns,CLE,Huntington Bank Field,FirstEnergy Stadium,Huntington Bank Field,Huntington Bank Field,home_team_primary_stadium,,United States,False,False,67919,1,True,True,True,True,
2023_REG_03_LAR_CIN_20230925,2023,REG,3,2023-09-25,20:15,LAR,Los Angeles Rams,LA,CIN,Cincinnati Bengals,CIN,Paycor Stadium,Paycor Stadium,Paycor Stadium,Paycor Stadium,home_team_primary_stadium,,United States,False,False,65158,1,True,True,True,True,
2023_REG_03_PHI_TB_20230925,2023,REG,3,2023-09-25,19:15,PHI,Philadelphia Eagles,PHI,TB,Tampa Bay Buccaneers,TB,Raymond James Stadium,Raymond James Stadium,Raymond James Stadium,Raymond James Stadium,home_team_primary_stadium,,United States,False,False,65426,1,True,True,True,True,
2023_REG_04_DET_GB_20230928,2023,REG,4,2023-09-28,20:15,DET,Detroit Lions,DET,GB,Green Bay Packers,GB,Lambeau Field,Lambeau Field,Lambeau Field,Lambeau Field,home_team_primary_stadium,,United States,False,False,78052,1,True,True,True,True,
2023_REG_04_ARI_SF_20231001,2023,REG,4,2023-10-01,16:25,ARI,Arizona Cardinals,ARI,SF,San Francisco 49ers,SF,Levi's Stadium,Levi's Stadium,Levi's Stadium,Levi's Stadium,home_team_primary_stadium,,United States,False,False,71521,1,True,True,True,True,
2023_REG_04_ATL_JAX_20231001,2023,REG,4,2023-10-01,09:30,ATL,Atlanta Falcons,ATL,JAX,Jacksonville Jaguars,JAX,Wembley Stadium,Wembley Stadium,EverBank Stadium,Wembley Stadium,actual_game_venue,London,United Kingdom,True,True,85716,1,True,True,True,True,
2023_REG_04_BAL_CLE_20231001,2023,REG,4,2023-10-01,13:00,BAL,Baltimore Ravens,BAL,CLE,Cleveland Browns,CLE,Huntington Bank Field,FirstEnergy Stadium,Huntington Bank Field,Huntington Bank Field,home_team_primary_stadium,,United States,False,False,67919,1,True,True,True,True,
2023_REG_04_CIN_TEN_20231001,2023,REG,4,2023-10-01,13:00,CIN,Cincinnati Bengals,CIN,TEN,Tennessee Titans,TEN,Nissan Stadium,Nissan Stadium,Nissan Stadium,Nissan Stadium,home_team_primary_stadium,,United States,False,False,68951,1,True,True,True,True,
2023_REG_04_DEN_CHI_20231001,2023,REG,4,2023-10-01,13:00,DEN,Denver Broncos,DEN,CHI,Chicago Bears,CHI,Soldier Field,Soldier Field,Soldier Field,Soldier Field,home_team_primary_stadium,,United States,False,False,62220,1,True,True,True,True,
2023_REG_04_KC_NYJ_20231001,2023,REG,4,2023-10-01,20:20,KC,Kansas City Chiefs,KC,NYJ,New York Jets,NYJ,MetLife Stadium,MetLife Stadium,MetLife Stadium,MetLife Stadium,home_team_primary_stadium,,United States,False,False,80461,1,True,True,True,True,
2023_REG_04_LAR_IND_20231001,2023,REG,4,2023-10-01,13:00,LAR,Los Angeles Rams,LA,IND,Indianapolis Colts,IND,Lucas Oil Stadium,Lucas Oil Stadium,Lucas Oil Stadium,Lucas Oil Stadium,home_team_primary_stadium,,United States,False,False,65337,1,True,True,True,True,
2023_REG_04_LV_LAC_20231001,2023,REG,4,2023-10-01,16:05,LV,Las Vegas Raiders,LV,LAC,Los Angeles Chargers,LAC,SoFi Stadium,SoFi Stadium,SoFi Stadium,SoFi Stadium,home_team_primary_stadium,,United States,False,False,70240,1,True,True,True,True,
2023_REG_04_MIA_BUF_20231001,2023,REG,4,2023-10-01,13:00,MIA,Miami Dolphins,MIA,BUF,Buffalo Bills,BUF,Highmark Stadium,New Era Field,Highmark Stadium,Highmark Stadium,home_team_primary_stadium,,United States,False,False,70881,1,True,True,True,True,
2023_REG_04_MIN_CAR_20231001,2023,REG,4,2023-10-01,13:00,MIN,Minnesota Vikings,MIN,CAR,Carolina Panthers,CAR,Bank of America Stadium,Bank of America Stadium,Bank of America Stadium,Bank of America Stadium,home_team_primary_stadium,,United States,False,False,72842,1,True,True,True,True,
2023_REG_04_NE_DAL_20231001,2023,REG,4,2023-10-01,16:25,NE,New England Patriots,NE,DAL,Dallas Cowboys,DAL,AT&T Stadium,AT&T Stadium,AT&T Stadium,AT&T Stadium,home_team_primary_stadium,,United States,False,False,93719,1,True,True,True,True,
2023_REG_04_PIT_HOU_20231001,2023,REG,4,2023-10-01,13:00,PIT,Pittsburgh Steelers,PIT,HOU,Houston Texans,HOU,NRG Stadium,NRG Stadium,NRG Stadium,NRG Stadium,home_team_primary_stadium,,United States,False,False,71399,1,True,True,True,True,
2023_REG_04_TB_NO_20231001,2023,REG,4,2023-10-01,13:00,TB,Tampa Bay Buccaneers,TB,NO,New Orleans Saints,NO,Caesars Superdome,Mercedes-Benz Superdome,Caesars Superdome,Caesars Superdome,home_team_primary_stadium,,United States,False,False,70003,1,True,True,True,True,
2023_REG_04_WSH_PHI_20231001,2023,REG,4,2023-10-01,13:00,WSH,Washington Commanders,WAS,PHI,Philadelphia Eagles,PHI,Lincoln Financial Field,Lincoln Financial Field,Lincoln Financial Field,Lincoln Financial Field,home_team_primary_stadium,,United States,False,False,69879,1,True,True,True,True,
2023_REG_04_SEA_NYG_20231002,2023,REG,4,2023-10-02,20:15,SEA,Seattle Seahawks,SEA,NYG,New York Giants,NYG,MetLife Stadium,MetLife Stadium,MetLife Stadium,MetLife Stadium,home_team_primary_stadium,,United States,False,False,78507,1,True,True,True,True,
2023_REG_05_CHI_WSH_20231005,2023,REG,5,2023-10-05,20:15,CHI,Chicago Bears,CHI,WSH,Washington Commanders,WAS,Northwest Stadium,FedExField,Northwest Stadium,Northwest Stadium,home_team_primary_stadium,,United States,False,False,63727,1,True,True,True,True,
2023_REG_05_BAL_PIT_20231008,2023,REG,5,2023-10-08,13:00,BAL,Baltimore Ravens,BAL,PIT,Pittsburgh Steelers,PIT,Acrisure Stadium,Acrisure Stadium,Acrisure Stadium,Acrisure Stadium,home_team_primary_stadium,,United States,False,False,67272,1,True,True,True,True,
2023_REG_05_CAR_DET_20231008,2023,REG,5,2023-10-08,13:00,CAR,Carolina Panthers,CAR,DET,Detroit Lions,DET,Ford Field,Ford Field,Ford Field,Ford Field,home_team_primary_stadium,,United States,False,False,63648,1,True,True,True,True,
2023_REG_05_CIN_ARI_20231008,2023,REG,5,2023-10-08,16:05,CIN,Cincinnati Bengals,CIN,ARI,Arizona Cardinals,ARI,State Farm Stadium,State Farm Stadium,State Farm Stadium,State Farm Stadium,home_team_primary_stadium,,United States,False,False,62651,1,True,True,True,True,
2023_REG_05_DAL_SF_20231008,2023,REG,5,2023-10-08,20:20,DAL,Dallas Cowboys,DAL,SF,San Francisco 49ers,SF,Levi's Stadium,Levi's Stadium,Levi's Stadium,Levi's Stadium,home_team_primary_stadium,,United States,False,False,71617,1,True,True,True,True,
2023_REG_05_HOU_ATL_20231008,2023,REG,5,2023-10-08,13:00,HOU,Houston Texans,HOU,ATL,Atlanta Falcons,ATL,Mercedes-Benz Stadium,Mercedes-Benz Stadium,Mercedes-Benz Stadium,Mercedes-Benz Stadium,home_team_primary_stadium,,United States,False,False,69461,1,True,True,True,True,
2023_REG_05_JAX_BUF_20231008,2023,REG,5,2023-10-08,09:30,JAX,Jacksonville Jaguars,JAX,BUF,Buffalo Bills,BUF,Tottenham Hotspur Stadium,Tottenham Stadium,Highmark Stadium,Tottenham Hotspur Stadium,actual_game_venue,London,United Kingdom,True,True,61273,1,True,True,True,True,
2023_REG_05_KC_MIN_20231008,2023,REG,5,2023-10-08,16:25,KC,Kansas City Chiefs,KC,MIN,Minnesota Vikings,MIN,U.S. Bank Stadium,U.S. Bank Stadium,U.S. Bank Stadium,U.S. Bank Stadium,home_team_primary_stadium,,United States,False,False,67003,1,True,True,True,True,
2023_REG_05_NO_NE_20231008,2023,REG,5,2023-10-08,13:00,NO,New Orleans Saints,NO,NE,New England Patriots,NE,Gillette Stadium,Gillette Stadium,Gillette Stadium,Gillette Stadium,home_team_primary_stadium,,United States,False,False,64628,1,True,True,True,True,
2023_REG_05_NYG_MIA_20231008,2023,REG,5,2023-10-08,13:00,NYG,New York Giants,NYG,MIA,Miami Dolphins,MIA,Hard Rock Stadium,Hard Rock Stadium,Hard Rock Stadium,Hard Rock Stadium,home_team_primary_stadium,,United States,False,False,65654,1,True,True,True,True,
2023_REG_05_NYJ_DEN_20231008,2023,REG,5,2023-10-08,16:25,NYJ,New York Jets,NYJ,DEN,Denver Broncos,DEN,Empower Field at Mile High,Empower Field at Mile High,Empower Field at Mile High,Empower Field at Mile High,home_team_primary_stadium,,United States,False,False,76387,1,True,True,True,True,
2023_REG_05_PHI_LAR_20231008,2023,REG,5,2023-10-08,16:05,PHI,Philadelphia Eagles,PHI,LAR,Los Angeles Rams,LA,SoFi Stadium,SoFi Stadium,SoFi Stadium,SoFi Stadium,home_team_primary_stadium,,United States,False,False,74935,1,True,True,True,True,
2023_REG_05_TEN_IND_20231008,2023,REG,5,2023-10-08,13:00,TEN,Tennessee Titans,TEN,IND,Indianapolis Colts,IND,Lucas Oil Stadium,Lucas Oil Stadium,Lucas Oil Stadium,Lucas Oil Stadium,home_team_primary_stadium,,United States,False,False,65287,1,True,True,True,True,
2023_REG_05_GB_LV_20231009,2023,REG,5,2023-10-09,20:15,GB,Green Bay Packers,GB,LV,Las Vegas Raiders,LV,Allegiant Stadium,Allegiant Stadium,Allegiant Stadium,Allegiant Stadium,home_team_primary_stadium,,United States,False,False,62572,1,True,True,True,True,
2023_REG_06_DEN_KC_20231012,2023,REG,6,2023-10-12,20:15,DEN,Denver Broncos,DEN,KC,Kansas City Chiefs,KC,Arrowhead Stadium,GEHA Field at Arrowhead Stadium,Arrowhead Stadium,Arrowhead Stadium,home_team_primary_stadium,,United States,False,False,73528,1,True,True,True,True,
2023_REG_06_ARI_LAR_20231015,2023,REG,6,2023-10-15,16:25,ARI,Arizona Cardinals,ARI,LAR,Los Angeles Rams,LA,SoFi Stadium,SoFi Stadium,SoFi Stadium,SoFi Stadium,home_team_primary_stadium,,United States,False,False,71202,1,True,True,True,True,
2023_REG_06_BAL_TEN_20231015,2023,REG,6,2023-10-15,09:30,BAL,Baltimore Ravens,BAL,TEN,Tennessee Titans,TEN,Tottenham Hotspur Stadium,Tottenham Stadium,Nissan Stadium,Tottenham Hotspur Stadium,actual_game_venue,London,United Kingdom,True,True,61011,1,True,True,True,True,
2023_REG_06_CAR_MIA_20231015,2023,REG,6,2023-10-15,13:00,CAR,Carolina Panthers,CAR,MIA,Miami Dolphins,MIA,Hard Rock Stadium,Hard Rock Stadium,Hard Rock Stadium,Hard Rock Stadium,home_team_primary_stadium,,United States,False,False,65529,1,True,True,True,True,
2023_REG_06_DET_TB_20231015,2023,REG,6,2023-10-15,16:25,DET,Detroit Lions,DET,TB,Tampa Bay Buccaneers,TB,Raymond James Stadium,Raymond James Stadium,Raymond James Stadium,Raymond James Stadium,home_team_primary_stadium,,United States,False,False,65854,1,True,True,True,True,
2023_REG_06_IND_JAX_20231015,2023,REG,6,2023-10-15,13:00,IND,Indianapolis Colts,IND,JAX,Jacksonville Jaguars,JAX,TIAA Bank Stadium,TIAA Bank Stadium,EverBank Stadium,TIAA Bank Stadium,actual_game_venue,,United States,True,False,64851,1,True,True,True,True,
2023_REG_06_MIN_CHI_20231015,2023,REG,6,2023-10-15,13:00,MIN,Minnesota Vikings,MIN,CHI,Chicago Bears,CHI,Soldier Field,Soldier Field,Soldier Field,Soldier Field,home_team_primary_stadium,,United States,False,False,62167,1,True,True,True,True,
2023_REG_06_NE_LV_20231015,2023,REG,6,2023-10-15,16:05,NE,New England Patriots,NE,LV,Las Vegas Raiders,LV,Allegiant Stadium,Allegiant Stadium,Allegiant Stadium,Allegiant Stadium,home_team_primary_stadium,,United States,False,False,61985,1,True,True,True,True,
2023_REG_06_NO_HOU_20231015,2023,REG,6,2023-10-15,13:00,NO,New Orleans Saints,NO,HOU,Houston Texans,HOU,NRG Stadium,NRG Stadium,NRG Stadium,NRG Stadium,home_team_primary_stadium,,United States,False,False,71810,1,True,True,True,True,
2023_REG_06_NYG_BUF_20231015,2023,REG,6,2023-10-15,20:20,NYG,New York Giants,NYG,BUF,Buffalo Bills,BUF,Highmark Stadium,New Era Field,Highmark Stadium,Highmark Stadium,home_team_primary_stadium,,United States,False,False,70515,1,True,True,True,True,
2023_REG_06_PHI_NYJ_20231015,2023,REG,6,2023-10-15,16:25,PHI,Philadelphia Eagles,PHI,NYJ,New York Jets,NYJ,MetLife Stadium,MetLife Stadium,MetLife Stadium,MetLife Stadium,home_team_primary_stadium,,United States,False,False,83068,1,True,True,True,True,
2023_REG_06_SEA_CIN_20231015,2023,REG,6,2023-10-15,13:00,SEA,Seattle Seahawks,SEA,CIN,Cincinnati Bengals,CIN,Paycor Stadium,Paycor Stadium,Paycor Stadium,Paycor Stadium,home_team_primary_stadium,,United States,False,False,66385,1,True,True,True,True,
2023_REG_06_SF_CLE_20231015,2023,REG,6,2023-10-15,13:00,SF,San Francisco 49ers,SF,CLE,Cleveland Browns,CLE,Huntington Bank Field,FirstEnergy Stadium,Huntington Bank Field,Huntington Bank Field,home_team_primary_stadium,,United States,False,False,67431,1,True,True,True,True,
2023_REG_06_WSH_ATL_20231015,2023,REG,6,2023-10-15,13:00,WSH,Washington Commanders,WAS,ATL,Atlanta Falcons,ATL,Mercedes-Benz Stadium,Mercedes-Benz Stadium,Mercedes-Benz Stadium,Mercedes-Benz Stadium,home_team_primary_stadium,,United States,False,False,69921,1,True,True,True,True,
2023_REG_06_DAL_LAC_20231016,2023,REG,6,2023-10-16,20:15,DAL,Dallas Cowboys,DAL,LAC,Los Angeles Chargers,LAC,SoFi Stadium,SoFi Stadium,SoFi Stadium,SoFi Stadium,home_team_primary_stadium,,United States,False,False,70240,1,True,True,True,True,
2023_REG_07_JAX_NO_20231019,2023,REG,7,2023-10-19,20:15,JAX,Jacksonville Jaguars,JAX,NO,New Orleans Saints,NO,Caesars Superdome,Mercedes-Benz Superdome,Caesars Superdome,Caesars Superdome,home_team_primary_stadium,,United States,False,False,70009,1,True,True,True,True,
2023_REG_07_ARI_SEA_20231022,2023,REG,7,2023-10-22,16:05,ARI,Arizona Cardinals,ARI,SEA,Seattle Seahawks,SEA,Lumen Field,Lumen Field,Lumen Field,Lumen Field,home_team_primary_stadium,,United States,False,False,68781,1,True,True,True,True,
2023_REG_07_ATL_TB_20231022,2023,REG,7,2023-10-22,13:00,ATL,Atlanta Falcons,ATL,TB,Tampa Bay Buccaneers,TB,Raymond James Stadium,Raymond James Stadium,Raymond James Stadium,Raymond James Stadium,home_team_primary_stadium,,United States,False,False,62620,1,True,True,True,True,
2023_REG_07_BUF_NE_20231022,2023,REG,7,2023-10-22,13:00,BUF,Buffalo Bills,BUF,NE,New England Patriots,NE,Gillette Stadium,Gillette Stadium,Gillette Stadium,Gillette Stadium,home_team_primary_stadium,,United States,False,False,64628,1,True,True,True,True,
2023_REG_07_CLE_IND_20231022,2023,REG,7,2023-10-22,13:00,CLE,Cleveland Browns,CLE,IND,Indianapolis Colts,IND,Lucas Oil Stadium,Lucas Oil Stadium,Lucas Oil Stadium,Lucas Oil Stadium,home_team_primary_stadium,,United States,False,False,65552,1,True,True,True,True,
2023_REG_07_DET_BAL_20231022,2023,REG,7,2023-10-22,13:00,DET,Detroit Lions,DET,BAL,Baltimore Ravens,BAL,M&T Bank Stadium,M&T Bank Stadium,M&T Bank Stadium,M&T Bank Stadium,home_team_primary_stadium,,United States,False,False,70989,1,True,True,True,True,
2023_REG_07_GB_DEN_20231022,2023,REG,7,2023-10-22,16:25,GB,Green Bay Packers,GB,DEN,Denver Broncos,DEN,Empower Field at Mile High,Empower Field at Mile High,Empower Field at Mile High,Empower Field at Mile High,home_team_primary_stadium,,United States,False,False,76880,1,True,True,True,True,
2023_REG_07_LAC_KC_20231022,2023,REG,7,2023-10-22,16:25,LAC,Los Angeles Chargers,LAC,KC,Kansas City Chiefs,KC,Arrowhead Stadium,GEHA Field at Arrowhead Stadium,Arrowhead Stadium,Arrowhead Stadium,home_team_primary_stadium,,United States,False,False,73642,1,True,True,True,True,
2023_REG_07_LV_CHI_20231022,2023,REG,7,2023-10-22,13:00,LV,Las Vegas Raiders,LV,CHI,Chicago Bears,CHI,Soldier Field,Soldier Field,Soldier Field,Soldier Field,home_team_primary_stadium,,United States,False,False,62199,1,True,True,True,True,
2023_REG_07_MIA_PHI_20231022,2023,REG,7,2023-10-22,20:20,MIA,Miami Dolphins,MIA,PHI,Philadelphia Eagles,PHI,Lincoln Financial Field,Lincoln Financial Field,Lincoln Financial Field,Lincoln Financial Field,home_team_primary_stadium,,United States,False,False,69879,1,True,True,True,True,
2023_REG_07_PIT_LAR_20231022,2023,REG,7,2023-10-22,16:05,PIT,Pittsburgh Steelers,PIT,LAR,Los Angeles Rams,LA,SoFi Stadium,SoFi Stadium,SoFi Stadium,SoFi Stadium,home_team_primary_stadium,,United States,False,False,73471,1,True,True,True,True,
2023_REG_07_WSH_NYG_20231022,2023,REG,7,2023-10-22,13:00,WSH,Washington Commanders,WAS,NYG,New York Giants,NYG,MetLife Stadium,MetLife Stadium,MetLife Stadium,MetLife Stadium,home_team_primary_stadium,,United States,False,False,81671,1,True,True,True,True,
2023_REG_07_SF_MIN_20231023,2023,REG,7,2023-10-23,20:15,SF,San Francisco 49ers,SF,MIN,Minnesota Vikings,MIN,U.S. Bank Stadium,U.S. Bank Stadium,U.S. Bank Stadium,U.S. Bank Stadium,home_team_primary_stadium,,United States,False,False,66975,1,True,True,True,True,
2023_REG_08_TB_BUF_20231026,2023,REG,8,2023-10-26,20:15,TB,Tampa Bay Buccaneers,TB,BUF,Buffalo Bills,BUF,Highmark Stadium,New Era Field,Highmark Stadium,Highmark Stadium,home_team_primary_stadium,,United States,False,False,70416,1,True,True,True,True,
2023_REG_08_ATL_TEN_20231029,2023,REG,8,2023-10-29,13:00,ATL,Atlanta Falcons,ATL,TEN,Tennessee Titans,TEN,Nissan Stadium,Nissan Stadium,Nissan Stadium,Nissan Stadium,home_team_primary_stadium,,United States,False,False,68008,1,True,True,True,True,
2023_REG_08_BAL_ARI_20231029,2023,REG,8,2023-10-29,16:25,BAL,Baltimore Ravens,BAL,ARI,Arizona Cardinals,ARI,State Farm Stadium,State Farm Stadium,State Farm Stadium,State Farm Stadium,home_team_primary_stadium,,United States,False,False,63064,1,True,True,True,True,
2023_REG_08_CHI_LAC_20231029,2023,REG,8,2023-10-29,20:20,CHI,Chicago Bears,CHI,LAC,Los Angeles Chargers,LAC,SoFi Stadium,SoFi Stadium,SoFi Stadium,SoFi Stadium,home_team_primary_stadium,,United States,False,False,70240,1,True,True,True,True,
2023_REG_08_CIN_SF_20231029,2023,REG,8,2023-10-29,16:25,CIN,Cincinnati Bengals,CIN,SF,San Francisco 49ers,SF,Levi's Stadium,Levi's Stadium,Levi's Stadium,Levi's Stadium,home_team_primary_stadium,,United States,False,False,71655,1,True,True,True,True,
2023_REG_08_CLE_SEA_20231029,2023,REG,8,2023-10-29,16:05,CLE,Cleveland Browns,CLE,SEA,Seattle Seahawks,SEA,Lumen Field,Lumen Field,Lumen Field,Lumen Field,home_team_primary_stadium,,United States,False,False,68807,1,True,True,True,True,
2023_REG_08_HOU_CAR_20231029,2023,REG,8,2023-10-29,13:00,HOU,Houston Texans,HOU,CAR,Carolina Panthers,CAR,Bank of America Stadium,Bank of America Stadium,Bank of America Stadium,Bank of America Stadium,home_team_primary_stadium,,United States,False,False,71505,1,True,True,True,True,
2023_REG_08_JAX_PIT_20231029,2023,REG,8,2023-10-29,13:00,JAX,Jacksonville Jaguars,JAX,PIT,Pittsburgh Steelers,PIT,Acrisure Stadium,Acrisure Stadium,Acrisure Stadium,Acrisure Stadium,home_team_primary_stadium,,United States,False,False,67225,1,True,True,True,True,
2023_REG_08_KC_DEN_20231029,2023,REG,8,2023-10-29,16:25,KC,Kansas City Chiefs,KC,DEN,Denver Broncos,DEN,Empower Field at Mile High,Empower Field at Mile High,Empower Field at Mile High,Empower Field at Mile High,home_team_primary_stadium,,United States,False,False,76286,1,True,True,True,True,
2023_REG_08_LAR_DAL_20231029,2023,REG,8,2023-10-29,13:00,LAR,Los Angeles Rams,LA,DAL,Dallas Cowboys,DAL,AT&T Stadium,AT&T Stadium,AT&T Stadium,AT&T Stadium,home_team_primary_stadium,,United States,False,False,93448,1,True,True,True,True,
2023_REG_08_MIN_GB_20231029,2023,REG,8,2023-10-29,13:00,MIN,Minnesota Vikings,MIN,GB,Green Bay Packers,GB,Lambeau Field,Lambeau Field,Lambeau Field,Lambeau Field,home_team_primary_stadium,,United States,False,False,78113,1,True,True,True,True,
2023_REG_08_NE_MIA_20231029,2023,REG,8,2023-10-29,13:00,NE,New England Patriots,NE,MIA,Miami Dolphins,MIA,Hard Rock Stadium,Hard Rock Stadium,Hard Rock Stadium,Hard Rock Stadium,home_team_primary_stadium,,United States,False,False,65836,1,True,True,True,True,
2023_REG_08_NO_IND_20231029,2023,REG,8,2023-10-29,13:00,NO,New Orleans Saints,NO,IND,Indianapolis Colts,IND,Lucas Oil Stadium,Lucas Oil Stadium,Lucas Oil Stadium,Lucas Oil Stadium,home_team_primary_stadium,,United States,False,False,65427,1,True,True,True,True,
2023_REG_08_NYJ_NYG_20231029,2023,REG,8,2023-10-29,13:00,NYJ,New York Jets,NYJ,NYG,New York Giants,NYG,MetLife Stadium,MetLife Stadium,MetLife Stadium,MetLife Stadium,home_team_primary_stadium,,United States,False,False,83367,1,True,True,True,True,
2023_REG_08_PHI_WSH_20231029,2023,REG,8,2023-10-29,13:00,PHI,Philadelphia Eagles,PHI,WSH,Washington Commanders,WAS,Northwest Stadium,FedExField,Northwest Stadium,Northwest Stadium,home_team_primary_stadium,,United States,False,False,64653,1,True,True,True,True,
2023_REG_08_LV_DET_20231030,2023,REG,8,2023-10-30,20:15,LV,Las Vegas Raiders,LV,DET,Detroit Lions,DET,Ford Field,Ford Field,Ford Field,Ford Field,home_team_primary_stadium,,United States,False,False,66774,1,True,True,True,True,
2023_REG_09_TEN_PIT_20231102,2023,REG,9,2023-11-02,20:15,TEN,Tennessee Titans,TEN,PIT,Pittsburgh Steelers,PIT,Acrisure Stadium,Acrisure Stadium,Acrisure Stadium,Acrisure Stadium,home_team_primary_stadium,,United States,False,False,65969,1,True,True,True,True,
2023_REG_09_ARI_CLE_20231105,2023,REG,9,2023-11-05,13:00,ARI,Arizona Cardinals,ARI,CLE,Cleveland Browns,CLE,Huntington Bank Field,FirstEnergy Stadium,Huntington Bank Field,Huntington Bank Field,home_team_primary_stadium,,United States,False,False,67919,1,True,True,True,True,
2023_REG_09_BUF_CIN_20231105,2023,REG,9,2023-11-05,20:20,BUF,Buffalo Bills,BUF,CIN,Cincinnati Bengals,CIN,Paycor Stadium,Paycor Stadium,Paycor Stadium,Paycor Stadium,home_team_primary_stadium,,United States,False,False,66965,1,True,True,True,True,
2023_REG_09_CHI_NO_20231105,2023,REG,9,2023-11-05,13:00,CHI,Chicago Bears,CHI,NO,New Orleans Saints,NO,Caesars Superdome,Mercedes-Benz Superdome,Caesars Superdome,Caesars Superdome,home_team_primary_stadium,,United States,False,False,70006,1,True,True,True,True,
2023_REG_09_DAL_PHI_20231105,2023,REG,9,2023-11-05,16:25,DAL,Dallas Cowboys,DAL,PHI,Philadelphia Eagles,PHI,Lincoln Financial Field,Lincoln Financial Field,Lincoln Financial Field,Lincoln Financial Field,home_team_primary_stadium,,United States,False,False,69879,1,True,True,True,True,
2023_REG_09_IND_CAR_20231105,2023,REG,9,2023-11-05,16:05,IND,Indianapolis Colts,IND,CAR,Carolina Panthers,CAR,Bank of America Stadium,Bank of America Stadium,Bank of America Stadium,Bank of America Stadium,home_team_primary_stadium,,United States,False,False,72301,1,True,True,True,True,
2023_REG_09_LAR_GB_20231105,2023,REG,9,2023-11-05,13:00,LAR,Los Angeles Rams,LA,GB,Green Bay Packers,GB,Lambeau Field,Lambeau Field,Lambeau Field,Lambeau Field,home_team_primary_stadium,,United States,False,False,77409,1,True,True,True,True,
2023_REG_09_MIA_KC_20231105,2023,REG,9,2023-11-05,09:30,MIA,Miami Dolphins,MIA,KC,Kansas City Chiefs,KC,Deutsche Bank Park,Deutsche Bank Park,Arrowhead Stadium,Deutsche Bank Park,actual_game_venue,Frankfurt,Germany,True,True,50023,1,True,True,True,True,
2023_REG_09_MIN_ATL_20231105,2023,REG,9,2023-11-05,13:00,MIN,Minnesota Vikings,MIN,ATL,Atlanta Falcons,ATL,Mercedes-Benz Stadium,Mercedes-Benz Stadium,Mercedes-Benz Stadium,Mercedes-Benz Stadium,home_team_primary_stadium,,United States,False,False,69715,1,True,True,True,True,
2023_REG_09_NYG_LV_20231105,2023,REG,9,2023-11-05,16:25,NYG,New York Giants,NYG,LV,Las Vegas Raiders,LV,Allegiant Stadium,Allegiant Stadium,Allegiant Stadium,Allegiant Stadium,home_team_primary_stadium,,United States,False,False,62082,1,True,True,True,True,
2023_REG_09_SEA_BAL_20231105,2023,REG,9,2023-11-05,13:00,SEA,Seattle Seahawks,SEA,BAL,Baltimore Ravens,BAL,M&T Bank Stadium,M&T Bank Stadium,M&T Bank Stadium,M&T Bank Stadium,home_team_primary_stadium,,United States,False,False,70753,1,True,True,True,True,
2023_REG_09_TB_HOU_20231105,2023,REG,9,2023-11-05,13:00,TB,Tampa Bay Buccaneers,TB,HOU,Houston Texans,HOU,NRG Stadium,NRG Stadium,NRG Stadium,NRG Stadium,home_team_primary_stadium,,United States,False,False,70785,1,True,True,True,True,
2023_REG_09_WSH_NE_20231105,2023,REG,9,2023-11-05,13:00,WSH,Washington Commanders,WAS,NE,New England Patriots,NE,Gillette Stadium,Gillette Stadium,Gillette Stadium,Gillette Stadium,home_team_primary_stadium,,United States,False,False,64628,1,True,True,True,True,
2023_REG_09_LAC_NYJ_20231106,2023,REG,9,2023-11-06,20:15,LAC,Los Angeles Chargers,LAC,NYJ,New York Jets,NYJ,MetLife Stadium,MetLife Stadium,MetLife Stadium,MetLife Stadium,home_team_primary_stadium,,United States,False,False,75407,1,True,True,True,True,
2023_REG_10_CAR_CHI_20231109,2023,REG,10,2023-11-09,20:15,CAR,Carolina Panthers,CAR,CHI,Chicago Bears,CHI,Soldier Field,Soldier Field,Soldier Field,Soldier Field,home_team_primary_stadium,,United States,False,False,61200,1,True,True,True,True,
2023_REG_10_ATL_ARI_20231112,2023,REG,10,2023-11-12,16:05,ATL,Atlanta Falcons,ATL,ARI,Arizona Cardinals,ARI,State Farm Stadium,State Farm Stadium,State Farm Stadium,State Farm Stadium,home_team_primary_stadium,,United States,False,False,62861,1,True,True,True,True,
2023_REG_10_CLE_BAL_20231112,2023,REG,10,2023-11-12,13:00,CLE,Cleveland Browns,CLE,BAL,Baltimore Ravens,BAL,M&T Bank Stadium,M&T Bank Stadium,M&T Bank Stadium,M&T Bank Stadium,home_team_primary_stadium,,United States,False,False,70424,1,True,True,True,True,
2023_REG_10_DET_LAC_20231112,2023,REG,10,2023-11-12,16:05,DET,Detroit Lions,DET,LAC,Los Angeles Chargers,LAC,SoFi Stadium,SoFi Stadium,SoFi Stadium,SoFi Stadium,home_team_primary_stadium,,United States,False,False,70240,1,True,True,True,True,
2023_REG_10_GB_PIT_20231112,2023,REG,10,2023-11-12,13:00,GB,Green Bay Packers,GB,PIT,Pittsburgh Steelers,PIT,Acrisure Stadium,Acrisure Stadium,Acrisure Stadium,Acrisure Stadium,home_team_primary_stadium,,United States,False,False,67617,1,True,True,True,True,
2023_REG_10_HOU_CIN_20231112,2023,REG,10,2023-11-12,13:00,HOU,Houston Texans,HOU,CIN,Cincinnati Bengals,CIN,Paycor Stadium,Paycor Stadium,Paycor Stadium,Paycor Stadium,home_team_primary_stadium,,United States,False,False,66526,1,True,True,True,True,
2023_REG_10_IND_NE_20231112,2023,REG,10,2023-11-12,09:30,IND,Indianapolis Colts,IND,NE,New England Patriots,NE,Deutsche Bank Park,Deutsche Bank Park,Gillette Stadium,Deutsche Bank Park,actual_game_venue,Frankfurt,Germany,True,True,50144,1,True,True,True,True,
2023_REG_10_NO_MIN_20231112,2023,REG,10,2023-11-12,13:00,NO,New Orleans Saints,NO,MIN,Minnesota Vikings,MIN,U.S. Bank Stadium,U.S. Bank Stadium,U.S. Bank Stadium,U.S. Bank Stadium,home_team_primary_stadium,,United States,False,False,66933,1,True,True,True,True,
2023_REG_10_NYG_DAL_20231112,2023,REG,10,2023-11-12,16:25,NYG,New York Giants,NYG,DAL,Dallas Cowboys,DAL,AT&T Stadium,AT&T Stadium,AT&T Stadium,AT&T Stadium,home_team_primary_stadium,,United States,False,False,93338,1,True,True,True,True,
2023_REG_10_NYJ_LV_20231112,2023,REG,10,2023-11-12,20:20,NYJ,New York Jets,NYJ,LV,Las Vegas Raiders,LV,Allegiant Stadium,Allegiant Stadium,Allegiant Stadium,Allegiant Stadium,home_team_primary_stadium,,United States,False,False,62383,1,True,True,True,True,
2023_REG_10_SF_JAX_20231112,2023,REG,10,2023-11-12,13:00,SF,San Francisco 49ers,SF,JAX,Jacksonville Jaguars,JAX,TIAA Bank Stadium,TIAA Bank Stadium,EverBank Stadium,TIAA Bank Stadium,actual_game_venue,,United States,True,False,69271,1,True,True,True,True,
2023_REG_10_TEN_TB_20231112,2023,REG,10,2023-11-12,13:00,TEN,Tennessee Titans,TEN,TB,Tampa Bay Buccaneers,TB,Raymond James Stadium,Raymond James Stadium,Raymond James Stadium,Raymond James Stadium,home_team_primary_stadium,,United States,False,False,62725,1,True,True,True,True,
2023_REG_10_WSH_SEA_20231112,2023,REG,10,2023-11-12,16:25,WSH,Washington Commanders,WAS,SEA,Seattle Seahawks,SEA,Lumen Field,Lumen Field,Lumen Field,Lumen Field,home_team_primary_stadium,,United States,False,False,68721,1,True,True,True,True,
2023_REG_10_DEN_BUF_20231113,2023,REG,10,2023-11-13,20:15,DEN,Denver Broncos,DEN,BUF,Buffalo Bills,BUF,Highmark Stadium,New Era Field,Highmark Stadium,Highmark Stadium,home_team_primary_stadium,,United States,False,False,70318,1,True,True,True,True,
2023_REG_11_CIN_BAL_20231116,2023,REG,11,2023-11-16,20:15,CIN,Cincinnati Bengals,CIN,BAL,Baltimore Ravens,BAL,M&T Bank Stadium,M&T Bank Stadium,M&T Bank Stadium,M&T Bank Stadium,home_team_primary_stadium,,United States,False,False,70997,1,True,True,True,True,
2023_REG_11_ARI_HOU_20231119,2023,REG,11,2023-11-19,13:00,ARI,Arizona Cardinals,ARI,HOU,Houston Texans,HOU,NRG Stadium,NRG Stadium,NRG Stadium,NRG Stadium,home_team_primary_stadium,,United States,False,False,70247,1,True,True,True,True,
2023_REG_11_CHI_DET_20231119,2023,REG,11,2023-11-19,13:00,CHI,Chicago Bears,CHI,DET,Detroit Lions,DET,Ford Field,Ford Field,Ford Field,Ford Field,home_team_primary_stadium,,United States,False,False,63873,1,True,True,True,True,
2023_REG_11_DAL_CAR_20231119,2023,REG,11,2023-11-19,13:00,DAL,Dallas Cowboys,DAL,CAR,Carolina Panthers,CAR,Bank of America Stadium,Bank of America Stadium,Bank of America Stadium,Bank of America Stadium,home_team_primary_stadium,,United States,False,False,73543,1,True,True,True,True,
2023_REG_11_LAC_GB_20231119,2023,REG,11,2023-11-19,13:00,LAC,Los Angeles Chargers,LAC,GB,Green Bay Packers,GB,Lambeau Field,Lambeau Field,Lambeau Field,Lambeau Field,home_team_primary_stadium,,United States,False,False,77432,1,True,True,True,True,
2023_REG_11_LV_MIA_20231119,2023,REG,11,2023-11-19,13:00,LV,Las Vegas Raiders,LV,MIA,Miami Dolphins,MIA,Hard Rock Stadium,Hard Rock Stadium,Hard Rock Stadium,Hard Rock Stadium,home_team_primary_stadium,,United States,False,False,66026,1,True,True,True,True,
2023_REG_11_MIN_DEN_20231119,2023,REG,11,2023-11-19,20:20,MIN,Minnesota Vikings,MIN,DEN,Denver Broncos,DEN,Empower Field at Mile High,Empower Field at Mile High,Empower Field at Mile High,Empower Field at Mile High,home_team_primary_stadium,,United States,False,False,76848,1,True,True,True,True,
2023_REG_11_NYG_WSH_20231119,2023,REG,11,2023-11-19,13:00,NYG,New York Giants,NYG,WSH,Washington Commanders,WAS,Northwest Stadium,FedExField,Northwest Stadium,Northwest Stadium,home_team_primary_stadium,,United States,False,False,62714,1,True,True,True,True,
2023_REG_11_NYJ_BUF_20231119,2023,REG,11,2023-11-19,16:25,NYJ,New York Jets,NYJ,BUF,Buffalo Bills,BUF,Highmark Stadium,New Era Field,Highmark Stadium,Highmark Stadium,home_team_primary_stadium,,United States,False,False,70603,1,True,True,True,True,
2023_REG_11_PIT_CLE_20231119,2023,REG,11,2023-11-19,13:00,PIT,Pittsburgh Steelers,PIT,CLE,Cleveland Browns,CLE,Huntington Bank Field,FirstEnergy Stadium,Huntington Bank Field,Huntington Bank Field,home_team_primary_stadium,,United States,False,False,67919,1,True,True,True,True,
2023_REG_11_SEA_LAR_20231119,2023,REG,11,2023-11-19,16:25,SEA,Seattle Seahawks,SEA,LAR,Los Angeles Rams,LA,SoFi Stadium,SoFi Stadium,SoFi Stadium,SoFi Stadium,home_team_primary_stadium,,United States,False,False,72704,1,True,True,True,True,
2023_REG_11_TB_SF_20231119,2023,REG,11,2023-11-19,16:05,TB,Tampa Bay Buccaneers,TB,SF,San Francisco 49ers,SF,Levi's Stadium,Levi's Stadium,Levi's Stadium,Levi's Stadium,home_team_primary_stadium,,United States,False,False,71607,1,True,True,True,True,
2023_REG_11_TEN_JAX_20231119,2023,REG,11,2023-11-19,13:00,TEN,Tennessee Titans,TEN,JAX,Jacksonville Jaguars,JAX,TIAA Bank Stadium,TIAA Bank Stadium,EverBank Stadium,TIAA Bank Stadium,actual_game_venue,,United States,True,False,67175,1,True,True,True,True,
2023_REG_11_PHI_KC_20231120,2023,REG,11,2023-11-20,20:15,PHI,Philadelphia Eagles,PHI,KC,Kansas City Chiefs,KC,Arrowhead Stadium,GEHA Field at Arrowhead Stadium,Arrowhead Stadium,Arrowhead Stadium,home_team_primary_stadium,,United States,False,False,73754,1,True,True,True,True,
2023_REG_12_GB_DET_20231123,2023,REG,12,2023-11-23,12:30,GB,Green Bay Packers,GB,DET,Detroit Lions,DET,Ford Field,Ford Field,Ford Field,Ford Field,home_team_primary_stadium,,United States,False,False,66476,1,True,True,True,True,
2023_REG_12_SF_SEA_20231123,2023,REG,12,2023-11-23,20:20,SF,San Francisco 49ers,SF,SEA,Seattle Seahawks,SEA,Lumen Field,Lumen Field,Lumen Field,Lumen Field,home_team_primary_stadium,,United States,False,False,68702,1,True,True,True,True,
2023_REG_12_WSH_DAL_20231123,2023,REG,12,2023-11-23,16:30,WSH,Washington Commanders,WAS,DAL,Dallas Cowboys,DAL,AT&T Stadium,AT&T Stadium,AT&T Stadium,AT&T Stadium,home_team_primary_stadium,,United States,False,False,93711,1,True,True,True,True,
2023_REG_12_MIA_NYJ_20231124,2023,REG,12,2023-11-24,15:00,MIA,Miami Dolphins,MIA,NYJ,New York Jets,NYJ,MetLife Stadium,MetLife Stadium,MetLife Stadium,MetLife Stadium,home_team_primary_stadium,,United States,False,False,82973,1,True,True,True,True,
2023_REG_12_BAL_LAC_20231126,2023,REG,12,2023-11-26,20:20,BAL,Baltimore Ravens,BAL,LAC,Los Angeles Chargers,LAC,SoFi Stadium,SoFi Stadium,SoFi Stadium,SoFi Stadium,home_team_primary_stadium,,United States,False,False,70240,1,True,True,True,True,
2023_REG_12_BUF_PHI_20231126,2023,REG,12,2023-11-26,16:25,BUF,Buffalo Bills,BUF,PHI,Philadelphia Eagles,PHI,Lincoln Financial Field,Lincoln Financial Field,Lincoln Financial Field,Lincoln Financial Field,home_team_primary_stadium,,United States,False,False,69879,1,True,True,True,True,
2023_REG_12_CAR_TEN_20231126,2023,REG,12,2023-11-26,13:00,CAR,Carolina Panthers,CAR,TEN,Tennessee Titans,TEN,Nissan Stadium,Nissan Stadium,Nissan Stadium,Nissan Stadium,home_team_primary_stadium,,United States,False,False,62493,1,True,True,True,True,
2023_REG_12_CLE_DEN_20231126,2023,REG,12,2023-11-26,16:05,CLE,Cleveland Browns,CLE,DEN,Denver Broncos,DEN,Empower Field at Mile High,Empower Field at Mile High,Empower Field at Mile High,Empower Field at Mile High,home_team_primary_stadium,,United States,False,False,76261,1,True,True,True,True,
2023_REG_12_JAX_HOU_20231126,2023,REG,12,2023-11-26,13:00,JAX,Jacksonville Jaguars,JAX,HOU,Houston Texans,HOU,NRG Stadium,NRG Stadium,NRG Stadium,NRG Stadium,home_team_primary_stadium,,United States,False,False,71324,1,True,True,True,True,
2023_REG_12_KC_LV_20231126,2023,REG,12,2023-11-26,16:25,KC,Kansas City Chiefs,KC,LV,Las Vegas Raiders,LV,Allegiant Stadium,Allegiant Stadium,Allegiant Stadium,Allegiant Stadium,home_team_primary_stadium,,United States,False,False,62441,1,True,True,True,True,
2023_REG_12_LAR_ARI_20231126,2023,REG,12,2023-11-26,16:05,LAR,Los Angeles Rams,LA,ARI,Arizona Cardinals,ARI,State Farm Stadium,State Farm Stadium,State Farm Stadium,State Farm Stadium,home_team_primary_stadium,,United States,False,False,62177,1,True,True,True,True,
2023_REG_12_NE_NYG_20231126,2023,REG,12,2023-11-26,13:00,NE,New England Patriots,NE,NYG,New York Giants,NYG,MetLife Stadium,MetLife Stadium,MetLife Stadium,MetLife Stadium,home_team_primary_stadium,,United States,False,False,82211,1,True,True,True,True,
2023_REG_12_NO_ATL_20231126,2023,REG,12,2023-11-26,13:00,NO,New Orleans Saints,NO,ATL,Atlanta Falcons,ATL,Mercedes-Benz Stadium,Mercedes-Benz Stadium,Mercedes-Benz Stadium,Mercedes-Benz Stadium,home_team_primary_stadium,,United States,False,False,70166,1,True,True,True,True,
2023_REG_12_PIT_CIN_20231126,2023,REG,12,2023-11-26,13:00,PIT,Pittsburgh Steelers,PIT,CIN,Cincinnati Bengals,CIN,Paycor Stadium,Paycor Stadium,Paycor Stadium,Paycor Stadium,home_team_primary_stadium,,United States,False,False,65090,1,True,True,True,True,
2023_REG_12_TB_IND_20231126,2023,REG,12,2023-11-26,13:00,TB,Tampa Bay Buccaneers,TB,IND,Indianapolis Colts,IND,Lucas Oil Stadium,Lucas Oil Stadium,Lucas Oil Stadium,Lucas Oil Stadium,home_team_primary_stadium,,United States,False,False,64407,1,True,True,True,True,
2023_REG_12_CHI_MIN_20231127,2023,REG,12,2023-11-27,20:15,CHI,Chicago Bears,CHI,MIN,Minnesota Vikings,MIN,U.S. Bank Stadium,U.S. Bank Stadium,U.S. Bank Stadium,U.S. Bank Stadium,home_team_primary_stadium,,United States,False,False,66843,1,True,True,True,True,
2023_REG_13_SEA_DAL_20231130,2023,REG,13,2023-11-30,20:15,SEA,Seattle Seahawks,SEA,DAL,Dallas Cowboys,DAL,AT&T Stadium,AT&T Stadium,AT&T Stadium,AT&T Stadium,home_team_primary_stadium,,United States,False,False,93367,1,True,True,True,True,
2023_REG_13_ARI_PIT_20231203,2023,REG,13,2023-12-03,13:00,ARI,Arizona Cardinals,ARI,PIT,Pittsburgh Steelers,PIT,Acrisure Stadium,Acrisure Stadium,Acrisure Stadium,Acrisure Stadium,home_team_primary_stadium,,United States,False,False,66436,1,True,True,True,True,
2023_REG_13_ATL_NYJ_20231203,2023,REG,13,2023-12-03,13:00,ATL,Atlanta Falcons,ATL,NYJ,New York Jets,NYJ,MetLife Stadium,MetLife Stadium,MetLife Stadium,MetLife Stadium,home_team_primary_stadium,,United States,False,False,74455,1,True,True,True,True,
2023_REG_13_CAR_TB_20231203,2023,REG,13,2023-12-03,16:05,CAR,Carolina Panthers,CAR,TB,Tampa Bay Buccaneers,TB,Raymond James Stadium,Raymond James Stadium,Raymond James Stadium,Raymond James Stadium,home_team_primary_stadium,,United States,False,False,62432,1,True,True,True,True,
2023_REG_13_CLE_LAR_20231203,2023,REG,13,2023-12-03,16:25,CLE,Cleveland Browns,CLE,LAR,Los Angeles Rams,LA,SoFi Stadium,SoFi Stadium,SoFi Stadium,SoFi Stadium,home_team_primary_stadium,,United States,False,False,72887,1,True,True,True,True,
2023_REG_13_DEN_HOU_20231203,2023,REG,13,2023-12-03,13:00,DEN,Denver Broncos,DEN,HOU,Houston Texans,HOU,NRG Stadium,NRG Stadium,NRG Stadium,NRG Stadium,home_team_primary_stadium,,United States,False,False,71670,1,True,True,True,True,
2023_REG_13_DET_NO_20231203,2023,REG,13,2023-12-03,13:00,DET,Detroit Lions,DET,NO,New Orleans Saints,NO,Caesars Superdome,Mercedes-Benz Superdome,Caesars Superdome,Caesars Superdome,home_team_primary_stadium,,United States,False,False,70003,1,True,True,True,True,
2023_REG_13_IND_TEN_20231203,2023,REG,13,2023-12-03,13:00,IND,Indianapolis Colts,IND,TEN,Tennessee Titans,TEN,Nissan Stadium,Nissan Stadium,Nissan Stadium,Nissan Stadium,home_team_primary_stadium,,United States,False,False,62641,1,True,True,True,True,
2023_REG_13_KC_GB_20231203,2023,REG,13,2023-12-03,20:20,KC,Kansas City Chiefs,KC,GB,Green Bay Packers,GB,Lambeau Field,Lambeau Field,Lambeau Field,Lambeau Field,home_team_primary_stadium,,United States,False,False,78124,1,True,True,True,True,
2023_REG_13_LAC_NE_20231203,2023,REG,13,2023-12-03,13:00,LAC,Los Angeles Chargers,LAC,NE,New England Patriots,NE,Gillette Stadium,Gillette Stadium,Gillette Stadium,Gillette Stadium,home_team_primary_stadium,,United States,False,False,64628,1,True,True,True,True,
2023_REG_13_MIA_WSH_20231203,2023,REG,13,2023-12-03,13:00,MIA,Miami Dolphins,MIA,WSH,Washington Commanders,WAS,Northwest Stadium,FedExField,Northwest Stadium,Northwest Stadium,home_team_primary_stadium,,United States,False,False,63459,1,True,True,True,True,
2023_REG_13_SF_PHI_20231203,2023,REG,13,2023-12-03,16:25,SF,San Francisco 49ers,SF,PHI,Philadelphia Eagles,PHI,Lincoln Financial Field,Lincoln Financial Field,Lincoln Financial Field,Lincoln Financial Field,home_team_primary_stadium,,United States,False,False,69879,1,True,True,True,True,
2023_REG_13_CIN_JAX_20231204,2023,REG,13,2023-12-04,20:15,CIN,Cincinnati Bengals,CIN,JAX,Jacksonville Jaguars,JAX,TIAA Bank Stadium,TIAA Bank Stadium,EverBank Stadium,TIAA Bank Stadium,actual_game_venue,,United States,True,False,67951,1,True,True,True,True,
2023_REG_14_NE_PIT_20231207,2023,REG,14,2023-12-07,20:15,NE,New England Patriots,NE,PIT,Pittsburgh Steelers,PIT,Acrisure Stadium,Acrisure Stadium,Acrisure Stadium,Acrisure Stadium,home_team_primary_stadium,,United States,False,False,66376,1,True,True,True,True,
2023_REG_14_BUF_KC_20231210,2023,REG,14,2023-12-10,16:25,BUF,Buffalo Bills,BUF,KC,Kansas City Chiefs,KC,Arrowhead Stadium,GEHA Field at Arrowhead Stadium,Arrowhead Stadium,Arrowhead Stadium,home_team_primary_stadium,,United States,False,False,73639,1,True,True,True,True,
2023_REG_14_CAR_NO_20231210,2023,REG,14,2023-12-10,13:00,CAR,Carolina Panthers,CAR,NO,New Orleans Saints,NO,Caesars Superdome,Mercedes-Benz Superdome,Caesars Superdome,Caesars Superdome,home_team_primary_stadium,,United States,False,False,70009,1,True,True,True,True,
2023_REG_14_DEN_LAC_20231210,2023,REG,14,2023-12-10,16:25,DEN,Denver Broncos,DEN,LAC,Los Angeles Chargers,LAC,SoFi Stadium,SoFi Stadium,SoFi Stadium,SoFi Stadium,home_team_primary_stadium,,United States,False,False,70240,1,True,True,True,True,
2023_REG_14_DET_CHI_20231210,2023,REG,14,2023-12-10,13:00,DET,Detroit Lions,DET,CHI,Chicago Bears,CHI,Soldier Field,Soldier Field,Soldier Field,Soldier Field,home_team_primary_stadium,,United States,False,False,62185,1,True,True,True,True,
2023_REG_14_HOU_NYJ_20231210,2023,REG,14,2023-12-10,13:00,HOU,Houston Texans,HOU,NYJ,New York Jets,NYJ,MetLife Stadium,MetLife Stadium,MetLife Stadium,MetLife Stadium,home_team_primary_stadium,,United States,False,False,72956,1,True,True,True,True,
2023_REG_14_IND_CIN_20231210,2023,REG,14,2023-12-10,13:00,IND,Indianapolis Colts,IND,CIN,Cincinnati Bengals,CIN,Paycor Stadium,Paycor Stadium,Paycor Stadium,Paycor Stadium,home_team_primary_stadium,,United States,False,False,65981,1,True,True,True,True,
2023_REG_14_JAX_CLE_20231210,2023,REG,14,2023-12-10,13:00,JAX,Jacksonville Jaguars,JAX,CLE,Cleveland Browns,CLE,Huntington Bank Field,FirstEnergy Stadium,Huntington Bank Field,Huntington Bank Field,home_team_primary_stadium,,United States,False,False,67431,1,True,True,True,True,
2023_REG_14_LAR_BAL_20231210,2023,REG,14,2023-12-10,13:00,LAR,Los Angeles Rams,LA,BAL,Baltimore Ravens,BAL,M&T Bank Stadium,M&T Bank Stadium,M&T Bank Stadium,M&T Bank Stadium,home_team_primary_stadium,,United States,False,False,70492,1,True,True,True,True,
2023_REG_14_MIN_LV_20231210,2023,REG,14,2023-12-10,16:05,MIN,Minnesota Vikings,MIN,LV,Las Vegas Raiders,LV,Allegiant Stadium,Allegiant Stadium,Allegiant Stadium,Allegiant Stadium,home_team_primary_stadium,,United States,False,False,62626,1,True,True,True,True,
2023_REG_14_PHI_DAL_20231210,2023,REG,14,2023-12-10,20:20,PHI,Philadelphia Eagles,PHI,DAL,Dallas Cowboys,DAL,AT&T Stadium,AT&T Stadium,AT&T Stadium,AT&T Stadium,home_team_primary_stadium,,United States,False,False,93752,1,True,True,True,True,
2023_REG_14_SEA_SF_20231210,2023,REG,14,2023-12-10,16:05,SEA,Seattle Seahawks,SEA,SF,San Francisco 49ers,SF,Levi's Stadium,Levi's Stadium,Levi's Stadium,Levi's Stadium,home_team_primary_stadium,,United States,False,False,71816,1,True,True,True,True,
2023_REG_14_TB_ATL_20231210,2023,REG,14,2023-12-10,13:00,TB,Tampa Bay Buccaneers,TB,ATL,Atlanta Falcons,ATL,Mercedes-Benz Stadium,Mercedes-Benz Stadium,Mercedes-Benz Stadium,Mercedes-Benz Stadium,home_team_primary_stadium,,United States,False,False,69496,1,True,True,True,True,
2023_REG_14_GB_NYG_20231211,2023,REG,14,2023-12-11,20:15,GB,Green Bay Packers,GB,NYG,New York Giants,NYG,MetLife Stadium,MetLife Stadium,MetLife Stadium,MetLife Stadium,home_team_primary_stadium,,United States,False,False,76637,1,True,True,True,True,
2023_REG_14_TEN_MIA_20231211,2023,REG,14,2023-12-11,20:15,TEN,Tennessee Titans,TEN,MIA,Miami Dolphins,MIA,Hard Rock Stadium,Hard Rock Stadium,Hard Rock Stadium,Hard Rock Stadium,home_team_primary_stadium,,United States,False,False,66068,1,True,True,True,True,
2023_REG_15_LAC_LV_20231214,2023,REG,15,2023-12-14,20:15,LAC,Los Angeles Chargers,LAC,LV,Las Vegas Raiders,LV,Allegiant Stadium,Allegiant Stadium,Allegiant Stadium,Allegiant Stadium,home_team_primary_stadium,,United States,False,False,61654,1,True,True,True,True,
2023_REG_15_DEN_DET_20231216,2023,REG,15,2023-12-16,20:15,DEN,Denver Broncos,DEN,DET,Detroit Lions,DET,Ford Field,Ford Field,Ford Field,Ford Field,home_team_primary_stadium,,United States,False,False,64500,1,True,True,True,True,
2023_REG_15_MIN_CIN_20231216,2023,REG,15,2023-12-16,13:00,MIN,Minnesota Vikings,MIN,CIN,Cincinnati Bengals,CIN,Paycor Stadium,Paycor Stadium,Paycor Stadium,Paycor Stadium,home_team_primary_stadium,,United States,False,False,66376,1,True,True,True,True,
2023_REG_15_PIT_IND_20231216,2023,REG,15,2023-12-16,16:30,PIT,Pittsburgh Steelers,PIT,IND,Indianapolis Colts,IND,Lucas Oil Stadium,Lucas Oil Stadium,Lucas Oil Stadium,Lucas Oil Stadium,home_team_primary_stadium,,United States,False,False,64171,1,True,True,True,True,
2023_REG_15_ATL_CAR_20231217,2023,REG,15,2023-12-17,13:00,ATL,Atlanta Falcons,ATL,CAR,Carolina Panthers,CAR,Bank of America Stadium,Bank of America Stadium,Bank of America Stadium,Bank of America Stadium,home_team_primary_stadium,,United States,False,False,70301,1,True,True,True,True,
2023_REG_15_BAL_JAX_20231217,2023,REG,15,2023-12-17,20:20,BAL,Baltimore Ravens,BAL,JAX,Jacksonville Jaguars,JAX,TIAA Bank Stadium,TIAA Bank Stadium,EverBank Stadium,TIAA Bank Stadium,actual_game_venue,,United States,True,False,68021,1,True,True,True,True,
2023_REG_15_CHI_CLE_20231217,2023,REG,15,2023-12-17,13:00,CHI,Chicago Bears,CHI,CLE,Cleveland Browns,CLE,Huntington Bank Field,FirstEnergy Stadium,Huntington Bank Field,Huntington Bank Field,home_team_primary_stadium,,United States,False,False,67919,1,True,True,True,True,
2023_REG_15_DAL_BUF_20231217,2023,REG,15,2023-12-17,16:25,DAL,Dallas Cowboys,DAL,BUF,Buffalo Bills,BUF,Highmark Stadium,New Era Field,Highmark Stadium,Highmark Stadium,home_team_primary_stadium,,United States,False,False,70933,1,True,True,True,True,
2023_REG_15_HOU_TEN_20231217,2023,REG,15,2023-12-17,13:00,HOU,Houston Texans,HOU,TEN,Tennessee Titans,TEN,Nissan Stadium,Nissan Stadium,Nissan Stadium,Nissan Stadium,home_team_primary_stadium,,United States,False,False,66219,1,True,True,True,True,
2023_REG_15_KC_NE_20231217,2023,REG,15,2023-12-17,13:00,KC,Kansas City Chiefs,KC,NE,New England Patriots,NE,Gillette Stadium,Gillette Stadium,Gillette Stadium,Gillette Stadium,home_team_primary_stadium,,United States,False,False,64628,1,True,True,True,True,
2023_REG_15_NYG_NO_20231217,2023,REG,15,2023-12-17,13:00,NYG,New York Giants,NYG,NO,New Orleans Saints,NO,Caesars Superdome,Mercedes-Benz Superdome,Caesars Superdome,Caesars Superdome,home_team_primary_stadium,,United States,False,False,70038,1,True,True,True,True,
2023_REG_15_NYJ_MIA_20231217,2023,REG,15,2023-12-17,13:00,NYJ,New York Jets,NYJ,MIA,Miami Dolphins,MIA,Hard Rock Stadium,Hard Rock Stadium,Hard Rock Stadium,Hard Rock Stadium,home_team_primary_stadium,,United States,False,False,65967,1,True,True,True,True,
2023_REG_15_SF_ARI_20231217,2023,REG,15,2023-12-17,16:05,SF,San Francisco 49ers,SF,ARI,Arizona Cardinals,ARI,State Farm Stadium,State Farm Stadium,State Farm Stadium,State Farm Stadium,home_team_primary_stadium,,United States,False,False,63967,1,True,True,True,True,
2023_REG_15_TB_GB_20231217,2023,REG,15,2023-12-17,13:00,TB,Tampa Bay Buccaneers,TB,GB,Green Bay Packers,GB,Lambeau Field,Lambeau Field,Lambeau Field,Lambeau Field,home_team_primary_stadium,,United States,False,False,77275,1,True,True,True,True,
2023_REG_15_WSH_LAR_20231217,2023,REG,15,2023-12-17,16:05,WSH,Washington Commanders,WAS,LAR,Los Angeles Rams,LA,SoFi Stadium,SoFi Stadium,SoFi Stadium,SoFi Stadium,home_team_primary_stadium,,United States,False,False,72035,1,True,True,True,True,
2023_REG_15_PHI_SEA_20231218,2023,REG,15,2023-12-18,20:15,PHI,Philadelphia Eagles,PHI,SEA,Seattle Seahawks,SEA,Lumen Field,Lumen Field,Lumen Field,Lumen Field,home_team_primary_stadium,,United States,False,False,68758,1,True,True,True,True,
2023_REG_16_NO_LAR_20231221,2023,REG,16,2023-12-21,20:15,NO,New Orleans Saints,NO,LAR,Los Angeles Rams,LA,SoFi Stadium,SoFi Stadium,SoFi Stadium,SoFi Stadium,home_team_primary_stadium,,United States,False,False,73228,1,True,True,True,True,
2023_REG_16_BUF_LAC_20231223,2023,REG,16,2023-12-23,20:00,BUF,Buffalo Bills,BUF,LAC,Los Angeles Chargers,LAC,SoFi Stadium,SoFi Stadium,SoFi Stadium,SoFi Stadium,home_team_primary_stadium,,United States,False,False,67678,1,True,True,True,True,
2023_REG_16_CIN_PIT_20231223,2023,REG,16,2023-12-23,16:30,CIN,Cincinnati Bengals,CIN,PIT,Pittsburgh Steelers,PIT,Acrisure Stadium,Acrisure Stadium,Acrisure Stadium,Acrisure Stadium,home_team_primary_stadium,,United States,False,False,66646,1,True,True,True,True,
2023_REG_16_ARI_CHI_20231224,2023,REG,16,2023-12-24,16:25,ARI,Arizona Cardinals,ARI,CHI,Chicago Bears,CHI,Soldier Field,Soldier Field,Soldier Field,Soldier Field,home_team_primary_stadium,,United States,False,False,59978,1,True,True,True,True,
2023_REG_16_CLE_HOU_20231224,2023,REG,16,2023-12-24,13:00,CLE,Cleveland Browns,CLE,HOU,Houston Texans,HOU,NRG Stadium,NRG Stadium,NRG Stadium,NRG Stadium,home_team_primary_stadium,,United States,False,False,70831,1,True,True,True,True,
2023_REG_16_DAL_MIA_20231224,2023,REG,16,2023-12-24,16:25,DAL,Dallas Cowboys,DAL,MIA,Miami Dolphins,MIA,Hard Rock Stadium,Hard Rock Stadium,Hard Rock Stadium,Hard Rock Stadium,home_team_primary_stadium,,United States,False,False,66410,1,True,True,True,True,
2023_REG_16_DET_MIN_20231224,2023,REG,16,2023-12-24,13:00,DET,Detroit Lions,DET,MIN,Minnesota Vikings,MIN,U.S. Bank Stadium,U.S. Bank Stadium,U.S. Bank Stadium,U.S. Bank Stadium,home_team_primary_stadium,,United States,False,False,66932,1,True,True,True,True,
2023_REG_16_GB_CAR_20231224,2023,REG,16,2023-12-24,13:00,GB,Green Bay Packers,GB,CAR,Carolina Panthers,CAR,Bank of America Stadium,Bank of America Stadium,Bank of America Stadium,Bank of America Stadium,home_team_primary_stadium,,United States,False,False,70875,1,True,True,True,True,
2023_REG_16_IND_ATL_20231224,2023,REG,16,2023-12-24,13:00,IND,Indianapolis Colts,IND,ATL,Atlanta Falcons,ATL,Mercedes-Benz Stadium,Mercedes-Benz Stadium,Mercedes-Benz Stadium,Mercedes-Benz Stadium,home_team_primary_stadium,,United States,False,False,69221,1,True,True,True,True,
2023_REG_16_JAX_TB_20231224,2023,REG,16,2023-12-24,16:05,JAX,Jacksonville Jaguars,JAX,TB,Tampa Bay Buccaneers,TB,Raymond James Stadium,Raymond James Stadium,Raymond James Stadium,Raymond James Stadium,home_team_primary_stadium,,United States,False,False,62547,1,True,True,True,True,
2023_REG_16_NE_DEN_20231224,2023,REG,16,2023-12-24,20:15,NE,New England Patriots,NE,DEN,Denver Broncos,DEN,Empower Field at Mile High,Empower Field at Mile High,Empower Field at Mile High,Empower Field at Mile High,home_team_primary_stadium,,United States,False,False,76201,1,True,True,True,True,
2023_REG_16_SEA_TEN_20231224,2023,REG,16,2023-12-24,13:00,SEA,Seattle Seahawks,SEA,TEN,Tennessee Titans,TEN,Nissan Stadium,Nissan Stadium,Nissan Stadium,Nissan Stadium,home_team_primary_stadium,,United States,False,False,60181,1,True,True,True,True,
2023_REG_16_WSH_NYJ_20231224,2023,REG,16,2023-12-24,13:00,WSH,Washington Commanders,WAS,NYJ,New York Jets,NYJ,MetLife Stadium,MetLife Stadium,MetLife Stadium,MetLife Stadium,home_team_primary_stadium,,United States,False,False,67470,1,True,True,True,True,
2023_REG_16_BAL_SF_20231225,2023,REG,16,2023-12-25,20:15,BAL,Baltimore Ravens,BAL,SF,San Francisco 49ers,SF,Levi's Stadium,Levi's Stadium,Levi's Stadium,Levi's Stadium,home_team_primary_stadium,,United States,False,False,71812,1,True,True,True,True,
2023_REG_16_LV_KC_20231225,2023,REG,16,2023-12-25,13:00,LV,Las Vegas Raiders,LV,KC,Kansas City Chiefs,KC,Arrowhead Stadium,GEHA Field at Arrowhead Stadium,Arrowhead Stadium,Arrowhead Stadium,home_team_primary_stadium,,United States,False,False,73480,1,True,True,True,True,
2023_REG_16_NYG_PHI_20231225,2023,REG,16,2023-12-25,16:30,NYG,New York Giants,NYG,PHI,Philadelphia Eagles,PHI,Lincoln Financial Field,Lincoln Financial Field,Lincoln Financial Field,Lincoln Financial Field,home_team_primary_stadium,,United States,False,False,69879,1,True,True,True,True,
2023_REG_17_NYJ_CLE_20231228,2023,REG,17,2023-12-28,20:15,NYJ,New York Jets,NYJ,CLE,Cleveland Browns,CLE,Huntington Bank Field,FirstEnergy Stadium,Huntington Bank Field,Huntington Bank Field,home_team_primary_stadium,,United States,False,False,67919,1,True,True,True,True,
2023_REG_17_DET_DAL_20231230,2023,REG,17,2023-12-30,20:15,DET,Detroit Lions,DET,DAL,Dallas Cowboys,DAL,AT&T Stadium,AT&T Stadium,AT&T Stadium,AT&T Stadium,home_team_primary_stadium,,United States,False,False,93731,1,True,True,True,True,
2023_REG_17_ARI_PHI_20231231,2023,REG,17,2023-12-31,13:00,ARI,Arizona Cardinals,ARI,PHI,Philadelphia Eagles,PHI,Lincoln Financial Field,Lincoln Financial Field,Lincoln Financial Field,Lincoln Financial Field,home_team_primary_stadium,,United States,False,False,69879,1,True,True,True,True,
2023_REG_17_ATL_CHI_20231231,2023,REG,17,2023-12-31,13:00,ATL,Atlanta Falcons,ATL,CHI,Chicago Bears,CHI,Soldier Field,Soldier Field,Soldier Field,Soldier Field,home_team_primary_stadium,,United States,False,False,61752,1,True,True,True,True,
2023_REG_17_CAR_JAX_20231231,2023,REG,17,2023-12-31,13:00,CAR,Carolina Panthers,CAR,JAX,Jacksonville Jaguars,JAX,TIAA Bank Stadium,TIAA Bank Stadium,EverBank Stadium,TIAA Bank Stadium,actual_game_venue,,United States,True,False,67233,1,True,True,True,True,
2023_REG_17_CIN_KC_20231231,2023,REG,17,2023-12-31,16:25,CIN,Cincinnati Bengals,CIN,KC,Kansas City Chiefs,KC,Arrowhead Stadium,GEHA Field at Arrowhead Stadium,Arrowhead Stadium,Arrowhead Stadium,home_team_primary_stadium,,United States,False,False,73565,1,True,True,True,True,
2023_REG_17_GB_MIN_20231231,2023,REG,17,2023-12-31,20:20,GB,Green Bay Packers,GB,MIN,Minnesota Vikings,MIN,U.S. Bank Stadium,U.S. Bank Stadium,U.S. Bank Stadium,U.S. Bank Stadium,home_team_primary_stadium,,United States,False,False,67003,1,True,True,True,True,
2023_REG_17_LAC_DEN_20231231,2023,REG,17,2023-12-31,16:25,LAC,Los Angeles Chargers,LAC,DEN,Denver Broncos,DEN,Empower Field at Mile High,Empower Field at Mile High,Empower Field at Mile High,Empower Field at Mile High,home_team_primary_stadium,,United States,False,False,76228,1,True,True,True,True,
2023_REG_17_LAR_NYG_20231231,2023,REG,17,2023-12-31,13:00,LAR,Los Angeles Rams,LA,NYG,New York Giants,NYG,MetLife Stadium,MetLife Stadium,MetLife Stadium,MetLife Stadium,home_team_primary_stadium,,United States,False,False,75517,1,True,True,True,True,
2023_REG_17_LV_IND_20231231,2023,REG,17,2023-12-31,13:00,LV,Las Vegas Raiders,LV,IND,Indianapolis Colts,IND,Lucas Oil Stadium,Lucas Oil Stadium,Lucas Oil Stadium,Lucas Oil Stadium,home_team_primary_stadium,,United States,False,False,65538,1,True,True,True,True,
2023_REG_17_MIA_BAL_20231231,2023,REG,17,2023-12-31,13:00,MIA,Miami Dolphins,MIA,BAL,Baltimore Ravens,BAL,M&T Bank Stadium,M&T Bank Stadium,M&T Bank Stadium,M&T Bank Stadium,home_team_primary_stadium,,United States,False,False,71196,1,True,True,True,True,
2023_REG_17_NE_BUF_20231231,2023,REG,17,2023-12-31,13:00,NE,New England Patriots,NE,BUF,Buffalo Bills,BUF,Highmark Stadium,New Era Field,Highmark Stadium,Highmark Stadium,home_team_primary_stadium,,United States,False,False,70772,1,True,True,True,True,
2023_REG_17_NO_TB_20231231,2023,REG,17,2023-12-31,13:00,NO,New Orleans Saints,NO,TB,Tampa Bay Buccaneers,TB,Raymond James Stadium,Raymond James Stadium,Raymond James Stadium,Raymond James Stadium,home_team_primary_stadium,,United States,False,False,65741,1,True,True,True,True,
2023_REG_17_PIT_SEA_20231231,2023,REG,17,2023-12-31,16:05,PIT,Pittsburgh Steelers,PIT,SEA,Seattle Seahawks,SEA,Lumen Field,Lumen Field,Lumen Field,Lumen Field,home_team_primary_stadium,,United States,False,False,68735,1,True,True,True,True,
2023_REG_17_SF_WSH_20231231,2023,REG,17,2023-12-31,13:00,SF,San Francisco 49ers,SF,WSH,Washington Commanders,WAS,Northwest Stadium,FedExField,Northwest Stadium,Northwest Stadium,home_team_primary_stadium,,United States,False,False,64424,1,True,True,True,True,
2023_REG_17_TEN_HOU_20231231,2023,REG,17,2023-12-31,13:00,TEN,Tennessee Titans,TEN,HOU,Houston Texans,HOU,NRG Stadium,NRG Stadium,NRG Stadium,NRG Stadium,home_team_primary_stadium,,United States,False,False,71517,1,True,True,True,True,
2023_REG_18_HOU_IND_20240106,2023,REG,18,2024-01-06,20:15,HOU,Houston Texans,HOU,IND,Indianapolis Colts,IND,Lucas Oil Stadium,Lucas Oil Stadium,Lucas Oil Stadium,Lucas Oil Stadium,home_team_primary_stadium,,United States,False,False,65925,1,True,True,True,True,
2023_REG_18_PIT_BAL_20240106,2023,REG,18,2024-01-06,16:30,PIT,Pittsburgh Steelers,PIT,BAL,Baltimore Ravens,BAL,M&T Bank Stadium,M&T Bank Stadium,M&T Bank Stadium,M&T Bank Stadium,home_team_primary_stadium,,United States,False,False,70355,1,True,True,True,True,
2023_REG_18_ATL_NO_20240107,2023,REG,18,2024-01-07,13:00,ATL,Atlanta Falcons,ATL,NO,New Orleans Saints,NO,Caesars Superdome,Mercedes-Benz Superdome,Caesars Superdome,Caesars Superdome,home_team_primary_stadium,,United States,False,False,70072,1,True,True,True,True,
2023_REG_18_BUF_MIA_20240107,2023,REG,18,2024-01-07,20:20,BUF,Buffalo Bills,BUF,MIA,Miami Dolphins,MIA,Hard Rock Stadium,Hard Rock Stadium,Hard Rock Stadium,Hard Rock Stadium,home_team_primary_stadium,,United States,False,False,66292,1,True,True,True,True,
2023_REG_18_CHI_GB_20240107,2023,REG,18,2024-01-07,16:25,CHI,Chicago Bears,CHI,GB,Green Bay Packers,GB,Lambeau Field,Lambeau Field,Lambeau Field,Lambeau Field,home_team_primary_stadium,,United States,False,False,78188,1,True,True,True,True,
2023_REG_18_CLE_CIN_20240107,2023,REG,18,2024-01-07,13:00,CLE,Cleveland Browns,CLE,CIN,Cincinnati Bengals,CIN,Paycor Stadium,Paycor Stadium,Paycor Stadium,Paycor Stadium,home_team_primary_stadium,,United States,False,False,65865,1,True,True,True,True,
2023_REG_18_DAL_WSH_20240107,2023,REG,18,2024-01-07,16:25,DAL,Dallas Cowboys,DAL,WSH,Washington Commanders,WAS,Northwest Stadium,FedExField,Northwest Stadium,Northwest Stadium,home_team_primary_stadium,,United States,False,False,63645,1,True,True,True,True,
2023_REG_18_DEN_LV_20240107,2023,REG,18,2024-01-07,16:25,DEN,Denver Broncos,DEN,LV,Las Vegas Raiders,LV,Allegiant Stadium,Allegiant Stadium,Allegiant Stadium,Allegiant Stadium,home_team_primary_stadium,,United States,False,False,61429,1,True,True,True,True,
2023_REG_18_JAX_TEN_20240107,2023,REG,18,2024-01-07,13:00,JAX,Jacksonville Jaguars,JAX,TEN,Tennessee Titans,TEN,Nissan Stadium,Nissan Stadium,Nissan Stadium,Nissan Stadium,home_team_primary_stadium,,United States,False,False,63744,1,True,True,True,True,
2023_REG_18_KC_LAC_20240107,2023,REG,18,2024-01-07,16:25,KC,Kansas City Chiefs,KC,LAC,Los Angeles Chargers,LAC,SoFi Stadium,SoFi Stadium,SoFi Stadium,SoFi Stadium,home_team_primary_stadium,,United States,False,False,68274,1,True,True,True,True,
2023_REG_18_LAR_SF_20240107,2023,REG,18,2024-01-07,16:25,LAR,Los Angeles Rams,LA,SF,San Francisco 49ers,SF,Levi's Stadium,Levi's Stadium,Levi's Stadium,Levi's Stadium,home_team_primary_stadium,,United States,False,False,71624,1,True,True,True,True,
2023_REG_18_MIN_DET_20240107,2023,REG,18,2024-01-07,13:00,MIN,Minnesota Vikings,MIN,DET,Detroit Lions,DET,Ford Field,Ford Field,Ford Field,Ford Field,home_team_primary_stadium,,United States,False,False,63233,1,True,True,True,True,
2023_REG_18_NYJ_NE_20240107,2023,REG,18,2024-01-07,13:00,NYJ,New York Jets,NYJ,NE,New England Patriots,NE,Gillette Stadium,Gillette Stadium,Gillette Stadium,Gillette Stadium,home_team_primary_stadium,,United States,False,False,64628,1,True,True,True,True,
2023_REG_18_PHI_NYG_20240107,2023,REG,18,2024-01-07,16:25,PHI,Philadelphia Eagles,PHI,NYG,New York Giants,NYG,MetLife Stadium,MetLife Stadium,MetLife Stadium,MetLife Stadium,home_team_primary_stadium,,United States,False,False,75740,1,True,True,True,True,
2023_REG_18_SEA_ARI_20240107,2023,REG,18,2024-01-07,16:25,SEA,Seattle Seahawks,SEA,ARI,Arizona Cardinals,ARI,State Farm Stadium,State Farm Stadium,State Farm Stadium,State Farm Stadium,home_team_primary_stadium,,United States,False,False,63197,1,True,True,True,True,
2023_REG_18_TB_CAR_20240107,2023,REG,18,2024-01-07,13:00,TB,Tampa Bay Buccaneers,TB,CAR,Carolina Panthers,CAR,Bank of America Stadium,Bank of America Stadium,Bank of America Stadium,Bank of America Stadium,home_team_primary_stadium,,United States,False,False,69010,1,True,True,True,True,
2023_POST_19_CLE_HOU_20240113,2023,POST,19,2024-01-13,16:30,CLE,Cleveland Browns,CLE,HOU,Houston Texans,HOU,NRG Stadium,NRG Stadium,NRG Stadium,NRG Stadium,home_team_primary_stadium,,United States,False,False,,,True,False,False,False,season_week_not_found_in_attendance
2023_POST_19_MIA_KC_20240113,2023,POST,19,2024-01-13,20:00,MIA,Miami Dolphins,MIA,KC,Kansas City Chiefs,KC,Arrowhead Stadium,GEHA Field at Arrowhead Stadium,Arrowhead Stadium,Arrowhead Stadium,home_team_primary_stadium,,United States,False,False,,,True,False,False,False,season_week_not_found_in_attendance
2023_POST_19_GB_DAL_20240114,2023,POST,19,2024-01-14,16:30,GB,Green Bay Packers,GB,DAL,Dallas Cowboys,DAL,AT&T Stadium,AT&T Stadium,AT&T Stadium,AT&T Stadium,home_team_primary_stadium,,United States,False,False,,,True,False,False,False,season_week_not_found_in_attendance
2023_POST_19_LAR_DET_20240114,2023,POST,19,2024-01-14,20:00,LAR,Los Angeles Rams,LA,DET,Detroit Lions,DET,Ford Field,Ford Field,Ford Field,Ford Field,home_team_primary_stadium,,United States,False,False,,,True,False,False,False,season_week_not_found_in_attendance
2023_POST_19_PHI_TB_20240115,2023,POST,19,2024-01-15,20:00,PHI,Philadelphia Eagles,PHI,TB,Tampa Bay Buccaneers,TB,Raymond James Stadium,Raymond James Stadium,Raymond James Stadium,Raymond James Stadium,home_team_primary_stadium,,United States,False,False,,,True,False,False,False,season_week_not_found_in_attendance
2023_POST_19_PIT_BUF_20240115,2023,POST,19,2024-01-15,16:30,PIT,Pittsburgh Steelers,PIT,BUF,Buffalo Bills,BUF,Highmark Stadium,New Era Field,Highmark Stadium,Highmark Stadium,home_team_primary_stadium,,United States,False,False,,,True,False,False,False,season_week_not_found_in_attendance
2023_POST_20_GB_SF_20240120,2023,POST,20,2024-01-20,20:15,GB,Green Bay Packers,GB,SF,San Francisco 49ers,SF,Levi's Stadium,Levi's Stadium,Levi's Stadium,Levi's Stadium,home_team_primary_stadium,,United States,False,False,,,True,False,False,False,season_week_not_found_in_attendance
2023_POST_20_HOU_BAL_20240120,2023,POST,20,2024-01-20,16:30,HOU,Houston Texans,HOU,BAL,Baltimore Ravens,BAL,M&T Bank Stadium,M&T Bank Stadium,M&T Bank Stadium,M&T Bank Stadium,home_team_primary_stadium,,United States,False,False,,,True,False,False,False,season_week_not_found_in_attendance
2023_POST_20_KC_BUF_20240121,2023,POST,20,2024-01-21,18:30,KC,Kansas City Chiefs,KC,BUF,Buffalo Bills,BUF,Highmark Stadium,New Era Field,Highmark Stadium,Highmark Stadium,home_team_primary_stadium,,United States,False,False,,,True,False,False,False,season_week_not_found_in_attendance
2023_POST_20_TB_DET_20240121,2023,POST,20,2024-01-21,15:00,TB,Tampa Bay Buccaneers,TB,DET,Detroit Lions,DET,Ford Field,Ford Field,Ford Field,Ford Field,home_team_primary_stadium,,United States,False,False,,,True,False,False,False,season_week_not_found_in_attendance
2023_CON_21_DET_SF_20240128,2023,CON,21,2024-01-28,18:30,DET,Detroit Lions,DET,SF,San Francisco 49ers,SF,Levi's Stadium,Levi's Stadium,Levi's Stadium,Levi's Stadium,home_team_primary_stadium,,United States,False,False,,,True,False,False,False,season_week_not_found_in_attendance
2023_CON_21_KC_BAL_20240128,2023,CON,21,2024-01-28,15:00,KC,Kansas City Chiefs,KC,BAL,Baltimore Ravens,BAL,M&T Bank Stadium,M&T Bank Stadium,M&T Bank Stadium,M&T Bank Stadium,home_team_primary_stadium,,United States,False,False,,,True,False,False,False,season_week_not_found_in_attendance
2023_POST_22_SF_KC_20240211,2023,POST,22,2024-02-11,18:30,SF,San Francisco 49ers,SF,KC,Kansas City Chiefs,KC,Allegiant Stadium,Allegiant Stadium,Arrowhead Stadium,Allegiant Stadium,actual_game_venue,,United States,True,False,,,True,False,False,False,season_week_not_found_in_attendance
2024_REG_01_BAL_KC_20240905,2024,REG,1,2024-09-05,20:20,BAL,Baltimore Ravens,BAL,KC,Kansas City Chiefs,KC,Arrowhead Stadium,GEHA Field at Arrowhead Stadium,Arrowhead Stadium,Arrowhead Stadium,home_team_primary_stadium,,United States,False,False,73611,1,True,True,True,True,
2024_REG_01_GB_PHI_20240906,2024,REG,1,2024-09-06,20:15,GB,Green Bay Packers,GB,PHI,Philadelphia Eagles,PHI,Arena Corinthians,Arena Corinthians,Lincoln Financial Field,Arena Corinthians,actual_game_venue,,United States,True,False,47236,1,True,True,True,True,
2024_REG_01_ARI_BUF_20240908,2024,REG,1,2024-09-08,13:00,ARI,Arizona Cardinals,ARI,BUF,Buffalo Bills,BUF,Highmark Stadium,New Era Field,Highmark Stadium,Highmark Stadium,home_team_primary_stadium,,United States,False,False,70542,1,True,True,True,True,
2024_REG_01_CAR_NO_20240908,2024,REG,1,2024-09-08,13:00,CAR,Carolina Panthers,CAR,NO,New Orleans Saints,NO,Caesars Superdome,Mercedes-Benz Superdome,Caesars Superdome,Caesars Superdome,home_team_primary_stadium,,United States,False,False,70007,1,True,True,True,True,
2024_REG_01_DAL_CLE_20240908,2024,REG,1,2024-09-08,16:25,DAL,Dallas Cowboys,DAL,CLE,Cleveland Browns,CLE,Huntington Bank Field,FirstEnergy Stadium,Huntington Bank Field,Huntington Bank Field,home_team_primary_stadium,,United States,False,False,67431,1,True,True,True,True,
2024_REG_01_DEN_SEA_20240908,2024,REG,1,2024-09-08,16:05,DEN,Denver Broncos,DEN,SEA,Seattle Seahawks,SEA,Lumen Field,Lumen Field,Lumen Field,Lumen Field,home_team_primary_stadium,,United States,False,False,68714,1,True,True,True,True,
2024_REG_01_HOU_IND_20240908,2024,REG,1,2024-09-08,13:00,HOU,Houston Texans,HOU,IND,Indianapolis Colts,IND,Lucas Oil Stadium,Lucas Oil Stadium,Lucas Oil Stadium,Lucas Oil Stadium,home_team_primary_stadium,,United States,False,False,65306,1,True,True,True,True,
2024_REG_01_JAX_MIA_20240908,2024,REG,1,2024-09-08,13:00,JAX,Jacksonville Jaguars,JAX,MIA,Miami Dolphins,MIA,Hard Rock Stadium,Hard Rock Stadium,Hard Rock Stadium,Hard Rock Stadium,home_team_primary_stadium,,United States,False,False,65582,1,True,True,True,True,
2024_REG_01_LAR_DET_20240908,2024,REG,1,2024-09-08,20:20,LAR,Los Angeles Rams,LA,DET,Detroit Lions,DET,Ford Field,Ford Field,Ford Field,Ford Field,home_team_primary_stadium,,United States,False,False,66530,1,True,True,True,True,
2024_REG_01_LV_LAC_20240908,2024,REG,1,2024-09-08,16:05,LV,Las Vegas Raiders,LV,LAC,Los Angeles Chargers,LAC,SoFi Stadium,SoFi Stadium,SoFi Stadium,SoFi Stadium,home_team_primary_stadium,,United States,False,False,70240,1,True,True,True,True,
2024_REG_01_MIN_NYG_20240908,2024,REG,1,2024-09-08,13:00,MIN,Minnesota Vikings,MIN,NYG,New York Giants,NYG,MetLife Stadium,MetLife Stadium,MetLife Stadium,MetLife Stadium,home_team_primary_stadium,,United States,False,False,81908,1,True,True,True,True,
2024_REG_01_NE_CIN_20240908,2024,REG,1,2024-09-08,13:00,NE,New England Patriots,NE,CIN,Cincinnati Bengals,CIN,Paycor Stadium,Paycor Stadium,Paycor Stadium,Paycor Stadium,home_team_primary_stadium,,United States,False,False,66214,1,True,True,True,True,
2024_REG_01_PIT_ATL_20240908,2024,REG,1,2024-09-08,13:00,PIT,Pittsburgh Steelers,PIT,ATL,Atlanta Falcons,ATL,Mercedes-Benz Stadium,Mercedes-Benz Stadium,Mercedes-Benz Stadium,Mercedes-Benz Stadium,home_team_primary_stadium,,United States,False,False,72291,1,True,True,True,True,
2024_REG_01_TEN_CHI_20240908,2024,REG,1,2024-09-08,13:00,TEN,Tennessee Titans,TEN,CHI,Chicago Bears,CHI,Soldier Field,Soldier Field,Soldier Field,Soldier Field,home_team_primary_stadium,,United States,False,False,59403,1,True,True,True,True,
2024_REG_01_WSH_TB_20240908,2024,REG,1,2024-09-08,16:25,WSH,Washington Commanders,WAS,TB,Tampa Bay Buccaneers,TB,Raymond James Stadium,Raymond James Stadium,Raymond James Stadium,Raymond James Stadium,home_team_primary_stadium,,United States,False,False,63020,1,True,True,True,True,
2024_REG_01_NYJ_SF_20240909,2024,REG,1,2024-09-09,20:15,NYJ,New York Jets,NYJ,SF,San Francisco 49ers,SF,Levi's Stadium,Levi's Stadium,Levi's Stadium,Levi's Stadium,home_team_primary_stadium,,United States,False,False,71319,1,True,True,True,True,
2024_REG_02_BUF_MIA_20240912,2024,REG,2,2024-09-12,20:15,BUF,Buffalo Bills,BUF,MIA,Miami Dolphins,MIA,Hard Rock Stadium,Hard Rock Stadium,Hard Rock Stadium,Hard Rock Stadium,home_team_primary_stadium,,United States,False,False,65601,1,True,True,True,True,
2024_REG_02_CHI_HOU_20240915,2024,REG,2,2024-09-15,20:20,CHI,Chicago Bears,CHI,HOU,Houston Texans,HOU,NRG Stadium,NRG Stadium,NRG Stadium,NRG Stadium,home_team_primary_stadium,,United States,False,False,71412,1,True,True,True,True,
2024_REG_02_CIN_KC_20240915,2024,REG,2,2024-09-15,16:25,CIN,Cincinnati Bengals,CIN,KC,Kansas City Chiefs,KC,Arrowhead Stadium,GEHA Field at Arrowhead Stadium,Arrowhead Stadium,Arrowhead Stadium,home_team_primary_stadium,,United States,False,False,73558,1,True,True,True,True,
2024_REG_02_CLE_JAX_20240915,2024,REG,2,2024-09-15,13:00,CLE,Cleveland Browns,CLE,JAX,Jacksonville Jaguars,JAX,TIAA Bank Stadium,TIAA Bank Stadium,EverBank Stadium,TIAA Bank Stadium,actual_game_venue,,United States,True,False,60105,1,True,True,True,True,
2024_REG_02_IND_GB_20240915,2024,REG,2,2024-09-15,13:00,IND,Indianapolis Colts,IND,GB,Green Bay Packers,GB,Lambeau Field,Lambeau Field,Lambeau Field,Lambeau Field,home_team_primary_stadium,,United States,False,False,77827,1,True,True,True,True,
2024_REG_02_LAC_CAR_20240915,2024,REG,2,2024-09-15,13:00,LAC,Los Angeles Chargers,LAC,CAR,Carolina Panthers,CAR,Bank of America Stadium,Bank of America Stadium,Bank of America Stadium,Bank of America Stadium,home_team_primary_stadium,,United States,False,False,70145,1,True,True,True,True,
2024_REG_02_LAR_ARI_20240915,2024,REG,2,2024-09-15,16:05,LAR,Los Angeles Rams,LA,ARI,Arizona Cardinals,ARI,State Farm Stadium,State Farm Stadium,State Farm Stadium,State Farm Stadium,home_team_primary_stadium,,United States,False,False,63331,1,True,True,True,True,
2024_REG_02_LV_BAL_20240915,2024,REG,2,2024-09-15,13:00,LV,Las Vegas Raiders,LV,BAL,Baltimore Ravens,BAL,M&T Bank Stadium,M&T Bank Stadium,M&T Bank Stadium,M&T Bank Stadium,home_team_primary_stadium,,United States,False,False,70762,1,True,True,True,True,
2024_REG_02_NO_DAL_20240915,2024,REG,2,2024-09-15,13:00,NO,New Orleans Saints,NO,DAL,Dallas Cowboys,DAL,AT&T Stadium,AT&T Stadium,AT&T Stadium,AT&T Stadium,home_team_primary_stadium,,United States,False,False,93691,1,True,True,True,True,
2024_REG_02_NYG_WSH_20240915,2024,REG,2,2024-09-15,13:00,NYG,New York Giants,NYG,WSH,Washington Commanders,WAS,Northwest Stadium,FedExField,Northwest Stadium,Northwest Stadium,home_team_primary_stadium,,United States,False,False,61841,1,True,True,True,True,
2024_REG_02_NYJ_TEN_20240915,2024,REG,2,2024-09-15,13:00,NYJ,New York Jets,NYJ,TEN,Tennessee Titans,TEN,Nissan Stadium,Nissan Stadium,Nissan Stadium,Nissan Stadium,home_team_primary_stadium,,United States,False,False,65509,1,True,True,True,True,
2024_REG_02_PIT_DEN_20240915,2024,REG,2,2024-09-15,16:25,PIT,Pittsburgh Steelers,PIT,DEN,Denver Broncos,DEN,Empower Field at Mile High,Empower Field at Mile High,Empower Field at Mile High,Empower Field at Mile High,home_team_primary_stadium,,United States,False,False,74215,1,True,True,True,True,
2024_REG_02_SEA_NE_20240915,2024,REG,2,2024-09-15,13:00,SEA,Seattle Seahawks,SEA,NE,New England Patriots,NE,Gillette Stadium,Gillette Stadium,Gillette Stadium,Gillette Stadium,home_team_primary_stadium,,United States,False,False,64686,1,True,True,True,True,
2024_REG_02_SF_MIN_20240915,2024,REG,2,2024-09-15,13:00,SF,San Francisco 49ers,SF,MIN,Minnesota Vikings,MIN,U.S. Bank Stadium,U.S. Bank Stadium,U.S. Bank Stadium,U.S. Bank Stadium,home_team_primary_stadium,,United States,False,False,66741,1,True,True,True,True,
2024_REG_02_TB_DET_20240915,2024,REG,2,2024-09-15,13:00,TB,Tampa Bay Buccaneers,TB,DET,Detroit Lions,DET,Ford Field,Ford Field,Ford Field,Ford Field,home_team_primary_stadium,,United States,False,False,64160,1,True,True,True,True,
2024_REG_02_ATL_PHI_20240916,2024,REG,2,2024-09-16,20:15,ATL,Atlanta Falcons,ATL,PHI,Philadelphia Eagles,PHI,Lincoln Financial Field,Lincoln Financial Field,Lincoln Financial Field,Lincoln Financial Field,home_team_primary_stadium,,United States,False,False,69879,1,True,True,True,True,
2024_REG_03_NE_NYJ_20240919,2024,REG,3,2024-09-19,20:15,NE,New England Patriots,NE,NYJ,New York Jets,NYJ,MetLife Stadium,MetLife Stadium,MetLife Stadium,MetLife Stadium,home_team_primary_stadium,,United States,False,False,80812,1,True,True,True,True,
2024_REG_03_BAL_DAL_20240922,2024,REG,3,2024-09-22,16:25,BAL,Baltimore Ravens,BAL,DAL,Dallas Cowboys,DAL,AT&T Stadium,AT&T Stadium,AT&T Stadium,AT&T Stadium,home_team_primary_stadium,,United States,False,False,93566,1,True,True,True,True,
2024_REG_03_CAR_LV_20240922,2024,REG,3,2024-09-22,16:05,CAR,Carolina Panthers,CAR,LV,Las Vegas Raiders,LV,Allegiant Stadium,Allegiant Stadium,Allegiant Stadium,Allegiant Stadium,home_team_primary_stadium,,United States,False,False,62417,1,True,True,True,True,
2024_REG_03_CHI_IND_20240922,2024,REG,3,2024-09-22,13:00,CHI,Chicago Bears,CHI,IND,Indianapolis Colts,IND,Lucas Oil Stadium,Lucas Oil Stadium,Lucas Oil Stadium,Lucas Oil Stadium,home_team_primary_stadium,,United States,False,False,66624,1,True,True,True,True,
2024_REG_03_DEN_TB_20240922,2024,REG,3,2024-09-22,13:00,DEN,Denver Broncos,DEN,TB,Tampa Bay Buccaneers,TB,Raymond James Stadium,Raymond James Stadium,Raymond James Stadium,Raymond James Stadium,home_team_primary_stadium,,United States,False,False,62738,1,True,True,True,True,
2024_REG_03_DET_ARI_20240922,2024,REG,3,2024-09-22,16:25,DET,Detroit Lions,DET,ARI,Arizona Cardinals,ARI,State Farm Stadium,State Farm Stadium,State Farm Stadium,State Farm Stadium,home_team_primary_stadium,,United States,False,False,63650,1,True,True,True,True,
2024_REG_03_GB_TEN_20240922,2024,REG,3,2024-09-22,13:00,GB,Green Bay Packers,GB,TEN,Tennessee Titans,TEN,Nissan Stadium,Nissan Stadium,Nissan Stadium,Nissan Stadium,home_team_primary_stadium,,United States,False,False,67322,1,True,True,True,True,
2024_REG_03_HOU_MIN_20240922,2024,REG,3,2024-09-22,13:00,HOU,Houston Texans,HOU,MIN,Minnesota Vikings,MIN,U.S. Bank Stadium,U.S. Bank Stadium,U.S. Bank Stadium,U.S. Bank Stadium,home_team_primary_stadium,,United States,False,False,66843,1,True,True,True,True,
2024_REG_03_KC_ATL_20240922,2024,REG,3,2024-09-22,20:20,KC,Kansas City Chiefs,KC,ATL,Atlanta Falcons,ATL,Mercedes-Benz Stadium,Mercedes-Benz Stadium,Mercedes-Benz Stadium,Mercedes-Benz Stadium,home_team_primary_stadium,,United States,False,False,72441,1,True,True,True,True,
2024_REG_03_LAC_PIT_20240922,2024,REG,3,2024-09-22,13:00,LAC,Los Angeles Chargers,LAC,PIT,Pittsburgh Steelers,PIT,Acrisure Stadium,Acrisure Stadium,Acrisure Stadium,Acrisure Stadium,home_team_primary_stadium,,United States,False,False,66734,1,True,True,True,True,
2024_REG_03_MIA_SEA_20240922,2024,REG,3,2024-09-22,16:05,MIA,Miami Dolphins,MIA,SEA,Seattle Seahawks,SEA,Lumen Field,Lumen Field,Lumen Field,Lumen Field,home_team_primary_stadium,,United States,False,False,68658,1,True,True,True,True,
2024_REG_03_NYG_CLE_20240922,2024,REG,3,2024-09-22,13:00,NYG,New York Giants,NYG,CLE,Cleveland Browns,CLE,Huntington Bank Field,FirstEnergy Stadium,Huntington Bank Field,Huntington Bank Field,home_team_primary_stadium,,United States,False,False,68016,1,True,True,True,True,
2024_REG_03_PHI_NO_20240922,2024,REG,3,2024-09-22,13:00,PHI,Philadelphia Eagles,PHI,NO,New Orleans Saints,NO,Caesars Superdome,Mercedes-Benz Superdome,Caesars Superdome,Caesars Superdome,home_team_primary_stadium,,United States,False,False,70006,1,True,True,True,True,
2024_REG_03_SF_LAR_20240922,2024,REG,3,2024-09-22,16:25,SF,San Francisco 49ers,SF,LAR,Los Angeles Rams,LA,SoFi Stadium,SoFi Stadium,SoFi Stadium,SoFi Stadium,home_team_primary_stadium,,United States,False,False,,,True,True,False,False,home_team_not_found_for_season_week
2024_REG_03_JAX_BUF_20240923,2024,REG,3,2024-09-23,19:30,JAX,Jacksonville Jaguars,JAX,BUF,Buffalo Bills,BUF,Highmark Stadium,New Era Field,Highmark Stadium,Highmark Stadium,home_team_primary_stadium,,United States,False,False,70316,1,True,True,True,True,
2024_REG_03_WSH_CIN_20240923,2024,REG,3,2024-09-23,20:15,WSH,Washington Commanders,WAS,CIN,Cincinnati Bengals,CIN,Paycor Stadium,Paycor Stadium,Paycor Stadium,Paycor Stadium,home_team_primary_stadium,,United States,False,False,66207,1,True,True,True,True,
2024_REG_04_DAL_NYG_20240926,2024,REG,4,2024-09-26,20:15,DAL,Dallas Cowboys,DAL,NYG,New York Giants,NYG,MetLife Stadium,MetLife Stadium,MetLife Stadium,MetLife Stadium,home_team_primary_stadium,,United States,False,False,80425,1,True,True,True,True,
2024_REG_04_BUF_BAL_20240929,2024,REG,4,2024-09-29,20:20,BUF,Buffalo Bills,BUF,BAL,Baltimore Ravens,BAL,M&T Bank Stadium,M&T Bank Stadium,M&T Bank Stadium,M&T Bank Stadium,home_team_primary_stadium,,United States,False,False,70636,1,True,True,True,True,
2024_REG_04_CIN_CAR_20240929,2024,REG,4,2024-09-29,13:00,CIN,Cincinnati Bengals,CIN,CAR,Carolina Panthers,CAR,Bank of America Stadium,Bank of America Stadium,Bank of America Stadium,Bank of America Stadium,home_team_primary_stadium,,United States,False,False,77258,1,True,True,True,True,
2024_REG_04_CLE_LV_20240929,2024,REG,4,2024-09-29,16:25,CLE,Cleveland Browns,CLE,LV,Las Vegas Raiders,LV,Allegiant Stadium,Allegiant Stadium,Allegiant Stadium,Allegiant Stadium,home_team_primary_stadium,,United States,False,False,62401,1,True,True,True,True,
2024_REG_04_DEN_NYJ_20240929,2024,REG,4,2024-09-29,13:00,DEN,Denver Broncos,DEN,NYJ,New York Jets,NYJ,MetLife Stadium,MetLife Stadium,MetLife Stadium,MetLife Stadium,home_team_primary_stadium,,United States,False,False,82243,1,True,True,True,True,
2024_REG_04_JAX_HOU_20240929,2024,REG,4,2024-09-29,13:00,JAX,Jacksonville Jaguars,JAX,HOU,Houston Texans,HOU,NRG Stadium,NRG Stadium,NRG Stadium,NRG Stadium,home_team_primary_stadium,,United States,False,False,71115,1,True,True,True,True,
2024_REG_04_KC_LAC_20240929,2024,REG,4,2024-09-29,16:25,KC,Kansas City Chiefs,KC,LAC,Los Angeles Chargers,LAC,SoFi Stadium,SoFi Stadium,SoFi Stadium,SoFi Stadium,home_team_primary_stadium,,United States,False,False,70240,1,True,True,True,True,
2024_REG_04_LAR_CHI_20240929,2024,REG,4,2024-09-29,13:00,LAR,Los Angeles Rams,LA,CHI,Chicago Bears,CHI,Soldier Field,Soldier Field,Soldier Field,Soldier Field,home_team_primary_stadium,,United States,False,False,59074,1,True,True,True,True,
2024_REG_04_MIN_GB_20240929,2024,REG,4,2024-09-29,13:00,MIN,Minnesota Vikings,MIN,GB,Green Bay Packers,GB,Lambeau Field,Lambeau Field,Lambeau Field,Lambeau Field,home_team_primary_stadium,,United States,False,False,78335,1,True,True,True,True,
2024_REG_04_NE_SF_20240929,2024,REG,4,2024-09-29,16:05,NE,New England Patriots,NE,SF,San Francisco 49ers,SF,Levi's Stadium,Levi's Stadium,Levi's Stadium,Levi's Stadium,home_team_primary_stadium,,United States,False,False,71042,1,True,True,True,True,
2024_REG_04_NO_ATL_20240929,2024,REG,4,2024-09-29,13:00,NO,New Orleans Saints,NO,ATL,Atlanta Falcons,ATL,Mercedes-Benz Stadium,Mercedes-Benz Stadium,Mercedes-Benz Stadium,Mercedes-Benz Stadium,home_team_primary_stadium,,United States,False,False,72204,1,True,True,True,True,
2024_REG_04_PHI_TB_20240929,2024,REG,4,2024-09-29,13:00,PHI,Philadelphia Eagles,PHI,TB,Tampa Bay Buccaneers,TB,Raymond James Stadium,Raymond James Stadium,Raymond James Stadium,Raymond James Stadium,home_team_primary_stadium,,United States,False,False,64223,1,True,True,True,True,
2024_REG_04_PIT_IND_20240929,2024,REG,4,2024-09-29,13:00,PIT,Pittsburgh Steelers,PIT,IND,Indianapolis Colts,IND,Lucas Oil Stadium,Lucas Oil Stadium,Lucas Oil Stadium,Lucas Oil Stadium,home_team_primary_stadium,,United States,False,False,66376,1,True,True,True,True,
2024_REG_04_WSH_ARI_20240929,2024,REG,4,2024-09-29,16:05,WSH,Washington Commanders,WAS,ARI,Arizona Cardinals,ARI,State Farm Stadium,State Farm Stadium,State Farm Stadium,State Farm Stadium,home_team_primary_stadium,,United States,False,False,63286,1,True,True,True,True,
2024_REG_04_SEA_DET_20240930,2024,REG,4,2024-09-30,20:15,SEA,Seattle Seahawks,SEA,DET,Detroit Lions,DET,Ford Field,Ford Field,Ford Field,Ford Field,home_team_primary_stadium,,United States,False,False,66658,1,True,True,True,True,
2024_REG_04_TEN_MIA_20240930,2024,REG,4,2024-09-30,19:30,TEN,Tennessee Titans,TEN,MIA,Miami Dolphins,MIA,Hard Rock Stadium,Hard Rock Stadium,Hard Rock Stadium,Hard Rock Stadium,home_team_primary_stadium,,United States,False,False,65291,1,True,True,True,True,
2024_REG_05_TB_ATL_20241003,2024,REG,5,2024-10-03,20:15,TB,Tampa Bay Buccaneers,TB,ATL,Atlanta Falcons,ATL,Mercedes-Benz Stadium,Mercedes-Benz Stadium,Mercedes-Benz Stadium,Mercedes-Benz Stadium,home_team_primary_stadium,,United States,False,False,70016,1,True,True,True,True,
2024_REG_05_ARI_SF_20241006,2024,REG,5,2024-10-06,16:05,ARI,Arizona Cardinals,ARI,SF,San Francisco 49ers,SF,Levi's Stadium,Levi's Stadium,Levi's Stadium,Levi's Stadium,home_team_primary_stadium,,United States,False,False,71310,1,True,True,True,True,
2024_REG_05_BAL_CIN_20241006,2024,REG,5,2024-10-06,13:00,BAL,Baltimore Ravens,BAL,CIN,Cincinnati Bengals,CIN,Paycor Stadium,Paycor Stadium,Paycor Stadium,Paycor Stadium,home_team_primary_stadium,,United States,False,False,66341,1,True,True,True,True,
2024_REG_05_BUF_HOU_20241006,2024,REG,5,2024-10-06,13:00,BUF,Buffalo Bills,BUF,HOU,Houston Texans,HOU,NRG Stadium,NRG Stadium,NRG Stadium,NRG Stadium,home_team_primary_stadium,,United States,False,False,71427,1,True,True,True,True,
2024_REG_05_CAR_CHI_20241006,2024,REG,5,2024-10-06,13:00,CAR,Carolina Panthers,CAR,CHI,Chicago Bears,CHI,Soldier Field,Soldier Field,Soldier Field,Soldier Field,home_team_primary_stadium,,United States,False,False,59307,1,True,True,True,True,
2024_REG_05_CLE_WSH_20241006,2024,REG,5,2024-10-06,13:00,CLE,Cleveland Browns,CLE,WSH,Washington Commanders,WAS,Northwest Stadium,FedExField,Northwest Stadium,Northwest Stadium,home_team_primary_stadium,,United States,False,False,59030,1,True,True,True,True,
2024_REG_05_DAL_PIT_20241006,2024,REG,5,2024-10-06,20:20,DAL,Dallas Cowboys,DAL,PIT,Pittsburgh Steelers,PIT,Acrisure Stadium,Acrisure Stadium,Acrisure Stadium,Acrisure Stadium,home_team_primary_stadium,,United States,False,False,67380,1,True,True,True,True,
2024_REG_05_GB_LAR_20241006,2024,REG,5,2024-10-06,16:25,GB,Green Bay Packers,GB,LAR,Los Angeles Rams,LA,SoFi Stadium,SoFi Stadium,SoFi Stadium,SoFi Stadium,home_team_primary_stadium,,United States,False,False,72842,1,True,True,True,True,
2024_REG_05_IND_JAX_20241006,2024,REG,5,2024-10-06,13:00,IND,Indianapolis Colts,IND,JAX,Jacksonville Jaguars,JAX,TIAA Bank Stadium,TIAA Bank Stadium,EverBank Stadium,TIAA Bank Stadium,actual_game_venue,,United States,True,False,60214,1,True,True,True,True,
2024_REG_05_LV_DEN_20241006,2024,REG,5,2024-10-06,16:05,LV,Las Vegas Raiders,LV,DEN,Denver Broncos,DEN,Empower Field at Mile High,Empower Field at Mile High,Empower Field at Mile High,Empower Field at Mile High,home_team_primary_stadium,,United States,False,False,72825,1,True,True,True,True,
2024_REG_05_MIA_NE_20241006,2024,REG,5,2024-10-06,13:00,MIA,Miami Dolphins,MIA,NE,New England Patriots,NE,Gillette Stadium,Gillette Stadium,Gillette Stadium,Gillette Stadium,home_team_primary_stadium,,United States,False,False,64628,1,True,True,True,True,
2024_REG_05_NYG_SEA_20241006,2024,REG,5,2024-10-06,16:25,NYG,New York Giants,NYG,SEA,Seattle Seahawks,SEA,Lumen Field,Lumen Field,Lumen Field,Lumen Field,home_team_primary_stadium,,United States,False,False,68306,1,True,True,True,True,
2024_REG_05_NYJ_MIN_20241006,2024,REG,5,2024-10-06,09:30,NYJ,New York Jets,NYJ,MIN,Minnesota Vikings,MIN,Tottenham Hotspur Stadium,Tottenham Stadium,U.S. Bank Stadium,Tottenham Hotspur Stadium,actual_game_venue,London,United Kingdom,True,True,61139,1,True,True,True,True,
2024_REG_05_NO_KC_20241007,2024,REG,5,2024-10-07,20:15,NO,New Orleans Saints,NO,KC,Kansas City Chiefs,KC,Arrowhead Stadium,GEHA Field at Arrowhead Stadium,Arrowhead Stadium,Arrowhead Stadium,home_team_primary_stadium,,United States,False,False,73592,1,True,True,True,True,
2024_REG_06_SF_SEA_20241010,2024,REG,6,2024-10-10,20:15,SF,San Francisco 49ers,SF,SEA,Seattle Seahawks,SEA,Lumen Field,Lumen Field,Lumen Field,Lumen Field,home_team_primary_stadium,,United States,False,False,68768,1,True,True,True,True,
2024_REG_06_ARI_GB_20241013,2024,REG,6,2024-10-13,13:00,ARI,Arizona Cardinals,ARI,GB,Green Bay Packers,GB,Lambeau Field,Lambeau Field,Lambeau Field,Lambeau Field,home_team_primary_stadium,,United States,False,False,77773,1,True,True,True,True,
2024_REG_06_ATL_CAR_20241013,2024,REG,6,2024-10-13,16:25,ATL,Atlanta Falcons,ATL,CAR,Carolina Panthers,CAR,Bank of America Stadium,Bank of America Stadium,Bank of America Stadium,Bank of America Stadium,home_team_primary_stadium,,United States,False,False,70884,1,True,True,True,True,
2024_REG_06_CIN_NYG_20241013,2024,REG,6,2024-10-13,20:20,CIN,Cincinnati Bengals,CIN,NYG,New York Giants,NYG,MetLife Stadium,MetLife Stadium,MetLife Stadium,MetLife Stadium,home_team_primary_stadium,,United States,False,False,78809,1,True,True,True,True,
2024_REG_06_CLE_PHI_20241013,2024,REG,6,2024-10-13,13:00,CLE,Cleveland Browns,CLE,PHI,Philadelphia Eagles,PHI,Lincoln Financial Field,Lincoln Financial Field,Lincoln Financial Field,Lincoln Financial Field,home_team_primary_stadium,,United States,False,False,69879,1,True,True,True,True,
2024_REG_06_DET_DAL_20241013,2024,REG,6,2024-10-13,16:25,DET,Detroit Lions,DET,DAL,Dallas Cowboys,DAL,AT&T Stadium,AT&T Stadium,AT&T Stadium,AT&T Stadium,home_team_primary_stadium,,United States,False,False,93644,1,True,True,True,True,
2024_REG_06_HOU_NE_20241013,2024,REG,6,2024-10-13,13:00,HOU,Houston Texans,HOU,NE,New England Patriots,NE,Gillette Stadium,Gillette Stadium,Gillette Stadium,Gillette Stadium,home_team_primary_stadium,,United States,False,False,64628,1,True,True,True,True,
2024_REG_06_IND_TEN_20241013,2024,REG,6,2024-10-13,13:00,IND,Indianapolis Colts,IND,TEN,Tennessee Titans,TEN,Nissan Stadium,Nissan Stadium,Nissan Stadium,Nissan Stadium,home_team_primary_stadium,,United States,False,False,64302,1,True,True,True,True,
2024_REG_06_JAX_CHI_20241013,2024,REG,6,2024-10-13,09:30,JAX,Jacksonville Jaguars,JAX,CHI,Chicago Bears,CHI,Tottenham Hotspur Stadium,Tottenham Stadium,Soldier Field,Tottenham Hotspur Stadium,actual_game_venue,London,United Kingdom,True,True,61182,1,True,True,True,True,
2024_REG_06_LAC_DEN_20241013,2024,REG,6,2024-10-13,16:05,LAC,Los Angeles Chargers,LAC,DEN,Denver Broncos,DEN,Empower Field at Mile High,Empower Field at Mile High,Empower Field at Mile High,Empower Field at Mile High,home_team_primary_stadium,,United States,False,False,70743,1,True,True,True,True,
2024_REG_06_PIT_LV_20241013,2024,REG,6,2024-10-13,16:05,PIT,Pittsburgh Steelers,PIT,LV,Las Vegas Raiders,LV,Allegiant Stadium,Allegiant Stadium,Allegiant Stadium,Allegiant Stadium,home_team_primary_stadium,,United States,False,False,62553,1,True,True,True,True,
2024_REG_06_TB_NO_20241013,2024,REG,6,2024-10-13,13:00,TB,Tampa Bay Buccaneers,TB,NO,New Orleans Saints,NO,Caesars Superdome,Mercedes-Benz Superdome,Caesars Superdome,Caesars Superdome,home_team_primary_stadium,,United States,False,False,70041,1,True,True,True,True,
2024_REG_06_WSH_BAL_20241013,2024,REG,6,2024-10-13,13:00,WSH,Washington Commanders,WAS,BAL,Baltimore Ravens,BAL,M&T Bank Stadium,M&T Bank Stadium,M&T Bank Stadium,M&T Bank Stadium,home_team_primary_stadium,,United States,False,False,71316,1,True,True,True,True,
2024_REG_06_BUF_NYJ_20241014,2024,REG,6,2024-10-14,20:15,BUF,Buffalo Bills,BUF,NYJ,New York Jets,NYJ,MetLife Stadium,MetLife Stadium,MetLife Stadium,MetLife Stadium,home_team_primary_stadium,,United States,False,False,81118,1,True,True,True,True,
2024_REG_07_DEN_NO_20241017,2024,REG,7,2024-10-17,20:15,DEN,Denver Broncos,DEN,NO,New Orleans Saints,NO,Caesars Superdome,Mercedes-Benz Superdome,Caesars Superdome,Caesars Superdome,home_team_primary_stadium,,United States,False,False,70008,1,True,True,True,True,
2024_REG_07_CAR_WSH_20241020,2024,REG,7,2024-10-20,16:05,CAR,Carolina Panthers,CAR,WSH,Washington Commanders,WAS,Northwest Stadium,FedExField,Northwest Stadium,Northwest Stadium,home_team_primary_stadium,,United States,False,False,63380,1,True,True,True,True,
2024_REG_07_CIN_CLE_20241020,2024,REG,7,2024-10-20,13:00,CIN,Cincinnati Bengals,CIN,CLE,Cleveland Browns,CLE,Huntington Bank Field,FirstEnergy Stadium,Huntington Bank Field,Huntington Bank Field,home_team_primary_stadium,,United States,False,False,68143,1,True,True,True,True,
2024_REG_07_DET_MIN_20241020,2024,REG,7,2024-10-20,13:00,DET,Detroit Lions,DET,MIN,Minnesota Vikings,MIN,U.S. Bank Stadium,U.S. Bank Stadium,U.S. Bank Stadium,U.S. Bank Stadium,home_team_primary_stadium,,United States,False,False,66971,1,True,True,True,True,
2024_REG_07_HOU_GB_20241020,2024,REG,7,2024-10-20,13:00,HOU,Houston Texans,HOU,GB,Green Bay Packers,GB,Lambeau Field,Lambeau Field,Lambeau Field,Lambeau Field,home_team_primary_stadium,,United States,False,False,78197,1,True,True,True,True,
2024_REG_07_KC_SF_20241020,2024,REG,7,2024-10-20,16:25,KC,Kansas City Chiefs,KC,SF,San Francisco 49ers,SF,Levi's Stadium,Levi's Stadium,Levi's Stadium,Levi's Stadium,home_team_primary_stadium,,United States,False,False,71309,1,True,True,True,True,
2024_REG_07_LV_LAR_20241020,2024,REG,7,2024-10-20,16:05,LV,Las Vegas Raiders,LV,LAR,Los Angeles Rams,LA,SoFi Stadium,SoFi Stadium,SoFi Stadium,SoFi Stadium,home_team_primary_stadium,,United States,False,False,73267,1,True,True,True,True,
2024_REG_07_MIA_IND_20241020,2024,REG,7,2024-10-20,13:00,MIA,Miami Dolphins,MIA,IND,Indianapolis Colts,IND,Lucas Oil Stadium,Lucas Oil Stadium,Lucas Oil Stadium,Lucas Oil Stadium,home_team_primary_stadium,,United States,False,False,66299,1,True,True,True,True,
2024_REG_07_NE_JAX_20241020,2024,REG,7,2024-10-20,09:30,NE,New England Patriots,NE,JAX,Jacksonville Jaguars,JAX,Wembley Stadium,Wembley Stadium,EverBank Stadium,Wembley Stadium,actual_game_venue,London,United Kingdom,True,True,86651,1,True,True,True,True,
2024_REG_07_NYJ_PIT_20241020,2024,REG,7,2024-10-20,20:20,NYJ,New York Jets,NYJ,PIT,Pittsburgh Steelers,PIT,Acrisure Stadium,Acrisure Stadium,Acrisure Stadium,Acrisure Stadium,home_team_primary_stadium,,United States,False,False,66956,1,True,True,True,True,
2024_REG_07_PHI_NYG_20241020,2024,REG,7,2024-10-20,13:00,PHI,Philadelphia Eagles,PHI,NYG,New York Giants,NYG,MetLife Stadium,MetLife Stadium,MetLife Stadium,MetLife Stadium,home_team_primary_stadium,,United States,False,False,82779,1,True,True,True,True,
2024_REG_07_SEA_ATL_20241020,2024,REG,7,2024-10-20,13:00,SEA,Seattle Seahawks,SEA,ATL,Atlanta Falcons,ATL,Mercedes-Benz Stadium,Mercedes-Benz Stadium,Mercedes-Benz Stadium,Mercedes-Benz Stadium,home_team_primary_stadium,,United States,False,False,70691,1,True,True,True,True,
2024_REG_07_TEN_BUF_20241020,2024,REG,7,2024-10-20,13:00,TEN,Tennessee Titans,TEN,BUF,Buffalo Bills,BUF,Highmark Stadium,New Era Field,Highmark Stadium,Highmark Stadium,home_team_primary_stadium,,United States,False,False,70842,1,True,True,True,True,
2024_REG_07_BAL_TB_20241021,2024,REG,7,2024-10-21,20:15,BAL,Baltimore Ravens,BAL,TB,Tampa Bay Buccaneers,TB,Raymond James Stadium,Raymond James Stadium,Raymond James Stadium,Raymond James Stadium,home_team_primary_stadium,,United States,False,False,64828,1,True,True,True,True,
2024_REG_07_LAC_ARI_20241021,2024,REG,7,2024-10-21,21:00,LAC,Los Angeles Chargers,LAC,ARI,Arizona Cardinals,ARI,State Farm Stadium,State Farm Stadium,State Farm Stadium,State Farm Stadium,home_team_primary_stadium,,United States,False,False,64357,1,True,True,True,True,
2024_REG_08_MIN_LAR_20241024,2024,REG,8,2024-10-24,20:15,MIN,Minnesota Vikings,MIN,LAR,Los Angeles Rams,LA,SoFi Stadium,SoFi Stadium,SoFi Stadium,SoFi Stadium,home_team_primary_stadium,,United States,False,False,72127,1,True,True,True,True,
2024_REG_08_ARI_MIA_20241027,2024,REG,8,2024-10-27,13:00,ARI,Arizona Cardinals,ARI,MIA,Miami Dolphins,MIA,Hard Rock Stadium,Hard Rock Stadium,Hard Rock Stadium,Hard Rock Stadium,home_team_primary_stadium,,United States,False,False,65629,1,True,True,True,True,
2024_REG_08_ATL_TB_20241027,2024,REG,8,2024-10-27,13:00,ATL,Atlanta Falcons,ATL,TB,Tampa Bay Buccaneers,TB,Raymond James Stadium,Raymond James Stadium,Raymond James Stadium,Raymond James Stadium,home_team_primary_stadium,,United States,False,False,62787,1,True,True,True,True,
2024_REG_08_BAL_CLE_20241027,2024,REG,8,2024-10-27,13:00,BAL,Baltimore Ravens,BAL,CLE,Cleveland Browns,CLE,Huntington Bank Field,FirstEnergy Stadium,Huntington Bank Field,Huntington Bank Field,home_team_primary_stadium,,United States,False,False,67431,1,True,True,True,True,
2024_REG_08_BUF_SEA_20241027,2024,REG,8,2024-10-27,16:05,BUF,Buffalo Bills,BUF,SEA,Seattle Seahawks,SEA,Lumen Field,Lumen Field,Lumen Field,Lumen Field,home_team_primary_stadium,,United States,False,False,68704,1,True,True,True,True,
2024_REG_08_CAR_DEN_20241027,2024,REG,8,2024-10-27,16:25,CAR,Carolina Panthers,CAR,DEN,Denver Broncos,DEN,Empower Field at Mile High,Empower Field at Mile High,Empower Field at Mile High,Empower Field at Mile High,home_team_primary_stadium,,United States,False,False,76135,1,True,True,True,True,
2024_REG_08_CHI_WSH_20241027,2024,REG,8,2024-10-27,16:25,CHI,Chicago Bears,CHI,WSH,Washington Commanders,WAS,Northwest Stadium,FedExField,Northwest Stadium,Northwest Stadium,home_team_primary_stadium,,United States,False,False,64704,1,True,True,True,True,
2024_REG_08_DAL_SF_20241027,2024,REG,8,2024-10-27,20:20,DAL,Dallas Cowboys,DAL,SF,San Francisco 49ers,SF,Levi's Stadium,Levi's Stadium,Levi's Stadium,Levi's Stadium,home_team_primary_stadium,,United States,False,False,71521,1,True,True,True,True,
2024_REG_08_GB_JAX_20241027,2024,REG,8,2024-10-27,13:00,GB,Green Bay Packers,GB,JAX,Jacksonville Jaguars,JAX,TIAA Bank Stadium,TIAA Bank Stadium,EverBank Stadium,TIAA Bank Stadium,actual_game_venue,,United States,True,False,65618,1,True,True,True,True,
2024_REG_08_IND_HOU_20241027,2024,REG,8,2024-10-27,13:00,IND,Indianapolis Colts,IND,HOU,Houston Texans,HOU,NRG Stadium,NRG Stadium,NRG Stadium,NRG Stadium,home_team_primary_stadium,,United States,False,False,71380,1,True,True,True,True,
2024_REG_08_KC_LV_20241027,2024,REG,8,2024-10-27,16:25,KC,Kansas City Chiefs,KC,LV,Las Vegas Raiders,LV,Allegiant Stadium,Allegiant Stadium,Allegiant Stadium,Allegiant Stadium,home_team_primary_stadium,,United States,False,False,62533,1,True,True,True,True,
2024_REG_08_NO_LAC_20241027,2024,REG,8,2024-10-27,16:05,NO,New Orleans Saints,NO,LAC,Los Angeles Chargers,LAC,SoFi Stadium,SoFi Stadium,SoFi Stadium,SoFi Stadium,home_team_primary_stadium,,United States,False,False,70240,1,True,True,True,True,
2024_REG_08_NYJ_NE_20241027,2024,REG,8,2024-10-27,13:00,NYJ,New York Jets,NYJ,NE,New England Patriots,NE,Gillette Stadium,Gillette Stadium,Gillette Stadium,Gillette Stadium,home_team_primary_stadium,,United States,False,False,64628,1,True,True,True,True,
2024_REG_08_PHI_CIN_20241027,2024,REG,8,2024-10-27,13:00,PHI,Philadelphia Eagles,PHI,CIN,Cincinnati Bengals,CIN,Paycor Stadium,Paycor Stadium,Paycor Stadium,Paycor Stadium,home_team_primary_stadium,,United States,False,False,67239,1,True,True,True,True,
2024_REG_08_TEN_DET_20241027,2024,REG,8,2024-10-27,13:00,TEN,Tennessee Titans,TEN,DET,Detroit Lions,DET,Ford Field,Ford Field,Ford Field,Ford Field,home_team_primary_stadium,,United States,False,False,64316,1,True,True,True,True,
2024_REG_08_NYG_PIT_20241028,2024,REG,8,2024-10-28,20:15,NYG,New York Giants,NYG,PIT,Pittsburgh Steelers,PIT,Acrisure Stadium,Acrisure Stadium,Acrisure Stadium,Acrisure Stadium,home_team_primary_stadium,,United States,False,False,66637,1,True,True,True,True,
2024_REG_09_HOU_NYJ_20241031,2024,REG,9,2024-10-31,20:15,HOU,Houston Texans,HOU,NYJ,New York Jets,NYJ,MetLife Stadium,MetLife Stadium,MetLife Stadium,MetLife Stadium,home_team_primary_stadium,,United States,False,False,79818,1,True,True,True,True,
2024_REG_09_CHI_ARI_20241103,2024,REG,9,2024-11-03,16:05,CHI,Chicago Bears,CHI,ARI,Arizona Cardinals,ARI,State Farm Stadium,State Farm Stadium,State Farm Stadium,State Farm Stadium,home_team_primary_stadium,,United States,False,False,64609,1,True,True,True,True,
2024_REG_09_DAL_ATL_20241103,2024,REG,9,2024-11-03,13:00,DAL,Dallas Cowboys,DAL,ATL,Atlanta Falcons,ATL,Mercedes-Benz Stadium,Mercedes-Benz Stadium,Mercedes-Benz Stadium,Mercedes-Benz Stadium,home_team_primary_stadium,,United States,False,False,72665,1,True,True,True,True,
2024_REG_09_DEN_BAL_20241103,2024,REG,9,2024-11-03,13:00,DEN,Denver Broncos,DEN,BAL,Baltimore Ravens,BAL,M&T Bank Stadium,M&T Bank Stadium,M&T Bank Stadium,M&T Bank Stadium,home_team_primary_stadium,,United States,False,False,71051,1,True,True,True,True,
2024_REG_09_DET_GB_20241103,2024,REG,9,2024-11-03,16:25,DET,Detroit Lions,DET,GB,Green Bay Packers,GB,Lambeau Field,Lambeau Field,Lambeau Field,Lambeau Field,home_team_primary_stadium,,United States,False,False,78330,1,True,True,True,True,
2024_REG_09_IND_MIN_20241103,2024,REG,9,2024-11-03,20:20,IND,Indianapolis Colts,IND,MIN,Minnesota Vikings,MIN,U.S. Bank Stadium,U.S. Bank Stadium,U.S. Bank Stadium,U.S. Bank Stadium,home_team_primary_stadium,,United States,False,False,66954,1,True,True,True,True,
2024_REG_09_JAX_PHI_20241103,2024,REG,9,2024-11-03,16:05,JAX,Jacksonville Jaguars,JAX,PHI,Philadelphia Eagles,PHI,Lincoln Financial Field,Lincoln Financial Field,Lincoln Financial Field,Lincoln Financial Field,home_team_primary_stadium,,United States,False,False,69879,1,True,True,True,True,
2024_REG_09_LAC_CLE_20241103,2024,REG,9,2024-11-03,13:00,LAC,Los Angeles Chargers,LAC,CLE,Cleveland Browns,CLE,Huntington Bank Field,FirstEnergy Stadium,Huntington Bank Field,Huntington Bank Field,home_team_primary_stadium,,United States,False,False,67431,1,True,True,True,True,
2024_REG_09_LAR_SEA_20241103,2024,REG,9,2024-11-03,16:25,LAR,Los Angeles Rams,LA,SEA,Seattle Seahawks,SEA,Lumen Field,Lumen Field,Lumen Field,Lumen Field,home_team_primary_stadium,,United States,False,False,68632,1,True,True,True,True,
2024_REG_09_LV_CIN_20241103,2024,REG,9,2024-11-03,13:00,LV,Las Vegas Raiders,LV,CIN,Cincinnati Bengals,CIN,Paycor Stadium,Paycor Stadium,Paycor Stadium,Paycor Stadium,home_team_primary_stadium,,United States,False,False,65962,1,True,True,True,True,
2024_REG_09_MIA_BUF_20241103,2024,REG,9,2024-11-03,13:00,MIA,Miami Dolphins,MIA,BUF,Buffalo Bills,BUF,Highmark Stadium,New Era Field,Highmark Stadium,Highmark Stadium,home_team_primary_stadium,,United States,False,False,70862,1,True,True,True,True,
2024_REG_09_NE_TEN_20241103,2024,REG,9,2024-11-03,13:00,NE,New England Patriots,NE,TEN,Tennessee Titans,TEN,Nissan Stadium,Nissan Stadium,Nissan Stadium,Nissan Stadium,home_team_primary_stadium,,United States,False,False,66533,1,True,True,True,True,
2024_REG_09_NO_CAR_20241103,2024,REG,9,2024-11-03,13:00,NO,New Orleans Saints,NO,CAR,Carolina Panthers,CAR,Bank of America Stadium,Bank of America Stadium,Bank of America Stadium,Bank of America Stadium,home_team_primary_stadium,,United States,False,False,70292,1,True,True,True,True,
2024_REG_09_WSH_NYG_20241103,2024,REG,9,2024-11-03,13:00,WSH,Washington Commanders,WAS,NYG,New York Giants,NYG,MetLife Stadium,MetLife Stadium,MetLife Stadium,MetLife Stadium,home_team_primary_stadium,,United States,False,False,77994,1,True,True,True,True,
2024_REG_09_TB_KC_20241104,2024,REG,9,2024-11-04,20:15,TB,Tampa Bay Buccaneers,TB,KC,Kansas City Chiefs,KC,Arrowhead Stadium,GEHA Field at Arrowhead Stadium,Arrowhead Stadium,Arrowhead Stadium,home_team_primary_stadium,,United States,False,False,73574,1,True,True,True,True,
2024_REG_10_CIN_BAL_20241107,2024,REG,10,2024-11-07,20:15,CIN,Cincinnati Bengals,CIN,BAL,Baltimore Ravens,BAL,M&T Bank Stadium,M&T Bank Stadium,M&T Bank Stadium,M&T Bank Stadium,home_team_primary_stadium,,United States,False,False,71439,1,True,True,True,True,
2024_REG_10_ATL_NO_20241110,2024,REG,10,2024-11-10,13:00,ATL,Atlanta Falcons,ATL,NO,New Orleans Saints,NO,Caesars Superdome,Mercedes-Benz Superdome,Caesars Superdome,Caesars Superdome,home_team_primary_stadium,,United States,False,False,70005,1,True,True,True,True,
2024_REG_10_BUF_IND_20241110,2024,REG,10,2024-11-10,13:00,BUF,Buffalo Bills,BUF,IND,Indianapolis Colts,IND,Lucas Oil Stadium,Lucas Oil Stadium,Lucas Oil Stadium,Lucas Oil Stadium,home_team_primary_stadium,,United States,False,False,66474,1,True,True,True,True,
2024_REG_10_DEN_KC_20241110,2024,REG,10,2024-11-10,13:00,DEN,Denver Broncos,DEN,KC,Kansas City Chiefs,KC,Arrowhead Stadium,GEHA Field at Arrowhead Stadium,Arrowhead Stadium,Arrowhead Stadium,home_team_primary_stadium,,United States,False,False,73704,1,True,True,True,True,
2024_REG_10_DET_HOU_20241110,2024,REG,10,2024-11-10,20:20,DET,Detroit Lions,DET,HOU,Houston Texans,HOU,NRG Stadium,NRG Stadium,NRG Stadium,NRG Stadium,home_team_primary_stadium,,United States,False,False,71512,1,True,True,True,True,
2024_REG_10_MIN_JAX_20241110,2024,REG,10,2024-11-10,13:00,MIN,Minnesota Vikings,MIN,JAX,Jacksonville Jaguars,JAX,TIAA Bank Stadium,TIAA Bank Stadium,EverBank Stadium,TIAA Bank Stadium,actual_game_venue,,United States,True,False,65695,1,True,True,True,True,
2024_REG_10_NE_CHI_20241110,2024,REG,10,2024-11-10,13:00,NE,New England Patriots,NE,CHI,Chicago Bears,CHI,Soldier Field,Soldier Field,Soldier Field,Soldier Field,home_team_primary_stadium,,United States,False,False,58912,1,True,True,True,True,
2024_REG_10_NYG_CAR_20241110,2024,REG,10,2024-11-10,09:30,NYG,New York Giants,NYG,CAR,Carolina Panthers,CAR,Allianz Arena,Allianz Arena,Bank of America Stadium,Allianz Arena,actual_game_venue,Munich,Germany,True,True,70132,1,True,True,True,True,
2024_REG_10_NYJ_ARI_20241110,2024,REG,10,2024-11-10,16:25,NYJ,New York Jets,NYJ,ARI,Arizona Cardinals,ARI,State Farm Stadium,State Farm Stadium,State Farm Stadium,State Farm Stadium,home_team_primary_stadium,,United States,False,False,64030,1,True,True,True,True,
2024_REG_10_PHI_DAL_20241110,2024,REG,10,2024-11-10,16:25,PHI,Philadelphia Eagles,PHI,DAL,Dallas Cowboys,DAL,AT&T Stadium,AT&T Stadium,AT&T Stadium,AT&T Stadium,home_team_primary_stadium,,United States,False,False,93644,1,True,True,True,True,
2024_REG_10_PIT_WSH_20241110,2024,REG,10,2024-11-10,13:00,PIT,Pittsburgh Steelers,PIT,WSH,Washington Commanders,WAS,Northwest Stadium,FedExField,Northwest Stadium,Northwest Stadium,home_team_primary_stadium,,United States,False,False,66192,1,True,True,True,True,
2024_REG_10_SF_TB_20241110,2024,REG,10,2024-11-10,13:00,SF,San Francisco 49ers,SF,TB,Tampa Bay Buccaneers,TB,Raymond James Stadium,Raymond James Stadium,Raymond James Stadium,Raymond James Stadium,home_team_primary_stadium,,United States,False,False,64914,1,True,True,True,True,
2024_REG_10_TEN_LAC_20241110,2024,REG,10,2024-11-10,16:05,TEN,Tennessee Titans,TEN,LAC,Los Angeles Chargers,LAC,SoFi Stadium,SoFi Stadium,SoFi Stadium,SoFi Stadium,home_team_primary_stadium,,United States,False,False,68796,1,True,True,True,True,
2024_REG_10_MIA_LAR_20241111,2024,REG,10,2024-11-11,20:15,MIA,Miami Dolphins,MIA,LAR,Los Angeles Rams,LA,SoFi Stadium,SoFi Stadium,SoFi Stadium,SoFi Stadium,home_team_primary_stadium,,United States,False,False,72474,1,True,True,True,True,
2024_REG_11_WSH_PHI_20241114,2024,REG,11,2024-11-14,20:15,WSH,Washington Commanders,WAS,PHI,Philadelphia Eagles,PHI,Lincoln Financial Field,Lincoln Financial Field,Lincoln Financial Field,Lincoln Financial Field,home_team_primary_stadium,,United States,False,False,69879,1,True,True,True,True,
2024_REG_11_ATL_DEN_20241117,2024,REG,11,2024-11-17,16:05,ATL,Atlanta Falcons,ATL,DEN,Denver Broncos,DEN,Empower Field at Mile High,Empower Field at Mile High,Empower Field at Mile High,Empower Field at Mile High,home_team_primary_stadium,,United States,False,False,76545,1,True,True,True,True,
2024_REG_11_BAL_PIT_20241117,2024,REG,11,2024-11-17,13:00,BAL,Baltimore Ravens,BAL,PIT,Pittsburgh Steelers,PIT,Acrisure Stadium,Acrisure Stadium,Acrisure Stadium,Acrisure Stadium,home_team_primary_stadium,,United States,False,False,67551,1,True,True,True,True,
2024_REG_11_CIN_LAC_20241117,2024,REG,11,2024-11-17,20:20,CIN,Cincinnati Bengals,CIN,LAC,Los Angeles Chargers,LAC,SoFi Stadium,SoFi Stadium,SoFi Stadium,SoFi Stadium,home_team_primary_stadium,,United States,False,False,70240,1,True,True,True,True,
2024_REG_11_CLE_NO_20241117,2024,REG,11,2024-11-17,13:00,CLE,Cleveland Browns,CLE,NO,New Orleans Saints,NO,Caesars Superdome,Mercedes-Benz Superdome,Caesars Superdome,Caesars Superdome,home_team_primary_stadium,,United States,False,False,70006,1,True,True,True,True,
2024_REG_11_GB_CHI_20241117,2024,REG,11,2024-11-17,13:00,GB,Green Bay Packers,GB,CHI,Chicago Bears,CHI,Soldier Field,Soldier Field,Soldier Field,Soldier Field,home_team_primary_stadium,,United States,False,False,59419,1,True,True,True,True,
2024_REG_11_IND_NYJ_20241117,2024,REG,11,2024-11-17,13:00,IND,Indianapolis Colts,IND,NYJ,New York Jets,NYJ,MetLife Stadium,MetLife Stadium,MetLife Stadium,MetLife Stadium,home_team_primary_stadium,,United States,False,False,80582,1,True,True,True,True,
2024_REG_11_JAX_DET_20241117,2024,REG,11,2024-11-17,13:00,JAX,Jacksonville Jaguars,JAX,DET,Detroit Lions,DET,Ford Field,Ford Field,Ford Field,Ford Field,home_team_primary_stadium,,United States,False,False,64273,1,True,True,True,True,
2024_REG_11_KC_BUF_20241117,2024,REG,11,2024-11-17,16:25,KC,Kansas City Chiefs,KC,BUF,Buffalo Bills,BUF,Highmark Stadium,New Era Field,Highmark Stadium,Highmark Stadium,home_team_primary_stadium,,United States,False,False,71112,1,True,True,True,True,
2024_REG_11_LAR_NE_20241117,2024,REG,11,2024-11-17,13:00,LAR,Los Angeles Rams,LA,NE,New England Patriots,NE,Gillette Stadium,Gillette Stadium,Gillette Stadium,Gillette Stadium,home_team_primary_stadium,,United States,False,False,64628,1,True,True,True,True,
2024_REG_11_LV_MIA_20241117,2024,REG,11,2024-11-17,13:00,LV,Las Vegas Raiders,LV,MIA,Miami Dolphins,MIA,Hard Rock Stadium,Hard Rock Stadium,Hard Rock Stadium,Hard Rock Stadium,home_team_primary_stadium,,United States,False,False,65440,1,True,True,True,True,
2024_REG_11_MIN_TEN_20241117,2024,REG,11,2024-11-17,13:00,MIN,Minnesota Vikings,MIN,TEN,Tennessee Titans,TEN,Nissan Stadium,Nissan Stadium,Nissan Stadium,Nissan Stadium,home_team_primary_stadium,,United States,False,False,67686,1,True,True,True,True,
2024_REG_11_SEA_SF_20241117,2024,REG,11,2024-11-17,16:05,SEA,Seattle Seahawks,SEA,SF,San Francisco 49ers,SF,Levi's Stadium,Levi's Stadium,Levi's Stadium,Levi's Stadium,home_team_primary_stadium,,United States,False,False,71751,1,True,True,True,True,
2024_REG_11_HOU_DAL_20241118,2024,REG,11,2024-11-18,20:15,HOU,Houston Texans,HOU,DAL,Dallas Cowboys,DAL,AT&T Stadium,AT&T Stadium,AT&T Stadium,AT&T Stadium,home_team_primary_stadium,,United States,False,False,92969,1,True,True,True,True,
2024_REG_12_PIT_CLE_20241121,2024,REG,12,2024-11-21,20:15,PIT,Pittsburgh Steelers,PIT,CLE,Cleveland Browns,CLE,Huntington Bank Field,FirstEnergy Stadium,Huntington Bank Field,Huntington Bank Field,home_team_primary_stadium,,United States,False,False,67431,1,True,True,True,True,
2024_REG_12_ARI_SEA_20241124,2024,REG,12,2024-11-24,16:25,ARI,Arizona Cardinals,ARI,SEA,Seattle Seahawks,SEA,Lumen Field,Lumen Field,Lumen Field,Lumen Field,home_team_primary_stadium,,United States,False,False,68649,1,True,True,True,True,
2024_REG_12_DAL_WSH_20241124,2024,REG,12,2024-11-24,13:00,DAL,Dallas Cowboys,DAL,WSH,Washington Commanders,WAS,Northwest Stadium,FedExField,Northwest Stadium,Northwest Stadium,home_team_primary_stadium,,United States,False,False,64955,1,True,True,True,True,
2024_REG_12_DEN_LV_20241124,2024,REG,12,2024-11-24,16:05,DEN,Denver Broncos,DEN,LV,Las Vegas Raiders,LV,Allegiant Stadium,Allegiant Stadium,Allegiant Stadium,Allegiant Stadium,home_team_primary_stadium,,United States,False,False,62460,1,True,True,True,True,
2024_REG_12_DET_IND_20241124,2024,REG,12,2024-11-24,13:00,DET,Detroit Lions,DET,IND,Indianapolis Colts,IND,Lucas Oil Stadium,Lucas Oil Stadium,Lucas Oil Stadium,Lucas Oil Stadium,home_team_primary_stadium,,United States,False,False,66696,1,True,True,True,True,
2024_REG_12_KC_CAR_20241124,2024,REG,12,2024-11-24,13:00,KC,Kansas City Chiefs,KC,CAR,Carolina Panthers,CAR,Bank of America Stadium,Bank of America Stadium,Bank of America Stadium,Bank of America Stadium,home_team_primary_stadium,,United States,False,False,73216,1,True,True,True,True,
2024_REG_12_MIN_CHI_20241124,2024,REG,12,2024-11-24,13:00,MIN,Minnesota Vikings,MIN,CHI,Chicago Bears,CHI,Soldier Field,Soldier Field,Soldier Field,Soldier Field,home_team_primary_stadium,,United States,False,False,57659,1,True,True,True,True,
2024_REG_12_NE_MIA_20241124,2024,REG,12,2024-11-24,13:00,NE,New England Patriots,NE,MIA,Miami Dolphins,MIA,Hard Rock Stadium,Hard Rock Stadium,Hard Rock Stadium,Hard Rock Stadium,home_team_primary_stadium,,United States,False,False,65479,1,True,True,True,True,
2024_REG_12_PHI_LAR_20241124,2024,REG,12,2024-11-24,20:20,PHI,Philadelphia Eagles,PHI,LAR,Los Angeles Rams,LA,SoFi Stadium,SoFi Stadium,SoFi Stadium,SoFi Stadium,home_team_primary_stadium,,United States,False,False,74400,1,True,True,True,True,
2024_REG_12_SF_GB_20241124,2024,REG,12,2024-11-24,16:25,SF,San Francisco 49ers,SF,GB,Green Bay Packers,GB,Lambeau Field,Lambeau Field,Lambeau Field,Lambeau Field,home_team_primary_stadium,,United States,False,False,78222,1,True,True,True,True,
2024_REG_12_TB_NYG_20241124,2024,REG,12,2024-11-24,13:00,TB,Tampa Bay Buccaneers,TB,NYG,New York Giants,NYG,MetLife Stadium,MetLife Stadium,MetLife Stadium,MetLife Stadium,home_team_primary_stadium,,United States,False,False,77554,1,True,True,True,True,
2024_REG_12_TEN_HOU_20241124,2024,REG,12,2024-11-24,13:00,TEN,Tennessee Titans,TEN,HOU,Houston Texans,HOU,NRG Stadium,NRG Stadium,NRG Stadium,NRG Stadium,home_team_primary_stadium,,United States,False,False,71055,1,True,True,True,True,
2024_REG_12_BAL_LAC_20241125,2024,REG,12,2024-11-25,20:15,BAL,Baltimore Ravens,BAL,LAC,Los Angeles Chargers,LAC,SoFi Stadium,SoFi Stadium,SoFi Stadium,SoFi Stadium,home_team_primary_stadium,,United States,False,False,70240,1,True,True,True,True,
2024_REG_13_CHI_DET_20241128,2024,REG,13,2024-11-28,12:30,CHI,Chicago Bears,CHI,DET,Detroit Lions,DET,Ford Field,Ford Field,Ford Field,Ford Field,home_team_primary_stadium,,United States,False,False,64275,1,True,True,True,True,
2024_REG_13_MIA_GB_20241128,2024,REG,13,2024-11-28,20:20,MIA,Miami Dolphins,MIA,GB,Green Bay Packers,GB,Lambeau Field,Lambeau Field,Lambeau Field,Lambeau Field,home_team_primary_stadium,,United States,False,False,77599,1,True,True,True,True,
2024_REG_13_NYG_DAL_20241128,2024,REG,13,2024-11-28,16:30,NYG,New York Giants,NYG,DAL,Dallas Cowboys,DAL,AT&T Stadium,AT&T Stadium,AT&T Stadium,AT&T Stadium,home_team_primary_stadium,,United States,False,False,92196,1,True,True,True,True,
2024_REG_13_LV_KC_20241129,2024,REG,13,2024-11-29,15:00,LV,Las Vegas Raiders,LV,KC,Kansas City Chiefs,KC,Arrowhead Stadium,GEHA Field at Arrowhead Stadium,Arrowhead Stadium,Arrowhead Stadium,home_team_primary_stadium,,United States,False,False,73627,1,True,True,True,True,
2024_REG_13_ARI_MIN_20241201,2024,REG,13,2024-12-01,13:00,ARI,Arizona Cardinals,ARI,MIN,Minnesota Vikings,MIN,U.S. Bank Stadium,U.S. Bank Stadium,U.S. Bank Stadium,U.S. Bank Stadium,home_team_primary_stadium,,United States,False,False,66873,1,True,True,True,True,
2024_REG_13_HOU_JAX_20241201,2024,REG,13,2024-12-01,13:00,HOU,Houston Texans,HOU,JAX,Jacksonville Jaguars,JAX,TIAA Bank Stadium,TIAA Bank Stadium,EverBank Stadium,TIAA Bank Stadium,actual_game_venue,,United States,True,False,62588,1,True,True,True,True,
2024_REG_13_IND_NE_20241201,2024,REG,13,2024-12-01,13:00,IND,Indianapolis Colts,IND,NE,New England Patriots,NE,Gillette Stadium,Gillette Stadium,Gillette Stadium,Gillette Stadium,home_team_primary_stadium,,United States,False,False,64626,1,True,True,True,True,
2024_REG_13_LAC_ATL_20241201,2024,REG,13,2024-12-01,13:00,LAC,Los Angeles Chargers,LAC,ATL,Atlanta Falcons,ATL,Mercedes-Benz Stadium,Mercedes-Benz Stadium,Mercedes-Benz Stadium,Mercedes-Benz Stadium,home_team_primary_stadium,,United States,False,False,72139,1,True,True,True,True,
2024_REG_13_LAR_NO_20241201,2024,REG,13,2024-12-01,16:05,LAR,Los Angeles Rams,LA,NO,New Orleans Saints,NO,Caesars Superdome,Mercedes-Benz Superdome,Caesars Superdome,Caesars Superdome,home_team_primary_stadium,,United States,False,False,70006,1,True,True,True,True,
2024_REG_13_PHI_BAL_20241201,2024,REG,13,2024-12-01,16:25,PHI,Philadelphia Eagles,PHI,BAL,Baltimore Ravens,BAL,M&T Bank Stadium,M&T Bank Stadium,M&T Bank Stadium,M&T Bank Stadium,home_team_primary_stadium,,United States,False,False,71344,1,True,True,True,True,
2024_REG_13_PIT_CIN_20241201,2024,REG,13,2024-12-01,13:00,PIT,Pittsburgh Steelers,PIT,CIN,Cincinnati Bengals,CIN,Paycor Stadium,Paycor Stadium,Paycor Stadium,Paycor Stadium,home_team_primary_stadium,,United States,False,False,66112,1,True,True,True,True,
2024_REG_13_SEA_NYJ_20241201,2024,REG,13,2024-12-01,13:00,SEA,Seattle Seahawks,SEA,NYJ,New York Jets,NYJ,MetLife Stadium,MetLife Stadium,MetLife Stadium,MetLife Stadium,home_team_primary_stadium,,United States,False,False,81084,1,True,True,True,True,
2024_REG_13_SF_BUF_20241201,2024,REG,13,2024-12-01,20:20,SF,San Francisco 49ers,SF,BUF,Buffalo Bills,BUF,Highmark Stadium,New Era Field,Highmark Stadium,Highmark Stadium,home_team_primary_stadium,,United States,False,False,70437,1,True,True,True,True,
2024_REG_13_TB_CAR_20241201,2024,REG,13,2024-12-01,16:05,TB,Tampa Bay Buccaneers,TB,CAR,Carolina Panthers,CAR,Bank of America Stadium,Bank of America Stadium,Bank of America Stadium,Bank of America Stadium,home_team_primary_stadium,,United States,False,False,69214,1,True,True,True,True,
2024_REG_13_TEN_WSH_20241201,2024,REG,13,2024-12-01,13:00,TEN,Tennessee Titans,TEN,WSH,Washington Commanders,WAS,Northwest Stadium,FedExField,Northwest Stadium,Northwest Stadium,home_team_primary_stadium,,United States,False,False,63144,1,True,True,True,True,
2024_REG_13_CLE_DEN_20241202,2024,REG,13,2024-12-02,20:15,CLE,Cleveland Browns,CLE,DEN,Denver Broncos,DEN,Empower Field at Mile High,Empower Field at Mile High,Empower Field at Mile High,Empower Field at Mile High,home_team_primary_stadium,,United States,False,False,68306,1,True,True,True,True,
2024_REG_14_GB_DET_20241205,2024,REG,14,2024-12-05,20:15,GB,Green Bay Packers,GB,DET,Detroit Lions,DET,Ford Field,Ford Field,Ford Field,Ford Field,home_team_primary_stadium,,United States,False,False,63987,1,True,True,True,True,
2024_REG_14_ATL_MIN_20241208,2024,REG,14,2024-12-08,13:00,ATL,Atlanta Falcons,ATL,MIN,Minnesota Vikings,MIN,U.S. Bank Stadium,U.S. Bank Stadium,U.S. Bank Stadium,U.S. Bank Stadium,home_team_primary_stadium,,United States,False,False,67008,1,True,True,True,True,
2024_REG_14_BUF_LAR_20241208,2024,REG,14,2024-12-08,16:25,BUF,Buffalo Bills,BUF,LAR,Los Angeles Rams,LA,SoFi Stadium,SoFi Stadium,SoFi Stadium,SoFi Stadium,home_team_primary_stadium,,United States,False,False,73493,1,True,True,True,True,
2024_REG_14_CAR_PHI_20241208,2024,REG,14,2024-12-08,13:00,CAR,Carolina Panthers,CAR,PHI,Philadelphia Eagles,PHI,Lincoln Financial Field,Lincoln Financial Field,Lincoln Financial Field,Lincoln Financial Field,home_team_primary_stadium,,United States,False,False,69879,1,True,True,True,True,
2024_REG_14_CHI_SF_20241208,2024,REG,14,2024-12-08,16:25,CHI,Chicago Bears,CHI,SF,San Francisco 49ers,SF,Levi's Stadium,Levi's Stadium,Levi's Stadium,Levi's Stadium,home_team_primary_stadium,,United States,False,False,71662,1,True,True,True,True,
2024_REG_14_CLE_PIT_20241208,2024,REG,14,2024-12-08,13:00,CLE,Cleveland Browns,CLE,PIT,Pittsburgh Steelers,PIT,Acrisure Stadium,Acrisure Stadium,Acrisure Stadium,Acrisure Stadium,home_team_primary_stadium,,United States,False,False,66845,1,True,True,True,True,
2024_REG_14_JAX_TEN_20241208,2024,REG,14,2024-12-08,13:00,JAX,Jacksonville Jaguars,JAX,TEN,Tennessee Titans,TEN,Nissan Stadium,Nissan Stadium,Nissan Stadium,Nissan Stadium,home_team_primary_stadium,,United States,False,False,61644,1,True,True,True,True,
2024_REG_14_LAC_KC_20241208,2024,REG,14,2024-12-08,20:20,LAC,Los Angeles Chargers,LAC,KC,Kansas City Chiefs,KC,Arrowhead Stadium,GEHA Field at Arrowhead Stadium,Arrowhead Stadium,Arrowhead Stadium,home_team_primary_stadium,,United States,False,False,73571,1,True,True,True,True,
2024_REG_14_LV_TB_20241208,2024,REG,14,2024-12-08,13:00,LV,Las Vegas Raiders,LV,TB,Tampa Bay Buccaneers,TB,Raymond James Stadium,Raymond James Stadium,Raymond James Stadium,Raymond James Stadium,home_team_primary_stadium,,United States,False,False,63250,1,True,True,True,True,
2024_REG_14_NO_NYG_20241208,2024,REG,14,2024-12-08,13:00,NO,New Orleans Saints,NO,NYG,New York Giants,NYG,MetLife Stadium,MetLife Stadium,MetLife Stadium,MetLife Stadium,home_team_primary_stadium,,United States,False,False,76143,1,True,True,True,True,
2024_REG_14_NYJ_MIA_20241208,2024,REG,14,2024-12-08,13:00,NYJ,New York Jets,NYJ,MIA,Miami Dolphins,MIA,Hard Rock Stadium,Hard Rock Stadium,Hard Rock Stadium,Hard Rock Stadium,home_team_primary_stadium,,United States,False,False,65787,1,True,True,True,True,
2024_REG_14_SEA_ARI_20241208,2024,REG,14,2024-12-08,16:05,SEA,Seattle Seahawks,SEA,ARI,Arizona Cardinals,ARI,State Farm Stadium,State Farm Stadium,State Farm Stadium,State Farm Stadium,home_team_primary_stadium,,United States,False,False,64533,1,True,True,True,True,
2024_REG_14_CIN_DAL_20241209,2024,REG,14,2024-12-09,20:15,CIN,Cincinnati Bengals,CIN,DAL,Dallas Cowboys,DAL,AT&T Stadium,AT&T Stadium,AT&T Stadium,AT&T Stadium,home_team_primary_stadium,,United States,False,False,92587,1,True,True,True,True,
2024_REG_15_LAR_SF_20241212,2024,REG,15,2024-12-12,20:15,LAR,Los Angeles Rams,LA,SF,San Francisco 49ers,SF,Levi's Stadium,Levi's Stadium,Levi's Stadium,Levi's Stadium,home_team_primary_stadium,,United States,False,False,71201,1,True,True,True,True,
2024_REG_15_BAL_NYG_20241215,2024,REG,15,2024-12-15,13:00,BAL,Baltimore Ravens,BAL,NYG,New York Giants,NYG,MetLife Stadium,MetLife Stadium,MetLife Stadium,MetLife Stadium,home_team_primary_stadium,,United States,False,False,77455,1,True,True,True,True,
2024_REG_15_BUF_DET_20241215,2024,REG,15,2024-12-15,16:25,BUF,Buffalo Bills,BUF,DET,Detroit Lions,DET,Ford Field,Ford Field,Ford Field,Ford Field,home_team_primary_stadium,,United States,False,False,65327,1,True,True,True,True,
2024_REG_15_CIN_TEN_20241215,2024,REG,15,2024-12-15,13:00,CIN,Cincinnati Bengals,CIN,TEN,Tennessee Titans,TEN,Nissan Stadium,Nissan Stadium,Nissan Stadium,Nissan Stadium,home_team_primary_stadium,,United States,False,False,63745,1,True,True,True,True,
2024_REG_15_DAL_CAR_20241215,2024,REG,15,2024-12-15,13:00,DAL,Dallas Cowboys,DAL,CAR,Carolina Panthers,CAR,Bank of America Stadium,Bank of America Stadium,Bank of America Stadium,Bank of America Stadium,home_team_primary_stadium,,United States,False,False,70570,1,True,True,True,True,
2024_REG_15_GB_SEA_20241215,2024,REG,15,2024-12-15,20:20,GB,Green Bay Packers,GB,SEA,Seattle Seahawks,SEA,Lumen Field,Lumen Field,Lumen Field,Lumen Field,home_team_primary_stadium,,United States,False,False,68766,1,True,True,True,True,
2024_REG_15_IND_DEN_20241215,2024,REG,15,2024-12-15,16:25,IND,Indianapolis Colts,IND,DEN,Denver Broncos,DEN,Empower Field at Mile High,Empower Field at Mile High,Empower Field at Mile High,Empower Field at Mile High,home_team_primary_stadium,,United States,False,False,76496,1,True,True,True,True,
2024_REG_15_KC_CLE_20241215,2024,REG,15,2024-12-15,13:00,KC,Kansas City Chiefs,KC,CLE,Cleveland Browns,CLE,Huntington Bank Field,FirstEnergy Stadium,Huntington Bank Field,Huntington Bank Field,home_team_primary_stadium,,United States,False,False,67983,1,True,True,True,True,
2024_REG_15_MIA_HOU_20241215,2024,REG,15,2024-12-15,13:00,MIA,Miami Dolphins,MIA,HOU,Houston Texans,HOU,NRG Stadium,NRG Stadium,NRG Stadium,NRG Stadium,home_team_primary_stadium,,United States,False,False,71221,1,True,True,True,True,
2024_REG_15_NE_ARI_20241215,2024,REG,15,2024-12-15,16:25,NE,New England Patriots,NE,ARI,Arizona Cardinals,ARI,State Farm Stadium,State Farm Stadium,State Farm Stadium,State Farm Stadium,home_team_primary_stadium,,United States,False,False,64135,1,True,True,True,True,
2024_REG_15_NYJ_JAX_20241215,2024,REG,15,2024-12-15,13:00,NYJ,New York Jets,NYJ,JAX,Jacksonville Jaguars,JAX,TIAA Bank Stadium,TIAA Bank Stadium,EverBank Stadium,TIAA Bank Stadium,actual_game_venue,,United States,True,False,63251,1,True,True,True,True,
2024_REG_15_PIT_PHI_20241215,2024,REG,15,2024-12-15,16:25,PIT,Pittsburgh Steelers,PIT,PHI,Philadelphia Eagles,PHI,Lincoln Financial Field,Lincoln Financial Field,Lincoln Financial Field,Lincoln Financial Field,home_team_primary_stadium,,United States,False,False,69879,1,True,True,True,True,
2024_REG_15_TB_LAC_20241215,2024,REG,15,2024-12-15,16:25,TB,Tampa Bay Buccaneers,TB,LAC,Los Angeles Chargers,LAC,SoFi Stadium,SoFi Stadium,SoFi Stadium,SoFi Stadium,home_team_primary_stadium,,United States,False,False,69496,1,True,True,True,True,
2024_REG_15_WSH_NO_20241215,2024,REG,15,2024-12-15,13:00,WSH,Washington Commanders,WAS,NO,New Orleans Saints,NO,Caesars Superdome,Mercedes-Benz Superdome,Caesars Superdome,Caesars Superdome,home_team_primary_stadium,,United States,False,False,70003,1,True,True,True,True,
2024_REG_15_ATL_LV_20241216,2024,REG,15,2024-12-16,20:30,ATL,Atlanta Falcons,ATL,LV,Las Vegas Raiders,LV,Allegiant Stadium,Allegiant Stadium,Allegiant Stadium,Allegiant Stadium,home_team_primary_stadium,,United States,False,False,62364,1,True,True,True,True,
2024_REG_15_CHI_MIN_20241216,2024,REG,15,2024-12-16,20:00,CHI,Chicago Bears,CHI,MIN,Minnesota Vikings,MIN,U.S. Bank Stadium,U.S. Bank Stadium,U.S. Bank Stadium,U.S. Bank Stadium,home_team_primary_stadium,,United States,False,False,67017,1,True,True,True,True,
2024_REG_16_DEN_LAC_20241219,2024,REG,16,2024-12-19,20:15,DEN,Denver Broncos,DEN,LAC,Los Angeles Chargers,LAC,SoFi Stadium,SoFi Stadium,SoFi Stadium,SoFi Stadium,home_team_primary_stadium,,United States,False,False,70240,1,True,True,True,True,
2024_REG_16_HOU_KC_20241221,2024,REG,16,2024-12-21,13:00,HOU,Houston Texans,HOU,KC,Kansas City Chiefs,KC,Arrowhead Stadium,GEHA Field at Arrowhead Stadium,Arrowhead Stadium,Arrowhead Stadium,home_team_primary_stadium,,United States,False,False,73600,1,True,True,True,True,
2024_REG_16_PIT_BAL_20241221,2024,REG,16,2024-12-21,16:30,PIT,Pittsburgh Steelers,PIT,BAL,Baltimore Ravens,BAL,M&T Bank Stadium,M&T Bank Stadium,M&T Bank Stadium,M&T Bank Stadium,home_team_primary_stadium,,United States,False,False,71313,1,True,True,True,True,
2024_REG_16_ARI_CAR_20241222,2024,REG,16,2024-12-22,13:00,ARI,Arizona Cardinals,ARI,CAR,Carolina Panthers,CAR,Bank of America Stadium,Bank of America Stadium,Bank of America Stadium,Bank of America Stadium,home_team_primary_stadium,,United States,False,False,68804,1,True,True,True,True,
2024_REG_16_CLE_CIN_20241222,2024,REG,16,2024-12-22,13:00,CLE,Cleveland Browns,CLE,CIN,Cincinnati Bengals,CIN,Paycor Stadium,Paycor Stadium,Paycor Stadium,Paycor Stadium,home_team_primary_stadium,,United States,False,False,65734,1,True,True,True,True,
2024_REG_16_DET_CHI_20241222,2024,REG,16,2024-12-22,13:00,DET,Detroit Lions,DET,CHI,Chicago Bears,CHI,Soldier Field,Soldier Field,Soldier Field,Soldier Field,home_team_primary_stadium,,United States,False,False,56539,1,True,True,True,True,
2024_REG_16_JAX_LV_20241222,2024,REG,16,2024-12-22,16:25,JAX,Jacksonville Jaguars,JAX,LV,Las Vegas Raiders,LV,Allegiant Stadium,Allegiant Stadium,Allegiant Stadium,Allegiant Stadium,home_team_primary_stadium,,United States,False,False,61323,1,True,True,True,True,
2024_REG_16_LAR_NYJ_20241222,2024,REG,16,2024-12-22,13:00,LAR,Los Angeles Rams,LA,NYJ,New York Jets,NYJ,MetLife Stadium,MetLife Stadium,MetLife Stadium,MetLife Stadium,home_team_primary_stadium,,United States,False,False,76871,1,True,True,True,True,
2024_REG_16_MIN_SEA_20241222,2024,REG,16,2024-12-22,16:05,MIN,Minnesota Vikings,MIN,SEA,Seattle Seahawks,SEA,Lumen Field,Lumen Field,Lumen Field,Lumen Field,home_team_primary_stadium,,United States,False,False,68748,1,True,True,True,True,
2024_REG_16_NE_BUF_20241222,2024,REG,16,2024-12-22,16:25,NE,New England Patriots,NE,BUF,Buffalo Bills,BUF,Highmark Stadium,New Era Field,Highmark Stadium,Highmark Stadium,home_team_primary_stadium,,United States,False,False,70725,1,True,True,True,True,
2024_REG_16_NYG_ATL_20241222,2024,REG,16,2024-12-22,13:00,NYG,New York Giants,NYG,ATL,Atlanta Falcons,ATL,Mercedes-Benz Stadium,Mercedes-Benz Stadium,Mercedes-Benz Stadium,Mercedes-Benz Stadium,home_team_primary_stadium,,United States,False,False,70404,1,True,True,True,True,
2024_REG_16_PHI_WSH_20241222,2024,REG,16,2024-12-22,13:00,PHI,Philadelphia Eagles,PHI,WSH,Washington Commanders,WAS,Northwest Stadium,FedExField,Northwest Stadium,Northwest Stadium,home_team_primary_stadium,,United States,False,False,64128,1,True,True,True,True,
2024_REG_16_SF_MIA_20241222,2024,REG,16,2024-12-22,16:25,SF,San Francisco 49ers,SF,MIA,Miami Dolphins,MIA,Hard Rock Stadium,Hard Rock Stadium,Hard Rock Stadium,Hard Rock Stadium,home_team_primary_stadium,,United States,False,False,66341,1,True,True,True,True,
2024_REG_16_TB_DAL_20241222,2024,REG,16,2024-12-22,20:20,TB,Tampa Bay Buccaneers,TB,DAL,Dallas Cowboys,DAL,AT&T Stadium,AT&T Stadium,AT&T Stadium,AT&T Stadium,home_team_primary_stadium,,United States,False,False,93103,1,True,True,True,True,
2024_REG_16_TEN_IND_20241222,2024,REG,16,2024-12-22,13:00,TEN,Tennessee Titans,TEN,IND,Indianapolis Colts,IND,Lucas Oil Stadium,Lucas Oil Stadium,Lucas Oil Stadium,Lucas Oil Stadium,home_team_primary_stadium,,United States,False,False,65322,1,True,True,True,True,
2024_REG_16_NO_GB_20241223,2024,REG,16,2024-12-23,20:15,NO,New Orleans Saints,NO,GB,Green Bay Packers,GB,Lambeau Field,Lambeau Field,Lambeau Field,Lambeau Field,home_team_primary_stadium,,United States,False,False,77885,1,True,True,True,True,
2024_REG_17_BAL_HOU_20241225,2024,REG,17,2024-12-25,16:30,BAL,Baltimore Ravens,BAL,HOU,Houston Texans,HOU,NRG Stadium,NRG Stadium,NRG Stadium,NRG Stadium,home_team_primary_stadium,,United States,False,False,71544,1,True,True,True,True,
2024_REG_17_KC_PIT_20241225,2024,REG,17,2024-12-25,13:00,KC,Kansas City Chiefs,KC,PIT,Pittsburgh Steelers,PIT,Acrisure Stadium,Acrisure Stadium,Acrisure Stadium,Acrisure Stadium,home_team_primary_stadium,,United States,False,False,67311,1,True,True,True,True,
2024_REG_17_SEA_CHI_20241226,2024,REG,17,2024-12-26,20:15,SEA,Seattle Seahawks,SEA,CHI,Chicago Bears,CHI,Soldier Field,Soldier Field,Soldier Field,Soldier Field,home_team_primary_stadium,,United States,False,False,56346,1,True,True,True,True,
2024_REG_17_ARI_LAR_20241228,2024,REG,17,2024-12-28,20:15,ARI,Arizona Cardinals,ARI,LAR,Los Angeles Rams,LA,SoFi Stadium,SoFi Stadium,SoFi Stadium,SoFi Stadium,home_team_primary_stadium,,United States,False,False,73051,1,True,True,True,True,
2024_REG_17_DEN_CIN_20241228,2024,REG,17,2024-12-28,16:30,DEN,Denver Broncos,DEN,CIN,Cincinnati Bengals,CIN,Paycor Stadium,Paycor Stadium,Paycor Stadium,Paycor Stadium,home_team_primary_stadium,,United States,False,False,66546,1,True,True,True,True,
2024_REG_17_LAC_NE_20241228,2024,REG,17,2024-12-28,13:00,LAC,Los Angeles Chargers,LAC,NE,New England Patriots,NE,Gillette Stadium,Gillette Stadium,Gillette Stadium,Gillette Stadium,home_team_primary_stadium,,United States,False,False,64628,1,True,True,True,True,
2024_REG_17_ATL_WSH_20241229,2024,REG,17,2024-12-29,20:20,ATL,Atlanta Falcons,ATL,WSH,Washington Commanders,WAS,Northwest Stadium,FedExField,Northwest Stadium,Northwest Stadium,home_team_primary_stadium,,United States,False,False,63480,1,True,True,True,True,
2024_REG_17_CAR_TB_20241229,2024,REG,17,2024-12-29,13:00,CAR,Carolina Panthers,CAR,TB,Tampa Bay Buccaneers,TB,Raymond James Stadium,Raymond James Stadium,Raymond James Stadium,Raymond James Stadium,home_team_primary_stadium,,United States,False,False,64434,1,True,True,True,True,
2024_REG_17_DAL_PHI_20241229,2024,REG,17,2024-12-29,13:00,DAL,Dallas Cowboys,DAL,PHI,Philadelphia Eagles,PHI,Lincoln Financial Field,Lincoln Financial Field,Lincoln Financial Field,Lincoln Financial Field,home_team_primary_stadium,,United States,False,False,69879,1,True,True,True,True,
2024_REG_17_GB_MIN_20241229,2024,REG,17,2024-12-29,16:25,GB,Green Bay Packers,GB,MIN,Minnesota Vikings,MIN,U.S. Bank Stadium,U.S. Bank Stadium,U.S. Bank Stadium,U.S. Bank Stadium,home_team_primary_stadium,,United States,False,False,67031,1,True,True,True,True,
2024_REG_17_IND_NYG_20241229,2024,REG,17,2024-12-29,13:00,IND,Indianapolis Colts,IND,NYG,New York Giants,NYG,MetLife Stadium,MetLife Stadium,MetLife Stadium,MetLife Stadium,home_team_primary_stadium,,United States,False,False,73164,1,True,True,True,True,
2024_REG_17_LV_NO_20241229,2024,REG,17,2024-12-29,13:00,LV,Las Vegas Raiders,LV,NO,New Orleans Saints,NO,Caesars Superdome,Mercedes-Benz Superdome,Caesars Superdome,Caesars Superdome,home_team_primary_stadium,,United States,False,False,70031,1,True,True,True,True,
2024_REG_17_MIA_CLE_20241229,2024,REG,17,2024-12-29,16:05,MIA,Miami Dolphins,MIA,CLE,Cleveland Browns,CLE,Huntington Bank Field,FirstEnergy Stadium,Huntington Bank Field,Huntington Bank Field,home_team_primary_stadium,,United States,False,False,67942,1,True,True,True,True,
2024_REG_17_NYJ_BUF_20241229,2024,REG,17,2024-12-29,13:00,NYJ,New York Jets,NYJ,BUF,Buffalo Bills,BUF,Highmark Stadium,New Era Field,Highmark Stadium,Highmark Stadium,home_team_primary_stadium,,United States,False,False,70728,1,True,True,True,True,
2024_REG_17_TEN_JAX_20241229,2024,REG,17,2024-12-29,13:00,TEN,Tennessee Titans,TEN,JAX,Jacksonville Jaguars,JAX,TIAA Bank Stadium,TIAA Bank Stadium,EverBank Stadium,TIAA Bank Stadium,actual_game_venue,,United States,True,False,61995,1,True,True,True,True,
2024_REG_17_DET_SF_20241230,2024,REG,17,2024-12-30,20:15,DET,Detroit Lions,DET,SF,San Francisco 49ers,SF,Levi's Stadium,Levi's Stadium,Levi's Stadium,Levi's Stadium,home_team_primary_stadium,,United States,False,False,71688,1,True,True,True,True,
2024_REG_18_CIN_PIT_20250104,2024,REG,18,2025-01-04,20:00,CIN,Cincinnati Bengals,CIN,PIT,Pittsburgh Steelers,PIT,Acrisure Stadium,Acrisure Stadium,Acrisure Stadium,Acrisure Stadium,home_team_primary_stadium,,United States,False,False,65631,1,True,True,True,True,
2024_REG_18_CLE_BAL_20250104,2024,REG,18,2025-01-04,16:30,CLE,Cleveland Browns,CLE,BAL,Baltimore Ravens,BAL,M&T Bank Stadium,M&T Bank Stadium,M&T Bank Stadium,M&T Bank Stadium,home_team_primary_stadium,,United States,False,False,70562,1,True,True,True,True,
2024_REG_18_BUF_NE_20250105,2024,REG,18,2025-01-05,13:00,BUF,Buffalo Bills,BUF,NE,New England Patriots,NE,Gillette Stadium,Gillette Stadium,Gillette Stadium,Gillette Stadium,home_team_primary_stadium,,United States,False,False,64626,1,True,True,True,True,
2024_REG_18_CAR_ATL_20250105,2024,REG,18,2025-01-05,13:00,CAR,Carolina Panthers,CAR,ATL,Atlanta Falcons,ATL,Mercedes-Benz Stadium,Mercedes-Benz Stadium,Mercedes-Benz Stadium,Mercedes-Benz Stadium,home_team_primary_stadium,,United States,False,False,69581,1,True,True,True,True,
2024_REG_18_CHI_GB_20250105,2024,REG,18,2025-01-05,13:00,CHI,Chicago Bears,CHI,GB,Green Bay Packers,GB,Lambeau Field,Lambeau Field,Lambeau Field,Lambeau Field,home_team_primary_stadium,,United States,False,False,77862,1,True,True,True,True,
2024_REG_18_HOU_TEN_20250105,2024,REG,18,2025-01-05,13:00,HOU,Houston Texans,HOU,TEN,Tennessee Titans,TEN,Nissan Stadium,Nissan Stadium,Nissan Stadium,Nissan Stadium,home_team_primary_stadium,,United States,False,False,61815,1,True,True,True,True,
2024_REG_18_JAX_IND_20250105,2024,REG,18,2025-01-05,13:00,JAX,Jacksonville Jaguars,JAX,IND,Indianapolis Colts,IND,Lucas Oil Stadium,Lucas Oil Stadium,Lucas Oil Stadium,Lucas Oil Stadium,home_team_primary_stadium,,United States,False,False,63041,1,True,True,True,True,
2024_REG_18_KC_DEN_20250105,2024,REG,18,2025-01-05,16:25,KC,Kansas City Chiefs,KC,DEN,Denver Broncos,DEN,Empower Field at Mile High,Empower Field at Mile High,Empower Field at Mile High,Empower Field at Mile High,home_team_primary_stadium,,United States,False,False,,,True,True,False,False,home_team_not_found_for_season_week
2024_REG_18_LAC_LV_20250105,2024,REG,18,2025-01-05,16:25,LAC,Los Angeles Chargers,LAC,LV,Las Vegas Raiders,LV,Allegiant Stadium,Allegiant Stadium,Allegiant Stadium,Allegiant Stadium,home_team_primary_stadium,,United States,False,False,61352,1,True,True,True,True,
2024_REG_18_MIA_NYJ_20250105,2024,REG,18,2025-01-05,16:25,MIA,Miami Dolphins,MIA,NYJ,New York Jets,NYJ,MetLife Stadium,MetLife Stadium,MetLife Stadium,MetLife Stadium,home_team_primary_stadium,,United States,False,False,68818,1,True,True,True,True,
2024_REG_18_MIN_DET_20250105,2024,REG,18,2025-01-05,20:20,MIN,Minnesota Vikings,MIN,DET,Detroit Lions,DET,Ford Field,Ford Field,Ford Field,Ford Field,home_team_primary_stadium,,United States,False,False,64774,1,True,True,True,True,
2024_REG_18_NO_TB_20250105,2024,REG,18,2025-01-05,13:00,NO,New Orleans Saints,NO,TB,Tampa Bay Buccaneers,TB,Raymond James Stadium,Raymond James Stadium,Raymond James Stadium,Raymond James Stadium,home_team_primary_stadium,,United States,False,False,63001,1,True,True,True,True,
2024_REG_18_NYG_PHI_20250105,2024,REG,18,2025-01-05,13:00,NYG,New York Giants,NYG,PHI,Philadelphia Eagles,PHI,Lincoln Financial Field,Lincoln Financial Field,Lincoln Financial Field,Lincoln Financial Field,home_team_primary_stadium,,United States,False,False,69879,1,True,True,True,True,
2024_REG_18_SEA_LAR_20250105,2024,REG,18,2025-01-05,16:25,SEA,Seattle Seahawks,SEA,LAR,Los Angeles Rams,LA,SoFi Stadium,SoFi Stadium,SoFi Stadium,SoFi Stadium,home_team_primary_stadium,,United States,False,False,72610,1,True,True,True,True,
2024_REG_18_SF_ARI_20250105,2024,REG,18,2025-01-05,16:25,SF,San Francisco 49ers,SF,ARI,Arizona Cardinals,ARI,State Farm Stadium,State Farm Stadium,State Farm Stadium,State Farm Stadium,home_team_primary_stadium,,United States,False,False,63849,1,True,True,True,True,
2024_REG_18_WSH_DAL_20250105,2024,REG,18,2025-01-05,13:00,WSH,Washington Commanders,WAS,DAL,Dallas Cowboys,DAL,AT&T Stadium,AT&T Stadium,AT&T Stadium,AT&T Stadium,home_team_primary_stadium,,United States,False,False,91349,1,True,True,True,True,
2024_POST_19_LAC_HOU_20250111,2024,POST,19,2025-01-11,16:30,LAC,Los Angeles Chargers,LAC,HOU,Houston Texans,HOU,NRG Stadium,NRG Stadium,NRG Stadium,NRG Stadium,home_team_primary_stadium,,United States,False,False,,,True,False,False,False,season_week_not_found_in_attendance
2024_POST_19_PIT_BAL_20250111,2024,POST,19,2025-01-11,20:00,PIT,Pittsburgh Steelers,PIT,BAL,Baltimore Ravens,BAL,M&T Bank Stadium,M&T Bank Stadium,M&T Bank Stadium,M&T Bank Stadium,home_team_primary_stadium,,United States,False,False,,,True,False,False,False,season_week_not_found_in_attendance
2024_POST_19_DEN_BUF_20250112,2024,POST,19,2025-01-12,13:00,DEN,Denver Broncos,DEN,BUF,Buffalo Bills,BUF,Highmark Stadium,New Era Field,Highmark Stadium,Highmark Stadium,home_team_primary_stadium,,United States,False,False,,,True,False,False,False,season_week_not_found_in_attendance
2024_POST_19_GB_PHI_20250112,2024,POST,19,2025-01-12,16:30,GB,Green Bay Packers,GB,PHI,Philadelphia Eagles,PHI,Lincoln Financial Field,Lincoln Financial Field,Lincoln Financial Field,Lincoln Financial Field,home_team_primary_stadium,,United States,False,False,,,True,False,False,False,season_week_not_found_in_attendance
2024_POST_19_WSH_TB_20250112,2024,POST,19,2025-01-12,20:00,WSH,Washington Commanders,WAS,TB,Tampa Bay Buccaneers,TB,Raymond James Stadium,Raymond James Stadium,Raymond James Stadium,Raymond James Stadium,home_team_primary_stadium,,United States,False,False,,,True,False,False,False,season_week_not_found_in_attendance
2024_POST_19_MIN_LAR_20250113,2024,POST,19,2025-01-13,20:00,MIN,Minnesota Vikings,MIN,LAR,Los Angeles Rams,LA,State Farm Stadium,State Farm Stadium,SoFi Stadium,State Farm Stadium,actual_game_venue,,United States,True,False,,,True,False,False,False,season_week_not_found_in_attendance
2024_POST_20_HOU_KC_20250118,2024,POST,20,2025-01-18,16:30,HOU,Houston Texans,HOU,KC,Kansas City Chiefs,KC,Arrowhead Stadium,GEHA Field at Arrowhead Stadium,Arrowhead Stadium,Arrowhead Stadium,home_team_primary_stadium,,United States,False,False,,,True,False,False,False,season_week_not_found_in_attendance
2024_POST_20_WSH_DET_20250118,2024,POST,20,2025-01-18,20:00,WSH,Washington Commanders,WAS,DET,Detroit Lions,DET,Ford Field,Ford Field,Ford Field,Ford Field,home_team_primary_stadium,,United States,False,False,,,True,False,False,False,season_week_not_found_in_attendance
2024_POST_20_BAL_BUF_20250119,2024,POST,20,2025-01-19,18:30,BAL,Baltimore Ravens,BAL,BUF,Buffalo Bills,BUF,Highmark Stadium,New Era Field,Highmark Stadium,Highmark Stadium,home_team_primary_stadium,,United States,False,False,,,True,False,False,False,season_week_not_found_in_attendance
2024_POST_20_LAR_PHI_20250119,2024,POST,20,2025-01-19,15:00,LAR,Los Angeles Rams,LA,PHI,Philadelphia Eagles,PHI,Lincoln Financial Field,Lincoln Financial Field,Lincoln Financial Field,Lincoln Financial Field,home_team_primary_stadium,,United States,False,False,,,True,False,False,False,season_week_not_found_in_attendance
2024_CON_21_BUF_KC_20250126,2024,CON,21,2025-01-26,18:30,BUF,Buffalo Bills,BUF,KC,Kansas City Chiefs,KC,Arrowhead Stadium,GEHA Field at Arrowhead Stadium,Arrowhead Stadium,Arrowhead Stadium,home_team_primary_stadium,,United States,False,False,,,True,False,False,False,season_week_not_found_in_attendance
2024_CON_21_WSH_PHI_20250126,2024,CON,21,2025-01-26,15:00,WSH,Washington Commanders,WAS,PHI,Philadelphia Eagles,PHI,Lincoln Financial Field,Lincoln Financial Field,Lincoln Financial Field,Lincoln Financial Field,home_team_primary_stadium,,United States,False,False,,,True,False,False,False,season_week_not_found_in_attendance
2024_POST_22_KC_PHI_20250209,2024,POST,22,2025-02-09,18:30,KC,Kansas City Chiefs,KC,PHI,Philadelphia Eagles,PHI,Caesars Superdome,Mercedes-Benz Superdome,Lincoln Financial Field,Caesars Superdome,actual_game_venue,,United States,True,False,,,True,False,False,False,season_week_not_found_in_attendance
2025_REG_01_DAL_PHI_20250904,2025,REG,1,2025-09-04,20:20,DAL,Dallas Cowboys,DAL,PHI,Philadelphia Eagles,PHI,Lincoln Financial Field,Lincoln Financial Field,Lincoln Financial Field,Lincoln Financial Field,home_team_primary_stadium,,United States,False,False,69879,1,True,True,True,True,
2025_REG_01_KC_LAC_20250905,2025,REG,1,2025-09-05,20:00,KC,Kansas City Chiefs,KC,LAC,Los Angeles Chargers,LAC,SoFi Stadium,SoFi Stadium,SoFi Stadium,SoFi Stadium,home_team_primary_stadium,,United States,False,False,47627,1,True,True,True,True,
2025_REG_01_ARI_NO_20250907,2025,REG,1,2025-09-07,13:00,ARI,Arizona Cardinals,ARI,NO,New Orleans Saints,NO,Caesars Superdome,Mercedes-Benz Superdome,Caesars Superdome,Caesars Superdome,home_team_primary_stadium,,United States,False,False,70006,1,True,True,True,True,
2025_REG_01_BAL_BUF_20250907,2025,REG,1,2025-09-07,20:20,BAL,Baltimore Ravens,BAL,BUF,Buffalo Bills,BUF,Highmark Stadium,New Era Field,Highmark Stadium,Highmark Stadium,home_team_primary_stadium,,United States,False,False,70745,1,True,True,True,True,
2025_REG_01_CAR_JAX_20250907,2025,REG,1,2025-09-07,13:00,CAR,Carolina Panthers,CAR,JAX,Jacksonville Jaguars,JAX,TIAA Bank Stadium,TIAA Bank Stadium,EverBank Stadium,TIAA Bank Stadium,actual_game_venue,,United States,True,False,59957,1,True,True,True,True,
2025_REG_01_CIN_CLE_20250907,2025,REG,1,2025-09-07,13:00,CIN,Cincinnati Bengals,CIN,CLE,Cleveland Browns,CLE,Huntington Bank Field,FirstEnergy Stadium,Huntington Bank Field,Huntington Bank Field,home_team_primary_stadium,,United States,False,False,65599,1,True,True,True,True,
2025_REG_01_DET_GB_20250907,2025,REG,1,2025-09-07,16:25,DET,Detroit Lions,DET,GB,Green Bay Packers,GB,Lambeau Field,Lambeau Field,Lambeau Field,Lambeau Field,home_team_primary_stadium,,United States,False,False,77239,1,True,True,True,True,
2025_REG_01_HOU_LAR_20250907,2025,REG,1,2025-09-07,16:25,HOU,Houston Texans,HOU,LAR,Los Angeles Rams,LA,SoFi Stadium,SoFi Stadium,SoFi Stadium,SoFi Stadium,home_team_primary_stadium,,United States,False,False,71346,1,True,True,True,True,
2025_REG_01_LV_NE_20250907,2025,REG,1,2025-09-07,13:00,LV,Las Vegas Raiders,LV,NE,New England Patriots,NE,Gillette Stadium,Gillette Stadium,Gillette Stadium,Gillette Stadium,home_team_primary_stadium,,United States,False,False,64628,1,True,True,True,True,
2025_REG_01_MIA_IND_20250907,2025,REG,1,2025-09-07,13:00,MIA,Miami Dolphins,MIA,IND,Indianapolis Colts,IND,Lucas Oil Stadium,Lucas Oil Stadium,Lucas Oil Stadium,Lucas Oil Stadium,home_team_primary_stadium,,United States,False,False,64065,1,True,True,True,True,
2025_REG_01_NYG_WSH_20250907,2025,REG,1,2025-09-07,13:00,NYG,New York Giants,NYG,WSH,Washington Commanders,WAS,Northwest Stadium,FedExField,Northwest Stadium,Northwest Stadium,home_team_primary_stadium,,United States,False,False,64544,1,True,True,True,True,
2025_REG_01_PIT_NYJ_20250907,2025,REG,1,2025-09-07,13:00,PIT,Pittsburgh Steelers,PIT,NYJ,New York Jets,NYJ,MetLife Stadium,MetLife Stadium,MetLife Stadium,MetLife Stadium,home_team_primary_stadium,,United States,False,False,83253,1,True,True,True,True,
2025_REG_01_SF_SEA_20250907,2025,REG,1,2025-09-07,16:05,SF,San Francisco 49ers,SF,SEA,Seattle Seahawks,SEA,Lumen Field,Lumen Field,Lumen Field,Lumen Field,home_team_primary_stadium,,United States,False,False,68752,1,True,True,True,True,
2025_REG_01_TB_ATL_20250907,2025,REG,1,2025-09-07,13:00,TB,Tampa Bay Buccaneers,TB,ATL,Atlanta Falcons,ATL,Mercedes-Benz Stadium,Mercedes-Benz Stadium,Mercedes-Benz Stadium,Mercedes-Benz Stadium,home_team_primary_stadium,,United States,False,False,71610,1,True,True,True,True,
2025_REG_01_TEN_DEN_20250907,2025,REG,1,2025-09-07,16:05,TEN,Tennessee Titans,TEN,DEN,Denver Broncos,DEN,Empower Field at Mile High,Empower Field at Mile High,Empower Field at Mile High,Empower Field at Mile High,home_team_primary_stadium,,United States,False,False,75706,1,True,True,True,True,
2025_REG_01_MIN_CHI_20250908,2025,REG,1,2025-09-08,20:15,MIN,Minnesota Vikings,MIN,CHI,Chicago Bears,CHI,Soldier Field,Soldier Field,Soldier Field,Soldier Field,home_team_primary_stadium,,United States,False,False,58742,1,True,True,True,True,
2025_REG_02_WSH_GB_20250911,2025,REG,2,2025-09-11,20:15,WSH,Washington Commanders,WAS,GB,Green Bay Packers,GB,Lambeau Field,Lambeau Field,Lambeau Field,Lambeau Field,home_team_primary_stadium,,United States,False,False,77289,1,True,True,True,True,
2025_REG_02_ATL_MIN_20250914,2025,REG,2,2025-09-14,20:20,ATL,Atlanta Falcons,ATL,MIN,Minnesota Vikings,MIN,U.S. Bank Stadium,U.S. Bank Stadium,U.S. Bank Stadium,U.S. Bank Stadium,home_team_primary_stadium,,United States,False,False,66859,1,True,True,True,True,
2025_REG_02_BUF_NYJ_20250914,2025,REG,2,2025-09-14,13:00,BUF,Buffalo Bills,BUF,NYJ,New York Jets,NYJ,MetLife Stadium,MetLife Stadium,MetLife Stadium,MetLife Stadium,home_team_primary_stadium,,United States,False,False,80875,1,True,True,True,True,
2025_REG_02_CAR_ARI_20250914,2025,REG,2,2025-09-14,16:05,CAR,Carolina Panthers,CAR,ARI,Arizona Cardinals,ARI,State Farm Stadium,State Farm Stadium,State Farm Stadium,State Farm Stadium,home_team_primary_stadium,,United States,False,False,64003,1,True,True,True,True,
2025_REG_02_CHI_DET_20250914,2025,REG,2,2025-09-14,13:00,CHI,Chicago Bears,CHI,DET,Detroit Lions,DET,Ford Field,Ford Field,Ford Field,Ford Field,home_team_primary_stadium,,United States,False,False,64201,1,True,True,True,True,
2025_REG_02_CLE_BAL_20250914,2025,REG,2,2025-09-14,13:00,CLE,Cleveland Browns,CLE,BAL,Baltimore Ravens,BAL,M&T Bank Stadium,M&T Bank Stadium,M&T Bank Stadium,M&T Bank Stadium,home_team_primary_stadium,,United States,False,False,70487,1,True,True,True,True,
2025_REG_02_DEN_IND_20250914,2025,REG,2,2025-09-14,16:05,DEN,Denver Broncos,DEN,IND,Indianapolis Colts,IND,Lucas Oil Stadium,Lucas Oil Stadium,Lucas Oil Stadium,Lucas Oil Stadium,home_team_primary_stadium,,United States,False,False,63910,1,True,True,True,True,
2025_REG_02_JAX_CIN_20250914,2025,REG,2,2025-09-14,13:00,JAX,Jacksonville Jaguars,JAX,CIN,Cincinnati Bengals,CIN,Paycor Stadium,Paycor Stadium,Paycor Stadium,Paycor Stadium,home_team_primary_stadium,,United States,False,False,65871,1,True,True,True,True,
2025_REG_02_LAR_TEN_20250914,2025,REG,2,2025-09-14,13:00,LAR,Los Angeles Rams,LA,TEN,Tennessee Titans,TEN,Nissan Stadium,Nissan Stadium,Nissan Stadium,Nissan Stadium,home_team_primary_stadium,,United States,False,False,59069,1,True,True,True,True,
2025_REG_02_NE_MIA_20250914,2025,REG,2,2025-09-14,13:00,NE,New England Patriots,NE,MIA,Miami Dolphins,MIA,Hard Rock Stadium,Hard Rock Stadium,Hard Rock Stadium,Hard Rock Stadium,home_team_primary_stadium,,United States,False,False,65593,1,True,True,True,True,
2025_REG_02_NYG_DAL_20250914,2025,REG,2,2025-09-14,13:00,NYG,New York Giants,NYG,DAL,Dallas Cowboys,DAL,AT&T Stadium,AT&T Stadium,AT&T Stadium,AT&T Stadium,home_team_primary_stadium,,United States,False,False,92781,1,True,True,True,True,
2025_REG_02_PHI_KC_20250914,2025,REG,2,2025-09-14,16:25,PHI,Philadelphia Eagles,PHI,KC,Kansas City Chiefs,KC,Arrowhead Stadium,GEHA Field at Arrowhead Stadium,Arrowhead Stadium,Arrowhead Stadium,home_team_primary_stadium,,United States,False,False,73558,1,True,True,True,True,
2025_REG_02_SEA_PIT_20250914,2025,REG,2,2025-09-14,13:00,SEA,Seattle Seahawks,SEA,PIT,Pittsburgh Steelers,PIT,Acrisure Stadium,Acrisure Stadium,Acrisure Stadium,Acrisure Stadium,home_team_primary_stadium,,United States,False,False,66347,1,True,True,True,True,
2025_REG_02_SF_NO_20250914,2025,REG,2,2025-09-14,13:00,SF,San Francisco 49ers,SF,NO,New Orleans Saints,NO,Caesars Superdome,Mercedes-Benz Superdome,Caesars Superdome,Caesars Superdome,home_team_primary_stadium,,United States,False,False,70078,1,True,True,True,True,
2025_REG_02_LAC_LV_20250915,2025,REG,2,2025-09-15,22:00,LAC,Los Angeles Chargers,LAC,LV,Las Vegas Raiders,LV,Allegiant Stadium,Allegiant Stadium,Allegiant Stadium,Allegiant Stadium,home_team_primary_stadium,,United States,False,False,62526,1,True,True,True,True,
2025_REG_02_TB_HOU_20250915,2025,REG,2,2025-09-15,19:00,TB,Tampa Bay Buccaneers,TB,HOU,Houston Texans,HOU,NRG Stadium,NRG Stadium,NRG Stadium,NRG Stadium,home_team_primary_stadium,,United States,False,False,71580,1,True,True,True,True,
2025_REG_03_MIA_BUF_20250918,2025,REG,3,2025-09-18,20:15,MIA,Miami Dolphins,MIA,BUF,Buffalo Bills,BUF,Highmark Stadium,New Era Field,Highmark Stadium,Highmark Stadium,home_team_primary_stadium,,United States,False,False,70641,1,True,True,True,True,
2025_REG_03_ARI_SF_20250921,2025,REG,3,2025-09-21,16:25,ARI,Arizona Cardinals,ARI,SF,San Francisco 49ers,SF,Levi's Stadium,Levi's Stadium,Levi's Stadium,Levi's Stadium,home_team_primary_stadium,,United States,False,False,70414,1,True,True,True,True,
2025_REG_03_ATL_CAR_20250921,2025,REG,3,2025-09-21,13:00,ATL,Atlanta Falcons,ATL,CAR,Carolina Panthers,CAR,Bank of America Stadium,Bank of America Stadium,Bank of America Stadium,Bank of America Stadium,home_team_primary_stadium,,United States,False,False,71129,1,True,True,True,True,
2025_REG_03_CIN_MIN_20250921,2025,REG,3,2025-09-21,13:00,CIN,Cincinnati Bengals,CIN,MIN,Minnesota Vikings,MIN,U.S. Bank Stadium,U.S. Bank Stadium,U.S. Bank Stadium,U.S. Bank Stadium,home_team_primary_stadium,,United States,False,False,66792,1,True,True,True,True,
2025_REG_03_DAL_CHI_20250921,2025,REG,3,2025-09-21,16:25,DAL,Dallas Cowboys,DAL,CHI,Chicago Bears,CHI,Soldier Field,Soldier Field,Soldier Field,Soldier Field,home_team_primary_stadium,,United States,False,False,58389,1,True,True,True,True,
2025_REG_03_DEN_LAC_20250921,2025,REG,3,2025-09-21,16:05,DEN,Denver Broncos,DEN,LAC,Los Angeles Chargers,LAC,SoFi Stadium,SoFi Stadium,SoFi Stadium,SoFi Stadium,home_team_primary_stadium,,United States,False,False,70740,1,True,True,True,True,
2025_REG_03_GB_CLE_20250921,2025,REG,3,2025-09-21,13:00,GB,Green Bay Packers,GB,CLE,Cleveland Browns,CLE,Huntington Bank Field,FirstEnergy Stadium,Huntington Bank Field,Huntington Bank Field,home_team_primary_stadium,,United States,False,False,65470,1,True,True,True,True,
2025_REG_03_HOU_JAX_20250921,2025,REG,3,2025-09-21,13:00,HOU,Houston Texans,HOU,JAX,Jacksonville Jaguars,JAX,TIAA Bank Stadium,TIAA Bank Stadium,EverBank Stadium,TIAA Bank Stadium,actual_game_venue,,United States,True,False,58161,1,True,True,True,True,
2025_REG_03_IND_TEN_20250921,2025,REG,3,2025-09-21,13:00,IND,Indianapolis Colts,IND,TEN,Tennessee Titans,TEN,Nissan Stadium,Nissan Stadium,Nissan Stadium,Nissan Stadium,home_team_primary_stadium,,United States,False,False,56361,1,True,True,True,True,
2025_REG_03_KC_NYG_20250921,2025,REG,3,2025-09-21,20:20,KC,Kansas City Chiefs,KC,NYG,New York Giants,NYG,MetLife Stadium,MetLife Stadium,MetLife Stadium,MetLife Stadium,home_team_primary_stadium,,United States,False,False,80690,1,True,True,True,True,
2025_REG_03_LAR_PHI_20250921,2025,REG,3,2025-09-21,13:00,LAR,Los Angeles Rams,LA,PHI,Philadelphia Eagles,PHI,Lincoln Financial Field,Lincoln Financial Field,Lincoln Financial Field,Lincoln Financial Field,home_team_primary_stadium,,United States,False,False,69879,1,True,True,True,True,
2025_REG_03_LV_WSH_20250921,2025,REG,3,2025-09-21,13:00,LV,Las Vegas Raiders,LV,WSH,Washington Commanders,WAS,Northwest Stadium,FedExField,Northwest Stadium,Northwest Stadium,home_team_primary_stadium,,United States,False,False,64546,1,True,True,True,True,
2025_REG_03_NO_SEA_20250921,2025,REG,3,2025-09-21,16:05,NO,New Orleans Saints,NO,SEA,Seattle Seahawks,SEA,Lumen Field,Lumen Field,Lumen Field,Lumen Field,home_team_primary_stadium,,United States,False,False,68599,1,True,True,True,True,
2025_REG_03_NYJ_TB_20250921,2025,REG,3,2025-09-21,13:00,NYJ,New York Jets,NYJ,TB,Tampa Bay Buccaneers,TB,Raymond James Stadium,Raymond James Stadium,Raymond James Stadium,Raymond James Stadium,home_team_primary_stadium,,United States,False,False,62872,1,True,True,True,True,
2025_REG_03_PIT_NE_20250921,2025,REG,3,2025-09-21,13:00,PIT,Pittsburgh Steelers,PIT,NE,New England Patriots,NE,Gillette Stadium,Gillette Stadium,Gillette Stadium,Gillette Stadium,home_team_primary_stadium,,United States,False,False,64628,1,True,True,True,True,
2025_REG_03_DET_BAL_20250922,2025,REG,3,2025-09-22,20:15,DET,Detroit Lions,DET,BAL,Baltimore Ravens,BAL,M&T Bank Stadium,M&T Bank Stadium,M&T Bank Stadium,M&T Bank Stadium,home_team_primary_stadium,,United States,False,False,70642,1,True,True,True,True,
2025_REG_04_SEA_ARI_20250925,2025,REG,4,2025-09-25,20:15,SEA,Seattle Seahawks,SEA,ARI,Arizona Cardinals,ARI,State Farm Stadium,State Farm Stadium,State Farm Stadium,State Farm Stadium,home_team_primary_stadium,,United States,False,False,65016,1,True,True,True,True,
2025_REG_04_BAL_KC_20250928,2025,REG,4,2025-09-28,16:25,BAL,Baltimore Ravens,BAL,KC,Kansas City Chiefs,KC,Arrowhead Stadium,GEHA Field at Arrowhead Stadium,Arrowhead Stadium,Arrowhead Stadium,home_team_primary_stadium,,United States,False,False,73552,1,True,True,True,True,
2025_REG_04_CAR_NE_20250928,2025,REG,4,2025-09-28,13:00,CAR,Carolina Panthers,CAR,NE,New England Patriots,NE,Gillette Stadium,Gillette Stadium,Gillette Stadium,Gillette Stadium,home_team_primary_stadium,,United States,False,False,64628,1,True,True,True,True,
2025_REG_04_CHI_LV_20250928,2025,REG,4,2025-09-28,16:25,CHI,Chicago Bears,CHI,LV,Las Vegas Raiders,LV,Allegiant Stadium,Allegiant Stadium,Allegiant Stadium,Allegiant Stadium,home_team_primary_stadium,,United States,False,False,62642,1,True,True,True,True,
2025_REG_04_CLE_DET_20250928,2025,REG,4,2025-09-28,13:00,CLE,Cleveland Browns,CLE,DET,Detroit Lions,DET,Ford Field,Ford Field,Ford Field,Ford Field,home_team_primary_stadium,,United States,False,False,64494,1,True,True,True,True,
2025_REG_04_GB_DAL_20250928,2025,REG,4,2025-09-28,20:20,GB,Green Bay Packers,GB,DAL,Dallas Cowboys,DAL,AT&T Stadium,AT&T Stadium,AT&T Stadium,AT&T Stadium,home_team_primary_stadium,,United States,False,False,93353,1,True,True,True,True,
2025_REG_04_IND_LAR_20250928,2025,REG,4,2025-09-28,16:05,IND,Indianapolis Colts,IND,LAR,Los Angeles Rams,LA,SoFi Stadium,SoFi Stadium,SoFi Stadium,SoFi Stadium,home_team_primary_stadium,,United States,False,False,71257,1,True,True,True,True,
2025_REG_04_JAX_SF_20250928,2025,REG,4,2025-09-28,16:05,JAX,Jacksonville Jaguars,JAX,SF,San Francisco 49ers,SF,Levi's Stadium,Levi's Stadium,Levi's Stadium,Levi's Stadium,home_team_primary_stadium,,United States,False,False,70495,1,True,True,True,True,
2025_REG_04_LAC_NYG_20250928,2025,REG,4,2025-09-28,13:00,LAC,Los Angeles Chargers,LAC,NYG,New York Giants,NYG,MetLife Stadium,MetLife Stadium,MetLife Stadium,MetLife Stadium,home_team_primary_stadium,,United States,False,False,81954,1,True,True,True,True,
2025_REG_04_MIN_PIT_20250928,2025,REG,4,2025-09-28,09:30,MIN,Minnesota Vikings,MIN,PIT,Pittsburgh Steelers,PIT,Acrisure Stadium,Acrisure Stadium,Acrisure Stadium,Acrisure Stadium,home_team_primary_stadium,,United States,False,False,74512,1,True,True,True,True,
2025_REG_04_NO_BUF_20250928,2025,REG,4,2025-09-28,13:00,NO,New Orleans Saints,NO,BUF,Buffalo Bills,BUF,Highmark Stadium,New Era Field,Highmark Stadium,Highmark Stadium,home_team_primary_stadium,,United States,False,False,71017,1,True,True,True,True,
2025_REG_04_PHI_TB_20250928,2025,REG,4,2025-09-28,13:00,PHI,Philadelphia Eagles,PHI,TB,Tampa Bay Buccaneers,TB,Raymond James Stadium,Raymond James Stadium,Raymond James Stadium,Raymond James Stadium,home_team_primary_stadium,,United States,False,False,64122,1,True,True,True,True,
2025_REG_04_TEN_HOU_20250928,2025,REG,4,2025-09-28,13:00,TEN,Tennessee Titans,TEN,HOU,Houston Texans,HOU,NRG Stadium,NRG Stadium,NRG Stadium,NRG Stadium,home_team_primary_stadium,,United States,False,False,70398,1,True,True,True,True,
2025_REG_04_WSH_ATL_20250928,2025,REG,4,2025-09-28,13:00,WSH,Washington Commanders,WAS,ATL,Atlanta Falcons,ATL,Mercedes-Benz Stadium,Mercedes-Benz Stadium,Mercedes-Benz Stadium,Mercedes-Benz Stadium,home_team_primary_stadium,,United States,False,False,71492,1,True,True,True,True,
2025_REG_04_CIN_DEN_20250929,2025,REG,4,2025-09-29,20:15,CIN,Cincinnati Bengals,CIN,DEN,Denver Broncos,DEN,Empower Field at Mile High,Empower Field at Mile High,Empower Field at Mile High,Empower Field at Mile High,home_team_primary_stadium,,United States,False,False,76489,1,True,True,True,True,
2025_REG_04_NYJ_MIA_20250929,2025,REG,4,2025-09-29,19:15,NYJ,New York Jets,NYJ,MIA,Miami Dolphins,MIA,Hard Rock Stadium,Hard Rock Stadium,Hard Rock Stadium,Hard Rock Stadium,home_team_primary_stadium,,United States,False,False,65848,1,True,True,True,True,
2025_REG_05_SF_LAR_20251002,2025,REG,5,2025-10-02,20:15,SF,San Francisco 49ers,SF,LAR,Los Angeles Rams,LA,SoFi Stadium,SoFi Stadium,SoFi Stadium,SoFi Stadium,home_team_primary_stadium,,United States,False,False,73652,1,True,True,True,True,
2025_REG_05_DAL_NYJ_20251005,2025,REG,5,2025-10-05,13:00,DAL,Dallas Cowboys,DAL,NYJ,New York Jets,NYJ,MetLife Stadium,MetLife Stadium,MetLife Stadium,MetLife Stadium,home_team_primary_stadium,,United States,False,False,81738,1,True,True,True,True,
2025_REG_05_DEN_PHI_20251005,2025,REG,5,2025-10-05,13:00,DEN,Denver Broncos,DEN,PHI,Philadelphia Eagles,PHI,Lincoln Financial Field,Lincoln Financial Field,Lincoln Financial Field,Lincoln Financial Field,home_team_primary_stadium,,United States,False,False,69879,1,True,True,True,True,
2025_REG_05_DET_CIN_20251005,2025,REG,5,2025-10-05,16:25,DET,Detroit Lions,DET,CIN,Cincinnati Bengals,CIN,Paycor Stadium,Paycor Stadium,Paycor Stadium,Paycor Stadium,home_team_primary_stadium,,United States,False,False,66115,1,True,True,True,True,
2025_REG_05_HOU_BAL_20251005,2025,REG,5,2025-10-05,13:00,HOU,Houston Texans,HOU,BAL,Baltimore Ravens,BAL,M&T Bank Stadium,M&T Bank Stadium,M&T Bank Stadium,M&T Bank Stadium,home_team_primary_stadium,,United States,False,False,70077,1,True,True,True,True,
2025_REG_05_LV_IND_20251005,2025,REG,5,2025-10-05,13:00,LV,Las Vegas Raiders,LV,IND,Indianapolis Colts,IND,Lucas Oil Stadium,Lucas Oil Stadium,Lucas Oil Stadium,Lucas Oil Stadium,home_team_primary_stadium,,United States,False,False,64955,1,True,True,True,True,
2025_REG_05_MIA_CAR_20251005,2025,REG,5,2025-10-05,13:00,MIA,Miami Dolphins,MIA,CAR,Carolina Panthers,CAR,Bank of America Stadium,Bank of America Stadium,Bank of America Stadium,Bank of America Stadium,home_team_primary_stadium,,United States,False,False,72301,1,True,True,True,True,
2025_REG_05_MIN_CLE_20251005,2025,REG,5,2025-10-05,09:30,MIN,Minnesota Vikings,MIN,CLE,Cleveland Browns,CLE,Huntington Bank Field,FirstEnergy Stadium,Huntington Bank Field,Huntington Bank Field,home_team_primary_stadium,,United States,False,False,61082,1,True,True,True,True,
2025_REG_05_NE_BUF_20251005,2025,REG,5,2025-10-05,20:20,NE,New England Patriots,NE,BUF,Buffalo Bills,BUF,Highmark Stadium,New Era Field,Highmark Stadium,Highmark Stadium,home_team_primary_stadium,,United States,False,False,70802,1,True,True,True,True,
2025_REG_05_NYG_NO_20251005,2025,REG,5,2025-10-05,13:00,NYG,New York Giants,NYG,NO,New Orleans Saints,NO,Caesars Superdome,Mercedes-Benz Superdome,Caesars Superdome,Caesars Superdome,home_team_primary_stadium,,United States,False,False,70008,1,True,True,True,True,
2025_REG_05_TB_SEA_20251005,2025,REG,5,2025-10-05,16:05,TB,Tampa Bay Buccaneers,TB,SEA,Seattle Seahawks,SEA,Lumen Field,Lumen Field,Lumen Field,Lumen Field,home_team_primary_stadium,,United States,False,False,68804,1,True,True,True,True,
2025_REG_05_TEN_ARI_20251005,2025,REG,5,2025-10-05,16:05,TEN,Tennessee Titans,TEN,ARI,Arizona Cardinals,ARI,State Farm Stadium,State Farm Stadium,State Farm Stadium,State Farm Stadium,home_team_primary_stadium,,United States,False,False,64280,1,True,True,True,True,
2025_REG_05_WSH_LAC_20251005,2025,REG,5,2025-10-05,16:25,WSH,Washington Commanders,WAS,LAC,Los Angeles Chargers,LAC,SoFi Stadium,SoFi Stadium,SoFi Stadium,SoFi Stadium,home_team_primary_stadium,,United States,False,False,71021,1,True,True,True,True,
2025_REG_05_KC_JAX_20251006,2025,REG,5,2025-10-06,20:15,KC,Kansas City Chiefs,KC,JAX,Jacksonville Jaguars,JAX,TIAA Bank Stadium,TIAA Bank Stadium,EverBank Stadium,TIAA Bank Stadium,actual_game_venue,,United States,True,False,69329,1,True,True,True,True,
2025_REG_06_PHI_NYG_20251009,2025,REG,6,2025-10-09,20:15,PHI,Philadelphia Eagles,PHI,NYG,New York Giants,NYG,MetLife Stadium,MetLife Stadium,MetLife Stadium,MetLife Stadium,home_team_primary_stadium,,United States,False,False,81564,1,True,True,True,True,
2025_REG_06_ARI_IND_20251012,2025,REG,6,2025-10-12,13:00,ARI,Arizona Cardinals,ARI,IND,Indianapolis Colts,IND,Lucas Oil Stadium,Lucas Oil Stadium,Lucas Oil Stadium,Lucas Oil Stadium,home_team_primary_stadium,,United States,False,False,65523,1,True,True,True,True,
2025_REG_06_CIN_GB_20251012,2025,REG,6,2025-10-12,16:25,CIN,Cincinnati Bengals,CIN,GB,Green Bay Packers,GB,Lambeau Field,Lambeau Field,Lambeau Field,Lambeau Field,home_team_primary_stadium,,United States,False,False,78277,1,True,True,True,True,
2025_REG_06_CLE_PIT_20251012,2025,REG,6,2025-10-12,13:00,CLE,Cleveland Browns,CLE,PIT,Pittsburgh Steelers,PIT,Acrisure Stadium,Acrisure Stadium,Acrisure Stadium,Acrisure Stadium,home_team_primary_stadium,,United States,False,False,66738,1,True,True,True,True,
2025_REG_06_DAL_CAR_20251012,2025,REG,6,2025-10-12,13:00,DAL,Dallas Cowboys,DAL,CAR,Carolina Panthers,CAR,Bank of America Stadium,Bank of America Stadium,Bank of America Stadium,Bank of America Stadium,home_team_primary_stadium,,United States,False,False,71619,1,True,True,True,True,
2025_REG_06_DEN_NYJ_20251012,2025,REG,6,2025-10-12,09:30,DEN,Denver Broncos,DEN,NYJ,New York Jets,NYJ,MetLife Stadium,MetLife Stadium,MetLife Stadium,MetLife Stadium,home_team_primary_stadium,,United States,False,False,61155,1,True,True,True,True,
2025_REG_06_DET_KC_20251012,2025,REG,6,2025-10-12,20:20,DET,Detroit Lions,DET,KC,Kansas City Chiefs,KC,Arrowhead Stadium,GEHA Field at Arrowhead Stadium,Arrowhead Stadium,Arrowhead Stadium,home_team_primary_stadium,,United States,False,False,73543,1,True,True,True,True,
2025_REG_06_LAC_MIA_20251012,2025,REG,6,2025-10-12,13:00,LAC,Los Angeles Chargers,LAC,MIA,Miami Dolphins,MIA,Hard Rock Stadium,Hard Rock Stadium,Hard Rock Stadium,Hard Rock Stadium,home_team_primary_stadium,,United States,False,False,65592,1,True,True,True,True,
2025_REG_06_LAR_BAL_20251012,2025,REG,6,2025-10-12,13:00,LAR,Los Angeles Rams,LA,BAL,Baltimore Ravens,BAL,M&T Bank Stadium,M&T Bank Stadium,M&T Bank Stadium,M&T Bank Stadium,home_team_primary_stadium,,United States,False,False,70055,1,True,True,True,True,
2025_REG_06_NE_NO_20251012,2025,REG,6,2025-10-12,13:00,NE,New England Patriots,NE,NO,New Orleans Saints,NO,Caesars Superdome,Mercedes-Benz Superdome,Caesars Superdome,Caesars Superdome,home_team_primary_stadium,,United States,False,False,70042,1,True,True,True,True,
2025_REG_06_SEA_JAX_20251012,2025,REG,6,2025-10-12,13:00,SEA,Seattle Seahawks,SEA,JAX,Jacksonville Jaguars,JAX,TIAA Bank Stadium,TIAA Bank Stadium,EverBank Stadium,TIAA Bank Stadium,actual_game_venue,,United States,True,False,61056,1,True,True,True,True,
2025_REG_06_SF_TB_20251012,2025,REG,6,2025-10-12,16:25,SF,San Francisco 49ers,SF,TB,Tampa Bay Buccaneers,TB,Raymond James Stadium,Raymond James Stadium,Raymond James Stadium,Raymond James Stadium,home_team_primary_stadium,,United States,False,False,62411,1,True,True,True,True,
2025_REG_06_TEN_LV_20251012,2025,REG,6,2025-10-12,16:05,TEN,Tennessee Titans,TEN,LV,Las Vegas Raiders,LV,Allegiant Stadium,Allegiant Stadium,Allegiant Stadium,Allegiant Stadium,home_team_primary_stadium,,United States,False,False,61981,1,True,True,True,True,
2025_REG_06_BUF_ATL_20251013,2025,REG,6,2025-10-13,19:15,BUF,Buffalo Bills,BUF,ATL,Atlanta Falcons,ATL,Mercedes-Benz Stadium,Mercedes-Benz Stadium,Mercedes-Benz Stadium,Mercedes-Benz Stadium,home_team_primary_stadium,,United States,False,False,72067,1,True,True,True,True,
2025_REG_06_CHI_WSH_20251013,2025,REG,6,2025-10-13,20:15,CHI,Chicago Bears,CHI,WSH,Washington Commanders,WAS,Northwest Stadium,FedExField,Northwest Stadium,Northwest Stadium,home_team_primary_stadium,,United States,False,False,64457,1,True,True,True,True,
2025_REG_07_PIT_CIN_20251016,2025,REG,7,2025-10-16,20:15,PIT,Pittsburgh Steelers,PIT,CIN,Cincinnati Bengals,CIN,Paycor Stadium,Paycor Stadium,Paycor Stadium,Paycor Stadium,home_team_primary_stadium,,United States,False,False,66569,1,True,True,True,True,
2025_REG_07_ATL_SF_20251019,2025,REG,7,2025-10-19,20:20,ATL,Atlanta Falcons,ATL,SF,San Francisco 49ers,SF,Levi's Stadium,Levi's Stadium,Levi's Stadium,Levi's Stadium,home_team_primary_stadium,,United States,False,False,71217,1,True,True,True,True,
2025_REG_07_CAR_NYJ_20251019,2025,REG,7,2025-10-19,13:00,CAR,Carolina Panthers,CAR,NYJ,New York Jets,NYJ,MetLife Stadium,MetLife Stadium,MetLife Stadium,MetLife Stadium,home_team_primary_stadium,,United States,False,False,71047,1,True,True,True,True,
2025_REG_07_GB_ARI_20251019,2025,REG,7,2025-10-19,16:25,GB,Green Bay Packers,GB,ARI,Arizona Cardinals,ARI,State Farm Stadium,State Farm Stadium,State Farm Stadium,State Farm Stadium,home_team_primary_stadium,,United States,False,False,64810,1,True,True,True,True,
2025_REG_07_IND_LAC_20251019,2025,REG,7,2025-10-19,16:05,IND,Indianapolis Colts,IND,LAC,Los Angeles Chargers,LAC,SoFi Stadium,SoFi Stadium,SoFi Stadium,SoFi Stadium,home_team_primary_stadium,,United States,False,False,71124,1,True,True,True,True,
2025_REG_07_LAR_JAX_20251019,2025,REG,7,2025-10-19,09:30,LAR,Los Angeles Rams,LA,JAX,Jacksonville Jaguars,JAX,TIAA Bank Stadium,TIAA Bank Stadium,EverBank Stadium,TIAA Bank Stadium,actual_game_venue,,United States,True,False,86152,1,True,True,True,True,
2025_REG_07_LV_KC_20251019,2025,REG,7,2025-10-19,13:00,LV,Las Vegas Raiders,LV,KC,Kansas City Chiefs,KC,Arrowhead Stadium,GEHA Field at Arrowhead Stadium,Arrowhead Stadium,Arrowhead Stadium,home_team_primary_stadium,,United States,False,False,73584,1,True,True,True,True,
2025_REG_07_MIA_CLE_20251019,2025,REG,7,2025-10-19,13:00,MIA,Miami Dolphins,MIA,CLE,Cleveland Browns,CLE,Huntington Bank Field,FirstEnergy Stadium,Huntington Bank Field,Huntington Bank Field,home_team_primary_stadium,,United States,False,False,63762,1,True,True,True,True,
2025_REG_07_NE_TEN_20251019,2025,REG,7,2025-10-19,13:00,NE,New England Patriots,NE,TEN,Tennessee Titans,TEN,Nissan Stadium,Nissan Stadium,Nissan Stadium,Nissan Stadium,home_team_primary_stadium,,United States,False,False,67410,1,True,True,True,True,
2025_REG_07_NO_CHI_20251019,2025,REG,7,2025-10-19,13:00,NO,New Orleans Saints,NO,CHI,Chicago Bears,CHI,Soldier Field,Soldier Field,Soldier Field,Soldier Field,home_team_primary_stadium,,United States,False,False,58102,1,True,True,True,True,
2025_REG_07_NYG_DEN_20251019,2025,REG,7,2025-10-19,16:05,NYG,New York Giants,NYG,DEN,Denver Broncos,DEN,Empower Field at Mile High,Empower Field at Mile High,Empower Field at Mile High,Empower Field at Mile High,home_team_primary_stadium,,United States,False,False,76830,1,True,True,True,True,
2025_REG_07_PHI_MIN_20251019,2025,REG,7,2025-10-19,13:00,PHI,Philadelphia Eagles,PHI,MIN,Minnesota Vikings,MIN,U.S. Bank Stadium,U.S. Bank Stadium,U.S. Bank Stadium,U.S. Bank Stadium,home_team_primary_stadium,,United States,False,False,66899,1,True,True,True,True,
2025_REG_07_WSH_DAL_20251019,2025,REG,7,2025-10-19,16:25,WSH,Washington Commanders,WAS,DAL,Dallas Cowboys,DAL,AT&T Stadium,AT&T Stadium,AT&T Stadium,AT&T Stadium,home_team_primary_stadium,,United States,False,False,93051,1,True,True,True,True,
2025_REG_07_HOU_SEA_20251020,2025,REG,7,2025-10-20,22:00,HOU,Houston Texans,HOU,SEA,Seattle Seahawks,SEA,Lumen Field,Lumen Field,Lumen Field,Lumen Field,home_team_primary_stadium,,United States,False,False,68632,1,True,True,True,True,
2025_REG_07_TB_DET_20251020,2025,REG,7,2025-10-20,19:00,TB,Tampa Bay Buccaneers,TB,DET,Detroit Lions,DET,Ford Field,Ford Field,Ford Field,Ford Field,home_team_primary_stadium,,United States,False,False,64656,1,True,True,True,True,
2025_REG_08_MIN_LAC_20251023,2025,REG,8,2025-10-23,20:15,MIN,Minnesota Vikings,MIN,LAC,Los Angeles Chargers,LAC,SoFi Stadium,SoFi Stadium,SoFi Stadium,SoFi Stadium,home_team_primary_stadium,,United States,False,False,71094,1,True,True,True,True,
2025_REG_08_BUF_CAR_20251026,2025,REG,8,2025-10-26,13:00,BUF,Buffalo Bills,BUF,CAR,Carolina Panthers,CAR,Bank of America Stadium,Bank of America Stadium,Bank of America Stadium,Bank of America Stadium,home_team_primary_stadium,,United States,False,False,73505,1,True,True,True,True,
2025_REG_08_CHI_BAL_20251026,2025,REG,8,2025-10-26,13:00,CHI,Chicago Bears,CHI,BAL,Baltimore Ravens,BAL,M&T Bank Stadium,M&T Bank Stadium,M&T Bank Stadium,M&T Bank Stadium,home_team_primary_stadium,,United States,False,False,70045,1,True,True,True,True,
2025_REG_08_CLE_NE_20251026,2025,REG,8,2025-10-26,13:00,CLE,Cleveland Browns,CLE,NE,New England Patriots,NE,Gillette Stadium,Gillette Stadium,Gillette Stadium,Gillette Stadium,home_team_primary_stadium,,United States,False,False,64628,1,True,True,True,True,
2025_REG_08_DAL_DEN_20251026,2025,REG,8,2025-10-26,16:25,DAL,Dallas Cowboys,DAL,DEN,Denver Broncos,DEN,Empower Field at Mile High,Empower Field at Mile High,Empower Field at Mile High,Empower Field at Mile High,home_team_primary_stadium,,United States,False,False,76545,1,True,True,True,True,
2025_REG_08_GB_PIT_20251026,2025,REG,8,2025-10-26,20:20,GB,Green Bay Packers,GB,PIT,Pittsburgh Steelers,PIT,Acrisure Stadium,Acrisure Stadium,Acrisure Stadium,Acrisure Stadium,home_team_primary_stadium,,United States,False,False,67386,1,True,True,True,True,
2025_REG_08_MIA_ATL_20251026,2025,REG,8,2025-10-26,13:00,MIA,Miami Dolphins,MIA,ATL,Atlanta Falcons,ATL,Mercedes-Benz Stadium,Mercedes-Benz Stadium,Mercedes-Benz Stadium,Mercedes-Benz Stadium,home_team_primary_stadium,,United States,False,False,71344,1,True,True,True,True,
2025_REG_08_NYG_PHI_20251026,2025,REG,8,2025-10-26,13:00,NYG,New York Giants,NYG,PHI,Philadelphia Eagles,PHI,Lincoln Financial Field,Lincoln Financial Field,Lincoln Financial Field,Lincoln Financial Field,home_team_primary_stadium,,United States,False,False,69879,1,True,True,True,True,
2025_REG_08_NYJ_CIN_20251026,2025,REG,8,2025-10-26,13:00,NYJ,New York Jets,NYJ,CIN,Cincinnati Bengals,CIN,Paycor Stadium,Paycor Stadium,Paycor Stadium,Paycor Stadium,home_team_primary_stadium,,United States,False,False,65526,1,True,True,True,True,
2025_REG_08_SF_HOU_20251026,2025,REG,8,2025-10-26,13:00,SF,San Francisco 49ers,SF,HOU,Houston Texans,HOU,NRG Stadium,NRG Stadium,NRG Stadium,NRG Stadium,home_team_primary_stadium,,United States,False,False,70581,1,True,True,True,True,
2025_REG_08_TB_NO_20251026,2025,REG,8,2025-10-26,16:05,TB,Tampa Bay Buccaneers,TB,NO,New Orleans Saints,NO,Caesars Superdome,Mercedes-Benz Superdome,Caesars Superdome,Caesars Superdome,home_team_primary_stadium,,United States,False,False,70038,1,True,True,True,True,
2025_REG_08_TEN_IND_20251026,2025,REG,8,2025-10-26,16:25,TEN,Tennessee Titans,TEN,IND,Indianapolis Colts,IND,Lucas Oil Stadium,Lucas Oil Stadium,Lucas Oil Stadium,Lucas Oil Stadium,home_team_primary_stadium,,United States,False,False,65816,1,True,True,True,True,
2025_REG_08_WSH_KC_20251027,2025,REG,8,2025-10-27,20:15,WSH,Washington Commanders,WAS,KC,Kansas City Chiefs,KC,Arrowhead Stadium,GEHA Field at Arrowhead Stadium,Arrowhead Stadium,Arrowhead Stadium,home_team_primary_stadium,,United States,False,False,73569,1,True,True,True,True,
2025_REG_09_BAL_MIA_20251030,2025,REG,9,2025-10-30,20:15,BAL,Baltimore Ravens,BAL,MIA,Miami Dolphins,MIA,Hard Rock Stadium,Hard Rock Stadium,Hard Rock Stadium,Hard Rock Stadium,home_team_primary_stadium,,United States,False,False,66132,1,True,True,True,True,
2025_REG_09_ATL_NE_20251102,2025,REG,9,2025-11-02,13:00,ATL,Atlanta Falcons,ATL,NE,New England Patriots,NE,Gillette Stadium,Gillette Stadium,Gillette Stadium,Gillette Stadium,home_team_primary_stadium,,United States,False,False,64628,1,True,True,True,True,
2025_REG_09_CAR_GB_20251102,2025,REG,9,2025-11-02,13:00,CAR,Carolina Panthers,CAR,GB,Green Bay Packers,GB,Lambeau Field,Lambeau Field,Lambeau Field,Lambeau Field,home_team_primary_stadium,,United States,False,False,77864,1,True,True,True,True,
2025_REG_09_CHI_CIN_20251102,2025,REG,9,2025-11-02,13:00,CHI,Chicago Bears,CHI,CIN,Cincinnati Bengals,CIN,Paycor Stadium,Paycor Stadium,Paycor Stadium,Paycor Stadium,home_team_primary_stadium,,United States,False,False,66264,1,True,True,True,True,
2025_REG_09_DEN_HOU_20251102,2025,REG,9,2025-11-02,13:00,DEN,Denver Broncos,DEN,HOU,Houston Texans,HOU,NRG Stadium,NRG Stadium,NRG Stadium,NRG Stadium,home_team_primary_stadium,,United States,False,False,70471,1,True,True,True,True,
2025_REG_09_IND_PIT_20251102,2025,REG,9,2025-11-02,13:00,IND,Indianapolis Colts,IND,PIT,Pittsburgh Steelers,PIT,Acrisure Stadium,Acrisure Stadium,Acrisure Stadium,Acrisure Stadium,home_team_primary_stadium,,United States,False,False,66677,1,True,True,True,True,
2025_REG_09_JAX_LV_20251102,2025,REG,9,2025-11-02,16:05,JAX,Jacksonville Jaguars,JAX,LV,Las Vegas Raiders,LV,Allegiant Stadium,Allegiant Stadium,Allegiant Stadium,Allegiant Stadium,home_team_primary_stadium,,United States,False,False,62080,1,True,True,True,True,
2025_REG_09_KC_BUF_20251102,2025,REG,9,2025-11-02,16:25,KC,Kansas City Chiefs,KC,BUF,Buffalo Bills,BUF,Highmark Stadium,New Era Field,Highmark Stadium,Highmark Stadium,home_team_primary_stadium,,United States,False,False,71024,1,True,True,True,True,
2025_REG_09_LAC_TEN_20251102,2025,REG,9,2025-11-02,13:00,LAC,Los Angeles Chargers,LAC,TEN,Tennessee Titans,TEN,Nissan Stadium,Nissan Stadium,Nissan Stadium,Nissan Stadium,home_team_primary_stadium,,United States,False,False,58592,1,True,True,True,True,
2025_REG_09_MIN_DET_20251102,2025,REG,9,2025-11-02,13:00,MIN,Minnesota Vikings,MIN,DET,Detroit Lions,DET,Ford Field,Ford Field,Ford Field,Ford Field,home_team_primary_stadium,,United States,False,False,64642,1,True,True,True,True,
2025_REG_09_NO_LAR_20251102,2025,REG,9,2025-11-02,16:05,NO,New Orleans Saints,NO,LAR,Los Angeles Rams,LA,SoFi Stadium,SoFi Stadium,SoFi Stadium,SoFi Stadium,home_team_primary_stadium,,United States,False,False,72055,1,True,True,True,True,
2025_REG_09_SEA_WSH_20251102,2025,REG,9,2025-11-02,20:20,SEA,Seattle Seahawks,SEA,WSH,Washington Commanders,WAS,Northwest Stadium,FedExField,Northwest Stadium,Northwest Stadium,home_team_primary_stadium,,United States,False,False,64197,1,True,True,True,True,
2025_REG_09_SF_NYG_20251102,2025,REG,9,2025-11-02,13:00,SF,San Francisco 49ers,SF,NYG,New York Giants,NYG,MetLife Stadium,MetLife Stadium,MetLife Stadium,MetLife Stadium,home_team_primary_stadium,,United States,False,False,83258,1,True,True,True,True,
2025_REG_09_ARI_DAL_20251103,2025,REG,9,2025-11-03,20:15,ARI,Arizona Cardinals,ARI,DAL,Dallas Cowboys,DAL,AT&T Stadium,AT&T Stadium,AT&T Stadium,AT&T Stadium,home_team_primary_stadium,,United States,False,False,92211,1,True,True,True,True,
2025_REG_10_LV_DEN_20251106,2025,REG,10,2025-11-06,20:15,LV,Las Vegas Raiders,LV,DEN,Denver Broncos,DEN,Empower Field at Mile High,Empower Field at Mile High,Empower Field at Mile High,Empower Field at Mile High,home_team_primary_stadium,,United States,False,False,74692,1,True,True,True,True,
2025_REG_10_ARI_SEA_20251109,2025,REG,10,2025-11-09,16:05,ARI,Arizona Cardinals,ARI,SEA,Seattle Seahawks,SEA,Lumen Field,Lumen Field,Lumen Field,Lumen Field,home_team_primary_stadium,,United States,False,False,68723,1,True,True,True,True,
2025_REG_10_ATL_IND_20251109,2025,REG,10,2025-11-09,09:30,ATL,Atlanta Falcons,ATL,IND,Indianapolis Colts,IND,Lucas Oil Stadium,Lucas Oil Stadium,Lucas Oil Stadium,Lucas Oil Stadium,home_team_primary_stadium,,United States,False,False,72203,1,True,True,True,True,
2025_REG_10_BAL_MIN_20251109,2025,REG,10,2025-11-09,13:00,BAL,Baltimore Ravens,BAL,MIN,Minnesota Vikings,MIN,U.S. Bank Stadium,U.S. Bank Stadium,U.S. Bank Stadium,U.S. Bank Stadium,home_team_primary_stadium,,United States,False,False,66946,1,True,True,True,True,
2025_REG_10_BUF_MIA_20251109,2025,REG,10,2025-11-09,13:00,BUF,Buffalo Bills,BUF,MIA,Miami Dolphins,MIA,Hard Rock Stadium,Hard Rock Stadium,Hard Rock Stadium,Hard Rock Stadium,home_team_primary_stadium,,United States,False,False,66030,1,True,True,True,True,
2025_REG_10_CLE_NYJ_20251109,2025,REG,10,2025-11-09,13:00,CLE,Cleveland Browns,CLE,NYJ,New York Jets,NYJ,MetLife Stadium,MetLife Stadium,MetLife Stadium,MetLife Stadium,home_team_primary_stadium,,United States,False,False,72623,1,True,True,True,True,
2025_REG_10_DET_WSH_20251109,2025,REG,10,2025-11-09,16:25,DET,Detroit Lions,DET,WSH,Washington Commanders,WAS,Northwest Stadium,FedExField,Northwest Stadium,Northwest Stadium,home_team_primary_stadium,,United States,False,False,64470,1,True,True,True,True,
2025_REG_10_JAX_HOU_20251109,2025,REG,10,2025-11-09,13:00,JAX,Jacksonville Jaguars,JAX,HOU,Houston Texans,HOU,NRG Stadium,NRG Stadium,NRG Stadium,NRG Stadium,home_team_primary_stadium,,United States,False,False,70531,1,True,True,True,True,
2025_REG_10_LAR_SF_20251109,2025,REG,10,2025-11-09,16:25,LAR,Los Angeles Rams,LA,SF,San Francisco 49ers,SF,Levi's Stadium,Levi's Stadium,Levi's Stadium,Levi's Stadium,home_team_primary_stadium,,United States,False,False,71239,1,True,True,True,True,
2025_REG_10_NE_TB_20251109,2025,REG,10,2025-11-09,13:00,NE,New England Patriots,NE,TB,Tampa Bay Buccaneers,TB,Raymond James Stadium,Raymond James Stadium,Raymond James Stadium,Raymond James Stadium,home_team_primary_stadium,,United States,False,False,65492,1,True,True,True,True,
2025_REG_10_NO_CAR_20251109,2025,REG,10,2025-11-09,13:00,NO,New Orleans Saints,NO,CAR,Carolina Panthers,CAR,Bank of America Stadium,Bank of America Stadium,Bank of America Stadium,Bank of America Stadium,home_team_primary_stadium,,United States,False,False,72804,1,True,True,True,True,
2025_REG_10_NYG_CHI_20251109,2025,REG,10,2025-11-09,13:00,NYG,New York Giants,NYG,CHI,Chicago Bears,CHI,Soldier Field,Soldier Field,Soldier Field,Soldier Field,home_team_primary_stadium,,United States,False,False,58884,1,True,True,True,True,
2025_REG_10_PIT_LAC_20251109,2025,REG,10,2025-11-09,20:20,PIT,Pittsburgh Steelers,PIT,LAC,Los Angeles Chargers,LAC,SoFi Stadium,SoFi Stadium,SoFi Stadium,SoFi Stadium,home_team_primary_stadium,,United States,False,False,72174,1,True,True,True,True,
2025_REG_10_PHI_GB_20251110,2025,REG,10,2025-11-10,20:15,PHI,Philadelphia Eagles,PHI,GB,Green Bay Packers,GB,Lambeau Field,Lambeau Field,Lambeau Field,Lambeau Field,home_team_primary_stadium,,United States,False,False,78254,1,True,True,True,True,
2025_REG_11_NYJ_NE_20251113,2025,REG,11,2025-11-13,20:15,NYJ,New York Jets,NYJ,NE,New England Patriots,NE,Gillette Stadium,Gillette Stadium,Gillette Stadium,Gillette Stadium,home_team_primary_stadium,,United States,False,False,64628,1,True,True,True,True,
2025_REG_11_BAL_CLE_20251116,2025,REG,11,2025-11-16,16:25,BAL,Baltimore Ravens,BAL,CLE,Cleveland Browns,CLE,Huntington Bank Field,FirstEnergy Stadium,Huntington Bank Field,Huntington Bank Field,home_team_primary_stadium,,United States,False,False,64230,1,True,True,True,True,
2025_REG_11_CAR_ATL_20251116,2025,REG,11,2025-11-16,13:00,CAR,Carolina Panthers,CAR,ATL,Atlanta Falcons,ATL,Mercedes-Benz Stadium,Mercedes-Benz Stadium,Mercedes-Benz Stadium,Mercedes-Benz Stadium,home_team_primary_stadium,,United States,False,False,70739,1,True,True,True,True,
2025_REG_11_CHI_MIN_20251116,2025,REG,11,2025-11-16,13:00,CHI,Chicago Bears,CHI,MIN,Minnesota Vikings,MIN,U.S. Bank Stadium,U.S. Bank Stadium,U.S. Bank Stadium,U.S. Bank Stadium,home_team_primary_stadium,,United States,False,False,66952,1,True,True,True,True,
2025_REG_11_CIN_PIT_20251116,2025,REG,11,2025-11-16,13:00,CIN,Cincinnati Bengals,CIN,PIT,Pittsburgh Steelers,PIT,Acrisure Stadium,Acrisure Stadium,Acrisure Stadium,Acrisure Stadium,home_team_primary_stadium,,United States,False,False,66132,1,True,True,True,True,
2025_REG_11_DET_PHI_20251116,2025,REG,11,2025-11-16,20:20,DET,Detroit Lions,DET,PHI,Philadelphia Eagles,PHI,Lincoln Financial Field,Lincoln Financial Field,Lincoln Financial Field,Lincoln Financial Field,home_team_primary_stadium,,United States,False,False,69879,1,True,True,True,True,
2025_REG_11_GB_NYG_20251116,2025,REG,11,2025-11-16,13:00,GB,Green Bay Packers,GB,NYG,New York Giants,NYG,MetLife Stadium,MetLife Stadium,MetLife Stadium,MetLife Stadium,home_team_primary_stadium,,United States,False,False,82438,1,True,True,True,True,
2025_REG_11_HOU_TEN_20251116,2025,REG,11,2025-11-16,13:00,HOU,Houston Texans,HOU,TEN,Tennessee Titans,TEN,Nissan Stadium,Nissan Stadium,Nissan Stadium,Nissan Stadium,home_team_primary_stadium,,United States,False,False,55999,1,True,True,True,True,
2025_REG_11_KC_DEN_20251116,2025,REG,11,2025-11-16,16:25,KC,Kansas City Chiefs,KC,DEN,Denver Broncos,DEN,Empower Field at Mile High,Empower Field at Mile High,Empower Field at Mile High,Empower Field at Mile High,home_team_primary_stadium,,United States,False,False,76750,1,True,True,True,True,
2025_REG_11_LAC_JAX_20251116,2025,REG,11,2025-11-16,13:00,LAC,Los Angeles Chargers,LAC,JAX,Jacksonville Jaguars,JAX,TIAA Bank Stadium,TIAA Bank Stadium,EverBank Stadium,TIAA Bank Stadium,actual_game_venue,,United States,True,False,58461,1,True,True,True,True,
2025_REG_11_SEA_LAR_20251116,2025,REG,11,2025-11-16,16:05,SEA,Seattle Seahawks,SEA,LAR,Los Angeles Rams,LA,SoFi Stadium,SoFi Stadium,SoFi Stadium,SoFi Stadium,home_team_primary_stadium,,United States,False,False,75323,1,True,True,True,True,
2025_REG_11_SF_ARI_20251116,2025,REG,11,2025-11-16,16:05,SF,San Francisco 49ers,SF,ARI,Arizona Cardinals,ARI,State Farm Stadium,State Farm Stadium,State Farm Stadium,State Farm Stadium,home_team_primary_stadium,,United States,False,False,65032,1,True,True,True,True,
2025_REG_11_TB_BUF_20251116,2025,REG,11,2025-11-16,13:00,TB,Tampa Bay Buccaneers,TB,BUF,Buffalo Bills,BUF,Highmark Stadium,New Era Field,Highmark Stadium,Highmark Stadium,home_team_primary_stadium,,United States,False,False,71005,1,True,True,True,True,
2025_REG_11_WSH_MIA_20251116,2025,REG,11,2025-11-16,09:30,WSH,Washington Commanders,WAS,MIA,Miami Dolphins,MIA,Hard Rock Stadium,Hard Rock Stadium,Hard Rock Stadium,Hard Rock Stadium,home_team_primary_stadium,,United States,False,False,78610,1,True,True,True,True,
2025_REG_11_DAL_LV_20251117,2025,REG,11,2025-11-17,20:15,DAL,Dallas Cowboys,DAL,LV,Las Vegas Raiders,LV,Allegiant Stadium,Allegiant Stadium,Allegiant Stadium,Allegiant Stadium,home_team_primary_stadium,,United States,False,False,62625,1,True,True,True,True,
2025_REG_12_BUF_HOU_20251120,2025,REG,12,2025-11-20,20:15,BUF,Buffalo Bills,BUF,HOU,Houston Texans,HOU,NRG Stadium,NRG Stadium,NRG Stadium,NRG Stadium,home_team_primary_stadium,,United States,False,False,70451,1,True,True,True,True,
2025_REG_12_ATL_NO_20251123,2025,REG,12,2025-11-23,16:25,ATL,Atlanta Falcons,ATL,NO,New Orleans Saints,NO,Caesars Superdome,Mercedes-Benz Superdome,Caesars Superdome,Caesars Superdome,home_team_primary_stadium,,United States,False,False,70005,1,True,True,True,True,
2025_REG_12_CLE_LV_20251123,2025,REG,12,2025-11-23,16:05,CLE,Cleveland Browns,CLE,LV,Las Vegas Raiders,LV,Allegiant Stadium,Allegiant Stadium,Allegiant Stadium,Allegiant Stadium,home_team_primary_stadium,,United States,False,False,62244,1,True,True,True,True,
2025_REG_12_IND_KC_20251123,2025,REG,12,2025-11-23,13:00,IND,Indianapolis Colts,IND,KC,Kansas City Chiefs,KC,Arrowhead Stadium,GEHA Field at Arrowhead Stadium,Arrowhead Stadium,Arrowhead Stadium,home_team_primary_stadium,,United States,False,False,73611,1,True,True,True,True,
2025_REG_12_JAX_ARI_20251123,2025,REG,12,2025-11-23,16:05,JAX,Jacksonville Jaguars,JAX,ARI,Arizona Cardinals,ARI,State Farm Stadium,State Farm Stadium,State Farm Stadium,State Farm Stadium,home_team_primary_stadium,,United States,False,False,62413,1,True,True,True,True,
2025_REG_12_MIN_GB_20251123,2025,REG,12,2025-11-23,13:00,MIN,Minnesota Vikings,MIN,GB,Green Bay Packers,GB,Lambeau Field,Lambeau Field,Lambeau Field,Lambeau Field,home_team_primary_stadium,,United States,False,False,77991,1,True,True,True,True,
2025_REG_12_NE_CIN_20251123,2025,REG,12,2025-11-23,13:00,NE,New England Patriots,NE,CIN,Cincinnati Bengals,CIN,Paycor Stadium,Paycor Stadium,Paycor Stadium,Paycor Stadium,home_team_primary_stadium,,United States,False,False,65659,1,True,True,True,True,
2025_REG_12_NYG_DET_20251123,2025,REG,12,2025-11-23,13:00,NYG,New York Giants,NYG,DET,Detroit Lions,DET,Ford Field,Ford Field,Ford Field,Ford Field,home_team_primary_stadium,,United States,False,False,64238,1,True,True,True,True,
2025_REG_12_NYJ_BAL_20251123,2025,REG,12,2025-11-23,13:00,NYJ,New York Jets,NYJ,BAL,Baltimore Ravens,BAL,M&T Bank Stadium,M&T Bank Stadium,M&T Bank Stadium,M&T Bank Stadium,home_team_primary_stadium,,United States,False,False,70029,1,True,True,True,True,
2025_REG_12_PHI_DAL_20251123,2025,REG,12,2025-11-23,16:25,PHI,Philadelphia Eagles,PHI,DAL,Dallas Cowboys,DAL,AT&T Stadium,AT&T Stadium,AT&T Stadium,AT&T Stadium,home_team_primary_stadium,,United States,False,False,93068,1,True,True,True,True,
2025_REG_12_PIT_CHI_20251123,2025,REG,12,2025-11-23,13:00,PIT,Pittsburgh Steelers,PIT,CHI,Chicago Bears,CHI,Soldier Field,Soldier Field,Soldier Field,Soldier Field,home_team_primary_stadium,,United States,False,False,59658,1,True,True,True,True,
2025_REG_12_SEA_TEN_20251123,2025,REG,12,2025-11-23,13:00,SEA,Seattle Seahawks,SEA,TEN,Tennessee Titans,TEN,Nissan Stadium,Nissan Stadium,Nissan Stadium,Nissan Stadium,home_team_primary_stadium,,United States,False,False,60487,1,True,True,True,True,
2025_REG_12_TB_LAR_20251123,2025,REG,12,2025-11-23,20:20,TB,Tampa Bay Buccaneers,TB,LAR,Los Angeles Rams,LA,SoFi Stadium,SoFi Stadium,SoFi Stadium,SoFi Stadium,home_team_primary_stadium,,United States,False,False,75545,1,True,True,True,True,
2025_REG_12_CAR_SF_20251124,2025,REG,12,2025-11-24,20:15,CAR,Carolina Panthers,CAR,SF,San Francisco 49ers,SF,Levi's Stadium,Levi's Stadium,Levi's Stadium,Levi's Stadium,home_team_primary_stadium,,United States,False,False,71337,1,True,True,True,True,
2025_REG_13_CIN_BAL_20251127,2025,REG,13,2025-11-27,20:20,CIN,Cincinnati Bengals,CIN,BAL,Baltimore Ravens,BAL,M&T Bank Stadium,M&T Bank Stadium,M&T Bank Stadium,M&T Bank Stadium,home_team_primary_stadium,,United States,False,False,70066,1,True,True,True,True,
2025_REG_13_GB_DET_20251127,2025,REG,13,2025-11-27,13:00,GB,Green Bay Packers,GB,DET,Detroit Lions,DET,Ford Field,Ford Field,Ford Field,Ford Field,home_team_primary_stadium,,United States,False,False,66662,1,True,True,True,True,
2025_REG_13_KC_DAL_20251127,2025,REG,13,2025-11-27,16:30,KC,Kansas City Chiefs,KC,DAL,Dallas Cowboys,DAL,AT&T Stadium,AT&T Stadium,AT&T Stadium,AT&T Stadium,home_team_primary_stadium,,United States,False,False,93739,1,True,True,True,True,
2025_REG_13_CHI_PHI_20251128,2025,REG,13,2025-11-28,15:00,CHI,Chicago Bears,CHI,PHI,Philadelphia Eagles,PHI,Lincoln Financial Field,Lincoln Financial Field,Lincoln Financial Field,Lincoln Financial Field,home_team_primary_stadium,,United States,False,False,,,True,True,False,False,home_team_not_found_for_season_week
2025_REG_13_ARI_TB_20251130,2025,REG,13,2025-11-30,13:00,ARI,Arizona Cardinals,ARI,TB,Tampa Bay Buccaneers,TB,Raymond James Stadium,Raymond James Stadium,Raymond James Stadium,Raymond James Stadium,home_team_primary_stadium,,United States,False,False,61103,1,True,True,True,True,
2025_REG_13_ATL_NYJ_20251130,2025,REG,13,2025-11-30,13:00,ATL,Atlanta Falcons,ATL,NYJ,New York Jets,NYJ,MetLife Stadium,MetLife Stadium,MetLife Stadium,MetLife Stadium,home_team_primary_stadium,,United States,False,False,70012,1,True,True,True,True,
2025_REG_13_BUF_PIT_20251130,2025,REG,13,2025-11-30,16:25,BUF,Buffalo Bills,BUF,PIT,Pittsburgh Steelers,PIT,Acrisure Stadium,Acrisure Stadium,Acrisure Stadium,Acrisure Stadium,home_team_primary_stadium,,United States,False,False,66068,1,True,True,True,True,
2025_REG_13_DEN_WSH_20251130,2025,REG,13,2025-11-30,20:20,DEN,Denver Broncos,DEN,WSH,Washington Commanders,WAS,Northwest Stadium,FedExField,Northwest Stadium,Northwest Stadium,home_team_primary_stadium,,United States,False,False,63159,1,True,True,True,True,
2025_REG_13_HOU_IND_20251130,2025,REG,13,2025-11-30,13:00,HOU,Houston Texans,HOU,IND,Indianapolis Colts,IND,Lucas Oil Stadium,Lucas Oil Stadium,Lucas Oil Stadium,Lucas Oil Stadium,home_team_primary_stadium,,United States,False,False,65977,1,True,True,True,True,
2025_REG_13_JAX_TEN_20251130,2025,REG,13,2025-11-30,13:00,JAX,Jacksonville Jaguars,JAX,TEN,Tennessee Titans,TEN,Nissan Stadium,Nissan Stadium,Nissan Stadium,Nissan Stadium,home_team_primary_stadium,,United States,False,False,54098,1,True,True,True,True,
2025_REG_13_LAR_CAR_20251130,2025,REG,13,2025-11-30,13:00,LAR,Los Angeles Rams,LA,CAR,Carolina Panthers,CAR,Bank of America Stadium,Bank of America Stadium,Bank of America Stadium,Bank of America Stadium,home_team_primary_stadium,,United States,False,False,71292,1,True,True,True,True,
2025_REG_13_LV_LAC_20251130,2025,REG,13,2025-11-30,16:25,LV,Las Vegas Raiders,LV,LAC,Los Angeles Chargers,LAC,SoFi Stadium,SoFi Stadium,SoFi Stadium,SoFi Stadium,home_team_primary_stadium,,United States,False,False,71018,1,True,True,True,True,
2025_REG_13_MIN_SEA_20251130,2025,REG,13,2025-11-30,16:05,MIN,Minnesota Vikings,MIN,SEA,Seattle Seahawks,SEA,Lumen Field,Lumen Field,Lumen Field,Lumen Field,home_team_primary_stadium,,United States,False,False,68790,1,True,True,True,True,
2025_REG_13_NO_MIA_20251130,2025,REG,13,2025-11-30,13:00,NO,New Orleans Saints,NO,MIA,Miami Dolphins,MIA,Hard Rock Stadium,Hard Rock Stadium,Hard Rock Stadium,Hard Rock Stadium,home_team_primary_stadium,,United States,False,False,63864,1,True,True,True,True,
2025_REG_13_SF_CLE_20251130,2025,REG,13,2025-11-30,13:00,SF,San Francisco 49ers,SF,CLE,Cleveland Browns,CLE,Huntington Bank Field,FirstEnergy Stadium,Huntington Bank Field,Huntington Bank Field,home_team_primary_stadium,,United States,False,False,64042,1,True,True,True,True,
2025_REG_13_NYG_NE_20251201,2025,REG,13,2025-12-01,20:15,NYG,New York Giants,NYG,NE,New England Patriots,NE,Gillette Stadium,Gillette Stadium,Gillette Stadium,Gillette Stadium,home_team_primary_stadium,,United States,False,False,64628,1,True,True,True,True,
2025_REG_14_DAL_DET_20251204,2025,REG,14,2025-12-04,20:15,DAL,Dallas Cowboys,DAL,DET,Detroit Lions,DET,Ford Field,Ford Field,Ford Field,Ford Field,home_team_primary_stadium,,United States,False,False,64028,1,True,True,True,True,
2025_REG_14_CHI_GB_20251207,2025,REG,14,2025-12-07,16:25,CHI,Chicago Bears,CHI,GB,Green Bay Packers,GB,Lambeau Field,Lambeau Field,Lambeau Field,Lambeau Field,home_team_primary_stadium,,United States,False,False,78214,1,True,True,True,True,
2025_REG_14_CIN_BUF_20251207,2025,REG,14,2025-12-07,13:00,CIN,Cincinnati Bengals,CIN,BUF,Buffalo Bills,BUF,Highmark Stadium,New Era Field,Highmark Stadium,Highmark Stadium,home_team_primary_stadium,,United States,False,False,70613,1,True,True,True,True,
2025_REG_14_DEN_LV_20251207,2025,REG,14,2025-12-07,16:05,DEN,Denver Broncos,DEN,LV,Las Vegas Raiders,LV,Allegiant Stadium,Allegiant Stadium,Allegiant Stadium,Allegiant Stadium,home_team_primary_stadium,,United States,False,False,62442,1,True,True,True,True,
2025_REG_14_HOU_KC_20251207,2025,REG,14,2025-12-07,20:20,HOU,Houston Texans,HOU,KC,Kansas City Chiefs,KC,Arrowhead Stadium,GEHA Field at Arrowhead Stadium,Arrowhead Stadium,Arrowhead Stadium,home_team_primary_stadium,,United States,False,False,73611,1,True,True,True,True,
2025_REG_14_IND_JAX_20251207,2025,REG,14,2025-12-07,13:00,IND,Indianapolis Colts,IND,JAX,Jacksonville Jaguars,JAX,TIAA Bank Stadium,TIAA Bank Stadium,EverBank Stadium,TIAA Bank Stadium,actual_game_venue,,United States,True,False,60067,1,True,True,True,True,
2025_REG_14_LAR_ARI_20251207,2025,REG,14,2025-12-07,16:25,LAR,Los Angeles Rams,LA,ARI,Arizona Cardinals,ARI,State Farm Stadium,State Farm Stadium,State Farm Stadium,State Farm Stadium,home_team_primary_stadium,,United States,False,False,61970,1,True,True,True,True,
2025_REG_14_MIA_NYJ_20251207,2025,REG,14,2025-12-07,13:00,MIA,Miami Dolphins,MIA,NYJ,New York Jets,NYJ,MetLife Stadium,MetLife Stadium,MetLife Stadium,MetLife Stadium,home_team_primary_stadium,,United States,False,False,68625,1,True,True,True,True,
2025_REG_14_NO_TB_20251207,2025,REG,14,2025-12-07,13:00,NO,New Orleans Saints,NO,TB,Tampa Bay Buccaneers,TB,Raymond James Stadium,Raymond James Stadium,Raymond James Stadium,Raymond James Stadium,home_team_primary_stadium,,United States,False,False,63125,1,True,True,True,True,
2025_REG_14_PIT_BAL_20251207,2025,REG,14,2025-12-07,13:00,PIT,Pittsburgh Steelers,PIT,BAL,Baltimore Ravens,BAL,M&T Bank Stadium,M&T Bank Stadium,M&T Bank Stadium,M&T Bank Stadium,home_team_primary_stadium,,United States,False,False,70544,1,True,True,True,True,
2025_REG_14_SEA_ATL_20251207,2025,REG,14,2025-12-07,13:00,SEA,Seattle Seahawks,SEA,ATL,Atlanta Falcons,ATL,Mercedes-Benz Stadium,Mercedes-Benz Stadium,Mercedes-Benz Stadium,Mercedes-Benz Stadium,home_team_primary_stadium,,United States,False,False,68721,1,True,True,True,True,
2025_REG_14_TEN_CLE_20251207,2025,REG,14,2025-12-07,13:00,TEN,Tennessee Titans,TEN,CLE,Cleveland Browns,CLE,Huntington Bank Field,FirstEnergy Stadium,Huntington Bank Field,Huntington Bank Field,home_team_primary_stadium,,United States,False,False,62982,1,True,True,True,True,
2025_REG_14_WSH_MIN_20251207,2025,REG,14,2025-12-07,13:00,WSH,Washington Commanders,WAS,MIN,Minnesota Vikings,MIN,U.S. Bank Stadium,U.S. Bank Stadium,U.S. Bank Stadium,U.S. Bank Stadium,home_team_primary_stadium,,United States,False,False,66810,1,True,True,True,True,
2025_REG_14_PHI_LAC_20251208,2025,REG,14,2025-12-08,20:15,PHI,Philadelphia Eagles,PHI,LAC,Los Angeles Chargers,LAC,SoFi Stadium,SoFi Stadium,SoFi Stadium,SoFi Stadium,home_team_primary_stadium,,United States,False,False,72241,1,True,True,True,True,
2025_REG_15_ATL_TB_20251211,2025,REG,15,2025-12-11,20:15,ATL,Atlanta Falcons,ATL,TB,Tampa Bay Buccaneers,TB,Raymond James Stadium,Raymond James Stadium,Raymond James Stadium,Raymond James Stadium,home_team_primary_stadium,,United States,False,False,64917,1,True,True,True,True,
2025_REG_15_ARI_HOU_20251214,2025,REG,15,2025-12-14,13:00,ARI,Arizona Cardinals,ARI,HOU,Houston Texans,HOU,NRG Stadium,NRG Stadium,NRG Stadium,NRG Stadium,home_team_primary_stadium,,United States,False,False,71086,1,True,True,True,True,
2025_REG_15_BAL_CIN_20251214,2025,REG,15,2025-12-14,13:00,BAL,Baltimore Ravens,BAL,CIN,Cincinnati Bengals,CIN,Paycor Stadium,Paycor Stadium,Paycor Stadium,Paycor Stadium,home_team_primary_stadium,,United States,False,False,64907,1,True,True,True,True,
2025_REG_15_BUF_NE_20251214,2025,REG,15,2025-12-14,13:00,BUF,Buffalo Bills,BUF,NE,New England Patriots,NE,Gillette Stadium,Gillette Stadium,Gillette Stadium,Gillette Stadium,home_team_primary_stadium,,United States,False,False,64628,1,True,True,True,True,
2025_REG_15_CAR_NO_20251214,2025,REG,15,2025-12-14,16:25,CAR,Carolina Panthers,CAR,NO,New Orleans Saints,NO,Caesars Superdome,Mercedes-Benz Superdome,Caesars Superdome,Caesars Superdome,home_team_primary_stadium,,United States,False,False,70070,1,True,True,True,True,
2025_REG_15_CLE_CHI_20251214,2025,REG,15,2025-12-14,13:00,CLE,Cleveland Browns,CLE,CHI,Chicago Bears,CHI,Soldier Field,Soldier Field,Soldier Field,Soldier Field,home_team_primary_stadium,,United States,False,False,54051,1,True,True,True,True,
2025_REG_15_DET_LAR_20251214,2025,REG,15,2025-12-14,16:25,DET,Detroit Lions,DET,LAR,Los Angeles Rams,LA,SoFi Stadium,SoFi Stadium,SoFi Stadium,SoFi Stadium,home_team_primary_stadium,,United States,False,False,74701,1,True,True,True,True,
2025_REG_15_GB_DEN_20251214,2025,REG,15,2025-12-14,16:25,GB,Green Bay Packers,GB,DEN,Denver Broncos,DEN,Empower Field at Mile High,Empower Field at Mile High,Empower Field at Mile High,Empower Field at Mile High,home_team_primary_stadium,,United States,False,False,76809,1,True,True,True,True,
2025_REG_15_IND_SEA_20251214,2025,REG,15,2025-12-14,16:25,IND,Indianapolis Colts,IND,SEA,Seattle Seahawks,SEA,Lumen Field,Lumen Field,Lumen Field,Lumen Field,home_team_primary_stadium,,United States,False,False,68771,1,True,True,True,True,
2025_REG_15_LAC_KC_20251214,2025,REG,15,2025-12-14,13:00,LAC,Los Angeles Chargers,LAC,KC,Kansas City Chiefs,KC,Arrowhead Stadium,GEHA Field at Arrowhead Stadium,Arrowhead Stadium,Arrowhead Stadium,home_team_primary_stadium,,United States,False,False,73073,1,True,True,True,True,
2025_REG_15_LV_PHI_20251214,2025,REG,15,2025-12-14,13:00,LV,Las Vegas Raiders,LV,PHI,Philadelphia Eagles,PHI,Lincoln Financial Field,Lincoln Financial Field,Lincoln Financial Field,Lincoln Financial Field,home_team_primary_stadium,,United States,False,False,69879,1,True,True,True,True,
2025_REG_15_MIN_DAL_20251214,2025,REG,15,2025-12-14,20:20,MIN,Minnesota Vikings,MIN,DAL,Dallas Cowboys,DAL,AT&T Stadium,AT&T Stadium,AT&T Stadium,AT&T Stadium,home_team_primary_stadium,,United States,False,False,92991,1,True,True,True,True,
2025_REG_15_NYJ_JAX_20251214,2025,REG,15,2025-12-14,13:00,NYJ,New York Jets,NYJ,JAX,Jacksonville Jaguars,JAX,TIAA Bank Stadium,TIAA Bank Stadium,EverBank Stadium,TIAA Bank Stadium,actual_game_venue,,United States,True,False,60815,1,True,True,True,True,
2025_REG_15_TEN_SF_20251214,2025,REG,15,2025-12-14,16:25,TEN,Tennessee Titans,TEN,SF,San Francisco 49ers,SF,Levi's Stadium,Levi's Stadium,Levi's Stadium,Levi's Stadium,home_team_primary_stadium,,United States,False,False,71042,1,True,True,True,True,
2025_REG_15_WSH_NYG_20251214,2025,REG,15,2025-12-14,13:00,WSH,Washington Commanders,WAS,NYG,New York Giants,NYG,MetLife Stadium,MetLife Stadium,MetLife Stadium,MetLife Stadium,home_team_primary_stadium,,United States,False,False,77481,1,True,True,True,True,
2025_REG_15_MIA_PIT_20251215,2025,REG,15,2025-12-15,20:15,MIA,Miami Dolphins,MIA,PIT,Pittsburgh Steelers,PIT,Acrisure Stadium,Acrisure Stadium,Acrisure Stadium,Acrisure Stadium,home_team_primary_stadium,,United States,False,False,65663,1,True,True,True,True,
2025_REG_16_LAR_SEA_20251218,2025,REG,16,2025-12-18,20:15,LAR,Los Angeles Rams,LA,SEA,Seattle Seahawks,SEA,Lumen Field,Lumen Field,Lumen Field,Lumen Field,home_team_primary_stadium,,United States,False,False,68853,1,True,True,True,True,
2025_REG_16_GB_CHI_20251220,2025,REG,16,2025-12-20,20:20,GB,Green Bay Packers,GB,CHI,Chicago Bears,CHI,Soldier Field,Soldier Field,Soldier Field,Soldier Field,home_team_primary_stadium,,United States,False,False,60152,1,True,True,True,True,
2025_REG_16_PHI_WSH_20251220,2025,REG,16,2025-12-20,17:00,PHI,Philadelphia Eagles,PHI,WSH,Washington Commanders,WAS,Northwest Stadium,FedExField,Northwest Stadium,Northwest Stadium,home_team_primary_stadium,,United States,False,False,64582,1,True,True,True,True,
2025_REG_16_ATL_ARI_20251221,2025,REG,16,2025-12-21,16:05,ATL,Atlanta Falcons,ATL,ARI,Arizona Cardinals,ARI,State Farm Stadium,State Farm Stadium,State Farm Stadium,State Farm Stadium,home_team_primary_stadium,,United States,False,False,60673,1,True,True,True,True,
2025_REG_16_BUF_CLE_20251221,2025,REG,16,2025-12-21,13:00,BUF,Buffalo Bills,BUF,CLE,Cleveland Browns,CLE,Huntington Bank Field,FirstEnergy Stadium,Huntington Bank Field,Huntington Bank Field,home_team_primary_stadium,,United States,False,False,67580,1,True,True,True,True,
2025_REG_16_CIN_MIA_20251221,2025,REG,16,2025-12-21,13:00,CIN,Cincinnati Bengals,CIN,MIA,Miami Dolphins,MIA,Hard Rock Stadium,Hard Rock Stadium,Hard Rock Stadium,Hard Rock Stadium,home_team_primary_stadium,,United States,False,False,65885,1,True,True,True,True,
2025_REG_16_JAX_DEN_20251221,2025,REG,16,2025-12-21,16:05,JAX,Jacksonville Jaguars,JAX,DEN,Denver Broncos,DEN,Empower Field at Mile High,Empower Field at Mile High,Empower Field at Mile High,Empower Field at Mile High,home_team_primary_stadium,,United States,False,False,76858,1,True,True,True,True,
2025_REG_16_KC_TEN_20251221,2025,REG,16,2025-12-21,13:00,KC,Kansas City Chiefs,KC,TEN,Tennessee Titans,TEN,Nissan Stadium,Nissan Stadium,Nissan Stadium,Nissan Stadium,home_team_primary_stadium,,United States,False,False,61752,1,True,True,True,True,
2025_REG_16_LAC_DAL_20251221,2025,REG,16,2025-12-21,13:00,LAC,Los Angeles Chargers,LAC,DAL,Dallas Cowboys,DAL,AT&T Stadium,AT&T Stadium,AT&T Stadium,AT&T Stadium,home_team_primary_stadium,,United States,False,False,92740,1,True,True,True,True,
2025_REG_16_LV_HOU_20251221,2025,REG,16,2025-12-21,16:25,LV,Las Vegas Raiders,LV,HOU,Houston Texans,HOU,NRG Stadium,NRG Stadium,NRG Stadium,NRG Stadium,home_team_primary_stadium,,United States,False,False,71160,1,True,True,True,True,
2025_REG_16_MIN_NYG_20251221,2025,REG,16,2025-12-21,13:00,MIN,Minnesota Vikings,MIN,NYG,New York Giants,NYG,MetLife Stadium,MetLife Stadium,MetLife Stadium,MetLife Stadium,home_team_primary_stadium,,United States,False,False,76515,1,True,True,True,True,
2025_REG_16_NE_BAL_20251221,2025,REG,16,2025-12-21,20:20,NE,New England Patriots,NE,BAL,Baltimore Ravens,BAL,M&T Bank Stadium,M&T Bank Stadium,M&T Bank Stadium,M&T Bank Stadium,home_team_primary_stadium,,United States,False,False,70709,1,True,True,True,True,
2025_REG_16_NYJ_NO_20251221,2025,REG,16,2025-12-21,13:00,NYJ,New York Jets,NYJ,NO,New Orleans Saints,NO,Caesars Superdome,Mercedes-Benz Superdome,Caesars Superdome,Caesars Superdome,home_team_primary_stadium,,United States,False,False,70043,1,True,True,True,True,
2025_REG_16_PIT_DET_20251221,2025,REG,16,2025-12-21,16:25,PIT,Pittsburgh Steelers,PIT,DET,Detroit Lions,DET,Ford Field,Ford Field,Ford Field,Ford Field,home_team_primary_stadium,,United States,False,False,63798,1,True,True,True,True,
2025_REG_16_TB_CAR_20251221,2025,REG,16,2025-12-21,13:00,TB,Tampa Bay Buccaneers,TB,CAR,Carolina Panthers,CAR,Bank of America Stadium,Bank of America Stadium,Bank of America Stadium,Bank of America Stadium,home_team_primary_stadium,,United States,False,False,73530,1,True,True,True,True,
2025_REG_16_SF_IND_20251222,2025,REG,16,2025-12-22,20:15,SF,San Francisco 49ers,SF,IND,Indianapolis Colts,IND,Lucas Oil Stadium,Lucas Oil Stadium,Lucas Oil Stadium,Lucas Oil Stadium,home_team_primary_stadium,,United States,False,False,66265,1,True,True,True,True,
2025_REG_17_DAL_WSH_20251225,2025,REG,17,2025-12-25,13:00,DAL,Dallas Cowboys,DAL,WSH,Washington Commanders,WAS,Northwest Stadium,FedExField,Northwest Stadium,Northwest Stadium,home_team_primary_stadium,,United States,False,False,64407,1,True,True,True,True,
2025_REG_17_DEN_KC_20251225,2025,REG,17,2025-12-25,20:15,DEN,Denver Broncos,DEN,KC,Kansas City Chiefs,KC,Arrowhead Stadium,GEHA Field at Arrowhead Stadium,Arrowhead Stadium,Arrowhead Stadium,home_team_primary_stadium,,United States,False,False,73045,1,True,True,True,True,
2025_REG_17_DET_MIN_20251225,2025,REG,17,2025-12-25,16:30,DET,Detroit Lions,DET,MIN,Minnesota Vikings,MIN,U.S. Bank Stadium,U.S. Bank Stadium,U.S. Bank Stadium,U.S. Bank Stadium,home_team_primary_stadium,,United States,False,False,66874,1,True,True,True,True,
2025_REG_17_BAL_GB_20251227,2025,REG,17,2025-12-27,20:00,BAL,Baltimore Ravens,BAL,GB,Green Bay Packers,GB,Lambeau Field,Lambeau Field,Lambeau Field,Lambeau Field,home_team_primary_stadium,,United States,False,False,77660,1,True,True,True,True,
2025_REG_17_HOU_LAC_20251227,2025,REG,17,2025-12-27,16:30,HOU,Houston Texans,HOU,LAC,Los Angeles Chargers,LAC,SoFi Stadium,SoFi Stadium,SoFi Stadium,SoFi Stadium,home_team_primary_stadium,,United States,False,False,73066,1,True,True,True,True,
2025_REG_17_ARI_CIN_20251228,2025,REG,17,2025-12-28,13:00,ARI,Arizona Cardinals,ARI,CIN,Cincinnati Bengals,CIN,Paycor Stadium,Paycor Stadium,Paycor Stadium,Paycor Stadium,home_team_primary_stadium,,United States,False,False,61402,1,True,True,True,True,
2025_REG_17_CHI_SF_20251228,2025,REG,17,2025-12-28,20:20,CHI,Chicago Bears,CHI,SF,San Francisco 49ers,SF,Levi's Stadium,Levi's Stadium,Levi's Stadium,Levi's Stadium,home_team_primary_stadium,,United States,False,False,71836,1,True,True,True,True,
2025_REG_17_JAX_IND_20251228,2025,REG,17,2025-12-28,13:00,JAX,Jacksonville Jaguars,JAX,IND,Indianapolis Colts,IND,Lucas Oil Stadium,Lucas Oil Stadium,Lucas Oil Stadium,Lucas Oil Stadium,home_team_primary_stadium,,United States,False,False,66080,1,True,True,True,True,
2025_REG_17_NE_NYJ_20251228,2025,REG,17,2025-12-28,13:00,NE,New England Patriots,NE,NYJ,New York Jets,NYJ,MetLife Stadium,MetLife Stadium,MetLife Stadium,MetLife Stadium,home_team_primary_stadium,,United States,False,False,70918,1,True,True,True,True,
2025_REG_17_NO_TEN_20251228,2025,REG,17,2025-12-28,13:00,NO,New Orleans Saints,NO,TEN,Tennessee Titans,TEN,Nissan Stadium,Nissan Stadium,Nissan Stadium,Nissan Stadium,home_team_primary_stadium,,United States,False,False,56269,1,True,True,True,True,
2025_REG_17_NYG_LV_20251228,2025,REG,17,2025-12-28,16:05,NYG,New York Giants,NYG,LV,Las Vegas Raiders,LV,Allegiant Stadium,Allegiant Stadium,Allegiant Stadium,Allegiant Stadium,home_team_primary_stadium,,United States,False,False,62021,1,True,True,True,True,
2025_REG_17_PHI_BUF_20251228,2025,REG,17,2025-12-28,16:25,PHI,Philadelphia Eagles,PHI,BUF,Buffalo Bills,BUF,Highmark Stadium,New Era Field,Highmark Stadium,Highmark Stadium,home_team_primary_stadium,,United States,False,False,71105,1,True,True,True,True,
2025_REG_17_PIT_CLE_20251228,2025,REG,17,2025-12-28,13:00,PIT,Pittsburgh Steelers,PIT,CLE,Cleveland Browns,CLE,Huntington Bank Field,FirstEnergy Stadium,Huntington Bank Field,Huntington Bank Field,home_team_primary_stadium,,United States,False,False,67194,1,True,True,True,True,
2025_REG_17_SEA_CAR_20251228,2025,REG,17,2025-12-28,13:00,SEA,Seattle Seahawks,SEA,CAR,Carolina Panthers,CAR,Bank of America Stadium,Bank of America Stadium,Bank of America Stadium,Bank of America Stadium,home_team_primary_stadium,,United States,False,False,73163,1,True,True,True,True,
2025_REG_17_TB_MIA_20251228,2025,REG,17,2025-12-28,13:00,TB,Tampa Bay Buccaneers,TB,MIA,Miami Dolphins,MIA,Hard Rock Stadium,Hard Rock Stadium,Hard Rock Stadium,Hard Rock Stadium,home_team_primary_stadium,,United States,False,False,66552,1,True,True,True,True,
2025_REG_17_LAR_ATL_20251229,2025,REG,17,2025-12-29,20:15,LAR,Los Angeles Rams,LA,ATL,Atlanta Falcons,ATL,Mercedes-Benz Stadium,Mercedes-Benz Stadium,Mercedes-Benz Stadium,Mercedes-Benz Stadium,home_team_primary_stadium,,United States,False,False,69313,1,True,True,True,True,
2025_REG_18_CAR_TB_20260103,2025,REG,18,2026-01-03,16:30,CAR,Carolina Panthers,CAR,TB,Tampa Bay Buccaneers,TB,Raymond James Stadium,Raymond James Stadium,Raymond James Stadium,Raymond James Stadium,home_team_primary_stadium,,United States,False,False,65082,1,True,True,True,True,
2025_REG_18_SEA_SF_20260103,2025,REG,18,2026-01-03,20:00,SEA,Seattle Seahawks,SEA,SF,San Francisco 49ers,SF,Levi's Stadium,Levi's Stadium,Levi's Stadium,Levi's Stadium,home_team_primary_stadium,,United States,False,False,71836,1,True,True,True,True,
2025_REG_18_ARI_LAR_20260104,2025,REG,18,2026-01-04,16:25,ARI,Arizona Cardinals,ARI,LAR,Los Angeles Rams,LA,SoFi Stadium,SoFi Stadium,SoFi Stadium,SoFi Stadium,home_team_primary_stadium,,United States,False,False,72004,1,True,True,True,True,
2025_REG_18_BAL_PIT_20260104,2025,REG,18,2026-01-04,20:20,BAL,Baltimore Ravens,BAL,PIT,Pittsburgh Steelers,PIT,Acrisure Stadium,Acrisure Stadium,Acrisure Stadium,Acrisure Stadium,home_team_primary_stadium,,United States,False,False,65400,1,True,True,True,True,
2025_REG_18_CLE_CIN_20260104,2025,REG,18,2026-01-04,13:00,CLE,Cleveland Browns,CLE,CIN,Cincinnati Bengals,CIN,Paycor Stadium,Paycor Stadium,Paycor Stadium,Paycor Stadium,home_team_primary_stadium,,United States,False,False,62230,1,True,True,True,True,
2025_REG_18_DAL_NYG_20260104,2025,REG,18,2026-01-04,13:00,DAL,Dallas Cowboys,DAL,NYG,New York Giants,NYG,MetLife Stadium,MetLife Stadium,MetLife Stadium,MetLife Stadium,home_team_primary_stadium,,United States,False,False,74395,1,True,True,True,True,
2025_REG_18_DET_CHI_20260104,2025,REG,18,2026-01-04,16:25,DET,Detroit Lions,DET,CHI,Chicago Bears,CHI,Soldier Field,Soldier Field,Soldier Field,Soldier Field,home_team_primary_stadium,,United States,False,False,57036,1,True,True,True,True,
2025_REG_18_GB_MIN_20260104,2025,REG,18,2026-01-04,13:00,GB,Green Bay Packers,GB,MIN,Minnesota Vikings,MIN,U.S. Bank Stadium,U.S. Bank Stadium,U.S. Bank Stadium,U.S. Bank Stadium,home_team_primary_stadium,,United States,False,False,66606,1,True,True,True,True,
2025_REG_18_IND_HOU_20260104,2025,REG,18,2026-01-04,13:00,IND,Indianapolis Colts,IND,HOU,Houston Texans,HOU,NRG Stadium,NRG Stadium,NRG Stadium,NRG Stadium,home_team_primary_stadium,,United States,False,False,71133,1,True,True,True,True,
2025_REG_18_KC_LV_20260104,2025,REG,18,2026-01-04,16:25,KC,Kansas City Chiefs,KC,LV,Las Vegas Raiders,LV,Allegiant Stadium,Allegiant Stadium,Allegiant Stadium,Allegiant Stadium,home_team_primary_stadium,,United States,False,False,61780,1,True,True,True,True,
2025_REG_18_LAC_DEN_20260104,2025,REG,18,2026-01-04,16:25,LAC,Los Angeles Chargers,LAC,DEN,Denver Broncos,DEN,Empower Field at Mile High,Empower Field at Mile High,Empower Field at Mile High,Empower Field at Mile High,home_team_primary_stadium,,United States,False,False,76821,1,True,True,True,True,
2025_REG_18_MIA_NE_20260104,2025,REG,18,2026-01-04,16:25,MIA,Miami Dolphins,MIA,NE,New England Patriots,NE,Gillette Stadium,Gillette Stadium,Gillette Stadium,Gillette Stadium,home_team_primary_stadium,,United States,False,False,64628,1,True,True,True,True,
2025_REG_18_NO_ATL_20260104,2025,REG,18,2026-01-04,13:00,NO,New Orleans Saints,NO,ATL,Atlanta Falcons,ATL,Mercedes-Benz Stadium,Mercedes-Benz Stadium,Mercedes-Benz Stadium,Mercedes-Benz Stadium,home_team_primary_stadium,,United States,False,False,69512,1,True,True,True,True,
2025_REG_18_NYJ_BUF_20260104,2025,REG,18,2026-01-04,16:25,NYJ,New York Jets,NYJ,BUF,Buffalo Bills,BUF,Highmark Stadium,New Era Field,Highmark Stadium,Highmark Stadium,home_team_primary_stadium,,United States,False,False,70944,1,True,True,True,True,
2025_REG_18_TEN_JAX_20260104,2025,REG,18,2026-01-04,13:00,TEN,Tennessee Titans,TEN,JAX,Jacksonville Jaguars,JAX,TIAA Bank Stadium,TIAA Bank Stadium,EverBank Stadium,TIAA Bank Stadium,actual_game_venue,,United States,True,False,66015,1,True,True,True,True,
2025_REG_18_WSH_PHI_20260104,2025,REG,18,2026-01-04,16:25,WSH,Washington Commanders,WAS,PHI,Philadelphia Eagles,PHI,Lincoln Financial Field,Lincoln Financial Field,Lincoln Financial Field,Lincoln Financial Field,home_team_primary_stadium,,United States,False,False,69879,1,True,True,True,True,
2025_POST_19_GB_CHI_20260110,2025,POST,19,2026-01-10,20:00,GB,Green Bay Packers,GB,CHI,Chicago Bears,CHI,Soldier Field,Soldier Field,Soldier Field,Soldier Field,home_team_primary_stadium,,United States,False,False,,,True,False,False,False,season_week_not_found_in_attendance
2025_POST_19_LAR_CAR_20260110,2025,POST,19,2026-01-10,16:30,LAR,Los Angeles Rams,LA,CAR,Carolina Panthers,CAR,Bank of America Stadium,Bank of America Stadium,Bank of America Stadium,Bank of America Stadium,home_team_primary_stadium,,United States,False,False,,,True,False,False,False,season_week_not_found_in_attendance
2025_POST_19_BUF_JAX_20260111,2025,POST,19,2026-01-11,13:00,BUF,Buffalo Bills,BUF,JAX,Jacksonville Jaguars,JAX,TIAA Bank Stadium,TIAA Bank Stadium,EverBank Stadium,TIAA Bank Stadium,actual_game_venue,,United States,True,False,,,True,False,False,False,season_week_not_found_in_attendance
2025_POST_19_LAC_NE_20260111,2025,POST,19,2026-01-11,20:00,LAC,Los Angeles Chargers,LAC,NE,New England Patriots,NE,Gillette Stadium,Gillette Stadium,Gillette Stadium,Gillette Stadium,home_team_primary_stadium,,United States,False,False,,,True,False,False,False,season_week_not_found_in_attendance
2025_POST_19_SF_PHI_20260111,2025,POST,19,2026-01-11,16:30,SF,San Francisco 49ers,SF,PHI,Philadelphia Eagles,PHI,Lincoln Financial Field,Lincoln Financial Field,Lincoln Financial Field,Lincoln Financial Field,home_team_primary_stadium,,United States,False,False,,,True,False,False,False,season_week_not_found_in_attendance
2025_POST_19_HOU_PIT_20260112,2025,POST,19,2026-01-12,20:00,HOU,Houston Texans,HOU,PIT,Pittsburgh Steelers,PIT,Acrisure Stadium,Acrisure Stadium,Acrisure Stadium,Acrisure Stadium,home_team_primary_stadium,,United States,False,False,,,True,False,False,False,season_week_not_found_in_attendance
2025_POST_20_BUF_DEN_20260117,2025,POST,20,2026-01-17,16:30,BUF,Buffalo Bills,BUF,DEN,Denver Broncos,DEN,Empower Field at Mile High,Empower Field at Mile High,Empower Field at Mile High,Empower Field at Mile High,home_team_primary_stadium,,United States,False,False,,,True,False,False,False,season_week_not_found_in_attendance
2025_POST_20_SF_SEA_20260117,2025,POST,20,2026-01-17,20:00,SF,San Francisco 49ers,SF,SEA,Seattle Seahawks,SEA,Lumen Field,Lumen Field,Lumen Field,Lumen Field,home_team_primary_stadium,,United States,False,False,,,True,False,False,False,season_week_not_found_in_attendance
2025_POST_20_HOU_NE_20260118,2025,POST,20,2026-01-18,15:00,HOU,Houston Texans,HOU,NE,New England Patriots,NE,Gillette Stadium,Gillette Stadium,Gillette Stadium,Gillette Stadium,home_team_primary_stadium,,United States,False,False,,,True,False,False,False,season_week_not_found_in_attendance
2025_POST_20_LAR_CHI_20260118,2025,POST,20,2026-01-18,18:30,LAR,Los Angeles Rams,LA,CHI,Chicago Bears,CHI,Soldier Field,Soldier Field,Soldier Field,Soldier Field,home_team_primary_stadium,,United States,False,False,,,True,False,False,False,season_week_not_found_in_attendance
2025_CON_21_LAR_SEA_20260125,2025,CON,21,2026-01-25,18:30,LAR,Los Angeles Rams,LA,SEA,Seattle Seahawks,SEA,Lumen Field,Lumen Field,Lumen Field,Lumen Field,home_team_primary_stadium,,United States,False,False,,,True,False,False,False,season_week_not_found_in_attendance
2025_CON_21_NE_DEN_20260125,2025,CON,21,2026-01-25,15:00,NE,New England Patriots,NE,DEN,Denver Broncos,DEN,Empower Field at Mile High,Empower Field at Mile High,Empower Field at Mile High,Empower Field at Mile High,home_team_primary_stadium,,United States,False,False,,,True,False,False,False,season_week_not_found_in_attendance
2025_POST_22_SEA_NE_20260208,2025,POST,22,2026-02-08,18:30,SEA,Seattle Seahawks,SEA,NE,New England Patriots,NE,Levi's Stadium,Levi's Stadium,Gillette Stadium,Levi's Stadium,actual_game_venue,,United States,True,False,,,True,False,False,False,season_week_not_found_in_attendance
