game_id,season,week,game_type,attendance,temperature,precipitation,wind_speed,home_team_win_pct,away_team_win_pct,weekend_flag,holiday_flag,indoor_flag,holiday_before_flag,holiday_after_flag,holiday_adjacent_flag,divisional_game_flag,rivalry_flag,primetime_flag,week_of_season,month,home_rest_days,away_rest_days,weather_condition,severe_weather_flag,home_prior_season_win_pct,away_prior_season_win_pct,neutral_site_flag,international_flag
2015_REG_01_BAL_DEN_20150913,2015,1,REG,76798.0,71.2,0.0,9.4,,,True,False,False,False,False,False,False,False,False,1,9,,,WMO_3,False,,,False,False
2015_REG_01_CAR_JAX_20150913,2015,1,REG,60733.0,74.9,0.024,6.3,,,True,False,False,False,False,False,False,False,False,1,9,,,WMO_51|PRECIP,False,,,False,False
2015_REG_01_CIN_LV_20150913,2015,1,REG,54500.0,69.7,0.0,9.6,,,True,False,False,False,False,False,False,False,False,1,9,,,WMO_3,False,,,False,False
2015_REG_01_CLE_NYJ_20150913,2015,1,REG,78160.0,68.4,0.35,9.9,,,True,False,False,False,False,False,False,False,False,1,9,,,WMO_63|PRECIP,False,,,False,False
2015_REG_01_DET_LAC_20150913,2015,1,REG,66093.0,78.4,0.0,10.4,,,True,False,False,False,False,False,False,False,False,1,9,,,WMO_0,False,,,False,False
2015_REG_01_GB_CHI_20150913,2015,1,REG,62442.0,58.9,0.0,7.7,,,True,False,False,False,False,False,False,False,False,1,9,,,WMO_2,False,,,False,False
2015_REG_01_IND_BUF_20150913,2015,1,REG,70319.0,54.6,0.839,13.7,,,True,False,False,False,False,False,False,False,False,1,9,,,WMO_61|PRECIP,True,,,False,False
2015_REG_01_KC_HOU_20150913,2015,1,REG,71776.0,,,,,,True,False,True,False,False,False,False,False,False,1,9,,,,False,,,False,False
2015_REG_01_MIA_WSH_20150913,2015,1,REG,76512.0,65.2,0.043,10.4,,,True,False,False,False,False,False,False,False,False,1,9,,,WMO_55|PRECIP,False,,,False,False
2015_REG_01_MIN_SF_20150914,2015,1,REG,70499.0,66.6,0.004,9.9,,,False,False,False,False,False,False,False,False,False,1,9,,,WMO_51|PRECIP,False,,,False,False
2015_REG_01_NO_ARI_20150913,2015,1,REG,62903.0,,,,,,True,False,True,False,False,False,False,False,False,1,9,,,,False,,,False,False
2015_REG_01_NYG_DAL_20150913,2015,1,REG,93579.0,,,,,,True,False,True,False,False,False,False,False,False,1,9,,,,False,,,False,False
2015_REG_01_PHI_ATL_20150914,2015,1,REG,70516.0,,,,,,False,False,True,False,False,False,False,False,False,1,9,,,,False,,,False,False
2015_REG_01_PIT_NE_20150910,2015,1,REG,66829.0,72.5,0.488,9.6,,,False,False,False,False,False,False,False,False,False,1,9,,,WMO_61|PRECIP,False,,,False,False
2015_REG_01_SEA_LAR_20150913,2015,1,REG,51792.0,,,,,,True,False,True,False,False,False,False,False,False,1,9,,,,False,,,False,False
2015_REG_01_TEN_TB_20150913,2015,1,REG,63945.0,78.2,0.339,8.7,,,True,False,False,False,False,False,False,False,False,1,9,,,WMO_61|PRECIP,False,,,False,False
2015_REG_02_ARI_CHI_20150920,2015,2,REG,62351.0,62.8,0.0,6.1,0.0,1.0,True,False,False,False,False,False,False,False,False,2,9,6.0,6.0,WMO_2,False,,,False,False
2015_REG_02_ATL_NYG_20150920,2015,2,REG,77678.0,70.0,0.0,11.4,0.0,1.0,True,False,False,False,False,False,False,False,False,2,9,6.0,5.0,WMO_2,False,,,False,False
2015_REG_02_BAL_LV_20150920,2015,2,REG,53500.0,77.7,0.0,5.1,0.0,0.0,True,False,False,False,False,False,False,False,False,2,9,6.0,6.0,WMO_0,False,,,False,False
2015_REG_02_DAL_PHI_20150920,2015,2,REG,69296.0,71.6,0.0,10.8,0.0,1.0,True,False,False,False,False,False,False,False,False,2,9,5.0,6.0,WMO_2,False,,,False,False
2015_REG_02_DEN_KC_20150917,2015,2,REG,76404.0,80.0,0.0,16.9,1.0,1.0,False,False,False,False,False,False,False,False,False,2,9,3.0,3.0,WMO_3,False,,,False,False
2015_REG_02_DET_MIN_20150920,2015,2,REG,52319.0,60.8,0.008,13.0,0.0,0.0,True,False,False,False,False,False,False,False,False,2,9,5.0,6.0,WMO_51|PRECIP,False,,,False,False
2015_REG_02_HOU_CAR_20150920,2015,2,REG,73254.0,77.5,0.0,5.2,1.0,0.0,True,False,False,False,False,False,False,False,False,2,9,6.0,6.0,WMO_3,False,,,False,False
2015_REG_02_LAC_CIN_20150920,2015,2,REG,57579.0,65.3,0.0,9.1,1.0,1.0,True,False,False,False,False,False,False,False,False,2,9,6.0,6.0,WMO_3,False,,,False,False
2015_REG_02_LAR_WSH_20150920,2015,2,REG,72460.0,71.3,0.173,11.7,0.0,1.0,True,False,False,False,False,False,False,False,False,2,9,6.0,6.0,WMO_61|PRECIP,False,,,False,False
2015_REG_02_MIA_JAX_20150920,2015,2,REG,65443.0,78.2,0.008,5.2,0.0,1.0,True,False,False,False,False,False,False,False,False,2,9,6.0,6.0,WMO_51|PRECIP,False,,,False,False
2015_REG_02_NE_BUF_20150920,2015,2,REG,70858.0,58.7,0.024,9.7,1.0,1.0,True,False,False,False,False,False,False,False,False,2,9,6.0,9.0,WMO_53|PRECIP,False,,,False,False
2015_REG_02_NYJ_IND_20150921,2015,2,REG,65220.0,,,,0.0,1.0,False,False,True,False,False,False,False,False,False,2,9,7.0,7.0,,False,,,False,False
2015_REG_02_SEA_GB_20150920,2015,2,REG,78433.0,59.8,0.0,7.9,1.0,0.0,True,False,False,False,False,False,False,False,False,2,9,6.0,6.0,WMO_3,False,,,False,False
2015_REG_02_SF_PIT_20150920,2015,2,REG,66472.0,62.7,0.087,12.3,0.0,1.0,True,False,False,False,False,False,False,False,False,2,9,9.0,5.0,WMO_55|PRECIP,False,,,False,False
2015_REG_02_TB_NO_20150920,2015,2,REG,73006.0,,,,0.0,0.0,True,False,True,False,False,False,False,False,False,2,9,6.0,6.0,,False,,,False,False
2015_REG_02_TEN_CLE_20150920,2015,2,REG,67431.0,61.2,0.0,11.9,0.0,1.0,True,False,False,False,False,False,False,False,False,2,9,6.0,6.0,WMO_3,False,,,False,False
2015_REG_03_ATL_DAL_20150927,2015,3,REG,90345.0,,,,1.0,1.0,True,False,True,False,False,False,False,False,False,3,9,6.0,6.0,,False,,,False,False
2015_REG_03_BUF_MIA_20150927,2015,3,REG,64869.0,81.1,0.15,5.3,0.5,0.5,True,False,False,False,False,False,False,False,False,3,9,6.0,6.0,WMO_61|PRECIP,False,,,False,False
2015_REG_03_CHI_SEA_20150927,2015,3,REG,69002.0,52.9,0.0,9.0,0.0,0.0,True,False,False,False,False,False,False,False,False,3,9,6.0,6.0,WMO_1,False,,,False,False
2015_REG_03_CIN_BAL_20150927,2015,3,REG,70970.0,65.5,0.004,14.7,0.0,1.0,True,False,False,False,False,False,False,False,False,3,9,6.0,6.0,WMO_51|PRECIP,False,,,False,False
2015_REG_03_DEN_DET_20150927,2015,3,REG,62920.0,,,,0.0,1.0,True,False,True,False,False,False,False,False,False,3,9,6.0,9.0,,False,,,False,False
2015_REG_03_IND_TEN_20150927,2015,3,REG,65920.0,70.0,0.106,6.7,0.5,0.0,True,False,False,False,False,False,False,False,False,3,9,6.0,5.0,WMO_51|PRECIP,False,,,False,False
2015_REG_03_JAX_NE_20150927,2015,3,REG,66829.0,56.6,0.0,6.6,1.0,0.5,True,False,False,False,False,False,False,False,False,3,9,6.0,6.0,WMO_3,False,,,False,False
2015_REG_03_KC_GB_20150928,2015,3,REG,78214.0,69.9,0.016,11.7,1.0,0.5,False,False,False,False,False,False,False,False,False,3,9,7.0,10.0,WMO_51|PRECIP,False,,,False,False
2015_REG_03_LAC_MIN_20150927,2015,3,REG,52400.0,68.8,0.0,12.9,0.5,0.5,True,False,False,False,False,False,False,False,False,3,9,6.0,6.0,WMO_0,False,,,False,False
2015_REG_03_LV_CLE_20150927,2015,3,REG,67431.0,66.2,0.0,11.1,0.5,0.5,True,False,False,False,False,False,False,False,False,3,9,6.0,6.0,WMO_3,False,,,False,False
2015_REG_03_NO_CAR_20150927,2015,3,REG,73402.0,64.2,0.26,13.8,1.0,0.0,True,False,False,False,False,False,False,False,False,3,9,6.0,6.0,WMO_53|PRECIP,False,,,False,False
2015_REG_03_PHI_NYJ_20150927,2015,3,REG,78160.0,61.5,0.0,7.4,1.0,0.0,True,False,False,False,False,False,False,False,False,3,9,5.0,6.0,WMO_3,False,,,False,False
2015_REG_03_PIT_LAR_20150927,2015,3,REG,52433.0,,,,0.5,0.5,True,False,True,False,False,False,False,False,False,3,9,6.0,6.0,,False,,,False,False
2015_REG_03_SF_ARI_20150927,2015,3,REG,63663.0,,,,1.0,0.5,True,False,True,False,False,False,False,False,False,3,9,6.0,6.0,,False,,,False,False
2015_REG_03_TB_HOU_20150927,2015,3,REG,71718.0,,,,0.0,0.5,True,False,True,False,False,False,False,False,False,3,9,6.0,6.0,,False,,,False,False
2015_REG_03_WSH_NYG_20150924,2015,3,REG,76081.0,65.9,0.0,7.9,0.0,0.5,False,False,False,False,False,False,False,False,False,3,9,3.0,3.0,WMO_2,False,,,False,False
2015_REG_04_BAL_PIT_20151001,2015,4,REG,63929.0,57.2,0.0,9.5,0.6666666666666666,0.0,False,False,False,False,False,False,False,False,False,4,10,3.0,3.0,WMO_3,False,,,False,False
2015_REG_04_CAR_TB_20151004,2015,4,REG,57468.0,71.6,0.102,11.7,0.3333333333333333,1.0,True,False,False,False,False,False,False,False,False,4,10,6.0,6.0,WMO_61|PRECIP,False,,,False,False
2015_REG_04_CLE_LAC_20151004,2015,4,REG,63710.0,69.2,0.22,12.0,0.3333333333333333,0.3333333333333333,True,False,False,False,False,False,False,False,False,4,10,6.0,6.0,WMO_61|PRECIP,False,,,False,False
2015_REG_04_DAL_NO_20151004,2015,4,REG,73009.0,,,,0.0,0.6666666666666666,True,False,True,False,False,False,False,False,False,4,10,6.0,6.0,,False,,,False,False
2015_REG_04_DET_SEA_20151005,2015,4,REG,69005.0,58.2,0.0,6.5,0.3333333333333333,0.0,False,False,False,False,False,False,False,False,False,4,10,7.0,7.0,WMO_3,False,,,False,False
2015_REG_04_GB_SF_20151004,2015,4,REG,70799.0,60.7,0.004,11.4,0.3333333333333333,1.0,True,False,False,False,False,False,False,False,False,4,10,6.0,5.0,WMO_51|PRECIP,False,,,False,False
2015_REG_04_HOU_ATL_20151004,2015,4,REG,69904.0,,,,1.0,0.3333333333333333,True,False,True,False,False,False,False,False,False,4,10,6.0,6.0,,False,,,False,False
2015_REG_04_JAX_IND_20151004,2015,4,REG,65609.0,,,,0.3333333333333333,0.3333333333333333,True,False,True,False,False,False,False,False,False,4,10,6.0,6.0,,False,,,False,False
2015_REG_04_KC_CIN_20151004,2015,4,REG,57498.0,60.8,0.091,9.1,1.0,0.3333333333333333,True,False,False,False,False,False,False,False,False,4,10,6.0,5.0,WMO_53|PRECIP,False,,,False,False
2015_REG_04_LAR_ARI_20151004,2015,4,REG,63146.0,,,,1.0,0.3333333333333333,True,False,True,False,False,False,False,False,False,4,10,6.0,6.0,,False,,,False,False
2015_REG_04_LV_CHI_20151004,2015,4,REG,62409.0,52.1,0.008,17.8,0.0,0.6666666666666666,True,False,False,False,False,False,False,False,False,4,10,6.0,6.0,WMO_51|PRECIP,False,,,False,False
2015_REG_04_MIN_DEN_20151004,2015,4,REG,77029.0,55.8,0.169,9.7,1.0,0.6666666666666666,True,False,False,False,False,False,False,False,False,4,10,6.0,6.0,WMO_61|PRECIP,False,,,False,False
2015_REG_04_NYG_BUF_20151004,2015,4,REG,70677.0,51.9,0.031,12.1,0.6666666666666666,0.3333333333333333,True,False,False,False,False,False,False,False,False,4,10,6.0,9.0,WMO_51|PRECIP,False,,,False,False
2015_REG_04_NYJ_MIA_20151004,2015,4,REG,83986.0,54.2,0.0,10.6,0.3333333333333333,0.6666666666666666,True,False,False,False,False,False,False,False,False,4,10,6.0,6.0,WMO_3,False,,,False,False
2015_REG_04_PHI_WSH_20151004,2015,4,REG,74767.0,57.5,0.008,16.8,0.3333333333333333,0.3333333333333333,True,False,False,False,False,False,False,False,False,4,10,9.0,6.0,WMO_51|PRECIP,True,,,False,False
2015_REG_05_ARI_DET_20151011,2015,5,REG,60816.0,,,,0.0,0.75,True,False,True,True,False,True,False,False,False,5,10,5.0,6.0,,False,,,False,False
2015_REG_05_BUF_TEN_20151011,2015,5,REG,65670.0,60.8,0.0,4.1,0.3333333333333333,0.5,True,False,False,True,False,True,False,False,False,5,10,13.0,6.0,WMO_3,False,,,False,False
2015_REG_05_CHI_KC_20151011,2015,5,REG,75799.0,66.3,0.0,11.5,0.25,0.25,True,False,False,True,False,True,False,False,False,5,10,6.0,6.0,WMO_3,False,,,False,False
2015_REG_05_CLE_BAL_20151011,2015,5,REG,71046.0,57.2,0.0,5.8,0.25,0.25,True,False,False,True,False,True,False,False,False,5,10,9.0,6.0,WMO_3,False,,,False,False
2015_REG_05_DEN_LV_20151011,2015,5,REG,54500.0,66.5,0.0,9.4,0.5,1.0,True,False,False,True,False,True,False,False,False,5,10,6.0,6.0,WMO_3,False,,,False,False
2015_REG_05_IND_HOU_20151008,2015,5,REG,71732.0,,,,0.25,0.5,False,False,True,False,False,False,False,False,False,5,10,3.0,3.0,,False,,,False,False
2015_REG_05_JAX_TB_20151011,2015,5,REG,58490.0,75.8,0.008,10.9,0.25,0.25,True,False,False,True,False,True,False,False,False,5,10,6.0,6.0,WMO_51|PRECIP,False,,,False,False
2015_REG_05_LAR_GB_20151011,2015,5,REG,78432.0,62.0,0.0,15.0,1.0,0.5,True,False,False,True,False,True,False,False,False,5,10,6.0,6.0,WMO_3,False,,,False,False
2015_REG_05_NE_DAL_20151011,2015,5,REG,93054.0,,,,0.5,1.0,True,False,True,True,False,True,False,False,False,5,10,6.0,13.0,,False,,,False,False
2015_REG_05_NO_PHI_20151011,2015,5,REG,69296.0,56.1,0.0,5.7,0.25,0.25,True,False,False,True,False,True,False,False,False,5,10,6.0,6.0,WMO_3,False,,,False,False
2015_REG_05_PIT_LAC_20151012,2015,5,REG,67658.0,79.2,0.0,6.8,0.5,0.5,False,True,False,False,False,False,False,False,False,5,10,7.0,10.0,WMO_3,False,,,False,False
2015_REG_05_SEA_CIN_20151011,2015,5,REG,65004.0,58.6,0.0,6.2,1.0,0.5,True,False,False,True,False,True,False,False,False,5,10,6.0,5.0,WMO_3,False,,,False,False
2015_REG_05_SF_NYG_20151011,2015,5,REG,78515.0,55.0,0.0,7.2,0.5,0.25,True,False,False,True,False,True,False,False,False,5,10,6.0,6.0,WMO_3,False,,,False,False
2015_REG_05_WSH_ATL_20151011,2015,5,REG,70178.0,,,,1.0,0.5,True,False,True,True,False,True,False,False,False,5,10,6.0,6.0,,False,,,False,False
2015_REG_06_ARI_PIT_20151018,2015,6,REG,63846.0,39.6,0.043,12.7,0.6,0.8,True,False,False,False,False,False,False,False,False,6,10,5.0,6.0,WMO_51|PRECIP,False,,,False,False
2015_REG_06_ATL_NO_20151015,2015,6,REG,73018.0,,,,0.2,1.0,False,False,True,False,False,False,False,False,False,6,10,3.0,3.0,,False,,,False,False
2015_REG_06_BAL_SF_20151018,2015,6,REG,70799.0,62.5,0.004,8.6,0.2,0.2,True,False,False,False,False,False,False,False,False,6,10,6.0,6.0,WMO_51|PRECIP,False,,,False,False
2015_REG_06_CAR_SEA_20151018,2015,6,REG,69020.0,57.9,0.138,5.7,0.4,1.0,True,False,False,False,False,False,False,False,False,6,10,6.0,13.0,WMO_53|PRECIP,False,,,False,False
2015_REG_06_CHI_DET_20151018,2015,6,REG,57648.0,,,,0.0,0.4,True,False,True,False,False,False,False,False,False,6,10,6.0,6.0,,False,,,False,False
2015_REG_06_CIN_BUF_20151018,2015,6,REG,69593.0,37.4,0.067,7.0,0.6,1.0,True,False,False,False,False,False,False,False,False,6,10,6.0,6.0,WMO_71|SNOW,True,,,False,False
2015_REG_06_DEN_CLE_20151018,2015,6,REG,67431.0,42.9,0.039,15.4,0.4,1.0,True,False,False,False,False,False,False,False,False,6,10,6.0,6.0,WMO_51|PRECIP,False,,,False,False
2015_REG_06_HOU_JAX_20151018,2015,6,REG,58085.0,67.0,0.0,16.5,0.2,0.2,True,False,False,False,False,False,False,False,False,6,10,6.0,9.0,WMO_3,False,,,False,False
2015_REG_06_KC_MIN_20151018,2015,6,REG,52480.0,45.2,0.0,14.3,0.5,0.2,True,False,False,False,False,False,False,False,False,6,10,13.0,6.0,WMO_0,False,,,False,False
2015_REG_06_LAC_GB_20151018,2015,6,REG,78434.0,40.2,0.0,7.4,1.0,0.4,True,False,False,False,False,False,False,False,False,6,10,6.0,5.0,WMO_3,False,,,False,False
2015_REG_06_MIA_TEN_20151018,2015,6,REG,62342.0,49.8,0.0,7.3,0.25,0.25,True,False,False,False,False,False,False,False,False,6,10,6.0,13.0,WMO_0,False,,,False,False
2015_REG_06_NE_IND_20151018,2015,6,REG,66726.0,,,,0.6,1.0,True,False,True,False,False,False,False,False,False,6,10,9.0,6.0,,False,,,False,False
2015_REG_06_NYG_PHI_20151019,2015,6,REG,69296.0,41.5,0.0,7.6,0.4,0.6,False,False,False,False,False,False,False,False,False,6,10,7.0,7.0,WMO_0,False,,,False,False
2015_REG_06_WSH_NYJ_20151018,2015,6,REG,78160.0,42.8,0.0,13.0,0.75,0.4,True,False,False,False,False,False,False,False,False,6,10,13.0,6.0,WMO_2,False,,,False,False
2015_REG_07_ATL_TEN_20151025,2015,7,REG,63329.0,61.9,0.154,8.8,0.2,0.8333333333333334,True,False,False,False,False,False,False,False,False,7,10,6.0,9.0,WMO_53|PRECIP,False,,,False,False
2015_REG_07_BAL_ARI_20151026,2015,7,REG,64722.0,,,,0.6666666666666666,0.1666666666666666,False,False,True,False,False,False,False,False,False,7,10,7.0,7.0,,False,,,False,False
2015_REG_07_BUF_JAX_20151025,2015,7,REG,84021.0,45.4,0.0,7.7,0.1666666666666666,0.5,True,False,False,False,False,False,False,False,False,7,10,6.0,6.0,WMO_3,False,,,False,False
2015_REG_07_CLE_LAR_20151025,2015,7,REG,51523.0,,,,0.4,0.3333333333333333,True,False,True,False,False,False,False,False,False,7,10,13.0,6.0,,False,,,False,False
2015_REG_07_DAL_NYG_20151025,2015,7,REG,80319.0,56.2,0.004,11.2,0.5,0.4,True,False,False,False,False,False,False,False,False,7,10,5.0,13.0,WMO_51|PRECIP,False,,,False,False
2015_REG_07_HOU_MIA_20151025,2015,7,REG,65251.0,78.5,0.016,11.9,0.4,0.3333333333333333,True,False,False,False,False,False,False,False,False,7,10,6.0,6.0,WMO_51|PRECIP,False,,,False,False
2015_REG_07_LV_LAC_20151025,2015,7,REG,67542.0,72.1,0.0,7.7,0.3333333333333333,0.4,True,False,False,False,False,False,False,False,False,7,10,6.0,13.0,WMO_3,False,,,False,False
2015_REG_07_MIN_DET_20151025,2015,7,REG,60231.0,,,,0.1666666666666666,0.6,True,False,True,False,False,False,False,False,False,7,10,6.0,6.0,,False,,,False,False
2015_REG_07_NO_IND_20151025,2015,7,REG,66420.0,,,,0.5,0.3333333333333333,True,False,True,False,False,False,False,False,False,7,10,6.0,9.0,,False,,,False,False
2015_REG_07_NYJ_NE_20151025,2015,7,REG,66829.0,52.3,0.008,10.0,1.0,0.8,True,False,False,False,False,False,False,False,False,7,10,6.0,6.0,WMO_51|PRECIP,False,,,False,False
2015_REG_07_PHI_CAR_20151025,2015,7,REG,74194.0,64.9,0.0,6.3,1.0,0.5,True,False,False,False,False,False,False,False,False,7,10,6.0,5.0,WMO_3,False,,,False,False
2015_REG_07_PIT_KC_20151025,2015,7,REG,76365.0,54.7,0.0,6.7,0.1666666666666666,0.6666666666666666,True,False,False,False,False,False,False,False,False,7,10,6.0,6.0,WMO_3,False,,,False,False
2015_REG_07_SEA_SF_20151022,2015,7,REG,70799.0,68.2,0.0,5.0,0.3333333333333333,0.3333333333333333,False,False,False,False,False,False,False,False,False,7,10,3.0,3.0,WMO_0,False,,,False,False
2015_REG_07_TB_WSH_20151025,2015,7,REG,72912.0,59.3,0.071,10.4,0.3333333333333333,0.4,True,False,False,False,False,False,False,False,False,7,10,6.0,13.0,WMO_53|PRECIP,False,,,False,False
2015_REG_08_ARI_CLE_20151101,2015,8,REG,67431.0,55.8,0.059,17.4,0.2857142857142857,0.7142857142857143,True,False,False,False,False,False,False,False,False,8,11,6.0,5.0,WMO_51|PRECIP,False,,,False,False
2015_REG_08_CIN_PIT_20151101,2015,8,REG,64750.0,55.6,0.126,11.0,0.5714285714285714,1.0,True,False,False,False,False,False,False,False,False,8,11,6.0,13.0,WMO_53|PRECIP,False,,,False,False
2015_REG_08_DET_KC_20151101,2015,8,REG,83624.0,48.0,0.0,4.6,0.2857142857142857,0.1428571428571428,True,False,False,False,False,False,False,False,False,8,11,6.0,6.0,WMO_3,False,,,False,False
2015_REG_08_GB_DEN_20151101,2015,8,REG,77075.0,51.2,0.0,7.9,1.0,1.0,True,False,False,False,False,False,False,False,False,8,11,13.0,13.0,WMO_2,False,,,False,False
2015_REG_08_IND_CAR_20151102,2015,8,REG,74136.0,60.5,2.87,8.6,1.0,0.4285714285714285,False,False,False,False,False,False,False,False,False,8,11,7.0,7.0,WMO_65|PRECIP,True,,,False,False
2015_REG_08_LAC_BAL_20151101,2015,8,REG,70829.0,57.3,0.051,12.8,0.1428571428571428,0.2857142857142857,True,False,False,False,False,False,False,False,False,8,11,5.0,6.0,WMO_51|PRECIP,False,,,False,False
2015_REG_08_MIA_NE_20151029,2015,8,REG,66829.0,63.2,1.031,18.0,1.0,0.5,False,False,False,False,False,False,False,False,False,8,10,3.0,3.0,WMO_63|PRECIP,True,,,False,False
2015_REG_08_MIN_CHI_20151101,2015,8,REG,62311.0,52.9,0.028,13.9,0.3333333333333333,0.6666666666666666,True,False,False,False,False,False,False,False,False,8,11,13.0,6.0,WMO_53|PRECIP,False,,,False,False
2015_REG_08_NYG_NO_20151101,2015,8,REG,73019.0,,,,0.4285714285714285,0.5714285714285714,True,False,True,False,False,False,False,False,False,8,11,6.0,6.0,,False,,,False,False
2015_REG_08_NYJ_LV_20151101,2015,8,REG,54700.0,63.8,0.004,8.1,0.5,0.6666666666666666,True,False,False,False,False,False,False,False,False,8,11,6.0,6.0,WMO_51|PRECIP,False,,,False,False
2015_REG_08_SEA_DAL_20151101,2015,8,REG,91486.0,,,,0.3333333333333333,0.4285714285714285,True,False,True,False,False,False,False,False,False,8,11,6.0,9.0,,False,,,False,False
2015_REG_08_SF_LAR_20151101,2015,8,REG,51207.0,,,,0.5,0.2857142857142857,True,False,True,False,False,False,False,False,False,8,11,6.0,9.0,,False,,,False,False
2015_REG_08_TB_ATL_20151101,2015,8,REG,70524.0,,,,0.8571428571428571,0.3333333333333333,True,False,True,False,False,False,False,False,False,8,11,6.0,6.0,,False,,,False,False
2015_REG_08_TEN_HOU_20151101,2015,8,REG,71630.0,,,,0.2857142857142857,0.1666666666666666,True,False,True,False,False,False,False,False,False,8,11,6.0,6.0,,False,,,False,False
2015_REG_09_ATL_SF_20151108,2015,9,REG,70799.0,56.5,0.142,5.2,0.25,0.75,True,False,False,False,False,False,False,False,False,9,11,6.0,6.0,WMO_61|PRECIP,False,,,False,False
2015_REG_09_CHI_LAC_20151109,2015,9,REG,68033.0,62.8,0.008,9.3,0.25,0.2857142857142857,False,False,False,False,False,False,False,False,False,9,11,7.0,7.0,WMO_51|PRECIP,False,,,False,False
2015_REG_09_CLE_CIN_20151105,2015,9,REG,65816.0,65.7,0.0,8.3,1.0,0.25,False,False,False,False,False,False,False,False,False,9,11,3.0,3.0,WMO_3,False,,,False,False
2015_REG_09_DEN_IND_20151108,2015,9,REG,66894.0,,,,0.375,1.0,True,False,True,False,False,False,False,False,False,9,11,5.0,6.0,,False,,,False,False
2015_REG_09_GB_CAR_20151108,2015,9,REG,74461.0,55.3,0.008,11.8,1.0,0.8571428571428571,True,False,False,False,False,False,False,False,False,9,11,5.0,6.0,WMO_51|PRECIP,False,,,False,False
2015_REG_09_JAX_NYJ_20151108,2015,9,REG,78160.0,51.1,0.0,10.9,0.5714285714285714,0.2857142857142857,True,False,False,False,False,False,False,False,False,9,11,6.0,13.0,WMO_3,False,,,False,False
2015_REG_09_LAR_MIN_20151108,2015,9,REG,52406.0,45.7,0.0,14.8,0.7142857142857143,0.5714285714285714,True,False,False,False,False,False,False,False,False,9,11,6.0,6.0,WMO_0,False,,,False,False
2015_REG_09_LV_PIT_20151108,2015,9,REG,65520.0,45.2,0.0,8.2,0.5,0.5714285714285714,True,False,False,False,False,False,False,False,False,9,11,6.0,6.0,WMO_2,False,,,False,False
2015_REG_09_MIA_BUF_20151108,2015,9,REG,70214.0,43.0,0.0,9.4,0.4285714285714285,0.4285714285714285,True,False,False,False,False,False,False,False,False,9,11,13.0,9.0,WMO_2,False,,,False,False
2015_REG_09_NYG_TB_20151108,2015,9,REG,64351.0,78.5,0.008,7.9,0.4285714285714285,0.5,True,False,False,False,False,False,False,False,False,9,11,6.0,6.0,WMO_51|PRECIP,False,,,False,False
2015_REG_09_PHI_DAL_20151108,2015,9,REG,91827.0,,,,0.2857142857142857,0.4285714285714285,True,False,True,False,False,False,False,False,False,9,11,6.0,13.0,,False,,,False,False
2015_REG_09_TEN_NO_20151108,2015,9,REG,73075.0,,,,0.5,0.1428571428571428,True,False,True,False,False,False,False,False,False,9,11,6.0,6.0,,False,,,False,False
2015_REG_09_WSH_NE_20151108,2015,9,REG,66829.0,48.5,0.0,9.8,1.0,0.4285714285714285,True,False,False,False,False,False,False,False,False,9,11,9.0,13.0,WMO_3,False,,,False,False
2015_REG_10_ARI_SEA_20151115,2015,10,REG,69005.0,42.4,1.059,12.5,0.5,0.75,True,False,False,False,False,False,False,False,False,10,11,13.0,13.0,WMO_73|SNOW,True,,,False,False
2015_REG_10_BUF_NYJ_20151112,2015,10,REG,78160.0,51.8,0.15,9.8,0.625,0.5,False,False,False,False,False,False,False,False,False,10,11,3.0,3.0,WMO_55|PRECIP,False,,,False,False
2015_REG_10_CAR_TEN_20151115,2015,10,REG,63591.0,49.1,0.0,5.5,0.25,1.0,True,False,False,False,False,False,False,False,False,10,11,6.0,6.0,WMO_3,False,,,False,False
2015_REG_10_CHI_LAR_20151115,2015,10,REG,58653.0,,,,0.5,0.375,True,False,True,False,False,False,False,False,False,10,11,6.0,5.0,,False,,,False,False
2015_REG_10_CLE_PIT_20151115,2015,10,REG,64402.0,44.2,0.0,8.7,0.5555555555555556,0.2222222222222222,True,False,False,False,False,False,False,False,False,10,11,6.0,9.0,WMO_2,False,,,False,False
2015_REG_10_DAL_TB_20151115,2015,10,REG,64113.0,71.5,0.0,14.0,0.375,0.25,True,False,False,False,False,False,False,False,False,10,11,6.0,6.0,WMO_3,False,,,False,False
2015_REG_10_DET_GB_20151115,2015,10,REG,78526.0,46.7,0.0,10.3,0.75,0.125,True,False,False,False,False,False,False,False,False,10,11,6.0,13.0,WMO_3,False,,,False,False
2015_REG_10_HOU_CIN_20151116,2015,10,REG,61381.0,47.9,0.0,5.8,1.0,0.375,False,False,False,False,False,False,False,False,False,10,11,10.0,14.0,WMO_3,False,,,False,False
2015_REG_10_JAX_BAL_20151115,2015,10,REG,70837.0,45.5,0.0,10.8,0.25,0.25,True,False,False,False,False,False,False,False,False,10,11,13.0,6.0,WMO_3,False,,,False,False
2015_REG_10_KC_DEN_20151115,2015,10,REG,76973.0,36.5,0.0,6.5,0.875,0.375,True,False,False,False,False,False,False,False,False,10,11,6.0,13.0,WMO_3,False,,,False,False
2015_REG_10_MIA_PHI_20151115,2015,10,REG,69596.0,44.2,0.0,10.1,0.5,0.375,True,False,False,False,False,False,False,False,False,10,11,6.0,6.0,WMO_3,False,,,False,False
2015_REG_10_MIN_LV_20151115,2015,10,REG,54700.0,54.5,0.358,21.2,0.5,0.75,True,False,False,False,False,False,False,False,False,10,11,6.0,6.0,WMO_63|PRECIP|WINDY,True,,,False,False
2015_REG_10_NE_NYG_20151115,2015,10,REG,81061.0,44.2,0.0,10.3,0.5555555555555556,1.0,True,False,False,False,False,False,False,False,False,10,11,6.0,6.0,WMO_2,False,,,False,False
2015_REG_10_NO_WSH_20151115,2015,10,REG,75086.0,46.0,0.0,9.4,0.375,0.4444444444444444,True,False,False,False,False,False,False,False,False,10,11,6.0,6.0,WMO_2,False,,,False,False
2015_REG_11_BUF_NE_20151123,2015,11,REG,66829.0,36.8,0.657,11.9,1.0,0.5555555555555556,False,False,False,False,False,False,False,False,False,11,11,7.0,10.0,WMO_73|SNOW,True,,,False,False
2015_REG_11_CIN_ARI_20151122,2015,11,REG,64745.0,,,,0.7777777777777778,0.8888888888888888,True,False,True,False,False,False,False,False,False,11,11,6.0,5.0,,False,,,False,False
2015_REG_11_DAL_MIA_20151122,2015,11,REG,65115.0,75.4,1.063,13.1,0.4444444444444444,0.2222222222222222,True,False,False,False,False,False,False,False,False,11,11,6.0,6.0,WMO_63|PRECIP,True,,,False,False
2015_REG_11_DEN_CHI_20151122,2015,11,REG,62483.0,23.4,0.008,17.1,0.4444444444444444,0.7777777777777778,True,False,False,False,False,False,False,False,False,11,11,6.0,6.0,WMO_71|SNOW,True,,,False,False
2015_REG_11_GB_MIN_20151122,2015,11,REG,52529.0,25.0,0.0,8.7,0.7777777777777778,0.6666666666666666,True,False,False,False,False,False,False,False,False,11,11,6.0,6.0,WMO_71|SNOW,True,,,False,False
2015_REG_11_IND_ATL_20151122,2015,11,REG,70433.0,,,,0.6666666666666666,0.4444444444444444,True,False,True,False,False,False,False,False,False,11,11,13.0,13.0,,False,,,False,False
2015_REG_11_KC_LAC_20151122,2015,11,REG,65837.0,70.2,0.0,8.4,0.2222222222222222,0.4444444444444444,True,False,False,False,False,False,False,False,False,11,11,12.0,6.0,WMO_0,False,,,False,False
2015_REG_11_LAR_BAL_20151122,2015,11,REG,71105.0,46.2,0.0,15.1,0.2222222222222222,0.4444444444444444,True,False,False,False,False,False,False,False,False,11,11,6.0,6.0,WMO_3,False,,,False,False
2015_REG_11_LV_DET_20151122,2015,11,REG,60202.0,,,,0.2222222222222222,0.4444444444444444,True,False,True,False,False,False,False,False,False,11,11,6.0,6.0,,False,,,False,False
2015_REG_11_NYJ_HOU_20151122,2015,11,REG,71718.0,,,,0.4444444444444444,0.5555555555555556,True,False,True,False,False,False,False,False,False,11,11,5.0,9.0,,False,,,False,False
2015_REG_11_SF_SEA_20151122,2015,11,REG,68993.0,36.7,0.0,7.1,0.4444444444444444,0.3333333333333333,True,False,False,False,False,False,False,False,False,11,11,6.0,13.0,WMO_1,False,,,False,False
2015_REG_11_TB_PHI_20151122,2015,11,REG,69596.0,47.3,0.0,11.4,0.4444444444444444,0.4444444444444444,True,False,False,False,False,False,False,False,False,11,11,6.0,6.0,WMO_3,False,,,False,False
2015_REG_11_TEN_JAX_20151119,2015,11,REG,60121.0,73.5,0.15,10.4,0.3333333333333333,0.2222222222222222,False,False,False,False,False,False,False,False,False,11,11,3.0,3.0,WMO_53|PRECIP,False,,,False,False
2015_REG_11_WSH_CAR_20151122,2015,11,REG,74418.0,48.9,0.02,9.7,1.0,0.4444444444444444,True,False,False,False,False,False,False,False,False,11,11,6.0,6.0,WMO_51|PRECIP,False,,,False,False
2015_REG_12_ARI_SF_20151129,2015,12,REG,70799.0,48.0,0.0,5.3,0.3,0.8,True,False,False,False,False,False,False,False,False,12,11,6.0,6.0,WMO_3,False,,,False,False
2015_REG_12_BAL_CLE_20151130,2015,12,REG,64380.0,37.2,0.0,11.6,0.2,0.3,False,False,False,False,False,False,False,False,False,12,11,14.0,7.0,WMO_3,False,,,False,False
2015_REG_12_BUF_KC_20151129,2015,12,REG,72493.0,34.8,0.575,7.9,0.5,0.5,True,False,False,False,False,False,False,False,False,12,11,6.0,5.0,WMO_61|PRECIP,True,,,False,False
2015_REG_12_CAR_DAL_20151126,2015,12,REG,90909.0,,,,0.3,1.0,False,True,True,False,False,False,False,False,False,12,11,3.0,3.0,,False,,,False,False
2015_REG_12_CHI_GB_20151126,2015,12,REG,78488.0,47.4,0.531,12.2,0.7,0.4,False,True,False,False,False,False,False,False,False,12,11,3.0,3.0,WMO_63|PRECIP,True,,,False,False
2015_REG_12_LAC_JAX_20151129,2015,12,REG,59477.0,66.4,0.0,6.3,0.4,0.2,True,False,False,False,False,False,False,False,False,12,11,9.0,6.0,WMO_2,False,,,False,False
2015_REG_12_LAR_CIN_20151129,2015,12,REG,61022.0,43.2,0.406,7.6,0.8,0.4,True,False,False,False,False,False,False,False,False,12,11,6.0,6.0,WMO_55|PRECIP,False,,,False,False
2015_REG_12_LV_TEN_20151129,2015,12,REG,58075.0,58.0,0.909,6.5,0.2,0.4,True,False,False,False,False,False,False,False,False,12,11,9.0,6.0,WMO_63|PRECIP,True,,,False,False
2015_REG_12_MIA_NYJ_20151129,2015,12,REG,78160.0,43.8,0.004,7.6,0.5,0.4,True,False,False,False,False,False,False,False,False,12,11,6.0,6.0,WMO_51|PRECIP,False,,,False,False
2015_REG_12_MIN_ATL_20151129,2015,12,REG,70610.0,,,,0.6,0.7,True,False,True,False,False,False,False,False,False,12,11,6.0,6.0,,False,,,False,False
2015_REG_12_NE_DEN_20151129,2015,12,REG,76970.0,14.3,0.0,3.8,0.8,1.0,True,False,False,False,False,False,False,False,False,12,11,6.0,5.0,WMO_3,True,,,False,False
2015_REG_12_NO_HOU_20151129,2015,12,REG,71778.0,,,,0.5,0.4,True,False,True,False,False,False,False,False,False,12,11,6.0,13.0,,False,,,False,False
2015_REG_12_NYG_WSH_20151129,2015,12,REG,77367.0,49.1,0.339,8.2,0.4,0.5,True,False,False,False,False,False,False,False,False,12,11,6.0,13.0,WMO_55|PRECIP,False,,,False,False
2015_REG_12_PHI_DET_20151126,2015,12,REG,64445.0,,,,0.3,0.4,False,True,True,False,False,False,False,False,False,12,11,3.0,3.0,,False,,,False,False
2015_REG_12_PIT_SEA_20151129,2015,12,REG,69055.0,32.2,0.0,5.4,0.5,0.6,True,False,False,False,False,False,False,False,False,12,11,6.0,13.0,WMO_2,False,,,False,False
2015_REG_12_TB_IND_20151129,2015,12,REG,65696.0,,,,0.5,0.5,True,False,True,False,False,False,False,False,False,12,11,6.0,6.0,,False,,,False,False
2015_REG_13_ARI_LAR_20151206,2015,13,REG,51115.0,,,,0.3636363636363636,0.8181818181818182,True,False,True,False,False,False,False,False,False,13,12,6.0,6.0,,False,,,False,False
2015_REG_13_ATL_TB_20151206,2015,13,REG,58221.0,71.3,0.0,13.7,0.4545454545454545,0.5454545454545454,True,False,False,False,False,False,False,False,False,13,12,6.0,6.0,WMO_3,False,,,False,False
2015_REG_13_BAL_MIA_20151206,2015,13,REG,64519.0,76.0,0.169,15.8,0.3636363636363636,0.3636363636363636,True,False,False,False,False,False,False,False,False,13,12,6.0,5.0,WMO_53|PRECIP,False,,,False,False
2015_REG_13_CAR_NO_20151206,2015,13,REG,73097.0,,,,0.3636363636363636,1.0,True,False,True,False,False,False,False,False,False,13,12,6.0,9.0,,False,,,False,False
2015_REG_13_CIN_CLE_20151206,2015,13,REG,64775.0,36.9,0.0,8.7,0.1818181818181818,0.8181818181818182,True,False,False,False,False,False,False,False,False,13,12,5.0,6.0,WMO_3,False,,,False,False
2015_REG_13_DAL_WSH_20151207,2015,13,REG,80444.0,41.5,0.0,5.2,0.4545454545454545,0.2727272727272727,False,False,False,False,False,False,False,False,False,13,12,7.0,10.0,WMO_3,False,,,False,False
2015_REG_13_DEN_LAC_20151206,2015,13,REG,68631.0,61.2,0.0,9.3,0.2727272727272727,0.8181818181818182,True,False,False,False,False,False,False,False,False,13,12,6.0,6.0,WMO_3,False,,,False,False
2015_REG_13_GB_DET_20151203,2015,13,REG,63207.0,,,,0.3636363636363636,0.6363636363636364,False,False,True,False,False,False,False,False,False,13,12,6.0,6.0,,False,,,False,False
2015_REG_13_HOU_BUF_20151206,2015,13,REG,68544.0,37.9,0.0,6.5,0.4545454545454545,0.5454545454545454,True,False,False,False,False,False,False,False,False,13,12,6.0,6.0,WMO_3,False,,,False,False
2015_REG_13_IND_PIT_20151206,2015,13,REG,58701.0,35.4,0.0,4.8,0.5454545454545454,0.5454545454545454,True,False,False,False,False,False,False,False,False,13,12,6.0,6.0,WMO_3,False,,,False,False
2015_REG_13_JAX_TEN_20151206,2015,13,REG,57355.0,45.2,0.0,6.7,0.1818181818181818,0.3636363636363636,True,False,False,False,False,False,False,False,False,13,12,6.0,6.0,WMO_3,False,,,False,False
2015_REG_13_KC_LV_20151206,2015,13,REG,55010.0,53.2,0.075,9.6,0.4545454545454545,0.5454545454545454,True,False,False,False,False,False,False,False,False,13,12,6.0,6.0,WMO_53|PRECIP,False,,,False,False
2015_REG_13_NYJ_NYG_20151206,2015,13,REG,80898.0,40.2,0.0,4.6,0.4545454545454545,0.5454545454545454,True,False,False,False,False,False,False,False,False,13,12,6.0,6.0,WMO_3,False,,,False,False
2015_REG_13_PHI_NE_20151206,2015,13,REG,66829.0,40.3,0.0,7.7,0.9090909090909092,0.3636363636363636,True,False,False,False,False,False,False,False,False,13,12,6.0,9.0,WMO_0,False,,,False,False
2015_REG_13_SEA_MIN_20151206,2015,13,REG,52430.0,36.1,0.004,6.7,0.7272727272727273,0.5454545454545454,True,False,False,False,False,False,False,False,False,13,12,6.0,6.0,WMO_51|PRECIP,False,,,False,False
2015_REG_13_SF_CHI_20151206,2015,13,REG,62088.0,38.4,0.008,10.7,0.4545454545454545,0.2727272727272727,True,False,False,False,False,False,False,False,False,13,12,9.0,6.0,WMO_51|PRECIP,False,,,False,False
2015_REG_14_ATL_CAR_20151213,2015,14,REG,74420.0,58.3,0.0,7.1,1.0,0.5,True,False,False,False,False,False,False,False,False,14,12,6.0,6.0,WMO_3,False,,,False,False
2015_REG_14_BUF_PHI_20151213,2015,14,REG,69596.0,58.4,0.0,6.4,0.4166666666666667,0.5,True,False,False,False,False,False,False,False,False,14,12,6.0,6.0,WMO_3,False,,,False,False
2015_REG_14_DAL_GB_20151213,2015,14,REG,78369.0,46.8,0.61,13.7,0.6666666666666666,0.3333333333333333,True,False,False,False,False,False,False,False,False,14,12,9.0,5.0,WMO_61|PRECIP,True,,,False,False
2015_REG_14_DET_LAR_20151213,2015,14,REG,51202.0,,,,0.3333333333333333,0.3333333333333333,True,False,True,False,False,False,False,False,False,14,12,6.0,9.0,,False,,,False,False
2015_REG_14_IND_JAX_20151213,2015,14,REG,62372.0,68.4,0.0,10.7,0.3333333333333333,0.5,True,False,False,False,False,False,False,False,False,14,12,6.0,6.0,WMO_3,False,,,False,False
2015_REG_14_LAC_KC_20151213,2015,14,REG,72314.0,61.6,1.169,13.6,0.5833333333333334,0.25,True,False,False,False,False,False,False,False,False,14,12,6.0,6.0,WMO_63|PRECIP,True,,,False,False
2015_REG_14_LV_DEN_20151213,2015,14,REG,76824.0,28.3,0.024,6.5,0.8333333333333334,0.4166666666666667,True,False,False,False,False,False,False,False,False,14,12,6.0,6.0,WMO_71|SNOW,True,,,False,False
2015_REG_14_MIN_ARI_20151210,2015,14,REG,64784.0,,,,0.8333333333333334,0.6666666666666666,False,False,True,False,False,False,False,False,False,14,12,3.0,3.0,,False,,,False,False
2015_REG_14_NE_HOU_20151213,2015,14,REG,71908.0,,,,0.5,0.8333333333333334,True,False,True,False,False,False,False,False,False,14,12,6.0,6.0,,False,,,False,False
2015_REG_14_NO_TB_20151213,2015,14,REG,62138.0,72.8,0.0,13.9,0.5,0.3333333333333333,True,False,False,False,False,False,False,False,False,14,12,6.0,6.0,WMO_3,False,,,False,False
2015_REG_14_NYG_MIA_20151214,2015,14,REG,65408.0,77.2,0.028,13.9,0.4166666666666667,0.4166666666666667,False,False,False,False,False,False,False,False,False,14,12,7.0,7.0,WMO_51|PRECIP,False,,,False,False
2015_REG_14_PIT_CIN_20151213,2015,14,REG,65564.0,60.3,0.0,8.1,0.8333333333333334,0.5833333333333334,True,False,False,False,False,False,False,False,False,14,12,6.0,6.0,WMO_3,False,,,False,False
2015_REG_14_SEA_BAL_20151213,2015,14,REG,71179.0,57.4,0.0,5.8,0.3333333333333333,0.5833333333333334,True,False,False,False,False,False,False,False,False,14,12,6.0,6.0,WMO_3,False,,,False,False
2015_REG_14_SF_CLE_20151213,2015,14,REG,63916.0,59.8,0.043,11.0,0.1666666666666666,0.3333333333333333,True,False,False,False,False,False,False,False,False,14,12,6.0,6.0,WMO_51|PRECIP,False,,,False,False
2015_REG_14_TEN_NYJ_20151213,2015,14,REG,78160.0,54.2,0.0,6.5,0.5833333333333334,0.25,True,False,False,False,False,False,False,False,False,14,12,6.0,6.0,WMO_3,False,,,False,False
2015_REG_14_WSH_CHI_20151213,2015,14,REG,61026.0,54.2,0.563,15.7,0.4166666666666667,0.4166666666666667,True,False,False,False,False,False,False,False,False,14,12,6.0,5.0,WMO_61|PRECIP,True,,,False,False
2015_REG_15_ARI_PHI_20151220,2015,15,REG,69596.0,35.1,0.0,10.7,0.4615384615384615,0.8461538461538461,True,False,False,False,False,False,False,False,False,15,12,6.0,9.0,WMO_3,False,,,False,False
2015_REG_15_ATL_JAX_20151220,2015,15,REG,64016.0,53.0,0.0,9.4,0.3846153846153846,0.4615384615384615,True,False,False,False,False,False,False,False,False,15,12,6.0,6.0,WMO_3,False,,,False,False
2015_REG_15_BUF_WSH_20151220,2015,15,REG,80124.0,34.6,0.0,7.7,0.4615384615384615,0.4615384615384615,True,False,False,False,False,False,False,False,False,15,12,6.0,6.0,WMO_3,False,,,False,False
2015_REG_15_CAR_NYG_20151220,2015,15,REG,79436.0,35.5,0.0,11.6,0.4615384615384615,1.0,True,False,False,False,False,False,False,False,False,15,12,5.0,6.0,WMO_3,False,,,False,False
2015_REG_15_CHI_MIN_20151220,2015,15,REG,52421.0,31.3,0.0,11.3,0.6153846153846154,0.3846153846153846,True,False,False,False,False,False,False,False,False,15,12,9.0,6.0,WMO_3,False,,,False,False
2015_REG_15_CIN_SF_20151220,2015,15,REG,70799.0,47.5,0.028,7.7,0.3076923076923077,0.7692307692307693,True,False,False,False,False,False,False,False,False,15,12,6.0,6.0,WMO_51|PRECIP,False,,,False,False
2015_REG_15_CLE_SEA_20151220,2015,15,REG,69002.0,41.9,0.346,15.2,0.6153846153846154,0.2307692307692307,True,False,False,False,False,False,False,False,False,15,12,6.0,6.0,WMO_71|SNOW,True,,,False,False
2015_REG_15_DEN_PIT_20151220,2015,15,REG,67234.0,31.1,0.0,9.4,0.6153846153846154,0.7692307692307693,True,False,False,False,False,False,False,False,False,15,12,6.0,6.0,WMO_3,False,,,False,False
2015_REG_15_DET_NO_20151221,2015,15,REG,73017.0,,,,0.3846153846153846,0.3076923076923077,False,False,True,False,False,False,False,False,False,15,12,7.0,7.0,,False,,,False,False
2015_REG_15_GB_LV_20151220,2015,15,REG,55087.0,45.5,0.071,9.3,0.4615384615384615,0.6923076923076923,True,False,False,False,False,False,False,False,False,15,12,6.0,6.0,WMO_51|PRECIP,False,,,False,False
2015_REG_15_HOU_IND_20151220,2015,15,REG,66083.0,,,,0.4615384615384615,0.4615384615384615,True,False,True,False,False,False,False,False,False,15,12,6.0,6.0,,False,,,False,False
2015_REG_15_KC_BAL_20151220,2015,15,REG,70791.0,34.7,0.0,10.3,0.3076923076923077,0.6153846153846154,True,False,False,False,False,False,False,False,False,15,12,6.0,6.0,WMO_3,False,,,False,False
2015_REG_15_MIA_LAC_20151220,2015,15,REG,66676.0,56.7,0.154,12.0,0.2307692307692307,0.3846153846153846,True,False,False,False,False,False,False,False,False,15,12,6.0,5.0,WMO_61|PRECIP,False,,,False,False
2015_REG_15_NYJ_DAL_20151219,2015,15,REG,90345.0,,,,0.3076923076923077,0.6153846153846154,True,False,True,False,False,False,False,False,False,15,12,5.0,5.0,,False,,,False,False
2015_REG_15_TB_LAR_20151217,2015,15,REG,51295.0,,,,0.3846153846153846,0.4615384615384615,False,False,True,False,False,False,False,False,False,15,12,3.0,3.0,,False,,,False,False
2015_REG_15_TEN_NE_20151220,2015,15,REG,66829.0,33.4,0.0,11.0,0.8461538461538461,0.2307692307692307,True,False,False,False,False,False,False,False,False,15,12,6.0,6.0,WMO_3,False,,,False,False
2015_REG_16_CAR_ATL_20151227,2015,16,REG,70981.0,,,,0.5,1.0,True,False,True,False,False,False,False,False,False,16,12,6.0,6.0,,False,,,False,False
2015_REG_16_CHI_TB_20151227,2015,16,REG,63734.0,76.1,0.0,12.6,0.4285714285714285,0.3571428571428571,True,False,False,False,False,False,False,False,False,16,12,9.0,6.0,WMO_3,False,,,False,False
2015_REG_16_CIN_DEN_20151228,2015,16,REG,76868.0,3.0,0.0,4.4,0.7142857142857143,0.7857142857142857,False,False,False,False,False,False,False,False,False,16,12,7.0,7.0,WMO_2,True,,,False,False
2015_REG_16_CLE_KC_20151227,2015,16,REG,69115.0,35.2,0.776,17.5,0.6428571428571429,0.2142857142857142,True,False,False,False,False,False,False,False,False,16,12,6.0,6.0,WMO_63|PRECIP,True,,,False,False
2015_REG_16_DAL_BUF_20151227,2015,16,REG,70172.0,42.9,0.78,12.8,0.4285714285714285,0.2857142857142857,True,False,False,False,False,False,False,False,False,16,12,6.0,7.0,WMO_71|SNOW,True,,,False,False
2015_REG_16_GB_ARI_20151227,2015,16,REG,64878.0,,,,0.8571428571428571,0.7142857142857143,True,False,True,False,False,False,False,False,False,16,12,6.0,6.0,,False,,,False,False
2015_REG_16_HOU_TEN_20151227,2015,16,REG,62153.0,69.6,0.063,12.8,0.2142857142857142,0.5,True,False,False,False,False,False,False,False,False,16,12,6.0,6.0,WMO_53|PRECIP,False,,,False,False
2015_REG_16_IND_MIA_20151227,2015,16,REG,65482.0,77.2,0.008,13.3,0.3571428571428571,0.4285714285714285,True,False,False,False,False,False,False,False,False,16,12,6.0,6.0,WMO_51|PRECIP,False,,,False,False
2015_REG_16_JAX_NO_20151227,2015,16,REG,73064.0,,,,0.3571428571428571,0.3571428571428571,True,False,True,False,False,False,False,False,False,16,12,5.0,6.0,,False,,,False,False
2015_REG_16_LAC_LV_20151224,2015,16,REG,54400.0,47.5,0.224,14.6,0.4285714285714285,0.2857142857142857,False,False,False,False,False,False,False,False,False,16,12,3.0,3.0,WMO_55|PRECIP,False,,,False,False
2015_REG_16_LAR_SEA_20151227,2015,16,REG,69080.0,36.2,0.315,5.5,0.6428571428571429,0.4285714285714285,True,False,False,False,False,False,False,False,False,16,12,6.0,9.0,WMO_73|SNOW,True,,,False,False
2015_REG_16_NE_NYJ_20151227,2015,16,REG,78160.0,52.4,0.067,12.9,0.6428571428571429,0.8571428571428571,True,False,False,False,False,False,False,False,False,16,12,7.0,6.0,WMO_53|PRECIP,False,,,False,False
2015_REG_16_NYG_MIN_20151227,2015,16,REG,52455.0,22.2,0.0,10.1,0.6428571428571429,0.4285714285714285,True,False,False,False,False,False,False,False,False,16,12,6.0,6.0,WMO_71|SNOW,True,,,False,False
2015_REG_16_PIT_BAL_20151227,2015,16,REG,71261.0,56.8,0.043,14.5,0.2857142857142857,0.6428571428571429,True,False,False,False,False,False,False,False,False,16,12,6.0,6.0,WMO_51|PRECIP,False,,,False,False
2015_REG_16_SF_DET_20151227,2015,16,REG,61313.0,,,,0.3571428571428571,0.2857142857142857,True,False,True,False,False,False,False,False,False,16,12,5.0,6.0,,False,,,False,False
2015_REG_16_WSH_PHI_20151226,2015,16,REG,69596.0,55.3,0.52,10.3,0.4285714285714285,0.5,True,False,False,False,False,False,False,False,False,16,12,5.0,5.0,WMO_63|PRECIP,True,,,False,False
2015_REG_17_BAL_CIN_20160103,2015,17,REG,57254.0,34.3,0.0,9.6,0.7333333333333333,0.3333333333333333,True,False,False,False,False,False,False,False,False,17,1,5.0,6.0,WMO_3,False,,,False,False
2015_REG_17_DET_CHI_20160103,2015,17,REG,61177.0,29.3,0.0,17.1,0.4,0.4,True,False,False,False,False,False,False,False,False,17,1,6.0,6.0,WMO_3,False,,,False,False
2015_REG_17_JAX_HOU_20160103,2015,17,REG,71899.0,,,,0.5333333333333333,0.3333333333333333,True,False,True,False,False,False,False,False,False,17,1,6.0,6.0,,False,,,False,False
2015_REG_17_LAC_DEN_20160103,2015,17,REG,76844.0,13.7,0.0,6.6,0.7333333333333333,0.2666666666666666,True,False,False,False,False,False,False,False,False,17,1,5.0,9.0,WMO_3,True,,,False,False
2015_REG_17_LAR_SF_20160103,2015,17,REG,70799.0,48.2,0.02,6.4,0.2666666666666666,0.4666666666666667,True,False,False,False,False,False,False,False,False,17,1,6.0,6.0,WMO_51|PRECIP,False,,,False,False
2015_REG_17_LV_KC_20160103,2015,17,REG,76114.0,29.2,0.0,9.0,0.6666666666666666,0.4666666666666667,True,False,False,False,False,False,False,False,False,17,1,6.0,9.0,WMO_1,False,,,False,False
2015_REG_17_MIN_GB_20160103,2015,17,REG,78412.0,24.0,0.0,13.5,0.6666666666666666,0.6666666666666666,True,False,False,False,False,False,False,False,False,17,1,6.0,6.0,WMO_3,False,,,False,False
2015_REG_17_NE_MIA_20160103,2015,17,REG,62918.0,72.6,0.142,9.7,0.3333333333333333,0.8,True,False,False,False,False,False,False,False,False,17,1,6.0,6.0,WMO_61|PRECIP,False,,,False,False
2015_REG_17_NO_ATL_20160103,2015,17,REG,69699.0,,,,0.5333333333333333,0.4,True,False,True,False,False,False,False,False,False,17,1,6.0,6.0,,False,,,False,False
2015_REG_17_NYJ_BUF_20160103,2015,17,REG,68670.0,32.7,0.059,17.8,0.4666666666666667,0.6666666666666666,True,False,False,False,False,False,False,False,False,17,1,6.0,6.0,WMO_71|SNOW,True,,,False,False
2015_REG_17_PHI_NYG_20160103,2015,17,REG,78023.0,35.4,0.0,11.9,0.4,0.4,True,False,False,False,False,False,False,False,False,17,1,6.0,7.0,WMO_3,False,,,False,False
2015_REG_17_PIT_CLE_20160103,2015,17,REG,66693.0,32.5,0.012,18.0,0.2,0.6,True,False,False,False,False,False,False,False,False,17,1,6.0,6.0,WMO_71|SNOW,True,,,False,False
2015_REG_17_SEA_ARI_20160103,2015,17,REG,64646.0,,,,0.8666666666666667,0.6,True,False,True,False,False,False,False,False,False,17,1,6.0,6.0,,False,,,False,False
2015_REG_17_TB_CAR_20160103,2015,17,REG,74169.0,41.1,0.0,5.8,0.9333333333333332,0.4,True,False,False,False,False,False,False,False,False,17,1,6.0,6.0,WMO_3,False,,,False,False
2015_REG_17_TEN_IND_20160103,2015,17,REG,65733.0,,,,0.4666666666666667,0.2,True,False,True,False,False,False,False,False,False,17,1,6.0,6.0,,False,,,False,False
2015_REG_17_WSH_DAL_20160103,2015,17,REG,90127.0,,,,0.2666666666666666,0.5333333333333333,True,False,True,False,False,False,False,False,False,17,1,6.0,7.0,,False,,,False,False
2015_POST_18_GB_WSH_20160110,2015,18,POST,,52.2,0.539,17.2,0.5625,0.625,True,False,False,False,False,False,False,False,False,18,1,6.0,6.0,WMO_63|PRECIP,True,,,False,False
2015_POST_18_KC_HOU_20160109,2015,18,POST,,,,,0.5625,0.6875,True,False,True,False,False,False,False,False,False,18,1,5.0,5.0,,False,,,False,False
2015_POST_18_PIT_CIN_20160109,2015,18,POST,,50.6,0.024,8.8,0.75,0.625,True,False,False,False,False,False,False,False,False,18,1,5.0,5.0,WMO_51|PRECIP,False,,,False,False
2015_POST_18_SEA_MIN_20160110,2015,18,POST,,-8.0,0.0,10.7,0.6875,0.625,True,False,False,False,False,False,False,False,False,18,1,6.0,6.0,WMO_3,True,,,False,False
2015_POST_19_GB_ARI_20160116,2015,19,POST,,,,,0.8125,0.6470588235294118,True,False,True,False,False,False,False,False,False,19,1,12.0,5.0,,False,,,False,False
2015_POST_19_KC_NE_20160116,2015,19,POST,,34.7,1.024,11.9,0.75,0.7058823529411765,True,False,False,False,False,False,False,False,False,19,1,12.0,6.0,WMO_73|SNOW,True,,,False,False
2015_POST_19_PIT_DEN_20160117,2015,19,POST,,19.7,0.0,4.5,0.75,0.6470588235294118,True,False,False,False,False,False,False,False,False,19,1,13.0,7.0,WMO_3,True,,,False,False
2015_POST_19_SEA_CAR_20160117,2015,19,POST,,41.3,0.043,10.8,0.9375,0.6470588235294118,True,False,False,False,False,False,False,False,False,19,1,13.0,6.0,WMO_71|SNOW,True,,,False,False
2015_CON_20_ARI_CAR_20160124,2015,20,CON,,29.7,0.0,11.9,0.9411764705882352,0.8235294117647058,True,False,False,False,False,False,False,False,False,20,1,6.0,7.0,WMO_2,False,,,False,False
2015_CON_20_NE_DEN_20160124,2015,20,CON,,28.6,0.0,7.7,0.7647058823529411,0.7647058823529411,True,False,False,False,False,False,False,False,False,20,1,6.0,7.0,WMO_3,False,,,False,False
2015_POST_21_CAR_DEN_20160207,2015,21,POST,,53.6,0.0,7.5,0.7777777777777778,0.9444444444444444,True,False,False,False,False,False,False,False,False,21,2,13.0,13.0,WMO_3,False,,,False,False
2016_REG_01_BUF_BAL_20160911,2016,1,REG,71104.0,79.7,0.0,13.0,,,True,False,False,False,False,False,False,False,False,1,9,251.0,251.0,WMO_3,False,0.3125,0.5,False,False
2016_REG_01_CAR_DEN_20160908,2016,1,REG,76843.0,70.7,0.0,7.2,,,False,False,False,False,False,False,False,False,False,1,9,213.0,213.0,WMO_3,False,0.7894736842105263,0.8947368421052632,False,False
2016_REG_01_CHI_HOU_20160911,2016,1,REG,71933.0,,,,,,True,False,True,False,False,False,False,False,False,1,9,245.0,251.0,,False,0.5294117647058824,0.375,False,False
2016_REG_01_CIN_NYJ_20160911,2016,1,REG,78160.0,78.1,0.051,11.9,,,True,False,False,False,False,False,False,False,False,1,9,251.0,245.0,WMO_53|PRECIP,False,0.625,0.7058823529411765,False,False
2016_REG_01_CLE_PHI_20160911,2016,1,REG,69596.0,80.3,0.0,11.1,,,True,False,False,False,False,False,False,False,False,1,9,251.0,251.0,WMO_3,False,0.4375,0.1875,False,False
2016_REG_01_DET_IND_20160911,2016,1,REG,65566.0,,,,,,True,False,True,False,False,False,False,False,False,1,9,251.0,251.0,,False,0.5,0.4375,False,False
2016_REG_01_GB_JAX_20160911,2016,1,REG,63179.0,80.5,0.008,8.1,,,True,False,False,False,False,False,False,False,False,1,9,251.0,238.0,WMO_51|PRECIP,False,0.3125,0.6111111111111112,False,False
2016_REG_01_LAC_KC_20160911,2016,1,REG,73238.0,67.1,0.0,8.5,,,True,False,False,False,False,False,False,False,False,1,9,238.0,251.0,WMO_0,False,0.6666666666666666,0.25,False,False
2016_REG_01_LAR_SF_20160912,2016,1,REG,70178.0,60.4,0.0,9.1,,,False,False,False,False,False,False,False,False,False,1,9,252.0,252.0,WMO_3,False,0.3125,0.4375,False,False
2016_REG_01_LV_NO_20160911,2016,1,REG,73028.0,,,,,,True,False,True,False,False,False,False,False,False,1,9,251.0,251.0,,False,0.4375,0.4375,False,False
2016_REG_01_MIA_SEA_20160911,2016,1,REG,69012.0,61.6,0.126,4.5,,,True,False,False,False,False,False,False,False,False,1,9,237.0,251.0,WMO_53|PRECIP,False,0.6111111111111112,0.375,False,False
2016_REG_01_MIN_TEN_20160911,2016,1,REG,63816.0,73.6,0.028,6.5,,,True,False,False,False,False,False,False,False,False,1,9,251.0,244.0,WMO_51|PRECIP,False,0.1875,0.6470588235294118,False,False
2016_REG_01_NE_ARI_20160911,2016,1,REG,64864.0,,,,,,True,False,True,False,False,False,False,False,False,1,9,230.0,230.0,,False,0.7777777777777778,0.7222222222222222,False,False
2016_REG_01_NYG_DAL_20160911,2016,1,REG,92867.0,,,,,,True,False,True,False,False,False,False,False,False,1,9,251.0,251.0,,False,0.25,0.375,False,False
2016_REG_01_PIT_WSH_20160912,2016,1,REG,79124.0,73.4,0.0,7.9,,,False,False,False,False,False,False,False,False,False,1,9,245.0,238.0,WMO_2,False,0.5294117647058824,0.6111111111111112,False,False
2016_REG_01_TB_ATL_20160911,2016,1,REG,69382.0,,,,,,True,False,True,False,False,False,False,False,False,1,9,251.0,251.0,,False,0.5,0.375,False,False
2016_REG_02_ATL_LV_20160918,2016,2,REG,54081.0,70.4,0.0,6.9,1.0,0.0,True,False,False,False,False,False,False,False,False,2,9,6.0,6.0,WMO_3,False,0.4375,0.5,False,False
2016_REG_02_BAL_CLE_20160918,2016,2,REG,67431.0,71.2,0.012,10.5,0.0,1.0,True,False,False,False,False,False,False,False,False,2,9,6.0,6.0,WMO_51|PRECIP,False,0.1875,0.3125,False,False
2016_REG_02_CIN_PIT_20160918,2016,2,REG,65072.0,71.9,0.193,6.8,1.0,1.0,True,False,False,False,False,False,False,False,False,2,9,5.0,6.0,WMO_61|PRECIP,False,0.6111111111111112,0.7058823529411765,False,False
2016_REG_02_DAL_WSH_20160918,2016,2,REG,80612.0,76.4,0.0,9.1,0.0,0.0,True,False,False,False,False,False,False,False,False,2,9,5.0,6.0,WMO_3,False,0.5294117647058824,0.25,False,False
2016_REG_02_GB_MIN_20160918,2016,2,REG,66813.0,,,,1.0,1.0,True,False,True,False,False,False,False,False,False,2,9,6.0,6.0,,False,0.6470588235294118,0.6111111111111112,False,False
2016_REG_02_IND_DEN_20160918,2016,2,REG,76379.0,64.2,0.0,8.8,1.0,0.0,True,False,False,False,False,False,False,False,False,2,9,9.0,6.0,WMO_0,False,0.7894736842105263,0.5,False,False
2016_REG_02_JAX_LAC_20160918,2016,2,REG,52165.0,71.0,0.0,8.2,0.0,0.0,True,False,False,False,False,False,False,False,False,2,9,6.0,6.0,WMO_2,False,0.25,0.3125,False,False
2016_REG_02_KC_HOU_20160918,2016,2,REG,71890.0,,,,1.0,1.0,True,False,True,False,False,False,False,False,False,2,9,6.0,6.0,,False,0.5294117647058824,0.6666666666666666,False,False
2016_REG_02_MIA_NE_20160918,2016,2,REG,66829.0,70.8,0.02,13.5,1.0,0.0,True,False,False,False,False,False,False,False,False,2,9,6.0,6.0,WMO_51|PRECIP,False,0.7222222222222222,0.375,False,False
2016_REG_02_NO_NYG_20160918,2016,2,REG,77727.0,73.1,0.012,9.5,1.0,0.0,True,False,False,False,False,False,False,False,False,2,9,6.0,6.0,WMO_51|PRECIP,False,0.375,0.4375,False,False
2016_REG_02_NYJ_BUF_20160915,2016,2,REG,70256.0,60.9,0.0,6.2,0.0,0.0,False,False,False,False,False,False,False,False,False,2,9,3.0,3.0,WMO_2,False,0.5,0.625,False,False
2016_REG_02_PHI_CHI_20160919,2016,2,REG,62268.0,71.4,0.0,12.2,0.0,1.0,False,False,False,False,False,False,False,False,False,2,9,7.0,7.0,WMO_2,False,0.375,0.4375,False,False
2016_REG_02_SEA_LAR_20160918,2016,2,REG,91046.0,75.6,0.0,7.8,0.0,1.0,True,False,False,False,False,False,False,False,False,2,9,5.0,6.0,WMO_2,False,0.4375,0.6111111111111112,False,False
2016_REG_02_SF_CAR_20160918,2016,2,REG,74143.0,77.7,0.0,4.9,0.0,1.0,True,False,False,False,False,False,False,False,False,2,9,9.0,5.0,WMO_3,False,0.8947368421052632,0.3125,False,False
2016_REG_02_TB_ARI_20160918,2016,2,REG,64230.0,,,,0.0,1.0,True,False,True,False,False,False,False,False,False,2,9,6.0,6.0,,False,0.7777777777777778,0.375,False,False
2016_REG_02_TEN_DET_20160918,2016,2,REG,58466.0,,,,1.0,0.0,True,False,True,False,False,False,False,False,False,2,9,6.0,6.0,,False,0.4375,0.1875,False,False
2016_REG_03_ARI_BUF_20160925,2016,3,REG,68647.0,57.0,0.0,5.8,0.0,0.5,True,False,False,False,False,False,False,False,False,3,9,9.0,6.0,WMO_2,False,0.5,0.7777777777777778,False,False
2016_REG_03_ATL_NO_20160926,2016,3,REG,73003.0,,,,0.0,0.5,False,False,True,False,False,False,False,False,False,3,9,7.0,7.0,,False,0.4375,0.5,False,False
2016_REG_03_BAL_JAX_20160925,2016,3,REG,60127.0,78.1,0.319,6.8,0.0,1.0,True,False,False,False,False,False,False,False,False,3,9,6.0,6.0,WMO_63|PRECIP,False,0.3125,0.3125,False,False
2016_REG_03_CHI_DAL_20160925,2016,3,REG,90554.0,,,,0.5,0.0,True,False,True,False,False,False,False,False,False,3,9,6.0,5.0,,False,0.25,0.375,False,False
2016_REG_03_CLE_MIA_20160925,2016,3,REG,65176.0,78.9,0.362,8.7,0.0,0.0,True,False,False,False,False,False,False,False,False,3,9,6.0,6.0,WMO_63|PRECIP,False,0.375,0.1875,False,False
2016_REG_03_DEN_CIN_20160925,2016,3,REG,63850.0,75.2,0.0,6.7,0.5,1.0,True,False,False,False,False,False,False,False,False,3,9,6.0,6.0,WMO_2,False,0.7058823529411765,0.7894736842105263,False,False
2016_REG_03_DET_GB_20160925,2016,3,REG,78411.0,64.8,0.11,14.8,0.5,0.5,True,False,False,False,False,False,False,False,False,3,9,6.0,6.0,WMO_61|PRECIP,False,0.6111111111111112,0.4375,False,False
2016_REG_03_HOU_NE_20160922,2016,3,REG,66829.0,70.7,0.0,5.8,1.0,1.0,False,False,False,False,False,False,False,False,False,3,9,3.0,3.0,WMO_3,False,0.7222222222222222,0.5294117647058824,False,False
2016_REG_03_LAC_IND_20160925,2016,3,REG,64747.0,,,,0.0,0.5,True,False,True,False,False,False,False,False,False,3,9,6.0,6.0,,False,0.5,0.25,False,False
2016_REG_03_LAR_TB_20160925,2016,3,REG,55009.0,78.8,0.043,9.4,0.5,0.5,True,False,False,False,False,False,False,False,False,3,9,6.0,6.0,WMO_55|PRECIP,False,0.375,0.4375,False,False
2016_REG_03_LV_TEN_20160925,2016,3,REG,62370.0,81.3,0.0,4.3,0.5,0.5,True,False,False,False,False,False,False,False,False,3,9,6.0,6.0,WMO_2,False,0.1875,0.4375,False,False
2016_REG_03_MIN_CAR_20160925,2016,3,REG,73813.0,77.4,0.055,6.3,0.5,1.0,True,False,False,False,False,False,False,False,False,3,9,6.0,6.0,WMO_55|PRECIP,False,0.8947368421052632,0.6470588235294118,False,False
2016_REG_03_NYJ_KC_20160925,2016,3,REG,71587.0,71.8,0.583,10.2,0.5,0.5,True,False,False,False,False,False,False,False,False,3,9,6.0,9.0,WMO_63|PRECIP,True,0.6666666666666666,0.625,False,False
2016_REG_03_PIT_PHI_20160925,2016,3,REG,69596.0,62.4,0.0,7.8,1.0,1.0,True,False,False,False,False,False,False,False,False,3,9,5.0,6.0,WMO_1,False,0.4375,0.6111111111111112,False,False
2016_REG_03_SF_SEA_20160925,2016,3,REG,69010.0,61.5,0.0,4.5,0.5,0.5,True,False,False,False,False,False,False,False,False,3,9,6.0,6.0,WMO_3,False,0.6111111111111112,0.3125,False,False
2016_REG_03_WSH_NYG_20160925,2016,3,REG,78368.0,60.2,0.0,7.3,1.0,0.0,True,False,False,False,False,False,False,False,False,3,9,6.0,6.0,WMO_0,False,0.375,0.5294117647058824,False,False
2016_REG_04_BUF_NE_20161002,2016,4,REG,66829.0,55.1,0.02,9.3,1.0,0.3333333333333333,True,False,False,False,False,False,False,False,False,4,10,9.0,6.0,WMO_51|PRECIP,False,0.7222222222222222,0.5,False,False
2016_REG_04_CAR_ATL_20161002,2016,4,REG,70508.0,,,,0.6666666666666666,0.3333333333333333,True,False,True,False,False,False,False,False,False,4,10,5.0,6.0,,False,0.5,0.8947368421052632,False,False
2016_REG_04_CLE_WSH_20161002,2016,4,REG,76249.0,65.5,0.008,6.3,0.3333333333333333,0.0,True,False,False,False,False,False,False,False,False,4,10,6.0,6.0,WMO_51|PRECIP,False,0.5294117647058824,0.1875,False,False
2016_REG_04_DAL_SF_20161002,2016,4,REG,70178.0,59.0,0.035,11.5,0.3333333333333333,0.6666666666666666,True,False,False,False,False,False,False,False,False,4,10,6.0,6.0,WMO_51|PRECIP,False,0.3125,0.25,False,False
2016_REG_04_DEN_TB_20161002,2016,4,REG,60375.0,77.6,0.382,7.6,0.3333333333333333,1.0,True,False,False,False,False,False,False,False,False,4,10,6.0,6.0,WMO_63|PRECIP,False,0.375,0.7894736842105263,False,False
2016_REG_04_DET_CHI_20161002,2016,4,REG,60841.0,61.1,0.028,6.5,0.0,0.3333333333333333,True,False,False,False,False,False,False,False,False,4,10,6.0,6.0,WMO_51|PRECIP,False,0.375,0.4375,False,False
2016_REG_04_IND_JAX_20161002,2016,4,REG,83764.0,52.4,0.0,11.9,0.0,0.3333333333333333,True,False,False,False,False,False,False,False,False,4,10,6.0,6.0,WMO_3,False,0.3125,0.5,False,False
2016_REG_04_KC_PIT_20161002,2016,4,REG,61278.0,62.1,0.063,7.1,0.6666666666666666,0.6666666666666666,True,False,False,False,False,False,False,False,False,4,10,6.0,6.0,WMO_51|PRECIP,False,0.6111111111111112,0.6666666666666666,False,False
2016_REG_04_LAR_ARI_20161002,2016,4,REG,64622.0,,,,0.3333333333333333,0.6666666666666666,True,False,True,False,False,False,False,False,False,4,10,6.0,6.0,,False,0.7777777777777778,0.4375,False,False
2016_REG_04_LV_BAL_20161002,2016,4,REG,71152.0,65.6,0.024,8.4,1.0,0.6666666666666666,True,False,False,False,False,False,False,False,False,4,10,6.0,6.0,WMO_51|PRECIP,False,0.3125,0.4375,False,False
2016_REG_04_MIA_CIN_20160929,2016,4,REG,60834.0,58.1,0.035,5.9,0.3333333333333333,0.3333333333333333,False,False,False,False,False,False,False,False,False,4,9,3.0,3.0,WMO_53|PRECIP,False,0.7058823529411765,0.375,False,False
2016_REG_04_NO_LAC_20161002,2016,4,REG,60641.0,69.4,0.0,9.1,0.3333333333333333,0.0,True,False,False,False,False,False,False,False,False,4,10,6.0,5.0,WMO_2,False,0.25,0.4375,False,False
2016_REG_04_NYG_MIN_20161003,2016,4,REG,66690.0,,,,1.0,0.6666666666666666,False,False,True,False,False,False,False,False,False,4,10,7.0,7.0,,False,0.6470588235294118,0.375,False,False
2016_REG_04_SEA_NYJ_20161002,2016,4,REG,78160.0,59.7,0.02,9.0,0.3333333333333333,0.6666666666666666,True,False,False,False,False,False,False,False,False,4,10,6.0,6.0,WMO_51|PRECIP,False,0.625,0.6111111111111112,False,False
2016_REG_04_TEN_HOU_20161002,2016,4,REG,71815.0,,,,0.6666666666666666,0.3333333333333333,True,False,True,False,False,False,False,False,False,4,10,9.0,6.0,,False,0.5294117647058824,0.1875,False,False
2016_REG_05_ARI_SF_20161006,2016,5,REG,70178.0,63.7,0.0,7.9,0.25,0.25,False,False,False,False,False,False,False,False,False,5,10,3.0,3.0,WMO_2,False,0.3125,0.7777777777777778,False,False
2016_REG_05_ATL_DEN_20161009,2016,5,REG,76802.0,56.3,0.0,6.6,1.0,0.75,True,False,False,True,False,True,False,False,False,5,10,6.0,6.0,WMO_3,False,0.7894736842105263,0.5,False,False
2016_REG_05_BUF_LAR_20161009,2016,5,REG,83679.0,73.7,0.0,8.4,0.75,0.5,True,False,False,True,False,True,False,False,False,5,10,6.0,6.0,WMO_3,False,0.4375,0.5,False,False
2016_REG_05_CHI_IND_20161009,2016,5,REG,66622.0,,,,0.25,0.25,True,False,True,True,False,True,False,False,False,5,10,6.0,6.0,,False,0.5,0.375,False,False
2016_REG_05_CIN_DAL_20161009,2016,5,REG,91653.0,,,,0.75,0.5,True,False,True,True,False,True,False,False,False,5,10,6.0,9.0,,False,0.25,0.7058823529411765,False,False
2016_REG_05_HOU_MIN_20161009,2016,5,REG,66683.0,,,,1.0,0.75,True,False,True,True,False,True,False,False,False,5,10,5.0,6.0,,False,0.6470588235294118,0.5294117647058824,False,False
2016_REG_05_LAC_LV_20161009,2016,5,REG,54275.0,68.9,0.0,5.6,0.75,0.25,True,False,False,True,False,True,False,False,False,5,10,6.0,6.0,WMO_0,False,0.4375,0.25,False,False
2016_REG_05_NE_CLE_20161009,2016,5,REG,67431.0,54.0,0.0,12.5,0.0,0.75,True,False,False,True,False,True,False,False,False,5,10,6.0,6.0,WMO_3,False,0.1875,0.7222222222222222,False,False
2016_REG_05_NYG_GB_20161009,2016,5,REG,78401.0,47.8,0.0,7.0,0.6666666666666666,0.5,True,False,False,True,False,True,False,False,False,5,10,13.0,5.0,WMO_3,False,0.6111111111111112,0.375,False,False
2016_REG_05_NYJ_PIT_20161009,2016,5,REG,66385.0,54.1,0.0,10.7,0.75,0.25,True,False,False,True,False,True,False,False,False,5,10,6.0,6.0,WMO_3,False,0.6111111111111112,0.625,False,False
2016_REG_05_PHI_DET_20161009,2016,5,REG,58047.0,,,,0.25,1.0,True,False,True,True,False,True,False,False,False,5,10,6.0,13.0,,False,0.4375,0.4375,False,False
2016_REG_05_TB_CAR_20161010,2016,5,REG,73425.0,59.4,0.0,10.0,0.25,0.25,False,True,False,False,False,False,False,False,False,5,10,7.0,7.0,WMO_0,False,0.8947368421052632,0.375,False,False
2016_REG_05_TEN_MIA_20161009,2016,5,REG,64425.0,81.4,0.0,15.5,0.25,0.25,True,False,False,True,False,True,False,False,False,5,10,9.0,6.0,WMO_3,False,0.375,0.1875,False,False
2016_REG_05_WSH_BAL_20161009,2016,5,REG,71318.0,60.8,0.618,20.5,0.75,0.5,True,False,False,True,False,True,False,False,False,5,10,6.0,6.0,WMO_61|PRECIP|WINDY,True,0.3125,0.5294117647058824,False,False
2016_REG_06_ATL_SEA_20161016,2016,6,REG,69071.0,53.9,0.22,16.7,0.75,0.8,True,False,False,False,False,False,False,False,False,6,10,13.0,6.0,WMO_53|PRECIP,True,0.6111111111111112,0.5,False,False
2016_REG_06_BAL_NYG_20161016,2016,6,REG,78487.0,57.1,0.0,9.2,0.4,0.6,True,False,False,False,False,False,False,False,False,6,10,6.0,6.0,WMO_3,False,0.375,0.3125,False,False
2016_REG_06_CAR_NO_20161016,2016,6,REG,73138.0,,,,0.25,0.2,True,False,True,False,False,False,False,False,False,6,10,13.0,5.0,,False,0.4375,0.8947368421052632,False,False
2016_REG_06_CIN_NE_20161016,2016,6,REG,66829.0,53.5,0.0,10.8,0.8,0.4,True,False,False,False,False,False,False,False,False,6,10,6.0,6.0,WMO_3,False,0.7222222222222222,0.7058823529411765,False,False
2016_REG_06_CLE_TEN_20161016,2016,6,REG,60897.0,72.4,0.004,10.5,0.4,0.0,True,False,False,False,False,False,False,False,False,6,10,6.0,6.0,WMO_51|PRECIP,False,0.1875,0.1875,False,False
2016_REG_06_DAL_GB_20161016,2016,6,REG,78481.0,63.8,0.008,13.3,0.75,0.8,True,False,False,False,False,False,False,False,False,6,10,6.0,6.0,WMO_51|PRECIP,False,0.6111111111111112,0.25,False,False
2016_REG_06_DEN_LAC_20161013,2016,6,REG,58904.0,64.2,0.0,9.1,0.2,0.8,False,False,False,False,False,False,False,False,False,6,10,3.0,3.0,WMO_2,False,0.25,0.7894736842105263,False,False
2016_REG_06_IND_HOU_20161016,2016,6,REG,71891.0,,,,0.6,0.4,True,False,True,False,False,False,False,False,False,6,10,6.0,6.0,,False,0.5294117647058824,0.5,False,False
2016_REG_06_JAX_CHI_20161016,2016,6,REG,61054.0,65.2,0.858,16.8,0.2,0.25,True,False,False,False,False,False,False,False,False,6,10,6.0,13.0,WMO_63|PRECIP,True,0.375,0.3125,False,False
2016_REG_06_KC_LV_20161016,2016,6,REG,54211.0,62.0,0.618,16.1,0.8,0.5,True,False,False,False,False,False,False,False,False,6,10,6.0,13.0,WMO_61|PRECIP,True,0.4375,0.6666666666666666,False,False
2016_REG_06_LAR_DET_20161016,2016,6,REG,56018.0,,,,0.4,0.6,True,False,True,False,False,False,False,False,False,6,10,6.0,6.0,,False,0.4375,0.4375,False,False
2016_REG_06_NYJ_ARI_20161017,2016,6,REG,64709.0,,,,0.4,0.2,False,False,True,False,False,False,False,False,False,6,10,10.0,7.0,,False,0.7777777777777778,0.625,False,False
2016_REG_06_PHI_WSH_20161016,2016,6,REG,78934.0,59.2,0.0,6.9,0.6,0.75,True,False,False,False,False,False,False,False,False,6,10,6.0,6.0,WMO_2,False,0.5294117647058824,0.4375,False,False
2016_REG_06_PIT_MIA_20161016,2016,6,REG,65351.0,77.1,0.744,15.9,0.2,0.8,True,False,False,False,False,False,False,False,False,6,10,6.0,6.0,WMO_63|PRECIP,True,0.375,0.6111111111111112,False,False
2016_REG_06_SF_BUF_20161016,2016,6,REG,70003.0,64.6,0.035,15.9,0.6,0.2,True,False,False,False,False,False,False,False,False,6,10,6.0,9.0,WMO_51|PRECIP,False,0.5,0.3125,False,False
2016_REG_07_BAL_NYJ_20161023,2016,7,REG,78160.0,51.4,0.008,19.9,0.1666666666666666,0.5,True,False,False,False,False,False,False,False,False,7,10,5.0,6.0,WMO_51|PRECIP,True,0.625,0.3125,False,False
2016_REG_07_BUF_MIA_20161023,2016,7,REG,65658.0,71.7,0.0,14.0,0.3333333333333333,0.6666666666666666,True,False,False,False,False,False,False,False,False,7,10,6.0,6.0,WMO_3,False,0.375,0.5,False,False
2016_REG_07_CHI_GB_20161020,2016,7,REG,78217.0,49.2,0.0,10.9,0.6,0.1666666666666666,False,False,False,False,False,False,False,False,False,7,10,3.0,3.0,WMO_3,False,0.6111111111111112,0.375,False,False
2016_REG_07_CLE_CIN_20161023,2016,7,REG,65047.0,55.3,0.0,12.5,0.3333333333333333,0.0,True,False,False,False,False,False,False,False,False,7,10,6.0,6.0,WMO_1,False,0.7058823529411765,0.1875,False,False
2016_REG_07_HOU_DEN_20161024,2016,7,REG,76865.0,57.8,0.0,9.2,0.6666666666666666,0.6666666666666666,False,False,False,False,False,False,False,False,False,7,10,10.0,7.0,WMO_3,False,0.7894736842105263,0.5294117647058824,False,False
2016_REG_07_IND_TEN_20161023,2016,7,REG,65470.0,59.4,0.0,8.4,0.5,0.3333333333333333,True,False,False,False,False,False,False,False,False,7,10,6.0,6.0,WMO_0,False,0.1875,0.5,False,False
2016_REG_07_LAC_ATL_20161023,2016,7,REG,69832.0,,,,0.6666666666666666,0.3333333333333333,True,False,True,False,False,False,False,False,False,7,10,6.0,9.0,,False,0.5,0.25,False,False
2016_REG_07_LV_JAX_20161023,2016,7,REG,62614.0,61.1,0.0,6.3,0.4,0.6666666666666666,True,False,False,False,False,False,False,False,False,7,10,6.0,6.0,WMO_0,False,0.3125,0.4375,False,False
2016_REG_07_MIN_PHI_20161023,2016,7,REG,69596.0,53.3,0.0,17.2,0.6,1.0,True,False,False,False,False,False,False,False,False,7,10,6.0,13.0,WMO_3,True,0.4375,0.6470588235294118,False,False
2016_REG_07_NE_PIT_20161023,2016,7,REG,66009.0,51.3,0.0,12.5,0.6666666666666666,0.8333333333333334,True,False,False,False,False,False,False,False,False,7,10,6.0,6.0,WMO_3,False,0.6111111111111112,0.7222222222222222,False,False
2016_REG_07_NO_KC_20161023,2016,7,REG,76282.0,63.4,0.0,11.4,0.6,0.4,True,False,False,False,False,False,False,False,False,7,10,6.0,6.0,WMO_0,False,0.6666666666666666,0.4375,False,False
2016_REG_07_NYG_LAR_20161023,2016,7,REG,74121.0,49.3,0.0,14.9,0.5,0.5,True,False,False,False,False,False,False,False,False,7,10,6.0,6.0,WMO_3,False,0.4375,0.375,False,False
2016_REG_07_SEA_ARI_20161023,2016,7,REG,65089.0,,,,0.5,0.8,True,False,True,False,False,False,False,False,False,7,10,5.0,6.0,,False,0.7777777777777778,0.6111111111111112,False,False
2016_REG_07_TB_SF_20161023,2016,7,REG,70178.0,60.2,0.0,7.6,0.1666666666666666,0.4,True,False,False,False,False,False,False,False,False,7,10,6.0,12.0,WMO_3,False,0.3125,0.375,False,False
2016_REG_07_WSH_DET_20161023,2016,7,REG,60461.0,,,,0.5,0.6666666666666666,True,False,True,False,False,False,False,False,False,7,10,6.0,6.0,,False,0.4375,0.5294117647058824,False,False
2016_REG_08_ARI_CAR_20161030,2016,8,REG,74088.0,68.6,0.0,7.7,0.1666666666666666,0.5,True,False,False,False,False,False,False,False,False,8,10,13.0,6.0,WMO_3,False,0.8947368421052632,0.7777777777777778,False,False
2016_REG_08_DET_HOU_20161030,2016,8,REG,71882.0,,,,0.5714285714285714,0.5714285714285714,True,False,True,False,False,False,False,False,False,8,10,5.0,6.0,,False,0.5294117647058824,0.4375,False,False
2016_REG_08_GB_ATL_20161030,2016,8,REG,70165.0,,,,0.5714285714285714,0.6666666666666666,True,False,True,False,False,False,False,False,False,8,10,6.0,9.0,,False,0.5,0.6111111111111112,False,False
2016_REG_08_JAX_TEN_20161027,2016,8,REG,61619.0,69.1,0.094,10.3,0.4285714285714285,0.3333333333333333,False,False,False,False,False,False,False,False,False,8,10,3.0,3.0,WMO_53|PRECIP,False,0.1875,0.3125,False,False
2016_REG_08_KC_IND_20161030,2016,8,REG,65417.0,,,,0.4285714285714285,0.6666666666666666,True,False,True,False,False,False,False,False,False,8,10,6.0,6.0,,False,0.5,0.6666666666666666,False,False
2016_REG_08_LAC_DEN_20161030,2016,8,REG,76756.0,58.2,0.0,7.1,0.7142857142857143,0.4285714285714285,True,False,False,False,False,False,False,False,False,8,10,5.0,6.0,WMO_3,False,0.7894736842105263,0.25,False,False
2016_REG_08_LV_TB_20161030,2016,8,REG,61068.0,76.1,0.0,12.2,0.5,0.7142857142857143,True,False,False,False,False,False,False,False,False,8,10,6.0,6.0,WMO_3,False,0.375,0.4375,False,False
2016_REG_08_MIN_CHI_20161031,2016,8,REG,60422.0,51.1,0.0,12.5,0.1428571428571428,0.8333333333333334,False,False,False,False,False,False,False,False,False,8,10,10.0,7.0,WMO_3,False,0.375,0.6470588235294118,False,False
2016_REG_08_NE_BUF_20161030,2016,8,REG,70442.0,49.6,0.193,10.8,0.5714285714285714,0.8571428571428571,True,False,False,False,False,False,False,False,False,8,10,6.0,6.0,WMO_53|PRECIP,False,0.5,0.7222222222222222,False,False
2016_REG_08_NYJ_CLE_20161030,2016,8,REG,67431.0,56.2,0.283,15.6,0.0,0.2857142857142857,True,False,False,False,False,False,False,False,False,8,10,6.0,6.0,WMO_61|PRECIP,False,0.1875,0.625,False,False
2016_REG_08_PHI_DAL_20161030,2016,8,REG,93103.0,,,,0.8333333333333334,0.6666666666666666,True,False,True,False,False,False,False,False,False,8,10,13.0,6.0,,False,0.25,0.4375,False,False
2016_REG_08_SEA_NO_20161030,2016,8,REG,73188.0,,,,0.3333333333333333,0.75,True,False,True,False,False,False,False,False,False,8,10,6.0,6.0,,False,0.4375,0.6111111111111112,False,False
2016_REG_08_WSH_CIN_20161030,2016,8,REG,84488.0,53.9,0.0,7.0,0.4285714285714285,0.5714285714285714,True,False,False,False,False,False,False,False,False,8,10,6.0,6.0,WMO_3,False,0.7058823529411765,0.5294117647058824,False,False
2016_REG_09_ATL_TB_20161103,2016,9,REG,57797.0,73.9,0.0,10.4,0.4285714285714285,0.625,False,False,False,False,False,False,False,False,False,9,11,3.0,3.0,WMO_3,False,0.375,0.5,False,False
2016_REG_09_BUF_SEA_20161107,2016,9,REG,69084.0,53.8,0.012,6.5,0.6428571428571429,0.5,False,False,False,False,False,False,False,False,False,9,11,7.0,7.0,WMO_51|PRECIP,False,0.6111111111111112,0.5,False,False
2016_REG_09_CAR_LAR_20161106,2016,9,REG,86109.0,65.8,0.0,7.4,0.4285714285714285,0.2857142857142857,True,False,False,False,False,False,False,False,False,9,11,13.0,6.0,WMO_2,False,0.4375,0.8947368421052632,False,False
2016_REG_09_DAL_CLE_20161106,2016,9,REG,67431.0,53.7,0.0,9.3,0.0,0.8571428571428571,True,False,False,False,False,False,False,False,False,9,11,6.0,6.0,WMO_3,False,0.1875,0.25,False,False
2016_REG_09_DEN_LV_20161106,2016,9,REG,54957.0,61.0,0.004,5.4,0.75,0.75,True,False,False,False,False,False,False,False,False,9,11,6.0,6.0,WMO_51|PRECIP,False,0.4375,0.7894736842105263,False,False
2016_REG_09_DET_MIN_20161106,2016,9,REG,66807.0,,,,0.7142857142857143,0.5,True,False,True,False,False,False,False,False,False,9,11,5.0,6.0,,False,0.6470588235294118,0.4375,False,False
2016_REG_09_IND_GB_20161106,2016,9,REG,78437.0,51.7,0.0,6.6,0.5714285714285714,0.375,True,False,False,False,False,False,False,False,False,9,11,6.0,6.0,WMO_0,False,0.6111111111111112,0.5,False,False
2016_REG_09_JAX_KC_20161106,2016,9,REG,73294.0,55.5,0.0,7.1,0.7142857142857143,0.2857142857142857,True,False,False,False,False,False,False,False,False,9,11,6.0,9.0,WMO_3,False,0.6666666666666666,0.3125,False,False
2016_REG_09_NO_SF_20161106,2016,9,REG,70178.0,59.9,0.0,4.3,0.1428571428571428,0.4285714285714285,True,False,False,False,False,False,False,False,False,9,11,13.0,6.0,WMO_3,False,0.3125,0.4375,False,False
2016_REG_09_NYJ_MIA_20161106,2016,9,REG,65722.0,74.8,0.028,14.0,0.4285714285714285,0.375,True,False,False,False,False,False,False,False,False,9,11,13.0,6.0,WMO_51|PRECIP,False,0.375,0.625,False,False
2016_REG_09_PHI_NYG_20161106,2016,9,REG,80309.0,50.9,0.0,12.2,0.5714285714285714,0.5714285714285714,True,False,False,False,False,False,False,False,False,9,11,13.0,6.0,WMO_3,False,0.375,0.4375,False,False
2016_REG_09_PIT_BAL_20161106,2016,9,REG,71286.0,54.2,0.0,13.7,0.4285714285714285,0.5714285714285714,True,False,False,False,False,False,False,False,False,9,11,13.0,13.0,WMO_3,False,0.3125,0.6111111111111112,False,False
2016_REG_09_TEN_LAC_20161106,2016,9,REG,52281.0,66.5,0.0,9.0,0.375,0.5,True,False,False,False,False,False,False,False,False,9,11,6.0,9.0,WMO_2,False,0.25,0.1875,False,False
2016_REG_10_ATL_PHI_20161113,2016,10,REG,69596.0,43.3,0.0,8.4,0.5,0.6666666666666666,True,False,False,False,False,False,False,False,False,10,11,6.0,9.0,WMO_2,False,0.4375,0.5,False,False
2016_REG_10_CHI_TB_20161113,2016,10,REG,62898.0,66.8,0.0,6.6,0.375,0.25,True,False,False,False,False,False,False,False,False,10,11,9.0,12.0,WMO_3,False,0.375,0.375,False,False
2016_REG_10_CIN_NYG_20161114,2016,10,REG,76218.0,47.5,0.0,8.0,0.625,0.4375,False,False,False,False,False,False,False,False,False,10,11,7.0,14.0,WMO_3,False,0.375,0.7058823529411765,False,False
2016_REG_10_CLE_BAL_20161110,2016,10,REG,70921.0,50.0,0.0,15.7,0.5,0.0,False,False,False,False,False,False,False,False,False,10,11,3.0,3.0,WMO_3,False,0.3125,0.1875,False,False
2016_REG_10_DAL_PIT_20161113,2016,10,REG,67737.0,40.5,0.0,6.6,0.5,0.875,True,False,False,False,False,False,False,False,False,10,11,6.0,6.0,WMO_0,False,0.6111111111111112,0.25,False,False
2016_REG_10_DEN_NO_20161113,2016,10,REG,73138.0,,,,0.5,0.6666666666666666,True,False,True,False,False,False,False,False,False,10,11,6.0,6.0,,False,0.4375,0.7894736842105263,False,False
2016_REG_10_GB_TEN_20161113,2016,10,REG,69116.0,50.7,0.0,6.6,0.4444444444444444,0.5,True,False,False,False,False,False,False,False,False,10,11,6.0,6.0,WMO_0,False,0.1875,0.6111111111111112,False,False
2016_REG_10_HOU_JAX_20161113,2016,10,REG,62091.0,67.3,0.0,8.6,0.25,0.625,True,False,False,False,False,False,False,False,False,10,11,6.0,13.0,WMO_3,False,0.3125,0.5294117647058824,False,False
2016_REG_10_KC_CAR_20161113,2016,10,REG,74181.0,45.9,0.028,5.2,0.375,0.75,True,False,False,False,False,False,False,False,False,10,11,6.0,6.0,WMO_51|PRECIP,False,0.8947368421052632,0.6666666666666666,False,False
2016_REG_10_LAR_NYJ_20161113,2016,10,REG,78160.0,45.0,0.0,9.0,0.3333333333333333,0.375,True,False,False,False,False,False,False,False,False,10,11,6.0,6.0,WMO_3,False,0.625,0.4375,False,False
2016_REG_10_MIA_LAC_20161113,2016,10,REG,55107.0,69.9,0.0,7.7,0.4444444444444444,0.5,True,False,False,False,False,False,False,False,False,10,11,6.0,6.0,WMO_3,False,0.25,0.375,False,False
2016_REG_10_MIN_WSH_20161113,2016,10,REG,78216.0,43.8,0.0,7.1,0.5625,0.625,True,False,False,False,False,False,False,False,False,10,11,13.0,6.0,WMO_0,False,0.5294117647058824,0.6470588235294118,False,False
2016_REG_10_SEA_NE_20161113,2016,10,REG,66829.0,44.1,0.0,9.7,0.875,0.6875,True,False,False,False,False,False,False,False,False,10,11,13.0,5.0,WMO_3,False,0.7222222222222222,0.6111111111111112,False,False
2016_REG_10_SF_ARI_20161113,2016,10,REG,65127.0,,,,0.4375,0.125,True,False,True,False,False,False,False,False,False,10,11,13.0,6.0,,False,0.7777777777777778,0.3125,False,False
2016_REG_11_ARI_MIN_20161120,2016,11,REG,66808.0,,,,0.5555555555555556,0.5,True,False,True,False,False,False,False,False,False,11,11,6.0,6.0,,False,0.6470588235294118,0.7777777777777778,False,False
2016_REG_11_BAL_DAL_20161120,2016,11,REG,93056.0,,,,0.8888888888888888,0.5555555555555556,True,False,True,False,False,False,False,False,False,11,11,6.0,9.0,,False,0.25,0.3125,False,False
2016_REG_11_BUF_CIN_20161120,2016,11,REG,61356.0,35.6,0.0,13.5,0.3888888888888889,0.4444444444444444,True,False,False,False,False,False,False,False,False,11,11,5.0,12.0,WMO_2,False,0.7058823529411765,0.5,False,False
2016_REG_11_CHI_NYG_20161120,2016,11,REG,78898.0,41.5,0.461,19.5,0.6666666666666666,0.2222222222222222,True,False,False,False,False,False,False,False,False,11,11,5.0,6.0,WMO_73|SNOW,True,0.375,0.375,False,False
2016_REG_11_GB_WSH_20161120,2016,11,REG,77137.0,39.7,0.043,23.2,0.6111111111111112,0.4444444444444444,True,False,False,False,False,False,False,False,False,11,11,6.0,6.0,WMO_53|PRECIP|WINDY,True,0.5294117647058824,0.6111111111111112,False,False
2016_REG_11_HOU_LV_20161121,2016,11,REG,76473.0,54.0,0.0,4.7,0.7777777777777778,0.6666666666666666,False,False,False,False,False,False,False,False,False,11,11,14.0,7.0,WMO_3,False,0.4375,0.5294117647058824,False,False
2016_REG_11_JAX_DET_20161120,2016,11,REG,61486.0,,,,0.5555555555555556,0.2222222222222222,True,False,True,False,False,False,False,False,False,11,11,13.0,6.0,,False,0.4375,0.3125,False,False
2016_REG_11_MIA_LAR_20161120,2016,11,REG,83483.0,60.7,0.004,7.4,0.4444444444444444,0.5555555555555556,True,False,False,False,False,False,False,False,False,11,11,6.0,6.0,WMO_51|PRECIP,False,0.4375,0.375,False,False
2016_REG_11_NE_SF_20161120,2016,11,REG,70178.0,56.0,0.295,7.7,0.1111111111111111,0.7777777777777778,True,False,False,False,False,False,False,False,False,11,11,6.0,6.0,WMO_61|PRECIP,False,0.3125,0.7222222222222222,False,False
2016_REG_11_NO_CAR_20161117,2016,11,REG,73288.0,55.5,0.0,5.6,0.3333333333333333,0.4444444444444444,False,False,False,False,False,False,False,False,False,11,11,3.0,3.0,WMO_0,False,0.8947368421052632,0.4375,False,False
2016_REG_11_PHI_SEA_20161120,2016,11,REG,69190.0,49.4,0.169,9.3,0.7222222222222222,0.5555555555555556,True,False,False,False,False,False,False,False,False,11,11,6.0,6.0,WMO_53|PRECIP,False,0.6111111111111112,0.4375,False,False
2016_REG_11_PIT_CLE_20161120,2016,11,REG,67431.0,35.1,0.185,25.8,0.0,0.4444444444444444,True,False,False,False,False,False,False,False,False,11,11,9.0,6.0,WMO_73|SNOW|WINDY,True,0.1875,0.6111111111111112,False,False
2016_REG_11_TB_KC_20161120,2016,11,REG,72277.0,38.5,0.0,9.3,0.7777777777777778,0.4444444444444444,True,False,False,False,False,False,False,False,False,11,11,6.0,6.0,WMO_3,False,0.6666666666666666,0.375,False,False
2016_REG_11_TEN_IND_20161120,2016,11,REG,65048.0,,,,0.4444444444444444,0.5,True,False,True,False,False,False,False,False,False,11,11,13.0,6.0,,False,0.5,0.1875,False,False
2016_REG_12_ARI_ATL_20161127,2016,12,REG,69233.0,,,,0.6,0.45,True,False,True,False,False,False,False,False,False,12,11,13.0,6.0,,False,0.5,0.7777777777777778,False,False
2016_REG_12_CAR_LV_20161127,2016,12,REG,54909.0,51.4,0.331,13.0,0.8,0.4,True,False,False,False,False,False,False,False,False,12,11,5.0,9.0,WMO_55|PRECIP,False,0.4375,0.8947368421052632,False,False
2016_REG_12_CIN_BAL_20161127,2016,12,REG,70903.0,42.0,0.0,11.9,0.5,0.35,True,False,False,False,False,False,False,False,False,12,11,6.0,6.0,WMO_3,False,0.3125,0.7058823529411765,False,False
2016_REG_12_GB_PHI_20161128,2016,12,REG,69596.0,40.7,0.0,7.9,0.5,0.4,False,False,False,False,False,False,False,False,False,12,11,7.0,7.0,WMO_3,False,0.4375,0.6111111111111112,False,False
2016_REG_12_JAX_BUF_20161127,2016,12,REG,67849.0,37.9,0.039,10.8,0.5,0.2,True,False,False,False,False,False,False,False,False,12,11,6.0,6.0,WMO_71|SNOW,True,0.5,0.3125,False,False
2016_REG_12_KC_DEN_20161127,2016,12,REG,76819.0,38.4,0.0,11.4,0.7,0.7,True,False,False,False,False,False,False,False,False,12,11,13.0,6.0,WMO_3,False,0.7894736842105263,0.6666666666666666,False,False
2016_REG_12_LAC_HOU_20161127,2016,12,REG,71897.0,,,,0.6,0.4,True,False,True,False,False,False,False,False,False,12,11,5.0,13.0,,False,0.5294117647058824,0.25,False,False
2016_REG_12_LAR_NO_20161127,2016,12,REG,73067.0,,,,0.4,0.4,True,False,True,False,False,False,False,False,False,12,11,9.0,6.0,,False,0.4375,0.4375,False,False
2016_REG_12_MIN_DET_20161124,2016,12,REG,63793.0,,,,0.6,0.6,False,True,True,False,False,False,False,False,False,12,11,3.0,3.0,,False,0.4375,0.6470588235294118,False,False
2016_REG_12_NE_NYJ_20161127,2016,12,REG,78160.0,41.1,0.0,10.8,0.3,0.8,True,False,False,False,False,False,False,False,False,12,11,13.0,6.0,WMO_3,False,0.625,0.7222222222222222,False,False
2016_REG_12_NYG_CLE_20161127,2016,12,REG,60034.0,40.6,0.0,11.1,0.0,0.7,True,False,False,False,False,False,False,False,False,12,11,6.0,6.0,WMO_3,False,0.1875,0.375,False,False
2016_REG_12_PIT_IND_20161124,2016,12,REG,66583.0,,,,0.5,0.5,False,True,True,False,False,False,False,False,False,12,11,3.0,3.0,,False,0.5,0.6111111111111112,False,False
2016_REG_12_SEA_TB_20161127,2016,12,REG,63674.0,65.5,0.0,9.1,0.5,0.75,True,False,False,False,False,False,False,False,False,12,11,6.0,6.0,WMO_3,False,0.375,0.6111111111111112,False,False
2016_REG_12_SF_MIA_20161127,2016,12,REG,65856.0,72.6,0.008,12.9,0.6,0.1,True,False,False,False,False,False,False,False,False,12,11,6.0,6.0,WMO_51|PRECIP,False,0.375,0.3125,False,False
2016_REG_12_TEN_CHI_20161127,2016,12,REG,59494.0,41.5,0.016,12.3,0.2,0.4545454545454545,True,False,False,False,False,False,False,False,False,12,11,6.0,6.0,WMO_51|PRECIP,False,0.375,0.1875,False,False
2016_REG_12_WSH_DAL_20161124,2016,12,REG,93099.0,,,,0.9,0.65,False,True,True,False,False,False,False,False,False,12,11,3.0,3.0,,False,0.25,0.5294117647058824,False,False
2016_REG_13_BUF_LV_20161204,2016,13,REG,54759.0,50.1,0.0,4.9,0.8181818181818182,0.5454545454545454,True,False,False,False,False,False,False,False,False,13,12,6.0,6.0,WMO_3,False,0.4375,0.5,False,False
2016_REG_13_CAR_SEA_20161204,2016,13,REG,69104.0,42.1,0.402,14.2,0.6818181818181818,0.3636363636363636,True,False,False,False,False,False,False,False,False,13,12,6.0,6.0,WMO_55|PRECIP,False,0.6111111111111112,0.8947368421052632,False,False
2016_REG_13_DAL_MIN_20161201,2016,13,REG,66860.0,,,,0.5454545454545454,0.9090909090909092,False,False,True,False,False,False,False,False,False,13,12,6.0,6.0,,False,0.6470588235294118,0.25,False,False
2016_REG_13_DEN_JAX_20161204,2016,13,REG,63075.0,65.9,0.0,10.0,0.1818181818181818,0.6363636363636364,True,False,False,False,False,False,False,False,False,13,12,6.0,6.0,WMO_3,False,0.3125,0.7894736842105263,False,False
2016_REG_13_DET_NO_20161204,2016,13,REG,73137.0,,,,0.4545454545454545,0.6363636363636364,True,False,True,False,False,False,False,False,False,13,12,6.0,9.0,,False,0.4375,0.4375,False,False
2016_REG_13_HOU_GB_20161204,2016,13,REG,77867.0,30.6,0.181,7.7,0.4545454545454545,0.5454545454545454,True,False,False,False,False,False,False,False,False,13,12,5.0,6.0,WMO_73|SNOW,True,0.6111111111111112,0.5294117647058824,False,False
2016_REG_13_IND_NYJ_20161205,2016,13,REG,78160.0,39.6,0.24,9.9,0.2727272727272727,0.4545454545454545,False,False,False,False,False,False,False,False,False,13,12,7.0,10.0,WMO_71|SNOW,True,0.625,0.5,False,False
2016_REG_13_KC_ATL_20161204,2016,13,REG,69879.0,,,,0.6363636363636364,0.7272727272727273,True,False,True,False,False,False,False,False,False,13,12,6.0,6.0,,False,0.5,0.6666666666666666,False,False
2016_REG_13_LAR_NE_20161204,2016,13,REG,66829.0,34.5,0.0,9.7,0.8181818181818182,0.3636363636363636,True,False,False,False,False,False,False,False,False,13,12,6.0,6.0,WMO_3,False,0.7222222222222222,0.4375,False,False
2016_REG_13_MIA_BAL_20161204,2016,13,REG,70916.0,40.5,0.0,11.8,0.5454545454545454,0.6363636363636364,True,False,False,False,False,False,False,False,False,13,12,6.0,6.0,WMO_3,False,0.3125,0.375,False,False
2016_REG_13_NYG_PIT_20161204,2016,13,REG,65825.0,37.9,0.0,7.9,0.5454545454545454,0.7272727272727273,True,False,False,False,False,False,False,False,False,13,12,9.0,6.0,WMO_3,False,0.6111111111111112,0.375,False,False
2016_REG_13_PHI_CIN_20161204,2016,13,REG,55456.0,39.1,0.118,7.6,0.3181818181818182,0.4545454545454545,True,False,False,False,False,False,False,False,False,13,12,6.0,5.0,WMO_61|PRECIP,False,0.7058823529411765,0.4375,False,False
2016_REG_13_SF_CHI_20161204,2016,13,REG,59782.0,34.3,0.417,7.4,0.1818181818181818,0.0909090909090909,True,False,False,False,False,False,False,False,False,13,12,6.0,6.0,WMO_75|SNOW,True,0.375,0.3125,False,False
2016_REG_13_TB_LAC_20161204,2016,13,REG,53832.0,55.7,0.0,8.2,0.4545454545454545,0.5454545454545454,True,False,False,False,False,False,False,False,False,13,12,6.0,6.0,WMO_0,False,0.25,0.375,False,False
2016_REG_13_WSH_ARI_20161204,2016,13,REG,64939.0,,,,0.4090909090909091,0.5909090909090909,True,False,True,False,False,False,False,False,False,13,12,6.0,9.0,,False,0.7777777777777778,0.5294117647058824,False,False
2016_REG_14_ARI_MIA_20161211,2016,14,REG,65750.0,72.2,0.594,18.9,0.5833333333333334,0.4583333333333333,True,False,False,False,False,False,False,False,False,14,12,6.0,6.0,WMO_61|PRECIP,True,0.375,0.7777777777777778,False,False
2016_REG_14_ATL_LAR_20161211,2016,14,REG,82495.0,60.6,0.008,5.4,0.3333333333333333,0.5833333333333334,True,False,False,False,False,False,False,False,False,14,12,6.0,6.0,WMO_51|PRECIP,False,0.4375,0.5,False,False
2016_REG_14_BAL_NE_20161212,2016,14,REG,66829.0,33.7,0.524,11.5,0.8333333333333334,0.5833333333333334,False,False,False,False,False,False,False,False,False,14,12,7.0,7.0,WMO_73|SNOW,True,0.7222222222222222,0.3125,False,False
2016_REG_14_CHI_DET_20161211,2016,14,REG,61726.0,,,,0.6666666666666666,0.25,True,False,True,False,False,False,False,False,False,14,12,6.0,6.0,,False,0.4375,0.375,False,False
2016_REG_14_CIN_CLE_20161211,2016,14,REG,60028.0,27.8,0.205,15.0,0.0,0.375,True,False,False,False,False,False,False,False,False,14,12,13.0,6.0,WMO_73|SNOW,True,0.1875,0.7058823529411765,False,False
2016_REG_14_DAL_NYG_20161211,2016,14,REG,80874.0,28.4,0.02,6.4,0.6666666666666666,0.9166666666666666,True,False,False,False,False,False,False,False,False,14,12,6.0,9.0,WMO_71|SNOW,True,0.375,0.25,False,False
2016_REG_14_DEN_TEN_20161211,2016,14,REG,68780.0,36.7,0.016,14.3,0.5,0.6666666666666666,True,False,False,False,False,False,False,False,False,14,12,13.0,6.0,WMO_51|PRECIP,False,0.1875,0.7894736842105263,False,False
2016_REG_14_HOU_IND_20161211,2016,14,REG,65250.0,,,,0.5,0.5,True,False,True,False,False,False,False,False,False,14,12,5.0,6.0,,False,0.5,0.5294117647058824,False,False
2016_REG_14_LAC_CAR_20161211,2016,14,REG,73856.0,32.8,0.0,4.6,0.3333333333333333,0.4166666666666667,True,False,False,False,False,False,False,False,False,14,12,6.0,6.0,WMO_3,False,0.8947368421052632,0.25,False,False
2016_REG_14_LV_KC_20161208,2016,14,REG,75191.0,23.0,0.0,12.2,0.75,0.8333333333333334,False,False,False,False,False,False,False,False,False,14,12,3.0,3.0,WMO_3,False,0.6666666666666666,0.4375,False,False
2016_REG_14_MIN_JAX_20161211,2016,14,REG,62701.0,59.9,0.0,8.4,0.1666666666666666,0.5,True,False,False,False,False,False,False,False,False,14,12,6.0,9.0,WMO_3,False,0.3125,0.6470588235294118,False,False
2016_REG_14_NO_TB_20161211,2016,14,REG,62140.0,65.1,0.031,11.4,0.5833333333333334,0.4166666666666667,True,False,False,False,False,False,False,False,False,14,12,6.0,6.0,WMO_51|PRECIP,False,0.375,0.4375,False,False
2016_REG_14_NYJ_SF_20161211,2016,14,REG,70178.0,51.0,0.142,3.8,0.0833333333333333,0.25,True,False,False,False,False,False,False,False,False,14,12,6.0,5.0,WMO_61|PRECIP,False,0.3125,0.625,False,False
2016_REG_14_PIT_BUF_20161211,2016,14,REG,69657.0,26.3,0.165,10.8,0.5,0.5833333333333334,True,False,False,False,False,False,False,False,False,14,12,6.0,6.0,WMO_73|SNOW,True,0.5,0.6111111111111112,False,False
2016_REG_14_SEA_GB_20161211,2016,14,REG,78057.0,21.9,0.299,7.6,0.5,0.7083333333333334,True,False,False,False,False,False,False,False,False,14,12,6.0,6.0,WMO_73|SNOW,True,0.6111111111111112,0.6111111111111112,False,False
2016_REG_14_WSH_PHI_20161211,2016,14,REG,69596.0,29.3,0.0,6.7,0.4166666666666667,0.5416666666666666,True,False,False,False,False,False,False,False,False,14,12,6.0,6.0,WMO_71|SNOW,True,0.4375,0.5294117647058824,False,False
2016_REG_15_CAR_WSH_20161219,2016,15,REG,76689.0,32.2,0.0,9.2,0.5769230769230769,0.3846153846153846,False,False,False,False,False,False,False,False,False,15,12,7.0,7.0,WMO_3,False,0.5294117647058824,0.8947368421052632,False,False
2016_REG_15_CLE_BUF_20161218,2016,15,REG,66529.0,29.9,0.677,15.6,0.4615384615384615,0.0,True,False,False,False,False,False,False,False,False,15,12,6.0,6.0,WMO_73|SNOW,True,0.5,0.1875,False,False
2016_REG_15_DET_NYG_20161218,2016,15,REG,79434.0,43.8,0.177,15.7,0.6923076923076923,0.6923076923076923,True,False,False,False,False,False,False,False,False,15,12,6.0,6.0,WMO_61|PRECIP,True,0.375,0.4375,False,False
2016_REG_15_GB_CHI_20161218,2016,15,REG,61137.0,16.3,0.189,20.7,0.2307692307692307,0.5384615384615384,True,False,False,False,False,False,False,False,False,15,12,6.0,6.0,WMO_73|SNOW|WINDY,True,0.375,0.6111111111111112,False,False
2016_REG_15_IND_MIN_20161218,2016,15,REG,66820.0,,,,0.5384615384615384,0.4615384615384615,True,False,True,False,False,False,False,False,False,15,12,6.0,6.0,,False,0.6470588235294118,0.5,False,False
2016_REG_15_JAX_HOU_20161218,2016,15,REG,71803.0,,,,0.5384615384615384,0.1538461538461538,True,False,True,False,False,False,False,False,False,15,12,6.0,6.0,,False,0.5294117647058824,0.3125,False,False
2016_REG_15_LAR_SEA_20161215,2016,15,REG,69067.0,32.1,0.0,8.8,0.6538461538461539,0.3076923076923077,False,False,False,False,False,False,False,False,False,15,12,3.0,3.0,WMO_3,False,0.6111111111111112,0.4375,False,False
2016_REG_15_LV_LAC_20161218,2016,15,REG,68352.0,49.9,0.0,7.7,0.3846153846153846,0.7692307692307693,True,False,False,False,False,False,False,False,False,15,12,6.0,9.0,WMO_0,False,0.25,0.4375,False,False
2016_REG_15_MIA_NYJ_20161217,2016,15,REG,78160.0,28.6,0.551,6.8,0.3076923076923077,0.6153846153846154,True,False,False,False,False,False,False,False,False,15,12,5.0,5.0,WMO_75|SNOW,True,0.625,0.375,False,False
2016_REG_15_NE_DEN_20161218,2016,15,REG,76893.0,-4.4,0.0,6.4,0.6153846153846154,0.8461538461538461,True,False,False,False,False,False,False,False,False,15,12,6.0,5.0,WMO_3,True,0.7894736842105263,0.7222222222222222,False,False
2016_REG_15_NO_ARI_20161218,2016,15,REG,65072.0,,,,0.4230769230769231,0.3846153846153846,True,False,True,False,False,False,False,False,False,15,12,6.0,6.0,,False,0.7777777777777778,0.4375,False,False
2016_REG_15_PHI_BAL_20161218,2016,15,REG,71223.0,48.2,0.228,21.2,0.5384615384615384,0.3846153846153846,True,False,False,False,False,False,False,False,False,15,12,5.0,6.0,WMO_61|PRECIP|WINDY,True,0.3125,0.4375,False,False
2016_REG_15_PIT_CIN_20161218,2016,15,REG,62096.0,31.2,0.941,13.3,0.4230769230769231,0.6153846153846154,True,False,False,False,False,False,False,False,False,15,12,6.0,6.0,WMO_73|SNOW,True,0.7058823529411765,0.6111111111111112,False,False
2016_REG_15_SF_ATL_20161218,2016,15,REG,70164.0,,,,0.6153846153846154,0.0769230769230769,True,False,True,False,False,False,False,False,False,15,12,6.0,6.0,,False,0.5,0.3125,False,False
2016_REG_15_TB_DAL_20161218,2016,15,REG,93101.0,,,,0.8461538461538461,0.6153846153846154,True,False,True,False,False,False,False,False,False,15,12,6.0,6.0,,False,0.25,0.375,False,False
2016_REG_15_TEN_KC_20161218,2016,15,REG,68084.0,5.8,0.079,15.3,0.7692307692307693,0.5384615384615384,True,False,False,False,False,False,False,False,False,15,12,9.0,6.0,WMO_73|SNOW,True,0.6666666666666666,0.1875,False,False
2016_REG_16_ARI_SEA_20161224,2016,16,REG,69050.0,35.9,0.083,4.4,0.6785714285714286,0.3928571428571428,True,False,False,False,False,False,False,False,False,16,12,8.0,5.0,WMO_73|SNOW,True,0.6111111111111112,0.7777777777777778,False,False
2016_REG_16_ATL_CAR_20161224,2016,16,REG,73549.0,48.6,0.047,8.6,0.4285714285714285,0.6428571428571429,True,False,False,False,False,False,False,False,False,16,12,4.0,5.0,WMO_51|PRECIP,False,0.8947368421052632,0.5,False,False
2016_REG_16_BAL_PIT_20161225,2016,16,REG,66276.0,35.9,0.0,6.1,0.6428571428571429,0.5714285714285714,True,False,False,True,False,True,False,False,False,16,12,6.0,6.0,WMO_3,False,0.6111111111111112,0.3125,False,False
2016_REG_16_CIN_HOU_20161224,2016,16,REG,71836.0,,,,0.5714285714285714,0.3928571428571428,True,False,True,False,False,False,False,False,False,16,12,5.0,5.0,,False,0.5294117647058824,0.7058823529411765,False,False
2016_REG_16_DEN_KC_20161225,2016,16,REG,76671.0,47.1,0.035,19.3,0.7142857142857143,0.5714285714285714,True,False,False,True,False,True,False,False,False,16,12,6.0,6.0,WMO_51|PRECIP,True,0.6666666666666666,0.7894736842105263,False,False
2016_REG_16_DET_DAL_20161226,2016,16,REG,92885.0,,,,0.8571428571428571,0.6428571428571429,False,True,True,False,False,False,False,False,False,16,12,7.0,7.0,,False,0.25,0.4375,False,False
2016_REG_16_IND_LV_20161224,2016,16,REG,54896.0,44.9,0.024,10.4,0.7857142857142857,0.5,True,False,False,False,False,False,False,False,False,16,12,5.0,5.0,WMO_51|PRECIP,False,0.4375,0.5,False,False
2016_REG_16_LAC_CLE_20161224,2016,16,REG,57272.0,37.4,0.083,14.5,0.0,0.3571428571428571,True,False,False,False,False,False,False,False,False,16,12,5.0,5.0,WMO_51|PRECIP,False,0.1875,0.25,False,False
2016_REG_16_MIA_BUF_20161224,2016,16,REG,64690.0,37.4,0.138,15.4,0.5,0.6428571428571429,True,False,False,False,False,False,False,False,False,16,12,5.0,6.0,WMO_53|PRECIP,False,0.5,0.375,False,False
2016_REG_16_MIN_GB_20161224,2016,16,REG,77856.0,32.4,0.146,8.1,0.5714285714285714,0.5,True,False,False,False,False,False,False,False,False,16,12,5.0,5.0,WMO_73|SNOW,True,0.6111111111111112,0.6470588235294118,False,False
2016_REG_16_NYG_PHI_20161222,2016,16,REG,69596.0,36.4,0.0,11.8,0.3571428571428571,0.7142857142857143,False,False,False,False,False,False,False,False,False,16,12,3.0,3.0,WMO_3,False,0.4375,0.375,False,False
2016_REG_16_NYJ_NE_20161224,2016,16,REG,66829.0,36.0,0.299,11.0,0.8571428571428571,0.2857142857142857,True,False,False,False,False,False,False,False,False,16,12,5.0,6.0,WMO_61|PRECIP,False,0.7222222222222222,0.625,False,False
2016_REG_16_SF_LAR_20161224,2016,16,REG,83656.0,51.9,0.724,14.5,0.2857142857142857,0.0714285714285714,True,False,False,False,False,False,False,False,False,16,12,8.0,5.0,WMO_63|PRECIP,True,0.4375,0.3125,False,False
2016_REG_16_TB_NO_20161224,2016,16,REG,73177.0,,,,0.4285714285714285,0.5714285714285714,True,False,True,False,False,False,False,False,False,16,12,5.0,5.0,,False,0.4375,0.375,False,False
2016_REG_16_TEN_JAX_20161224,2016,16,REG,59621.0,66.2,0.0,5.4,0.1428571428571428,0.5714285714285714,True,False,False,False,False,False,False,False,False,16,12,5.0,5.0,WMO_3,False,0.3125,0.1875,False,False
2016_REG_16_WSH_CHI_20161224,2016,16,REG,57953.0,34.2,0.071,10.7,0.2142857142857142,0.5357142857142857,True,False,False,False,False,False,False,False,False,16,12,5.0,4.0,WMO_73|SNOW,True,0.375,0.5294117647058824,False,False
2016_REG_17_ARI_LAR_20170101,2016,17,REG,80729.0,47.3,0.264,9.1,0.2666666666666666,0.4333333333333333,True,False,False,False,False,False,False,False,False,17,1,7.0,7.0,WMO_61|PRECIP,False,0.4375,0.7777777777777778,False,False
2016_REG_17_BAL_CIN_20170101,2016,17,REG,54944.0,40.7,0.0,13.2,0.3666666666666666,0.5333333333333333,True,False,False,False,False,False,False,False,False,17,1,7.0,6.0,WMO_3,False,0.7058823529411765,0.3125,False,False
2016_REG_17_BUF_NYJ_20170101,2016,17,REG,78160.0,41.2,0.008,15.3,0.2666666666666666,0.4666666666666667,True,False,False,False,False,False,False,False,False,17,1,7.0,7.0,WMO_51|PRECIP,False,0.625,0.5,False,False
2016_REG_17_CAR_TB_20170101,2016,17,REG,62037.0,66.5,0.0,11.7,0.5333333333333333,0.4,True,False,False,False,False,False,False,False,False,17,1,7.0,7.0,WMO_0,False,0.375,0.8947368421052632,False,False
2016_REG_17_CHI_MIN_20170101,2016,17,REG,66808.0,,,,0.4666666666666667,0.2,True,False,True,False,False,False,False,False,False,17,1,7.0,7.0,,False,0.6470588235294118,0.375,False,False
2016_REG_17_CLE_PIT_20170101,2016,17,REG,55921.0,36.5,0.067,14.4,0.6666666666666666,0.0666666666666666,True,False,False,False,False,False,False,False,False,17,1,6.0,7.0,WMO_53|PRECIP,False,0.6111111111111112,0.1875,False,False
2016_REG_17_DAL_PHI_20170101,2016,17,REG,69596.0,43.0,0.0,15.3,0.4,0.8666666666666667,True,False,False,False,False,False,False,False,False,17,1,9.0,5.0,WMO_3,False,0.4375,0.25,False,False
2016_REG_17_GB_DET_20170101,2016,17,REG,66345.0,,,,0.6,0.6,True,False,True,False,False,False,False,False,False,17,1,5.0,7.0,,False,0.4375,0.6111111111111112,False,False
2016_REG_17_HOU_TEN_20170101,2016,17,REG,65205.0,46.8,0.378,7.0,0.5333333333333333,0.6,True,False,False,False,False,False,False,False,False,17,1,7.0,7.0,WMO_55|PRECIP,False,0.1875,0.5294117647058824,False,False
2016_REG_17_JAX_IND_20170101,2016,17,REG,65160.0,,,,0.4666666666666667,0.2,True,False,True,False,False,False,False,False,False,17,1,7.0,7.0,,False,0.5,0.3125,False,False
2016_REG_17_KC_LAC_20170101,2016,17,REG,54915.0,52.3,0.39,14.4,0.3333333333333333,0.7333333333333333,True,False,False,False,False,False,False,False,False,17,1,7.0,6.0,WMO_63|PRECIP,False,0.25,0.6666666666666666,False,False
2016_REG_17_LV_DEN_20170101,2016,17,REG,76836.0,30.2,0.0,8.0,0.5333333333333333,0.8,True,False,False,False,False,False,False,False,False,17,1,6.0,7.0,WMO_3,False,0.7894736842105263,0.4375,False,False
2016_REG_17_NE_MIA_20170101,2016,17,REG,66163.0,72.9,0.0,11.9,0.6666666666666666,0.8666666666666667,True,False,False,False,False,False,False,False,False,17,1,7.0,7.0,WMO_3,False,0.375,0.7222222222222222,False,False
2016_REG_17_NO_ATL_20170101,2016,17,REG,70835.0,,,,0.6666666666666666,0.4666666666666667,True,False,True,False,False,False,False,False,False,17,1,7.0,7.0,,False,0.5,0.4375,False,False
2016_REG_17_NYG_WSH_20170101,2016,17,REG,79471.0,44.4,0.0,15.2,0.5666666666666667,0.6666666666666666,True,False,False,False,False,False,False,False,False,17,1,7.0,9.0,WMO_3,False,0.5294117647058824,0.375,False,False
2016_REG_17_SEA_SF_20170101,2016,17,REG,70178.0,46.1,0.0,12.0,0.1333333333333333,0.6333333333333333,True,False,False,False,False,False,False,False,False,17,1,7.0,7.0,WMO_3,False,0.3125,0.6111111111111112,False,False
2016_POST_18_DET_SEA_20170107,2016,18,POST,,30.5,0.0,7.9,0.65625,0.5625,True,False,False,False,False,False,False,False,False,18,1,5.0,5.0,WMO_3,False,0.6111111111111112,0.4375,False,False
2016_POST_18_LV_HOU_20170107,2016,18,POST,,,,,0.5625,0.75,True,False,True,False,False,False,False,False,False,18,1,5.0,5.0,,False,0.5294117647058824,0.4375,False,False
2016_POST_18_MIA_PIT_20170108,2016,18,POST,,11.3,0.008,14.9,0.6875,0.625,True,False,False,False,False,False,False,False,False,18,1,6.0,6.0,WMO_71|SNOW,True,0.6111111111111112,0.375,False,False
2016_POST_18_NYG_GB_20170108,2016,18,POST,,2.6,0.0,10.6,0.625,0.6875,True,False,False,False,False,False,False,False,False,18,1,6.0,6.0,WMO_3,True,0.6111111111111112,0.375,False,False
2016_POST_19_GB_DAL_20170115,2016,19,POST,,,,,0.8125,0.6470588235294118,True,False,True,False,False,False,False,False,False,19,1,13.0,6.0,,False,0.25,0.6111111111111112,False,False
2016_POST_19_HOU_NE_20170114,2016,19,POST,,25.0,0.0,10.3,0.875,0.5882352941176471,True,False,False,False,False,False,False,False,False,19,1,12.0,6.0,WMO_3,False,0.7222222222222222,0.5294117647058824,False,False
2016_POST_19_PIT_KC_20170115,2016,19,POST,,29.4,0.264,7.3,0.75,0.7058823529411765,True,False,False,False,False,False,False,False,False,19,1,13.0,6.0,WMO_55|PRECIP,False,0.6666666666666666,0.6111111111111112,False,False
2016_POST_19_SEA_ATL_20170114,2016,19,POST,,,,,0.6875,0.6764705882352942,True,False,True,False,False,False,False,False,False,19,1,12.0,6.0,,False,0.5,0.6111111111111112,False,False
2016_CON_20_GB_ATL_20170122,2016,20,CON,,,,,0.7058823529411765,0.6666666666666666,True,False,True,False,False,False,False,False,False,20,1,7.0,6.0,,False,0.5,0.6111111111111112,False,False
2016_CON_20_PIT_NE_20170122,2016,20,CON,,42.3,0.0,10.9,0.8823529411764706,0.7222222222222222,True,False,False,False,False,False,False,False,False,20,1,7.0,6.0,WMO_3,False,0.7222222222222222,0.6111111111111112,False,False
2016_POST_21_NE_ATL_20170205,2016,21,POST,,,,,0.7222222222222222,0.8888888888888888,True,False,True,False,False,False,False,False,False,21,2,13.0,13.0,,False,0.5,0.7222222222222222,False,False
2017_REG_01_ARI_DET_20170910,2017,1,REG,60957.0,,,,,,True,False,True,False,False,False,False,False,False,1,9,245.0,251.0,,False,0.5294117647058824,0.46875,False,False
2017_REG_01_ATL_CHI_20170910,2017,1,REG,61857.0,60.5,0.0,10.2,,,True,False,False,False,False,False,False,False,False,1,9,251.0,216.0,WMO_0,False,0.1875,0.6842105263157895,False,False
2017_REG_01_BAL_CIN_20170910,2017,1,REG,55254.0,60.8,0.0,8.1,,,True,False,False,False,False,False,False,False,False,1,9,251.0,251.0,WMO_0,False,0.40625,0.5,False,False
2017_REG_01_CAR_SF_20170910,2017,1,REG,70178.0,75.7,0.0,11.2,,,True,False,False,False,False,False,False,False,False,1,9,251.0,251.0,WMO_1,False,0.125,0.375,False,False
2017_REG_01_IND_LAR_20170910,2017,1,REG,60128.0,71.7,0.0,14.7,,,True,False,False,False,False,False,False,False,False,1,9,251.0,251.0,WMO_3,False,0.25,0.5,False,False
2017_REG_01_JAX_HOU_20170910,2017,1,REG,71710.0,,,,,,True,False,True,False,False,False,False,False,False,1,9,238.0,251.0,,False,0.5555555555555556,0.1875,False,False
2017_REG_01_KC_NE_20170907,2017,1,REG,65878.0,64.8,0.996,10.6,,,False,False,False,False,False,False,False,False,False,1,9,213.0,234.0,WMO_65|PRECIP,True,0.8947368421052632,0.7058823529411765,False,False
2017_REG_01_LAC_DEN_20170911,2017,1,REG,76324.0,71.8,0.134,9.3,,,False,False,False,False,False,False,False,False,False,1,9,252.0,252.0,WMO_61|PRECIP,False,0.5625,0.3125,False,False
2017_REG_01_LV_TEN_20170910,2017,1,REG,69089.0,66.0,0.0,8.3,,,True,False,False,False,False,False,False,False,False,1,9,251.0,245.0,WMO_3,False,0.5625,0.7058823529411765,False,False
2017_REG_01_NO_MIN_20170911,2017,1,REG,66606.0,,,,,,False,False,True,False,False,False,False,False,False,1,9,252.0,252.0,,False,0.5,0.4375,False,False
2017_REG_01_NYG_DAL_20170910,2017,1,REG,93183.0,,,,,,True,False,True,False,False,False,False,False,False,1,9,237.0,244.0,,False,0.7647058823529411,0.6470588235294118,False,False
2017_REG_01_NYJ_BUF_20170910,2017,1,REG,68751.0,56.8,0.0,5.5,,,True,False,False,False,False,False,False,False,False,1,9,251.0,251.0,WMO_3,False,0.4375,0.3125,False,False
2017_REG_01_PHI_WSH_20170910,2017,1,REG,78685.0,61.0,0.0,8.6,,,True,False,False,False,False,False,False,False,False,1,9,251.0,251.0,WMO_1,False,0.53125,0.4375,False,False
2017_REG_01_PIT_CLE_20170910,2017,1,REG,67431.0,57.1,0.0,16.1,,,True,False,False,False,False,False,False,False,False,1,9,251.0,230.0,WMO_0,False,0.0625,0.6842105263157895,False,False
2017_REG_01_SEA_GB_20170910,2017,1,REG,78381.0,58.7,0.0,8.9,,,True,False,False,False,False,False,False,False,False,1,9,230.0,238.0,WMO_0,False,0.631578947368421,0.6388888888888888,False,False
2017_REG_02_ARI_IND_20170917,2017,2,REG,63137.0,,,,0.0,0.0,True,False,True,False,False,False,False,False,False,2,9,6.0,6.0,,False,0.5,0.46875,False,False
2017_REG_02_BUF_CAR_20170917,2017,2,REG,74122.0,73.4,0.0,6.1,1.0,1.0,True,False,False,False,False,False,False,False,False,2,9,6.0,6.0,WMO_3,False,0.375,0.4375,False,False
2017_REG_02_CHI_TB_20170917,2017,2,REG,56640.0,79.9,0.098,10.4,,0.0,True,False,False,False,False,False,False,False,False,2,9,258.0,6.0,WMO_61|PRECIP,False,0.5625,0.1875,False,False
2017_REG_02_CLE_BAL_20170917,2017,2,REG,70605.0,72.4,0.051,7.2,1.0,0.0,True,False,False,False,False,False,False,False,False,2,9,6.0,6.0,WMO_53|PRECIP,False,0.5,0.0625,False,False
2017_REG_02_DAL_DEN_20170917,2017,2,REG,76919.0,59.0,0.035,9.8,1.0,1.0,True,False,False,False,False,False,False,False,False,2,9,5.0,6.0,WMO_51|PRECIP,False,0.5625,0.7647058823529411,False,False
2017_REG_02_DET_NYG_20170918,2017,2,REG,77004.0,69.9,0.008,10.7,0.0,1.0,False,False,False,False,False,False,False,False,False,2,9,7.0,7.0,WMO_51|PRECIP,False,0.6470588235294118,0.5294117647058824,False,False
2017_REG_02_GB_ATL_20170917,2017,2,REG,70826.0,,,,1.0,1.0,True,False,True,False,False,False,False,False,False,2,9,6.0,6.0,,False,0.6842105263157895,0.631578947368421,False,False
2017_REG_02_HOU_CIN_20170914,2017,2,REG,52942.0,64.3,0.189,6.0,0.0,0.0,False,False,False,False,False,False,False,False,False,2,9,3.0,3.0,WMO_61|PRECIP,False,0.40625,0.5555555555555556,False,False
2017_REG_02_MIA_LAC_20170917,2017,2,REG,25381.0,69.6,0.0,12.2,0.0,,True,False,False,False,False,False,False,False,False,2,9,5.0,251.0,WMO_3,False,0.3125,0.5882352941176471,False,False
2017_REG_02_MIN_PIT_20170917,2017,2,REG,65971.0,68.6,0.02,3.9,1.0,1.0,True,False,False,False,False,False,False,False,False,2,9,6.0,5.0,WMO_51|PRECIP,False,0.6842105263157895,0.5,False,False
2017_REG_02_NE_NO_20170917,2017,2,REG,73168.0,,,,0.0,0.0,True,False,True,False,False,False,False,False,False,2,9,5.0,9.0,,False,0.4375,0.8947368421052632,False,False
2017_REG_02_NYJ_LV_20170917,2017,2,REG,54729.0,62.2,0.0,8.6,1.0,0.0,True,False,False,False,False,False,False,False,False,2,9,6.0,6.0,WMO_3,False,0.7058823529411765,0.3125,False,False
2017_REG_02_PHI_KC_20170917,2017,2,REG,74971.0,70.4,0.713,13.7,1.0,1.0,True,False,False,False,False,False,False,False,False,2,9,9.0,6.0,WMO_65|PRECIP,True,0.7058823529411765,0.4375,False,False
2017_REG_02_SF_SEA_20170917,2017,2,REG,68729.0,60.4,0.224,15.1,0.0,0.0,True,False,False,False,False,False,False,False,False,2,9,6.0,6.0,WMO_61|PRECIP,False,0.6388888888888888,0.125,False,False
2017_REG_02_TEN_JAX_20170917,2017,2,REG,61709.0,77.3,0.028,10.4,1.0,0.0,True,False,False,False,False,False,False,False,False,2,9,6.0,6.0,WMO_53|PRECIP,False,0.1875,0.5625,False,False
2017_REG_02_WSH_LAR_20170917,2017,2,REG,56612.0,68.7,0.004,14.0,1.0,0.0,True,False,False,False,False,False,False,False,False,2,9,6.0,6.0,WMO_51|PRECIP,False,0.25,0.53125,False,False
2017_REG_03_ATL_DET_20170924,2017,3,REG,63240.0,,,,1.0,1.0,True,False,True,False,False,False,False,False,False,3,9,5.0,6.0,,False,0.5294117647058824,0.6842105263157895,False,False
2017_REG_03_BAL_JAX_20170924,2017,3,REG,84592.0,60.0,0.02,10.6,0.5,1.0,True,False,False,False,False,False,False,False,False,3,9,6.0,6.0,WMO_53|PRECIP,False,0.1875,0.5,False,False
2017_REG_03_CIN_GB_20170924,2017,3,REG,78323.0,79.6,0.004,10.0,0.5,0.0,True,False,False,False,False,False,False,False,False,3,9,6.0,9.0,WMO_51|PRECIP,False,0.631578947368421,0.40625,False,False
2017_REG_03_CLE_IND_20170924,2017,3,REG,63351.0,,,,0.0,0.0,True,False,True,False,False,False,False,False,False,3,9,6.0,6.0,,False,0.5,0.0625,False,False
2017_REG_03_DAL_ARI_20170925,2017,3,REG,65102.0,,,,0.5,0.5,False,False,True,False,False,False,False,False,False,3,9,7.0,7.0,,False,0.46875,0.7647058823529411,False,False
2017_REG_03_DEN_BUF_20170924,2017,3,REG,68865.0,73.8,0.0,6.1,0.5,1.0,True,False,False,False,False,False,False,False,False,3,9,6.0,6.0,WMO_0,False,0.4375,0.5625,False,False
2017_REG_03_HOU_NE_20170924,2017,3,REG,65878.0,70.8,0.0,5.9,0.5,0.5,True,False,False,False,False,False,False,False,False,3,9,6.0,9.0,WMO_3,False,0.8947368421052632,0.5555555555555556,False,False
2017_REG_03_KC_LAC_20170924,2017,3,REG,25386.0,67.4,0.0,13.2,0.0,1.0,True,False,False,False,False,False,False,False,False,3,9,6.0,6.0,WMO_0,False,0.3125,0.7058823529411765,False,False
2017_REG_03_LAR_SF_20170921,2017,3,REG,70178.0,62.9,0.0,14.2,0.0,0.5,False,False,False,False,False,False,False,False,False,3,9,3.0,3.0,WMO_3,False,0.125,0.25,False,False
2017_REG_03_LV_WSH_20170924,2017,3,REG,77123.0,74.9,0.0,6.5,0.5,1.0,True,False,False,False,False,False,False,False,False,3,9,6.0,6.0,WMO_3,False,0.53125,0.7058823529411765,False,False
2017_REG_03_MIA_NYJ_20170924,2017,3,REG,77562.0,75.7,0.0,7.9,0.0,1.0,True,False,False,False,False,False,False,False,False,3,9,6.0,6.0,WMO_0,False,0.3125,0.5882352941176471,False,False
2017_REG_03_NO_CAR_20170924,2017,3,REG,73775.0,75.8,0.0,10.1,1.0,0.0,True,False,False,False,False,False,False,False,False,3,9,6.0,6.0,WMO_3,False,0.375,0.4375,False,False
2017_REG_03_NYG_PHI_20170924,2017,3,REG,69596.0,77.1,0.0,5.2,0.5,0.0,True,False,False,False,False,False,False,False,False,3,9,6.0,5.0,WMO_1,False,0.4375,0.6470588235294118,False,False
2017_REG_03_PIT_CHI_20170924,2017,3,REG,61172.0,78.6,0.0,10.5,0.0,1.0,True,False,False,False,False,False,False,False,False,3,9,6.0,6.0,WMO_1,False,0.1875,0.6842105263157895,False,False
2017_REG_03_SEA_TEN_20170924,2017,3,REG,69127.0,76.9,0.0,5.2,0.5,0.5,True,False,False,False,False,False,False,False,False,3,9,6.0,6.0,WMO_2,False,0.5625,0.6388888888888888,False,False
2017_REG_03_TB_MIN_20170924,2017,3,REG,66390.0,,,,0.5,1.0,True,False,True,False,False,False,False,False,False,3,9,6.0,6.0,,False,0.5,0.5625,False,False
2017_REG_04_BUF_ATL_20171001,2017,4,REG,71273.0,,,,1.0,0.6666666666666666,True,False,True,False,False,False,False,False,False,4,10,6.0,6.0,,False,0.6842105263157895,0.4375,False,False
2017_REG_04_CAR_NE_20171001,2017,4,REG,65878.0,53.1,0.0,7.2,0.6666666666666666,0.6666666666666666,True,False,False,False,False,False,False,False,False,4,10,6.0,6.0,WMO_3,False,0.8947368421052632,0.375,False,False
2017_REG_04_CHI_GB_20170928,2017,4,REG,78362.0,59.7,0.012,13.8,0.6666666666666666,0.3333333333333333,False,False,False,False,False,False,False,False,False,4,9,3.0,3.0,WMO_51|PRECIP,False,0.631578947368421,0.1875,False,False
2017_REG_04_CIN_CLE_20171001,2017,4,REG,67431.0,53.8,0.0,12.9,0.0,0.0,True,False,False,False,False,False,False,False,False,4,10,6.0,6.0,WMO_3,False,0.0625,0.40625,False,False
2017_REG_04_DET_MIN_20171001,2017,4,REG,66730.0,,,,0.6666666666666666,0.6666666666666666,True,False,True,False,False,False,False,False,False,4,10,6.0,6.0,,False,0.5,0.5294117647058824,False,False
2017_REG_04_IND_SEA_20171001,2017,4,REG,68872.0,55.1,0.126,11.6,0.3333333333333333,0.3333333333333333,True,False,False,False,False,False,False,False,False,4,10,6.0,6.0,WMO_53|PRECIP,False,0.6388888888888888,0.5,False,False
2017_REG_04_JAX_NYJ_20171001,2017,4,REG,77562.0,57.3,0.0,13.4,0.3333333333333333,0.6666666666666666,True,False,False,False,False,False,False,False,False,4,10,6.0,6.0,WMO_1,False,0.3125,0.1875,False,False
2017_REG_04_LAR_DAL_20171001,2017,4,REG,91869.0,,,,0.6666666666666666,0.6666666666666666,True,False,True,False,False,False,False,False,False,4,10,5.0,9.0,,False,0.7647058823529411,0.25,False,False
2017_REG_04_LV_DEN_20171001,2017,4,REG,76909.0,56.4,0.035,14.0,0.6666666666666666,0.6666666666666666,True,False,False,False,False,False,False,False,False,4,10,6.0,6.0,WMO_53|PRECIP,False,0.5625,0.7058823529411765,False,False
2017_REG_04_NO_MIA_20171001,2017,4,REG,84423.0,60.3,0.071,18.0,0.5,0.3333333333333333,True,False,False,False,False,False,False,False,False,4,10,6.0,6.0,WMO_53|PRECIP,False,0.5882352941176471,0.4375,False,False
2017_REG_04_NYG_TB_20171001,2017,4,REG,63916.0,77.7,0.343,13.6,0.5,0.0,True,False,False,False,False,False,False,False,False,4,10,6.0,6.0,WMO_63|PRECIP,False,0.5625,0.6470588235294118,False,False
2017_REG_04_PHI_LAC_20171001,2017,4,REG,25374.0,67.8,0.0,9.4,0.0,0.6666666666666666,True,False,False,False,False,False,False,False,False,4,10,6.0,6.0,WMO_3,False,0.3125,0.4375,False,False
2017_REG_04_PIT_BAL_20171001,2017,4,REG,71126.0,57.0,0.0,8.7,0.6666666666666666,0.6666666666666666,True,False,False,False,False,False,False,False,False,4,10,6.0,6.0,WMO_0,False,0.5,0.6842105263157895,False,False
2017_REG_04_SF_ARI_20171001,2017,4,REG,64121.0,,,,0.3333333333333333,0.0,True,False,True,False,False,False,False,False,False,4,10,5.0,9.0,,False,0.46875,0.125,False,False
2017_REG_04_TEN_HOU_20171001,2017,4,REG,71804.0,,,,0.3333333333333333,0.6666666666666666,True,False,True,False,False,False,False,False,False,4,10,6.0,6.0,,False,0.5555555555555556,0.5625,False,False
2017_REG_04_WSH_KC_20171002,2017,4,REG,74587.0,73.1,0.008,16.9,1.0,0.6666666666666666,False,False,False,False,False,False,False,False,False,4,10,7.0,7.0,WMO_51|PRECIP,True,0.7058823529411765,0.53125,False,False
2017_REG_05_ARI_PHI_20171008,2017,5,REG,69596.0,74.3,0.146,13.1,0.75,0.5,True,False,False,True,False,True,False,False,False,5,10,6.0,6.0,WMO_53|PRECIP,False,0.4375,0.46875,False,False
2017_REG_05_BAL_LV_20171008,2017,5,REG,54980.0,62.9,0.0,6.8,0.5,0.5,True,False,False,True,False,True,False,False,False,5,10,6.0,6.0,WMO_0,False,0.7058823529411765,0.5,False,False
2017_REG_05_BUF_CIN_20171008,2017,5,REG,52367.0,68.0,0.858,16.5,0.25,0.75,True,False,False,True,False,True,False,False,False,5,10,6.0,6.0,WMO_63|PRECIP,True,0.40625,0.4375,False,False
2017_REG_05_CAR_DET_20171008,2017,5,REG,64288.0,,,,0.75,0.75,True,False,True,True,False,True,False,False,False,5,10,6.0,6.0,,False,0.5294117647058824,0.375,False,False
2017_REG_05_GB_DAL_20171008,2017,5,REG,93329.0,,,,0.5,0.75,True,False,True,True,False,True,False,False,False,5,10,6.0,9.0,,False,0.7647058823529411,0.631578947368421,False,False
2017_REG_05_JAX_PIT_20171008,2017,5,REG,66237.0,71.4,0.205,14.5,0.75,0.5,True,False,False,True,False,True,False,False,False,5,10,6.0,6.0,WMO_61|PRECIP,True,0.6842105263157895,0.1875,False,False
2017_REG_05_KC_HOU_20171008,2017,5,REG,71835.0,,,,0.5,1.0,True,False,True,True,False,True,False,False,False,5,10,6.0,5.0,,False,0.5555555555555556,0.7058823529411765,False,False
2017_REG_05_LAC_NYG_20171008,2017,5,REG,77373.0,72.9,0.193,15.2,0.0,0.0,True,False,False,True,False,True,False,False,False,5,10,6.0,6.0,WMO_61|PRECIP,False,0.6470588235294118,0.3125,False,False
2017_REG_05_MIN_CHI_20171009,2017,5,REG,61834.0,64.8,0.0,10.5,0.25,0.5,False,True,False,False,False,False,False,False,False,5,10,10.0,7.0,WMO_3,False,0.1875,0.5,False,False
2017_REG_05_NE_TB_20171005,2017,5,REG,64476.0,76.0,0.11,20.5,0.6666666666666666,0.5,False,False,False,False,False,False,False,False,False,5,10,3.0,3.0,WMO_53|PRECIP|WINDY,True,0.5625,0.8947368421052632,False,False
2017_REG_05_NYJ_CLE_20171008,2017,5,REG,62032.0,68.8,0.106,24.3,0.0,0.5,True,False,False,True,False,True,False,False,False,5,10,6.0,6.0,WMO_55|PRECIP|WINDY,True,0.0625,0.3125,False,False
2017_REG_05_SEA_LAR_20171008,2017,5,REG,60745.0,68.7,0.0,11.8,0.75,0.5,True,False,False,True,False,True,False,False,False,5,10,6.0,6.0,WMO_3,False,0.25,0.6388888888888888,False,False
2017_REG_05_SF_IND_20171008,2017,5,REG,65612.0,,,,0.25,0.0,True,False,True,True,False,True,False,False,False,5,10,6.0,6.0,,False,0.5,0.125,False,False
2017_REG_05_TEN_MIA_20171008,2017,5,REG,65135.0,80.9,0.079,8.1,0.3333333333333333,0.5,True,False,False,True,False,True,False,False,False,5,10,6.0,6.0,WMO_53|PRECIP,False,0.5882352941176471,0.5625,False,False
2017_REG_06_CHI_BAL_20171015,2017,6,REG,70616.0,66.2,0.0,10.8,0.6,0.2,True,False,False,False,False,False,False,False,False,6,10,6.0,5.0,WMO_3,False,0.5,0.1875,False,False
2017_REG_06_CLE_HOU_20171015,2017,6,REG,71815.0,,,,0.4,0.0,True,False,True,False,False,False,False,False,False,6,10,6.0,6.0,,False,0.5555555555555556,0.0625,False,False
2017_REG_06_DET_NO_20171015,2017,6,REG,73117.0,,,,0.5,0.6,True,False,True,False,False,False,False,False,False,6,10,13.0,6.0,,False,0.4375,0.5294117647058824,False,False
2017_REG_06_GB_MIN_20171015,2017,6,REG,66848.0,,,,0.6,0.8,True,False,True,False,False,False,False,False,False,6,10,5.0,6.0,,False,0.5,0.631578947368421,False,False
2017_REG_06_IND_TEN_20171016,2017,6,REG,63888.0,56.2,0.024,10.5,0.4,0.4,False,False,False,False,False,False,False,False,False,6,10,7.0,7.0,WMO_53|PRECIP,False,0.5625,0.5,False,False
2017_REG_06_LAC_LV_20171015,2017,6,REG,54685.0,67.5,0.0,12.5,0.4,0.2,True,False,False,False,False,False,False,False,False,6,10,6.0,6.0,WMO_3,False,0.7058823529411765,0.3125,False,False
2017_REG_06_LAR_JAX_20171015,2017,6,REG,56232.0,77.0,0.169,11.0,0.6,0.6,True,False,False,False,False,False,False,False,False,6,10,6.0,6.0,WMO_53|PRECIP,False,0.1875,0.25,False,False
2017_REG_06_MIA_ATL_20171015,2017,6,REG,70593.0,,,,0.75,0.5,True,False,True,False,False,False,False,False,False,6,10,13.0,6.0,,False,0.6842105263157895,0.5882352941176471,False,False
2017_REG_06_NE_NYJ_20171015,2017,6,REG,77562.0,67.5,0.0,14.6,0.6,0.6,True,False,False,False,False,False,False,False,False,6,10,6.0,9.0,WMO_3,False,0.3125,0.8947368421052632,False,False
2017_REG_06_NYG_DEN_20171015,2017,6,REG,76721.0,41.7,0.0,7.1,0.75,0.0,True,False,False,False,False,False,False,False,False,6,10,13.0,6.0,WMO_0,True,0.5625,0.6470588235294118,False,False
2017_REG_06_PHI_CAR_20171012,2017,6,REG,74373.0,74.8,0.063,7.1,0.8,0.8,False,False,False,False,False,False,False,False,False,6,10,3.0,3.0,WMO_53|PRECIP,False,0.375,0.4375,False,False
2017_REG_06_PIT_KC_20171015,2017,6,REG,76994.0,56.2,0.484,17.1,1.0,0.6,True,False,False,False,False,False,False,False,False,6,10,6.0,6.0,WMO_63|PRECIP,True,0.7058823529411765,0.6842105263157895,False,False
2017_REG_06_SF_WSH_20171015,2017,6,REG,75568.0,67.2,0.0,10.1,0.5,0.0,True,False,False,False,False,False,False,False,False,6,10,12.0,6.0,WMO_3,False,0.53125,0.125,False,False
2017_REG_06_TB_ARI_20171015,2017,6,REG,63999.0,,,,0.4,0.5,True,False,True,False,False,False,False,False,False,6,10,6.0,9.0,,False,0.46875,0.5625,False,False
2017_REG_07_ARI_LAR_20171022,2017,7,REG,73736.0,51.8,0.0,17.9,0.6666666666666666,0.5,True,False,False,False,False,False,False,False,False,7,10,6.0,6.0,WMO_3,True,0.25,0.46875,False,False
2017_REG_07_ATL_NE_20171022,2017,7,REG,65878.0,60.7,0.0,5.8,0.6666666666666666,0.6,True,False,False,False,False,False,False,False,False,7,10,6.0,6.0,WMO_3,False,0.8947368421052632,0.6842105263157895,False,False
2017_REG_07_BAL_MIN_20171022,2017,7,REG,66751.0,,,,0.6666666666666666,0.5,True,False,True,False,False,False,False,False,False,7,10,6.0,6.0,,False,0.5,0.5,False,False
2017_REG_07_CAR_CHI_20171022,2017,7,REG,61256.0,64.5,0.374,21.2,0.3333333333333333,0.6666666666666666,True,False,False,False,False,False,False,False,False,7,10,6.0,9.0,WMO_61|PRECIP|WINDY,True,0.1875,0.375,False,False
2017_REG_07_CIN_PIT_20171022,2017,7,REG,65363.0,61.8,0.0,7.5,0.6666666666666666,0.4,True,False,False,False,False,False,False,False,False,7,10,6.0,13.0,WMO_3,False,0.6842105263157895,0.40625,False,False
2017_REG_07_DAL_SF_20171022,2017,7,REG,70133.0,59.6,0.0,13.0,0.0,0.4,True,False,False,False,False,False,False,False,False,7,10,6.0,13.0,WMO_3,False,0.125,0.7647058823529411,False,False
2017_REG_07_DEN_LAC_20171022,2017,7,REG,25388.0,70.0,0.0,11.3,0.3333333333333333,0.6,True,False,False,False,False,False,False,False,False,7,10,6.0,6.0,WMO_0,False,0.3125,0.5625,False,False
2017_REG_07_JAX_IND_20171022,2017,7,REG,63104.0,,,,0.3333333333333333,0.5,True,False,True,False,False,False,False,False,False,7,10,5.0,6.0,,False,0.5,0.1875,False,False
2017_REG_07_KC_LV_20171019,2017,7,REG,55090.0,57.1,0.0,11.6,0.3333333333333333,0.8333333333333334,False,False,False,False,False,False,False,False,False,7,10,3.0,3.0,WMO_3,False,0.7058823529411765,0.7058823529411765,False,False
2017_REG_07_NO_GB_20171022,2017,7,REG,78380.0,61.8,0.362,14.7,0.6666666666666666,0.6,True,False,False,False,False,False,False,False,False,7,10,6.0,6.0,WMO_61|PRECIP,True,0.631578947368421,0.4375,False,False
2017_REG_07_NYJ_MIA_20171022,2017,7,REG,65025.0,80.2,0.083,14.0,0.6,0.5,True,False,False,False,False,False,False,False,False,7,10,6.0,6.0,WMO_61|PRECIP,False,0.5882352941176471,0.3125,False,False
2017_REG_07_SEA_NYG_20171022,2017,7,REG,78527.0,60.3,0.0,8.1,0.1666666666666666,0.6,True,False,False,False,False,False,False,False,False,7,10,6.0,13.0,WMO_3,False,0.6470588235294118,0.6388888888888888,False,False
2017_REG_07_TB_BUF_20171022,2017,7,REG,68561.0,65.0,0.0,11.5,0.6,0.4,True,False,False,False,False,False,False,False,False,7,10,13.0,6.0,WMO_3,False,0.4375,0.5625,False,False
2017_REG_07_TEN_CLE_20171022,2017,7,REG,59061.0,63.8,0.0,14.4,0.0,0.5,True,False,False,False,False,False,False,False,False,7,10,6.0,5.0,WMO_3,False,0.0625,0.5625,False,False
2017_REG_07_WSH_PHI_20171023,2017,7,REG,69596.0,63.7,0.035,13.8,0.8333333333333334,0.6,False,False,False,False,False,False,False,False,False,7,10,10.0,7.0,WMO_51|PRECIP,False,0.4375,0.53125,False,False
2017_REG_08_ATL_NYJ_20171029,2017,8,REG,77562.0,62.8,0.984,18.1,0.4285714285714285,0.5,True,False,False,False,False,False,False,False,False,8,10,6.0,6.0,WMO_63|PRECIP,True,0.3125,0.6842105263157895,False,False
2017_REG_08_CAR_TB_20171029,2017,8,REG,58545.0,65.4,0.051,20.9,0.3333333333333333,0.5714285714285714,True,False,False,False,False,False,False,False,False,8,10,6.0,6.0,WMO_53|PRECIP|WINDY,True,0.5625,0.375,False,False
2017_REG_08_CHI_NO_20171029,2017,8,REG,73192.0,,,,0.6666666666666666,0.4285714285714285,True,False,True,False,False,False,False,False,False,8,10,6.0,6.0,,False,0.4375,0.1875,False,False
2017_REG_08_DAL_WSH_20171029,2017,8,REG,78428.0,61.7,0.705,11.9,0.5,0.5,True,False,False,False,False,False,False,False,False,8,10,5.0,6.0,WMO_63|PRECIP,True,0.53125,0.7647058823529411,False,False
2017_REG_08_DEN_KC_20171030,2017,8,REG,76573.0,48.8,0.0,15.7,0.7142857142857143,0.5,False,False,False,False,False,False,False,False,False,8,10,10.0,7.0,WMO_3,False,0.7058823529411765,0.5625,False,False
2017_REG_08_HOU_SEA_20171029,2017,8,REG,69025.0,52.1,0.0,10.3,0.6666666666666666,0.5,True,False,False,False,False,False,False,False,False,8,10,6.0,13.0,WMO_3,False,0.6388888888888888,0.5555555555555556,False,False
2017_REG_08_IND_CIN_20171029,2017,8,REG,57901.0,38.9,0.0,9.7,0.3333333333333333,0.2857142857142857,True,False,False,False,False,False,False,False,False,8,10,6.0,6.0,WMO_3,False,0.40625,0.5,False,False
2017_REG_08_LAC_NE_20171029,2017,8,REG,65878.0,59.4,0.035,11.9,0.7142857142857143,0.4285714285714285,True,False,False,False,False,False,False,False,False,8,10,6.0,6.0,WMO_51|PRECIP,False,0.8947368421052632,0.3125,False,False
2017_REG_08_LV_BUF_20171029,2017,8,REG,69599.0,42.4,0.61,11.3,0.6666666666666666,0.4285714285714285,True,False,False,False,False,False,False,False,False,8,10,6.0,9.0,WMO_61|PRECIP,True,0.4375,0.7058823529411765,False,False
2017_REG_08_MIA_BAL_20171026,2017,8,REG,70408.0,51.8,0.012,14.2,0.4285714285714285,0.6666666666666666,False,False,False,False,False,False,False,False,False,8,10,3.0,3.0,WMO_51|PRECIP,False,0.5,0.5882352941176471,False,False
2017_REG_08_MIN_CLE_20171029,2017,8,REG,74237.0,53.0,0.02,14.4,0.0,0.7142857142857143,True,False,False,False,False,False,False,False,False,8,10,6.0,6.0,WMO_51|PRECIP,False,0.0625,0.5,False,False
2017_REG_08_PIT_DET_20171029,2017,8,REG,64983.0,,,,0.5,0.7142857142857143,True,False,True,False,False,False,False,False,False,8,10,13.0,6.0,,False,0.5294117647058824,0.6842105263157895,False,False
2017_REG_08_SF_PHI_20171029,2017,8,REG,69596.0,62.7,1.858,14.3,0.8571428571428571,0.0,True,False,False,False,False,False,False,False,False,8,10,5.0,6.0,WMO_65|PRECIP,True,0.4375,0.125,False,False
2017_REG_09_ARI_SF_20171105,2017,9,REG,70133.0,52.7,0.0,10.2,0.0,0.4285714285714285,True,False,False,False,False,False,False,False,False,9,11,6.0,13.0,WMO_3,False,0.125,0.46875,False,False
2017_REG_09_ATL_CAR_20171105,2017,9,REG,74244.0,59.2,0.0,10.1,0.625,0.5714285714285714,True,False,False,False,False,False,False,False,False,9,11,6.0,6.0,WMO_3,False,0.375,0.6842105263157895,False,False
2017_REG_09_BAL_TEN_20171105,2017,9,REG,67322.0,68.7,0.047,18.0,0.5714285714285714,0.5,True,False,False,False,False,False,False,False,False,9,11,13.0,9.0,WMO_53|PRECIP,False,0.5625,0.5,False,False
2017_REG_09_BUF_NYJ_20171102,2017,9,REG,77562.0,60.7,0.028,10.5,0.375,0.7142857142857143,False,False,False,False,False,False,False,False,False,9,11,3.0,3.0,WMO_53|PRECIP,False,0.3125,0.4375,False,False
2017_REG_09_CIN_JAX_20171105,2017,9,REG,60720.0,68.1,0.02,13.3,0.5714285714285714,0.4285714285714285,True,False,False,False,False,False,False,False,False,9,11,13.0,6.0,WMO_51|PRECIP,False,0.1875,0.40625,False,False
2017_REG_09_DEN_PHI_20171105,2017,9,REG,69596.0,56.4,0.295,7.8,0.875,0.4285714285714285,True,False,False,False,False,False,False,False,False,9,11,6.0,5.0,WMO_63|PRECIP,False,0.4375,0.5625,False,False
2017_REG_09_DET_GB_20171106,2017,9,REG,77575.0,33.2,0.0,10.8,0.5714285714285714,0.4285714285714285,False,False,False,False,False,False,False,False,False,9,11,14.0,7.0,WMO_3,False,0.631578947368421,0.5294117647058824,False,False
2017_REG_09_IND_HOU_20171105,2017,9,REG,71709.0,,,,0.4285714285714285,0.25,True,False,True,False,False,False,False,False,False,9,11,6.0,6.0,,False,0.5555555555555556,0.5,False,False
2017_REG_09_KC_DAL_20171105,2017,9,REG,93273.0,,,,0.5714285714285714,0.75,True,False,True,False,False,False,False,False,False,9,11,6.0,5.0,,False,0.7647058823529411,0.7058823529411765,False,False
2017_REG_09_LAR_NYG_20171105,2017,9,REG,76877.0,54.7,0.067,11.3,0.1428571428571428,0.7142857142857143,True,False,False,False,False,False,False,False,False,9,11,13.0,13.0,WMO_53|PRECIP,False,0.6470588235294118,0.25,False,False
2017_REG_09_LV_MIA_20171105,2017,9,REG,65139.0,73.1,0.051,7.4,0.5714285714285714,0.375,True,False,False,False,False,False,False,False,False,9,11,9.0,6.0,WMO_53|PRECIP,False,0.5882352941176471,0.7058823529411765,False,False
2017_REG_09_TB_NO_20171105,2017,9,REG,73121.0,,,,0.7142857142857143,0.2857142857142857,True,False,True,False,False,False,False,False,False,9,11,6.0,6.0,,False,0.4375,0.5625,False,False
2017_REG_09_WSH_SEA_20171105,2017,9,REG,68927.0,39.0,0.547,18.3,0.7142857142857143,0.4285714285714285,True,False,False,False,False,False,False,False,False,9,11,6.0,6.0,WMO_71|SNOW,True,0.6388888888888888,0.53125,False,False
2017_REG_10_CIN_TEN_20171112,2017,10,REG,67432.0,50.7,0.016,8.4,0.625,0.375,True,False,False,False,False,False,False,False,False,10,11,6.0,6.0,WMO_51|PRECIP,False,0.5625,0.40625,False,False
2017_REG_10_CLE_DET_20171112,2017,10,REG,64646.0,,,,0.5,0.0,True,False,True,False,False,False,False,False,False,10,11,5.0,13.0,,False,0.5294117647058824,0.0625,False,False
2017_REG_10_DAL_ATL_20171112,2017,10,REG,73761.0,,,,0.5,0.625,True,False,True,False,False,False,False,False,False,10,11,6.0,6.0,,False,0.6842105263157895,0.7647058823529411,False,False
2017_REG_10_GB_CHI_20171112,2017,10,REG,61285.0,38.1,0.087,10.5,0.375,0.5,True,False,False,False,False,False,False,False,False,10,11,13.0,5.0,WMO_71|SNOW,True,0.1875,0.631578947368421,False,False
2017_REG_10_HOU_LAR_20171112,2017,10,REG,60032.0,60.7,0.0,9.7,0.75,0.375,True,False,False,False,False,False,False,False,False,10,11,6.0,6.0,WMO_3,False,0.25,0.5555555555555556,False,False
2017_REG_10_LAC_JAX_20171112,2017,10,REG,60835.0,70.0,0.0,14.5,0.625,0.375,True,False,False,False,False,False,False,False,False,10,11,6.0,13.0,WMO_3,False,0.1875,0.3125,False,False
2017_REG_10_MIA_CAR_20171113,2017,10,REG,72790.0,48.8,0.535,9.9,0.6666666666666666,0.5,False,False,False,False,False,False,False,False,False,10,11,7.0,7.0,WMO_63|PRECIP,True,0.375,0.5882352941176471,False,False
2017_REG_10_MIN_WSH_20171112,2017,10,REG,74476.0,35.9,0.0,5.1,0.5,0.75,True,False,False,False,False,False,False,False,False,10,11,6.0,13.0,WMO_3,False,0.53125,0.5,False,False
2017_REG_10_NE_DEN_20171112,2017,10,REG,76820.0,38.5,0.0,7.6,0.375,0.75,True,False,False,False,False,False,False,False,False,10,11,6.0,13.0,WMO_3,False,0.5625,0.8947368421052632,False,False
2017_REG_10_NO_BUF_20171112,2017,10,REG,67501.0,34.2,0.008,9.7,0.625,0.75,True,False,False,False,False,False,False,False,False,10,11,9.0,6.0,WMO_51|PRECIP,False,0.4375,0.4375,False,False
2017_REG_10_NYG_SF_20171112,2017,10,REG,70133.0,56.9,0.0,7.6,0.0,0.125,True,False,False,False,False,False,False,False,False,10,11,6.0,6.0,WMO_3,False,0.125,0.6470588235294118,False,False
2017_REG_10_NYJ_TB_20171112,2017,10,REG,57911.0,71.9,0.043,17.2,0.25,0.4444444444444444,True,False,False,False,False,False,False,False,False,10,11,6.0,9.0,WMO_51|PRECIP,False,0.5625,0.3125,False,False
2017_REG_10_PIT_IND_20171112,2017,10,REG,66146.0,,,,0.3333333333333333,0.75,True,False,True,False,False,False,False,False,False,10,11,6.0,13.0,,False,0.5,0.6842105263157895,False,False
2017_REG_10_SEA_ARI_20171109,2017,10,REG,64639.0,,,,0.5,0.625,False,False,True,False,False,False,False,False,False,10,11,3.0,3.0,,False,0.46875,0.6388888888888888,False,False
2017_REG_11_ARI_HOU_20171119,2017,11,REG,71680.0,,,,0.3333333333333333,0.4444444444444444,True,False,True,False,False,False,False,False,False,11,11,6.0,9.0,,False,0.5555555555555556,0.46875,False,False
2017_REG_11_ATL_SEA_20171120,2017,11,REG,69026.0,47.0,1.083,17.9,0.6666666666666666,0.5555555555555556,False,False,False,False,False,False,False,False,False,11,11,10.0,7.0,WMO_63|PRECIP,True,0.6388888888888888,0.6842105263157895,False,False
2017_REG_11_BAL_GB_20171119,2017,11,REG,77945.0,29.2,0.0,13.8,0.5555555555555556,0.4444444444444444,True,False,False,False,False,False,False,False,False,11,11,6.0,13.0,WMO_3,False,0.631578947368421,0.5,False,False
2017_REG_11_BUF_LAC_20171119,2017,11,REG,25015.0,60.9,0.0,10.3,0.3333333333333333,0.5555555555555556,True,False,False,False,False,False,False,False,False,11,11,6.0,6.0,WMO_3,False,0.3125,0.4375,False,False
2017_REG_11_CIN_DEN_20171119,2017,11,REG,75707.0,38.0,0.0,9.3,0.3333333333333333,0.3333333333333333,True,False,False,False,False,False,False,False,False,11,11,6.0,6.0,WMO_3,False,0.5625,0.40625,False,False
2017_REG_11_DET_CHI_20171119,2017,11,REG,60635.0,33.6,0.0,19.4,0.3333333333333333,0.5555555555555556,True,False,False,False,False,False,False,False,False,11,11,6.0,6.0,WMO_3,False,0.1875,0.5294117647058824,False,False
2017_REG_11_JAX_CLE_20171119,2017,11,REG,57003.0,40.8,0.839,28.2,0.0,0.6666666666666666,True,False,False,False,False,False,False,False,False,11,11,6.0,6.0,WMO_73|SNOW|WINDY,True,0.0625,0.1875,False,False
2017_REG_11_KC_NYG_20171119,2017,11,REG,76363.0,50.9,0.35,22.9,0.1111111111111111,0.6666666666666666,True,False,False,False,False,False,False,False,False,11,11,6.0,13.0,WMO_63|PRECIP|WINDY,True,0.6470588235294118,0.7058823529411765,False,False
2017_REG_11_LAR_MIN_20171119,2017,11,REG,66809.0,,,,0.7777777777777778,0.7777777777777778,True,False,True,False,False,False,False,False,False,11,11,6.0,6.0,,False,0.5,0.25,False,False
2017_REG_11_NE_LV_20171119,2017,11,REG,77357.0,55.2,0.008,12.8,0.4444444444444444,0.7777777777777778,True,False,False,False,False,False,False,False,False,11,11,13.0,6.0,WMO_51|PRECIP,False,0.7058823529411765,0.8947368421052632,False,False
2017_REG_11_PHI_DAL_20171119,2017,11,REG,93247.0,,,,0.5555555555555556,0.8888888888888888,True,False,True,False,False,False,False,False,False,11,11,6.0,13.0,,False,0.7647058823529411,0.4375,False,False
2017_REG_11_TB_MIA_20171119,2017,11,REG,65089.0,71.1,0.0,6.0,0.4444444444444444,0.3333333333333333,True,False,False,False,False,False,False,False,False,11,11,5.0,6.0,WMO_2,False,0.5882352941176471,0.5625,False,False
2017_REG_11_TEN_PIT_20171116,2017,11,REG,60703.0,43.3,0.134,15.5,0.7777777777777778,0.6666666666666666,False,False,False,False,False,False,False,False,False,11,11,3.0,3.0,WMO_53|PRECIP,False,0.6842105263157895,0.5625,False,False
2017_REG_11_WSH_NO_20171119,2017,11,REG,73138.0,,,,0.7777777777777778,0.4444444444444444,True,False,True,False,False,False,False,False,False,11,11,6.0,6.0,,False,0.4375,0.53125,False,False
2017_REG_12_BUF_KC_20171126,2017,12,REG,74929.0,48.5,0.0,10.3,0.6,0.5,True,False,False,False,False,False,False,False,False,12,11,6.0,6.0,WMO_3,False,0.7058823529411765,0.4375,False,False
2017_REG_12_CAR_NYJ_20171126,2017,12,REG,77562.0,45.1,0.0,15.4,0.4,0.7,True,False,False,False,False,False,False,False,False,12,11,13.0,12.0,WMO_3,False,0.3125,0.375,False,False
2017_REG_12_CHI_PHI_20171126,2017,12,REG,69596.0,46.0,0.0,13.2,0.9,0.3,True,False,False,False,False,False,False,False,False,12,11,6.0,6.0,WMO_3,False,0.4375,0.1875,False,False
2017_REG_12_CLE_CIN_20171126,2017,12,REG,51710.0,39.3,0.0,7.9,0.4,0.0,True,False,False,False,False,False,False,False,False,12,11,6.0,6.0,WMO_3,False,0.40625,0.0625,False,False
2017_REG_12_DEN_LV_20171126,2017,12,REG,53930.0,62.2,0.339,14.6,0.4,0.3,True,False,False,False,False,False,False,False,False,12,11,6.0,6.0,WMO_61|PRECIP,False,0.7058823529411765,0.5625,False,False
2017_REG_12_GB_PIT_20171126,2017,12,REG,62147.0,39.9,0.0,9.2,0.8,0.5,True,False,False,False,False,False,False,False,False,12,11,9.0,6.0,WMO_3,False,0.6842105263157895,0.631578947368421,False,False
2017_REG_12_HOU_BAL_20171127,2017,12,REG,70357.0,43.9,0.0,11.7,0.5,0.4,False,False,False,False,False,False,False,False,False,12,11,7.0,7.0,WMO_3,False,0.5,0.5555555555555556,False,False
2017_REG_12_JAX_ARI_20171126,2017,12,REG,63891.0,,,,0.4,0.7,True,False,True,False,False,False,False,False,False,12,11,6.0,6.0,,False,0.46875,0.1875,False,False
2017_REG_12_LAC_DAL_20171123,2017,12,REG,93012.0,,,,0.5,0.4,False,True,True,False,False,False,False,False,False,12,11,3.0,3.0,,False,0.7647058823529411,0.3125,False,False
2017_REG_12_MIA_NE_20171126,2017,12,REG,65878.0,43.9,0.008,15.9,0.8,0.4,True,False,False,False,False,False,False,False,False,12,11,6.0,6.0,WMO_51|PRECIP,True,0.8947368421052632,0.5882352941176471,False,False
2017_REG_12_MIN_DET_20171123,2017,12,REG,66613.0,,,,0.6,0.8,False,True,True,False,False,False,False,False,False,12,11,3.0,3.0,,False,0.5294117647058824,0.5,False,False
2017_REG_12_NO_LAR_20171126,2017,12,REG,62006.0,61.9,0.0,13.0,0.7,0.8,True,False,False,False,False,False,False,False,False,12,11,6.0,6.0,WMO_3,False,0.25,0.4375,False,False
2017_REG_12_NYG_WSH_20171123,2017,12,REG,73210.0,36.8,0.0,9.2,0.4,0.2,False,True,False,False,False,False,False,False,False,12,11,3.0,3.0,WMO_0,False,0.53125,0.6470588235294118,False,False
2017_REG_12_SEA_SF_20171126,2017,12,REG,70134.0,62.5,0.161,13.5,0.1,0.6,True,False,False,False,False,False,False,False,False,12,11,13.0,5.0,WMO_55|PRECIP,False,0.125,0.6388888888888888,False,False
2017_REG_12_TB_ATL_20171126,2017,12,REG,71036.0,,,,0.6,0.4,True,False,True,False,False,False,False,False,False,12,11,5.0,6.0,,False,0.6842105263157895,0.5625,False,False
2017_REG_12_TEN_IND_20171126,2017,12,REG,62207.0,,,,0.3,0.6,True,False,True,False,False,False,False,False,False,12,11,13.0,9.0,,False,0.5,0.5625,False,False
2017_REG_13_CAR_NO_20171203,2017,13,REG,73171.0,,,,0.7272727272727273,0.7272727272727273,True,False,True,False,False,False,False,False,False,13,12,6.0,6.0,,False,0.4375,0.375,False,False
2017_REG_13_CLE_LAC_20171203,2017,13,REG,25320.0,60.4,0.0,7.6,0.4545454545454545,0.0,True,False,False,False,False,False,False,False,False,13,12,9.0,6.0,WMO_3,False,0.3125,0.0625,False,False
2017_REG_13_DEN_MIA_20171203,2017,13,REG,65092.0,70.3,0.0,8.3,0.3636363636363636,0.2727272727272727,True,False,False,False,False,False,False,False,False,13,12,6.0,6.0,WMO_2,False,0.5882352941176471,0.5625,False,False
2017_REG_13_DET_BAL_20171203,2017,13,REG,70500.0,43.6,0.039,7.6,0.5454545454545454,0.5454545454545454,True,False,False,False,False,False,False,False,False,13,12,5.0,9.0,WMO_53|PRECIP,False,0.5,0.5294117647058824,False,False
2017_REG_13_HOU_TEN_20171203,2017,13,REG,62758.0,48.9,0.0,6.6,0.6363636363636364,0.3636363636363636,True,False,False,False,False,False,False,False,False,13,12,6.0,5.0,WMO_3,False,0.5625,0.5555555555555556,False,False
2017_REG_13_IND_JAX_20171203,2017,13,REG,61207.0,64.7,0.008,9.7,0.6363636363636364,0.2727272727272727,True,False,False,False,False,False,False,False,False,13,12,6.0,6.0,WMO_51|PRECIP,False,0.1875,0.5,False,False
2017_REG_13_KC_NYJ_20171203,2017,13,REG,77562.0,41.1,0.0,5.3,0.3636363636363636,0.5454545454545454,True,False,False,False,False,False,False,False,False,13,12,6.0,6.0,WMO_3,False,0.3125,0.7058823529411765,False,False
2017_REG_13_LAR_ARI_20171203,2017,13,REG,63986.0,,,,0.4545454545454545,0.7272727272727273,True,False,True,False,False,False,False,False,False,13,12,6.0,6.0,,False,0.46875,0.25,False,False
2017_REG_13_MIN_ATL_20171203,2017,13,REG,71185.0,,,,0.6363636363636364,0.8181818181818182,True,False,True,False,False,False,False,False,False,13,12,6.0,9.0,,False,0.6842105263157895,0.5,False,False
2017_REG_13_NE_BUF_20171203,2017,13,REG,68499.0,39.7,0.0,14.1,0.5454545454545454,0.8181818181818182,True,False,False,False,False,False,False,False,False,13,12,6.0,6.0,WMO_3,False,0.4375,0.8947368421052632,False,False
2017_REG_13_NYG_LV_20171203,2017,13,REG,54994.0,52.8,0.02,10.0,0.4545454545454545,0.1818181818181818,True,False,False,False,False,False,False,False,False,13,12,6.0,9.0,WMO_51|PRECIP,False,0.7058823529411765,0.6470588235294118,False,False
2017_REG_13_PHI_SEA_20171203,2017,13,REG,69075.0,42.2,0.307,10.0,0.6363636363636364,0.9090909090909092,True,False,False,False,False,False,False,False,False,13,12,6.0,6.0,WMO_61|PRECIP,False,0.6388888888888888,0.4375,False,False
2017_REG_13_PIT_CIN_20171204,2017,13,REG,56029.0,46.4,0.0,12.5,0.4545454545454545,0.8181818181818182,False,False,False,False,False,False,False,False,False,13,12,7.0,7.0,WMO_3,False,0.40625,0.6842105263157895,False,False
2017_REG_13_SF_CHI_20171203,2017,13,REG,61302.0,40.2,0.0,10.7,0.2727272727272727,0.0909090909090909,True,False,False,False,False,False,False,False,False,13,12,6.0,6.0,WMO_3,False,0.1875,0.125,False,False
2017_REG_13_TB_GB_20171203,2017,13,REG,77684.0,35.8,0.0,7.5,0.4545454545454545,0.3636363636363636,True,False,False,False,False,False,False,False,False,13,12,6.0,6.0,WMO_3,False,0.631578947368421,0.5625,False,False
2017_REG_13_WSH_DAL_20171130,2017,13,REG,91712.0,,,,0.4545454545454545,0.4545454545454545,False,False,True,False,False,False,False,False,False,13,11,6.0,6.0,,False,0.7647058823529411,0.53125,False,False
2017_REG_14_BAL_PIT_20171210,2017,14,REG,60069.0,28.8,0.008,13.9,0.8333333333333334,0.5833333333333334,True,False,False,False,False,False,False,False,False,14,12,5.0,6.0,WMO_71|SNOW,True,0.6842105263157895,0.5,False,False
2017_REG_14_CHI_CIN_20171210,2017,14,REG,52002.0,28.3,0.004,14.7,0.4166666666666667,0.25,True,False,False,False,False,False,False,False,False,14,12,5.0,6.0,WMO_71|SNOW,True,0.40625,0.1875,False,False
2017_REG_14_DAL_NYG_20171210,2017,14,REG,78125.0,31.5,0.091,11.2,0.1666666666666666,0.5,True,False,False,False,False,False,False,False,False,14,12,6.0,9.0,WMO_73|SNOW,True,0.6470588235294118,0.7647058823529411,False,False
2017_REG_14_DET_TB_20171210,2017,14,REG,60372.0,50.0,0.0,15.4,0.3333333333333333,0.5,True,False,False,False,False,False,False,False,False,14,12,6.0,6.0,WMO_3,False,0.5625,0.5294117647058824,False,False
2017_REG_14_GB_CLE_20171210,2017,14,REG,67431.0,29.8,0.087,19.7,0.0,0.5,True,False,False,False,False,False,False,False,False,14,12,6.0,6.0,WMO_73|SNOW,True,0.0625,0.631578947368421,False,False
2017_REG_14_IND_BUF_20171210,2017,14,REG,60222.0,29.6,0.425,21.5,0.5,0.25,True,False,False,False,False,False,False,False,False,14,12,6.0,6.0,WMO_75|SNOW|WINDY,True,0.4375,0.5,False,False
2017_REG_14_LV_KC_20171210,2017,14,REG,74461.0,37.0,0.0,11.2,0.5,0.5,True,False,False,False,False,False,False,False,False,14,12,6.0,6.0,WMO_3,False,0.7058823529411765,0.7058823529411765,False,False
2017_REG_14_MIN_CAR_20171210,2017,14,REG,73728.0,34.3,0.035,12.5,0.6666666666666666,0.8333333333333334,True,False,False,False,False,False,False,False,False,14,12,6.0,6.0,WMO_71|SNOW,True,0.375,0.5,False,False
2017_REG_14_NE_MIA_20171211,2017,14,REG,65548.0,53.4,0.0,9.1,0.4166666666666667,0.8333333333333334,False,False,False,False,False,False,False,False,False,14,12,7.0,7.0,WMO_1,False,0.5882352941176471,0.8947368421052632,False,False
2017_REG_14_NO_ATL_20171207,2017,14,REG,72866.0,,,,0.5833333333333334,0.75,False,False,True,False,False,False,False,False,False,14,12,3.0,3.0,,False,0.6842105263157895,0.4375,False,False
2017_REG_14_NYJ_DEN_20171210,2017,14,REG,75518.0,41.2,0.0,9.3,0.25,0.4166666666666667,True,False,False,False,False,False,False,False,False,14,12,6.0,6.0,WMO_0,False,0.5625,0.3125,False,False
2017_REG_14_PHI_LAR_20171210,2017,14,REG,67752.0,64.1,0.0,7.1,0.75,0.8333333333333334,True,False,False,False,False,False,False,False,False,14,12,6.0,6.0,WMO_3,False,0.25,0.4375,False,False
2017_REG_14_SEA_JAX_20171210,2017,14,REG,64431.0,42.1,0.0,12.2,0.6666666666666666,0.6666666666666666,True,False,False,False,False,False,False,False,False,14,12,6.0,6.0,WMO_1,False,0.1875,0.6388888888888888,False,False
2017_REG_14_SF_HOU_20171210,2017,14,REG,71802.0,,,,0.3333333333333333,0.1666666666666666,True,False,True,False,False,False,False,False,False,14,12,6.0,6.0,,False,0.5555555555555556,0.125,False,False
2017_REG_14_TEN_ARI_20171210,2017,14,REG,64153.0,,,,0.4166666666666667,0.6666666666666666,True,False,True,False,False,False,False,False,False,14,12,6.0,6.0,,False,0.46875,0.5625,False,False
2017_REG_14_WSH_LAC_20171210,2017,14,REG,25393.0,64.2,0.0,6.0,0.5,0.4166666666666667,True,False,False,False,False,False,False,False,False,14,12,6.0,9.0,WMO_3,False,0.3125,0.53125,False,False
2017_REG_15_ARI_WSH_20171217,2017,15,REG,71026.0,36.7,0.0,8.4,0.3846153846153846,0.4615384615384615,True,False,False,False,False,False,False,False,False,15,12,6.0,6.0,WMO_3,False,0.53125,0.46875,False,False
2017_REG_15_ATL_TB_20171218,2017,15,REG,62382.0,69.4,0.0,7.0,0.3076923076923077,0.6153846153846154,False,False,False,False,False,False,False,False,False,15,12,7.0,10.0,WMO_3,False,0.5625,0.6842105263157895,False,False
2017_REG_15_BAL_CLE_20171217,2017,15,REG,56434.0,31.2,0.0,8.7,0.0,0.5384615384615384,True,False,False,False,False,False,False,False,False,15,12,6.0,6.0,WMO_3,False,0.0625,0.5,False,False
2017_REG_15_CHI_DET_20171216,2017,15,REG,65872.0,,,,0.5384615384615384,0.3076923076923077,True,False,True,False,False,False,False,False,False,15,12,5.0,5.0,,False,0.5294117647058824,0.1875,False,False
2017_REG_15_CIN_MIN_20171217,2017,15,REG,66833.0,,,,0.7692307692307693,0.3846153846153846,True,False,True,False,False,False,False,False,False,15,12,6.0,6.0,,False,0.5,0.40625,False,False
2017_REG_15_DAL_LV_20171217,2017,15,REG,55372.0,54.4,0.0,14.6,0.4615384615384615,0.5384615384615384,True,False,False,False,False,False,False,False,False,15,12,6.0,6.0,WMO_3,False,0.7058823529411765,0.7647058823529411,False,False
2017_REG_15_DEN_IND_20171214,2017,15,REG,63411.0,,,,0.2307692307692307,0.3076923076923077,False,False,True,False,False,False,False,False,False,15,12,3.0,3.0,,False,0.5,0.5625,False,False
2017_REG_15_GB_CAR_20171217,2017,15,REG,74447.0,39.9,0.0,6.8,0.6923076923076923,0.5384615384615384,True,False,False,False,False,False,False,False,False,15,12,6.0,6.0,WMO_3,False,0.375,0.631578947368421,False,False
2017_REG_15_HOU_JAX_20171217,2017,15,REG,64701.0,56.4,0.0,7.4,0.6923076923076923,0.3076923076923077,True,False,False,False,False,False,False,False,False,15,12,6.0,6.0,WMO_3,False,0.1875,0.5555555555555556,False,False
2017_REG_15_LAC_KC_20171216,2017,15,REG,75011.0,43.7,0.0,13.8,0.5384615384615384,0.5384615384615384,True,False,False,False,False,False,False,False,False,15,12,5.0,5.0,WMO_0,False,0.7058823529411765,0.3125,False,False
2017_REG_15_LAR_SEA_20171217,2017,15,REG,69077.0,43.7,0.374,21.3,0.6153846153846154,0.6923076923076923,True,False,False,False,False,False,False,False,False,15,12,6.0,6.0,WMO_55|PRECIP|WINDY,True,0.6388888888888888,0.25,False,False
2017_REG_15_MIA_BUF_20171217,2017,15,REG,62202.0,21.0,0.0,8.1,0.5384615384615384,0.4615384615384615,True,False,False,False,False,False,False,False,False,15,12,6.0,5.0,WMO_3,False,0.4375,0.5882352941176471,False,False
2017_REG_15_NE_PIT_20171217,2017,15,REG,68574.0,33.9,0.016,7.6,0.8461538461538461,0.7692307692307693,True,False,False,False,False,False,False,False,False,15,12,6.0,5.0,WMO_51|PRECIP,False,0.6842105263157895,0.8947368421052632,False,False
2017_REG_15_NYJ_NO_20171217,2017,15,REG,73018.0,,,,0.6923076923076923,0.3846153846153846,True,False,True,False,False,False,False,False,False,15,12,9.0,6.0,,False,0.4375,0.3125,False,False
2017_REG_15_PHI_NYG_20171217,2017,15,REG,76896.0,32.5,0.0,7.5,0.1538461538461538,0.8461538461538461,True,False,False,False,False,False,False,False,False,15,12,6.0,6.0,WMO_3,False,0.6470588235294118,0.4375,False,False
2017_REG_15_TEN_SF_20171217,2017,15,REG,70133.0,51.6,0.0,14.3,0.2307692307692307,0.6153846153846154,True,False,False,False,False,False,False,False,False,15,12,6.0,6.0,WMO_3,False,0.125,0.5625,False,False
2017_REG_16_ATL_NO_20171224,2017,16,REG,73188.0,,,,0.7142857142857143,0.6428571428571429,True,False,True,True,False,True,False,False,False,16,12,6.0,5.0,,False,0.4375,0.6842105263157895,False,False
2017_REG_16_BUF_NE_20171224,2017,16,REG,65878.0,34.6,0.075,10.9,0.7857142857142857,0.5714285714285714,True,False,False,True,False,True,False,False,False,16,12,6.0,6.0,WMO_55|PRECIP,False,0.8947368421052632,0.4375,False,False
2017_REG_16_CLE_CHI_20171224,2017,16,REG,58796.0,23.6,0.26,14.1,0.2857142857142857,0.0,True,False,False,True,False,True,False,False,False,16,12,7.0,6.0,WMO_73|SNOW,True,0.1875,0.0625,False,False
2017_REG_16_DEN_WSH_20171224,2017,16,REG,72889.0,41.8,0.126,14.6,0.4285714285714285,0.3571428571428571,True,False,False,True,False,True,False,False,False,16,12,6.0,9.0,WMO_63|PRECIP,True,0.53125,0.5625,False,False
2017_REG_16_DET_CIN_20171224,2017,16,REG,47732.0,33.7,0.047,7.8,0.3571428571428571,0.5714285714285714,True,False,False,True,False,True,False,False,False,16,12,6.0,7.0,WMO_73|SNOW,True,0.40625,0.5294117647058824,False,False
2017_REG_16_IND_BAL_20171223,2017,16,REG,70590.0,49.5,0.524,20.9,0.5714285714285714,0.2142857142857142,True,False,False,False,False,False,False,False,False,16,12,5.0,8.0,WMO_61|PRECIP|WINDY,True,0.5,0.5,False,False
2017_REG_16_JAX_SF_20171224,2017,16,REG,70133.0,48.9,0.0,5.2,0.2857142857142857,0.7142857142857143,True,False,False,True,False,True,False,False,False,16,12,6.0,6.0,WMO_3,False,0.125,0.1875,False,False
2017_REG_16_LAC_NYJ_20171224,2017,16,REG,77562.0,38.4,0.079,14.8,0.3571428571428571,0.5,True,False,False,True,False,True,False,False,False,16,12,6.0,7.0,WMO_55|PRECIP,False,0.3125,0.3125,False,False
2017_REG_16_LAR_TEN_20171224,2017,16,REG,60097.0,41.0,0.016,14.1,0.5714285714285714,0.7142857142857143,True,False,False,True,False,True,False,False,False,16,12,6.0,6.0,WMO_51|PRECIP,False,0.5625,0.25,False,False
2017_REG_16_LV_PHI_20171225,2017,16,REG,69596.0,36.6,0.154,22.3,0.8571428571428571,0.4285714285714285,False,True,False,False,False,False,False,False,False,16,12,7.0,7.0,WMO_71|SNOW|WINDY,True,0.4375,0.7058823529411765,False,False
2017_REG_16_MIA_KC_20171224,2017,16,REG,65325.0,24.7,0.106,16.1,0.5714285714285714,0.4285714285714285,True,False,False,True,False,True,False,False,False,16,12,7.0,6.0,WMO_73|SNOW,True,0.7058823529411765,0.5882352941176471,False,False
2017_REG_16_MIN_GB_20171223,2017,16,REG,78092.0,16.8,0.0,9.9,0.5,0.7857142857142857,True,False,False,False,False,False,False,False,False,16,12,5.0,5.0,WMO_3,True,0.631578947368421,0.5,False,False
2017_REG_16_NYG_ARI_20171224,2017,16,REG,63850.0,,,,0.4285714285714285,0.1428571428571428,True,False,True,True,False,True,False,False,False,16,12,6.0,6.0,,False,0.46875,0.6470588235294118,False,False
2017_REG_16_PIT_HOU_20171225,2017,16,REG,71842.0,,,,0.2857142857142857,0.7857142857142857,False,True,True,False,False,False,False,False,False,16,12,7.0,7.0,,False,0.5555555555555556,0.6842105263157895,False,False
2017_REG_16_SEA_DAL_20171224,2017,16,REG,92150.0,,,,0.5714285714285714,0.5714285714285714,True,False,True,True,False,True,False,False,False,16,12,6.0,6.0,,False,0.7647058823529411,0.6388888888888888,False,False
2017_REG_16_TB_CAR_20171224,2017,16,REG,71463.0,54.0,0.028,13.1,0.7142857142857143,0.2857142857142857,True,False,False,True,False,True,False,False,False,16,12,6.0,5.0,WMO_53|PRECIP,False,0.375,0.5625,False,False
2017_REG_17_ARI_SEA_20171231,2017,17,REG,69078.0,39.8,0.0,10.1,0.6,0.4666666666666667,True,False,False,False,False,False,False,False,False,17,12,6.0,6.0,WMO_3,False,0.6388888888888888,0.46875,False,False
2017_REG_17_BUF_MIA_20171231,2017,17,REG,65571.0,60.1,0.0,8.1,0.4,0.5333333333333333,True,False,False,False,False,False,False,False,False,17,12,6.0,6.0,WMO_3,False,0.5882352941176471,0.4375,False,False
2017_REG_17_CAR_ATL_20171231,2017,17,REG,74141.0,,,,0.6,0.7333333333333333,True,False,True,False,False,False,False,False,False,17,12,6.0,6.0,,False,0.6842105263157895,0.375,False,False
2017_REG_17_CHI_MIN_20171231,2017,17,REG,66802.0,,,,0.8,0.3333333333333333,True,False,True,False,False,False,False,False,False,17,12,7.0,6.0,,False,0.5,0.1875,False,False
2017_REG_17_CIN_BAL_20171231,2017,17,REG,70507.0,18.9,0.012,13.3,0.6,0.4,True,False,False,False,False,False,False,False,False,17,12,7.0,6.0,WMO_71|SNOW,True,0.5,0.40625,False,False
2017_REG_17_CLE_PIT_20171231,2017,17,REG,50704.0,8.5,0.012,11.7,0.8,0.0,True,False,False,False,False,False,False,False,False,17,12,5.0,6.0,WMO_71|SNOW,True,0.6842105263157895,0.0625,False,False
2017_REG_17_DAL_PHI_20171231,2017,17,REG,69596.0,17.9,0.008,11.6,0.8666666666666667,0.5333333333333333,True,False,False,False,False,False,False,False,False,17,12,5.0,6.0,WMO_71|SNOW,True,0.4375,0.7647058823529411,False,False
2017_REG_17_GB_DET_20171231,2017,17,REG,62501.0,,,,0.5333333333333333,0.4666666666666667,True,False,True,False,False,False,False,False,False,17,12,6.0,7.0,,False,0.5294117647058824,0.631578947368421,False,False
2017_REG_17_HOU_IND_20171231,2017,17,REG,60557.0,,,,0.2,0.2666666666666666,True,False,True,False,False,False,False,False,False,17,12,7.0,5.0,,False,0.5,0.5555555555555556,False,False
2017_REG_17_JAX_TEN_20171231,2017,17,REG,65501.0,21.0,0.0,11.7,0.5333333333333333,0.6666666666666666,True,False,False,False,False,False,False,False,False,17,12,6.0,6.0,WMO_1,False,0.5625,0.1875,False,False
2017_REG_17_KC_DEN_20171231,2017,17,REG,75928.0,19.3,0.0,19.3,0.3333333333333333,0.6,True,False,False,False,False,False,False,False,False,17,12,6.0,6.0,WMO_2,True,0.5625,0.7058823529411765,False,False
2017_REG_17_LV_LAC_20171231,2017,17,REG,25430.0,56.6,0.0,8.8,0.5333333333333333,0.4,True,False,False,False,False,False,False,False,False,17,12,6.0,5.0,WMO_3,False,0.3125,0.7058823529411765,False,False
2017_REG_17_NO_TB_20171231,2017,17,REG,55376.0,58.2,0.0,6.9,0.2666666666666666,0.7333333333333333,True,False,False,False,False,False,False,False,False,17,12,6.0,6.0,WMO_3,False,0.5625,0.4375,False,False
2017_REG_17_NYJ_NE_20171231,2017,17,REG,65878.0,10.9,0.0,12.1,0.8,0.3333333333333333,True,False,False,False,False,False,False,False,False,17,12,6.0,6.0,WMO_3,True,0.8947368421052632,0.3125,False,False
2017_REG_17_SF_LAR_20171231,2017,17,REG,66125.0,55.0,0.0,9.9,0.7333333333333333,0.3333333333333333,True,False,False,False,False,False,False,False,False,17,12,6.0,6.0,WMO_3,False,0.25,0.125,False,False
2017_REG_17_WSH_NYG_20171231,2017,17,REG,76269.0,15.9,0.0,15.6,0.1333333333333333,0.4666666666666667,True,False,False,False,False,False,False,False,False,17,12,6.0,6.0,WMO_3,True,0.6470588235294118,0.53125,False,False
2017_POST_18_ATL_LAR_20180106,2017,18,POST,,61.0,0.0,10.9,0.6875,0.625,True,False,False,False,False,False,False,False,False,18,1,5.0,5.0,WMO_3,False,0.25,0.6842105263157895,False,False
2017_POST_18_BUF_JAX_20180107,2017,18,POST,,42.1,0.0,14.7,0.625,0.5625,True,False,False,False,False,False,False,False,False,18,1,6.0,6.0,WMO_3,False,0.1875,0.4375,False,False
2017_POST_18_CAR_NO_20180107,2017,18,POST,,,,,0.6875,0.6875,True,False,True,False,False,False,False,False,False,18,1,6.0,6.0,,False,0.4375,0.375,False,False
2017_POST_18_TEN_KC_20180106,2017,18,POST,,20.3,0.0,9.1,0.625,0.5625,True,False,False,False,False,False,False,False,False,18,1,5.0,5.0,WMO_3,False,0.7058823529411765,0.5625,False,False
2017_POST_19_ATL_PHI_20180113,2017,19,POST,,44.3,0.433,19.0,0.8125,0.6470588235294118,True,False,False,False,False,False,False,False,False,19,1,12.0,6.0,WMO_63|PRECIP,True,0.4375,0.6842105263157895,False,False
2017_POST_19_JAX_PIT_20180114,2017,19,POST,,5.1,0.0,6.2,0.8125,0.6470588235294118,True,False,False,False,False,False,False,False,False,19,1,13.0,6.0,WMO_3,True,0.6842105263157895,0.1875,False,False
2017_POST_19_NO_MIN_20180114,2017,19,POST,,,,,0.8125,0.7058823529411765,True,False,True,False,False,False,False,False,False,19,1,13.0,6.0,,False,0.5,0.4375,False,False
2017_POST_19_TEN_NE_20180113,2017,19,POST,,47.6,1.713,24.3,0.8125,0.5882352941176471,True,False,False,False,False,False,False,False,False,19,1,12.0,6.0,WMO_65|PRECIP|WINDY,True,0.8947368421052632,0.5625,False,False
2017_CON_20_JAX_NE_20180121,2017,20,CON,,38.3,0.0,9.9,0.8235294117647058,0.6666666666666666,True,False,False,False,False,False,False,False,False,20,1,7.0,6.0,WMO_3,False,0.8947368421052632,0.1875,False,False
2017_CON_20_MIN_PHI_20180121,2017,20,CON,,38.7,0.0,6.9,0.8235294117647058,0.8235294117647058,True,False,False,False,False,False,False,False,False,20,1,7.0,6.0,WMO_3,False,0.4375,0.5,False,False
2017_POST_21_PHI_NE_20180204,2017,21,POST,,,,,0.8333333333333334,0.8333333333333334,True,False,True,False,False,False,False,False,False,21,2,13.0,13.0,,False,0.8947368421052632,0.4375,False,False
2018_REG_01_ATL_PHI_20180906,2018,1,REG,69696.0,82.4,0.059,7.6,,,False,False,False,False,False,False,False,False,False,1,9,213.0,235.0,WMO_53|PRECIP,False,0.8421052631578947,0.6111111111111112,False,False
2018_REG_01_BUF_BAL_20180909,2018,1,REG,70591.0,61.9,1.661,19.2,,,True,False,False,False,False,False,False,False,False,1,9,251.0,244.0,WMO_63|PRECIP,True,0.5625,0.5294117647058824,False,False
2018_REG_01_CHI_GB_20180909,2018,1,REG,78282.0,59.0,0.0,10.6,,,True,False,False,False,False,False,False,False,False,1,9,251.0,251.0,WMO_3,False,0.4375,0.3125,False,False
2018_REG_01_CIN_IND_20180909,2018,1,REG,58699.0,,,,,,True,False,True,False,False,False,False,False,False,1,9,251.0,251.0,,False,0.25,0.4375,False,False
2018_REG_01_DAL_CAR_20180909,2018,1,REG,74532.0,79.7,0.256,8.2,,,True,False,False,False,False,False,False,False,False,1,9,244.0,251.0,WMO_63|PRECIP,False,0.6470588235294118,0.5625,False,False
2018_REG_01_HOU_NE_20180909,2018,1,REG,65878.0,58.8,0.004,10.8,,,True,False,False,False,False,False,False,False,False,1,9,216.0,251.0,WMO_51|PRECIP,False,0.7894736842105263,0.25,False,False
2018_REG_01_JAX_NYG_20180909,2018,1,REG,77992.0,59.8,0.496,11.2,,,True,False,False,False,False,False,False,False,False,1,9,251.0,230.0,WMO_55|PRECIP,False,0.1875,0.631578947368421,False,False
2018_REG_01_KC_LAC_20180909,2018,1,REG,25351.0,72.9,0.0,11.0,,,True,False,False,False,False,False,False,False,False,1,9,251.0,245.0,WMO_3,False,0.5625,0.5882352941176471,False,False
2018_REG_01_LAR_LV_20180910,2018,1,REG,53857.0,62.9,0.0,7.4,,,False,False,False,False,False,False,False,False,False,1,9,252.0,246.0,WMO_3,False,0.375,0.6470588235294118,False,False
2018_REG_01_NYJ_DET_20180910,2018,1,REG,61352.0,,,,,,False,False,True,False,False,False,False,False,False,1,9,252.0,252.0,,False,0.5625,0.3125,False,False
2018_REG_01_PIT_CLE_20180909,2018,1,REG,67431.0,59.6,0.744,17.6,,,True,False,False,False,False,False,False,False,False,1,9,251.0,237.0,WMO_63|PRECIP,True,0.0,0.7647058823529411,False,False
2018_REG_01_SEA_DEN_20180909,2018,1,REG,76761.0,69.3,0.0,14.9,,,True,False,False,False,False,False,False,False,False,1,9,251.0,251.0,WMO_3,False,0.3125,0.5625,False,False
2018_REG_01_SF_MIN_20180909,2018,1,REG,66673.0,,,,,,True,False,True,False,False,False,False,False,False,1,9,230.0,251.0,,False,0.7777777777777778,0.375,False,False
2018_REG_01_TB_NO_20180909,2018,1,REG,73038.0,,,,,,True,False,True,False,False,False,False,False,False,1,9,237.0,251.0,,False,0.6666666666666666,0.3125,False,False
2018_REG_01_TEN_MIA_20180909,2018,1,REG,65184.0,77.6,0.48,9.9,,,True,False,False,False,False,False,False,False,False,1,9,251.0,238.0,WMO_63|PRECIP,False,0.375,0.5555555555555556,False,False
2018_REG_01_WSH_ARI_20180909,2018,1,REG,61613.0,,,,,,True,False,True,False,False,False,False,False,False,1,9,251.0,251.0,,False,0.5,0.4375,False,False
2018_REG_02_ARI_LAR_20180916,2018,2,REG,66515.0,70.4,0.0,13.4,1.0,0.0,True,False,False,False,False,False,False,False,False,2,9,5.0,6.0,WMO_0,False,0.6470588235294118,0.5,False,False
2018_REG_02_BAL_CIN_20180913,2018,2,REG,50018.0,71.7,0.0,5.0,1.0,1.0,False,False,False,False,False,False,False,False,False,2,9,3.0,3.0,WMO_3,False,0.4375,0.5625,False,False
2018_REG_02_CAR_ATL_20180916,2018,2,REG,72528.0,,,,0.0,1.0,True,False,True,False,False,False,False,False,False,2,9,9.0,6.0,,False,0.6111111111111112,0.6470588235294118,False,False
2018_REG_02_CLE_NO_20180916,2018,2,REG,73086.0,,,,0.0,0.5,True,False,True,False,False,False,False,False,False,2,9,6.0,6.0,,False,0.6666666666666666,0.0,False,False
2018_REG_02_DET_SF_20180916,2018,2,REG,70164.0,62.4,0.0,14.2,0.0,0.0,True,False,False,False,False,False,False,False,False,2,9,6.0,5.0,WMO_3,False,0.375,0.5625,False,False
2018_REG_02_HOU_TEN_20180916,2018,2,REG,62372.0,77.3,0.0,11.9,0.0,0.0,True,False,False,False,False,False,False,False,False,2,9,6.0,6.0,WMO_3,False,0.5555555555555556,0.25,False,False
2018_REG_02_IND_WSH_20180916,2018,2,REG,57013.0,71.9,0.051,9.5,1.0,0.0,True,False,False,False,False,False,False,False,False,2,9,6.0,6.0,WMO_53|PRECIP,False,0.4375,0.25,False,False
2018_REG_02_KC_PIT_20180916,2018,2,REG,63956.0,72.0,0.0,9.7,0.5,1.0,True,False,False,False,False,False,False,False,False,2,9,6.0,6.0,WMO_3,False,0.7647058823529411,0.5882352941176471,False,False
2018_REG_02_LAC_BUF_20180916,2018,2,REG,69187.0,74.7,0.004,5.5,0.0,0.0,True,False,False,False,False,False,False,False,False,2,9,6.0,6.0,WMO_51|PRECIP,False,0.5294117647058824,0.5625,False,False
2018_REG_02_LV_DEN_20180916,2018,2,REG,76696.0,75.8,0.0,11.8,1.0,0.0,True,False,False,False,False,False,False,False,False,2,9,6.0,5.0,WMO_3,False,0.3125,0.375,False,False
2018_REG_02_MIA_NYJ_20180916,2018,2,REG,77982.0,71.0,0.0,8.8,1.0,1.0,True,False,False,False,False,False,False,False,False,2,9,5.0,6.0,WMO_3,False,0.3125,0.375,False,False
2018_REG_02_MIN_GB_20180916,2018,2,REG,78461.0,71.9,0.012,9.2,1.0,1.0,True,False,False,False,False,False,False,False,False,2,9,6.0,6.0,WMO_51|PRECIP,False,0.4375,0.7777777777777778,False,False
2018_REG_02_NE_JAX_20180916,2018,2,REG,68527.0,83.8,0.012,12.1,1.0,1.0,True,False,False,False,False,False,False,False,False,2,9,6.0,6.0,WMO_51|PRECIP,False,0.631578947368421,0.7894736842105263,False,False
2018_REG_02_NYG_DAL_20180916,2018,2,REG,90512.0,,,,0.0,0.0,True,False,True,False,False,False,False,False,False,2,9,6.0,6.0,,False,0.5625,0.1875,False,False
2018_REG_02_PHI_TB_20180916,2018,2,REG,56552.0,83.1,0.047,8.9,1.0,1.0,True,False,False,False,False,False,False,False,False,2,9,6.0,9.0,WMO_51|PRECIP,False,0.3125,0.8421052631578947,False,False
2018_REG_02_SEA_CHI_20180917,2018,2,REG,57960.0,76.4,0.004,10.9,0.0,0.0,False,False,False,False,False,False,False,False,False,2,9,7.0,7.0,WMO_51|PRECIP,False,0.3125,0.5625,False,False
2018_REG_03_BUF_MIN_20180923,2018,3,REG,66800.0,,,,0.75,0.0,True,False,True,False,False,False,False,False,False,3,9,6.0,6.0,,False,0.7777777777777778,0.5294117647058824,False,False
2018_REG_03_CHI_ARI_20180923,2018,3,REG,62163.0,,,,0.0,0.5,True,False,True,False,False,False,False,False,False,3,9,6.0,5.0,,False,0.5,0.3125,False,False
2018_REG_03_CIN_CAR_20180923,2018,3,REG,72161.0,74.7,0.035,6.5,0.5,1.0,True,False,False,False,False,False,False,False,False,3,9,6.0,9.0,WMO_51|PRECIP,False,0.6470588235294118,0.4375,False,False
2018_REG_03_DAL_SEA_20180923,2018,3,REG,69047.0,57.1,0.0,17.4,0.0,0.5,True,False,False,False,False,False,False,False,False,3,9,5.0,6.0,WMO_2,False,0.5625,0.5625,False,False
2018_REG_03_DEN_BAL_20180923,2018,3,REG,70156.0,62.0,1.106,8.3,0.5,1.0,True,False,False,False,False,False,False,False,False,3,9,9.0,6.0,WMO_63|PRECIP,True,0.5625,0.3125,False,False
2018_REG_03_GB_WSH_20180923,2018,3,REG,59827.0,62.3,1.197,8.6,0.5,0.75,True,False,False,False,False,False,False,False,False,3,9,6.0,6.0,WMO_63|PRECIP,True,0.4375,0.4375,False,False
2018_REG_03_IND_PHI_20180923,2018,3,REG,69696.0,61.6,0.291,7.2,0.5,0.5,True,False,False,False,False,False,False,False,False,3,9,6.0,6.0,WMO_61|PRECIP,False,0.8421052631578947,0.25,False,False
2018_REG_03_LAC_LAR_20180923,2018,3,REG,68947.0,69.9,0.0,15.8,1.0,0.5,True,False,False,False,False,False,False,False,False,3,9,6.0,6.0,WMO_1,False,0.6470588235294118,0.5625,False,False
2018_REG_03_LV_MIA_20180923,2018,3,REG,65667.0,80.5,0.126,9.2,1.0,0.0,True,False,False,False,False,False,False,False,False,3,9,6.0,6.0,WMO_61|PRECIP,False,0.375,0.375,False,False
2018_REG_03_NE_DET_20180923,2018,3,REG,61769.0,,,,0.0,0.5,True,False,True,False,False,False,False,False,False,3,9,6.0,6.0,,False,0.5625,0.7894736842105263,False,False
2018_REG_03_NO_ATL_20180923,2018,3,REG,74457.0,,,,0.5,0.5,True,False,True,False,False,False,False,False,False,3,9,6.0,6.0,,False,0.6111111111111112,0.6666666666666666,False,False
2018_REG_03_NYG_HOU_20180923,2018,3,REG,71838.0,,,,0.0,0.0,True,False,True,False,False,False,False,False,False,3,9,6.0,6.0,,False,0.25,0.1875,False,False
2018_REG_03_NYJ_CLE_20180920,2018,3,REG,67431.0,69.6,0.043,9.7,0.25,0.5,False,False,False,False,False,False,False,False,False,3,9,3.0,3.0,WMO_53|PRECIP,False,0.0,0.3125,False,False
2018_REG_03_PIT_TB_20180924,2018,3,REG,62571.0,80.4,0.126,7.8,1.0,0.25,False,False,False,False,False,False,False,False,False,3,9,7.0,7.0,WMO_61|PRECIP,False,0.3125,0.7647058823529411,False,False
2018_REG_03_SF_KC_20180923,2018,3,REG,76023.0,64.8,0.0,6.1,1.0,0.5,True,False,False,False,False,False,False,False,False,3,9,6.0,6.0,WMO_0,False,0.5882352941176471,0.375,False,False
2018_REG_03_TEN_JAX_20180923,2018,3,REG,64015.0,80.0,0.051,11.1,1.0,0.5,True,False,False,False,False,False,False,False,False,3,9,6.0,6.0,WMO_51|PRECIP,False,0.631578947368421,0.5555555555555556,False,False
2018_REG_04_BAL_PIT_20180930,2018,4,REG,62030.0,59.7,0.0,6.3,0.5,0.6666666666666666,True,False,False,False,False,False,False,False,False,4,9,5.0,6.0,WMO_2,False,0.7647058823529411,0.5625,False,False
2018_REG_04_BUF_GB_20180930,2018,4,REG,78312.0,47.3,0.012,5.1,0.5,0.3333333333333333,True,False,False,False,False,False,False,False,False,4,9,6.0,6.0,WMO_51|PRECIP,False,0.4375,0.5294117647058824,False,False
2018_REG_04_CIN_ATL_20180930,2018,4,REG,71985.0,,,,0.3333333333333333,0.6666666666666666,True,False,True,False,False,False,False,False,False,4,9,6.0,6.0,,False,0.6111111111111112,0.4375,False,False
2018_REG_04_CLE_LV_20180930,2018,4,REG,53387.0,64.0,0.0,11.4,0.0,0.5,True,False,False,False,False,False,False,False,False,4,9,6.0,9.0,WMO_3,False,0.375,0.0,False,False
2018_REG_04_DET_DAL_20180930,2018,4,REG,90155.0,,,,0.3333333333333333,0.3333333333333333,True,False,True,False,False,False,False,False,False,4,9,6.0,6.0,,False,0.5625,0.5625,False,False
2018_REG_04_HOU_IND_20180930,2018,4,REG,57716.0,,,,0.3333333333333333,0.0,True,False,True,False,False,False,False,False,False,4,9,6.0,6.0,,False,0.25,0.25,False,False
2018_REG_04_KC_DEN_20181001,2018,4,REG,76656.0,50.1,0.0,8.4,0.6666666666666666,1.0,False,False,False,False,False,False,False,False,False,4,10,7.0,7.0,WMO_3,False,0.3125,0.5882352941176471,False,False
2018_REG_04_MIA_NE_20180930,2018,4,REG,65878.0,57.3,0.0,7.1,0.3333333333333333,1.0,True,False,False,False,False,False,False,False,False,4,9,6.0,6.0,WMO_3,False,0.7894736842105263,0.375,False,False
2018_REG_04_MIN_LAR_20180927,2018,4,REG,72027.0,70.0,0.0,12.1,1.0,0.5,False,False,False,False,False,False,False,False,False,4,9,3.0,3.0,WMO_3,False,0.6470588235294118,0.7777777777777778,False,False
2018_REG_04_NO_NYG_20180930,2018,4,REG,78213.0,60.9,0.0,8.4,0.3333333333333333,0.6666666666666666,True,False,False,False,False,False,False,False,False,4,9,6.0,6.0,WMO_3,False,0.1875,0.6666666666666666,False,False
2018_REG_04_NYJ_JAX_20180930,2018,4,REG,65353.0,79.2,0.315,11.3,0.6666666666666666,0.3333333333333333,True,False,False,False,False,False,False,False,False,4,9,6.0,9.0,WMO_61|PRECIP,False,0.631578947368421,0.3125,False,False
2018_REG_04_PHI_TEN_20180930,2018,4,REG,69013.0,68.9,0.0,5.4,0.6666666666666666,0.6666666666666666,True,False,False,False,False,False,False,False,False,4,9,6.0,6.0,WMO_3,False,0.5555555555555556,0.8421052631578947,False,False
2018_REG_04_SEA_ARI_20180930,2018,4,REG,61845.0,,,,0.0,0.3333333333333333,True,False,True,False,False,False,False,False,False,4,9,6.0,6.0,,False,0.5,0.5625,False,False
2018_REG_04_SF_LAC_20180930,2018,4,REG,25397.0,67.9,0.0,11.6,0.3333333333333333,0.3333333333333333,True,False,False,False,False,False,False,False,False,4,9,6.0,6.0,WMO_3,False,0.5625,0.375,False,False
2018_REG_04_TB_CHI_20180930,2018,4,REG,61893.0,58.6,0.315,12.8,0.6666666666666666,0.6666666666666666,True,False,False,False,False,False,False,False,False,4,9,6.0,5.0,WMO_61|PRECIP,False,0.3125,0.3125,False,False
2018_REG_05_ARI_SF_20181007,2018,5,REG,68337.0,65.9,0.0,14.2,0.25,0.0,True,False,False,True,False,True,False,False,False,5,10,6.0,6.0,WMO_2,False,0.375,0.5,False,False
2018_REG_05_ATL_PIT_20181007,2018,5,REG,64781.0,73.2,0.016,6.1,0.375,0.25,True,False,False,True,False,True,False,False,False,5,10,6.0,6.0,WMO_51|PRECIP,False,0.7647058823529411,0.6111111111111112,False,False
2018_REG_05_BAL_CLE_20181007,2018,5,REG,67431.0,67.8,0.37,11.9,0.375,0.75,True,False,False,True,False,True,False,False,False,5,10,6.0,6.0,WMO_61|PRECIP,False,0.0,0.5625,False,False
2018_REG_05_DAL_HOU_20181007,2018,5,REG,72008.0,,,,0.25,0.5,True,False,True,True,False,True,False,False,False,5,10,6.0,6.0,,False,0.25,0.5625,False,False
2018_REG_05_DEN_NYJ_20181007,2018,5,REG,77982.0,71.2,0.004,10.0,0.25,0.5,True,False,False,True,False,True,False,False,False,5,10,6.0,5.0,WMO_51|PRECIP,False,0.3125,0.3125,False,False
2018_REG_05_GB_DET_20181007,2018,5,REG,63405.0,,,,0.25,0.625,True,False,True,True,False,True,False,False,False,5,10,6.0,6.0,,False,0.5625,0.4375,False,False
2018_REG_05_IND_NE_20181004,2018,5,REG,65878.0,62.3,0.043,12.8,0.5,0.25,False,False,False,False,False,False,False,False,False,5,10,3.0,3.0,WMO_53|PRECIP,False,0.7894736842105263,0.25,False,False
2018_REG_05_JAX_KC_20181007,2018,5,REG,75289.0,59.4,1.173,8.2,1.0,0.75,True,False,False,True,False,True,False,False,False,5,10,5.0,6.0,WMO_63|PRECIP,True,0.5882352941176471,0.631578947368421,False,False
2018_REG_05_LAR_SEA_20181007,2018,5,REG,68893.0,51.7,0.091,7.0,0.5,1.0,True,False,False,True,False,True,False,False,False,5,10,6.0,9.0,WMO_51|PRECIP,False,0.5625,0.6470588235294118,False,False
2018_REG_05_LV_LAC_20181007,2018,5,REG,25362.0,66.1,0.0,10.3,0.5,0.25,True,False,False,True,False,True,False,False,False,5,10,6.0,6.0,WMO_3,False,0.5625,0.375,False,False
2018_REG_05_MIA_CIN_20181007,2018,5,REG,52708.0,75.8,0.008,7.6,0.75,0.75,True,False,False,True,False,True,False,False,False,5,10,6.0,6.0,WMO_51|PRECIP,False,0.4375,0.375,False,False
2018_REG_05_MIN_PHI_20181007,2018,5,REG,69696.0,73.2,0.0,8.7,0.5,0.375,True,False,False,True,False,True,False,False,False,5,10,6.0,9.0,WMO_3,False,0.8421052631578947,0.7777777777777778,False,False
2018_REG_05_NYG_CAR_20181007,2018,5,REG,74221.0,74.7,0.02,4.9,0.6666666666666666,0.25,True,False,False,True,False,True,False,False,False,5,10,13.0,6.0,WMO_51|PRECIP,False,0.6470588235294118,0.1875,False,False
2018_REG_05_TEN_BUF_20181007,2018,5,REG,68202.0,65.6,0.594,11.9,0.25,0.75,True,False,False,True,False,True,False,False,False,5,10,6.0,6.0,WMO_63|PRECIP,True,0.5294117647058824,0.5555555555555556,False,False
2018_REG_05_WSH_NO_20181008,2018,5,REG,73028.0,,,,0.75,0.6666666666666666,False,True,True,False,False,False,False,False,False,5,10,7.0,14.0,,False,0.6666666666666666,0.4375,False,False
2018_REG_06_ARI_MIN_20181014,2018,6,REG,66801.0,,,,0.5,0.2,True,False,True,False,False,False,False,False,False,6,10,6.0,6.0,,False,0.7777777777777778,0.5,False,False
2018_REG_06_BAL_TEN_20181014,2018,6,REG,64441.0,59.8,0.657,9.2,0.6,0.6,True,False,False,False,False,False,False,False,False,6,10,6.0,6.0,WMO_63|PRECIP,True,0.5555555555555556,0.5625,False,False
2018_REG_06_BUF_HOU_20181014,2018,6,REG,71638.0,,,,0.4,0.4,True,False,True,False,False,False,False,False,False,6,10,6.0,6.0,,False,0.25,0.5294117647058824,False,False
2018_REG_06_CAR_WSH_20181014,2018,6,REG,60482.0,51.5,0.012,7.3,0.5,0.75,True,False,False,False,False,False,False,False,False,6,10,5.0,6.0,WMO_51|PRECIP,False,0.4375,0.6470588235294118,False,False
2018_REG_06_CHI_MIA_20181014,2018,6,REG,65791.0,80.0,0.098,7.9,0.6,0.75,True,False,False,False,False,False,False,False,False,6,10,6.0,13.0,WMO_53|PRECIP,False,0.375,0.3125,False,False
2018_REG_06_IND_NYJ_20181014,2018,6,REG,77982.0,51.4,0.0,9.1,0.4,0.2,True,False,False,False,False,False,False,False,False,6,10,6.0,9.0,WMO_3,False,0.3125,0.25,False,False
2018_REG_06_JAX_DAL_20181014,2018,6,REG,90767.0,,,,0.4,0.6,True,False,True,False,False,False,False,False,False,6,10,6.0,6.0,,False,0.5625,0.631578947368421,False,False
2018_REG_06_KC_NE_20181014,2018,6,REG,65878.0,47.7,0.0,8.1,0.6,1.0,True,False,False,False,False,False,False,False,False,6,10,9.0,6.0,WMO_3,False,0.7894736842105263,0.5882352941176471,False,False
2018_REG_06_LAC_CLE_20181014,2018,6,REG,67431.0,48.7,0.0,11.2,0.5,0.6,True,False,False,False,False,False,False,False,False,6,10,6.0,6.0,WMO_3,False,0.0,0.5625,False,False
2018_REG_06_LAR_DEN_20181014,2018,6,REG,76109.0,30.7,0.303,23.6,0.4,1.0,True,False,False,False,False,False,False,False,False,6,10,6.0,6.0,WMO_73|SNOW|WINDY,True,0.3125,0.6470588235294118,False,False
2018_REG_06_PHI_NYG_20181011,2018,6,REG,77167.0,72.3,0.272,18.8,0.2,0.4,False,False,False,False,False,False,False,False,False,6,10,3.0,3.0,WMO_61|PRECIP,False,0.1875,0.8421052631578947,False,False
2018_REG_06_PIT_CIN_20181014,2018,6,REG,60594.0,49.0,0.106,8.3,0.8,0.5,True,False,False,False,False,False,False,False,False,6,10,6.0,6.0,WMO_53|PRECIP,False,0.4375,0.7647058823529411,False,False
2018_REG_06_SEA_LV_20181014,2018,6,REG,84922.0,55.4,0.681,14.5,0.2,0.4,True,False,False,False,False,False,False,False,False,6,10,6.0,6.0,WMO_61|PRECIP,True,0.375,0.5625,False,False
2018_REG_06_SF_GB_20181015,2018,6,REG,77642.0,37.5,0.165,17.9,0.5,0.2,False,False,False,False,False,False,False,False,False,6,10,7.0,7.0,WMO_61|PRECIP,True,0.4375,0.375,False,False
2018_REG_06_TB_ATL_20181014,2018,6,REG,72665.0,,,,0.2,0.5,True,False,True,False,False,False,False,False,False,6,10,6.0,13.0,,False,0.6111111111111112,0.3125,False,False
2018_REG_07_BUF_IND_20181021,2018,7,REG,56848.0,,,,0.1666666666666666,0.3333333333333333,True,False,True,False,False,False,False,False,False,7,10,6.0,6.0,,False,0.25,0.5294117647058824,False,False
2018_REG_07_CAR_PHI_20181021,2018,7,REG,69696.0,48.5,0.008,19.3,0.5,0.6,True,False,False,False,False,False,False,False,False,7,10,9.0,6.0,WMO_51|PRECIP,True,0.8421052631578947,0.6470588235294118,False,False
2018_REG_07_CIN_KC_20181021,2018,7,REG,75676.0,46.2,0.0,10.7,0.8333333333333334,0.6666666666666666,True,False,False,False,False,False,False,False,False,7,10,6.0,6.0,WMO_0,False,0.5882352941176471,0.4375,False,False
2018_REG_07_CLE_TB_20181021,2018,7,REG,53682.0,77.7,0.0,11.8,0.4,0.4166666666666667,True,False,False,False,False,False,False,False,False,7,10,6.0,6.0,WMO_3,False,0.3125,0.0,False,False
2018_REG_07_DAL_WSH_20181021,2018,7,REG,66301.0,50.3,0.016,17.5,0.6,0.5,True,False,False,False,False,False,False,False,False,7,10,6.0,6.0,WMO_51|PRECIP,True,0.4375,0.5625,False,False
2018_REG_07_DEN_ARI_20181018,2018,7,REG,62359.0,,,,0.1666666666666666,0.3333333333333333,False,False,True,False,False,False,False,False,False,7,10,3.0,3.0,,False,0.5,0.3125,False,False
2018_REG_07_DET_MIA_20181021,2018,7,REG,65265.0,78.7,0.012,11.4,0.6666666666666666,0.4,True,False,False,False,False,False,False,False,False,7,10,6.0,13.0,WMO_51|PRECIP,False,0.375,0.5625,False,False
2018_REG_07_HOU_JAX_20181021,2018,7,REG,66534.0,69.6,0.02,15.1,0.5,0.5,True,False,False,False,False,False,False,False,False,7,10,6.0,6.0,WMO_51|PRECIP,False,0.631578947368421,0.25,False,False
2018_REG_07_LAR_SF_20181021,2018,7,REG,66597.0,59.3,0.0,8.7,0.1666666666666666,1.0,True,False,False,False,False,False,False,False,False,7,10,5.0,6.0,WMO_3,False,0.375,0.6470588235294118,False,False
2018_REG_07_MIN_NYJ_20181021,2018,7,REG,77982.0,46.8,0.012,20.5,0.5,0.5833333333333334,True,False,False,False,False,False,False,False,False,7,10,6.0,6.0,WMO_51|PRECIP|WINDY,True,0.3125,0.7777777777777778,False,False
2018_REG_07_NE_CHI_20181021,2018,7,REG,62389.0,37.5,0.0,18.6,0.6,0.6666666666666666,True,False,False,False,False,False,False,False,False,7,10,6.0,6.0,WMO_0,True,0.3125,0.7894736842105263,False,False
2018_REG_07_NO_BAL_20181021,2018,7,REG,70639.0,49.8,0.012,22.3,0.6666666666666666,0.8,True,False,False,False,False,False,False,False,False,7,10,6.0,12.0,WMO_51|PRECIP|WINDY,True,0.5625,0.6666666666666666,False,False
2018_REG_07_NYG_ATL_20181022,2018,7,REG,72756.0,,,,0.3333333333333333,0.1666666666666666,False,False,True,False,False,False,False,False,False,7,10,7.0,10.0,,False,0.6111111111111112,0.1875,False,False
2018_REG_07_TEN_LAC_20181021,2018,7,REG,84301.0,53.3,0.008,13.7,0.6666666666666666,0.5,True,False,False,False,False,False,False,False,False,7,10,6.0,6.0,WMO_51|PRECIP,False,0.5625,0.5555555555555556,False,False
2018_REG_08_BAL_CAR_20181028,2018,8,REG,73843.0,52.9,0.0,14.7,0.6666666666666666,0.5714285714285714,True,False,False,False,False,False,False,False,False,8,10,6.0,6.0,WMO_1,False,0.6470588235294118,0.5625,False,False
2018_REG_08_CLE_PIT_20181028,2018,8,REG,63780.0,45.4,0.209,13.1,0.5833333333333334,0.3571428571428571,True,False,False,False,False,False,False,False,False,8,10,13.0,6.0,WMO_53|PRECIP,False,0.7647058823529411,0.0,False,False
2018_REG_08_DEN_KC_20181028,2018,8,REG,77103.0,57.4,0.0,12.0,0.8571428571428571,0.4285714285714285,True,False,False,False,False,False,False,False,False,8,10,6.0,9.0,WMO_3,False,0.5882352941176471,0.3125,False,False
2018_REG_08_GB_LAR_20181028,2018,8,REG,75822.0,64.7,0.0,10.5,1.0,0.5833333333333334,True,False,False,False,False,False,False,False,False,8,10,6.0,12.0,WMO_3,False,0.6470588235294118,0.4375,False,False
2018_REG_08_IND_LV_20181028,2018,8,REG,54372.0,61.7,0.0,10.1,0.1666666666666666,0.2857142857142857,True,False,False,False,False,False,False,False,False,8,10,13.0,6.0,WMO_3,False,0.375,0.25,False,False
2018_REG_08_MIA_HOU_20181025,2018,8,REG,71726.0,,,,0.5714285714285714,0.5714285714285714,False,False,True,False,False,False,False,False,False,8,10,3.0,3.0,,False,0.25,0.375,False,False
2018_REG_08_NE_BUF_20181029,2018,8,REG,70109.0,43.0,0.24,18.0,0.2857142857142857,0.7142857142857143,False,False,False,False,False,False,False,False,False,8,10,7.0,7.0,WMO_53|PRECIP,True,0.5294117647058824,0.7894736842105263,False,False
2018_REG_08_NO_MIN_20181028,2018,8,REG,66801.0,,,,0.6428571428571429,0.8333333333333334,True,False,True,False,False,False,False,False,False,8,10,6.0,6.0,,False,0.7777777777777778,0.6666666666666666,False,False
2018_REG_08_NYJ_CHI_20181028,2018,8,REG,61397.0,47.1,0.276,26.2,0.5,0.4285714285714285,True,False,False,False,False,False,False,False,False,8,10,6.0,6.0,WMO_61|PRECIP|WINDY,True,0.3125,0.3125,False,False
2018_REG_08_PHI_JAX_20181028,2018,8,REG,85870.0,42.5,0.004,16.2,0.4285714285714285,0.4285714285714285,True,False,False,False,False,False,False,False,False,8,10,6.0,6.0,WMO_51|PRECIP,False,0.631578947368421,0.8421052631578947,False,False
2018_REG_08_SEA_DET_20181028,2018,8,REG,65237.0,,,,0.5,0.5,True,False,True,False,False,False,False,False,False,8,10,6.0,13.0,,False,0.5625,0.5625,False,False
2018_REG_08_SF_ARI_20181028,2018,8,REG,61923.0,,,,0.1428571428571428,0.1428571428571428,True,False,True,False,False,False,False,False,False,8,10,9.0,6.0,,False,0.5,0.375,False,False
2018_REG_08_TB_CIN_20181028,2018,8,REG,45134.0,50.8,0.059,20.9,0.5714285714285714,0.5,True,False,False,False,False,False,False,False,False,8,10,6.0,6.0,WMO_53|PRECIP|WINDY,True,0.4375,0.3125,False,False
2018_REG_08_WSH_NYG_20181028,2018,8,REG,77537.0,48.5,0.102,12.2,0.1428571428571428,0.6666666666666666,True,False,False,False,False,False,False,False,False,8,10,5.0,6.0,WMO_55|PRECIP,False,0.1875,0.4375,False,False
2018_REG_09_ATL_WSH_20181104,2018,9,REG,62386.0,46.7,0.0,6.5,0.7142857142857143,0.4285714285714285,True,False,False,False,False,False,False,False,False,9,11,6.0,12.0,WMO_1,False,0.4375,0.6111111111111112,False,False
2018_REG_09_CHI_BUF_20181104,2018,9,REG,68749.0,43.0,0.0,15.2,0.25,0.5714285714285714,True,False,False,False,False,False,False,False,False,9,11,5.0,6.0,WMO_3,False,0.5294117647058824,0.3125,False,False
2018_REG_09_DET_MIN_20181104,2018,9,REG,66825.0,,,,0.5625,0.4285714285714285,True,False,True,False,False,False,False,False,False,9,11,6.0,6.0,,False,0.7777777777777778,0.5625,False,False
2018_REG_09_GB_NE_20181104,2018,9,REG,65878.0,45.4,0.0,16.1,0.75,0.5,True,False,False,False,False,False,False,False,False,9,11,5.0,6.0,WMO_3,True,0.7894736842105263,0.4375,False,False
2018_REG_09_HOU_DEN_20181104,2018,9,REG,76270.0,38.1,0.047,7.7,0.375,0.625,True,False,False,False,False,False,False,False,False,9,11,6.0,9.0,WMO_51|PRECIP,False,0.3125,0.25,False,False
2018_REG_09_KC_CLE_20181104,2018,9,REG,67431.0,46.6,0.0,14.4,0.3125,0.875,True,False,False,False,False,False,False,False,False,9,11,6.0,6.0,WMO_3,False,0.0,0.5882352941176471,False,False
2018_REG_09_LAC_SEA_20181104,2018,9,REG,68989.0,53.7,0.846,25.8,0.5714285714285714,0.7142857142857143,True,False,False,False,False,False,False,False,False,9,11,6.0,13.0,WMO_63|PRECIP|WINDY,True,0.5625,0.5625,False,False
2018_REG_09_LAR_NO_20181104,2018,9,REG,73086.0,,,,0.8571428571428571,1.0,True,False,True,False,False,False,False,False,False,9,11,6.0,6.0,,False,0.6666666666666666,0.6470588235294118,False,False
2018_REG_09_LV_SF_20181101,2018,9,REG,69592.0,67.6,0.0,9.8,0.125,0.1428571428571428,False,False,False,False,False,False,False,False,False,9,11,3.0,3.0,WMO_3,False,0.375,0.375,False,False
2018_REG_09_NYJ_MIA_20181104,2018,9,REG,65533.0,77.2,0.067,11.7,0.5,0.375,True,False,False,False,False,False,False,False,False,9,11,9.0,6.0,WMO_51|PRECIP,False,0.375,0.3125,False,False
2018_REG_09_PIT_BAL_20181104,2018,9,REG,70997.0,45.4,0.0,6.5,0.5,0.6428571428571429,True,False,False,False,False,False,False,False,False,9,11,6.0,6.0,WMO_1,False,0.5625,0.7647058823529411,False,False
2018_REG_09_TB_CAR_20181104,2018,9,REG,73513.0,50.4,0.0,9.4,0.7142857142857143,0.4285714285714285,True,False,False,False,False,False,False,False,False,9,11,6.0,6.0,WMO_3,False,0.6470588235294118,0.3125,False,False
2018_REG_09_TEN_DAL_20181105,2018,9,REG,90466.0,,,,0.4285714285714285,0.4285714285714285,False,False,True,False,False,False,False,False,False,9,11,14.0,14.0,,False,0.5625,0.5555555555555556,False,False
2018_REG_10_ARI_KC_20181111,2018,10,REG,76712.0,35.5,0.0,9.0,0.8888888888888888,0.25,True,False,False,True,False,True,False,False,False,10,11,6.0,13.0,WMO_3,False,0.5882352941176471,0.5,False,False
2018_REG_10_ATL_CLE_20181111,2018,10,REG,62144.0,32.7,0.008,15.7,0.2777777777777778,0.5,True,False,False,True,False,True,False,False,False,10,11,6.0,6.0,WMO_71|SNOW,True,0.0,0.6111111111111112,False,False
2018_REG_10_BUF_NYJ_20181111,2018,10,REG,77982.0,37.7,0.0,10.8,0.3333333333333333,0.2222222222222222,True,False,False,True,False,True,False,False,False,10,11,6.0,6.0,WMO_0,False,0.3125,0.5294117647058824,False,False
2018_REG_10_CAR_PIT_20181108,2018,10,REG,62881.0,39.6,0.0,7.2,0.6875,0.75,False,False,False,False,False,False,False,False,False,10,11,3.0,3.0,WMO_3,False,0.7647058823529411,0.6470588235294118,False,False
2018_REG_10_DAL_PHI_20181111,2018,10,REG,69696.0,36.6,0.0,8.7,0.5,0.375,True,False,False,True,False,True,False,False,False,10,11,13.0,5.0,WMO_0,False,0.8421052631578947,0.5625,False,False
2018_REG_10_DET_CHI_20181111,2018,10,REG,61393.0,31.7,0.0,14.6,0.625,0.375,True,False,False,True,False,True,False,False,False,10,11,6.0,6.0,WMO_3,False,0.3125,0.5625,False,False
2018_REG_10_JAX_IND_20181111,2018,10,REG,57473.0,,,,0.375,0.375,True,False,True,True,False,True,False,False,False,10,11,13.0,13.0,,False,0.25,0.631578947368421,False,False
2018_REG_10_LAC_LV_20181111,2018,10,REG,54750.0,55.6,0.0,12.0,0.125,0.75,True,False,False,True,False,True,False,False,False,10,11,9.0,6.0,WMO_2,False,0.375,0.5625,False,False
2018_REG_10_MIA_GB_20181111,2018,10,REG,78076.0,27.7,0.055,8.4,0.4375,0.5555555555555556,True,False,False,True,False,True,False,False,False,10,11,6.0,6.0,WMO_73|SNOW,True,0.4375,0.375,False,False
2018_REG_10_NE_TEN_20181111,2018,10,REG,69363.0,35.7,0.0,5.0,0.5,0.7777777777777778,True,False,False,True,False,True,False,False,False,10,11,5.0,6.0,WMO_3,False,0.5555555555555556,0.7894736842105263,False,False
2018_REG_10_NO_CIN_20181111,2018,10,REG,52492.0,30.8,0.0,6.0,0.625,0.875,True,False,False,True,False,True,False,False,False,10,11,13.0,6.0,WMO_3,False,0.4375,0.6666666666666666,False,False
2018_REG_10_NYG_SF_20181112,2018,10,REG,69409.0,58.4,0.0,6.0,0.2222222222222222,0.125,False,True,False,False,False,False,False,False,False,10,11,10.0,14.0,WMO_0,False,0.375,0.1875,False,False
2018_REG_10_SEA_LAR_20181111,2018,10,REG,72755.0,59.7,0.0,11.3,0.8888888888888888,0.5,True,False,False,True,False,True,False,False,False,10,11,6.0,6.0,WMO_0,False,0.6470588235294118,0.5625,False,False
2018_REG_10_WSH_TB_20181111,2018,10,REG,52667.0,73.8,0.0,13.7,0.375,0.625,True,False,False,True,False,True,False,False,False,10,11,6.0,6.0,WMO_3,False,0.3125,0.4375,False,False
2018_REG_11_CAR_DET_20181118,2018,11,REG,61999.0,,,,0.3333333333333333,0.6666666666666666,True,False,True,False,False,False,False,False,False,11,11,6.0,9.0,,False,0.5625,0.6470588235294118,False,False
2018_REG_11_CIN_BAL_20181118,2018,11,REG,70077.0,38.7,0.0,8.4,0.4444444444444444,0.5555555555555556,True,False,False,False,False,False,False,False,False,11,11,13.0,6.0,WMO_3,False,0.5625,0.4375,False,False
2018_REG_11_DAL_ATL_20181118,2018,11,REG,74447.0,,,,0.4444444444444444,0.4444444444444444,True,False,True,False,False,False,False,False,False,11,11,6.0,6.0,,False,0.6111111111111112,0.5625,False,False
2018_REG_11_DEN_LAC_20181118,2018,11,REG,25462.0,60.4,0.0,8.2,0.7777777777777778,0.3333333333333333,True,False,False,False,False,False,False,False,False,11,11,6.0,13.0,WMO_3,False,0.5625,0.3125,False,False
2018_REG_11_GB_SEA_20181115,2018,11,REG,69007.0,50.6,0.031,10.2,0.4444444444444444,0.5,False,False,False,False,False,False,False,False,False,11,11,3.0,3.0,WMO_51|PRECIP,False,0.5625,0.4375,False,False
2018_REG_11_HOU_WSH_20181118,2018,11,REG,61593.0,40.5,0.0,7.1,0.6666666666666666,0.6666666666666666,True,False,False,False,False,False,False,False,False,11,11,6.0,13.0,WMO_3,False,0.4375,0.25,False,False
2018_REG_11_KC_LAR_20181119,2018,11,REG,77002.0,61.0,0.0,7.6,0.9,0.9,False,False,False,False,False,False,False,False,False,11,11,7.0,7.0,WMO_3,False,0.6470588235294118,0.5882352941176471,False,False
2018_REG_11_LV_ARI_20181118,2018,11,REG,62435.0,,,,0.2222222222222222,0.1111111111111111,True,False,True,False,False,False,False,False,False,11,11,6.0,6.0,,False,0.5,0.375,False,False
2018_REG_11_MIN_CHI_20181118,2018,11,REG,61651.0,34.7,0.071,11.2,0.6666666666666666,0.6111111111111112,True,False,False,False,False,False,False,False,False,11,11,6.0,13.0,WMO_71|SNOW,True,0.3125,0.7777777777777778,False,False
2018_REG_11_PHI_NO_20181118,2018,11,REG,73042.0,,,,0.8888888888888888,0.4444444444444444,True,False,True,False,False,False,False,False,False,11,11,6.0,6.0,,False,0.6666666666666666,0.8421052631578947,False,False
2018_REG_11_PIT_JAX_20181118,2018,11,REG,67683.0,62.2,0.043,7.4,0.3333333333333333,0.7222222222222222,True,False,False,False,False,False,False,False,False,11,11,6.0,9.0,WMO_51|PRECIP,False,0.631578947368421,0.7647058823529411,False,False
2018_REG_11_TB_NYG_20181118,2018,11,REG,75863.0,38.5,0.016,8.7,0.2222222222222222,0.3333333333333333,True,False,False,False,False,False,False,False,False,11,11,5.0,6.0,WMO_71|SNOW,True,0.1875,0.3125,False,False
2018_REG_11_TEN_IND_20181118,2018,11,REG,57401.0,,,,0.4444444444444444,0.5555555555555556,True,False,True,False,False,False,False,False,False,11,11,6.0,6.0,,False,0.25,0.5555555555555556,False,False
2018_REG_12_ARI_LAC_20181125,2018,12,REG,25343.0,59.6,0.0,7.4,0.7,0.2,True,False,False,False,False,False,False,False,False,12,11,6.0,6.0,WMO_3,False,0.5625,0.5,False,False
2018_REG_12_ATL_NO_20181122,2018,12,REG,73017.0,,,,0.9,0.4,False,True,True,False,False,False,False,False,False,12,11,3.0,3.0,,False,0.6666666666666666,0.6111111111111112,False,False
2018_REG_12_CHI_DET_20181122,2018,12,REG,65684.0,,,,0.4,0.7,False,True,True,False,False,False,False,False,False,12,11,3.0,3.0,,False,0.5625,0.3125,False,False
2018_REG_12_CLE_CIN_20181125,2018,12,REG,56122.0,47.5,0.0,11.5,0.5,0.35,True,False,False,False,False,False,False,False,False,12,11,6.0,13.0,WMO_3,False,0.4375,0.0,False,False
2018_REG_12_GB_MIN_20181125,2018,12,REG,66872.0,,,,0.55,0.45,True,False,True,False,False,False,False,False,False,12,11,6.0,9.0,,False,0.7777777777777778,0.4375,False,False
2018_REG_12_JAX_BUF_20181125,2018,12,REG,57799.0,42.2,0.059,15.1,0.3,0.3,True,False,False,False,False,False,False,False,False,12,11,13.0,6.0,WMO_51|PRECIP,False,0.5294117647058824,0.631578947368421,False,False
2018_REG_12_LV_BAL_20181125,2018,12,REG,70035.0,46.2,0.642,15.1,0.5,0.2,True,False,False,False,False,False,False,False,False,12,11,6.0,6.0,WMO_65|PRECIP,True,0.5625,0.375,False,False
2018_REG_12_MIA_IND_20181125,2018,12,REG,57069.0,,,,0.5,0.5,True,False,True,False,False,False,False,False,False,12,11,6.0,13.0,,False,0.25,0.375,False,False
2018_REG_12_NE_NYJ_20181125,2018,12,REG,77982.0,46.3,1.516,20.7,0.3,0.7,True,False,False,False,False,False,False,False,False,12,11,13.0,13.0,WMO_65|PRECIP|WINDY,True,0.3125,0.7894736842105263,False,False
2018_REG_12_NYG_PHI_20181125,2018,12,REG,69696.0,46.9,1.646,15.2,0.4,0.3,True,False,False,False,False,False,False,False,False,12,11,6.0,6.0,WMO_65|PRECIP,True,0.8421052631578947,0.1875,False,False
2018_REG_12_PIT_DEN_20181125,2018,12,REG,76536.0,32.5,0.012,22.7,0.4,0.75,True,False,False,False,False,False,False,False,False,12,11,6.0,6.0,WMO_71|SNOW|WINDY,True,0.3125,0.7647058823529411,False,False
2018_REG_12_SEA_CAR_20181125,2018,12,REG,74002.0,44.8,0.0,5.6,0.6,0.5,True,False,False,False,False,False,False,False,False,12,11,6.0,9.0,WMO_3,False,0.6470588235294118,0.5625,False,False
2018_REG_12_SF_TB_20181125,2018,12,REG,50436.0,70.3,0.059,7.2,0.3,0.2,True,False,False,False,False,False,False,False,False,12,11,6.0,12.0,WMO_53|PRECIP,False,0.3125,0.375,False,False
2018_REG_12_TEN_HOU_20181126,2018,12,REG,71826.0,,,,0.7,0.5,False,False,True,False,False,False,False,False,False,12,11,7.0,7.0,,False,0.25,0.5555555555555556,False,False
2018_REG_12_WSH_DAL_20181122,2018,12,REG,92076.0,,,,0.5,0.6,False,True,True,False,False,False,False,False,False,12,11,3.0,3.0,,False,0.5625,0.4375,False,False
2018_REG_13_ARI_GB_20181202,2018,13,REG,77234.0,33.8,0.717,20.0,0.4090909090909091,0.1818181818181818,True,False,False,False,False,False,False,False,False,13,12,6.0,6.0,WMO_75|SNOW|WINDY,True,0.4375,0.5,False,False
2018_REG_13_BAL_ATL_20181202,2018,13,REG,72262.0,,,,0.3636363636363636,0.5454545454545454,True,False,True,False,False,False,False,False,False,13,12,9.0,6.0,,False,0.6111111111111112,0.5625,False,False
2018_REG_13_BUF_MIA_20181202,2018,13,REG,65155.0,77.5,0.043,13.7,0.4545454545454545,0.3636363636363636,True,False,False,False,False,False,False,False,False,13,12,6.0,6.0,WMO_53|PRECIP,False,0.375,0.5294117647058824,False,False
2018_REG_13_CAR_TB_20181202,2018,13,REG,52568.0,75.1,0.0,18.3,0.3636363636363636,0.5454545454545454,True,False,False,False,False,False,False,False,False,13,12,6.0,6.0,WMO_2,False,0.3125,0.6470588235294118,False,False
2018_REG_13_CHI_NYG_20181202,2018,13,REG,76465.0,48.5,0.673,11.2,0.2727272727272727,0.7272727272727273,True,False,False,False,False,False,False,False,False,13,12,6.0,9.0,WMO_63|PRECIP,True,0.1875,0.3125,False,False
2018_REG_13_CLE_HOU_20181202,2018,13,REG,71741.0,,,,0.7272727272727273,0.4090909090909091,True,False,True,False,False,False,False,False,False,13,12,5.0,6.0,,False,0.25,0.0,False,False
2018_REG_13_DEN_CIN_20181202,2018,13,REG,44392.0,56.1,0.354,19.8,0.4545454545454545,0.4545454545454545,True,False,False,False,False,False,False,False,False,13,12,6.0,6.0,WMO_63|PRECIP,True,0.4375,0.3125,False,False
2018_REG_13_IND_JAX_20181202,2018,13,REG,67030.0,71.0,0.169,17.8,0.2727272727272727,0.5454545454545454,True,False,False,False,False,False,False,False,False,13,12,6.0,6.0,WMO_61|PRECIP,False,0.631578947368421,0.25,False,False
2018_REG_13_KC_LV_20181202,2018,13,REG,54255.0,48.3,0.0,9.5,0.1818181818181818,0.8181818181818182,True,False,False,False,False,False,False,False,False,13,12,6.0,12.0,WMO_2,False,0.375,0.5882352941176471,False,False
2018_REG_13_LAC_PIT_20181202,2018,13,REG,61069.0,49.6,0.311,13.3,0.6818181818181818,0.7272727272727273,True,False,False,False,False,False,False,False,False,13,12,6.0,6.0,WMO_63|PRECIP,False,0.7647058823529411,0.5625,False,False
2018_REG_13_LAR_DET_20181202,2018,13,REG,60974.0,,,,0.3636363636363636,0.9090909090909092,True,False,True,False,False,False,False,False,False,13,12,9.0,12.0,,False,0.5625,0.6470588235294118,False,False
2018_REG_13_MIN_NE_20181202,2018,13,REG,65878.0,41.9,0.614,12.1,0.7272727272727273,0.5909090909090909,True,False,False,False,False,False,False,False,False,13,12,6.0,6.0,WMO_63|PRECIP,True,0.7894736842105263,0.7777777777777778,False,False
2018_REG_13_NO_DAL_20181129,2018,13,REG,93004.0,,,,0.5454545454545454,0.9090909090909092,False,False,True,False,False,False,False,False,False,13,11,6.0,6.0,,False,0.5625,0.6666666666666666,False,False
2018_REG_13_NYJ_TEN_20181202,2018,13,REG,60904.0,58.0,0.016,16.1,0.4545454545454545,0.2727272727272727,True,False,False,False,False,False,False,False,False,13,12,5.0,6.0,WMO_51|PRECIP,True,0.5555555555555556,0.3125,False,False
2018_REG_13_SF_SEA_20181202,2018,13,REG,69009.0,42.6,0.126,4.5,0.5454545454545454,0.1818181818181818,True,False,False,False,False,False,False,False,False,13,12,6.0,6.0,WMO_53|PRECIP,False,0.5625,0.375,False,False
2018_REG_13_WSH_PHI_20181203,2018,13,REG,69696.0,54.0,0.047,16.5,0.4545454545454545,0.5454545454545454,False,False,False,False,False,False,False,False,False,13,12,7.0,10.0,WMO_53|PRECIP,False,0.8421052631578947,0.4375,False,False
2018_REG_14_ATL_GB_20181209,2018,14,REG,77329.0,21.2,0.0,9.1,0.375,0.3333333333333333,True,False,False,False,False,False,False,False,False,14,12,6.0,6.0,WMO_3,False,0.4375,0.6111111111111112,False,False
2018_REG_14_BAL_KC_20181209,2018,14,REG,74336.0,25.6,0.0,7.5,0.8333333333333334,0.5833333333333334,True,False,False,False,False,False,False,False,False,14,12,6.0,6.0,WMO_3,False,0.5882352941176471,0.5625,False,False
2018_REG_14_CAR_CLE_20181209,2018,14,REG,59392.0,24.0,0.0,6.7,0.375,0.5,True,False,False,False,False,False,False,False,False,14,12,6.0,6.0,WMO_3,False,0.0,0.6470588235294118,False,False
2018_REG_14_CIN_LAC_20181209,2018,14,REG,25358.0,55.7,0.0,7.7,0.75,0.4166666666666667,True,False,False,False,False,False,False,False,False,14,12,6.0,6.0,WMO_3,False,0.5625,0.4375,False,False
2018_REG_14_DEN_SF_20181209,2018,14,REG,69449.0,52.7,0.0,6.6,0.1666666666666666,0.5,True,False,False,False,False,False,False,False,False,14,12,6.0,6.0,WMO_3,False,0.375,0.3125,False,False
2018_REG_14_DET_ARI_20181209,2018,14,REG,62014.0,,,,0.25,0.3333333333333333,True,False,True,False,False,False,False,False,False,14,12,6.0,6.0,,False,0.5,0.5625,False,False
2018_REG_14_IND_HOU_20181209,2018,14,REG,71814.0,,,,0.75,0.5,True,False,True,False,False,False,False,False,False,14,12,6.0,6.0,,False,0.25,0.25,False,False
2018_REG_14_JAX_TEN_20181206,2018,14,REG,60344.0,33.6,0.0,6.8,0.5,0.3333333333333333,False,False,False,False,False,False,False,False,False,14,12,3.0,3.0,WMO_3,False,0.5555555555555556,0.631578947368421,False,False
2018_REG_14_LAR_CHI_20181209,2018,14,REG,61695.0,24.6,0.0,6.1,0.6666666666666666,0.9166666666666666,True,False,False,False,False,False,False,False,False,14,12,6.0,6.0,WMO_3,False,0.3125,0.6470588235294118,False,False
2018_REG_14_MIN_SEA_20181210,2018,14,REG,69007.0,43.8,0.209,16.1,0.5833333333333334,0.5416666666666666,False,False,False,False,False,False,False,False,False,14,12,7.0,7.0,WMO_55|PRECIP,False,0.5625,0.7777777777777778,False,False
2018_REG_14_NE_MIA_20181209,2018,14,REG,66087.0,75.3,0.098,18.1,0.5,0.75,True,False,False,False,False,False,False,False,False,14,12,6.0,6.0,WMO_53|PRECIP,False,0.375,0.7894736842105263,False,False
2018_REG_14_NO_TB_20181209,2018,14,REG,53495.0,68.5,1.413,25.4,0.4166666666666667,0.8333333333333334,True,False,False,False,False,False,False,False,False,14,12,6.0,9.0,WMO_65|PRECIP|WINDY,True,0.3125,0.6666666666666666,False,False
2018_REG_14_NYG_WSH_20181209,2018,14,REG,57437.0,30.2,0.008,6.6,0.5,0.3333333333333333,True,False,False,False,False,False,False,False,False,14,12,5.0,6.0,WMO_71|SNOW,True,0.4375,0.1875,False,False
2018_REG_14_NYJ_BUF_20181209,2018,14,REG,59119.0,25.4,0.0,10.4,0.3333333333333333,0.25,True,False,False,False,False,False,False,False,False,14,12,6.0,6.0,WMO_3,False,0.5294117647058824,0.3125,False,False
2018_REG_14_PHI_DAL_20181209,2018,14,REG,93127.0,,,,0.5833333333333334,0.5,True,False,True,False,False,False,False,False,False,14,12,9.0,5.0,,False,0.5625,0.8421052631578947,False,False
2018_REG_14_PIT_LV_20181209,2018,14,REG,53960.0,50.2,0.0,9.2,0.1666666666666666,0.625,True,False,False,False,False,False,False,False,False,14,12,6.0,6.0,WMO_3,False,0.375,0.7647058823529411,False,False
2018_REG_15_ARI_ATL_20181216,2018,15,REG,72084.0,,,,0.3076923076923077,0.2307692307692307,True,False,True,False,False,False,False,False,False,15,12,6.0,6.0,,False,0.6111111111111112,0.5,False,False
2018_REG_15_CLE_DEN_20181215,2018,15,REG,76596.0,36.0,0.0,5.7,0.4615384615384615,0.4230769230769231,True,False,False,False,False,False,False,False,False,15,12,5.0,5.0,WMO_3,False,0.3125,0.0,False,False
2018_REG_15_DAL_IND_20181216,2018,15,REG,66654.0,,,,0.5384615384615384,0.6153846153846154,True,False,True,False,False,False,False,False,False,15,12,6.0,6.0,,False,0.25,0.5625,False,False
2018_REG_15_DET_BUF_20181216,2018,15,REG,59110.0,33.8,0.138,11.2,0.3076923076923077,0.3846153846153846,True,False,False,False,False,False,False,False,False,15,12,6.0,6.0,WMO_53|PRECIP,False,0.5294117647058824,0.5625,False,False
2018_REG_15_GB_CHI_20181216,2018,15,REG,62372.0,35.4,0.0,11.2,0.6923076923076923,0.4230769230769231,True,False,False,False,False,False,False,False,False,15,12,6.0,6.0,WMO_3,False,0.3125,0.4375,False,False
2018_REG_15_HOU_NYJ_20181215,2018,15,REG,77982.0,45.4,0.232,11.9,0.3076923076923077,0.6923076923076923,True,False,False,False,False,False,False,False,False,15,12,5.0,5.0,WMO_53|PRECIP,False,0.3125,0.25,False,False
2018_REG_15_LAC_KC_20181213,2018,15,REG,75091.0,41.4,0.067,10.2,0.8461538461538461,0.7692307692307693,False,False,False,False,False,False,False,False,False,15,12,3.0,3.0,WMO_53|PRECIP,False,0.5882352941176471,0.5625,False,False
2018_REG_15_LV_CIN_20181216,2018,15,REG,44568.0,45.0,0.055,11.2,0.3846153846153846,0.2307692307692307,True,False,False,False,False,False,False,False,False,15,12,6.0,6.0,WMO_53|PRECIP,False,0.4375,0.375,False,False
2018_REG_15_MIA_MIN_20181216,2018,15,REG,66841.0,,,,0.5,0.5384615384615384,True,False,True,False,False,False,False,False,False,15,12,5.0,6.0,,False,0.7777777777777778,0.375,False,False
2018_REG_15_NE_PIT_20181216,2018,15,REG,65280.0,40.3,0.642,11.5,0.5769230769230769,0.6923076923076923,True,False,False,False,False,False,False,False,False,15,12,6.0,6.0,WMO_61|PRECIP,True,0.7647058823529411,0.7894736842105263,False,False
2018_REG_15_NO_CAR_20181217,2018,15,REG,74188.0,48.3,0.0,9.5,0.4615384615384615,0.8461538461538461,False,False,False,False,False,False,False,False,False,15,12,7.0,7.0,WMO_1,False,0.6470588235294118,0.6666666666666666,False,False
2018_REG_15_PHI_LAR_20181216,2018,15,REG,74210.0,54.3,0.0,9.7,0.8461538461538461,0.4615384615384615,True,False,False,False,False,False,False,False,False,15,12,6.0,6.0,WMO_2,False,0.6470588235294118,0.8421052631578947,False,False
2018_REG_15_SEA_SF_20181216,2018,15,REG,68836.0,55.1,0.051,15.3,0.2307692307692307,0.6153846153846154,True,False,False,False,False,False,False,False,False,15,12,6.0,5.0,WMO_53|PRECIP,False,0.375,0.5625,False,False
2018_REG_15_TB_BAL_20181216,2018,15,REG,70031.0,44.6,2.075,15.5,0.5384615384615384,0.3846153846153846,True,False,False,False,False,False,False,False,False,15,12,6.0,6.0,WMO_63|PRECIP,True,0.5625,0.3125,False,False
2018_REG_15_TEN_NYG_20181216,2018,15,REG,74538.0,41.1,0.654,17.4,0.3846153846153846,0.5384615384615384,True,False,False,False,False,False,False,False,False,15,12,6.0,9.0,WMO_63|PRECIP,True,0.1875,0.5555555555555556,False,False
2018_REG_15_WSH_JAX_20181216,2018,15,REG,67577.0,58.3,0.0,11.7,0.3076923076923077,0.4615384615384615,True,False,False,False,False,False,False,False,False,15,12,9.0,6.0,WMO_3,False,0.631578947368421,0.4375,False,False
2018_REG_16_ATL_CAR_20181223,2018,16,REG,73722.0,41.3,0.008,10.5,0.4285714285714285,0.3571428571428571,True,False,False,False,False,False,False,False,False,16,12,5.0,6.0,WMO_51|PRECIP,False,0.6470588235294118,0.6111111111111112,False,False
2018_REG_16_BAL_LAC_20181222,2018,16,REG,25571.0,56.1,0.0,5.4,0.7857142857142857,0.5714285714285714,True,False,False,False,False,False,False,False,False,16,12,8.0,5.0,WMO_3,False,0.5625,0.5625,False,False
2018_REG_16_BUF_NE_20181223,2018,16,REG,65878.0,33.6,0.0,15.0,0.6428571428571429,0.3571428571428571,True,False,False,False,False,False,False,False,False,16,12,6.0,6.0,WMO_3,False,0.7894736842105263,0.5294117647058824,False,False
2018_REG_16_CHI_SF_20181223,2018,16,REG,70806.0,51.7,0.0,7.3,0.2857142857142857,0.7142857142857143,True,False,False,False,False,False,False,False,False,16,12,6.0,6.0,WMO_3,False,0.375,0.3125,False,False
2018_REG_16_CIN_CLE_20181223,2018,16,REG,67431.0,33.9,0.0,10.0,0.4642857142857143,0.4285714285714285,True,False,False,False,False,False,False,False,False,16,12,7.0,6.0,WMO_3,False,0.0,0.4375,False,False
2018_REG_16_DEN_LV_20181224,2018,16,REG,53850.0,52.4,0.256,17.7,0.2142857142857142,0.4285714285714285,False,False,False,False,False,False,False,False,False,16,12,7.0,8.0,WMO_61|PRECIP,False,0.375,0.3125,False,False
2018_REG_16_GB_NYJ_20181223,2018,16,REG,77982.0,37.8,0.0,15.3,0.2857142857142857,0.3928571428571428,True,False,False,False,False,False,False,False,False,16,12,7.0,6.0,WMO_3,False,0.3125,0.4375,False,False
2018_REG_16_HOU_PHI_20181223,2018,16,REG,69696.0,39.2,0.0,9.8,0.5,0.7142857142857143,True,False,False,False,False,False,False,False,False,16,12,6.0,7.0,WMO_3,False,0.8421052631578947,0.25,False,False
2018_REG_16_JAX_MIA_20181223,2018,16,REG,65798.0,59.4,0.0,7.6,0.5,0.2857142857142857,True,False,False,False,False,False,False,False,False,16,12,6.0,6.0,WMO_3,False,0.375,0.631578947368421,False,False
2018_REG_16_KC_SEA_20181223,2018,16,REG,69067.0,43.2,0.461,15.0,0.5714285714285714,0.7857142857142857,True,False,False,False,False,False,False,False,False,16,12,6.0,9.0,WMO_73|SNOW,True,0.5625,0.5882352941176471,False,False
2018_REG_16_LAR_ARI_20181223,2018,16,REG,61759.0,,,,0.2142857142857142,0.7857142857142857,True,False,True,False,False,False,False,False,False,16,12,6.0,6.0,,False,0.5,0.6470588235294118,False,False
2018_REG_16_MIN_DET_20181223,2018,16,REG,61641.0,,,,0.3571428571428571,0.5357142857142857,True,False,True,False,False,False,False,False,False,16,12,6.0,6.0,,False,0.5625,0.7777777777777778,False,False
2018_REG_16_NYG_IND_20181223,2018,16,REG,61738.0,,,,0.5714285714285714,0.3571428571428571,True,False,True,False,False,False,False,False,False,16,12,6.0,6.0,,False,0.25,0.1875,False,False
2018_REG_16_PIT_NO_20181223,2018,16,REG,73086.0,,,,0.8571428571428571,0.6071428571428571,True,False,True,False,False,False,False,False,False,16,12,5.0,6.0,,False,0.6666666666666666,0.7647058823529411,False,False
2018_REG_16_TB_DAL_20181223,2018,16,REG,92851.0,,,,0.5714285714285714,0.3571428571428571,True,False,True,False,False,False,False,False,False,16,12,6.0,6.0,,False,0.5625,0.3125,False,False
2018_REG_16_WSH_TEN_20181222,2018,16,REG,60746.0,38.2,0.0,10.0,0.5714285714285714,0.5,True,False,False,False,False,False,False,False,False,16,12,5.0,5.0,WMO_3,False,0.5555555555555556,0.4375,False,False
2018_REG_17_ARI_SEA_20181230,2018,17,REG,68990.0,43.5,0.35,17.3,0.6,0.2,True,False,False,False,False,False,False,False,False,17,12,6.0,6.0,WMO_61|PRECIP,False,0.5625,0.5,False,False
2018_REG_17_ATL_TB_20181230,2018,17,REG,52884.0,72.0,0.0,6.5,0.3333333333333333,0.4,True,False,False,False,False,False,False,False,False,17,12,6.0,6.0,WMO_3,False,0.3125,0.6111111111111112,False,False
2018_REG_17_CAR_NO_20181230,2018,17,REG,73028.0,,,,0.8666666666666667,0.4,True,False,True,False,False,False,False,False,False,17,12,6.0,6.0,,False,0.6666666666666666,0.6470588235294118,False,False
2018_REG_17_CHI_MIN_20181230,2018,17,REG,66878.0,,,,0.5666666666666667,0.7333333333333333,True,False,True,False,False,False,False,False,False,17,12,6.0,6.0,,False,0.7777777777777778,0.3125,False,False
2018_REG_17_CIN_PIT_20181230,2018,17,REG,63874.0,34.9,0.0,8.7,0.5666666666666667,0.4,True,False,False,False,False,False,False,False,False,17,12,6.0,6.0,WMO_3,False,0.7647058823529411,0.4375,False,False
2018_REG_17_CLE_BAL_20181230,2018,17,REG,70925.0,38.0,0.004,7.7,0.6,0.5,True,False,False,False,False,False,False,False,False,17,12,7.0,6.0,WMO_51|PRECIP,False,0.5625,0.0,False,False
2018_REG_17_DAL_NYG_20181230,2018,17,REG,77750.0,35.7,0.012,9.1,0.3333333333333333,0.6,True,False,False,False,False,False,False,False,False,17,12,6.0,6.0,WMO_71|SNOW,True,0.1875,0.5625,False,False
2018_REG_17_DET_GB_20181230,2018,17,REG,77341.0,23.3,0.0,13.0,0.4333333333333333,0.3333333333333333,True,False,False,False,False,False,False,False,False,17,12,6.0,6.0,WMO_3,False,0.4375,0.5625,False,False
2018_REG_17_IND_TEN_20181230,2018,17,REG,68978.0,42.3,0.0,6.5,0.6,0.6,True,False,False,False,False,False,False,False,False,17,12,7.0,6.0,WMO_3,False,0.5555555555555556,0.25,False,False
2018_REG_17_JAX_HOU_20181230,2018,17,REG,71848.0,,,,0.6666666666666666,0.3333333333333333,True,False,True,False,False,False,False,False,False,17,12,6.0,6.0,,False,0.25,0.631578947368421,False,False
2018_REG_17_LAC_DEN_20181230,2018,17,REG,75947.0,34.6,0.0,13.2,0.4,0.7333333333333333,True,False,False,False,False,False,False,False,False,17,12,5.0,7.0,WMO_3,False,0.3125,0.5625,False,False
2018_REG_17_LV_KC_20181230,2018,17,REG,77550.0,28.4,0.0,12.0,0.7333333333333333,0.2666666666666666,True,False,False,False,False,False,False,False,False,17,12,6.0,5.0,WMO_3,False,0.5882352941176471,0.375,False,False
2018_REG_17_MIA_BUF_20181230,2018,17,REG,67420.0,30.6,0.165,15.3,0.3333333333333333,0.4666666666666667,True,False,False,False,False,False,False,False,False,17,12,6.0,6.0,WMO_73|SNOW,True,0.5294117647058824,0.375,False,False
2018_REG_17_NYJ_NE_20181230,2018,17,REG,65878.0,30.3,0.004,10.8,0.6666666666666666,0.2666666666666666,True,False,False,False,False,False,False,False,False,17,12,6.0,6.0,WMO_71|SNOW,True,0.7894736842105263,0.3125,False,False
2018_REG_17_PHI_WSH_20181230,2018,17,REG,63188.0,39.1,0.0,6.0,0.4666666666666667,0.5333333333333333,True,False,False,False,False,False,False,False,False,17,12,7.0,6.0,WMO_3,False,0.4375,0.8421052631578947,False,False
2018_REG_17_SF_LAR_20181230,2018,17,REG,72161.0,50.2,0.0,6.7,0.8,0.2666666666666666,True,False,False,False,False,False,False,False,False,17,12,6.0,6.0,WMO_3,False,0.6470588235294118,0.375,False,False
2018_POST_18_IND_HOU_20190105,2018,18,POST,,,,,0.6875,0.625,True,False,True,False,False,False,False,False,False,18,1,5.0,5.0,,False,0.25,0.25,False,False
2018_POST_18_LAC_BAL_20190106,2018,18,POST,,44.8,0.0,14.4,0.625,0.75,True,False,False,False,False,False,False,False,False,18,1,6.0,6.0,WMO_3,False,0.5625,0.5625,False,False
2018_POST_18_PHI_CHI_20190106,2018,18,POST,,37.2,0.0,14.1,0.75,0.5625,True,False,False,False,False,False,False,False,False,18,1,6.0,6.0,WMO_3,False,0.3125,0.8421052631578947,False,False
2018_POST_18_SEA_DAL_20190105,2018,18,POST,,,,,0.625,0.625,True,False,True,False,False,False,False,False,False,18,1,5.0,5.0,,False,0.5625,0.5625,False,False
2018_POST_19_DAL_LAR_20190112,2018,19,POST,,53.7,0.606,16.9,0.8125,0.6470588235294118,True,False,False,False,False,False,False,False,False,19,1,12.0,6.0,WMO_63|PRECIP,True,0.6470588235294118,0.5625,False,False
2018_POST_19_IND_KC_20190112,2018,19,POST,,32.2,0.949,10.3,0.75,0.6470588235294118,True,False,False,False,False,False,False,False,False,19,1,12.0,6.0,WMO_75|SNOW,True,0.5882352941176471,0.25,False,False
2018_POST_19_LAC_NE_20190113,2018,19,POST,,20.9,0.0,7.7,0.6875,0.7647058823529411,True,False,False,False,False,False,False,False,False,19,1,13.0,6.0,WMO_3,False,0.7894736842105263,0.5625,False,False
2018_POST_19_PHI_NO_20190113,2018,19,POST,,,,,0.8125,0.5882352941176471,True,False,True,False,False,False,False,False,False,19,1,13.0,6.0,,False,0.6666666666666666,0.8421052631578947,False,False
2018_CON_20_LAR_NO_20190120,2018,20,CON,,,,,0.8235294117647058,0.8235294117647058,True,False,True,False,False,False,False,False,False,20,1,6.0,7.0,,False,0.6666666666666666,0.6470588235294118,False,False
2018_CON_20_NE_KC_20190120,2018,20,CON,,12.1,0.0,12.5,0.7647058823529411,0.7058823529411765,True,False,False,False,False,False,False,False,False,20,1,7.0,6.0,WMO_3,True,0.5882352941176471,0.7894736842105263,False,False
2018_POST_21_NE_LAR_20190203,2018,21,POST,,,,,0.8333333333333334,0.7222222222222222,True,False,True,False,False,False,False,False,False,21,2,13.0,13.0,,False,0.6470588235294118,0.7894736842105263,False,False
2019_REG_01_ATL_MIN_20190908,2019,1,REG,66714.0,,,,,,True,False,True,False,False,False,False,False,False,1,9,251.0,251.0,,False,0.53125,0.4375,False,False
2019_REG_01_BAL_MIA_20190908,2019,1,REG,65012.0,82.7,0.067,7.2,,,True,False,False,False,False,False,False,False,False,1,9,251.0,244.0,WMO_51|PRECIP,False,0.4375,0.5882352941176471,False,False
2019_REG_01_BUF_NYJ_20190908,2019,1,REG,78523.0,67.4,0.0,8.7,,,True,False,False,False,False,False,False,False,False,1,9,251.0,251.0,WMO_3,False,0.25,0.375,False,False
2019_REG_01_CIN_SEA_20190908,2019,1,REG,68710.0,62.7,0.323,13.2,,,True,False,False,False,False,False,False,False,False,1,9,245.0,251.0,WMO_63|PRECIP,False,0.5882352941176471,0.375,False,False
2019_REG_01_DEN_LV_20190909,2019,1,REG,52359.0,64.9,0.0,14.5,,,False,False,False,False,False,False,False,False,False,1,9,252.0,252.0,WMO_3,False,0.25,0.375,False,False
2019_REG_01_DET_ARI_20190908,2019,1,REG,60687.0,,,,,,True,False,True,False,False,False,False,False,False,1,9,251.0,251.0,,False,0.1875,0.375,False,False
2019_REG_01_GB_CHI_20190905,2019,1,REG,62435.0,63.3,0.0,10.0,,,False,False,False,False,False,False,False,False,False,1,9,241.0,248.0,WMO_3,False,0.7058823529411765,0.40625,False,False
2019_REG_01_HOU_NO_20190909,2019,1,REG,73039.0,,,,,,False,False,True,False,False,False,False,False,False,1,9,231.0,246.0,,False,0.7777777777777778,0.6470588235294118,False,False
2019_REG_01_IND_LAC_20190908,2019,1,REG,25363.0,70.7,0.0,14.8,,,True,False,False,False,False,False,False,False,False,1,9,237.0,238.0,WMO_0,False,0.7222222222222222,0.6111111111111112,False,False
2019_REG_01_KC_JAX_20190908,2019,1,REG,60157.0,81.5,0.0,10.1,,,True,False,False,False,False,False,False,False,False,1,9,251.0,230.0,WMO_0,False,0.3125,0.7222222222222222,False,False
2019_REG_01_LAR_CAR_20190908,2019,1,REG,72005.0,79.9,0.0,10.3,,,True,False,False,False,False,False,False,False,False,1,9,251.0,216.0,WMO_1,False,0.4375,0.7894736842105263,False,False
2019_REG_01_NYG_DAL_20190908,2019,1,REG,90353.0,,,,,,True,False,True,False,False,False,False,False,False,1,9,238.0,251.0,,False,0.6111111111111112,0.3125,False,False
2019_REG_01_PIT_NE_20190908,2019,1,REG,65878.0,65.0,0.0,10.5,,,True,False,False,False,False,False,False,False,False,1,9,216.0,251.0,WMO_3,False,0.7368421052631579,0.59375,False,False
2019_REG_01_SF_TB_20190908,2019,1,REG,55976.0,81.5,0.004,9.6,,,True,False,False,False,False,False,False,False,False,1,9,251.0,251.0,WMO_51|PRECIP,False,0.3125,0.25,False,False
2019_REG_01_TEN_CLE_20190908,2019,1,REG,67431.0,65.8,0.016,11.2,,,True,False,False,False,False,False,False,False,False,1,9,251.0,251.0,WMO_51|PRECIP,False,0.46875,0.5625,False,False
2019_REG_01_WSH_PHI_20190908,2019,1,REG,69696.0,69.9,0.0,7.1,,,True,False,False,False,False,False,False,False,False,1,9,237.0,251.0,WMO_3,False,0.5555555555555556,0.4375,False,False
2019_REG_02_ARI_BAL_20190915,2019,2,REG,70126.0,75.8,0.079,6.3,1.0,0.5,True,False,False,False,False,False,False,False,False,2,9,6.0,6.0,WMO_53|PRECIP,False,0.5882352941176471,0.1875,False,False
2019_REG_02_BUF_NYG_20190915,2019,2,REG,74569.0,72.1,0.02,6.6,0.0,1.0,True,False,False,False,False,False,False,False,False,2,9,6.0,6.0,WMO_51|PRECIP,False,0.3125,0.375,False,False
2019_REG_02_CHI_DEN_20190915,2019,2,REG,76885.0,69.8,0.0,12.7,0.0,0.0,True,False,False,False,False,False,False,False,False,2,9,5.0,9.0,WMO_3,False,0.375,0.7058823529411765,False,False
2019_REG_02_CLE_NYJ_20190916,2019,2,REG,78523.0,70.4,0.031,6.5,0.0,0.0,False,False,False,False,False,False,False,False,False,2,9,7.0,7.0,WMO_51|PRECIP,False,0.25,0.46875,False,False
2019_REG_02_DAL_WSH_20190915,2019,2,REG,75128.0,76.5,0.043,6.6,0.0,1.0,True,False,False,False,False,False,False,False,False,2,9,6.0,6.0,WMO_53|PRECIP,False,0.4375,0.6111111111111112,False,False
2019_REG_02_IND_TEN_20190915,2019,2,REG,62849.0,80.8,0.0,5.8,1.0,0.0,True,False,False,False,False,False,False,False,False,2,9,6.0,6.0,WMO_1,False,0.5625,0.6111111111111112,False,False
2019_REG_02_JAX_HOU_20190915,2019,2,REG,71651.0,,,,0.0,0.0,True,False,True,False,False,False,False,False,False,2,9,5.0,6.0,,False,0.6470588235294118,0.3125,False,False
2019_REG_02_KC_LV_20190915,2019,2,REG,52748.0,62.7,0.0,14.3,1.0,1.0,True,False,False,False,False,False,False,False,False,2,9,5.0,6.0,WMO_3,False,0.25,0.7222222222222222,False,False
2019_REG_02_LAC_DET_20190915,2019,2,REG,60158.0,,,,0.5,1.0,True,False,True,False,False,False,False,False,False,2,9,6.0,6.0,,False,0.375,0.7222222222222222,False,False
2019_REG_02_MIN_GB_20190915,2019,2,REG,78416.0,68.0,0.063,7.9,1.0,1.0,True,False,False,False,False,False,False,False,False,2,9,9.0,6.0,WMO_53|PRECIP,False,0.40625,0.53125,False,False
2019_REG_02_NE_MIA_20190915,2019,2,REG,65513.0,81.4,0.169,9.3,0.0,1.0,True,False,False,False,False,False,False,False,False,2,9,6.0,6.0,WMO_55|PRECIP,False,0.4375,0.7368421052631579,False,False
2019_REG_02_NO_LAR_20190915,2019,2,REG,71460.0,73.1,0.0,12.4,1.0,1.0,True,False,False,False,False,False,False,False,False,2,9,6.0,5.0,WMO_3,False,0.7894736842105263,0.7777777777777778,False,False
2019_REG_02_PHI_ATL_20190915,2019,2,REG,72443.0,,,,0.0,1.0,True,False,True,False,False,False,False,False,False,2,9,6.0,6.0,,False,0.4375,0.5555555555555556,False,False
2019_REG_02_SEA_PIT_20190915,2019,2,REG,65063.0,67.4,0.0,5.7,0.0,1.0,True,False,False,False,False,False,False,False,False,2,9,6.0,6.0,WMO_3,False,0.59375,0.5882352941176471,False,False
2019_REG_02_SF_CIN_20190915,2019,2,REG,50666.0,72.2,0.0,6.7,0.0,1.0,True,False,False,False,False,False,False,False,False,2,9,6.0,6.0,WMO_3,False,0.375,0.25,False,False
2019_REG_02_TB_CAR_20190912,2019,2,REG,71101.0,84.1,0.0,7.0,0.0,0.0,False,False,False,False,False,False,False,False,False,2,9,3.0,3.0,WMO_1,False,0.4375,0.3125,False,False
2019_REG_03_ATL_IND_20190922,2019,3,REG,60295.0,,,,0.5,0.5,True,False,True,False,False,False,False,False,False,3,9,6.0,6.0,,False,0.6111111111111112,0.4375,False,False
2019_REG_03_BAL_KC_20190922,2019,3,REG,73390.0,74.6,1.677,15.6,1.0,1.0,True,False,False,False,False,False,False,False,False,3,9,6.0,6.0,WMO_65|PRECIP,True,0.7222222222222222,0.5882352941176471,False,False
2019_REG_03_CAR_ARI_20190922,2019,3,REG,60104.0,,,,0.25,0.0,True,False,True,False,False,False,False,False,False,3,9,6.0,9.0,,False,0.1875,0.4375,False,False
2019_REG_03_CHI_WSH_20190923,2019,3,REG,67327.0,80.5,0.0,10.6,0.0,0.5,False,False,False,False,False,False,False,False,False,3,9,7.0,7.0,WMO_3,False,0.4375,0.7058823529411765,False,False
2019_REG_03_CIN_BUF_20190922,2019,3,REG,69448.0,74.2,0.0,14.9,1.0,0.0,True,False,False,False,False,False,False,False,False,3,9,6.0,6.0,WMO_3,False,0.375,0.375,False,False
2019_REG_03_DEN_GB_20190922,2019,3,REG,78078.0,70.3,1.386,15.9,1.0,0.0,True,False,False,False,False,False,False,False,False,3,9,6.0,6.0,WMO_65|PRECIP,True,0.40625,0.375,False,False
2019_REG_03_DET_PHI_20190922,2019,3,REG,69796.0,73.1,0.0,7.6,0.5,0.75,True,False,False,False,False,False,False,False,False,3,9,6.0,6.0,WMO_2,False,0.5555555555555556,0.375,False,False
2019_REG_03_HOU_LAC_20190922,2019,3,REG,25349.0,72.8,0.0,15.2,0.5,0.5,True,False,False,False,False,False,False,False,False,3,9,6.0,6.0,WMO_3,False,0.7222222222222222,0.6470588235294118,False,False
2019_REG_03_LAR_CLE_20190922,2019,3,REG,67431.0,77.5,0.0,14.6,0.5,1.0,True,False,False,False,False,False,False,False,False,3,9,5.0,6.0,WMO_3,False,0.46875,0.7894736842105263,False,False
2019_REG_03_LV_MIN_20190922,2019,3,REG,66738.0,,,,0.5,0.5,True,False,True,False,False,False,False,False,False,3,9,6.0,6.0,,False,0.53125,0.25,False,False
2019_REG_03_MIA_DAL_20190922,2019,3,REG,90127.0,,,,1.0,0.0,True,False,True,False,False,False,False,False,False,3,9,6.0,6.0,,False,0.6111111111111112,0.4375,False,False
2019_REG_03_NO_SEA_20190922,2019,3,REG,69005.0,62.4,0.26,8.7,1.0,0.5,True,False,False,False,False,False,False,False,False,3,9,6.0,6.0,WMO_55|PRECIP,False,0.5882352941176471,0.7777777777777778,False,False
2019_REG_03_NYG_TB_20190922,2019,3,REG,55070.0,79.3,0.0,15.4,0.5,0.0,True,False,False,False,False,False,False,False,False,3,9,9.0,6.0,WMO_1,False,0.3125,0.3125,False,False
2019_REG_03_NYJ_NE_20190922,2019,3,REG,65878.0,69.5,0.0,9.8,1.0,0.0,True,False,False,False,False,False,False,False,False,3,9,6.0,5.0,WMO_3,False,0.7368421052631579,0.25,False,False
2019_REG_03_PIT_SF_20190922,2019,3,REG,69439.0,71.5,0.0,15.9,1.0,0.0,True,False,False,False,False,False,False,False,False,3,9,6.0,6.0,WMO_3,False,0.25,0.59375,False,False
2019_REG_03_TEN_JAX_20190919,2019,3,REG,58613.0,77.2,0.043,17.6,0.0,0.5,False,False,False,False,False,False,False,False,False,3,9,3.0,3.0,WMO_51|PRECIP,False,0.3125,0.5625,False,False
2019_REG_04_CAR_HOU_20190929,2019,4,REG,71699.0,,,,0.6666666666666666,0.3333333333333333,True,False,True,False,False,False,False,False,False,4,9,6.0,6.0,,False,0.6470588235294118,0.4375,False,False
2019_REG_04_CIN_PIT_20190930,2019,4,REG,57959.0,70.5,0.323,6.0,0.0,0.0,False,False,False,False,False,False,False,False,False,4,9,7.0,7.0,WMO_61|PRECIP,False,0.59375,0.375,False,False
2019_REG_04_CLE_BAL_20190929,2019,4,REG,70686.0,76.7,0.008,8.1,0.6666666666666666,0.3333333333333333,True,False,False,False,False,False,False,False,False,4,9,6.0,6.0,WMO_51|PRECIP,False,0.5882352941176471,0.46875,False,False
2019_REG_04_DAL_NO_20190929,2019,4,REG,73086.0,,,,0.6666666666666666,1.0,True,False,True,False,False,False,False,False,False,4,9,6.0,6.0,,False,0.7777777777777778,0.6111111111111112,False,False
2019_REG_04_JAX_DEN_20190929,2019,4,REG,76219.0,66.2,0.0,18.3,0.0,0.3333333333333333,True,False,False,False,False,False,False,False,False,4,9,6.0,9.0,WMO_0,True,0.375,0.3125,False,False
2019_REG_04_KC_DET_20190929,2019,4,REG,65188.0,,,,0.8333333333333334,1.0,True,False,True,False,False,False,False,False,False,4,9,6.0,6.0,,False,0.375,0.7222222222222222,False,False
2019_REG_04_LAC_MIA_20190929,2019,4,REG,64278.0,81.0,0.039,15.9,0.0,0.3333333333333333,True,False,False,False,False,False,False,False,False,4,9,6.0,6.0,WMO_51|PRECIP,False,0.4375,0.7222222222222222,False,False
2019_REG_04_LV_IND_20190929,2019,4,REG,62259.0,,,,0.6666666666666666,0.3333333333333333,True,False,True,False,False,False,False,False,False,4,9,6.0,6.0,,False,0.6111111111111112,0.25,False,False
2019_REG_04_MIN_CHI_20190929,2019,4,REG,62131.0,62.0,0.52,15.7,0.6666666666666666,0.6666666666666666,True,False,False,False,False,False,False,False,False,4,9,5.0,6.0,WMO_63|PRECIP,True,0.7058823529411765,0.53125,False,False
2019_REG_04_NE_BUF_20190929,2019,4,REG,70317.0,60.1,0.024,10.6,1.0,1.0,True,False,False,False,False,False,False,False,False,4,9,6.0,6.0,WMO_51|PRECIP,False,0.375,0.7368421052631579,False,False
2019_REG_04_PHI_GB_20190926,2019,4,REG,77509.0,60.4,0.0,13.7,1.0,0.3333333333333333,False,False,False,False,False,False,False,False,False,4,9,3.0,3.0,WMO_3,False,0.40625,0.5555555555555556,False,False
2019_REG_04_SEA_ARI_20190929,2019,4,REG,60500.0,,,,0.1666666666666666,0.6666666666666666,True,False,True,False,False,False,False,False,False,4,9,6.0,6.0,,False,0.1875,0.5882352941176471,False,False
2019_REG_04_TB_LAR_20190929,2019,4,REG,68117.0,65.1,0.004,15.5,1.0,0.3333333333333333,True,False,False,False,False,False,False,False,False,4,9,6.0,6.0,WMO_51|PRECIP,False,0.7894736842105263,0.3125,False,False
2019_REG_04_TEN_ATL_20190929,2019,4,REG,72108.0,,,,0.3333333333333333,0.3333333333333333,True,False,True,False,False,False,False,False,False,4,9,6.0,9.0,,False,0.4375,0.5625,False,False
2019_REG_04_WSH_NYG_20190929,2019,4,REG,74149.0,70.6,0.0,10.9,0.3333333333333333,0.0,True,False,False,False,False,False,False,False,False,4,9,6.0,5.0,WMO_3,False,0.3125,0.4375,False,False
2019_REG_05_ARI_CIN_20191006,2019,5,REG,46012.0,69.4,0.098,8.8,0.0,0.125,True,False,False,False,False,False,False,False,False,5,10,5.0,6.0,WMO_53|PRECIP,False,0.375,0.1875,False,False
2019_REG_05_ATL_HOU_20191006,2019,5,REG,71787.0,,,,0.5,0.25,True,False,True,False,False,False,False,False,False,5,10,6.0,6.0,,False,0.6470588235294118,0.4375,False,False
2019_REG_05_BAL_PIT_20191006,2019,5,REG,64037.0,63.1,0.008,11.4,0.25,0.5,True,False,False,False,False,False,False,False,False,5,10,5.0,6.0,WMO_51|PRECIP,False,0.59375,0.5882352941176471,False,False
2019_REG_05_BUF_TEN_20191006,2019,5,REG,66910.0,74.6,0.346,14.0,0.5,0.75,True,False,False,False,False,False,False,False,False,5,10,6.0,6.0,WMO_63|PRECIP,False,0.5625,0.375,False,False
2019_REG_05_CHI_LV_20191006,2019,5,REG,60463.0,55.9,0.429,16.3,0.5,0.75,True,False,False,False,False,False,False,False,False,5,10,6.0,6.0,WMO_61|PRECIP,True,0.25,0.7058823529411765,False,False
2019_REG_05_CLE_SF_20191007,2019,5,REG,70585.0,73.2,0.0,10.4,1.0,0.5,False,False,False,False,False,False,False,False,False,5,10,14.0,7.0,WMO_3,False,0.25,0.46875,False,False
2019_REG_05_DEN_LAC_20191006,2019,5,REG,25357.0,66.7,0.0,10.7,0.5,0.0,True,False,False,False,False,False,False,False,False,5,10,6.0,6.0,WMO_3,False,0.7222222222222222,0.375,False,False
2019_REG_05_GB_DAL_20191006,2019,5,REG,93024.0,,,,0.75,0.75,True,False,True,False,False,False,False,False,False,5,10,6.0,9.0,,False,0.6111111111111112,0.40625,False,False
2019_REG_05_IND_KC_20191006,2019,5,REG,73352.0,58.1,0.012,8.7,1.0,0.5,True,False,False,False,False,False,False,False,False,5,10,6.0,6.0,WMO_51|PRECIP,False,0.7222222222222222,0.6111111111111112,False,False
2019_REG_05_JAX_CAR_20191006,2019,5,REG,72762.0,66.2,0.067,8.5,0.5,0.5,True,False,False,False,False,False,False,False,False,5,10,6.0,6.0,WMO_53|PRECIP,False,0.4375,0.3125,False,False
2019_REG_05_LAR_SEA_20191003,2019,5,REG,68988.0,55.2,0.051,14.4,0.75,0.75,False,False,False,False,False,False,False,False,False,5,10,3.0,3.0,WMO_51|PRECIP,False,0.5882352941176471,0.7894736842105263,False,False
2019_REG_05_MIN_NYG_20191006,2019,5,REG,75041.0,61.4,0.043,14.3,0.5,0.5,True,False,False,False,False,False,False,False,False,5,10,6.0,6.0,WMO_51|PRECIP,False,0.3125,0.53125,False,False
2019_REG_05_NE_WSH_20191006,2019,5,REG,76483.0,65.8,0.075,14.3,0.0,1.0,True,False,False,False,False,False,False,False,False,5,10,6.0,6.0,WMO_53|PRECIP,False,0.4375,0.7368421052631579,False,False
2019_REG_05_NYJ_PHI_20191006,2019,5,REG,69796.0,63.8,0.004,16.4,0.5,0.0,True,False,False,False,False,False,False,False,False,5,10,9.0,13.0,WMO_51|PRECIP,False,0.5555555555555556,0.25,False,False
2019_REG_05_TB_NO_20191006,2019,5,REG,73029.0,,,,0.75,0.5,True,False,True,False,False,False,False,False,False,5,10,6.0,6.0,,False,0.7777777777777778,0.3125,False,False
2019_REG_06_ATL_ARI_20191013,2019,6,REG,60140.0,,,,0.3,0.2,True,False,True,True,False,True,False,False,False,6,10,6.0,6.0,,False,0.1875,0.4375,False,False
2019_REG_06_CAR_TB_20191013,2019,6,REG,60087.0,55.3,0.26,18.2,0.4,0.6,True,False,False,True,False,True,False,False,False,6,10,6.0,6.0,WMO_55|PRECIP,True,0.3125,0.4375,False,False
2019_REG_06_CIN_BAL_20191013,2019,6,REG,70051.0,58.2,0.071,9.2,0.6,0.0,True,False,False,True,False,True,False,False,False,6,10,6.0,6.0,WMO_55|PRECIP,False,0.5882352941176471,0.375,False,False
2019_REG_06_DAL_NYJ_20191013,2019,6,REG,78523.0,58.1,0.0,9.3,0.0,0.6,True,False,False,True,False,True,False,False,False,6,10,6.0,6.0,WMO_3,False,0.25,0.6111111111111112,False,False
2019_REG_06_DET_GB_20191014,2019,6,REG,76947.0,40.2,0.0,12.2,0.8,0.625,False,True,False,False,False,False,False,False,False,6,10,7.0,14.0,WMO_2,False,0.40625,0.375,False,False
2019_REG_06_HOU_KC_20191013,2019,6,REG,73323.0,53.5,0.0,14.6,0.8,0.6,True,False,False,True,False,True,False,False,False,6,10,6.0,6.0,WMO_0,False,0.7222222222222222,0.6470588235294118,False,False
2019_REG_06_NO_JAX_20191013,2019,6,REG,64341.0,75.2,0.0,12.3,0.4,0.8,True,False,False,True,False,True,False,False,False,6,10,6.0,6.0,WMO_3,False,0.3125,0.7777777777777778,False,False
2019_REG_06_NYG_NE_20191010,2019,6,REG,65878.0,52.1,0.201,16.2,1.0,0.4,False,False,False,False,False,False,False,False,False,6,10,3.0,3.0,WMO_61|PRECIP,True,0.7368421052631579,0.3125,False,False
2019_REG_06_PHI_MIN_20191013,2019,6,REG,66837.0,,,,0.6,0.6,True,False,True,True,False,True,False,False,False,6,10,6.0,6.0,,False,0.53125,0.5555555555555556,False,False
2019_REG_06_PIT_LAC_20191013,2019,6,REG,25425.0,64.3,0.0,11.0,0.4,0.2,True,False,False,True,False,True,False,False,False,6,10,6.0,6.0,WMO_0,False,0.7222222222222222,0.59375,False,False
2019_REG_06_SEA_CLE_20191013,2019,6,REG,67431.0,52.5,0.0,17.3,0.4,0.8,True,False,False,True,False,True,False,False,False,6,10,5.0,9.0,WMO_0,False,0.46875,0.5882352941176471,False,False
2019_REG_06_SF_LAR_20191013,2019,6,REG,75695.0,64.2,0.0,13.4,0.6,1.0,True,False,False,True,False,True,False,False,False,6,10,9.0,5.0,WMO_0,False,0.7894736842105263,0.25,False,False
2019_REG_06_TEN_DEN_20191013,2019,6,REG,75815.0,44.5,0.0,7.9,0.2,0.4,True,False,False,True,False,True,False,False,False,6,10,6.0,6.0,WMO_0,False,0.375,0.5625,False,False
2019_REG_06_WSH_MIA_20191013,2019,6,REG,59808.0,78.9,0.098,10.1,0.0,0.0,True,False,False,True,False,True,False,False,False,6,10,13.0,6.0,WMO_53|PRECIP,False,0.4375,0.4375,False,False
2019_REG_07_ARI_NYG_20191020,2019,7,REG,73577.0,52.6,0.362,6.5,0.3333333333333333,0.4166666666666667,True,False,False,False,False,False,False,False,False,7,10,9.0,6.0,WMO_61|PRECIP,False,0.3125,0.1875,False,False
2019_REG_07_BAL_SEA_20191020,2019,7,REG,69012.0,49.0,0.051,15.9,0.8333333333333334,0.6666666666666666,True,False,False,False,False,False,False,False,False,7,10,6.0,6.0,WMO_51|PRECIP,False,0.5882352941176471,0.5882352941176471,False,False
2019_REG_07_HOU_IND_20191020,2019,7,REG,59977.0,,,,0.6,0.6666666666666666,True,False,True,False,False,False,False,False,False,7,10,13.0,6.0,,False,0.6111111111111112,0.6470588235294118,False,False
2019_REG_07_JAX_CIN_20191020,2019,7,REG,42784.0,61.2,0.0,8.3,0.0,0.3333333333333333,True,False,False,False,False,False,False,False,False,7,10,6.0,6.0,WMO_3,False,0.375,0.3125,False,False
2019_REG_07_KC_DEN_20191017,2019,7,REG,76748.0,56.3,0.0,7.5,0.3333333333333333,0.6666666666666666,False,False,False,False,False,False,False,False,False,7,10,3.0,3.0,WMO_3,False,0.375,0.7222222222222222,False,False
2019_REG_07_LAC_TEN_20191020,2019,7,REG,62431.0,62.6,0.008,5.3,0.3333333333333333,0.3333333333333333,True,False,False,False,False,False,False,False,False,7,10,6.0,6.0,WMO_51|PRECIP,False,0.5625,0.7222222222222222,False,False
2019_REG_07_LAR_ATL_20191020,2019,7,REG,71856.0,,,,0.1666666666666666,0.5,True,False,True,False,False,False,False,False,False,7,10,6.0,6.0,,False,0.4375,0.7894736842105263,False,False
2019_REG_07_LV_GB_20191020,2019,7,REG,78160.0,51.0,0.043,5.2,0.8333333333333334,0.6,True,False,False,False,False,False,False,False,False,7,10,5.0,13.0,WMO_51|PRECIP,False,0.40625,0.25,False,False
2019_REG_07_MIA_BUF_20191020,2019,7,REG,68340.0,54.5,0.0,10.1,0.8,0.0,True,False,False,False,False,False,False,False,False,7,10,13.0,6.0,WMO_3,False,0.375,0.4375,False,False
2019_REG_07_MIN_DET_20191020,2019,7,REG,60314.0,,,,0.5,0.6666666666666666,True,False,True,False,False,False,False,False,False,7,10,5.0,6.0,,False,0.375,0.53125,False,False
2019_REG_07_NE_NYJ_20191021,2019,7,REG,78523.0,55.5,0.146,11.2,0.2,1.0,False,False,False,False,False,False,False,False,False,7,10,7.0,10.0,WMO_55|PRECIP,False,0.25,0.7368421052631579,False,False
2019_REG_07_NO_CHI_20191020,2019,7,REG,62306.0,53.5,0.004,11.8,0.6,0.8333333333333334,True,False,False,False,False,False,False,False,False,7,10,13.0,6.0,WMO_51|PRECIP,False,0.7058823529411765,0.7777777777777778,False,False
2019_REG_07_PHI_DAL_20191020,2019,7,REG,91213.0,,,,0.5,0.5,True,False,True,False,False,False,False,False,False,7,10,6.0,6.0,,False,0.6111111111111112,0.5555555555555556,False,False
2019_REG_07_SF_WSH_20191020,2019,7,REG,61459.0,54.0,1.24,13.7,0.1666666666666666,1.0,True,False,False,False,False,False,False,False,False,7,10,6.0,6.0,WMO_63|PRECIP,True,0.4375,0.25,False,False
2019_REG_08_ARI_NO_20191027,2019,8,REG,73064.0,,,,0.8571428571428571,0.5,True,False,True,False,False,False,False,False,False,8,10,6.0,6.0,,False,0.7777777777777778,0.1875,False,False
2019_REG_08_CAR_SF_20191027,2019,8,REG,69083.0,62.7,0.0,19.1,1.0,0.6666666666666666,True,False,False,False,False,False,False,False,False,8,10,6.0,13.0,WMO_0,False,0.25,0.4375,False,False
2019_REG_08_CIN_LAR_20191027,2019,8,REG,83720.0,44.2,0.0,7.3,0.5714285714285714,0.0,True,False,False,False,False,False,False,False,False,8,10,6.0,6.0,WMO_3,False,0.7894736842105263,0.375,False,False
2019_REG_08_CLE_NE_20191027,2019,8,REG,65878.0,48.6,0.768,16.0,1.0,0.3333333333333333,True,False,False,False,False,False,False,False,False,8,10,5.0,13.0,WMO_63|PRECIP,True,0.7368421052631579,0.46875,False,False
2019_REG_08_DEN_IND_20191027,2019,8,REG,61653.0,,,,0.6666666666666666,0.2857142857142857,True,False,True,False,False,False,False,False,False,8,10,6.0,9.0,,False,0.6111111111111112,0.375,False,False
2019_REG_08_GB_KC_20191027,2019,8,REG,73558.0,50.3,0.0,7.9,0.7142857142857143,0.8571428571428571,True,False,False,False,False,False,False,False,False,8,10,9.0,6.0,WMO_3,False,0.7222222222222222,0.40625,False,False
2019_REG_08_LAC_CHI_20191027,2019,8,REG,61632.0,49.4,1.252,28.5,0.5,0.2857142857142857,True,False,False,False,False,False,False,False,False,8,10,6.0,6.0,WMO_65|PRECIP|WINDY,True,0.7058823529411765,0.7222222222222222,False,False
2019_REG_08_LV_HOU_20191027,2019,8,REG,71893.0,,,,0.5714285714285714,0.5,True,False,True,False,False,False,False,False,False,8,10,6.0,6.0,,False,0.6470588235294118,0.25,False,False
2019_REG_08_MIA_PIT_20191028,2019,8,REG,59244.0,52.4,0.0,6.0,0.3333333333333333,0.0,False,False,False,False,False,False,False,False,False,8,10,14.0,7.0,WMO_3,False,0.59375,0.4375,False,False
2019_REG_08_NYG_DET_20191027,2019,8,REG,58509.0,,,,0.4166666666666667,0.2857142857142857,True,False,True,False,False,False,False,False,False,8,10,6.0,6.0,,False,0.375,0.3125,False,False
2019_REG_08_NYJ_JAX_20191027,2019,8,REG,57833.0,77.6,0.126,14.3,0.4285714285714285,0.1666666666666666,True,False,False,False,False,False,False,False,False,8,10,6.0,5.0,WMO_61|PRECIP,False,0.3125,0.25,False,False
2019_REG_08_PHI_BUF_20191027,2019,8,REG,69435.0,55.2,0.996,26.6,0.8333333333333334,0.4285714285714285,True,False,False,False,False,False,False,False,False,8,10,6.0,6.0,WMO_63|PRECIP|WINDY,True,0.375,0.5555555555555556,False,False
2019_REG_08_SEA_ATL_20191027,2019,8,REG,71483.0,,,,0.1428571428571428,0.7142857142857143,True,False,True,False,False,False,False,False,False,8,10,6.0,6.0,,False,0.4375,0.5882352941176471,False,False
2019_REG_08_TB_TEN_20191027,2019,8,REG,62073.0,59.8,0.043,12.9,0.4285714285714285,0.3333333333333333,True,False,False,False,False,False,False,False,False,8,10,6.0,13.0,WMO_51|PRECIP,False,0.5625,0.3125,False,False
2019_REG_08_WSH_MIN_20191024,2019,8,REG,66776.0,,,,0.7142857142857143,0.1428571428571428,False,False,True,False,False,False,False,False,False,8,10,3.0,3.0,,False,0.53125,0.4375,False,False
2019_REG_09_CHI_PHI_20191103,2019,9,REG,69796.0,44.2,0.0,11.7,0.5,0.4285714285714285,True,False,False,False,False,False,False,False,False,9,11,6.0,6.0,WMO_1,False,0.5555555555555556,0.7058823529411765,False,False
2019_REG_09_CLE_DEN_20191103,2019,9,REG,76743.0,25.4,0.0,8.5,0.25,0.2857142857142857,True,False,False,False,False,False,False,False,False,9,11,6.0,6.0,WMO_2,False,0.375,0.46875,False,False
2019_REG_09_DAL_NYG_20191104,2019,9,REG,76107.0,45.7,0.0,12.2,0.25,0.5714285714285714,False,False,False,False,False,False,False,False,False,9,11,7.0,14.0,WMO_3,False,0.3125,0.6111111111111112,False,False
2019_REG_09_DET_LV_20191103,2019,9,REG,53318.0,61.2,0.0,7.4,0.4285714285714285,0.5,True,False,False,False,False,False,False,False,False,9,11,6.0,6.0,WMO_0,False,0.25,0.375,False,False
2019_REG_09_GB_LAC_20191103,2019,9,REG,25435.0,61.9,0.0,9.4,0.375,0.875,True,False,False,False,False,False,False,False,False,9,11,6.0,6.0,WMO_2,False,0.7222222222222222,0.40625,False,False
2019_REG_09_HOU_JAX_20191103,2019,9,REG,84771.0,47.0,0.091,10.0,0.5,0.625,True,False,False,False,False,False,False,False,False,9,11,6.0,6.0,WMO_61|PRECIP,False,0.3125,0.6470588235294118,False,False
2019_REG_09_IND_PIT_20191103,2019,9,REG,61115.0,40.7,0.004,11.0,0.4285714285714285,0.7142857142857143,True,False,False,False,False,False,False,False,False,9,11,5.0,6.0,WMO_51|PRECIP,False,0.59375,0.6111111111111112,False,False
2019_REG_09_MIN_KC_20191103,2019,9,REG,73615.0,46.3,0.0,13.3,0.625,0.75,True,False,False,False,False,False,False,False,False,9,11,6.0,9.0,WMO_2,False,0.7222222222222222,0.53125,False,False
2019_REG_09_NE_BAL_20191103,2019,9,REG,71157.0,44.5,0.0,11.7,0.7142857142857143,1.0,True,False,False,False,False,False,False,False,False,9,11,13.0,6.0,WMO_1,False,0.5882352941176471,0.7368421052631579,False,False
2019_REG_09_NYJ_MIA_20191103,2019,9,REG,59229.0,76.8,0.465,12.7,0.0,0.1428571428571428,True,False,False,False,False,False,False,False,False,9,11,5.0,6.0,WMO_63|PRECIP,False,0.4375,0.25,False,False
2019_REG_09_SF_ARI_20191031,2019,9,REG,60986.0,,,,0.4375,1.0,False,False,True,False,False,False,False,False,False,9,10,3.0,3.0,,False,0.1875,0.25,False,False
2019_REG_09_TB_SEA_20191103,2019,9,REG,68948.0,45.4,0.0,5.7,0.75,0.2857142857142857,True,False,False,False,False,False,False,False,False,9,11,6.0,6.0,WMO_3,False,0.5882352941176471,0.3125,False,False
2019_REG_09_TEN_CAR_20191103,2019,9,REG,72540.0,47.6,0.0,10.9,0.5714285714285714,0.5,True,False,False,False,False,False,False,False,False,9,11,6.0,6.0,WMO_0,False,0.4375,0.5625,False,False
2019_REG_09_WSH_BUF_20191103,2019,9,REG,67685.0,40.1,0.236,19.6,0.7142857142857143,0.125,True,False,False,False,False,False,False,False,False,9,11,6.0,9.0,WMO_71|SNOW,True,0.375,0.4375,False,False
2019_REG_10_ARI_TB_20191110,2019,10,REG,40038.0,66.0,0.0,11.7,0.25,0.3888888888888889,True,False,False,True,False,True,False,False,False,10,11,6.0,9.0,WMO_0,False,0.3125,0.1875,False,False
2019_REG_10_ATL_NO_20191110,2019,10,REG,73283.0,,,,0.875,0.125,True,False,True,True,False,True,False,False,False,10,11,13.0,13.0,,False,0.7777777777777778,0.4375,False,False
2019_REG_10_BAL_CIN_20191110,2019,10,REG,45918.0,45.2,0.0,10.5,0.0,0.75,True,False,False,True,False,True,False,False,False,10,11,13.0,6.0,WMO_3,False,0.375,0.5882352941176471,False,False
2019_REG_10_BUF_CLE_20191110,2019,10,REG,67431.0,41.7,0.012,15.3,0.25,0.75,True,False,False,True,False,True,False,False,False,10,11,6.0,6.0,WMO_51|PRECIP,False,0.46875,0.375,False,False
2019_REG_10_CAR_GB_20191110,2019,10,REG,78090.0,33.0,0.043,9.7,0.7777777777777778,0.625,True,False,False,True,False,True,False,False,False,10,11,6.0,6.0,WMO_71|SNOW,True,0.40625,0.4375,False,False
2019_REG_10_DET_CHI_20191110,2019,10,REG,61758.0,38.9,0.004,14.5,0.375,0.4375,True,False,False,True,False,True,False,False,False,10,11,6.0,6.0,WMO_51|PRECIP,False,0.7058823529411765,0.375,False,False
2019_REG_10_KC_TEN_20191110,2019,10,REG,68864.0,48.3,0.0,10.1,0.4444444444444444,0.6666666666666666,True,False,False,True,False,True,False,False,False,10,11,6.0,6.0,WMO_2,False,0.5625,0.7222222222222222,False,False
2019_REG_10_LAC_LV_20191107,2019,10,REG,51954.0,55.1,0.0,8.4,0.5,0.4444444444444444,False,False,False,False,False,False,False,False,False,10,11,3.0,3.0,WMO_3,False,0.25,0.7222222222222222,False,False
2019_REG_10_LAR_PIT_20191110,2019,10,REG,63627.0,40.7,0.0,9.4,0.5,0.625,True,False,False,True,False,True,False,False,False,10,11,6.0,13.0,WMO_3,False,0.59375,0.7894736842105263,False,False
2019_REG_10_MIA_IND_20191110,2019,10,REG,60510.0,,,,0.625,0.125,True,False,True,True,False,True,False,False,False,10,11,6.0,6.0,,False,0.6111111111111112,0.4375,False,False
2019_REG_10_MIN_DAL_20191110,2019,10,REG,91188.0,,,,0.625,0.6666666666666666,True,False,True,True,False,True,False,False,False,10,11,5.0,6.0,,False,0.6111111111111112,0.53125,False,False
2019_REG_10_NYG_NYJ_20191110,2019,10,REG,78523.0,39.6,0.0,9.3,0.125,0.2222222222222222,True,False,False,True,False,True,False,False,False,10,11,6.0,5.0,WMO_3,False,0.25,0.3125,False,False
2019_REG_10_SEA_SF_20191111,2019,10,REG,71404.0,60.5,0.0,7.9,1.0,0.7777777777777778,False,True,False,False,False,False,False,False,False,10,11,10.0,7.0,WMO_3,False,0.25,0.5882352941176471,False,False
2019_REG_11_ARI_SF_20191117,2019,11,REG,69419.0,61.1,0.0,9.1,0.8888888888888888,0.35,True,False,False,False,False,False,False,False,False,11,11,5.0,6.0,WMO_3,False,0.25,0.1875,False,False
2019_REG_11_ATL_CAR_20191117,2019,11,REG,73106.0,44.4,0.0,16.5,0.5555555555555556,0.2222222222222222,True,False,False,False,False,False,False,False,False,11,11,6.0,6.0,WMO_3,False,0.4375,0.4375,False,False
2019_REG_11_BUF_MIA_20191117,2019,11,REG,64187.0,61.5,0.0,10.2,0.2222222222222222,0.6666666666666666,True,False,False,False,False,False,False,False,False,11,11,6.0,6.0,WMO_3,False,0.4375,0.375,False,False
2019_REG_11_CHI_LAR_20191117,2019,11,REG,70758.0,67.2,0.0,9.1,0.5555555555555556,0.4444444444444444,True,False,False,False,False,False,False,False,False,11,11,6.0,6.0,WMO_0,False,0.7894736842105263,0.7058823529411765,False,False
2019_REG_11_CIN_LV_20191117,2019,11,REG,51921.0,60.6,0.0,7.0,0.5555555555555556,0.0,True,False,False,False,False,False,False,False,False,11,11,9.0,6.0,WMO_3,False,0.25,0.375,False,False
2019_REG_11_DAL_DET_20191117,2019,11,REG,61801.0,,,,0.3888888888888889,0.5555555555555556,True,False,True,False,False,False,False,False,False,11,11,6.0,6.0,,False,0.375,0.6111111111111112,False,False
2019_REG_11_DEN_MIN_20191117,2019,11,REG,66883.0,,,,0.7,0.3333333333333333,True,False,True,False,False,False,False,False,False,11,11,6.0,13.0,,False,0.53125,0.375,False,False
2019_REG_11_HOU_BAL_20191117,2019,11,REG,70731.0,37.3,0.0,13.2,0.7777777777777778,0.6666666666666666,True,False,False,False,False,False,False,False,False,11,11,6.0,13.0,WMO_3,False,0.5882352941176471,0.6470588235294118,False,False
2019_REG_11_JAX_IND_20191117,2019,11,REG,61986.0,,,,0.5555555555555556,0.4444444444444444,True,False,True,False,False,False,False,False,False,11,11,6.0,13.0,,False,0.6111111111111112,0.3125,False,False
2019_REG_11_KC_LAC_20191118,2019,11,REG,76252.0,60.0,0.008,7.2,0.4,0.6,False,False,False,False,False,False,False,False,False,11,11,10.0,7.0,WMO_51|PRECIP,False,0.7222222222222222,0.7222222222222222,False,False
2019_REG_11_NE_PHI_20191117,2019,11,REG,69796.0,34.6,0.0,13.5,0.5555555555555556,0.8888888888888888,True,False,False,False,False,False,False,False,False,11,11,13.0,13.0,WMO_3,False,0.5555555555555556,0.7368421052631579,False,False
2019_REG_11_NO_TB_20191117,2019,11,REG,54333.0,54.0,0.0,13.8,0.3333333333333333,0.7777777777777778,True,False,False,False,False,False,False,False,False,11,11,6.0,6.0,WMO_3,False,0.3125,0.7777777777777778,False,False
2019_REG_11_NYJ_WSH_20191117,2019,11,REG,56426.0,38.0,0.0,11.5,0.1111111111111111,0.2222222222222222,True,False,False,False,False,False,False,False,False,11,11,13.0,6.0,WMO_3,False,0.4375,0.25,False,False
2019_REG_11_PIT_CLE_20191114,2019,11,REG,67431.0,32.1,0.02,16.0,0.3333333333333333,0.5555555555555556,False,False,False,False,False,False,False,False,False,11,11,3.0,3.0,WMO_73|SNOW,True,0.46875,0.59375,False,False
2019_REG_12_BAL_LAR_20191125,2019,12,REG,72409.0,57.2,0.0,11.2,0.6,0.8,False,False,False,False,False,False,False,False,False,12,11,7.0,7.0,WMO_1,False,0.7894736842105263,0.5882352941176471,False,False
2019_REG_12_CAR_NO_20191124,2019,12,REG,73068.0,,,,0.8,0.5,True,False,True,False,False,False,False,False,False,12,11,6.0,6.0,,False,0.7777777777777778,0.4375,False,False
2019_REG_12_DAL_NE_20191124,2019,12,REG,65878.0,39.3,1.063,19.6,0.9,0.6,True,False,False,False,False,False,False,False,False,12,11,6.0,6.0,WMO_63|PRECIP,True,0.7368421052631579,0.6111111111111112,False,False
2019_REG_12_DEN_BUF_20191124,2019,12,REG,67338.0,38.0,0.012,18.8,0.7,0.3,True,False,False,False,False,False,False,False,False,12,11,6.0,6.0,WMO_51|PRECIP,True,0.375,0.375,False,False
2019_REG_12_DET_WSH_20191124,2019,12,REG,57754.0,43.2,0.72,16.7,0.1,0.35,True,False,False,False,False,False,False,False,False,12,11,6.0,6.0,WMO_63|PRECIP,True,0.4375,0.375,False,False
2019_REG_12_GB_SF_20191124,2019,12,REG,71500.0,57.1,0.0,8.7,0.9,0.8,True,False,False,False,False,False,False,False,False,12,11,6.0,13.0,WMO_3,False,0.25,0.40625,False,False
2019_REG_12_IND_HOU_20191121,2019,12,REG,71727.0,,,,0.6,0.6,False,False,True,False,False,False,False,False,False,12,11,3.0,3.0,,False,0.6470588235294118,0.6111111111111112,False,False
2019_REG_12_JAX_TEN_20191124,2019,12,REG,60926.0,42.7,0.008,9.2,0.5,0.4,True,False,False,False,False,False,False,False,False,12,11,13.0,6.0,WMO_51|PRECIP,False,0.5625,0.3125,False,False
2019_REG_12_LV_NYJ_20191124,2019,12,REG,78523.0,41.9,1.008,17.0,0.3,0.6,True,False,False,False,False,False,False,False,False,12,11,6.0,6.0,WMO_63|PRECIP,True,0.25,0.25,False,False
2019_REG_12_MIA_CLE_20191124,2019,12,REG,67431.0,38.3,0.146,16.4,0.4,0.2,True,False,False,False,False,False,False,False,False,12,11,9.0,6.0,WMO_71|SNOW,True,0.46875,0.4375,False,False
2019_REG_12_NYG_CHI_20191124,2019,12,REG,61581.0,37.2,0.0,15.0,0.4,0.2,True,False,False,False,False,False,False,False,False,12,11,6.0,13.0,WMO_3,False,0.7058823529411765,0.3125,False,False
2019_REG_12_PIT_CIN_20191124,2019,12,REG,47423.0,37.7,0.051,11.7,0.0,0.5,True,False,False,False,False,False,False,False,False,12,11,6.0,9.0,WMO_73|SNOW,True,0.375,0.59375,False,False
2019_REG_12_SEA_PHI_20191124,2019,12,REG,69796.0,41.5,0.894,15.7,0.5,0.8,True,False,False,False,False,False,False,False,False,12,11,6.0,12.0,WMO_63|PRECIP,True,0.5555555555555556,0.5882352941176471,False,False
2019_REG_12_TB_ATL_20191124,2019,12,REG,71463.0,,,,0.3,0.3,True,False,True,False,False,False,False,False,False,12,11,6.0,6.0,,False,0.4375,0.3125,False,False
2019_REG_13_BUF_DAL_20191128,2019,13,REG,90445.0,,,,0.5454545454545454,0.7272727272727273,False,True,True,False,False,False,False,False,False,13,11,3.0,3.0,,False,0.6111111111111112,0.375,False,False
2019_REG_13_CHI_DET_20191128,2019,13,REG,65412.0,,,,0.3181818181818182,0.4545454545454545,False,True,True,False,False,False,False,False,False,13,11,3.0,3.0,,False,0.375,0.7058823529411765,False,False
2019_REG_13_CLE_PIT_20191201,2019,13,REG,62157.0,41.2,0.693,12.7,0.5454545454545454,0.4545454545454545,True,False,False,False,False,False,False,False,False,13,12,6.0,6.0,WMO_63|PRECIP,True,0.59375,0.46875,False,False
2019_REG_13_GB_NYG_20191201,2019,13,REG,75950.0,30.9,0.457,17.4,0.1818181818181818,0.7272727272727273,True,False,False,False,False,False,False,False,False,13,12,6.0,6.0,WMO_73|SNOW,True,0.3125,0.40625,False,False
2019_REG_13_LAC_DEN_20191201,2019,13,REG,74638.0,15.7,0.0,8.4,0.2727272727272727,0.3636363636363636,True,False,False,False,False,False,False,False,False,13,12,6.0,12.0,WMO_3,True,0.375,0.7222222222222222,False,False
2019_REG_13_LAR_ARI_20191201,2019,13,REG,60944.0,,,,0.3181818181818182,0.5454545454545454,True,False,True,False,False,False,False,False,False,13,12,13.0,5.0,,False,0.1875,0.7894736842105263,False,False
2019_REG_13_LV_KC_20191201,2019,13,REG,73548.0,37.7,0.012,23.3,0.6363636363636364,0.5454545454545454,True,False,False,False,False,False,False,False,False,13,12,12.0,6.0,WMO_51|PRECIP|WINDY,True,0.7222222222222222,0.25,False,False
2019_REG_13_MIN_SEA_20191202,2019,13,REG,69080.0,40.0,0.028,4.8,0.8181818181818182,0.7272727272727273,False,False,False,False,False,False,False,False,False,13,12,7.0,14.0,WMO_51|PRECIP,False,0.5882352941176471,0.53125,False,False
2019_REG_13_NE_HOU_20191201,2019,13,REG,72025.0,,,,0.6363636363636364,0.9090909090909092,True,False,True,False,False,False,False,False,False,13,12,9.0,6.0,,False,0.6470588235294118,0.7368421052631579,False,False
2019_REG_13_NO_ATL_20191128,2019,13,REG,71993.0,,,,0.2727272727272727,0.8181818181818182,False,True,True,False,False,False,False,False,False,13,11,3.0,3.0,,False,0.4375,0.7777777777777778,False,False
2019_REG_13_NYJ_CIN_20191201,2019,13,REG,39804.0,47.8,0.181,17.7,0.0,0.3636363636363636,True,False,False,False,False,False,False,False,False,13,12,6.0,6.0,WMO_55|PRECIP,True,0.375,0.25,False,False
2019_REG_13_PHI_MIA_20191201,2019,13,REG,65545.0,72.0,0.0,11.9,0.1818181818181818,0.4545454545454545,True,False,False,False,False,False,False,False,False,13,12,6.0,6.0,WMO_3,False,0.4375,0.5555555555555556,False,False
2019_REG_13_SF_BAL_20191201,2019,13,REG,71029.0,41.6,0.815,13.6,0.8181818181818182,0.9090909090909092,True,False,False,False,False,False,False,False,False,13,12,5.0,6.0,WMO_63|PRECIP,True,0.5882352941176471,0.25,False,False
2019_REG_13_TB_JAX_20191201,2019,13,REG,62633.0,68.4,0.201,21.9,0.3636363636363636,0.3636363636363636,True,False,False,False,False,False,False,False,False,13,12,6.0,6.0,WMO_63|PRECIP|WINDY,True,0.3125,0.3125,False,False
2019_REG_13_TEN_IND_20191201,2019,13,REG,60361.0,,,,0.5454545454545454,0.5454545454545454,True,False,True,False,False,False,False,False,False,13,12,9.0,6.0,,False,0.6111111111111112,0.5625,False,False
2019_REG_13_WSH_CAR_20191201,2019,13,REG,71504.0,56.1,0.492,20.2,0.4545454545454545,0.1818181818181818,True,False,False,False,False,False,False,False,False,13,12,6.0,6.0,WMO_63|PRECIP|WINDY,True,0.4375,0.4375,False,False
2019_REG_14_BAL_BUF_20191208,2019,14,REG,69134.0,33.2,0.0,18.3,0.75,0.8333333333333334,True,False,False,False,False,False,False,False,False,14,12,9.0,6.0,WMO_3,True,0.375,0.5882352941176471,False,False
2019_REG_14_CAR_ATL_20191208,2019,14,REG,70592.0,,,,0.25,0.4166666666666667,True,False,True,False,False,False,False,False,False,14,12,9.0,6.0,,False,0.4375,0.4375,False,False
2019_REG_14_CIN_CLE_20191208,2019,14,REG,67431.0,37.7,0.0,18.1,0.4166666666666667,0.0833333333333333,True,False,False,False,False,False,False,False,False,14,12,6.0,6.0,WMO_3,False,0.46875,0.375,False,False
2019_REG_14_DAL_CHI_20191205,2019,14,REG,61276.0,34.5,0.0,12.8,0.5,0.5,False,False,False,False,False,False,False,False,False,14,12,6.0,6.0,WMO_3,False,0.7058823529411765,0.6111111111111112,False,False
2019_REG_14_DEN_HOU_20191208,2019,14,REG,71769.0,,,,0.6666666666666666,0.3333333333333333,True,False,True,False,False,False,False,False,False,14,12,6.0,6.0,,False,0.6470588235294118,0.375,False,False
2019_REG_14_DET_MIN_20191208,2019,14,REG,66776.0,,,,0.6666666666666666,0.2916666666666667,True,False,True,False,False,False,False,False,False,14,12,5.0,9.0,,False,0.53125,0.375,False,False
2019_REG_14_IND_TB_20191208,2019,14,REG,50232.0,66.5,0.0,9.1,0.4166666666666667,0.5,True,False,False,False,False,False,False,False,False,14,12,6.0,6.0,WMO_3,False,0.3125,0.6111111111111112,False,False
2019_REG_14_KC_NE_20191208,2019,14,REG,65878.0,20.7,0.0,8.9,0.8333333333333334,0.6666666666666666,True,False,False,False,False,False,False,False,False,14,12,6.0,6.0,WMO_3,False,0.7368421052631579,0.7222222222222222,False,False
2019_REG_14_LAC_JAX_20191208,2019,14,REG,57866.0,62.2,0.012,16.0,0.3333333333333333,0.3333333333333333,True,False,False,False,False,False,False,False,False,14,12,6.0,6.0,WMO_51|PRECIP,False,0.3125,0.7222222222222222,False,False
2019_REG_14_MIA_NYJ_20191208,2019,14,REG,78523.0,30.6,0.0,11.2,0.3333333333333333,0.25,True,False,False,False,False,False,False,False,False,14,12,6.0,6.0,WMO_3,False,0.25,0.4375,False,False
2019_REG_14_NYG_PHI_20191209,2019,14,REG,69796.0,44.4,0.398,13.3,0.4166666666666667,0.1666666666666666,False,False,False,False,False,False,False,False,False,14,12,7.0,7.0,WMO_61|PRECIP,False,0.5555555555555556,0.3125,False,False
2019_REG_14_PIT_ARI_20191208,2019,14,REG,63880.0,,,,0.2916666666666667,0.5833333333333334,True,False,True,False,False,False,False,False,False,14,12,6.0,6.0,,False,0.1875,0.59375,False,False
2019_REG_14_SEA_LAR_20191208,2019,14,REG,71501.0,59.1,0.142,13.7,0.5833333333333334,0.8333333333333334,True,False,False,False,False,False,False,False,False,14,12,6.0,5.0,WMO_53|PRECIP,False,0.7894736842105263,0.5882352941176471,False,False
2019_REG_14_SF_NO_20191208,2019,14,REG,73038.0,,,,0.8333333333333334,0.8333333333333334,True,False,True,False,False,False,False,False,False,14,12,9.0,6.0,,False,0.7777777777777778,0.25,False,False
2019_REG_14_TEN_LV_20191208,2019,14,REG,52760.0,55.6,0.594,13.6,0.5,0.5833333333333334,True,False,False,False,False,False,False,False,False,14,12,6.0,6.0,WMO_63|PRECIP,True,0.25,0.5625,False,False
2019_REG_14_WSH_GB_20191208,2019,14,REG,77296.0,35.2,0.0,17.0,0.75,0.25,True,False,False,False,False,False,False,False,False,14,12,6.0,6.0,WMO_3,False,0.40625,0.4375,False,False
2019_REG_15_ATL_SF_20191215,2019,15,REG,70910.0,50.4,0.047,10.5,0.8461538461538461,0.3076923076923077,True,False,False,False,False,False,False,False,False,15,12,6.0,6.0,WMO_53|PRECIP,False,0.25,0.4375,False,False
2019_REG_15_BUF_PIT_20191215,2019,15,REG,64694.0,34.2,0.059,16.0,0.6153846153846154,0.6923076923076923,True,False,False,False,False,False,False,False,False,15,12,6.0,6.0,WMO_71|SNOW,True,0.59375,0.375,False,False
2019_REG_15_CHI_GB_20191215,2019,15,REG,78266.0,16.0,0.008,10.3,0.7692307692307693,0.5384615384615384,True,False,False,False,False,False,False,False,False,15,12,6.0,9.0,WMO_71|SNOW,True,0.40625,0.7058823529411765,False,False
2019_REG_15_CLE_ARI_20191215,2019,15,REG,63345.0,,,,0.2692307692307692,0.4615384615384615,True,False,True,False,False,False,False,False,False,15,12,6.0,6.0,,False,0.1875,0.46875,False,False
2019_REG_15_DEN_KC_20191215,2019,15,REG,73257.0,24.5,0.398,9.6,0.6923076923076923,0.3846153846153846,True,False,False,False,False,False,False,False,False,15,12,6.0,6.0,WMO_75|SNOW,True,0.7222222222222222,0.375,False,False
2019_REG_15_HOU_TEN_20191215,2019,15,REG,65265.0,44.9,0.0,6.5,0.6153846153846154,0.6153846153846154,True,False,False,False,False,False,False,False,False,15,12,6.0,6.0,WMO_3,False,0.5625,0.6470588235294118,False,False
2019_REG_15_IND_NO_20191216,2019,15,REG,73053.0,,,,0.7692307692307693,0.4615384615384615,False,False,True,False,False,False,False,False,False,15,12,7.0,7.0,,False,0.7777777777777778,0.6111111111111112,False,False
2019_REG_15_JAX_LV_20191215,2019,15,REG,52788.0,49.2,0.035,11.9,0.4615384615384615,0.3076923076923077,True,False,False,False,False,False,False,False,False,15,12,6.0,6.0,WMO_53|PRECIP,False,0.25,0.3125,False,False
2019_REG_15_LAR_DAL_20191215,2019,15,REG,90436.0,,,,0.4615384615384615,0.6153846153846154,True,False,True,False,False,False,False,False,False,15,12,9.0,6.0,,False,0.6111111111111112,0.7894736842105263,False,False
2019_REG_15_MIA_NYG_20191215,2019,15,REG,72894.0,43.6,0.0,19.8,0.1538461538461538,0.2307692307692307,True,False,False,False,False,False,False,False,False,15,12,5.0,6.0,WMO_3,True,0.3125,0.4375,False,False
2019_REG_15_MIN_LAC_20191215,2019,15,REG,25446.0,54.8,0.0,25.4,0.3846153846153846,0.6923076923076923,True,False,False,False,False,False,False,False,False,15,12,6.0,6.0,WMO_3|WINDY,True,0.7222222222222222,0.53125,False,False
2019_REG_15_NE_CIN_20191215,2019,15,REG,57066.0,34.6,0.02,12.2,0.0769230769230769,0.7692307692307693,True,False,False,False,False,False,False,False,False,15,12,6.0,6.0,WMO_73|SNOW,True,0.375,0.7368421052631579,False,False
2019_REG_15_NYJ_BAL_20191212,2019,15,REG,70545.0,29.8,0.0,10.6,0.8461538461538461,0.3846153846153846,False,False,False,False,False,False,False,False,False,15,12,3.0,3.0,WMO_3,False,0.5882352941176471,0.25,False,False
2019_REG_15_PHI_WSH_20191215,2019,15,REG,63246.0,43.8,0.004,14.1,0.2307692307692307,0.4615384615384615,True,False,False,False,False,False,False,False,False,15,12,6.0,5.0,WMO_51|PRECIP,False,0.4375,0.5555555555555556,False,False
2019_REG_15_SEA_CAR_20191215,2019,15,REG,72544.0,44.8,0.0,8.4,0.3846153846153846,0.7692307692307693,True,False,False,False,False,False,False,False,False,15,12,6.0,6.0,WMO_1,False,0.4375,0.5882352941176471,False,False
2019_REG_15_TB_DET_20191215,2019,15,REG,56515.0,,,,0.2692307692307692,0.4615384615384615,True,False,True,False,False,False,False,False,False,15,12,6.0,6.0,,False,0.375,0.3125,False,False
2019_REG_16_ARI_SEA_20191222,2019,16,REG,69022.0,42.8,0.008,12.3,0.7857142857142857,0.3214285714285714,True,False,False,False,False,False,False,False,False,16,12,6.0,6.0,WMO_51|PRECIP,False,0.5882352941176471,0.1875,False,False
2019_REG_16_BAL_CLE_20191222,2019,16,REG,67431.0,38.4,0.0,11.2,0.4285714285714285,0.8571428571428571,True,False,False,False,False,False,False,False,False,16,12,6.0,9.0,WMO_0,False,0.46875,0.5882352941176471,False,False
2019_REG_16_BUF_NE_20191221,2019,16,REG,65878.0,24.6,0.0,8.6,0.7857142857142857,0.7142857142857143,True,False,False,False,False,False,False,False,False,16,12,5.0,5.0,WMO_3,False,0.7368421052631579,0.375,False,False
2019_REG_16_CAR_IND_20191222,2019,16,REG,61845.0,,,,0.4285714285714285,0.3571428571428571,True,False,True,False,False,False,False,False,False,16,12,5.0,6.0,,False,0.6111111111111112,0.4375,False,False
2019_REG_16_CIN_MIA_20191222,2019,16,REG,60968.0,73.6,0.067,15.5,0.2142857142857142,0.0714285714285714,True,False,False,False,False,False,False,False,False,16,12,6.0,6.0,WMO_51|PRECIP,False,0.4375,0.375,False,False
2019_REG_16_DAL_PHI_20191222,2019,16,REG,69796.0,31.2,0.0,9.3,0.5,0.5,True,False,False,False,False,False,False,False,False,16,12,6.0,6.0,WMO_3,False,0.5555555555555556,0.6111111111111112,False,False
2019_REG_16_DET_DEN_20191222,2019,16,REG,74115.0,35.1,0.0,8.1,0.3571428571428571,0.25,True,False,False,False,False,False,False,False,False,16,12,6.0,6.0,WMO_3,False,0.375,0.375,False,False
2019_REG_16_GB_MIN_20191223,2019,16,REG,67157.0,,,,0.7142857142857143,0.7857142857142857,False,False,True,False,False,False,False,False,False,16,12,7.0,7.0,,False,0.53125,0.40625,False,False
2019_REG_16_HOU_TB_20191221,2019,16,REG,49036.0,68.1,0.028,17.0,0.5,0.6428571428571429,True,False,False,False,False,False,False,False,False,16,12,5.0,5.0,WMO_53|PRECIP,False,0.3125,0.6470588235294118,False,False
2019_REG_16_JAX_ATL_20191222,2019,16,REG,70873.0,,,,0.3571428571428571,0.3571428571428571,True,False,True,False,False,False,False,False,False,16,12,6.0,6.0,,False,0.4375,0.3125,False,False
2019_REG_16_KC_CHI_20191222,2019,16,REG,62213.0,37.9,0.0,13.4,0.5,0.7142857142857143,True,False,False,False,False,False,False,False,False,16,12,6.0,6.0,WMO_3,False,0.7058823529411765,0.7222222222222222,False,False
2019_REG_16_LAR_SF_20191221,2019,16,REG,70103.0,54.2,0.0,9.3,0.7857142857142857,0.5714285714285714,True,False,False,False,False,False,False,False,False,16,12,5.0,5.0,WMO_3,False,0.25,0.7894736842105263,False,False
2019_REG_16_LV_LAC_20191222,2019,16,REG,25380.0,55.9,0.0,13.4,0.3571428571428571,0.4285714285714285,True,False,False,False,False,False,False,False,False,16,12,6.0,6.0,WMO_3,False,0.7222222222222222,0.25,False,False
2019_REG_16_NO_TEN_20191222,2019,16,REG,66756.0,44.0,0.051,8.3,0.5714285714285714,0.7857142857142857,True,False,False,False,False,False,False,False,False,16,12,6.0,5.0,WMO_53|PRECIP,False,0.5625,0.7777777777777778,False,False
2019_REG_16_NYG_WSH_20191222,2019,16,REG,66083.0,33.0,0.0,7.0,0.2142857142857142,0.2142857142857142,True,False,False,False,False,False,False,False,False,16,12,6.0,6.0,WMO_3,False,0.4375,0.3125,False,False
2019_REG_16_PIT_NYJ_20191222,2019,16,REG,78523.0,32.2,0.0,10.6,0.3571428571428571,0.5714285714285714,True,False,False,False,False,False,False,False,False,16,12,9.0,6.0,WMO_2,False,0.25,0.59375,False,False
2019_REG_17_ARI_LAR_20191229,2019,17,REG,68665.0,49.6,0.0,6.6,0.5333333333333333,0.3666666666666666,True,False,False,False,False,False,False,False,False,17,12,7.0,6.0,WMO_3,False,0.7894736842105263,0.1875,False,False
2019_REG_17_ATL_TB_20191229,2019,17,REG,50417.0,73.4,0.295,14.3,0.4666666666666667,0.4,True,False,False,False,False,False,False,False,False,17,12,7.0,6.0,WMO_61|PRECIP,False,0.3125,0.4375,False,False
2019_REG_17_CHI_MIN_20191229,2019,17,REG,66913.0,,,,0.6666666666666666,0.4666666666666667,True,False,True,False,False,False,False,False,False,17,12,5.0,6.0,,False,0.53125,0.7058823529411765,False,False
2019_REG_17_CLE_CIN_20191229,2019,17,REG,47759.0,56.7,0.953,13.4,0.0666666666666666,0.4,True,False,False,False,False,False,False,False,False,17,12,6.0,6.0,WMO_63|PRECIP,True,0.375,0.46875,False,False
2019_REG_17_GB_DET_20191229,2019,17,REG,62840.0,,,,0.2333333333333333,0.8,True,False,True,False,False,False,False,False,False,17,12,6.0,5.0,,False,0.375,0.40625,False,False
2019_REG_17_IND_JAX_20191229,2019,17,REG,58472.0,69.7,0.484,11.6,0.3333333333333333,0.4666666666666667,True,False,False,False,False,False,False,False,False,17,12,6.0,6.0,WMO_63|PRECIP,False,0.3125,0.6111111111111112,False,False
2019_REG_17_LAC_KC_20191229,2019,17,REG,73680.0,46.4,0.646,13.9,0.7333333333333333,0.3333333333333333,True,False,False,False,False,False,False,False,False,17,12,6.0,6.0,WMO_65|PRECIP,True,0.7222222222222222,0.7222222222222222,False,False
2019_REG_17_LV_DEN_20191229,2019,17,REG,76334.0,20.4,0.024,16.0,0.4,0.4666666666666667,True,False,False,False,False,False,False,False,False,17,12,6.0,6.0,WMO_71|SNOW,True,0.375,0.25,False,False
2019_REG_17_MIA_NE_20191229,2019,17,REG,65878.0,34.7,0.0,8.8,0.8,0.2666666666666666,True,False,False,False,False,False,False,False,False,17,12,7.0,6.0,WMO_3,False,0.7368421052631579,0.4375,False,False
2019_REG_17_NO_CAR_20191229,2019,17,REG,72203.0,61.4,0.307,14.5,0.3333333333333333,0.8,True,False,False,False,False,False,False,False,False,17,12,6.0,6.0,WMO_63|PRECIP,False,0.4375,0.7777777777777778,False,False
2019_REG_17_NYJ_BUF_20191229,2019,17,REG,69016.0,38.2,0.402,8.7,0.6666666666666666,0.4,True,False,False,False,False,False,False,False,False,17,12,7.0,6.0,WMO_63|PRECIP,False,0.375,0.25,False,False
2019_REG_17_PHI_NYG_20191229,2019,17,REG,75029.0,36.6,0.055,6.4,0.2666666666666666,0.5333333333333333,True,False,False,False,False,False,False,False,False,17,12,6.0,6.0,WMO_53|PRECIP,False,0.3125,0.5555555555555556,False,False
2019_REG_17_PIT_BAL_20191229,2019,17,REG,70695.0,43.2,0.472,7.9,0.8666666666666667,0.5333333333333333,True,False,False,False,False,False,False,False,False,17,12,6.0,6.0,WMO_63|PRECIP,False,0.5882352941176471,0.59375,False,False
2019_REG_17_SF_SEA_20191229,2019,17,REG,69162.0,43.1,0.004,6.0,0.7333333333333333,0.8,True,False,False,False,False,False,False,False,False,17,12,6.0,7.0,WMO_51|PRECIP,False,0.5882352941176471,0.25,False,False
2019_REG_17_TEN_HOU_20191229,2019,17,REG,71794.0,,,,0.6666666666666666,0.5333333333333333,True,False,True,False,False,False,False,False,False,17,12,7.0,6.0,,False,0.6470588235294118,0.5625,False,False
2019_REG_17_WSH_DAL_20191229,2019,17,REG,90646.0,,,,0.4666666666666667,0.2,True,False,True,False,False,False,False,False,False,17,12,6.0,6.0,,False,0.6111111111111112,0.4375,False,False
2019_POST_18_BUF_HOU_20200104,2019,18,POST,,,,,0.625,0.625,True,False,True,False,False,False,False,False,False,18,1,5.0,5.0,,False,0.6470588235294118,0.375,False,False
2019_POST_18_MIN_NO_20200105,2019,18,POST,,,,,0.8125,0.625,True,False,True,False,False,False,False,False,False,18,1,6.0,6.0,,False,0.7777777777777778,0.53125,False,False
2019_POST_18_SEA_PHI_20200105,2019,18,POST,,40.6,0.13,19.5,0.5625,0.6875,True,False,False,False,False,False,False,False,False,18,1,6.0,6.0,WMO_55|PRECIP,True,0.5555555555555556,0.5882352941176471,False,False
2019_POST_18_TEN_NE_20200104,2019,18,POST,,43.2,0.201,5.9,0.75,0.5625,True,False,False,False,False,False,False,False,False,18,1,5.0,5.0,WMO_55|PRECIP,False,0.7368421052631579,0.5625,False,False
2019_POST_19_HOU_KC_20200112,2019,19,POST,,25.0,0.004,9.7,0.75,0.6470588235294118,True,False,False,False,False,False,False,False,False,19,1,13.0,7.0,WMO_51|PRECIP,False,0.7222222222222222,0.6470588235294118,False,False
2019_POST_19_MIN_SF_20200111,2019,19,POST,,49.6,0.035,12.2,0.8125,0.6470588235294118,True,False,False,False,False,False,False,False,False,19,1,12.0,5.0,WMO_51|PRECIP,False,0.25,0.53125,False,False
2019_POST_19_SEA_GB_20200112,2019,19,POST,,20.2,0.0,15.5,0.8125,0.7058823529411765,True,False,False,False,False,False,False,False,False,19,1,13.0,6.0,WMO_3,False,0.40625,0.5882352941176471,False,False
2019_POST_19_TEN_BAL_20200111,2019,19,POST,,57.4,0.0,16.8,0.875,0.5882352941176471,True,False,False,False,False,False,False,False,False,19,1,12.0,6.0,WMO_3,False,0.5882352941176471,0.5625,False,False
2019_CON_20_GB_SF_20200119,2019,20,CON,,46.6,0.0,4.0,0.8235294117647058,0.8235294117647058,True,False,False,False,False,False,False,False,False,20,1,7.0,6.0,WMO_3,False,0.25,0.40625,False,False
2019_CON_20_TEN_KC_20200119,2019,20,CON,,19.8,0.0,11.3,0.7647058823529411,0.6111111111111112,True,False,False,False,False,False,False,False,False,20,1,6.0,7.0,WMO_1,True,0.7222222222222222,0.5625,False,False
2019_POST_21_SF_KC_20200202,2019,21,POST,,61.0,0.043,11.4,0.7777777777777778,0.8333333333333334,True,False,False,False,False,False,False,False,False,21,2,13.0,13.0,WMO_55|PRECIP,False,0.7222222222222222,0.25,False,False
2021_REG_01_ARI_TEN_20210912,2021,1,REG,67216.0,75.0,0.0,7.0,,,True,False,False,False,False,False,False,False,False,1,9,244.0,251.0,WMO_2,False,0.6470588235294118,0.5,False,False
2021_REG_01_BAL_LV_20210913,2021,1,REG,61756.0,,,,,,False,False,True,False,False,False,False,False,False,1,9,252.0,239.0,,False,0.5,0.6666666666666666,False,False
2021_REG_01_CHI_LAR_20210912,2021,1,REG,70445.0,,,,,,True,False,True,False,False,False,False,False,False,1,9,238.0,244.0,,False,0.6111111111111112,0.4705882352941176,False,False
2021_REG_01_CLE_KC_20210912,2021,1,REG,72973.0,81.1,0.0,13.5,,,True,False,False,False,False,False,False,False,False,1,9,216.0,237.0,WMO_1,False,0.8421052631578947,0.6666666666666666,False,False
2021_REG_01_DAL_TB_20210909,2021,1,REG,65566.0,80.7,0.52,13.1,,,False,False,False,False,False,False,False,False,False,1,9,213.0,248.0,WMO_63|PRECIP,True,0.75,0.375,False,False
2021_REG_01_DEN_NYG_20210912,2021,1,REG,74119.0,72.1,0.0,15.1,,,True,False,False,False,False,False,False,False,False,1,9,251.0,251.0,WMO_3,False,0.375,0.3125,False,False
2021_REG_01_GB_NO_20210912,2021,1,REG,35242.0,79.0,0.02,10.7,,,True,False,False,False,False,False,False,False,False,1,9,237.0,230.0,WMO_51|PRECIP,False,0.7222222222222222,0.7777777777777778,False,False
2021_REG_01_JAX_HOU_20210912,2021,1,REG,68105.0,,,,,,True,False,True,False,False,False,False,False,False,1,9,251.0,251.0,,False,0.25,0.0625,False,False
2021_REG_01_LAC_WSH_20210912,2021,1,REG,52753.0,73.7,0.0,10.7,,,True,False,False,False,False,False,False,False,False,1,9,245.0,251.0,WMO_1,False,0.4117647058823529,0.4375,False,False
2021_REG_01_MIA_NE_20210912,2021,1,REG,65878.0,69.0,0.0,16.5,,,True,False,False,False,False,False,False,False,False,1,9,251.0,251.0,WMO_3,True,0.4375,0.625,False,False
2021_REG_01_MIN_CIN_20210912,2021,1,REG,56525.0,76.7,0.0,14.2,,,True,False,False,False,False,False,False,False,False,1,9,251.0,251.0,WMO_1,False,0.28125,0.4375,False,False
2021_REG_01_NYJ_CAR_20210912,2021,1,REG,70211.0,73.6,0.0,8.4,,,True,False,False,False,False,False,False,False,False,1,9,251.0,251.0,WMO_0,False,0.3125,0.125,False,False
2021_REG_01_PHI_ATL_20210912,2021,1,REG,68633.0,,,,,,True,False,True,False,False,False,False,False,False,1,9,251.0,251.0,,False,0.25,0.28125,False,False
2021_REG_01_PIT_BUF_20210912,2021,1,REG,69787.0,70.4,0.169,17.8,,,True,False,False,False,False,False,False,False,False,1,9,230.0,244.0,WMO_61|PRECIP,True,0.7894736842105263,0.7058823529411765,False,False
2021_REG_01_SEA_IND_20210912,2021,1,REG,63347.0,,,,,,True,False,True,False,False,False,False,False,False,1,9,245.0,245.0,,False,0.6470588235294118,0.7058823529411765,False,False
2021_REG_01_SF_DET_20210912,2021,1,REG,59374.0,,,,,,True,False,True,False,False,False,False,False,False,1,9,251.0,251.0,,False,0.3125,0.375,False,False
2021_REG_02_ATL_TB_20210919,2021,2,REG,63694.0,78.1,0.528,7.4,1.0,0.0,True,False,False,False,False,False,False,False,False,2,9,9.0,6.0,WMO_63|PRECIP,True,0.75,0.25,False,False
2021_REG_02_BUF_MIA_20210919,2021,2,REG,65040.0,79.3,0.248,6.3,1.0,0.0,True,False,False,False,False,False,False,False,False,2,9,6.0,6.0,WMO_63|PRECIP,False,0.625,0.7894736842105263,False,False
2021_REG_02_CIN_CHI_20210919,2021,2,REG,60840.0,72.2,0.012,10.5,0.0,1.0,True,False,False,False,False,False,False,False,False,2,9,6.0,6.0,WMO_51|PRECIP,False,0.4705882352941176,0.28125,False,False
2021_REG_02_DAL_LAC_20210919,2021,2,REG,70240.0,,,,1.0,0.0,True,False,True,False,False,False,False,False,False,2,9,6.0,9.0,,False,0.4375,0.375,False,False
2021_REG_02_DEN_JAX_20210919,2021,2,REG,58461.0,77.0,2.453,7.7,0.0,1.0,True,False,False,False,False,False,False,False,False,2,9,6.0,6.0,WMO_65|PRECIP,True,0.0625,0.3125,False,False
2021_REG_02_DET_GB_20210920,2021,2,REG,77240.0,72.4,0.047,15.8,0.0,0.0,False,False,False,False,False,False,False,False,False,2,9,7.0,7.0,WMO_51|PRECIP,False,0.7777777777777778,0.3125,False,False
2021_REG_02_HOU_CLE_20210919,2021,2,REG,67431.0,69.1,0.0,12.8,0.0,1.0,True,False,False,False,False,False,False,False,False,2,9,6.0,6.0,WMO_0,False,0.6666666666666666,0.25,False,False
2021_REG_02_KC_BAL_20210919,2021,2,REG,70417.0,72.6,0.0,6.8,0.0,1.0,True,False,False,False,False,False,False,False,False,2,9,5.0,6.0,WMO_3,False,0.6666666666666666,0.8421052631578947,False,False
2021_REG_02_LAR_IND_20210919,2021,2,REG,63076.0,,,,0.0,1.0,True,False,True,False,False,False,False,False,False,2,9,6.0,6.0,,False,0.6470588235294118,0.6111111111111112,False,False
2021_REG_02_LV_PIT_20210919,2021,2,REG,63707.0,70.1,0.0,7.6,1.0,1.0,True,False,False,False,False,False,False,False,False,2,9,6.0,5.0,WMO_3,False,0.7058823529411765,0.5,False,False
2021_REG_02_MIN_ARI_20210919,2021,2,REG,60115.0,,,,1.0,0.0,True,False,True,False,False,False,False,False,False,2,9,6.0,6.0,,False,0.5,0.4375,False,False
2021_REG_02_NE_NYJ_20210919,2021,2,REG,75626.0,70.2,0.0,10.9,0.0,0.0,True,False,False,False,False,False,False,False,False,2,9,6.0,6.0,WMO_2,False,0.125,0.4375,False,False
2021_REG_02_NO_CAR_20210919,2021,2,REG,70675.0,77.6,0.004,9.1,1.0,1.0,True,False,False,False,False,False,False,False,False,2,9,6.0,6.0,WMO_51|PRECIP,False,0.3125,0.7222222222222222,False,False
2021_REG_02_NYG_WSH_20210916,2021,2,REG,50118.0,74.8,0.268,9.7,0.0,0.0,False,False,False,False,False,False,False,False,False,2,9,3.0,3.0,WMO_63|PRECIP,False,0.4117647058823529,0.375,False,False
2021_REG_02_SF_PHI_20210919,2021,2,REG,69796.0,72.6,0.0,10.7,1.0,1.0,True,False,False,False,False,False,False,False,False,2,9,6.0,6.0,WMO_0,False,0.28125,0.375,False,False
2021_REG_02_TEN_SEA_20210919,2021,2,REG,68585.0,57.1,0.177,15.9,1.0,0.0,True,False,False,False,False,False,False,False,False,2,9,6.0,6.0,WMO_61|PRECIP,False,0.7058823529411765,0.6470588235294118,False,False
2021_REG_03_ARI_JAX_20210926,2021,3,REG,58012.0,73.2,0.0,11.1,0.0,1.0,True,False,False,False,False,False,False,False,False,3,9,6.0,6.0,WMO_1,False,0.0625,0.5,False,False
2021_REG_03_ATL_NYG_20210926,2021,3,REG,75307.0,65.6,0.0,14.6,0.0,0.0,True,False,False,False,False,False,False,False,False,3,9,9.0,6.0,WMO_3,False,0.375,0.25,False,False
2021_REG_03_BAL_DET_20210926,2021,3,REG,50788.0,,,,0.0,0.5,True,False,True,False,False,False,False,False,False,3,9,5.0,6.0,,False,0.3125,0.6666666666666666,False,False
2021_REG_03_CAR_HOU_20210923,2021,3,REG,68320.0,,,,0.5,1.0,False,False,True,False,False,False,False,False,False,3,9,3.0,3.0,,False,0.25,0.3125,False,False
2021_REG_03_CHI_CLE_20210926,2021,3,REG,67431.0,60.7,0.0,15.7,0.5,0.5,True,False,False,False,False,False,False,False,False,3,9,6.0,6.0,WMO_2,False,0.6666666666666666,0.4705882352941176,False,False
2021_REG_03_CIN_PIT_20210926,2021,3,REG,58076.0,59.2,0.008,12.4,0.5,0.5,True,False,False,False,False,False,False,False,False,3,9,6.0,6.0,WMO_51|PRECIP,False,0.7058823529411765,0.28125,False,False
2021_REG_03_GB_SF_20210926,2021,3,REG,69853.0,62.4,0.0,12.8,1.0,0.5,True,False,False,False,False,False,False,False,False,3,9,6.0,5.0,WMO_3,False,0.375,0.7777777777777778,False,False
2021_REG_03_IND_TEN_20210926,2021,3,REG,67914.0,64.7,0.0,5.5,0.5,0.0,True,False,False,False,False,False,False,False,False,3,9,6.0,6.0,WMO_3,False,0.6470588235294118,0.6470588235294118,False,False
2021_REG_03_LAC_KC_20210926,2021,3,REG,72980.0,71.8,0.0,17.6,0.5,0.5,True,False,False,False,False,False,False,False,False,3,9,6.0,6.0,WMO_1,True,0.8421052631578947,0.4375,False,False
2021_REG_03_MIA_LV_20210926,2021,3,REG,59311.0,,,,1.0,0.5,True,False,True,False,False,False,False,False,False,3,9,6.0,6.0,,False,0.5,0.625,False,False
2021_REG_03_NO_NE_20210926,2021,3,REG,65878.0,65.3,0.366,12.0,0.5,0.5,True,False,False,False,False,False,False,False,False,3,9,6.0,6.0,WMO_63|PRECIP,False,0.4375,0.7222222222222222,False,False
2021_REG_03_NYJ_DEN_20210926,2021,3,REG,75882.0,69.6,0.0,8.9,1.0,0.0,True,False,False,False,False,False,False,False,False,3,9,6.0,6.0,WMO_1,False,0.3125,0.125,False,False
2021_REG_03_PHI_DAL_20210927,2021,3,REG,93267.0,,,,0.5,0.5,False,False,True,False,False,False,False,False,False,3,9,7.0,7.0,,False,0.375,0.28125,False,False
2021_REG_03_SEA_MIN_20210926,2021,3,REG,66729.0,,,,0.0,0.5,True,False,True,False,False,False,False,False,False,3,9,6.0,6.0,,False,0.4375,0.7058823529411765,False,False
2021_REG_03_TB_LAR_20210926,2021,3,REG,73205.0,,,,1.0,1.0,True,False,True,False,False,False,False,False,False,3,9,6.0,6.0,,False,0.6111111111111112,0.75,False,False
2021_REG_03_WSH_BUF_20210926,2021,3,REG,68434.0,58.4,0.016,18.6,0.5,0.5,True,False,False,False,False,False,False,False,False,3,9,6.0,9.0,WMO_51|PRECIP,True,0.7894736842105263,0.4117647058823529,False,False
2021_REG_04_ARI_LAR_20211003,2021,4,REG,70003.0,,,,1.0,1.0,True,False,True,False,False,False,False,False,False,4,10,6.0,6.0,,False,0.6111111111111112,0.5,False,False
2021_REG_04_BAL_DEN_20211003,2021,4,REG,76490.0,59.3,0.0,11.9,1.0,0.6666666666666666,True,False,False,False,False,False,False,False,False,4,10,6.0,6.0,WMO_2,False,0.3125,0.6666666666666666,False,False
2021_REG_04_CAR_DAL_20211003,2021,4,REG,93262.0,,,,0.6666666666666666,1.0,True,False,True,False,False,False,False,False,False,4,10,5.0,9.0,,False,0.375,0.3125,False,False
2021_REG_04_CLE_MIN_20211003,2021,4,REG,66703.0,,,,0.3333333333333333,0.6666666666666666,True,False,True,False,False,False,False,False,False,4,10,6.0,6.0,,False,0.4375,0.6666666666666666,False,False
2021_REG_04_DET_CHI_20211003,2021,4,REG,61468.0,68.8,1.039,10.9,0.3333333333333333,0.0,True,False,False,False,False,False,False,False,False,4,10,6.0,6.0,WMO_63|PRECIP,True,0.4705882352941176,0.3125,False,False
2021_REG_04_HOU_BUF_20211003,2021,4,REG,68087.0,64.4,1.0,11.3,0.6666666666666666,0.3333333333333333,True,False,False,False,False,False,False,False,False,4,10,6.0,9.0,WMO_63|PRECIP,True,0.7894736842105263,0.25,False,False
2021_REG_04_IND_MIA_20211003,2021,4,REG,64571.0,79.4,0.035,10.3,0.3333333333333333,0.0,True,False,False,False,False,False,False,False,False,4,10,6.0,6.0,WMO_51|PRECIP,False,0.625,0.6470588235294118,False,False
2021_REG_04_JAX_CIN_20210930,2021,4,REG,63198.0,67.2,0.0,4.8,0.6666666666666666,0.0,False,False,False,False,False,False,False,False,False,4,9,3.0,3.0,WMO_3,False,0.28125,0.0625,False,False
2021_REG_04_KC_PHI_20211003,2021,4,REG,69796.0,67.8,0.004,6.7,0.3333333333333333,0.3333333333333333,True,False,False,False,False,False,False,False,False,4,10,5.0,6.0,WMO_51|PRECIP,False,0.28125,0.8421052631578947,False,False
2021_REG_04_LV_LAC_20211004,2021,4,REG,70240.0,,,,0.6666666666666666,1.0,False,False,True,False,False,False,False,False,False,4,10,7.0,7.0,,False,0.4375,0.5,False,False
2021_REG_04_NYG_NO_20211003,2021,4,REG,69170.0,,,,0.6666666666666666,0.0,True,False,True,False,False,False,False,False,False,4,10,6.0,6.0,,False,0.7222222222222222,0.375,False,False
2021_REG_04_PIT_GB_20211003,2021,4,REG,78281.0,66.3,0.276,7.4,0.6666666666666666,0.3333333333333333,True,False,False,False,False,False,False,False,False,4,10,6.0,6.0,WMO_63|PRECIP,False,0.7777777777777778,0.7058823529411765,False,False
2021_REG_04_SEA_SF_20211003,2021,4,REG,68912.0,73.8,0.0,12.0,0.6666666666666666,0.3333333333333333,True,False,False,False,False,False,False,False,False,4,10,6.0,6.0,WMO_0,False,0.375,0.7058823529411765,False,False
2021_REG_04_TB_NE_20211003,2021,4,REG,65878.0,63.0,0.0,8.4,0.3333333333333333,0.6666666666666666,True,False,False,False,False,False,False,False,False,4,10,6.0,6.0,WMO_3,False,0.4375,0.75,False,False
2021_REG_04_TEN_NYJ_20211003,2021,4,REG,70232.0,65.6,0.0,7.4,0.0,0.6666666666666666,True,False,False,False,False,False,False,False,False,4,10,6.0,6.0,WMO_3,False,0.125,0.6470588235294118,False,False
2021_REG_04_WSH_ATL_20211003,2021,4,REG,68333.0,,,,0.3333333333333333,0.3333333333333333,True,False,True,False,False,False,False,False,False,4,10,6.0,6.0,,False,0.25,0.4117647058823529,False,False
2021_REG_05_BUF_KC_20211010,2021,5,REG,73389.0,77.2,0.138,17.8,0.5,0.75,True,False,False,True,False,True,False,False,False,5,10,6.0,6.0,WMO_63|PRECIP,True,0.8421052631578947,0.7894736842105263,False,False
2021_REG_05_CHI_LV_20211010,2021,5,REG,59122.0,,,,0.75,0.5,True,False,True,True,False,True,False,False,False,5,10,5.0,6.0,,False,0.5,0.4705882352941176,False,False
2021_REG_05_CLE_LAC_20211010,2021,5,REG,70240.0,,,,0.75,0.75,True,False,True,True,False,True,False,False,False,5,10,5.0,6.0,,False,0.4375,0.6666666666666666,False,False
2021_REG_05_DEN_PIT_20211010,2021,5,REG,59841.0,65.9,0.016,8.1,0.25,0.75,True,False,False,True,False,True,False,False,False,5,10,6.0,6.0,WMO_51|PRECIP,False,0.7058823529411765,0.3125,False,False
2021_REG_05_DET_MIN_20211010,2021,5,REG,66538.0,,,,0.25,0.0,True,False,True,True,False,True,False,False,False,5,10,6.0,6.0,,False,0.4375,0.3125,False,False
2021_REG_05_GB_CIN_20211010,2021,5,REG,64195.0,72.9,0.0,10.3,0.75,0.75,True,False,False,True,False,True,False,False,False,5,10,9.0,6.0,WMO_3,False,0.28125,0.7777777777777778,False,False
2021_REG_05_IND_BAL_20211011,2021,5,REG,70510.0,66.6,0.012,9.3,0.75,0.25,False,True,False,False,False,False,False,False,False,5,10,7.0,7.0,WMO_51|PRECIP,False,0.6666666666666666,0.6470588235294118,False,False
2021_REG_05_LAR_SEA_20211007,2021,5,REG,68747.0,51.3,0.094,6.0,0.5,0.75,False,False,False,False,False,False,False,False,False,5,10,3.0,3.0,WMO_53|PRECIP,False,0.7058823529411765,0.6111111111111112,False,False
2021_REG_05_MIA_TB_20211010,2021,5,REG,65570.0,75.8,0.039,8.4,0.75,0.25,True,False,False,True,False,True,False,False,False,5,10,6.0,6.0,WMO_51|PRECIP,False,0.75,0.625,False,False
2021_REG_05_NE_HOU_20211010,2021,5,REG,68450.0,,,,0.25,0.25,True,False,True,True,False,True,False,False,False,5,10,6.0,6.0,,False,0.25,0.4375,False,False
2021_REG_05_NO_WSH_20211010,2021,5,REG,50137.0,67.1,0.118,12.9,0.5,0.5,True,False,False,True,False,True,False,False,False,5,10,6.0,6.0,WMO_53|PRECIP,False,0.4117647058823529,0.7222222222222222,False,False
2021_REG_05_NYG_DAL_20211010,2021,5,REG,93476.0,,,,0.75,0.25,True,False,True,True,False,True,False,False,False,5,10,6.0,6.0,,False,0.375,0.375,False,False
2021_REG_05_NYJ_ATL_20211010,2021,5,REG,60589.0,55.4,0.008,9.8,0.25,0.25,True,False,False,True,False,True,False,False,False,5,10,6.0,6.0,WMO_51|PRECIP,False,0.25,0.125,False,False
2021_REG_05_PHI_CAR_20211010,2021,5,REG,72545.0,67.3,0.0,10.7,0.75,0.25,True,False,False,True,False,True,False,False,False,5,10,6.0,6.0,WMO_2,False,0.3125,0.28125,False,False
2021_REG_05_SF_ARI_20211010,2021,5,REG,62716.0,,,,1.0,0.5,True,False,True,True,False,True,False,False,False,5,10,6.0,6.0,,False,0.5,0.375,False,False
2021_REG_05_TEN_JAX_20211010,2021,5,REG,58282.0,72.4,0.012,11.3,0.0,0.5,True,False,False,True,False,True,False,False,False,5,10,9.0,6.0,WMO_51|PRECIP,False,0.0625,0.6470588235294118,False,False
2021_REG_06_ARI_CLE_20211017,2021,6,REG,67431.0,54.4,0.181,22.2,0.6,1.0,True,False,False,False,False,False,False,False,False,6,10,6.0,6.0,WMO_53|PRECIP|WINDY,True,0.6666666666666666,0.5,False,False
2021_REG_06_BUF_TEN_20211018,2021,6,REG,69419.0,55.3,0.0,6.5,0.6,0.8,False,False,False,False,False,False,False,False,False,6,10,7.0,7.0,WMO_3,False,0.6470588235294118,0.7894736842105263,False,False
2021_REG_06_CIN_DET_20211017,2021,6,REG,50831.0,,,,0.0,0.6,True,False,True,False,False,False,False,False,False,6,10,6.0,6.0,,False,0.3125,0.28125,False,False
2021_REG_06_DAL_NE_20211017,2021,6,REG,65878.0,59.8,0.346,13.3,0.4,0.8,True,False,False,False,False,False,False,False,False,6,10,6.0,6.0,WMO_63|PRECIP,False,0.4375,0.375,False,False
2021_REG_06_GB_CHI_20211017,2021,6,REG,62332.0,52.7,0.0,13.7,0.6,0.8,True,False,False,False,False,False,False,False,False,6,10,6.0,6.0,WMO_1,False,0.4705882352941176,0.7777777777777778,False,False
2021_REG_06_HOU_IND_20211017,2021,6,REG,57947.0,,,,0.2,0.2,True,False,True,False,False,False,False,False,False,6,10,5.0,6.0,,False,0.6470588235294118,0.25,False,False
2021_REG_06_KC_WSH_20211017,2021,6,REG,51322.0,57.3,0.0,15.5,0.4,0.4,True,False,False,False,False,False,False,False,False,6,10,6.0,6.0,WMO_3,True,0.4117647058823529,0.8421052631578947,False,False
2021_REG_06_LAC_BAL_20211017,2021,6,REG,70704.0,57.0,0.0,15.9,0.8,0.8,True,False,False,False,False,False,False,False,False,6,10,5.0,6.0,WMO_3,False,0.6666666666666666,0.4375,False,False
2021_REG_06_LAR_NYG_20211017,2021,6,REG,73920.0,58.4,0.496,14.9,0.2,0.8,True,False,False,False,False,False,False,False,False,6,10,6.0,9.0,WMO_63|PRECIP,False,0.375,0.6111111111111112,False,False
2021_REG_06_LV_DEN_20211017,2021,6,REG,76854.0,50.0,0.0,8.2,0.6,0.6,True,False,False,False,False,False,False,False,False,6,10,6.0,6.0,WMO_0,False,0.3125,0.5,False,False
2021_REG_06_MIA_JAX_20211017,2021,6,REG,60784.0,54.5,0.016,10.1,0.0,0.2,True,False,False,False,False,False,False,False,False,6,10,6.0,6.0,WMO_51|PRECIP,False,0.0625,0.625,False,False
2021_REG_06_MIN_CAR_20211017,2021,6,REG,72104.0,58.7,0.0,11.9,0.6,0.4,True,False,False,False,False,False,False,False,False,6,10,6.0,6.0,WMO_0,False,0.3125,0.4375,False,False
2021_REG_06_SEA_PIT_20211017,2021,6,REG,60821.0,52.7,0.0,17.0,0.4,0.4,True,False,False,False,False,False,False,False,False,6,10,6.0,9.0,WMO_3,False,0.7058823529411765,0.7058823529411765,False,False
2021_REG_06_TB_PHI_20211014,2021,6,REG,69796.0,67.3,0.0,8.1,0.4,0.8,False,False,False,False,False,False,False,False,False,6,10,3.0,3.0,WMO_3,False,0.28125,0.75,False,False
2021_REG_07_ATL_MIA_20211024,2021,7,REG,62739.0,77.8,0.15,8.8,0.1666666666666666,0.4,True,False,False,False,False,False,False,False,False,7,10,6.0,13.0,WMO_63|PRECIP,False,0.625,0.25,False,False
2021_REG_07_CAR_NYG_20211024,2021,7,REG,71889.0,53.1,0.004,8.1,0.1666666666666666,0.5,True,False,False,False,False,False,False,False,False,7,10,6.0,6.0,WMO_51|PRECIP,False,0.375,0.3125,False,False
2021_REG_07_CHI_TB_20211024,2021,7,REG,65635.0,77.3,0.15,10.1,0.8333333333333334,0.5,True,False,False,False,False,False,False,False,False,7,10,9.0,6.0,WMO_63|PRECIP,False,0.75,0.4705882352941176,False,False
2021_REG_07_CIN_BAL_20211024,2021,7,REG,70659.0,55.1,0.02,9.4,0.8333333333333334,0.6666666666666666,True,False,False,False,False,False,False,False,False,7,10,6.0,6.0,WMO_51|PRECIP,False,0.6666666666666666,0.28125,False,False
2021_REG_07_DEN_CLE_20211021,2021,7,REG,67431.0,61.1,0.957,22.4,0.5,0.5,False,False,False,False,False,False,False,False,False,7,10,3.0,3.0,WMO_63|PRECIP|WINDY,True,0.6666666666666666,0.3125,False,False
2021_REG_07_DET_LAR_20211024,2021,7,REG,70540.0,,,,0.8333333333333334,0.0,True,False,True,False,False,False,False,False,False,7,10,6.0,6.0,,False,0.6111111111111112,0.3125,False,False
2021_REG_07_HOU_ARI_20211024,2021,7,REG,60297.0,,,,1.0,0.1666666666666666,True,False,True,False,False,False,False,False,False,7,10,6.0,6.0,,False,0.5,0.25,False,False
2021_REG_07_IND_SF_20211024,2021,7,REG,56576.0,62.1,0.98,18.5,0.4,0.3333333333333333,True,False,False,False,False,False,False,False,False,7,10,13.0,6.0,WMO_63|PRECIP,True,0.375,0.6470588235294118,False,False
2021_REG_07_KC_TEN_20211024,2021,7,REG,69484.0,65.4,0.213,12.6,0.6666666666666666,0.5,True,False,False,False,False,False,False,False,False,7,10,5.0,6.0,WMO_63|PRECIP,False,0.6470588235294118,0.8421052631578947,False,False
2021_REG_07_NO_SEA_20211025,2021,7,REG,68563.0,55.1,0.165,25.8,0.3333333333333333,0.6,False,False,False,False,False,False,False,False,False,7,10,7.0,14.0,WMO_63|PRECIP|WINDY,True,0.7058823529411765,0.7222222222222222,False,False
2021_REG_07_NYJ_NE_20211024,2021,7,REG,65878.0,48.9,0.0,8.4,0.3333333333333333,0.2,True,False,False,False,False,False,False,False,False,7,10,6.0,13.0,WMO_3,False,0.4375,0.125,False,False
2021_REG_07_PHI_LV_20211024,2021,7,REG,62000.0,,,,0.6666666666666666,0.3333333333333333,True,False,True,False,False,False,False,False,False,7,10,6.0,9.0,,False,0.5,0.28125,False,False
2021_REG_07_WSH_GB_20211024,2021,7,REG,78219.0,41.2,0.0,10.8,0.8333333333333334,0.3333333333333333,True,False,False,False,False,False,False,False,False,7,10,6.0,6.0,WMO_3,False,0.7777777777777778,0.4117647058823529,False,False
2021_REG_08_CAR_ATL_20211031,2021,8,REG,68583.0,,,,0.5,0.4285714285714285,True,False,True,False,False,False,False,False,False,8,10,6.0,6.0,,False,0.25,0.3125,False,False
2021_REG_08_CIN_NYJ_20211031,2021,8,REG,67503.0,58.6,0.201,14.2,0.1666666666666666,0.7142857142857143,True,False,False,False,False,False,False,False,False,8,10,6.0,6.0,WMO_55|PRECIP,False,0.125,0.28125,False,False
2021_REG_08_DAL_MIN_20211031,2021,8,REG,66633.0,,,,0.5,0.8333333333333334,True,False,True,False,False,False,False,False,False,8,10,13.0,13.0,,False,0.4375,0.375,False,False
2021_REG_08_GB_ARI_20211028,2021,8,REG,63696.0,,,,1.0,0.8571428571428571,False,False,True,False,False,False,False,False,False,8,10,3.0,3.0,,False,0.5,0.7777777777777778,False,False
2021_REG_08_JAX_SEA_20211031,2021,8,REG,67243.0,45.3,0.0,11.9,0.2857142857142857,0.1666666666666666,True,False,False,False,False,False,False,False,False,8,10,5.0,13.0,WMO_0,False,0.7058823529411765,0.0625,False,False
2021_REG_08_LAR_HOU_20211031,2021,8,REG,66013.0,,,,0.1428571428571428,0.8571428571428571,True,False,True,False,False,False,False,False,False,8,10,6.0,6.0,,False,0.25,0.6111111111111112,False,False
2021_REG_08_MIA_BUF_20211031,2021,8,REG,69355.0,50.7,0.079,20.1,0.6666666666666666,0.1428571428571428,True,False,False,False,False,False,False,False,False,8,10,12.0,6.0,WMO_51|PRECIP|WINDY,True,0.7894736842105263,0.625,False,False
2021_REG_08_NE_LAC_20211031,2021,8,REG,70240.0,,,,0.6666666666666666,0.4285714285714285,True,False,True,False,False,False,False,False,False,8,10,13.0,6.0,,False,0.4375,0.4375,False,False
2021_REG_08_NYG_KC_20211101,2021,8,REG,72898.0,42.9,0.043,7.9,0.4285714285714285,0.2857142857142857,False,False,False,False,False,False,False,False,False,8,11,7.0,7.0,WMO_53|PRECIP,False,0.8421052631578947,0.375,False,False
2021_REG_08_PHI_DET_20211031,2021,8,REG,47192.0,,,,0.0,0.2857142857142857,True,False,True,False,False,False,False,False,False,8,10,6.0,6.0,,False,0.3125,0.28125,False,False
2021_REG_08_PIT_CLE_20211031,2021,8,REG,67431.0,54.1,0.154,19.1,0.5714285714285714,0.5,True,False,False,False,False,False,False,False,False,8,10,9.0,13.0,WMO_53|PRECIP,False,0.6666666666666666,0.7058823529411765,False,False
2021_REG_08_SF_CHI_20211031,2021,8,REG,60877.0,49.1,0.0,17.3,0.4285714285714285,0.3333333333333333,True,False,False,False,False,False,False,False,False,8,10,6.0,6.0,WMO_3,False,0.4705882352941176,0.375,False,False
2021_REG_08_TB_NO_20211031,2021,8,REG,69170.0,,,,0.6666666666666666,0.8571428571428571,True,False,True,False,False,False,False,False,False,8,10,5.0,6.0,,False,0.7222222222222222,0.75,False,False
2021_REG_08_TEN_IND_20211031,2021,8,REG,59175.0,,,,0.4285714285714285,0.7142857142857143,True,False,True,False,False,False,False,False,False,8,10,6.0,6.0,,False,0.6470588235294118,0.6470588235294118,False,False
2021_REG_08_WSH_DEN_20211031,2021,8,REG,75973.0,43.3,0.0,9.4,0.4285714285714285,0.2857142857142857,True,False,False,False,False,False,False,False,False,8,10,9.0,6.0,WMO_3,False,0.3125,0.4117647058823529,False,False
2021_REG_09_ARI_SF_20211107,2021,9,REG,59012.0,54.6,0.0,12.7,0.4285714285714285,0.875,True,False,False,False,False,False,False,False,False,9,11,6.0,9.0,WMO_3,False,0.375,0.5,False,False
2021_REG_09_ATL_NO_20211107,2021,9,REG,69170.0,,,,0.7142857142857143,0.4285714285714285,True,False,True,False,False,False,False,False,False,9,11,6.0,6.0,,False,0.7222222222222222,0.25,False,False
2021_REG_09_BUF_JAX_20211107,2021,9,REG,63110.0,54.1,0.122,16.7,0.1428571428571428,0.7142857142857143,True,False,False,False,False,False,False,False,False,9,11,6.0,6.0,WMO_53|PRECIP,False,0.0625,0.7894736842105263,False,False
2021_REG_09_CHI_PIT_20211108,2021,9,REG,60788.0,46.0,0.0,7.6,0.5714285714285714,0.375,False,False,False,False,False,False,False,False,False,9,11,7.0,7.0,WMO_2,False,0.7058823529411765,0.4705882352941176,False,False
2021_REG_09_CLE_CIN_20211107,2021,9,REG,65451.0,46.1,0.0,6.4,0.625,0.5,True,False,False,False,False,False,False,False,False,9,11,6.0,6.0,WMO_1,False,0.28125,0.6666666666666666,False,False
2021_REG_09_DEN_DAL_20211107,2021,9,REG,93503.0,,,,0.8571428571428571,0.5,True,False,True,False,False,False,False,False,False,9,11,6.0,6.0,,False,0.375,0.3125,False,False
2021_REG_09_GB_KC_20211107,2021,9,REG,73476.0,54.4,0.0,14.8,0.5,0.875,True,False,False,False,False,False,False,False,False,9,11,5.0,9.0,WMO_3,False,0.8421052631578947,0.7777777777777778,False,False
2021_REG_09_HOU_MIA_20211107,2021,9,REG,60232.0,63.7,0.0,12.5,0.125,0.125,True,False,False,False,False,False,False,False,False,9,11,6.0,6.0,WMO_0,False,0.625,0.25,False,False
2021_REG_09_LAC_PHI_20211107,2021,9,REG,69796.0,43.1,0.0,7.0,0.375,0.5714285714285714,True,False,False,False,False,False,False,False,False,9,11,6.0,6.0,WMO_3,False,0.28125,0.4375,False,False
2021_REG_09_LV_NYG_20211107,2021,9,REG,74512.0,44.3,0.0,6.2,0.25,0.7142857142857143,True,False,False,False,False,False,False,False,False,9,11,5.0,13.0,WMO_3,False,0.375,0.5,False,False
2021_REG_09_MIN_BAL_20211107,2021,9,REG,70599.0,45.1,0.0,8.8,0.7142857142857143,0.4285714285714285,True,False,False,False,False,False,False,False,False,9,11,13.0,6.0,WMO_3,False,0.6666666666666666,0.4375,False,False
2021_REG_09_NE_CAR_20211107,2021,9,REG,72203.0,52.0,0.0,15.4,0.5,0.5,True,False,False,False,False,False,False,False,False,9,11,6.0,6.0,WMO_3,False,0.3125,0.4375,False,False
2021_REG_09_NYJ_IND_20211104,2021,9,REG,59593.0,,,,0.375,0.2857142857142857,False,False,True,False,False,False,False,False,False,9,11,3.0,3.0,,False,0.6470588235294118,0.125,False,False
2021_REG_09_TEN_LAR_20211107,2021,9,REG,71785.0,,,,0.875,0.75,True,False,True,False,False,False,False,False,False,9,11,6.0,6.0,,False,0.6111111111111112,0.6470588235294118,False,False
2021_REG_10_ATL_DAL_20211114,2021,10,REG,93436.0,,,,0.75,0.5,True,False,True,False,False,False,False,False,False,10,11,6.0,6.0,,False,0.375,0.25,False,False
2021_REG_10_BAL_MIA_20211111,2021,10,REG,65948.0,74.0,0.173,10.1,0.2222222222222222,0.75,False,True,False,False,False,False,False,False,False,10,11,3.0,3.0,WMO_61|PRECIP,False,0.625,0.6666666666666666,False,False
2021_REG_10_BUF_NYJ_20211114,2021,10,REG,77625.0,42.4,0.0,15.5,0.25,0.625,True,False,False,False,False,False,False,False,False,10,11,9.0,6.0,WMO_3,False,0.125,0.7894736842105263,False,False
2021_REG_10_CAR_ARI_20211114,2021,10,REG,62400.0,,,,0.8888888888888888,0.4444444444444444,True,False,True,False,False,False,False,False,False,10,11,6.0,6.0,,False,0.5,0.3125,False,False
2021_REG_10_CLE_NE_20211114,2021,10,REG,65878.0,42.7,0.035,16.6,0.5555555555555556,0.5555555555555556,True,False,False,False,False,False,False,False,False,10,11,6.0,6.0,WMO_53|PRECIP,True,0.4375,0.6666666666666666,False,False
2021_REG_10_DET_PIT_20211114,2021,10,REG,58716.0,36.2,0.126,12.5,0.625,0.0,True,False,False,False,False,False,False,False,False,10,11,5.0,13.0,WMO_73|SNOW,True,0.7058823529411765,0.3125,False,False
2021_REG_10_JAX_IND_20211114,2021,10,REG,60622.0,,,,0.4444444444444444,0.25,True,False,True,False,False,False,False,False,False,10,11,9.0,6.0,,False,0.6470588235294118,0.0625,False,False
2021_REG_10_KC_LV_20211114,2021,10,REG,62125.0,,,,0.625,0.5555555555555556,True,False,True,False,False,False,False,False,False,10,11,6.0,6.0,,False,0.5,0.8421052631578947,False,False
2021_REG_10_LAR_SF_20211115,2021,10,REG,64256.0,58.1,0.0,10.1,0.375,0.7777777777777778,False,False,False,False,False,False,False,False,False,10,11,7.0,7.0,WMO_3,False,0.375,0.6111111111111112,False,False
2021_REG_10_MIN_LAC_20211114,2021,10,REG,70240.0,,,,0.625,0.375,True,False,True,False,False,False,False,False,False,10,11,6.0,6.0,,False,0.4375,0.4375,False,False
2021_REG_10_NO_TEN_20211114,2021,10,REG,69414.0,42.3,0.0,12.6,0.7777777777777778,0.625,True,False,False,False,False,False,False,False,False,10,11,6.0,6.0,WMO_3,False,0.6470588235294118,0.7222222222222222,False,False
2021_REG_10_PHI_DEN_20211114,2021,10,REG,76766.0,47.6,0.0,7.9,0.5555555555555556,0.3333333333333333,True,False,False,False,False,False,False,False,False,10,11,6.0,6.0,WMO_3,False,0.3125,0.28125,False,False
2021_REG_10_SEA_GB_20211114,2021,10,REG,78235.0,33.6,0.244,14.1,0.7777777777777778,0.375,True,False,False,False,False,False,False,False,False,10,11,6.0,13.0,WMO_73|SNOW,True,0.7777777777777778,0.7058823529411765,False,False
2021_REG_10_TB_WSH_20211114,2021,10,REG,52128.0,41.9,0.0,10.0,0.25,0.75,True,False,False,False,False,False,False,False,False,10,11,13.0,13.0,WMO_3,False,0.4117647058823529,0.75,False,False
2021_REG_11_ARI_SEA_20211121,2021,11,REG,68833.0,40.9,0.0,4.7,0.3333333333333333,0.8,True,False,False,False,False,False,False,False,False,11,11,6.0,6.0,WMO_3,False,0.7058823529411765,0.5,False,False
2021_REG_11_BAL_CHI_20211121,2021,11,REG,60679.0,41.5,0.012,20.2,0.3333333333333333,0.6666666666666666,True,False,False,False,False,False,False,False,False,11,11,12.0,9.0,WMO_51|PRECIP|WINDY,True,0.4705882352941176,0.6666666666666666,False,False
2021_REG_11_CIN_LV_20211121,2021,11,REG,61712.0,,,,0.5555555555555556,0.5555555555555556,True,False,True,False,False,False,False,False,False,11,11,6.0,13.0,,False,0.5,0.28125,False,False
2021_REG_11_DAL_KC_20211121,2021,11,REG,73494.0,47.0,0.0,12.2,0.6,0.7777777777777778,True,False,False,False,False,False,False,False,False,11,11,6.0,6.0,WMO_3,False,0.8421052631578947,0.375,False,False
2021_REG_11_DET_CLE_20211121,2021,11,REG,67431.0,41.2,0.157,14.0,0.5,0.0555555555555555,True,False,False,False,False,False,False,False,False,11,11,6.0,6.0,WMO_61|PRECIP,False,0.6666666666666666,0.3125,False,False
2021_REG_11_GB_MIN_20211121,2021,11,REG,66959.0,,,,0.4444444444444444,0.8,True,False,True,False,False,False,False,False,False,11,11,6.0,6.0,,False,0.4375,0.7777777777777778,False,False
2021_REG_11_HOU_TEN_20211121,2021,11,REG,67395.0,48.8,0.902,10.7,0.8,0.1111111111111111,True,False,False,False,False,False,False,False,False,11,11,6.0,13.0,WMO_63|PRECIP,True,0.6470588235294118,0.25,False,False
2021_REG_11_IND_BUF_20211121,2021,11,REG,69866.0,42.3,0.224,16.2,0.6666666666666666,0.5,True,False,False,False,False,False,False,False,False,11,11,6.0,6.0,WMO_61|PRECIP,False,0.7894736842105263,0.6470588235294118,False,False
2021_REG_11_MIA_NYJ_20211121,2021,11,REG,72303.0,45.8,0.0,9.7,0.2222222222222222,0.3,True,False,False,False,False,False,False,False,False,11,11,6.0,9.0,WMO_3,False,0.125,0.625,False,False
2021_REG_11_NE_ATL_20211118,2021,11,REG,68286.0,,,,0.4444444444444444,0.6,False,False,True,False,False,False,False,False,False,11,11,3.0,3.0,,False,0.25,0.4375,False,False
2021_REG_11_NO_PHI_20211121,2021,11,REG,69796.0,44.3,0.0,7.6,0.4,0.5555555555555556,True,False,False,False,False,False,False,False,False,11,11,6.0,6.0,WMO_3,False,0.28125,0.7222222222222222,False,False
2021_REG_11_NYG_TB_20211122,2021,11,REG,65643.0,69.5,0.197,13.5,0.6666666666666666,0.3333333333333333,False,False,False,False,False,False,False,False,False,11,11,7.0,14.0,WMO_61|PRECIP,False,0.75,0.375,False,False
2021_REG_11_PIT_LAC_20211121,2021,11,REG,70240.0,,,,0.5555555555555556,0.6111111111111112,True,False,True,False,False,False,False,False,False,11,11,6.0,6.0,,False,0.4375,0.7058823529411765,False,False
2021_REG_11_SF_JAX_20211121,2021,11,REG,60268.0,64.3,0.008,12.2,0.2222222222222222,0.4444444444444444,True,False,False,False,False,False,False,False,False,11,11,6.0,5.0,WMO_51|PRECIP,False,0.0625,0.375,False,False
2021_REG_11_WSH_CAR_20211121,2021,11,REG,73350.0,45.2,0.0,7.5,0.5,0.3333333333333333,True,False,False,False,False,False,False,False,False,11,11,6.0,6.0,WMO_3,False,0.3125,0.4117647058823529,False,False
2021_REG_12_ATL_JAX_20211128,2021,12,REG,60031.0,52.3,0.0,6.9,0.2,0.4,True,False,False,False,False,False,False,False,False,12,11,6.0,9.0,WMO_3,False,0.0625,0.25,False,False
2021_REG_12_BUF_NO_20211125,2021,12,REG,69170.0,,,,0.5,0.6,False,True,True,False,False,False,False,False,False,12,11,3.0,3.0,,False,0.7222222222222222,0.7894736842105263,False,False
2021_REG_12_CAR_MIA_20211128,2021,12,REG,62389.0,64.1,0.0,6.5,0.3636363636363636,0.4545454545454545,True,False,False,False,False,False,False,False,False,12,11,6.0,6.0,WMO_3,False,0.625,0.3125,False,False
2021_REG_12_CHI_DET_20211125,2021,12,REG,56355.0,,,,0.05,0.3,False,True,True,False,False,False,False,False,False,12,11,3.0,3.0,,False,0.3125,0.4705882352941176,False,False
2021_REG_12_CLE_BAL_20211128,2021,12,REG,70355.0,42.0,0.008,11.0,0.7,0.5454545454545454,True,False,False,False,False,False,False,False,False,12,11,6.0,6.0,WMO_51|PRECIP,False,0.6666666666666666,0.6666666666666666,False,False
2021_REG_12_LAC_DEN_20211128,2021,12,REG,75807.0,43.0,0.0,8.7,0.5,0.6,True,False,False,False,False,False,False,False,False,12,11,13.0,6.0,WMO_3,False,0.3125,0.4375,False,False
2021_REG_12_LAR_GB_20211128,2021,12,REG,77948.0,30.8,0.0,14.9,0.7272727272727273,0.7,True,False,False,False,False,False,False,False,False,12,11,6.0,12.0,WMO_3,False,0.7777777777777778,0.6111111111111112,False,False
2021_REG_12_LV_DAL_20211125,2021,12,REG,93483.0,,,,0.7,0.5,False,True,True,False,False,False,False,False,False,12,11,3.0,3.0,,False,0.375,0.5,False,False
2021_REG_12_MIN_SF_20211128,2021,12,REG,71493.0,59.2,0.0,5.8,0.5,0.5,True,False,False,False,False,False,False,False,False,12,11,6.0,6.0,WMO_3,False,0.375,0.4375,False,False
2021_REG_12_NYJ_HOU_20211128,2021,12,REG,65120.0,,,,0.2,0.2,True,False,True,False,False,False,False,False,False,12,11,6.0,6.0,,False,0.25,0.125,False,False
2021_REG_12_PHI_NYG_20211128,2021,12,REG,73969.0,35.1,0.055,7.4,0.3,0.4545454545454545,True,False,False,False,False,False,False,False,False,12,11,5.0,6.0,WMO_73|SNOW,True,0.375,0.28125,False,False
2021_REG_12_PIT_CIN_20211128,2021,12,REG,63238.0,39.9,0.0,13.8,0.6,0.55,True,False,False,False,False,False,False,False,False,12,11,6.0,6.0,WMO_3,False,0.28125,0.7058823529411765,False,False
2021_REG_12_SEA_WSH_20211129,2021,12,REG,52680.0,40.7,0.0,15.3,0.4,0.3,False,False,False,False,False,False,False,False,False,12,11,7.0,7.0,WMO_3,False,0.4117647058823529,0.7058823529411765,False,False
2021_REG_12_TB_IND_20211128,2021,12,REG,66140.0,,,,0.5454545454545454,0.7,True,False,True,False,False,False,False,False,False,12,11,6.0,5.0,,False,0.6470588235294118,0.75,False,False
2021_REG_12_TEN_NE_20211128,2021,12,REG,65878.0,31.1,0.0,10.1,0.6363636363636364,0.7272727272727273,True,False,False,False,False,False,False,False,False,12,11,9.0,6.0,WMO_3,False,0.4375,0.6470588235294118,False,False
2021_REG_13_ARI_CHI_20211205,2021,13,REG,60803.0,37.9,0.157,17.1,0.3636363636363636,0.8181818181818182,True,False,False,False,False,False,False,False,False,13,12,9.0,13.0,WMO_61|PRECIP,False,0.4705882352941176,0.5,False,False
2021_REG_13_BAL_PIT_20211205,2021,13,REG,59303.0,38.5,0.0,11.0,0.5,0.7272727272727273,True,False,False,False,False,False,False,False,False,13,12,6.0,6.0,WMO_3,False,0.7058823529411765,0.6666666666666666,False,False
2021_REG_13_DAL_NO_20211202,2021,13,REG,69170.0,,,,0.4545454545454545,0.6363636363636364,False,False,True,False,False,False,False,False,False,13,12,6.0,6.0,,False,0.7222222222222222,0.375,False,False
2021_REG_13_DEN_KC_20211205,2021,13,REG,73185.0,51.7,0.0,16.1,0.6363636363636364,0.5454545454545454,True,False,False,False,False,False,False,False,False,13,12,13.0,6.0,WMO_3,False,0.8421052631578947,0.3125,False,False
2021_REG_13_IND_HOU_20211205,2021,13,REG,65291.0,,,,0.1818181818181818,0.5,True,False,True,False,False,False,False,False,False,13,12,6.0,6.0,,False,0.25,0.6470588235294118,False,False
2021_REG_13_JAX_LAR_20211205,2021,13,REG,70801.0,,,,0.6363636363636364,0.1818181818181818,True,False,True,False,False,False,False,False,False,13,12,6.0,6.0,,False,0.6111111111111112,0.0625,False,False
2021_REG_13_LAC_CIN_20211205,2021,13,REG,51414.0,42.5,0.012,13.7,0.6363636363636364,0.5454545454545454,True,False,False,False,False,False,False,False,False,13,12,6.0,6.0,WMO_51|PRECIP,False,0.28125,0.4375,False,False
2021_REG_13_MIN_DET_20211205,2021,13,REG,45691.0,,,,0.0454545454545454,0.4545454545454545,True,False,True,False,False,False,False,False,False,13,12,9.0,6.0,,False,0.3125,0.4375,False,False
2021_REG_13_NE_BUF_20211206,2021,13,REG,69694.0,46.1,0.539,31.2,0.6363636363636364,0.6666666666666666,False,False,False,False,False,False,False,False,False,13,12,10.0,7.0,WMO_71|SNOW|WINDY,True,0.7894736842105263,0.4375,False,False
2021_REG_13_NYG_MIA_20211205,2021,13,REG,65898.0,71.3,0.0,8.2,0.4166666666666667,0.3636363636363636,True,False,False,False,False,False,False,False,False,13,12,6.0,6.0,WMO_2,False,0.625,0.375,False,False
2021_REG_13_PHI_NYJ_20211205,2021,13,REG,73311.0,39.3,0.0,9.4,0.2727272727272727,0.4166666666666667,True,False,False,False,False,False,False,False,False,13,12,6.0,6.0,WMO_3,False,0.125,0.28125,False,False
2021_REG_13_SF_SEA_20211205,2021,13,REG,68758.0,40.5,0.094,10.7,0.2727272727272727,0.5454545454545454,True,False,False,False,False,False,False,False,False,13,12,5.0,6.0,WMO_55|PRECIP,False,0.7058823529411765,0.375,False,False
2021_REG_13_TB_ATL_20211205,2021,13,REG,69366.0,,,,0.4545454545454545,0.7272727272727273,True,False,True,False,False,False,False,False,False,13,12,6.0,6.0,,False,0.25,0.75,False,False
2021_REG_13_WSH_LV_20211205,2021,13,REG,61607.0,,,,0.5454545454545454,0.4545454545454545,True,False,True,False,False,False,False,False,False,13,12,9.0,5.0,,False,0.5,0.4117647058823529,False,False
2021_REG_14_ATL_CAR_20211212,2021,14,REG,72243.0,49.8,0.232,14.9,0.4166666666666667,0.4166666666666667,True,False,False,False,False,False,False,False,False,14,12,13.0,6.0,WMO_63|PRECIP,False,0.3125,0.25,False,False
2021_REG_14_BAL_CLE_20211212,2021,14,REG,67431.0,38.6,0.004,25.4,0.5,0.6666666666666666,True,False,False,False,False,False,False,False,False,14,12,13.0,6.0,WMO_51|PRECIP|WINDY,True,0.6666666666666666,0.6666666666666666,False,False
2021_REG_14_BUF_TB_20211212,2021,14,REG,,72.4,0.02,8.6,0.75,0.5833333333333334,True,False,False,False,False,False,False,False,False,14,12,6.0,5.0,WMO_51|PRECIP,False,0.75,0.7894736842105263,False,False
2021_REG_14_CHI_GB_20211212,2021,14,REG,78273.0,29.3,0.0,14.8,0.75,0.3333333333333333,True,False,False,False,False,False,False,False,False,14,12,13.0,6.0,WMO_3,False,0.7777777777777778,0.4705882352941176,False,False
2021_REG_14_DAL_WSH_20211212,2021,14,REG,61308.0,46.4,0.213,17.0,0.5,0.6666666666666666,True,False,False,False,False,False,False,False,False,14,12,6.0,9.0,WMO_61|PRECIP,True,0.4117647058823529,0.375,False,False
2021_REG_14_DET_DEN_20211212,2021,14,REG,76211.0,39.7,0.0,6.7,0.5,0.125,True,False,False,False,False,False,False,False,False,14,12,6.0,6.0,WMO_3,False,0.3125,0.3125,False,False
2021_REG_14_JAX_TEN_20211212,2021,14,REG,67808.0,39.5,0.0,7.3,0.6666666666666666,0.1666666666666666,True,False,False,False,False,False,False,False,False,14,12,13.0,6.0,WMO_3,False,0.6470588235294118,0.0625,False,False
2021_REG_14_LAR_ARI_20211213,2021,14,REG,63999.0,,,,0.8333333333333334,0.6666666666666666,False,False,True,False,False,False,False,False,False,14,12,7.0,7.0,,False,0.5,0.6111111111111112,False,False
2021_REG_14_LV_KC_20211212,2021,14,REG,73278.0,41.2,0.0,13.1,0.6666666666666666,0.5,True,False,False,False,False,False,False,False,False,14,12,6.0,6.0,WMO_2,False,0.8421052631578947,0.5,False,False
2021_REG_14_NO_NYJ_20211212,2021,14,REG,69129.0,48.0,0.161,21.8,0.25,0.4166666666666667,True,False,False,False,False,False,False,False,False,14,12,6.0,9.0,WMO_63|PRECIP|WINDY,True,0.125,0.7222222222222222,False,False
2021_REG_14_NYG_LAC_20211212,2021,14,REG,70240.0,,,,0.5833333333333334,0.3333333333333333,True,False,True,False,False,False,False,False,False,14,12,6.0,6.0,,False,0.4375,0.375,False,False
2021_REG_14_PIT_MIN_20211209,2021,14,REG,66718.0,,,,0.4166666666666667,0.5416666666666666,False,False,True,False,False,False,False,False,False,14,12,3.0,3.0,,False,0.4375,0.7058823529411765,False,False
2021_REG_14_SEA_HOU_20211212,2021,14,REG,67610.0,,,,0.1666666666666666,0.3333333333333333,True,False,True,False,False,False,False,False,False,14,12,6.0,6.0,,False,0.25,0.7058823529411765,False,False
2021_REG_14_SF_CIN_20211212,2021,14,REG,50481.0,36.7,0.0,13.2,0.5833333333333334,0.5,True,False,False,False,False,False,False,False,False,14,12,6.0,6.0,WMO_1,False,0.28125,0.375,False,False
2021_REG_15_ARI_DET_20211219,2021,15,REG,45211.0,,,,0.1153846153846153,0.7692307692307693,True,False,True,False,False,False,False,False,False,15,12,6.0,5.0,,False,0.3125,0.5,False,False
2021_REG_15_ATL_SF_20211219,2021,15,REG,71650.0,46.4,0.0,9.8,0.5384615384615384,0.4615384615384615,True,False,False,False,False,False,False,False,False,15,12,6.0,6.0,WMO_3,False,0.375,0.25,False,False
2021_REG_15_CAR_BUF_20211219,2021,15,REG,65398.0,28.9,0.071,10.3,0.5384615384615384,0.3846153846153846,True,False,False,False,False,False,False,False,False,15,12,6.0,6.0,WMO_73|SNOW,True,0.7894736842105263,0.3125,False,False
2021_REG_15_CIN_DEN_20211219,2021,15,REG,76134.0,34.8,0.0,8.1,0.5384615384615384,0.5384615384615384,True,False,False,False,False,False,False,False,False,15,12,6.0,6.0,WMO_3,False,0.3125,0.28125,False,False
2021_REG_15_DAL_NYG_20211219,2021,15,REG,77413.0,40.7,0.02,16.4,0.3076923076923077,0.6923076923076923,True,False,False,False,False,False,False,False,False,15,12,6.0,6.0,WMO_51|PRECIP,False,0.375,0.375,False,False
2021_REG_15_GB_BAL_20211219,2021,15,REG,70815.0,45.7,0.051,14.6,0.6153846153846154,0.7692307692307693,True,False,False,False,False,False,False,False,False,15,12,6.0,6.0,WMO_53|PRECIP,False,0.6666666666666666,0.7777777777777778,False,False
2021_REG_15_HOU_JAX_20211219,2021,15,REG,60252.0,70.7,0.039,14.6,0.1538461538461538,0.1538461538461538,True,False,False,False,False,False,False,False,False,15,12,6.0,6.0,WMO_51|PRECIP,False,0.0625,0.25,False,False
2021_REG_15_KC_LAC_20211216,2021,15,REG,70240.0,,,,0.6153846153846154,0.6923076923076923,False,False,True,False,False,False,False,False,False,15,12,3.0,3.0,,False,0.4375,0.8421052631578947,False,False
2021_REG_15_LV_CLE_20211220,2021,15,REG,,33.2,0.0,12.5,0.5384615384615384,0.4615384615384615,False,False,False,False,False,False,False,False,False,15,12,7.0,7.0,WMO_3,False,0.6666666666666666,0.5,False,False
2021_REG_15_MIN_CHI_20211220,2021,15,REG,60082.0,32.8,0.0,16.8,0.3076923076923077,0.4615384615384615,False,False,False,False,False,False,False,False,False,15,12,7.0,10.0,WMO_3,False,0.4705882352941176,0.4375,False,False
2021_REG_15_NE_IND_20211218,2021,15,REG,66391.0,,,,0.5384615384615384,0.6923076923076923,True,False,True,False,False,False,False,False,False,15,12,12.0,11.0,,False,0.6470588235294118,0.4375,False,False
2021_REG_15_NO_TB_20211219,2021,15,REG,65744.0,72.2,0.165,12.8,0.7692307692307693,0.4615384615384615,True,False,False,False,False,False,False,False,False,15,12,6.0,6.0,WMO_55|PRECIP,False,0.75,0.7222222222222222,False,False
2021_REG_15_NYJ_MIA_20211219,2021,15,REG,66035.0,73.3,0.606,9.0,0.4615384615384615,0.2307692307692307,True,False,False,False,False,False,False,False,False,15,12,13.0,6.0,WMO_63|PRECIP,True,0.625,0.125,False,False
2021_REG_15_SEA_LAR_20211221,2021,15,REG,71565.0,,,,0.6923076923076923,0.3846153846153846,False,False,True,False,False,False,False,False,False,15,12,7.0,8.0,,False,0.6111111111111112,0.7058823529411765,False,False
2021_REG_15_TEN_PIT_20211219,2021,15,REG,59521.0,35.8,0.13,12.7,0.5,0.6923076923076923,True,False,False,False,False,False,False,False,False,15,12,9.0,6.0,WMO_63|PRECIP,False,0.7058823529411765,0.6470588235294118,False,False
2021_REG_15_WSH_PHI_20211221,2021,15,REG,69796.0,32.5,0.0,5.0,0.4615384615384615,0.4615384615384615,False,False,False,False,False,False,False,False,False,15,12,15.0,8.0,WMO_3,False,0.28125,0.4117647058823529,False,False
2021_REG_16_BAL_CIN_20211226,2021,16,REG,63922.0,47.3,0.0,6.3,0.5714285714285714,0.5714285714285714,True,False,False,False,False,False,False,False,False,16,12,6.0,6.0,WMO_3,False,0.28125,0.6666666666666666,False,False
2021_REG_16_BUF_NE_20211226,2021,16,REG,65878.0,34.6,0.28,12.9,0.6428571428571429,0.5714285714285714,True,False,False,False,False,False,False,False,False,16,12,7.0,6.0,WMO_73|SNOW,True,0.4375,0.7894736842105263,False,False
2021_REG_16_CHI_SEA_20211226,2021,16,REG,68492.0,31.2,0.441,18.0,0.3571428571428571,0.2857142857142857,True,False,False,False,False,False,False,False,False,16,12,4.0,5.0,WMO_75|SNOW,True,0.7058823529411765,0.4705882352941176,False,False
2021_REG_16_CLE_GB_20211225,2021,16,REG,77901.0,34.2,0.004,10.9,0.7857142857142857,0.5,True,False,False,False,False,False,False,False,False,16,12,5.0,4.0,WMO_51|PRECIP,False,0.7777777777777778,0.6666666666666666,False,False
2021_REG_16_DEN_LV_20211226,2021,16,REG,60972.0,,,,0.5,0.5,True,False,True,False,False,False,False,False,False,16,12,5.0,6.0,,False,0.5,0.3125,False,False
2021_REG_16_DET_ATL_20211226,2021,16,REG,68638.0,,,,0.4285714285714285,0.1785714285714285,True,False,True,False,False,False,False,False,False,16,12,6.0,6.0,,False,0.25,0.3125,False,False
2021_REG_16_IND_ARI_20211225,2021,16,REG,63900.0,,,,0.7142857142857143,0.5714285714285714,True,False,True,False,False,False,False,False,False,16,12,5.0,6.0,,False,0.5,0.6470588235294118,False,False
2021_REG_16_JAX_NYJ_20211226,2021,16,REG,67120.0,45.0,0.0,13.6,0.2142857142857142,0.1428571428571428,True,False,False,False,False,False,False,False,False,16,12,6.0,6.0,WMO_3,False,0.125,0.0625,False,False
2021_REG_16_LAC_HOU_20211226,2021,16,REG,65674.0,,,,0.2142857142857142,0.5714285714285714,True,False,True,False,False,False,False,False,False,16,12,6.0,9.0,,False,0.25,0.4375,False,False
2021_REG_16_LAR_MIN_20211226,2021,16,REG,66708.0,,,,0.5,0.7142857142857143,True,False,True,False,False,False,False,False,False,16,12,5.0,4.0,,False,0.4375,0.6111111111111112,False,False
2021_REG_16_MIA_NO_20211227,2021,16,REG,69170.0,,,,0.5,0.5,False,False,True,False,False,False,False,False,False,16,12,7.0,7.0,,False,0.7222222222222222,0.625,False,False
2021_REG_16_NYG_PHI_20211226,2021,16,REG,69796.0,49.7,0.067,11.6,0.5,0.2857142857142857,True,False,False,False,False,False,False,False,False,16,12,4.0,6.0,WMO_53|PRECIP,False,0.28125,0.375,False,False
2021_REG_16_PIT_KC_20211226,2021,16,REG,73371.0,46.5,0.012,18.5,0.7142857142857143,0.5357142857142857,True,False,False,False,False,False,False,False,False,16,12,9.0,6.0,WMO_51|PRECIP,True,0.8421052631578947,0.7058823529411765,False,False
2021_REG_16_SF_TEN_20211223,2021,16,REG,69361.0,38.0,0.0,9.3,0.6428571428571429,0.5714285714285714,False,False,False,False,False,False,False,False,False,16,12,3.0,3.0,WMO_2,False,0.6470588235294118,0.375,False,False
2021_REG_16_TB_CAR_20211226,2021,16,REG,71918.0,62.8,0.008,15.8,0.3571428571428571,0.7142857142857143,True,False,False,False,False,False,False,False,False,16,12,6.0,6.0,WMO_51|PRECIP,False,0.3125,0.75,False,False
2021_REG_16_WSH_DAL_20211226,2021,16,REG,93482.0,,,,0.7142857142857143,0.4285714285714285,True,False,True,False,False,False,False,False,False,16,12,6.0,4.0,,False,0.375,0.4117647058823529,False,False
2021_REG_17_ARI_DAL_20220102,2021,17,REG,93459.0,,,,0.7333333333333333,0.6666666666666666,True,False,True,False,False,False,False,False,False,17,1,6.0,7.0,,False,0.375,0.5,False,False
2021_REG_17_ATL_BUF_20220102,2021,17,REG,64948.0,29.1,0.496,11.7,0.6,0.4666666666666667,True,False,False,False,False,False,False,False,False,17,1,6.0,6.0,WMO_75|SNOW,True,0.7894736842105263,0.25,False,False
2021_REG_17_CAR_NO_20220102,2021,17,REG,69170.0,,,,0.4666666666666667,0.3333333333333333,True,False,True,False,False,False,False,False,False,17,1,5.0,6.0,,False,0.7222222222222222,0.3125,False,False
2021_REG_17_CLE_PIT_20220103,2021,17,REG,63624.0,27.1,0.0,11.2,0.5,0.4666666666666667,False,False,False,False,False,False,False,False,False,17,1,7.0,8.0,WMO_3,False,0.7058823529411765,0.6666666666666666,False,False
2021_REG_17_DEN_LAC_20220102,2021,17,REG,70240.0,,,,0.5333333333333333,0.4666666666666667,True,False,True,False,False,False,False,False,False,17,1,6.0,6.0,,False,0.4375,0.3125,False,False
2021_REG_17_DET_SEA_20220102,2021,17,REG,68043.0,34.9,0.213,13.8,0.3333333333333333,0.1666666666666666,True,False,False,False,False,False,False,False,False,17,1,6.0,6.0,WMO_75|SNOW,True,0.7058823529411765,0.3125,False,False
2021_REG_17_HOU_SF_20220102,2021,17,REG,71612.0,45.8,0.0,9.7,0.5333333333333333,0.2666666666666666,True,False,False,False,False,False,False,False,False,17,1,9.0,6.0,WMO_1,False,0.375,0.25,False,False
2021_REG_17_JAX_NE_20220102,2021,17,REG,65878.0,46.5,0.39,8.6,0.6,0.1333333333333333,True,False,False,False,False,False,False,False,False,17,1,6.0,6.0,WMO_63|PRECIP,False,0.4375,0.0625,False,False
2021_REG_17_KC_CIN_20220102,2021,17,REG,64505.0,41.5,0.323,10.6,0.6,0.7333333333333333,True,False,False,False,False,False,False,False,False,17,1,6.0,6.0,WMO_61|PRECIP,False,0.28125,0.8421052631578947,False,False
2021_REG_17_LAR_BAL_20220102,2021,17,REG,70328.0,57.2,0.524,16.9,0.5333333333333333,0.7333333333333333,True,False,False,False,False,False,False,False,False,17,1,6.0,6.0,WMO_63|PRECIP,True,0.6666666666666666,0.6111111111111112,False,False
2021_REG_17_LV_IND_20220102,2021,17,REG,65985.0,,,,0.6,0.5333333333333333,True,False,True,False,False,False,False,False,False,17,1,7.0,6.0,,False,0.6470588235294118,0.5,False,False
2021_REG_17_MIA_TEN_20220102,2021,17,REG,69091.0,49.6,0.744,11.4,0.6666666666666666,0.5333333333333333,True,False,False,False,False,False,False,False,False,17,1,9.0,5.0,WMO_73|SNOW,True,0.6470588235294118,0.625,False,False
2021_REG_17_MIN_GB_20220102,2021,17,REG,77832.0,9.9,0.0,10.3,0.8,0.4666666666666667,True,False,False,False,False,False,False,False,False,17,1,7.0,6.0,WMO_3,True,0.7777777777777778,0.4375,False,False
2021_REG_17_NYG_CHI_20220102,2021,17,REG,59594.0,26.2,0.276,26.5,0.3333333333333333,0.2666666666666666,True,False,False,False,False,False,False,False,False,17,1,6.0,6.0,WMO_75|SNOW|WINDY,True,0.4705882352941176,0.375,False,False
2021_REG_17_PHI_WSH_20220102,2021,17,REG,51563.0,59.1,0.665,14.1,0.4,0.5333333333333333,True,False,False,False,False,False,False,False,False,17,1,6.0,6.0,WMO_63|PRECIP,True,0.4117647058823529,0.28125,False,False
2021_REG_17_TB_NYJ_20220102,2021,17,REG,72243.0,51.0,0.98,13.3,0.2666666666666666,0.7333333333333333,True,False,False,False,False,False,False,False,False,17,1,6.0,6.0,WMO_65|PRECIP,True,0.125,0.75,False,False
2021_REG_18_CAR_TB_20220109,2021,18,REG,65473.0,70.7,0.004,12.9,0.75,0.3125,True,False,False,False,False,False,False,False,False,18,1,6.0,6.0,WMO_51|PRECIP,False,0.75,0.3125,False,False
2021_REG_18_CHI_MIN_20220109,2021,18,REG,66625.0,,,,0.4375,0.375,True,False,True,False,False,False,False,False,False,18,1,6.0,6.0,,False,0.4375,0.4705882352941176,False,False
2021_REG_18_CIN_CLE_20220109,2021,18,REG,67431.0,37.6,0.22,26.4,0.4375,0.625,True,False,False,False,False,False,False,False,False,18,1,5.0,6.0,WMO_61|PRECIP|WINDY,True,0.6666666666666666,0.28125,False,False
2021_REG_18_DAL_PHI_20220108,2021,18,REG,69796.0,22.5,0.0,13.7,0.5625,0.6875,True,False,False,False,False,False,False,False,False,18,1,5.0,5.0,WMO_0,False,0.28125,0.375,False,False
2021_REG_18_GB_DET_20220109,2021,18,REG,56735.0,,,,0.15625,0.8125,True,False,True,False,False,False,False,False,False,18,1,6.0,6.0,,False,0.3125,0.7777777777777778,False,False
2021_REG_18_IND_JAX_20220109,2021,18,REG,60516.0,66.1,0.0,12.2,0.125,0.5625,True,False,False,False,False,False,False,False,False,18,1,6.0,6.0,WMO_3,False,0.0625,0.6470588235294118,False,False
2021_REG_18_KC_DEN_20220108,2021,18,REG,76012.0,28.9,0.0,9.7,0.4375,0.6875,True,False,False,False,False,False,False,False,False,18,1,5.0,5.0,WMO_3,False,0.3125,0.8421052631578947,False,False
2021_REG_18_LAC_LV_20220109,2021,18,REG,62068.0,,,,0.5625,0.5625,True,False,True,False,False,False,False,False,False,18,1,6.0,6.0,,False,0.5,0.4375,False,False
2021_REG_18_NE_MIA_20220109,2021,18,REG,66514.0,71.8,0.386,11.9,0.5,0.625,True,False,False,False,False,False,False,False,False,18,1,6.0,6.0,WMO_63|PRECIP,False,0.625,0.4375,False,False
2021_REG_18_NO_ATL_20220109,2021,18,REG,68336.0,,,,0.4375,0.5,True,False,True,False,False,False,False,False,False,18,1,6.0,6.0,,False,0.25,0.7222222222222222,False,False
2021_REG_18_NYJ_BUF_20220109,2021,18,REG,64783.0,36.2,0.272,21.0,0.625,0.25,True,False,False,False,False,False,False,False,False,18,1,6.0,6.0,WMO_71|SNOW|WINDY,True,0.7894736842105263,0.125,False,False
2021_REG_18_PIT_BAL_20220109,2021,18,REG,70453.0,33.6,0.232,14.3,0.5,0.53125,True,False,False,False,False,False,False,False,False,18,1,6.0,5.0,WMO_55|PRECIP,False,0.6666666666666666,0.7058823529411765,False,False
2021_REG_18_SEA_ARI_20220109,2021,18,REG,63858.0,,,,0.6875,0.375,True,False,True,False,False,False,False,False,False,18,1,6.0,6.0,,False,0.5,0.7058823529411765,False,False
2021_REG_18_SF_LAR_20220109,2021,18,REG,74447.0,,,,0.75,0.5625,True,False,True,False,False,False,False,False,False,18,1,6.0,6.0,,False,0.6111111111111112,0.375,False,False
2021_REG_18_TEN_HOU_20220109,2021,18,REG,66722.0,,,,0.25,0.6875,True,False,True,False,False,False,False,False,False,18,1,6.0,6.0,,False,0.25,0.6470588235294118,False,False
2021_REG_18_WSH_NYG_20220109,2021,18,REG,69923.0,30.2,0.114,14.8,0.25,0.375,True,False,False,False,False,False,False,False,False,18,1,6.0,6.0,WMO_53|PRECIP,False,0.375,0.4117647058823529,False,False
2021_POST_19_ARI_LAR_20220117,2021,19,POST,,,,,0.7058823529411765,0.6470588235294118,False,True,True,False,False,False,False,False,False,19,1,7.0,7.0,,False,0.6111111111111112,0.5,False,False
2021_POST_19_LV_CIN_20220115,2021,19,POST,,29.6,0.028,11.0,0.5882352941176471,0.5882352941176471,True,False,False,False,False,False,False,False,False,19,1,5.0,5.0,WMO_73|SNOW,True,0.28125,0.5,False,False
2021_POST_19_NE_BUF_20220115,2021,19,POST,,8.3,0.0,12.1,0.6470588235294118,0.5882352941176471,True,False,False,False,False,False,False,False,False,19,1,5.0,5.0,WMO_3,True,0.7894736842105263,0.4375,False,False
2021_POST_19_PHI_TB_20220116,2021,19,POST,,65.2,0.531,24.1,0.7647058823529411,0.5294117647058824,True,False,False,True,False,True,False,False,False,19,1,6.0,7.0,WMO_65|PRECIP|WINDY,True,0.75,0.28125,False,False
2021_POST_19_PIT_KC_20220116,2021,19,POST,,22.1,0.0,9.3,0.7058823529411765,0.5588235294117647,True,False,False,True,False,True,False,False,False,19,1,7.0,6.0,WMO_3,False,0.8421052631578947,0.7058823529411765,False,False
2021_POST_19_SF_DAL_20220116,2021,19,POST,,,,,0.7058823529411765,0.5882352941176471,True,False,True,True,False,True,False,False,False,19,1,7.0,6.0,,False,0.375,0.375,False,False
2021_POST_20_BUF_KC_20220123,2021,20,POST,,35.8,0.0,15.0,0.7222222222222222,0.6666666666666666,True,False,False,False,False,False,False,False,False,20,1,6.0,7.0,WMO_3,False,0.8421052631578947,0.7894736842105263,False,False
2021_POST_20_CIN_TEN_20220122,2021,20,POST,,24.2,0.0,6.1,0.7058823529411765,0.6111111111111112,True,False,False,False,False,False,False,False,False,20,1,12.0,6.0,WMO_2,False,0.6470588235294118,0.28125,False,False
2021_POST_20_LAR_TB_20220123,2021,20,POST,,48.5,0.0,13.0,0.7777777777777778,0.7222222222222222,True,False,False,False,False,False,False,False,False,20,1,6.0,5.0,WMO_3,False,0.75,0.6111111111111112,False,False
2021_POST_20_SF_GB_20220122,2021,20,POST,,16.1,0.039,16.9,0.7647058823529411,0.6111111111111112,True,False,False,False,False,False,False,False,False,20,1,12.0,5.0,WMO_73|SNOW,True,0.7777777777777778,0.375,False,False
2021_CON_21_CIN_KC_20220130,2021,21,CON,,35.2,0.0,8.1,0.7368421052631579,0.631578947368421,True,False,False,False,False,False,False,False,False,21,1,6.0,7.0,WMO_3,False,0.8421052631578947,0.28125,False,False
2021_CON_21_SF_LAR_20220130,2021,21,CON,,,,,0.7368421052631579,0.631578947368421,True,False,True,False,False,False,False,False,False,21,1,6.0,7.0,,False,0.6111111111111112,0.375,False,False
2021_POST_22_LAR_CIN_20220213,2021,22,POST,,,,,0.65,0.75,True,False,True,False,False,False,False,False,False,22,2,13.0,13.0,,False,0.28125,0.6111111111111112,False,False
2022_REG_01_BAL_NYJ_20220911,2022,1,REG,78827.0,70.2,0.35,6.7,,,True,False,False,False,False,False,False,False,False,1,9,244.0,244.0,WMO_61|PRECIP,False,0.2352941176470588,0.4705882352941176,False,False
2022_REG_01_BUF_LAR_20220908,2022,1,REG,73846.0,,,,,,False,False,True,False,False,False,False,False,False,1,9,206.0,227.0,,False,0.7619047619047619,0.631578947368421,False,False
2022_REG_01_CLE_CAR_20220911,2022,1,REG,72205.0,74.6,0.283,7.9,,,True,False,False,False,False,False,False,False,False,1,9,244.0,244.0,WMO_61|PRECIP,False,0.2941176470588235,0.4705882352941176,False,False
2022_REG_01_DEN_SEA_20220912,2022,1,REG,68965.0,66.4,0.0,11.4,,,False,False,False,False,False,False,False,False,False,1,9,245.0,246.0,WMO_3,False,0.4117647058823529,0.4117647058823529,False,False
2022_REG_01_GB_MIN_20220911,2022,1,REG,66959.0,,,,,,True,False,True,False,False,False,False,False,False,1,9,244.0,231.0,,False,0.4705882352941176,0.7222222222222222,False,False
2022_REG_01_IND_HOU_20220911,2022,1,REG,69415.0,,,,,,True,False,True,False,False,False,False,False,False,1,9,244.0,244.0,,False,0.2352941176470588,0.5294117647058824,False,False
2022_REG_01_JAX_WSH_20220911,2022,1,REG,58192.0,72.8,0.957,8.0,,,True,False,False,False,False,False,False,False,False,1,9,244.0,244.0,WMO_63|PRECIP,True,0.4117647058823529,0.1764705882352941,False,False
2022_REG_01_KC_ARI_20220911,2022,1,REG,63697.0,,,,,,True,False,True,False,False,False,False,False,False,1,9,236.0,223.0,,False,0.6111111111111112,0.7,False,False
2022_REG_01_LV_LAC_20220911,2022,1,REG,70240.0,,,,,,True,False,True,False,False,False,False,False,False,1,9,244.0,238.0,,False,0.5294117647058824,0.5555555555555556,False,False
2022_REG_01_NE_MIA_20220911,2022,1,REG,65786.0,81.5,0.437,8.3,,,True,False,False,False,False,False,False,False,False,1,9,244.0,238.0,WMO_63|PRECIP,False,0.5294117647058824,0.5555555555555556,False,False
2022_REG_01_NO_ATL_20220911,2022,1,REG,70078.0,,,,,,True,False,True,False,False,False,False,False,False,1,9,244.0,244.0,,False,0.4117647058823529,0.5294117647058824,False,False
2022_REG_01_NYG_TEN_20220911,2022,1,REG,67805.0,71.5,0.803,7.9,,,True,False,False,False,False,False,False,False,False,1,9,231.0,244.0,WMO_65|PRECIP,True,0.6666666666666666,0.2352941176470588,False,False
2022_REG_01_PHI_DET_20220911,2022,1,REG,64537.0,,,,,,True,False,True,False,False,False,False,False,False,1,9,244.0,237.0,,False,0.2058823529411764,0.5,False,False
2022_REG_01_PIT_CIN_20220911,2022,1,REG,65841.0,69.8,0.713,9.9,,,True,False,False,False,False,False,False,False,False,1,9,209.0,237.0,WMO_63|PRECIP,True,0.6190476190476191,0.5277777777777778,False,False
2022_REG_01_SF_CHI_20220911,2022,1,REG,62159.0,68.9,1.524,33.5,,,True,False,False,False,False,False,False,False,False,1,9,244.0,223.0,WMO_65|PRECIP|WINDY,True,0.3529411764705882,0.6,False,False
2022_REG_01_TB_DAL_20220911,2022,1,REG,93797.0,,,,,,True,False,True,False,False,False,False,False,False,1,9,237.0,230.0,,False,0.6666666666666666,0.7368421052631579,False,False
2022_REG_02_ARI_LV_20220918,2022,2,REG,61707.0,,,,0.0,0.0,True,False,True,False,False,False,False,False,False,2,9,6.0,6.0,,False,0.5555555555555556,0.6111111111111112,False,False
2022_REG_02_ATL_LAR_20220918,2022,2,REG,71802.0,,,,0.0,0.0,True,False,True,False,False,False,False,False,False,2,9,9.0,6.0,,False,0.7619047619047619,0.4117647058823529,False,False
2022_REG_02_CAR_NYG_20220918,2022,2,REG,73843.0,71.6,0.0,12.5,1.0,0.0,True,False,False,False,False,False,False,False,False,2,9,6.0,6.0,WMO_3,False,0.2352941176470588,0.2941176470588235,False,False
2022_REG_02_CHI_GB_20220918,2022,2,REG,78350.0,72.8,0.0,12.8,0.0,1.0,True,False,False,False,False,False,False,False,False,2,9,6.0,6.0,WMO_3,False,0.7222222222222222,0.3529411764705882,False,False
2022_REG_02_CIN_DAL_20220918,2022,2,REG,92944.0,,,,0.0,0.0,True,False,True,False,False,False,False,False,False,2,9,6.0,6.0,,False,0.6666666666666666,0.6190476190476191,False,False
2022_REG_02_HOU_DEN_20220918,2022,2,REG,76191.0,65.4,0.0,9.1,0.0,0.5,True,False,False,False,False,False,False,False,False,2,9,5.0,6.0,WMO_3,False,0.4117647058823529,0.2352941176470588,False,False
2022_REG_02_IND_JAX_20220918,2022,2,REG,58360.0,76.1,0.512,11.9,0.0,0.5,True,False,False,False,False,False,False,False,False,2,9,6.0,6.0,WMO_63|PRECIP,True,0.1764705882352941,0.5294117647058824,False,False
2022_REG_02_LAC_KC_20220915,2022,2,REG,73461.0,74.3,0.0,12.0,1.0,1.0,False,False,False,False,False,False,False,False,False,2,9,3.0,3.0,WMO_3,False,0.7,0.5294117647058824,False,False
2022_REG_02_MIA_BAL_20220918,2022,2,REG,70582.0,69.6,0.0,6.3,1.0,1.0,True,False,False,False,False,False,False,False,False,2,9,6.0,6.0,WMO_3,False,0.4705882352941176,0.5294117647058824,False,False
2022_REG_02_MIN_PHI_20220919,2022,2,REG,69879.0,74.5,0.0,13.5,1.0,1.0,False,False,False,False,False,False,False,False,False,2,9,7.0,7.0,WMO_3,False,0.5,0.4705882352941176,False,False
2022_REG_02_NE_PIT_20220918,2022,2,REG,67307.0,70.4,0.0,10.8,1.0,0.0,True,False,False,False,False,False,False,False,False,2,9,6.0,6.0,WMO_3,False,0.5277777777777778,0.5555555555555556,False,False
2022_REG_02_NYJ_CLE_20220918,2022,2,REG,67431.0,73.7,0.0,13.3,1.0,0.0,True,False,False,False,False,False,False,False,False,2,9,6.0,6.0,WMO_3,False,0.4705882352941176,0.2352941176470588,False,False
2022_REG_02_SEA_SF_20220918,2022,2,REG,71597.0,65.5,0.37,19.7,0.0,1.0,True,False,False,False,False,False,False,False,False,2,9,6.0,5.0,WMO_63|PRECIP,False,0.6,0.4117647058823529,False,False
2022_REG_02_TB_NO_20220918,2022,2,REG,70400.0,,,,1.0,1.0,True,False,True,False,False,False,False,False,False,2,9,6.0,6.0,,False,0.5294117647058824,0.7368421052631579,False,False
2022_REG_02_TEN_BUF_20220919,2022,2,REG,70683.0,68.8,0.894,17.0,1.0,0.0,False,False,False,False,False,False,False,False,False,2,9,10.0,7.0,WMO_65|PRECIP,True,0.631578947368421,0.6666666666666666,False,False
2022_REG_02_WSH_DET_20220918,2022,2,REG,57687.0,,,,0.0,1.0,True,False,True,False,False,False,False,False,False,2,9,6.0,6.0,,False,0.2058823529411764,0.4117647058823529,False,False
2022_REG_03_ATL_SEA_20220925,2022,3,REG,68773.0,61.7,0.0,11.9,0.5,0.0,True,False,False,False,False,False,False,False,False,3,9,6.0,6.0,WMO_3,False,0.4117647058823529,0.4117647058823529,False,False
2022_REG_03_BAL_NE_20220925,2022,3,REG,65878.0,57.6,0.024,10.8,0.5,0.5,True,False,False,False,False,False,False,False,False,3,9,6.0,6.0,WMO_51|PRECIP,False,0.5555555555555556,0.4705882352941176,False,False
2022_REG_03_BUF_MIA_20220925,2022,3,REG,66206.0,80.3,0.248,6.3,1.0,1.0,True,False,False,False,False,False,False,False,False,3,9,6.0,5.0,WMO_63|PRECIP,False,0.5294117647058824,0.631578947368421,False,False
2022_REG_03_CIN_NYJ_20220925,2022,3,REG,73708.0,62.4,0.0,13.8,0.5,0.0,True,False,False,False,False,False,False,False,False,3,9,6.0,6.0,WMO_3,False,0.2352941176470588,0.6190476190476191,False,False
2022_REG_03_DAL_NYG_20220926,2022,3,REG,79445.0,64.8,0.012,15.5,1.0,0.5,False,False,False,False,False,False,False,False,False,3,9,7.0,7.0,WMO_51|PRECIP,False,0.2352941176470588,0.6666666666666666,False,False
2022_REG_03_DET_MIN_20220925,2022,3,REG,66638.0,,,,0.5,0.5,True,False,True,False,False,False,False,False,False,3,9,5.0,6.0,,False,0.4705882352941176,0.2058823529411764,False,False
2022_REG_03_GB_TB_20220925,2022,3,REG,69197.0,77.7,0.067,11.4,1.0,0.5,True,False,False,False,False,False,False,False,False,3,9,6.0,6.0,WMO_53|PRECIP,False,0.7368421052631579,0.7222222222222222,False,False
2022_REG_03_HOU_CHI_20220925,2022,3,REG,60592.0,61.7,0.39,17.3,0.5,0.25,True,False,False,False,False,False,False,False,False,3,9,6.0,6.0,WMO_63|PRECIP,False,0.3529411764705882,0.2352941176470588,False,False
2022_REG_03_JAX_LAC_20220925,2022,3,REG,67964.0,,,,0.5,0.5,True,False,True,False,False,False,False,False,False,3,9,9.0,6.0,,False,0.5294117647058824,0.1764705882352941,False,False
2022_REG_03_KC_IND_20220925,2022,3,REG,65975.0,,,,0.25,1.0,True,False,True,False,False,False,False,False,False,3,9,6.0,9.0,,False,0.5294117647058824,0.7,False,False
2022_REG_03_LAR_ARI_20220925,2022,3,REG,63243.0,,,,0.5,0.5,True,False,True,False,False,False,False,False,False,3,9,6.0,6.0,,False,0.6111111111111112,0.7619047619047619,False,False
2022_REG_03_LV_TEN_20220925,2022,3,REG,68649.0,72.4,0.201,14.7,0.0,0.0,True,False,False,False,False,False,False,False,False,3,9,5.0,6.0,WMO_63|PRECIP,False,0.6666666666666666,0.5555555555555556,False,False
2022_REG_03_NO_CAR_20220925,2022,3,REG,70496.0,67.6,0.0,13.8,0.0,0.5,True,False,False,False,False,False,False,False,False,3,9,6.0,6.0,WMO_3,False,0.2941176470588235,0.5294117647058824,False,False
2022_REG_03_PHI_WSH_20220925,2022,3,REG,64426.0,65.8,0.209,11.4,0.5,1.0,True,False,False,False,False,False,False,False,False,3,9,6.0,5.0,WMO_63|PRECIP,False,0.4117647058823529,0.5,False,False
2022_REG_03_PIT_CLE_20220922,2022,3,REG,67431.0,64.4,0.083,21.7,0.5,0.5,False,False,False,False,False,False,False,False,False,3,9,3.0,3.0,WMO_51|PRECIP|WINDY,True,0.4705882352941176,0.5277777777777778,False,False
2022_REG_03_SF_DEN_20220925,2022,3,REG,77021.0,60.8,0.0,11.5,0.5,0.5,True,False,False,False,False,False,False,False,False,3,9,6.0,6.0,WMO_0,False,0.4117647058823529,0.6,False,False
2022_REG_04_ARI_CAR_20221002,2022,4,REG,69810.0,59.6,0.0,14.0,0.3333333333333333,0.3333333333333333,True,False,False,False,False,False,False,False,False,4,10,6.0,6.0,WMO_3,False,0.2941176470588235,0.6111111111111112,False,False
2022_REG_04_BUF_BAL_20221002,2022,4,REG,70494.0,57.3,1.295,15.6,0.6666666666666666,0.6666666666666666,True,False,False,False,False,False,False,False,False,4,10,6.0,6.0,WMO_63|PRECIP,True,0.4705882352941176,0.631578947368421,False,False
2022_REG_04_CHI_NYG_20221002,2022,4,REG,74044.0,56.6,0.303,19.2,0.6666666666666666,0.6666666666666666,True,False,False,False,False,False,False,False,False,4,10,5.0,6.0,WMO_61|PRECIP,True,0.2352941176470588,0.3529411764705882,False,False
2022_REG_04_CLE_ATL_20221002,2022,4,REG,69435.0,,,,0.3333333333333333,0.6666666666666666,True,False,True,False,False,False,False,False,False,4,10,6.0,9.0,,False,0.4117647058823529,0.4705882352941176,False,False
2022_REG_04_DEN_LV_20221002,2022,4,REG,62332.0,,,,0.0,0.6666666666666666,True,False,True,False,False,False,False,False,False,4,10,6.0,6.0,,False,0.5555555555555556,0.4117647058823529,False,False
2022_REG_04_JAX_PHI_20221002,2022,4,REG,69879.0,57.3,1.343,18.2,1.0,0.6666666666666666,True,False,False,False,False,False,False,False,False,4,10,6.0,6.0,WMO_63|PRECIP,True,0.5,0.1764705882352941,False,False
2022_REG_04_KC_TB_20221002,2022,4,REG,68348.0,73.1,0.0,10.9,0.6666666666666666,0.6666666666666666,True,False,False,False,False,False,False,False,False,4,10,6.0,6.0,WMO_0,False,0.7368421052631579,0.7,False,False
2022_REG_04_LAC_HOU_20221002,2022,4,REG,69071.0,,,,0.1666666666666666,0.3333333333333333,True,False,True,False,False,False,False,False,False,4,10,6.0,6.0,,False,0.2352941176470588,0.5294117647058824,False,False
2022_REG_04_LAR_SF_20221003,2022,4,REG,71597.0,63.5,0.0,15.0,0.3333333333333333,0.6666666666666666,False,False,False,False,False,False,False,False,False,4,10,7.0,7.0,WMO_3,False,0.6,0.7619047619047619,False,False
2022_REG_04_MIA_CIN_20220929,2022,4,REG,67260.0,54.6,0.0,11.7,0.3333333333333333,1.0,False,False,False,False,False,False,False,False,False,4,9,3.0,3.0,WMO_3,False,0.6190476190476191,0.5294117647058824,False,False
2022_REG_04_MIN_NO_20221002,2022,4,REG,60639.0,56.7,0.0,10.4,0.3333333333333333,0.6666666666666666,True,False,False,False,False,False,False,False,False,4,10,6.0,6.0,WMO_3,False,0.5294117647058824,0.4705882352941176,False,False
2022_REG_04_NE_GB_20221002,2022,4,REG,78317.0,56.9,0.0,8.9,0.6666666666666666,0.3333333333333333,True,False,False,False,False,False,False,False,False,4,10,6.0,6.0,WMO_3,False,0.7222222222222222,0.5555555555555556,False,False
2022_REG_04_NYJ_PIT_20221002,2022,4,REG,66578.0,55.6,0.272,11.9,0.3333333333333333,0.3333333333333333,True,False,False,False,False,False,False,False,False,4,10,9.0,6.0,WMO_63|PRECIP,False,0.5277777777777778,0.2352941176470588,False,False
2022_REG_04_SEA_DET_20221002,2022,4,REG,63920.0,,,,0.3333333333333333,0.3333333333333333,True,False,True,False,False,False,False,False,False,4,10,6.0,6.0,,False,0.2058823529411764,0.4117647058823529,False,False
2022_REG_04_TEN_IND_20221002,2022,4,REG,65781.0,,,,0.5,0.3333333333333333,True,False,True,False,False,False,False,False,False,4,10,6.0,6.0,,False,0.5294117647058824,0.6666666666666666,False,False
2022_REG_04_WSH_DAL_20221002,2022,4,REG,92946.0,,,,0.6666666666666666,0.3333333333333333,True,False,True,False,False,False,False,False,False,4,10,5.0,6.0,,False,0.6666666666666666,0.4117647058823529,False,False
2022_REG_05_ATL_TB_20221009,2022,5,REG,68299.0,74.5,0.0,11.5,0.5,0.5,True,False,False,True,False,True,False,False,False,5,10,6.0,6.0,WMO_2,False,0.7368421052631579,0.4117647058823529,False,False
2022_REG_05_CHI_MIN_20221009,2022,5,REG,66929.0,,,,0.75,0.5,True,False,True,True,False,True,False,False,False,5,10,6.0,6.0,,False,0.4705882352941176,0.3529411764705882,False,False
2022_REG_05_CIN_BAL_20221009,2022,5,REG,70548.0,50.0,0.0,10.1,0.5,0.5,True,False,False,True,False,True,False,False,False,5,10,6.0,9.0,WMO_0,False,0.4705882352941176,0.6190476190476191,False,False
2022_REG_05_DAL_LAR_20221009,2022,5,REG,74154.0,,,,0.5,0.75,True,False,True,True,False,True,False,False,False,5,10,5.0,6.0,,False,0.7619047619047619,0.6666666666666666,False,False
2022_REG_05_DET_NE_20221009,2022,5,REG,65878.0,48.9,0.0,11.3,0.25,0.25,True,False,False,True,False,True,False,False,False,5,10,6.0,6.0,WMO_1,False,0.5555555555555556,0.2058823529411764,False,False
2022_REG_05_HOU_JAX_20221009,2022,5,REG,60018.0,71.3,0.0,8.8,0.5,0.125,True,False,False,True,False,True,False,False,False,5,10,6.0,6.0,WMO_3,False,0.1764705882352941,0.2352941176470588,False,False
2022_REG_05_IND_DEN_20221006,2022,5,REG,76667.0,56.2,0.0,5.5,0.5,0.375,False,False,False,False,False,False,False,False,False,5,10,3.0,3.0,WMO_1,False,0.4117647058823529,0.5294117647058824,False,False
2022_REG_05_LAC_CLE_20221009,2022,5,REG,67431.0,50.9,0.0,14.1,0.5,0.5,True,False,False,True,False,True,False,False,False,5,10,6.0,6.0,WMO_3,False,0.4705882352941176,0.5294117647058824,False,False
2022_REG_05_LV_KC_20221010,2022,5,REG,73523.0,64.3,0.0,6.5,0.75,0.25,False,True,False,False,False,False,False,False,False,5,10,7.0,7.0,WMO_3,False,0.7,0.5555555555555556,False,False
2022_REG_05_MIA_NYJ_20221009,2022,5,REG,82500.0,50.8,0.0,12.1,0.5,0.75,True,False,False,True,False,True,False,False,False,5,10,6.0,9.0,WMO_2,False,0.2352941176470588,0.5294117647058824,False,False
2022_REG_05_NYG_GB_20221009,2022,5,REG,61024.0,52.6,0.0,11.7,0.75,0.75,True,False,False,True,False,True,False,False,False,5,10,6.0,6.0,WMO_3,False,0.7222222222222222,0.2352941176470588,False,False
2022_REG_05_PHI_ARI_20221009,2022,5,REG,63919.0,,,,0.5,1.0,True,False,True,True,False,True,False,False,False,5,10,6.0,6.0,,False,0.6111111111111112,0.5,False,False
2022_REG_05_PIT_BUF_20221009,2022,5,REG,70764.0,51.8,0.047,20.8,0.75,0.25,True,False,False,True,False,True,False,False,False,5,10,6.0,6.0,WMO_53|PRECIP|WINDY,True,0.631578947368421,0.5277777777777778,False,False
2022_REG_05_SEA_NO_20221009,2022,5,REG,70003.0,,,,0.25,0.5,True,False,True,True,False,True,False,False,False,5,10,6.0,6.0,,False,0.5294117647058824,0.4117647058823529,False,False
2022_REG_05_SF_CAR_20221009,2022,5,REG,72321.0,57.3,0.0,9.4,0.25,0.5,True,False,False,True,False,True,False,False,False,5,10,6.0,5.0,WMO_3,False,0.2941176470588235,0.6,False,False
2022_REG_05_TEN_WSH_20221009,2022,5,REG,51836.0,50.9,0.0,7.6,0.25,0.5,True,False,False,True,False,True,False,False,False,5,10,6.0,6.0,WMO_0,False,0.4117647058823529,0.6666666666666666,False,False
2022_REG_06_ARI_SEA_20221016,2022,6,REG,68867.0,64.8,0.0,11.0,0.4,0.4,True,False,False,False,False,False,False,False,False,6,10,6.0,6.0,WMO_0,False,0.4117647058823529,0.6111111111111112,False,False
2022_REG_06_BAL_NYG_20221016,2022,6,REG,78019.0,56.1,0.0,10.5,0.8,0.6,True,False,False,False,False,False,False,False,False,6,10,6.0,6.0,WMO_3,False,0.2352941176470588,0.4705882352941176,False,False
2022_REG_06_BUF_KC_20221016,2022,6,REG,73586.0,57.8,0.0,14.4,0.8,0.8,True,False,False,False,False,False,False,False,False,6,10,5.0,6.0,WMO_3,False,0.7,0.631578947368421,False,False
2022_REG_06_CAR_LAR_20221016,2022,6,REG,71482.0,,,,0.4,0.2,True,False,True,False,False,False,False,False,False,6,10,6.0,6.0,,False,0.7619047619047619,0.2941176470588235,False,False
2022_REG_06_CIN_NO_20221016,2022,6,REG,70004.0,,,,0.4,0.4,True,False,True,False,False,False,False,False,False,6,10,6.0,6.0,,False,0.5294117647058824,0.6190476190476191,False,False
2022_REG_06_DAL_PHI_20221016,2022,6,REG,69879.0,57.6,0.004,7.4,1.0,0.8,True,False,False,False,False,False,False,False,False,6,10,6.0,6.0,WMO_51|PRECIP,False,0.5,0.6666666666666666,False,False
2022_REG_06_DEN_LAC_20221017,2022,6,REG,70240.0,,,,0.6,0.4,False,False,True,False,False,False,False,False,False,6,10,7.0,10.0,,False,0.5294117647058824,0.4117647058823529,False,False
2022_REG_06_JAX_IND_20221016,2022,6,REG,65749.0,,,,0.5,0.4,True,False,True,False,False,False,False,False,False,6,10,9.0,6.0,,False,0.5294117647058824,0.1764705882352941,False,False
2022_REG_06_MIN_MIA_20221016,2022,6,REG,66100.0,77.5,0.028,11.0,0.6,0.8,True,False,False,False,False,False,False,False,False,6,10,6.0,6.0,WMO_51|PRECIP,False,0.5294117647058824,0.4705882352941176,False,False
2022_REG_06_NE_CLE_20221016,2022,6,REG,67431.0,51.7,0.0,12.4,0.4,0.4,True,False,False,False,False,False,False,False,False,6,10,6.0,6.0,WMO_3,False,0.4705882352941176,0.5555555555555556,False,False
2022_REG_06_NYJ_GB_20221016,2022,6,REG,78343.0,43.9,0.063,11.7,0.6,0.6,True,False,False,False,False,False,False,False,False,6,10,6.0,6.0,WMO_55|PRECIP,False,0.7222222222222222,0.2352941176470588,False,False
2022_REG_06_SF_ATL_20221016,2022,6,REG,69813.0,,,,0.4,0.6,True,False,True,False,False,False,False,False,False,6,10,6.0,6.0,,False,0.4117647058823529,0.6,False,False
2022_REG_06_TB_PIT_20221016,2022,6,REG,67307.0,51.0,0.0,10.0,0.2,0.6,True,False,False,False,False,False,False,False,False,6,10,6.0,6.0,WMO_3,False,0.5277777777777778,0.7368421052631579,False,False
2022_REG_06_WSH_CHI_20221013,2022,6,REG,61873.0,49.2,0.024,26.3,0.4,0.2,False,False,False,False,False,False,False,False,False,6,10,3.0,3.0,WMO_51|PRECIP|WINDY,True,0.3529411764705882,0.4117647058823529,False,False
2022_REG_07_ATL_CIN_20221023,2022,7,REG,66158.0,64.5,0.0,9.3,0.5,0.5,True,False,False,False,False,False,False,False,False,7,10,6.0,6.0,WMO_3,False,0.6190476190476191,0.4117647058823529,False,False
2022_REG_07_CHI_NE_20221024,2022,7,REG,65878.0,54.8,0.287,9.8,0.5,0.3333333333333333,False,False,False,False,False,False,False,False,False,7,10,7.0,10.0,WMO_63|PRECIP,False,0.5555555555555556,0.3529411764705882,False,False
2022_REG_07_CLE_BAL_20221023,2022,7,REG,70461.0,53.3,0.083,9.0,0.5,0.3333333333333333,True,False,False,False,False,False,False,False,False,7,10,6.0,6.0,WMO_53|PRECIP,False,0.4705882352941176,0.4705882352941176,False,False
2022_REG_07_DET_DAL_20221023,2022,7,REG,93487.0,,,,0.6666666666666666,0.2,True,False,True,False,False,False,False,False,False,7,10,6.0,13.0,,False,0.6666666666666666,0.2058823529411764,False,False
2022_REG_07_GB_WSH_20221023,2022,7,REG,60427.0,53.2,0.146,8.6,0.3333333333333333,0.5,True,False,False,False,False,False,False,False,False,7,10,9.0,6.0,WMO_61|PRECIP,False,0.4117647058823529,0.7222222222222222,False,False
2022_REG_07_HOU_LV_20221023,2022,7,REG,61228.0,,,,0.2,0.3,True,False,True,False,False,False,False,False,False,7,10,12.0,13.0,,False,0.5555555555555556,0.2352941176470588,False,False
2022_REG_07_IND_TEN_20221023,2022,7,REG,69459.0,65.9,0.0,11.2,0.6,0.5833333333333334,True,False,False,False,False,False,False,False,False,7,10,13.0,6.0,WMO_3,False,0.6666666666666666,0.5294117647058824,False,False
2022_REG_07_KC_SF_20221023,2022,7,REG,71746.0,58.3,0.0,15.4,0.5,0.6666666666666666,True,False,False,False,False,False,False,False,False,7,10,6.0,6.0,WMO_2,False,0.6,0.7,False,False
2022_REG_07_NO_ARI_20221020,2022,7,REG,63290.0,,,,0.3333333333333333,0.3333333333333333,False,False,True,False,False,False,False,False,False,7,10,3.0,3.0,,False,0.6111111111111112,0.5294117647058824,False,False
2022_REG_07_NYG_JAX_20221023,2022,7,REG,65664.0,62.8,0.0,10.7,0.3333333333333333,0.8333333333333334,True,False,False,False,False,False,False,False,False,7,10,6.0,6.0,WMO_1,False,0.1764705882352941,0.2352941176470588,False,False
2022_REG_07_NYJ_DEN_20221023,2022,7,REG,76624.0,58.1,0.0,19.4,0.3333333333333333,0.6666666666666666,True,False,False,False,False,False,False,False,False,7,10,5.0,6.0,WMO_3,False,0.4117647058823529,0.2352941176470588,False,False
2022_REG_07_PIT_MIA_20221023,2022,7,REG,66224.0,71.9,0.004,10.8,0.5,0.3333333333333333,True,False,False,False,False,False,False,False,False,7,10,6.0,6.0,WMO_51|PRECIP,False,0.5294117647058824,0.5277777777777778,False,False
2022_REG_07_SEA_LAC_20221023,2022,7,REG,70240.0,,,,0.6666666666666666,0.5,True,False,True,False,False,False,False,False,False,7,10,5.0,6.0,,False,0.5294117647058824,0.4117647058823529,False,False
2022_REG_07_TB_CAR_20221023,2022,7,REG,71941.0,56.4,0.0,6.6,0.1666666666666666,0.5,True,False,False,False,False,False,False,False,False,7,10,6.0,6.0,WMO_3,False,0.2941176470588235,0.7368421052631579,False,False
2022_REG_08_ARI_MIN_20221030,2022,8,REG,66742.0,,,,0.8333333333333334,0.4285714285714285,True,False,True,False,False,False,False,False,False,8,10,13.0,9.0,,False,0.4705882352941176,0.6111111111111112,False,False
2022_REG_08_BAL_TB_20221027,2022,8,REG,68912.0,75.0,0.079,7.2,0.4285714285714285,0.5714285714285714,False,False,False,False,False,False,False,False,False,8,10,3.0,3.0,WMO_53|PRECIP,False,0.7368421052631579,0.4705882352941176,False,False
2022_REG_08_CAR_ATL_20221030,2022,8,REG,68996.0,,,,0.4285714285714285,0.2857142857142857,True,False,True,False,False,False,False,False,False,8,10,6.0,6.0,,False,0.4117647058823529,0.2941176470588235,False,False
2022_REG_08_CHI_DAL_20221030,2022,8,REG,93767.0,,,,0.7142857142857143,0.4285714285714285,True,False,True,False,False,False,False,False,False,8,10,6.0,5.0,,False,0.6666666666666666,0.3529411764705882,False,False
2022_REG_08_CIN_CLE_20221031,2022,8,REG,67431.0,58.9,0.228,14.7,0.2857142857142857,0.5714285714285714,False,False,False,False,False,False,False,False,False,8,10,7.0,7.0,WMO_63|PRECIP,False,0.4705882352941176,0.6190476190476191,False,False
2022_REG_08_DEN_JAX_20221030,2022,8,REG,86215.0,57.0,0.043,14.5,0.2857142857142857,0.2857142857142857,True,False,False,False,False,False,False,False,False,8,10,6.0,6.0,WMO_53|PRECIP,False,0.1764705882352941,0.4117647058823529,False,False
2022_REG_08_GB_BUF_20221030,2022,8,REG,70863.0,49.3,0.0,9.6,0.8333333333333334,0.4285714285714285,True,False,False,False,False,False,False,False,False,8,10,13.0,6.0,WMO_3,False,0.631578947368421,0.7222222222222222,False,False
2022_REG_08_LV_NO_20221030,2022,8,REG,70009.0,,,,0.2857142857142857,0.3333333333333333,True,False,True,False,False,False,False,False,False,8,10,9.0,6.0,,False,0.5294117647058824,0.5555555555555556,False,False
2022_REG_08_MIA_DET_20221030,2022,8,REG,61447.0,,,,0.1666666666666666,0.5714285714285714,True,False,True,False,False,False,False,False,False,8,10,6.0,6.0,,False,0.2058823529411764,0.5294117647058824,False,False
2022_REG_08_NE_NYJ_20221030,2022,8,REG,82823.0,48.9,0.0,5.9,0.7142857142857143,0.4285714285714285,True,False,False,False,False,False,False,False,False,8,10,6.0,5.0,WMO_3,False,0.2352941176470588,0.5555555555555556,False,False
2022_REG_08_NYG_SEA_20221030,2022,8,REG,68921.0,52.3,0.146,18.8,0.5714285714285714,0.8571428571428571,True,False,False,False,False,False,False,False,False,8,10,6.0,6.0,WMO_61|PRECIP,False,0.4117647058823529,0.2352941176470588,False,False
2022_REG_08_PIT_PHI_20221030,2022,8,REG,69879.0,50.3,0.0,6.3,1.0,0.2857142857142857,True,False,False,False,False,False,False,False,False,8,10,13.0,6.0,WMO_3,False,0.5,0.5277777777777778,False,False
2022_REG_08_SF_LAR_20221030,2022,8,REG,73505.0,,,,0.5,0.4285714285714285,True,False,True,False,False,False,False,False,False,8,10,13.0,6.0,,False,0.7619047619047619,0.6,False,False
2022_REG_08_TEN_HOU_20221030,2022,8,REG,68467.0,,,,0.25,0.6666666666666666,True,False,True,False,False,False,False,False,False,8,10,6.0,6.0,,False,0.2352941176470588,0.6666666666666666,False,False
2022_REG_08_WSH_IND_20221030,2022,8,REG,65515.0,,,,0.5,0.4285714285714285,True,False,True,False,False,False,False,False,False,8,10,6.0,6.0,,False,0.5294117647058824,0.4117647058823529,False,False
2022_REG_09_BAL_NO_20221107,2022,9,REG,70010.0,,,,0.375,0.625,False,False,True,False,False,False,False,False,False,9,11,7.0,10.0,,False,0.5294117647058824,0.4705882352941176,False,False
2022_REG_09_BUF_NYJ_20221106,2022,9,REG,83135.0,67.5,0.122,13.7,0.625,0.8571428571428571,True,False,False,False,False,False,False,False,False,9,11,6.0,6.0,WMO_63|PRECIP,False,0.2352941176470588,0.631578947368421,False,False
2022_REG_09_CAR_CIN_20221106,2022,9,REG,66160.0,63.0,0.02,15.4,0.5,0.25,True,False,False,False,False,False,False,False,False,9,11,5.0,6.0,WMO_51|PRECIP,False,0.6190476190476191,0.2941176470588235,False,False
2022_REG_09_GB_DET_20221106,2022,9,REG,63379.0,,,,0.1428571428571428,0.375,True,False,True,False,False,False,False,False,False,9,11,6.0,6.0,,False,0.2058823529411764,0.7222222222222222,False,False
2022_REG_09_IND_NE_20221106,2022,9,REG,65878.0,67.7,0.0,15.0,0.5,0.4375,True,False,False,False,False,False,False,False,False,9,11,6.0,6.0,WMO_3,False,0.5555555555555556,0.5294117647058824,False,False
2022_REG_09_LAC_ATL_20221106,2022,9,REG,69299.0,,,,0.5,0.5714285714285714,True,False,True,False,False,False,False,False,False,9,11,6.0,13.0,,False,0.4117647058823529,0.5294117647058824,False,False
2022_REG_09_LAR_TB_20221106,2022,9,REG,69019.0,76.5,0.031,14.4,0.375,0.4285714285714285,True,False,False,False,False,False,False,False,False,9,11,9.0,6.0,WMO_51|PRECIP,False,0.7368421052631579,0.7619047619047619,False,False
2022_REG_09_LV_JAX_20221106,2022,9,REG,62758.0,74.5,0.102,11.9,0.25,0.2857142857142857,True,False,False,False,False,False,False,False,False,9,11,6.0,6.0,WMO_53|PRECIP,False,0.1764705882352941,0.5555555555555556,False,False
2022_REG_09_MIA_CHI_20221106,2022,9,REG,62377.0,50.4,0.0,23.3,0.375,0.625,True,False,False,False,False,False,False,False,False,9,11,6.0,6.0,WMO_3|WINDY,True,0.3529411764705882,0.5294117647058824,False,False
2022_REG_09_MIN_WSH_20221106,2022,9,REG,58651.0,68.9,0.61,12.8,0.5,0.8571428571428571,True,False,False,False,False,False,False,False,False,9,11,6.0,6.0,WMO_63|PRECIP,True,0.4117647058823529,0.4705882352941176,False,False
2022_REG_09_PHI_HOU_20221103,2022,9,REG,68831.0,,,,0.2142857142857142,1.0,False,False,True,False,False,False,False,False,False,9,11,3.0,3.0,,False,0.2352941176470588,0.5,False,False
2022_REG_09_SEA_ARI_20221106,2022,9,REG,63982.0,,,,0.375,0.625,True,False,True,False,False,False,False,False,False,9,11,6.0,6.0,,False,0.6111111111111112,0.4117647058823529,False,False
2022_REG_09_TEN_KC_20221106,2022,9,REG,73475.0,53.1,0.0,15.0,0.7142857142857143,0.7142857142857143,True,False,False,False,False,False,False,False,False,9,11,13.0,6.0,WMO_3,False,0.7,0.6666666666666666,False,False
2022_REG_10_ARI_LAR_20221113,2022,10,REG,71752.0,,,,0.375,0.3333333333333333,True,False,True,False,False,False,False,False,False,10,11,6.0,6.0,,False,0.7619047619047619,0.6111111111111112,False,False
2022_REG_10_ATL_CAR_20221110,2022,10,REG,72029.0,56.2,0.244,15.6,0.2222222222222222,0.4444444444444444,False,False,False,False,False,False,False,False,False,10,11,3.0,3.0,WMO_61|PRECIP,False,0.2941176470588235,0.4117647058823529,False,False
2022_REG_10_CLE_MIA_20221113,2022,10,REG,66563.0,73.7,0.268,5.7,0.6666666666666666,0.375,True,False,False,False,False,False,False,False,False,10,11,6.0,12.0,WMO_63|PRECIP,False,0.5294117647058824,0.4705882352941176,False,False
2022_REG_10_DAL_GB_20221113,2022,10,REG,78433.0,29.7,0.0,9.4,0.3333333333333333,0.75,True,False,False,False,False,False,False,False,False,10,11,6.0,13.0,WMO_3,False,0.7222222222222222,0.6666666666666666,False,False
2022_REG_10_DEN_TEN_20221113,2022,10,REG,69240.0,34.6,0.0,9.8,0.625,0.375,True,False,False,False,False,False,False,False,False,10,11,6.0,13.0,WMO_3,False,0.6666666666666666,0.4117647058823529,False,False
2022_REG_10_DET_CHI_20221113,2022,10,REG,61817.0,32.7,0.0,13.3,0.3333333333333333,0.25,True,False,False,False,False,False,False,False,False,10,11,6.0,6.0,WMO_3,False,0.3529411764705882,0.2058823529411764,False,False
2022_REG_10_HOU_NYG_20221113,2022,10,REG,71615.0,53.1,0.138,16.3,0.75,0.1875,True,False,False,False,False,False,False,False,False,10,11,13.0,9.0,WMO_61|PRECIP,False,0.2352941176470588,0.2352941176470588,False,False
2022_REG_10_IND_LV_20221113,2022,10,REG,62197.0,,,,0.25,0.3888888888888889,True,False,True,False,False,False,False,False,False,10,11,6.0,6.0,,False,0.5555555555555556,0.5294117647058824,False,False
2022_REG_10_JAX_KC_20221113,2022,10,REG,73493.0,27.7,0.0,7.5,0.75,0.3333333333333333,True,False,False,False,False,False,False,False,False,10,11,6.0,6.0,WMO_3,False,0.7,0.1764705882352941,False,False
2022_REG_10_LAC_SF_20221113,2022,10,REG,71709.0,50.9,0.0,9.2,0.5,0.625,True,False,False,False,False,False,False,False,False,10,11,13.0,6.0,WMO_3,False,0.6,0.5294117647058824,False,False
2022_REG_10_MIN_BUF_20221113,2022,10,REG,70844.0,38.2,0.28,13.2,0.75,0.875,True,False,False,False,False,False,False,False,False,10,11,6.0,6.0,WMO_75|SNOW,True,0.631578947368421,0.4705882352941176,False,False
2022_REG_10_NO_PIT_20221113,2022,10,REG,66544.0,37.3,0.004,13.2,0.25,0.3333333333333333,True,False,False,False,False,False,False,False,False,10,11,13.0,5.0,WMO_51|PRECIP,False,0.5277777777777778,0.5294117647058824,False,False
2022_REG_10_SEA_TB_20221113,2022,10,REG,69811.0,41.9,0.0,7.6,0.4444444444444444,0.6666666666666666,True,False,False,False,False,False,False,False,False,10,11,6.0,6.0,WMO_3,False,0.7368421052631579,0.4117647058823529,False,False
2022_REG_10_WSH_PHI_20221114,2022,10,REG,69879.0,41.1,0.0,11.9,1.0,0.4444444444444444,False,False,False,False,False,False,False,False,False,10,11,10.0,7.0,WMO_0,False,0.5,0.4117647058823529,False,False
2022_REG_11_CAR_BAL_20221120,2022,11,REG,70677.0,32.7,0.0,15.3,0.6666666666666666,0.3,True,False,False,False,False,False,False,False,False,11,11,12.0,9.0,WMO_1,False,0.4705882352941176,0.2941176470588235,False,False
2022_REG_11_CHI_ATL_20221120,2022,11,REG,69757.0,,,,0.4,0.3,True,False,True,False,False,False,False,False,False,11,11,9.0,6.0,,False,0.4117647058823529,0.3529411764705882,False,False
2022_REG_11_CIN_PIT_20221120,2022,11,REG,66401.0,25.4,0.0,15.3,0.3333333333333333,0.5555555555555556,True,False,False,False,False,False,False,False,False,11,11,6.0,13.0,WMO_3,False,0.5277777777777778,0.6190476190476191,False,False
2022_REG_11_CLE_BUF_20221120,2022,11,REG,52146.0,,,,0.6666666666666666,0.3333333333333333,True,False,True,False,False,False,False,False,False,11,11,6.0,6.0,,False,0.631578947368421,0.4705882352941176,False,False
2022_REG_11_DAL_MIN_20221120,2022,11,REG,65304.0,,,,0.8888888888888888,0.6666666666666666,True,False,True,False,False,False,False,False,False,11,11,6.0,6.0,,False,0.4705882352941176,0.6666666666666666,False,False
2022_REG_11_DET_NYG_20221120,2022,11,REG,76267.0,34.0,0.008,20.4,0.7777777777777778,0.3333333333333333,True,False,False,False,False,False,False,False,False,11,11,6.0,6.0,WMO_71|SNOW|WINDY,True,0.2352941176470588,0.2058823529411764,False,False
2022_REG_11_KC_LAC_20221120,2022,11,REG,70240.0,,,,0.5555555555555556,0.7777777777777778,True,False,True,False,False,False,False,False,False,11,11,6.0,6.0,,False,0.5294117647058824,0.7,False,False
2022_REG_11_LAR_NO_20221120,2022,11,REG,70025.0,,,,0.3,0.3333333333333333,True,False,True,False,False,False,False,False,False,11,11,6.0,6.0,,False,0.5294117647058824,0.7619047619047619,False,False
2022_REG_11_LV_DEN_20221120,2022,11,REG,76056.0,30.0,0.0,6.3,0.3333333333333333,0.2222222222222222,True,False,False,False,False,False,False,False,False,11,11,6.0,6.0,WMO_0,False,0.4117647058823529,0.5555555555555556,False,False
2022_REG_11_NYJ_NE_20221120,2022,11,REG,65878.0,31.7,0.0,18.5,0.5555555555555556,0.6666666666666666,True,False,False,False,False,False,False,False,False,11,11,13.0,13.0,WMO_3,True,0.5555555555555556,0.2352941176470588,False,False
2022_REG_11_PHI_IND_20221120,2022,11,REG,66241.0,,,,0.45,0.8888888888888888,True,False,True,False,False,False,False,False,False,11,11,6.0,5.0,,False,0.5294117647058824,0.5,False,False
2022_REG_11_SF_ARI_20221121,2022,11,REG,78427.0,57.1,0.315,7.6,0.4,0.5555555555555556,False,False,False,False,False,False,False,False,False,11,11,7.0,7.0,WMO_63|PRECIP,False,0.6111111111111112,0.6,False,False
2022_REG_11_TEN_GB_20221117,2022,11,REG,77506.0,27.0,0.028,12.6,0.4,0.6666666666666666,False,False,False,False,False,False,False,False,False,11,11,3.0,3.0,WMO_73|SNOW,True,0.7222222222222222,0.6666666666666666,False,False
2022_REG_11_WSH_HOU_20221120,2022,11,REG,65865.0,,,,0.1666666666666666,0.5,True,False,True,False,False,False,False,False,False,11,11,6.0,5.0,,False,0.2352941176470588,0.4117647058823529,False,False
2022_REG_12_ATL_WSH_20221127,2022,12,REG,53864.0,50.4,0.28,15.9,0.5454545454545454,0.4545454545454545,True,False,False,False,False,False,False,False,False,12,11,6.0,6.0,WMO_61|PRECIP,False,0.4117647058823529,0.4117647058823529,False,False
2022_REG_12_BAL_JAX_20221127,2022,12,REG,59560.0,71.3,0.031,18.6,0.3,0.7,True,False,False,False,False,False,False,False,False,12,11,13.0,6.0,WMO_51|PRECIP,False,0.1764705882352941,0.4705882352941176,False,False
2022_REG_12_BUF_DET_20221124,2022,12,REG,66553.0,,,,0.4,0.7,False,True,True,False,False,False,False,False,False,12,11,3.0,3.0,,False,0.2058823529411764,0.631578947368421,False,False
2022_REG_12_CHI_NYJ_20221127,2022,12,REG,77963.0,46.8,0.299,15.8,0.6,0.2727272727272727,True,False,False,False,False,False,False,False,False,12,11,6.0,6.0,WMO_63|PRECIP,False,0.2352941176470588,0.3529411764705882,False,False
2022_REG_12_CIN_TEN_20221127,2022,12,REG,69441.0,56.1,0.803,17.8,0.7,0.6,True,False,False,False,False,False,False,False,False,12,11,9.0,6.0,WMO_65|PRECIP,True,0.6666666666666666,0.6190476190476191,False,False
2022_REG_12_DEN_CAR_20221127,2022,12,REG,70644.0,57.9,0.563,19.3,0.2727272727272727,0.3,True,False,False,False,False,False,False,False,False,12,11,6.0,6.0,WMO_63|PRECIP,True,0.2941176470588235,0.4117647058823529,False,False
2022_REG_12_GB_PHI_20221127,2022,12,REG,69879.0,47.0,0.358,15.7,0.9,0.3636363636363636,True,False,False,False,False,False,False,False,False,12,11,6.0,9.0,WMO_63|PRECIP,False,0.5,0.7222222222222222,False,False
2022_REG_12_HOU_MIA_20221127,2022,12,REG,66205.0,76.8,0.087,8.2,0.7,0.15,True,False,False,False,False,False,False,False,False,12,11,13.0,6.0,WMO_53|PRECIP,False,0.5294117647058824,0.2352941176470588,False,False
2022_REG_12_LAC_ARI_20221127,2022,12,REG,63628.0,,,,0.3636363636363636,0.5,True,False,True,False,False,False,False,False,False,12,11,5.0,6.0,,False,0.6111111111111112,0.5294117647058824,False,False
2022_REG_12_LAR_KC_20221127,2022,12,REG,73557.0,44.0,0.988,13.2,0.8,0.3,True,False,False,False,False,False,False,False,False,12,11,6.0,6.0,WMO_63|PRECIP,True,0.7,0.7619047619047619,False,False
2022_REG_12_LV_SEA_20221127,2022,12,REG,68849.0,44.5,0.256,25.8,0.6,0.3,True,False,False,False,False,False,False,False,False,12,11,13.0,6.0,WMO_61|PRECIP|WINDY,True,0.4117647058823529,0.5555555555555556,False,False
2022_REG_12_NE_MIN_20221124,2022,12,REG,66918.0,,,,0.8,0.6,False,True,True,False,False,False,False,False,False,12,11,3.0,3.0,,False,0.4705882352941176,0.5555555555555556,False,False
2022_REG_12_NO_SF_20221127,2022,12,REG,71275.0,52.7,0.0,8.5,0.6,0.3636363636363636,True,False,False,False,False,False,False,False,False,12,11,5.0,6.0,WMO_3,False,0.6,0.5294117647058824,False,False
2022_REG_12_NYG_DAL_20221124,2022,12,REG,93568.0,,,,0.7,0.7,False,True,True,False,False,False,False,False,False,12,11,3.0,3.0,,False,0.6666666666666666,0.2352941176470588,False,False
2022_REG_12_PIT_IND_20221128,2022,12,REG,65982.0,,,,0.4090909090909091,0.3,False,False,True,False,False,False,False,False,False,12,11,7.0,7.0,,False,0.5294117647058824,0.5277777777777778,False,False
2022_REG_12_TB_CLE_20221127,2022,12,REG,67431.0,47.4,0.39,17.9,0.3,0.5,True,False,False,False,False,False,False,False,False,12,11,6.0,13.0,WMO_63|PRECIP,False,0.4705882352941176,0.7368421052631579,False,False
2022_REG_13_BUF_NE_20221201,2022,13,REG,65878.0,40.0,0.583,19.6,0.5454545454545454,0.7272727272727273,False,False,False,False,False,False,False,False,False,13,12,6.0,6.0,WMO_63|PRECIP,True,0.5555555555555556,0.631578947368421,False,False
2022_REG_13_CLE_HOU_20221204,2022,13,REG,66523.0,,,,0.1363636363636363,0.3636363636363636,True,False,True,False,False,False,False,False,False,13,12,6.0,6.0,,False,0.2352941176470588,0.4705882352941176,False,False
2022_REG_13_DEN_BAL_20221204,2022,13,REG,70443.0,40.7,0.0,12.5,0.6363636363636364,0.2727272727272727,True,False,False,False,False,False,False,False,False,13,12,6.0,6.0,WMO_3,False,0.4705882352941176,0.4117647058823529,False,False
2022_REG_13_GB_CHI_20221204,2022,13,REG,61233.0,27.0,0.0,15.4,0.25,0.3333333333333333,True,False,False,False,False,False,False,False,False,13,12,6.0,6.0,WMO_1,False,0.3529411764705882,0.7222222222222222,False,False
2022_REG_13_IND_DAL_20221204,2022,13,REG,93086.0,,,,0.7272727272727273,0.375,True,False,True,False,False,False,False,False,False,13,12,9.0,5.0,,False,0.6666666666666666,0.5294117647058824,False,False
2022_REG_13_JAX_DET_20221204,2022,13,REG,60743.0,,,,0.3636363636363636,0.3636363636363636,True,False,True,False,False,False,False,False,False,13,12,9.0,6.0,,False,0.2058823529411764,0.1764705882352941,False,False
2022_REG_13_KC_CIN_20221204,2022,13,REG,66243.0,30.0,0.0,6.5,0.6363636363636364,0.8181818181818182,True,False,False,False,False,False,False,False,False,13,12,6.0,6.0,WMO_3,False,0.6190476190476191,0.7,False,False
2022_REG_13_LAC_LV_20221204,2022,13,REG,62123.0,,,,0.3636363636363636,0.5454545454545454,True,False,True,False,False,False,False,False,False,13,12,6.0,6.0,,False,0.5555555555555556,0.5294117647058824,False,False
2022_REG_13_MIA_SF_20221204,2022,13,REG,71732.0,51.6,0.331,9.2,0.6363636363636364,0.7272727272727273,True,False,False,False,False,False,False,False,False,13,12,6.0,6.0,WMO_55|PRECIP,False,0.6,0.5294117647058824,False,False
2022_REG_13_NO_TB_20221205,2022,13,REG,68709.0,68.1,0.0,6.0,0.4545454545454545,0.3333333333333333,False,False,False,False,False,False,False,False,False,13,12,7.0,7.0,WMO_3,False,0.7368421052631579,0.5294117647058824,False,False
2022_REG_13_NYJ_MIN_20221204,2022,13,REG,66973.0,,,,0.8181818181818182,0.6363636363636364,True,False,True,False,False,False,False,False,False,13,12,9.0,6.0,,False,0.4705882352941176,0.2352941176470588,False,False
2022_REG_13_PIT_ATL_20221204,2022,13,REG,70325.0,,,,0.4166666666666667,0.3636363636363636,True,False,True,False,False,False,False,False,False,13,12,6.0,5.0,,False,0.4117647058823529,0.5277777777777778,False,False
2022_REG_13_SEA_LAR_20221204,2022,13,REG,71802.0,,,,0.2727272727272727,0.5454545454545454,True,False,True,False,False,False,False,False,False,13,12,6.0,6.0,,False,0.7619047619047619,0.4117647058823529,False,False
2022_REG_13_TEN_PHI_20221204,2022,13,REG,69879.0,41.6,0.004,16.9,0.9090909090909092,0.6363636363636364,True,False,False,False,False,False,False,False,False,13,12,6.0,6.0,WMO_51|PRECIP,False,0.5,0.6666666666666666,False,False
2022_REG_13_WSH_NYG_20221204,2022,13,REG,76128.0,41.3,0.004,16.3,0.6363636363636364,0.5833333333333334,True,False,False,False,False,False,False,False,False,13,12,9.0,6.0,WMO_51|PRECIP,False,0.2352941176470588,0.4117647058823529,False,False
2022_REG_14_BAL_PIT_20221211,2022,14,REG,66326.0,41.0,0.035,9.4,0.4166666666666667,0.6666666666666666,True,False,False,False,False,False,False,False,False,14,12,6.0,6.0,WMO_51|PRECIP,False,0.5277777777777778,0.4705882352941176,False,False
2022_REG_14_CAR_SEA_20221211,2022,14,REG,68672.0,42.5,0.087,9.8,0.5833333333333334,0.3333333333333333,True,False,False,False,False,False,False,False,False,14,12,6.0,13.0,WMO_53|PRECIP,False,0.4117647058823529,0.2941176470588235,False,False
2022_REG_14_CLE_CIN_20221211,2022,14,REG,66222.0,43.9,0.0,7.7,0.6666666666666666,0.4166666666666667,True,False,False,False,False,False,False,False,False,14,12,6.0,6.0,WMO_3,False,0.6190476190476191,0.4705882352941176,False,False
2022_REG_14_HOU_DAL_20221211,2022,14,REG,93843.0,,,,0.75,0.125,True,False,True,False,False,False,False,False,False,14,12,6.0,6.0,,False,0.6666666666666666,0.2352941176470588,False,False
2022_REG_14_JAX_TEN_20221211,2022,14,REG,68409.0,50.5,0.004,8.9,0.5833333333333334,0.3333333333333333,True,False,False,False,False,False,False,False,False,14,12,6.0,6.0,WMO_51|PRECIP,False,0.6666666666666666,0.1764705882352941,False,False
2022_REG_14_KC_DEN_20221211,2022,14,REG,76072.0,36.6,0.0,13.2,0.25,0.75,True,False,False,False,False,False,False,False,False,14,12,6.0,6.0,WMO_3,False,0.4117647058823529,0.7,False,False
2022_REG_14_LV_LAR_20221208,2022,14,REG,74738.0,,,,0.25,0.4166666666666667,False,False,True,False,False,False,False,False,False,14,12,3.0,3.0,,False,0.7619047619047619,0.5555555555555556,False,False
2022_REG_14_MIA_LAC_20221211,2022,14,REG,70240.0,,,,0.5,0.6666666666666666,True,False,True,False,False,False,False,False,False,14,12,6.0,6.0,,False,0.5294117647058824,0.5294117647058824,False,False
2022_REG_14_MIN_DET_20221211,2022,14,REG,66374.0,,,,0.4166666666666667,0.8333333333333334,True,False,True,False,False,False,False,False,False,14,12,6.0,6.0,,False,0.2058823529411764,0.4705882352941176,False,False
2022_REG_14_NE_ARI_20221212,2022,14,REG,63251.0,,,,0.3333333333333333,0.5,False,False,True,False,False,False,False,False,False,14,12,14.0,10.0,,False,0.6111111111111112,0.5555555555555556,False,False
2022_REG_14_NYJ_BUF_20221211,2022,14,REG,70603.0,35.6,0.217,13.8,0.75,0.5833333333333334,True,False,False,False,False,False,False,False,False,14,12,9.0,6.0,WMO_73|SNOW,True,0.631578947368421,0.2352941176470588,False,False
2022_REG_14_PHI_NYG_20221211,2022,14,REG,81506.0,37.4,0.173,11.2,0.625,0.9166666666666666,True,False,False,False,False,False,False,False,False,14,12,6.0,6.0,WMO_71|SNOW,True,0.2352941176470588,0.5,False,False
2022_REG_14_TB_SF_20221211,2022,14,REG,71725.0,49.9,1.016,9.2,0.6666666666666666,0.5,True,False,False,False,False,False,False,False,False,14,12,6.0,5.0,WMO_63|PRECIP,True,0.6,0.7368421052631579,False,False
2022_REG_15_ARI_DEN_20221218,2022,15,REG,75179.0,25.4,0.0,8.2,0.2307692307692307,0.3076923076923077,True,False,False,False,False,False,False,False,False,15,12,6.0,5.0,WMO_3,False,0.4117647058823529,0.6111111111111112,False,False
2022_REG_15_ATL_NO_20221218,2022,15,REG,70041.0,,,,0.3076923076923077,0.3846153846153846,True,False,True,False,False,False,False,False,False,15,12,12.0,13.0,,False,0.5294117647058824,0.4117647058823529,False,False
2022_REG_15_BAL_CLE_20221217,2022,15,REG,67431.0,31.5,0.02,15.5,0.3846153846153846,0.6923076923076923,True,False,False,False,False,False,False,False,False,15,12,5.0,5.0,WMO_73|SNOW,True,0.4705882352941176,0.4705882352941176,False,False
2022_REG_15_CIN_TB_20221218,2022,15,REG,69305.0,60.8,0.091,12.3,0.4615384615384615,0.6923076923076923,True,False,False,False,False,False,False,False,False,15,12,6.0,6.0,WMO_61|PRECIP,False,0.7368421052631579,0.6190476190476191,False,False
2022_REG_15_DAL_JAX_20221218,2022,15,REG,69050.0,51.9,0.0,11.2,0.3846153846153846,0.7692307692307693,True,False,False,False,False,False,False,False,False,15,12,6.0,6.0,WMO_3,False,0.1764705882352941,0.6666666666666666,False,False
2022_REG_15_DET_NYJ_20221218,2022,15,REG,75076.0,33.8,0.0,13.5,0.5384615384615384,0.4615384615384615,True,False,False,False,False,False,False,False,False,15,12,6.0,6.0,WMO_3,False,0.2352941176470588,0.2058823529411764,False,False
2022_REG_15_IND_MIN_20221217,2022,15,REG,66801.0,,,,0.7692307692307693,0.3461538461538461,True,False,True,False,False,False,False,False,False,15,12,5.0,12.0,,False,0.4705882352941176,0.5294117647058824,False,False
2022_REG_15_KC_HOU_20221218,2022,15,REG,70541.0,,,,0.1153846153846153,0.7692307692307693,True,False,True,False,False,False,False,False,False,15,12,6.0,6.0,,False,0.2352941176470588,0.7,False,False
2022_REG_15_LAR_GB_20221219,2022,15,REG,77269.0,8.3,0.0,9.8,0.3846153846153846,0.3076923076923077,False,False,False,False,False,False,False,False,False,15,12,14.0,10.0,WMO_3,True,0.7222222222222222,0.7619047619047619,False,False
2022_REG_15_MIA_BUF_20221217,2022,15,REG,70794.0,32.1,0.358,17.0,0.7692307692307693,0.6153846153846154,True,False,False,False,False,False,False,False,False,15,12,5.0,5.0,WMO_75|SNOW,True,0.631578947368421,0.5294117647058824,False,False
2022_REG_15_NE_LV_20221218,2022,15,REG,62273.0,,,,0.3846153846153846,0.5384615384615384,True,False,True,False,False,False,False,False,False,15,12,9.0,5.0,,False,0.5555555555555556,0.5555555555555556,False,False
2022_REG_15_NYG_WSH_20221218,2022,15,REG,61917.0,35.0,0.0,14.4,0.5769230769230769,0.5769230769230769,True,False,False,False,False,False,False,False,False,15,12,13.0,6.0,WMO_3,False,0.4117647058823529,0.2352941176470588,False,False
2022_REG_15_PHI_CHI_20221218,2022,15,REG,48423.0,21.0,0.0,17.7,0.2307692307692307,0.9230769230769232,True,False,False,False,False,False,False,False,False,15,12,13.0,6.0,WMO_3,False,0.3529411764705882,0.5,False,False
2022_REG_15_PIT_CAR_20221218,2022,15,REG,73548.0,38.1,0.0,10.8,0.3846153846153846,0.3846153846153846,True,False,False,False,False,False,False,False,False,15,12,6.0,6.0,WMO_0,False,0.2941176470588235,0.5277777777777778,False,False
2022_REG_15_SF_SEA_20221215,2022,15,REG,68957.0,37.6,0.0,8.4,0.5384615384615384,0.6923076923076923,False,False,False,False,False,False,False,False,False,15,12,3.0,3.0,WMO_3,False,0.4117647058823529,0.6,False,False
2022_REG_15_TEN_LAC_20221218,2022,15,REG,70240.0,,,,0.5384615384615384,0.5384615384615384,True,False,True,False,False,False,False,False,False,15,12,6.0,6.0,,False,0.5294117647058824,0.6666666666666666,False,False
2022_REG_16_ATL_BAL_20221224,2022,16,REG,70467.0,11.8,0.0,19.7,0.6428571428571429,0.3571428571428571,True,False,False,False,False,False,False,False,False,16,12,6.0,5.0,WMO_3,True,0.4705882352941176,0.4117647058823529,False,False
2022_REG_16_BUF_CHI_20221224,2022,16,REG,59929.0,4.0,0.008,26.9,0.2142857142857142,0.7857142857142857,True,False,False,False,False,False,False,False,False,16,12,5.0,6.0,WMO_71|SNOW|WINDY,True,0.3529411764705882,0.631578947368421,False,False
2022_REG_16_CIN_NE_20221224,2022,16,REG,65878.0,16.2,0.0,21.7,0.5,0.7142857142857143,True,False,False,False,False,False,False,False,False,16,12,5.0,5.0,WMO_3|WINDY,True,0.5555555555555556,0.6190476190476191,False,False
2022_REG_16_DEN_LAR_20221225,2022,16,REG,71525.0,,,,0.2857142857142857,0.2857142857142857,True,False,True,True,False,True,False,False,False,16,12,5.0,6.0,,False,0.7619047619047619,0.4117647058823529,False,False
2022_REG_16_DET_CAR_20221224,2022,16,REG,69173.0,17.8,0.0,14.3,0.3571428571428571,0.5,True,False,False,False,False,False,False,False,False,16,12,5.0,5.0,WMO_1,True,0.2941176470588235,0.2058823529411764,False,False
2022_REG_16_GB_MIA_20221225,2022,16,REG,66328.0,45.8,0.232,10.9,0.5714285714285714,0.4285714285714285,True,False,False,True,False,True,False,False,False,16,12,7.0,5.0,WMO_61|PRECIP,False,0.5294117647058824,0.7222222222222222,False,False
2022_REG_16_HOU_TEN_20221224,2022,16,REG,66634.0,12.8,0.0,12.3,0.5,0.1071428571428571,True,False,False,False,False,False,False,False,False,16,12,5.0,5.0,WMO_3,True,0.6666666666666666,0.2352941176470588,False,False
2022_REG_16_JAX_NYJ_20221222,2022,16,REG,70043.0,35.9,0.165,15.5,0.5,0.4285714285714285,False,False,False,False,False,False,False,False,False,16,12,3.0,3.0,WMO_53|PRECIP,False,0.2352941176470588,0.1764705882352941,False,False
2022_REG_16_LAC_IND_20221226,2022,16,REG,65576.0,,,,0.3214285714285714,0.5714285714285714,False,True,True,False,False,False,False,False,False,16,12,8.0,7.0,,False,0.5294117647058824,0.5294117647058824,False,False
2022_REG_16_LV_PIT_20221224,2022,16,REG,64761.0,1.9,0.008,22.2,0.4285714285714285,0.4285714285714285,True,False,False,False,False,False,False,False,False,16,12,5.0,5.0,WMO_71|SNOW|WINDY,True,0.5277777777777778,0.5555555555555556,False,False
2022_REG_16_NO_CLE_20221224,2022,16,REG,67431.0,3.1,0.035,32.7,0.4285714285714285,0.3571428571428571,True,False,False,False,False,False,False,False,False,16,12,6.0,5.0,WMO_71|SNOW|WINDY,True,0.4705882352941176,0.5294117647058824,False,False
2022_REG_16_NYG_MIN_20221224,2022,16,REG,66919.0,,,,0.7857142857142857,0.6071428571428571,True,False,True,False,False,False,False,False,False,16,12,6.0,5.0,,False,0.4705882352941176,0.2352941176470588,False,False
2022_REG_16_PHI_DAL_20221224,2022,16,REG,93754.0,,,,0.7142857142857143,0.9285714285714286,True,False,True,False,False,False,False,False,False,16,12,5.0,5.0,,False,0.6666666666666666,0.5,False,False
2022_REG_16_SEA_KC_20221224,2022,16,REG,73331.0,10.7,0.0,15.3,0.7857142857142857,0.5,True,False,False,False,False,False,False,False,False,16,12,5.0,8.0,WMO_3,True,0.7,0.4117647058823529,False,False
2022_REG_16_TB_ARI_20221225,2022,16,REG,63393.0,,,,0.2857142857142857,0.4285714285714285,True,False,True,True,False,True,False,False,False,16,12,6.0,6.0,,False,0.6111111111111112,0.7368421052631579,False,False
2022_REG_16_WSH_SF_20221224,2022,16,REG,71642.0,50.0,0.0,6.9,0.7142857142857143,0.5357142857142857,True,False,False,False,False,False,False,False,False,16,12,8.0,5.0,WMO_3,False,0.6,0.4117647058823529,False,False
2022_REG_17_ARI_ATL_20230101,2022,17,REG,69269.0,,,,0.3333333333333333,0.2666666666666666,True,False,True,False,False,False,False,False,False,17,1,7.0,6.0,,False,0.4117647058823529,0.6111111111111112,False,False
2022_REG_17_CAR_TB_20230101,2022,17,REG,69298.0,70.3,0.024,11.9,0.4666666666666667,0.4,True,False,False,False,False,False,False,False,False,17,1,6.0,7.0,WMO_51|PRECIP,False,0.7368421052631579,0.2941176470588235,False,False
2022_REG_17_CHI_DET_20230101,2022,17,REG,66169.0,,,,0.4666666666666667,0.2,True,False,True,False,False,False,False,False,False,17,1,7.0,7.0,,False,0.2058823529411764,0.3529411764705882,False,False
2022_REG_17_CLE_WSH_20230101,2022,17,REG,50827.0,53.0,0.217,10.2,0.5,0.4,True,False,False,False,False,False,False,False,False,17,1,7.0,7.0,WMO_61|PRECIP,False,0.4117647058823529,0.4705882352941176,False,False
2022_REG_17_DAL_TEN_20221229,2022,17,REG,69292.0,49.4,0.165,14.1,0.4666666666666667,0.7333333333333333,False,False,False,False,False,False,False,False,False,17,12,4.0,4.0,WMO_63|PRECIP,False,0.6666666666666666,0.6666666666666666,False,False
2022_REG_17_DEN_KC_20230101,2022,17,REG,73571.0,43.1,0.0,7.8,0.8,0.2666666666666666,True,False,False,False,False,False,False,False,False,17,1,7.0,6.0,WMO_3,False,0.7,0.4117647058823529,False,False
2022_REG_17_IND_NYG_20230101,2022,17,REG,77399.0,49.9,0.248,10.7,0.5666666666666667,0.3,True,False,False,False,False,False,False,False,False,17,1,7.0,5.0,WMO_61|PRECIP,False,0.2352941176470588,0.5294117647058824,False,False
2022_REG_17_JAX_HOU_20230101,2022,17,REG,64581.0,,,,0.1666666666666666,0.4666666666666667,True,False,True,False,False,False,False,False,False,17,1,7.0,9.0,,False,0.2352941176470588,0.1764705882352941,False,False
2022_REG_17_LAR_LAC_20230101,2022,17,REG,70240.0,,,,0.6,0.3333333333333333,True,False,True,False,False,False,False,False,False,17,1,5.0,6.0,,False,0.5294117647058824,0.7619047619047619,False,False
2022_REG_17_MIA_NE_20230101,2022,17,REG,65878.0,50.1,0.433,13.2,0.4666666666666667,0.5333333333333333,True,False,False,False,False,False,False,False,False,17,1,7.0,6.0,WMO_61|PRECIP,False,0.5555555555555556,0.5294117647058824,False,False
2022_REG_17_MIN_GB_20230101,2022,17,REG,78190.0,33.0,0.02,10.4,0.4666666666666667,0.8,True,False,False,False,False,False,False,False,False,17,1,6.0,7.0,WMO_71|SNOW,True,0.7222222222222222,0.4705882352941176,False,False
2022_REG_17_NO_PHI_20230101,2022,17,REG,69796.0,51.2,0.449,8.8,0.8666666666666667,0.4,True,False,False,False,False,False,False,False,False,17,1,7.0,7.0,WMO_63|PRECIP,False,0.5,0.5294117647058824,False,False
2022_REG_17_NYJ_SEA_20230101,2022,17,REG,68827.0,41.6,0.028,5.0,0.4666666666666667,0.4666666666666667,True,False,False,False,False,False,False,False,False,17,1,7.0,9.0,WMO_53|PRECIP,False,0.4117647058823529,0.2352941176470588,False,False
2022_REG_17_PIT_BAL_20230101,2022,17,REG,71042.0,51.9,0.264,10.9,0.6666666666666666,0.4666666666666667,True,False,False,False,False,False,False,False,False,17,1,7.0,7.0,WMO_63|PRECIP,False,0.4705882352941176,0.5277777777777778,False,False
2022_REG_17_SF_LV_20230101,2022,17,REG,62367.0,,,,0.4,0.7333333333333333,True,False,True,False,False,False,False,False,False,17,1,7.0,7.0,,False,0.5555555555555556,0.6,False,False
2022_REG_18_ARI_SF_20230108,2022,18,REG,71638.0,55.3,1.004,19.2,0.75,0.25,True,False,False,False,False,False,False,False,False,18,1,6.0,6.0,WMO_63|PRECIP,True,0.6,0.6111111111111112,False,False
2022_REG_18_BAL_CIN_20230108,2022,18,REG,65849.0,33.1,0.024,6.5,0.7333333333333333,0.625,True,False,False,False,False,False,False,False,False,18,1,14.0,6.0,WMO_51|PRECIP,False,0.6190476190476191,0.4705882352941176,False,False
2022_REG_18_CAR_NO_20230108,2022,18,REG,70118.0,,,,0.4375,0.375,True,False,True,False,False,False,False,False,False,18,1,6.0,6.0,,False,0.5294117647058824,0.2941176470588235,False,False
2022_REG_18_CLE_PIT_20230108,2022,18,REG,65019.0,33.1,0.0,5.8,0.5,0.4375,True,False,False,False,False,False,False,False,False,18,1,6.0,6.0,WMO_3,False,0.5277777777777778,0.4705882352941176,False,False
2022_REG_18_DAL_WSH_20230108,2022,18,REG,62814.0,36.4,0.0,9.2,0.46875,0.75,True,False,False,False,False,False,False,False,False,18,1,6.0,9.0,WMO_3,False,0.4117647058823529,0.6666666666666666,False,False
2022_REG_18_DET_GB_20230108,2022,18,REG,78191.0,21.4,0.0,9.2,0.5,0.5,True,False,False,False,False,False,False,False,False,18,1,6.0,6.0,WMO_3,False,0.7222222222222222,0.2058823529411764,False,False
2022_REG_18_HOU_IND_20230108,2022,18,REG,63655.0,,,,0.28125,0.15625,True,False,True,False,False,False,False,False,False,18,1,6.0,6.0,,False,0.5294117647058824,0.2352941176470588,False,False
2022_REG_18_KC_LV_20230107,2022,18,REG,62136.0,,,,0.375,0.8125,True,False,True,False,False,False,False,False,False,18,1,5.0,5.0,,False,0.5555555555555556,0.7,False,False
2022_REG_18_LAC_DEN_20230108,2022,18,REG,74035.0,20.8,0.0,9.1,0.25,0.625,True,False,False,False,False,False,False,False,False,18,1,6.0,6.0,WMO_3,False,0.4117647058823529,0.5294117647058824,False,False
2022_REG_18_LAR_SEA_20230108,2022,18,REG,68660.0,44.2,0.268,17.5,0.5,0.3125,True,False,False,False,False,False,False,False,False,18,1,6.0,6.0,WMO_55|PRECIP,False,0.4117647058823529,0.7619047619047619,False,False
2022_REG_18_MIN_CHI_20230108,2022,18,REG,60007.0,30.9,0.0,7.3,0.1875,0.75,True,False,False,False,False,False,False,False,False,18,1,6.0,6.0,WMO_3,False,0.3529411764705882,0.4705882352941176,False,False
2022_REG_18_NE_BUF_20230108,2022,18,REG,70753.0,28.8,0.0,7.7,0.8,0.5,True,False,False,False,False,False,False,False,False,18,1,14.0,6.0,WMO_3,False,0.631578947368421,0.5555555555555556,False,False
2022_REG_18_NYG_PHI_20230108,2022,18,REG,69879.0,36.4,0.0,7.6,0.8125,0.59375,True,False,False,False,False,False,False,False,False,18,1,6.0,6.0,WMO_3,False,0.5,0.2352941176470588,False,False
2022_REG_18_NYJ_MIA_20230108,2022,18,REG,66429.0,68.1,0.0,7.7,0.5,0.4375,True,False,False,False,False,False,False,False,False,18,1,6.0,6.0,WMO_3,False,0.5294117647058824,0.2352941176470588,False,False
2022_REG_18_TB_ATL_20230108,2022,18,REG,69276.0,,,,0.375,0.5,True,False,True,False,False,False,False,False,False,18,1,6.0,6.0,,False,0.4117647058823529,0.7368421052631579,False,False
2022_REG_18_TEN_JAX_20230107,2022,18,REG,70050.0,50.9,0.0,6.7,0.5,0.4375,True,False,False,False,False,False,False,False,False,18,1,5.0,8.0,WMO_0,False,0.1764705882352941,0.6666666666666666,False,False
2022_POST_19_BAL_CIN_20230115,2022,19,POST,,28.8,0.0,6.6,0.75,0.5882352941176471,True,False,False,True,False,True,False,False,False,19,1,6.0,6.0,WMO_3,False,0.6190476190476191,0.4705882352941176,False,False
2022_POST_19_DAL_TB_20230116,2022,19,POST,,48.0,0.0,6.3,0.4705882352941176,0.7058823529411765,False,True,False,False,False,False,False,False,False,19,1,7.0,7.0,WMO_0,False,0.7368421052631579,0.6666666666666666,False,False
2022_POST_19_LAC_JAX_20230114,2022,19,POST,,44.2,0.0,18.7,0.5294117647058824,0.5882352941176471,True,False,False,False,False,False,False,False,False,19,1,6.0,5.0,WMO_3,False,0.1764705882352941,0.5294117647058824,False,False
2022_POST_19_MIA_BUF_20230115,2022,19,POST,,24.5,0.0,8.1,0.8125,0.5294117647058824,True,False,False,True,False,True,False,False,False,19,1,6.0,6.0,WMO_3,False,0.631578947368421,0.5294117647058824,False,False
2022_POST_19_NYG_MIN_20230115,2022,19,POST,,,,,0.7647058823529411,0.5588235294117647,True,False,True,True,False,True,False,False,False,19,1,6.0,6.0,,False,0.4705882352941176,0.2352941176470588,False,False
2022_POST_19_SEA_SF_20230114,2022,19,POST,,55.1,1.012,16.5,0.7647058823529411,0.5294117647058824,True,False,False,False,False,False,False,False,False,19,1,5.0,5.0,WMO_63|PRECIP,True,0.6,0.4117647058823529,False,False
2022_POST_20_CIN_BUF_20230122,2022,20,POST,,32.3,0.118,6.5,0.8235294117647058,0.7647058823529411,True,False,False,False,False,False,False,False,False,20,1,6.0,6.0,WMO_73|SNOW,True,0.631578947368421,0.6190476190476191,False,False
2022_POST_20_DAL_SF_20230122,2022,20,POST,,47.3,0.0,14.1,0.7777777777777778,0.7222222222222222,True,False,False,False,False,False,False,False,False,20,1,7.0,5.0,WMO_3,False,0.6,0.6666666666666666,False,False
2022_POST_20_JAX_KC_20230121,2022,20,POST,,31.5,0.083,5.7,0.8235294117647058,0.5555555555555556,True,False,False,False,False,False,False,False,False,20,1,13.0,6.0,WMO_73|SNOW,True,0.7,0.1764705882352941,False,False
2022_POST_20_NYG_PHI_20230121,2022,20,POST,,39.2,0.0,12.7,0.8235294117647058,0.5833333333333334,True,False,False,False,False,False,False,False,False,20,1,12.0,5.0,WMO_3,False,0.5,0.2352941176470588,False,False
2022_CON_21_CIN_KC_20230129,2022,21,CON,,21.8,0.0,13.0,0.8333333333333334,0.7777777777777778,True,False,False,False,False,False,False,False,False,21,1,7.0,6.0,WMO_3,False,0.7,0.6190476190476191,False,False
2022_CON_21_SF_PHI_20230129,2022,21,CON,,41.4,0.012,11.9,0.8333333333333334,0.7894736842105263,True,False,False,False,False,False,False,False,False,21,1,7.0,6.0,WMO_51|PRECIP,False,0.5,0.6,False,False
2022_POST_22_KC_PHI_20230212,2022,22,POST,,,,,0.8421052631578947,0.8421052631578947,True,False,True,False,False,False,False,False,False,22,2,13.0,13.0,,False,0.5,0.7,False,False
2023_REG_01_ARI_WSH_20230910,2023,1,REG,64693.0,71.1,1.402,6.3,,,True,False,False,False,False,False,False,False,False,1,9,244.0,244.0,WMO_65|PRECIP,True,0.5,0.2352941176470588,False,False
2023_REG_01_BUF_NYJ_20230911,2023,1,REG,83345.0,72.9,0.717,7.4,,,False,False,False,False,False,False,False,False,False,1,9,245.0,231.0,WMO_65|PRECIP,True,0.4117647058823529,0.7777777777777778,False,False
2023_REG_01_CAR_ATL_20230910,2023,1,REG,69597.0,,,,,,True,False,True,False,False,False,False,False,False,1,9,244.0,244.0,,False,0.4117647058823529,0.4117647058823529,False,False
2023_REG_01_CIN_CLE_20230910,2023,1,REG,67919.0,66.6,0.083,10.5,,,True,False,False,False,False,False,False,False,False,1,9,244.0,223.0,WMO_51|PRECIP,False,0.4117647058823529,0.7368421052631579,False,False
2023_REG_01_DAL_NYG_20230910,2023,1,REG,80809.0,71.6,0.484,6.2,,,True,False,False,False,False,False,False,False,False,1,9,231.0,230.0,WMO_65|PRECIP,False,0.5526315789473685,0.6842105263157895,False,False
2023_REG_01_DET_KC_20230907,2023,1,REG,73522.0,70.4,0.0,5.8,,,False,False,False,False,False,False,False,False,False,1,9,206.0,241.0,WMO_1,False,0.85,0.5294117647058824,False,False
2023_REG_01_GB_CHI_20230910,2023,1,REG,62456.0,65.0,0.0,9.3,,,True,False,False,False,False,False,False,False,False,1,9,244.0,244.0,WMO_3,False,0.1764705882352941,0.4705882352941176,False,False
2023_REG_01_HOU_BAL_20230910,2023,1,REG,70136.0,72.6,0.512,7.4,,,True,False,False,False,False,False,False,False,False,1,9,237.0,244.0,WMO_63|PRECIP,True,0.5555555555555556,0.2058823529411764,False,False
2023_REG_01_JAX_IND_20230910,2023,1,REG,65749.0,,,,,,True,False,True,False,False,False,False,False,False,1,9,244.0,231.0,,False,0.2647058823529412,0.5263157894736842,False,False
2023_REG_01_LAR_SEA_20230910,2023,1,REG,68683.0,64.6,0.0,9.6,,,True,False,False,False,False,False,False,False,False,1,9,238.0,244.0,WMO_3,False,0.5,0.2941176470588235,False,False
2023_REG_01_LV_DEN_20230910,2023,1,REG,76299.0,64.5,0.059,13.2,,,True,False,False,False,False,False,False,False,False,1,9,244.0,245.0,WMO_53|PRECIP,False,0.2941176470588235,0.3529411764705882,False,False
2023_REG_01_MIA_LAC_20230910,2023,1,REG,70240.0,,,,,,True,False,True,False,False,False,False,False,False,1,9,238.0,237.0,,False,0.5555555555555556,0.5,False,False
2023_REG_01_PHI_NE_20230910,2023,1,REG,64628.0,71.4,0.433,6.2,,,True,False,False,False,False,False,False,False,False,1,9,244.0,209.0,WMO_63|PRECIP,False,0.4705882352941176,0.8,False,False
2023_REG_01_SF_PIT_20230910,2023,1,REG,67679.0,68.6,0.563,5.6,,,True,False,False,False,False,False,False,False,False,1,9,244.0,223.0,WMO_63|PRECIP,True,0.5294117647058824,0.75,False,False
2023_REG_01_TB_MIN_20230910,2023,1,REG,66741.0,,,,,,True,False,True,False,False,False,False,False,False,1,9,237.0,236.0,,False,0.7222222222222222,0.4444444444444444,False,False
2023_REG_01_TEN_NO_20230910,2023,1,REG,70024.0,,,,,,True,False,True,False,False,False,False,False,False,1,9,244.0,245.0,,False,0.4117647058823529,0.4117647058823529,False,False
2023_REG_02_BAL_CIN_20230917,2023,2,REG,66015.0,66.0,0.102,5.4,0.0,1.0,True,False,False,False,False,False,False,False,False,2,9,6.0,6.0,WMO_61|PRECIP,False,0.7368421052631579,0.5555555555555556,False,False
2023_REG_02_CHI_TB_20230917,2023,2,REG,62976.0,83.7,0.059,12.5,1.0,0.0,True,False,False,False,False,False,False,False,False,2,9,6.0,6.0,WMO_55|PRECIP,False,0.4444444444444444,0.1764705882352941,False,False
2023_REG_02_CLE_PIT_20230918,2023,2,REG,67576.0,61.4,0.02,9.9,0.0,1.0,False,False,False,False,False,False,False,False,False,2,9,7.0,7.0,WMO_51|PRECIP,False,0.5294117647058824,0.4117647058823529,False,False
2023_REG_02_GB_ATL_20230917,2023,2,REG,69251.0,,,,1.0,1.0,True,False,True,False,False,False,False,False,False,2,9,6.0,6.0,,False,0.4117647058823529,0.4705882352941176,False,False
2023_REG_02_IND_HOU_20230917,2023,2,REG,71159.0,,,,0.0,0.0,True,False,True,False,False,False,False,False,False,2,9,6.0,6.0,,False,0.2058823529411764,0.2647058823529412,False,False
2023_REG_02_KC_JAX_20230917,2023,2,REG,69915.0,78.7,0.634,9.4,1.0,0.0,True,False,False,False,False,False,False,False,False,2,9,6.0,9.0,WMO_65|PRECIP,True,0.5263157894736842,0.85,False,False
2023_REG_02_LAC_TEN_20230917,2023,2,REG,67438.0,67.4,0.047,8.9,0.0,0.0,True,False,False,False,False,False,False,False,False,2,9,6.0,6.0,WMO_55|PRECIP,False,0.4117647058823529,0.5555555555555556,False,False
2023_REG_02_LV_BUF_20230917,2023,2,REG,70772.0,63.2,0.0,7.2,0.0,1.0,True,False,False,False,False,False,False,False,False,2,9,5.0,6.0,WMO_3,False,0.7777777777777778,0.3529411764705882,False,False
2023_REG_02_MIA_NE_20230917,2023,2,REG,64628.0,64.9,0.0,13.2,0.0,1.0,True,False,False,False,False,False,False,False,False,2,9,6.0,6.0,WMO_3,False,0.4705882352941176,0.5,False,False
2023_REG_02_MIN_PHI_20230914,2023,2,REG,69879.0,70.5,0.0,10.2,1.0,0.0,False,False,False,False,False,False,False,False,False,2,9,3.0,3.0,WMO_3,False,0.8,0.7222222222222222,False,False
2023_REG_02_NO_CAR_20230918,2023,2,REG,72709.0,68.7,0.035,8.5,0.0,1.0,False,False,False,False,False,False,False,False,False,2,9,7.0,7.0,WMO_51|PRECIP,False,0.4117647058823529,0.4117647058823529,False,False
2023_REG_02_NYG_ARI_20230917,2023,2,REG,62080.0,,,,0.0,0.0,True,False,True,False,False,False,False,False,False,2,9,6.0,6.0,,False,0.2352941176470588,0.5526315789473685,False,False
2023_REG_02_NYJ_DAL_20230917,2023,2,REG,93689.0,,,,1.0,1.0,True,False,True,False,False,False,False,False,False,2,9,6.0,5.0,,False,0.6842105263157895,0.4117647058823529,False,False
2023_REG_02_SEA_DET_20230917,2023,2,REG,66434.0,,,,1.0,0.0,True,False,True,False,False,False,False,False,False,2,9,9.0,6.0,,False,0.5294117647058824,0.5,False,False
2023_REG_02_SF_LAR_20230917,2023,2,REG,74742.0,,,,1.0,1.0,True,False,True,False,False,False,False,False,False,2,9,6.0,6.0,,False,0.2941176470588235,0.75,False,False
2023_REG_02_WSH_DEN_20230917,2023,2,REG,76108.0,59.2,0.0,6.5,0.0,1.0,True,False,False,False,False,False,False,False,False,2,9,6.0,6.0,WMO_1,False,0.2941176470588235,0.5,False,False
2023_REG_03_ATL_DET_20230924,2023,3,REG,63803.0,,,,0.5,1.0,True,False,True,False,False,False,False,False,False,3,9,6.0,6.0,,False,0.5294117647058824,0.4117647058823529,False,False
2023_REG_03_BUF_WSH_20230924,2023,3,REG,64291.0,64.5,0.539,17.5,1.0,0.5,True,False,False,False,False,False,False,False,False,3,9,6.0,6.0,WMO_61|PRECIP,True,0.5,0.7777777777777778,False,False
2023_REG_03_CAR_SEA_20230924,2023,3,REG,68699.0,57.2,0.031,10.1,0.5,0.0,True,False,False,False,False,False,False,False,False,3,9,6.0,5.0,WMO_51|PRECIP,False,0.5,0.4117647058823529,False,False
2023_REG_03_CHI_KC_20230924,2023,3,REG,73562.0,71.1,0.004,8.4,0.5,0.0,True,False,False,False,False,False,False,False,False,3,9,6.0,6.0,WMO_51|PRECIP,False,0.85,0.1764705882352941,False,False
2023_REG_03_DAL_ARI_20230924,2023,3,REG,62915.0,,,,0.0,1.0,True,False,True,False,False,False,False,False,False,3,9,6.0,6.0,,False,0.2352941176470588,0.6842105263157895,False,False
2023_REG_03_DEN_MIA_20230924,2023,3,REG,65522.0,78.4,0.244,6.6,1.0,0.0,True,False,False,False,False,False,False,False,False,3,9,6.0,6.0,WMO_63|PRECIP,False,0.5,0.2941176470588235,False,False
2023_REG_03_HOU_JAX_20230924,2023,3,REG,61466.0,76.9,0.0,12.3,0.5,0.0,True,False,False,False,False,False,False,False,False,3,9,6.0,6.0,WMO_2,False,0.5263157894736842,0.2058823529411764,False,False
2023_REG_03_IND_BAL_20230924,2023,3,REG,70038.0,64.2,1.469,20.1,1.0,0.5,True,False,False,False,False,False,False,False,False,3,9,6.0,6.0,WMO_65|PRECIP|WINDY,True,0.5555555555555556,0.2647058823529412,False,False
2023_REG_03_LAC_MIN_20230924,2023,3,REG,66878.0,,,,0.0,0.0,True,False,True,False,False,False,False,False,False,3,9,9.0,6.0,,False,0.7222222222222222,0.5555555555555556,False,False
2023_REG_03_LAR_CIN_20230925,2023,3,REG,65158.0,67.2,0.0,7.3,0.0,0.5,False,False,False,False,False,False,False,False,False,3,9,7.0,7.0,WMO_3,False,0.7368421052631579,0.2941176470588235,False,False
2023_REG_03_NE_NYJ_20230924,2023,3,REG,80876.0,62.1,0.516,20.6,0.5,0.0,True,False,False,False,False,False,False,False,False,3,9,6.0,6.0,WMO_63|PRECIP|WINDY,True,0.4117647058823529,0.4705882352941176,False,False
2023_REG_03_NO_GB_20230924,2023,3,REG,78043.0,64.4,0.0,10.6,0.5,1.0,True,False,False,False,False,False,False,False,False,3,9,6.0,5.0,WMO_3,False,0.4705882352941176,0.4117647058823529,False,False
2023_REG_03_NYG_SF_20230921,2023,3,REG,71593.0,64.8,0.0,11.7,1.0,0.5,False,False,False,False,False,False,False,False,False,3,9,3.0,3.0,WMO_1,False,0.75,0.5526315789473685,False,False
2023_REG_03_PHI_TB_20230925,2023,3,REG,65426.0,79.7,0.185,9.9,1.0,1.0,False,False,False,False,False,False,False,False,False,3,9,7.0,10.0,WMO_63|PRECIP,False,0.4444444444444444,0.8,False,False
2023_REG_03_PIT_LV_20230924,2023,3,REG,62541.0,,,,0.5,0.5,True,False,True,False,False,False,False,False,False,3,9,6.0,5.0,,False,0.3529411764705882,0.5294117647058824,False,False
2023_REG_03_TEN_CLE_20230924,2023,3,REG,67919.0,60.9,0.0,15.1,0.5,0.5,True,False,False,False,False,False,False,False,False,3,9,5.0,6.0,WMO_3,False,0.4117647058823529,0.4117647058823529,False,False
2023_REG_04_ARI_SF_20231001,2023,4,REG,71521.0,61.5,0.016,9.8,1.0,0.3333333333333333,True,False,False,False,False,False,False,False,False,4,10,9.0,6.0,WMO_51|PRECIP,False,0.75,0.2352941176470588,False,False
2023_REG_04_ATL_JAX_20231001,2023,4,REG,85716.0,64.3,0.0,13.1,0.3333333333333333,0.6666666666666666,True,False,False,False,False,False,False,False,False,4,10,6.0,6.0,WMO_3,False,0.5263157894736842,0.4117647058823529,False,False
2023_REG_04_BAL_CLE_20231001,2023,4,REG,67919.0,63.1,0.0,9.2,0.6666666666666666,0.6666666666666666,True,False,False,False,False,False,False,False,False,4,10,6.0,6.0,WMO_3,False,0.4117647058823529,0.5555555555555556,False,False
2023_REG_04_CIN_TEN_20231001,2023,4,REG,68951.0,72.7,0.0,5.0,0.3333333333333333,0.3333333333333333,True,False,False,False,False,False,False,False,False,4,10,6.0,5.0,WMO_0,False,0.4117647058823529,0.7368421052631579,False,False
2023_REG_04_DEN_CHI_20231001,2023,4,REG,62220.0,68.7,0.0,8.6,0.0,0.0,True,False,False,False,False,False,False,False,False,4,10,6.0,6.0,WMO_0,False,0.1764705882352941,0.2941176470588235,False,False
2023_REG_04_DET_GB_20230928,2023,4,REG,78052.0,62.4,0.0,8.9,0.6666666666666666,0.6666666666666666,False,False,False,False,False,False,False,False,False,4,9,3.0,3.0,WMO_2,False,0.4705882352941176,0.5294117647058824,False,False
2023_REG_04_KC_NYJ_20231001,2023,4,REG,80461.0,65.3,0.0,11.0,0.3333333333333333,0.6666666666666666,True,False,False,False,False,False,False,False,False,4,10,6.0,6.0,WMO_1,False,0.4117647058823529,0.85,False,False
2023_REG_04_LAR_IND_20231001,2023,4,REG,65337.0,,,,0.6666666666666666,0.3333333333333333,True,False,True,False,False,False,False,False,False,4,10,6.0,5.0,,False,0.2647058823529412,0.2941176470588235,False,False
2023_REG_04_LV_LAC_20231001,2023,4,REG,70240.0,,,,0.3333333333333333,0.3333333333333333,True,False,True,False,False,False,False,False,False,4,10,6.0,6.0,,False,0.5555555555555556,0.3529411764705882,False,False
2023_REG_04_MIA_BUF_20231001,2023,4,REG,70881.0,63.8,0.0,5.8,0.6666666666666666,1.0,True,False,False,False,False,False,False,False,False,4,10,6.0,6.0,WMO_3,False,0.7777777777777778,0.5,False,False
2023_REG_04_MIN_CAR_20231001,2023,4,REG,72842.0,69.1,0.0,8.5,0.0,0.0,True,False,False,False,False,False,False,False,False,4,10,6.0,6.0,WMO_3,False,0.4117647058823529,0.7222222222222222,False,False
2023_REG_04_NE_DAL_20231001,2023,4,REG,93719.0,,,,0.6666666666666666,0.3333333333333333,True,False,True,False,False,False,False,False,False,4,10,6.0,6.0,,False,0.6842105263157895,0.4705882352941176,False,False
2023_REG_04_PIT_HOU_20231001,2023,4,REG,71399.0,,,,0.3333333333333333,0.6666666666666666,True,False,True,False,False,False,False,False,False,4,10,6.0,6.0,,False,0.2058823529411764,0.5294117647058824,False,False
2023_REG_04_SEA_NYG_20231002,2023,4,REG,78507.0,68.1,0.0,9.2,0.3333333333333333,0.6666666666666666,False,False,False,False,False,False,False,False,False,4,10,10.0,7.0,WMO_3,False,0.5526315789473685,0.5,False,False
2023_REG_04_TB_NO_20231001,2023,4,REG,70003.0,,,,0.6666666666666666,0.6666666666666666,True,False,True,False,False,False,False,False,False,4,10,6.0,5.0,,False,0.4117647058823529,0.4444444444444444,False,False
2023_REG_04_WSH_PHI_20231001,2023,4,REG,69879.0,67.1,0.0,9.0,1.0,0.6666666666666666,True,False,False,False,False,False,False,False,False,4,10,5.0,6.0,WMO_0,False,0.8,0.5,False,False
2023_REG_05_BAL_PIT_20231008,2023,5,REG,67272.0,49.5,0.004,16.3,0.5,0.75,True,False,False,True,False,True,False,False,False,5,10,6.0,6.0,WMO_51|PRECIP,False,0.5294117647058824,0.5555555555555556,False,False
2023_REG_05_CAR_DET_20231008,2023,5,REG,63648.0,,,,0.75,0.0,True,False,True,True,False,True,False,False,False,5,10,9.0,6.0,,False,0.5294117647058824,0.4117647058823529,False,False
2023_REG_05_CHI_WSH_20231005,2023,5,REG,63727.0,66.6,0.008,9.1,0.5,0.0,False,False,False,False,False,False,False,False,False,5,10,3.0,3.0,WMO_51|PRECIP,False,0.5,0.1764705882352941,False,False
2023_REG_05_CIN_ARI_20231008,2023,5,REG,62651.0,,,,0.25,0.25,True,False,True,True,False,True,False,False,False,5,10,6.0,6.0,,False,0.2352941176470588,0.7368421052631579,False,False
2023_REG_05_DAL_SF_20231008,2023,5,REG,71617.0,71.5,0.0,12.0,1.0,0.75,True,False,False,True,False,True,False,False,False,5,10,6.0,6.0,WMO_0,False,0.75,0.6842105263157895,False,False
2023_REG_05_GB_LV_20231009,2023,5,REG,62572.0,,,,0.25,0.5,False,True,True,False,False,False,False,False,False,5,10,7.0,10.0,,False,0.3529411764705882,0.4705882352941176,False,False
2023_REG_05_HOU_ATL_20231008,2023,5,REG,69461.0,,,,0.5,0.5,True,False,True,True,False,True,False,False,False,5,10,6.0,6.0,,False,0.4117647058823529,0.2058823529411764,False,False
2023_REG_05_JAX_BUF_20231008,2023,5,REG,61273.0,62.1,0.0,7.6,0.75,0.5,True,False,False,True,False,True,False,False,False,5,10,6.0,6.0,WMO_3,False,0.7777777777777778,0.5263157894736842,False,False
2023_REG_05_KC_MIN_20231008,2023,5,REG,67003.0,,,,0.25,0.75,True,False,True,True,False,True,False,False,False,5,10,6.0,6.0,,False,0.7222222222222222,0.85,False,False
2023_REG_05_NO_NE_20231008,2023,5,REG,64628.0,57.5,0.047,13.0,0.25,0.5,True,False,False,True,False,True,False,False,False,5,10,6.0,6.0,WMO_53|PRECIP,False,0.4705882352941176,0.4117647058823529,False,False
2023_REG_05_NYG_MIA_20231008,2023,5,REG,65654.0,78.0,0.949,9.7,0.75,0.25,True,False,False,True,False,True,False,False,False,5,10,6.0,5.0,WMO_65|PRECIP,True,0.5,0.5526315789473685,False,False
2023_REG_05_NYJ_DEN_20231008,2023,5,REG,76387.0,56.6,0.0,7.0,0.25,0.25,True,False,False,True,False,True,False,False,False,5,10,6.0,6.0,WMO_0,False,0.2941176470588235,0.4117647058823529,False,False
2023_REG_05_PHI_LAR_20231008,2023,5,REG,74935.0,,,,0.5,1.0,True,False,True,True,False,True,False,False,False,5,10,6.0,6.0,,False,0.2941176470588235,0.8,False,False
2023_REG_05_TEN_IND_20231008,2023,5,REG,65287.0,,,,0.5,0.5,True,False,True,True,False,True,False,False,False,5,10,6.0,6.0,,False,0.2647058823529412,0.4117647058823529,False,False
2023_REG_06_ARI_LAR_20231015,2023,6,REG,71202.0,,,,0.4,0.2,True,False,True,False,False,False,False,False,False,6,10,6.0,6.0,,False,0.2941176470588235,0.2352941176470588,False,False
2023_REG_06_BAL_TEN_20231015,2023,6,REG,61011.0,44.4,0.0,10.2,0.4,0.6,True,False,False,False,False,False,False,False,False,6,10,6.0,6.0,WMO_3,False,0.4117647058823529,0.5555555555555556,False,False
2023_REG_06_CAR_MIA_20231015,2023,6,REG,65529.0,79.3,0.0,10.9,0.8,0.0,True,False,False,False,False,False,False,False,False,6,10,6.0,6.0,WMO_3,False,0.5,0.4117647058823529,False,False
2023_REG_06_DAL_LAC_20231016,2023,6,REG,70240.0,,,,0.5,0.6,False,False,True,False,False,False,False,False,False,6,10,14.0,7.0,,False,0.5555555555555556,0.6842105263157895,False,False
2023_REG_06_DEN_KC_20231012,2023,6,REG,73528.0,68.4,0.0,18.6,0.8,0.2,False,False,False,False,False,False,False,False,False,6,10,3.0,3.0,WMO_3,True,0.85,0.2941176470588235,False,False
2023_REG_06_DET_TB_20231015,2023,6,REG,65854.0,74.2,0.0,14.5,0.75,0.8,True,False,False,False,False,False,False,False,False,6,10,13.0,6.0,WMO_3,False,0.4444444444444444,0.5294117647058824,False,False
2023_REG_06_IND_JAX_20231015,2023,6,REG,64851.0,68.3,0.0,11.3,0.6,0.6,True,False,False,False,False,False,False,False,False,6,10,6.0,6.0,WMO_3,False,0.5263157894736842,0.2647058823529412,False,False
2023_REG_06_MIN_CHI_20231015,2023,6,REG,62167.0,51.6,0.063,18.7,0.2,0.2,True,False,False,False,False,False,False,False,False,6,10,9.0,6.0,WMO_51|PRECIP,False,0.1764705882352941,0.7222222222222222,False,False
2023_REG_06_NE_LV_20231015,2023,6,REG,61985.0,,,,0.4,0.2,True,False,True,False,False,False,False,False,False,6,10,5.0,6.0,,False,0.3529411764705882,0.4705882352941176,False,False
2023_REG_06_NO_HOU_20231015,2023,6,REG,71810.0,,,,0.4,0.6,True,False,True,False,False,False,False,False,False,6,10,6.0,6.0,,False,0.2058823529411764,0.4117647058823529,False,False
2023_REG_06_NYG_BUF_20231015,2023,6,REG,70515.0,47.2,0.094,13.0,0.6,0.2,True,False,False,False,False,False,False,False,False,6,10,6.0,6.0,WMO_53|PRECIP,False,0.7777777777777778,0.5526315789473685,False,False
2023_REG_06_PHI_NYJ_20231015,2023,6,REG,83068.0,53.6,0.071,15.0,0.4,1.0,True,False,False,False,False,False,False,False,False,6,10,6.0,6.0,WMO_51|PRECIP,False,0.4117647058823529,0.8,False,False
2023_REG_06_SEA_CIN_20231015,2023,6,REG,66385.0,52.4,0.008,13.5,0.4,0.75,True,False,False,False,False,False,False,False,False,6,10,6.0,12.0,WMO_51|PRECIP,False,0.7368421052631579,0.5,False,False
2023_REG_06_SF_CLE_20231015,2023,6,REG,67431.0,52.3,0.177,21.7,0.5,1.0,True,False,False,False,False,False,False,False,False,6,10,13.0,6.0,WMO_55|PRECIP|WINDY,True,0.4117647058823529,0.75,False,False
2023_REG_06_WSH_ATL_20231015,2023,6,REG,69921.0,,,,0.6,0.4,True,False,True,False,False,False,False,False,False,6,10,6.0,9.0,,False,0.4117647058823529,0.5,False,False
2023_REG_07_ARI_SEA_20231022,2023,7,REG,68781.0,53.1,0.039,8.3,0.6,0.1666666666666666,True,False,False,False,False,False,False,False,False,7,10,6.0,6.0,WMO_53|PRECIP,False,0.5,0.2352941176470588,False,False
2023_REG_07_ATL_TB_20231022,2023,7,REG,62620.0,71.6,0.004,9.2,0.6,0.5,True,False,False,False,False,False,False,False,False,7,10,6.0,6.0,WMO_51|PRECIP,False,0.4444444444444444,0.4117647058823529,False,False
2023_REG_07_BUF_NE_20231022,2023,7,REG,64628.0,53.0,0.091,16.0,0.1666666666666666,0.6666666666666666,True,False,False,False,False,False,False,False,False,7,10,6.0,6.0,WMO_55|PRECIP,False,0.4705882352941176,0.7777777777777778,False,False
2023_REG_07_CLE_IND_20231022,2023,7,REG,65552.0,,,,0.5,0.6,True,False,True,False,False,False,False,False,False,7,10,6.0,6.0,,False,0.2647058823529412,0.4117647058823529,False,False
2023_REG_07_DET_BAL_20231022,2023,7,REG,70989.0,53.8,0.291,16.4,0.6666666666666666,0.8333333333333334,True,False,False,False,False,False,False,False,False,7,10,6.0,6.0,WMO_63|PRECIP,False,0.5555555555555556,0.5294117647058824,False,False
2023_REG_07_GB_DEN_20231022,2023,7,REG,76880.0,58.4,0.0,7.1,0.1666666666666666,0.4,True,False,False,False,False,False,False,False,False,7,10,9.0,12.0,WMO_2,False,0.2941176470588235,0.4705882352941176,False,False
2023_REG_07_JAX_NO_20231019,2023,7,REG,70009.0,,,,0.5,0.6666666666666666,False,False,True,False,False,False,False,False,False,7,10,3.0,3.0,,False,0.4117647058823529,0.5263157894736842,False,False
2023_REG_07_LAC_KC_20231022,2023,7,REG,73642.0,59.1,0.0,10.1,0.8333333333333334,0.4,True,False,False,False,False,False,False,False,False,7,10,9.0,5.0,WMO_3,False,0.85,0.5555555555555556,False,False
2023_REG_07_LV_CHI_20231022,2023,7,REG,62199.0,48.2,0.091,18.1,0.1666666666666666,0.5,True,False,False,False,False,False,False,False,False,7,10,6.0,6.0,WMO_55|PRECIP,False,0.1764705882352941,0.3529411764705882,False,False
2023_REG_07_MIA_PHI_20231022,2023,7,REG,69879.0,55.1,0.0,16.7,0.8333333333333334,0.8333333333333334,True,False,False,False,False,False,False,False,False,7,10,6.0,6.0,WMO_3,False,0.8,0.5,False,False
2023_REG_07_PIT_LAR_20231022,2023,7,REG,73471.0,,,,0.5,0.6,True,False,True,False,False,False,False,False,False,7,10,6.0,13.0,,False,0.2941176470588235,0.5294117647058824,False,False
2023_REG_07_SF_MIN_20231023,2023,7,REG,66975.0,,,,0.3333333333333333,0.8333333333333334,False,False,True,False,False,False,False,False,False,7,10,7.0,7.0,,False,0.7222222222222222,0.75,False,False
2023_REG_07_WSH_NYG_20231022,2023,7,REG,81671.0,53.9,0.0,16.8,0.1666666666666666,0.5,True,False,False,False,False,False,False,False,False,7,10,6.0,6.0,WMO_3,False,0.5526315789473685,0.5,False,False
2023_REG_08_ATL_TEN_20231029,2023,8,REG,68008.0,72.2,0.457,10.1,0.3333333333333333,0.5714285714285714,True,False,False,False,False,False,False,False,False,8,10,13.0,6.0,WMO_63|PRECIP,False,0.4117647058823529,0.4117647058823529,False,False
2023_REG_08_BAL_ARI_20231029,2023,8,REG,63064.0,,,,0.1428571428571428,0.7142857142857143,True,False,True,False,False,False,False,False,False,8,10,6.0,6.0,,False,0.2352941176470588,0.5555555555555556,False,False
2023_REG_08_CHI_LAC_20231029,2023,8,REG,70240.0,,,,0.3333333333333333,0.2857142857142857,True,False,True,False,False,False,False,False,False,8,10,6.0,6.0,,False,0.5555555555555556,0.1764705882352941,False,False
2023_REG_08_CIN_SF_20231029,2023,8,REG,71655.0,56.0,0.0,11.0,0.7142857142857143,0.5,True,False,False,False,False,False,False,False,False,8,10,5.0,13.0,WMO_0,False,0.75,0.7368421052631579,False,False
2023_REG_08_CLE_SEA_20231029,2023,8,REG,68807.0,41.1,0.0,8.3,0.6666666666666666,0.6666666666666666,True,False,False,False,False,False,False,False,False,8,10,6.0,6.0,WMO_1,False,0.5,0.4117647058823529,False,False
2023_REG_08_HOU_CAR_20231029,2023,8,REG,71505.0,68.1,0.0,12.0,0.0,0.5,True,False,False,False,False,False,False,False,False,8,10,13.0,13.0,WMO_0,False,0.4117647058823529,0.2058823529411764,False,False
2023_REG_08_JAX_PIT_20231029,2023,8,REG,67225.0,55.6,0.878,6.2,0.6666666666666666,0.7142857142857143,True,False,False,False,False,False,False,False,False,8,10,6.0,9.0,WMO_63|PRECIP,True,0.5294117647058824,0.5263157894736842,False,False
2023_REG_08_KC_DEN_20231029,2023,8,REG,76286.0,22.9,0.354,7.1,0.2857142857142857,0.8571428571428571,True,False,False,False,False,False,False,False,False,8,10,6.0,6.0,WMO_75|SNOW,True,0.2941176470588235,0.85,False,False
2023_REG_08_LAR_DAL_20231029,2023,8,REG,93448.0,,,,0.6666666666666666,0.4285714285714285,True,False,True,False,False,False,False,False,False,8,10,12.0,6.0,,False,0.6842105263157895,0.2941176470588235,False,False
2023_REG_08_LV_DET_20231030,2023,8,REG,66774.0,,,,0.7142857142857143,0.4285714285714285,False,False,True,False,False,False,False,False,False,8,10,7.0,7.0,,False,0.5294117647058824,0.3529411764705882,False,False
2023_REG_08_MIN_GB_20231029,2023,8,REG,78113.0,38.1,0.024,6.9,0.3333333333333333,0.4285714285714285,True,False,False,False,False,False,False,False,False,8,10,6.0,5.0,WMO_71|SNOW,True,0.4705882352941176,0.7222222222222222,False,False
2023_REG_08_NE_MIA_20231029,2023,8,REG,65836.0,78.8,0.016,15.0,0.7142857142857143,0.2857142857142857,True,False,False,False,False,False,False,False,False,8,10,6.0,6.0,WMO_51|PRECIP,False,0.5,0.4705882352941176,False,False
2023_REG_08_NO_IND_20231029,2023,8,REG,65427.0,,,,0.4285714285714285,0.4285714285714285,True,False,True,False,False,False,False,False,False,8,10,6.0,9.0,,False,0.2647058823529412,0.4117647058823529,False,False
2023_REG_08_NYJ_NYG_20231029,2023,8,REG,83367.0,56.9,1.315,11.7,0.2857142857142857,0.5,True,False,False,False,False,False,False,False,False,8,10,6.0,13.0,WMO_65|PRECIP,True,0.5526315789473685,0.4117647058823529,False,False
2023_REG_08_PHI_WSH_20231029,2023,8,REG,64653.0,68.1,0.0,7.0,0.4285714285714285,0.8571428571428571,True,False,False,False,False,False,False,False,False,8,10,6.0,6.0,WMO_3,False,0.5,0.8,False,False
2023_REG_08_TB_BUF_20231026,2023,8,REG,70416.0,62.9,0.22,10.9,0.5714285714285714,0.5,False,False,False,False,False,False,False,False,False,8,10,3.0,3.0,WMO_61|PRECIP,False,0.7777777777777778,0.4444444444444444,False,False
2023_REG_09_ARI_CLE_20231105,2023,9,REG,67919.0,49.6,0.0,11.3,0.5714285714285714,0.125,True,False,False,False,False,False,False,False,False,9,11,6.0,6.0,WMO_3,False,0.4117647058823529,0.2352941176470588,False,False
2023_REG_09_BUF_CIN_20231105,2023,9,REG,66965.0,50.8,0.0,6.2,0.5714285714285714,0.625,True,False,False,False,False,False,False,False,False,9,11,6.0,9.0,WMO_3,False,0.7368421052631579,0.7777777777777778,False,False
2023_REG_09_CHI_NO_20231105,2023,9,REG,70006.0,,,,0.5,0.25,True,False,True,False,False,False,False,False,False,9,11,6.0,6.0,,False,0.4117647058823529,0.1764705882352941,False,False
2023_REG_09_DAL_PHI_20231105,2023,9,REG,69879.0,53.8,0.0,8.0,0.875,0.7142857142857143,True,False,False,False,False,False,False,False,False,9,11,6.0,6.0,WMO_3,False,0.8,0.6842105263157895,False,False
2023_REG_09_IND_CAR_20231105,2023,9,REG,72301.0,54.6,0.0,6.4,0.1428571428571428,0.375,True,False,False,False,False,False,False,False,False,9,11,6.0,6.0,WMO_3,False,0.4117647058823529,0.2647058823529412,False,False
2023_REG_09_LAC_NYJ_20231106,2023,9,REG,75407.0,46.7,0.0,8.1,0.5714285714285714,0.4285714285714285,False,False,False,False,False,False,False,False,False,9,11,7.0,7.0,WMO_3,False,0.4117647058823529,0.5555555555555556,False,False
2023_REG_09_LAR_GB_20231105,2023,9,REG,77409.0,40.2,0.024,6.7,0.2857142857142857,0.375,True,False,False,False,False,False,False,False,False,9,11,6.0,6.0,WMO_51|PRECIP,False,0.4705882352941176,0.2941176470588235,False,False
2023_REG_09_MIA_KC_20231105,2023,9,REG,50023.0,50.4,0.181,19.5,0.75,0.75,True,False,False,False,False,False,False,False,False,9,11,6.0,6.0,WMO_55|PRECIP,True,0.85,0.5,False,False
2023_REG_09_MIN_ATL_20231105,2023,9,REG,69715.0,,,,0.5,0.5,True,False,True,False,False,False,False,False,False,9,11,6.0,6.0,,False,0.4117647058823529,0.7222222222222222,False,False
2023_REG_09_NYG_LV_20231105,2023,9,REG,62082.0,,,,0.375,0.25,True,False,True,False,False,False,False,False,False,9,11,5.0,6.0,,False,0.3529411764705882,0.5526315789473685,False,False
2023_REG_09_SEA_BAL_20231105,2023,9,REG,70753.0,54.7,0.0,8.6,0.75,0.7142857142857143,True,False,False,False,False,False,False,False,False,9,11,6.0,6.0,WMO_3,False,0.5555555555555556,0.5,False,False
2023_REG_09_TB_HOU_20231105,2023,9,REG,70785.0,,,,0.4285714285714285,0.4285714285714285,True,False,True,False,False,False,False,False,False,9,11,6.0,9.0,,False,0.2058823529411764,0.4444444444444444,False,False
2023_REG_09_TEN_PIT_20231102,2023,9,REG,65969.0,36.2,0.0,8.2,0.5714285714285714,0.4285714285714285,False,False,False,False,False,False,False,False,False,9,11,3.0,3.0,WMO_2,False,0.5294117647058824,0.4117647058823529,False,False
2023_REG_09_WSH_NE_20231105,2023,9,REG,64628.0,50.1,0.0,6.9,0.25,0.375,True,False,False,False,False,False,False,False,False,9,11,6.0,6.0,WMO_3,False,0.4705882352941176,0.5,False,False
2023_REG_10_ATL_ARI_20231112,2023,10,REG,62861.0,,,,0.1111111111111111,0.4444444444444444,True,False,True,False,False,False,False,False,False,10,11,6.0,6.0,,False,0.2352941176470588,0.4117647058823529,False,False
2023_REG_10_CAR_CHI_20231109,2023,10,REG,61200.0,47.5,0.039,17.2,0.2222222222222222,0.125,False,False,False,False,False,False,False,False,False,10,11,3.0,3.0,WMO_53|PRECIP,False,0.1764705882352941,0.4117647058823529,False,False
2023_REG_10_CLE_BAL_20231112,2023,10,REG,70424.0,44.9,0.0,8.7,0.7777777777777778,0.625,True,False,False,False,False,False,False,False,False,10,11,6.0,6.0,WMO_3,False,0.5555555555555556,0.4117647058823529,False,False
2023_REG_10_DEN_BUF_20231113,2023,10,REG,70318.0,41.2,0.024,19.0,0.5555555555555556,0.375,False,False,False,False,False,False,False,False,False,10,11,7.0,14.0,WMO_51|PRECIP,True,0.7777777777777778,0.2941176470588235,False,False
2023_REG_10_DET_LAC_20231112,2023,10,REG,70240.0,,,,0.5,0.75,True,False,True,False,False,False,False,False,False,10,11,5.0,12.0,,False,0.5555555555555556,0.5294117647058824,False,False
2023_REG_10_GB_PIT_20231112,2023,10,REG,67617.0,41.4,0.0,6.0,0.625,0.375,True,False,False,False,False,False,False,False,False,10,11,9.0,6.0,WMO_3,False,0.5294117647058824,0.4705882352941176,False,False
2023_REG_10_HOU_CIN_20231112,2023,10,REG,66526.0,43.5,0.0,7.4,0.625,0.5,True,False,False,False,False,False,False,False,False,10,11,6.0,6.0,WMO_3,False,0.7368421052631579,0.2058823529411764,False,False
2023_REG_10_IND_NE_20231112,2023,10,REG,50144.0,42.3,0.0,6.7,0.2222222222222222,0.4444444444444444,True,False,False,False,False,False,False,False,False,10,11,6.0,6.0,WMO_3,False,0.4705882352941176,0.2647058823529412,False,False
2023_REG_10_NO_MIN_20231112,2023,10,REG,66933.0,,,,0.5555555555555556,0.5555555555555556,True,False,True,False,False,False,False,False,False,10,11,6.0,6.0,,False,0.7222222222222222,0.4117647058823529,False,False
2023_REG_10_NYG_DAL_20231112,2023,10,REG,93338.0,,,,0.625,0.2222222222222222,True,False,True,False,False,False,False,False,False,10,11,6.0,6.0,,False,0.6842105263157895,0.5526315789473685,False,False
2023_REG_10_NYJ_LV_20231112,2023,10,REG,62383.0,,,,0.4444444444444444,0.5,True,False,True,False,False,False,False,False,False,10,11,6.0,5.0,,False,0.3529411764705882,0.4117647058823529,False,False
2023_REG_10_SF_JAX_20231112,2023,10,REG,69271.0,64.3,0.0,12.8,0.75,0.625,True,False,False,False,False,False,False,False,False,10,11,13.0,13.0,WMO_3,False,0.5263157894736842,0.75,False,False
2023_REG_10_TEN_TB_20231112,2023,10,REG,62725.0,76.9,0.031,11.4,0.375,0.375,True,False,False,False,False,False,False,False,False,10,11,6.0,9.0,WMO_53|PRECIP,False,0.4444444444444444,0.4117647058823529,False,False
2023_REG_10_WSH_SEA_20231112,2023,10,REG,68721.0,48.5,0.047,18.1,0.625,0.4444444444444444,True,False,False,False,False,False,False,False,False,10,11,6.0,6.0,WMO_53|PRECIP,False,0.5,0.5,False,False
2023_REG_11_ARI_HOU_20231119,2023,11,REG,70247.0,,,,0.5555555555555556,0.2,True,False,True,False,False,False,False,False,False,11,11,6.0,6.0,,False,0.2058823529411764,0.2352941176470588,False,False
2023_REG_11_CHI_DET_20231119,2023,11,REG,63873.0,,,,0.7777777777777778,0.3,True,False,True,False,False,False,False,False,False,11,11,6.0,9.0,,False,0.5294117647058824,0.1764705882352941,False,False
2023_REG_11_CIN_BAL_20231116,2023,11,REG,70997.0,49.7,0.0,7.4,0.7,0.5555555555555556,False,False,False,False,False,False,False,False,False,11,11,3.0,3.0,WMO_3,False,0.5555555555555556,0.7368421052631579,False,False
2023_REG_11_DAL_CAR_20231119,2023,11,REG,73543.0,52.9,0.0,11.2,0.1111111111111111,0.6666666666666666,True,False,False,False,False,False,False,False,False,11,11,9.0,6.0,WMO_0,False,0.4117647058823529,0.6842105263157895,False,False
2023_REG_11_LAC_GB_20231119,2023,11,REG,77432.0,38.0,0.0,8.7,0.3333333333333333,0.4444444444444444,True,False,False,False,False,False,False,False,False,11,11,6.0,6.0,WMO_3,False,0.4705882352941176,0.5555555555555556,False,False
2023_REG_11_LV_MIA_20231119,2023,11,REG,66026.0,71.5,0.004,8.4,0.6666666666666666,0.5,True,False,False,False,False,False,False,False,False,11,11,13.0,6.0,WMO_51|PRECIP,False,0.5,0.3529411764705882,False,False
2023_REG_11_MIN_DEN_20231119,2023,11,REG,76848.0,43.1,0.012,8.0,0.4444444444444444,0.6,True,False,False,False,False,False,False,False,False,11,11,5.0,6.0,WMO_51|PRECIP,False,0.2941176470588235,0.7222222222222222,False,False
2023_REG_11_NYG_WSH_20231119,2023,11,REG,62714.0,46.6,0.0,8.3,0.4,0.2,True,False,False,False,False,False,False,False,False,11,11,6.0,6.0,WMO_0,False,0.5,0.5526315789473685,False,False
2023_REG_11_NYJ_BUF_20231119,2023,11,REG,70603.0,43.2,0.016,15.8,0.5,0.4444444444444444,True,False,False,False,False,False,False,False,False,11,11,5.0,6.0,WMO_51|PRECIP,False,0.7777777777777778,0.4117647058823529,False,False
2023_REG_11_PHI_KC_20231120,2023,11,REG,73754.0,45.5,0.413,13.0,0.7777777777777778,0.8888888888888888,False,False,False,False,False,False,False,False,False,11,11,14.0,14.0,WMO_63|PRECIP,False,0.85,0.8,False,False
2023_REG_11_PIT_CLE_20231119,2023,11,REG,67919.0,43.8,0.0,13.9,0.6666666666666666,0.6666666666666666,True,False,False,False,False,False,False,False,False,11,11,6.0,6.0,WMO_1,False,0.4117647058823529,0.5294117647058824,False,False
2023_REG_11_SEA_LAR_20231119,2023,11,REG,72704.0,,,,0.3333333333333333,0.6666666666666666,True,False,True,False,False,False,False,False,False,11,11,13.0,6.0,,False,0.2941176470588235,0.5,False,False
2023_REG_11_TB_SF_20231119,2023,11,REG,71607.0,56.1,0.205,12.0,0.6666666666666666,0.4444444444444444,True,False,False,False,False,False,False,False,False,11,11,6.0,6.0,WMO_63|PRECIP,False,0.75,0.4444444444444444,False,False
2023_REG_11_TEN_JAX_20231119,2023,11,REG,67175.0,65.3,0.0,6.8,0.6666666666666666,0.3333333333333333,True,False,False,False,False,False,False,False,False,11,11,6.0,6.0,WMO_3,False,0.5263157894736842,0.4117647058823529,False,False
2023_REG_12_BAL_LAC_20231126,2023,12,REG,70240.0,,,,0.4,0.7272727272727273,True,False,True,False,False,False,False,False,False,12,11,6.0,9.0,,False,0.5555555555555556,0.5555555555555556,False,False
2023_REG_12_BUF_PHI_20231126,2023,12,REG,69879.0,36.7,0.079,6.8,0.9,0.5454545454545454,True,False,False,False,False,False,False,False,False,12,11,5.0,6.0,WMO_55|PRECIP,False,0.8,0.7777777777777778,False,False
2023_REG_12_CAR_TEN_20231126,2023,12,REG,62493.0,47.4,0.039,13.6,0.3,0.1,True,False,False,False,False,False,False,False,False,12,11,6.0,6.0,WMO_53|PRECIP,False,0.4117647058823529,0.4117647058823529,False,False
2023_REG_12_CHI_MIN_20231127,2023,12,REG,66843.0,,,,0.5454545454545454,0.2727272727272727,False,False,True,False,False,False,False,False,False,12,11,7.0,7.0,,False,0.7222222222222222,0.1764705882352941,False,False
2023_REG_12_CLE_DEN_20231126,2023,12,REG,76261.0,24.4,0.0,4.6,0.5,0.7,True,False,False,False,False,False,False,False,False,12,11,6.0,6.0,WMO_3,False,0.2941176470588235,0.4117647058823529,False,False
2023_REG_12_GB_DET_20231123,2023,12,REG,66476.0,,,,0.8,0.4,False,True,True,False,False,False,False,False,False,12,11,3.0,3.0,,False,0.5294117647058824,0.4705882352941176,False,False
2023_REG_12_JAX_HOU_20231126,2023,12,REG,71324.0,,,,0.6,0.7,True,False,True,False,False,False,False,False,False,12,11,6.0,6.0,,False,0.2058823529411764,0.5263157894736842,False,False
2023_REG_12_KC_LV_20231126,2023,12,REG,62441.0,,,,0.4545454545454545,0.7,True,False,True,False,False,False,False,False,False,12,11,6.0,5.0,,False,0.3529411764705882,0.85,False,False
2023_REG_12_LAR_ARI_20231126,2023,12,REG,62177.0,,,,0.1818181818181818,0.4,True,False,True,False,False,False,False,False,False,12,11,6.0,6.0,,False,0.2352941176470588,0.2941176470588235,False,False
2023_REG_12_MIA_NYJ_20231124,2023,12,REG,82973.0,43.0,0.0,12.4,0.4,0.7,False,False,False,False,True,True,False,False,False,12,11,4.0,4.0,WMO_3,False,0.4117647058823529,0.5,False,False
2023_REG_12_NE_NYG_20231126,2023,12,REG,82211.0,36.5,0.043,12.5,0.2727272727272727,0.2,True,False,False,False,False,False,False,False,False,12,11,6.0,13.0,WMO_53|PRECIP,False,0.5526315789473685,0.4705882352941176,False,False
2023_REG_12_NO_ATL_20231126,2023,12,REG,70166.0,,,,0.4,0.5,True,False,True,False,False,False,False,False,False,12,11,13.0,13.0,,False,0.4117647058823529,0.4117647058823529,False,False
2023_REG_12_PIT_CIN_20231126,2023,12,REG,65090.0,39.9,0.13,11.3,0.5,0.6,True,False,False,False,False,False,False,False,False,12,11,9.0,6.0,WMO_55|PRECIP,False,0.7368421052631579,0.5294117647058824,False,False
2023_REG_12_SF_SEA_20231123,2023,12,REG,68702.0,43.8,0.0,13.9,0.6,0.7,False,True,False,False,False,False,False,False,False,12,11,3.0,3.0,WMO_3,False,0.5,0.75,False,False
2023_REG_12_TB_IND_20231126,2023,12,REG,64407.0,,,,0.5,0.4,True,False,True,False,False,False,False,False,False,12,11,13.0,6.0,,False,0.2647058823529412,0.4444444444444444,False,False
2023_REG_12_WSH_DAL_20231123,2023,12,REG,93711.0,,,,0.7,0.3636363636363636,False,True,True,False,False,False,False,False,False,12,11,3.0,3.0,,False,0.6842105263157895,0.5,False,False
2023_REG_13_ARI_PIT_20231203,2023,13,REG,66436.0,50.2,0.89,12.9,0.6363636363636364,0.1666666666666666,True,False,False,False,False,False,False,False,False,13,12,6.0,6.0,WMO_63|PRECIP,True,0.5294117647058824,0.2352941176470588,False,False
2023_REG_13_ATL_NYJ_20231203,2023,13,REG,74455.0,47.0,0.591,11.5,0.3636363636363636,0.4545454545454545,True,False,False,False,False,False,False,False,False,13,12,8.0,6.0,WMO_63|PRECIP,True,0.4117647058823529,0.4117647058823529,False,False
2023_REG_13_CAR_TB_20231203,2023,13,REG,62432.0,74.1,0.098,11.4,0.3636363636363636,0.0909090909090909,True,False,False,False,False,False,False,False,False,13,12,6.0,6.0,WMO_61|PRECIP,False,0.4444444444444444,0.4117647058823529,False,False
2023_REG_13_CIN_JAX_20231204,2023,13,REG,67951.0,69.4,0.004,10.5,0.7272727272727273,0.4545454545454545,False,False,False,False,False,False,False,False,False,13,12,7.0,7.0,WMO_51|PRECIP,False,0.5263157894736842,0.7368421052631579,False,False
2023_REG_13_CLE_LAR_20231203,2023,13,REG,72887.0,,,,0.4545454545454545,0.6363636363636364,True,False,True,False,False,False,False,False,False,13,12,6.0,6.0,,False,0.2941176470588235,0.4117647058823529,False,False
2023_REG_13_DEN_HOU_20231203,2023,13,REG,71670.0,,,,0.5454545454545454,0.5454545454545454,True,False,True,False,False,False,False,False,False,13,12,6.0,6.0,,False,0.2058823529411764,0.2941176470588235,False,False
2023_REG_13_DET_NO_20231203,2023,13,REG,70003.0,,,,0.4545454545454545,0.7272727272727273,True,False,True,False,False,False,False,False,False,13,12,6.0,9.0,,False,0.4117647058823529,0.5294117647058824,False,False
2023_REG_13_IND_TEN_20231203,2023,13,REG,62641.0,53.3,0.051,12.2,0.3636363636363636,0.5454545454545454,True,False,False,False,False,False,False,False,False,13,12,6.0,6.0,WMO_53|PRECIP,False,0.4117647058823529,0.2647058823529412,False,False
2023_REG_13_KC_GB_20231203,2023,13,REG,78124.0,32.6,0.374,10.4,0.4545454545454545,0.7272727272727273,True,False,False,False,False,False,False,False,False,13,12,9.0,6.0,WMO_75|SNOW,True,0.4705882352941176,0.85,False,False
2023_REG_13_LAC_NE_20231203,2023,13,REG,64628.0,42.5,0.461,10.6,0.1818181818181818,0.3636363636363636,True,False,False,False,False,False,False,False,False,13,12,6.0,6.0,WMO_61|PRECIP,False,0.4705882352941176,0.5555555555555556,False,False
2023_REG_13_MIA_WSH_20231203,2023,13,REG,63459.0,53.5,0.823,8.4,0.3333333333333333,0.7272727272727273,True,False,False,False,False,False,False,False,False,13,12,9.0,8.0,WMO_63|PRECIP,True,0.5,0.5,False,False
2023_REG_13_SEA_DAL_20231130,2023,13,REG,93367.0,,,,0.7272727272727273,0.5454545454545454,False,False,True,False,False,False,False,False,False,13,11,6.0,6.0,,False,0.6842105263157895,0.5,False,False
2023_REG_13_SF_PHI_20231203,2023,13,REG,69879.0,50.6,0.685,9.2,0.9090909090909092,0.7272727272727273,True,False,False,False,False,False,False,False,False,13,12,6.0,9.0,WMO_63|PRECIP,True,0.8,0.75,False,False
2023_REG_14_BUF_KC_20231210,2023,14,REG,73639.0,35.7,0.0,13.3,0.6666666666666666,0.5,True,False,False,False,False,False,False,False,False,14,12,6.0,13.0,WMO_3,False,0.85,0.7777777777777778,False,False
2023_REG_14_CAR_NO_20231210,2023,14,REG,70009.0,,,,0.4166666666666667,0.0833333333333333,True,False,True,False,False,False,False,False,False,14,12,6.0,6.0,,False,0.4117647058823529,0.4117647058823529,False,False
2023_REG_14_DEN_LAC_20231210,2023,14,REG,70240.0,,,,0.4166666666666667,0.5,True,False,True,False,False,False,False,False,False,14,12,6.0,6.0,,False,0.5555555555555556,0.2941176470588235,False,False
2023_REG_14_DET_CHI_20231210,2023,14,REG,62185.0,35.4,0.0,18.3,0.3333333333333333,0.75,True,False,False,False,False,False,False,False,False,14,12,12.0,6.0,WMO_3,False,0.1764705882352941,0.5294117647058824,False,False
2023_REG_14_GB_NYG_20231211,2023,14,REG,76637.0,46.2,1.492,19.7,0.3333333333333333,0.5,False,False,False,False,False,False,False,False,False,14,12,14.0,7.0,WMO_63|PRECIP,True,0.5526315789473685,0.4705882352941176,False,False
2023_REG_14_HOU_NYJ_20231210,2023,14,REG,72956.0,51.2,0.752,14.4,0.3333333333333333,0.5833333333333334,True,False,False,False,False,False,False,False,False,14,12,6.0,6.0,WMO_63|PRECIP,True,0.4117647058823529,0.2058823529411764,False,False
2023_REG_14_IND_CIN_20231210,2023,14,REG,65981.0,41.4,0.209,10.9,0.5,0.5833333333333334,True,False,False,False,False,False,False,False,False,14,12,5.0,6.0,WMO_61|PRECIP,False,0.7368421052631579,0.2647058823529412,False,False
2023_REG_14_JAX_CLE_20231210,2023,14,REG,67431.0,42.6,0.618,15.4,0.5833333333333334,0.6666666666666666,True,False,False,False,False,False,False,False,False,14,12,6.0,5.0,WMO_63|PRECIP,True,0.4117647058823529,0.5263157894736842,False,False
2023_REG_14_LAR_BAL_20231210,2023,14,REG,70492.0,52.7,1.205,8.0,0.75,0.5,True,False,False,False,False,False,False,False,False,14,12,13.0,6.0,WMO_63|PRECIP,True,0.5555555555555556,0.2941176470588235,False,False
2023_REG_14_MIN_LV_20231210,2023,14,REG,62626.0,,,,0.4166666666666667,0.5,True,False,True,False,False,False,False,False,False,14,12,13.0,12.0,,False,0.3529411764705882,0.7222222222222222,False,False
2023_REG_14_NE_PIT_20231207,2023,14,REG,66376.0,35.5,0.0,11.4,0.5833333333333334,0.1666666666666666,False,False,False,False,False,False,False,False,False,14,12,3.0,3.0,WMO_3,False,0.5294117647058824,0.4705882352941176,False,False
2023_REG_14_PHI_DAL_20231210,2023,14,REG,93752.0,,,,0.75,0.8333333333333334,True,False,True,False,False,False,False,False,False,14,12,9.0,6.0,,False,0.6842105263157895,0.8,False,False
2023_REG_14_SEA_SF_20231210,2023,14,REG,71816.0,47.9,0.0,6.4,0.75,0.5,True,False,False,False,False,False,False,False,False,14,12,6.0,9.0,WMO_3,False,0.75,0.5,False,False
2023_REG_14_TB_ATL_20231210,2023,14,REG,69496.0,,,,0.5,0.4166666666666667,True,False,True,False,False,False,False,False,False,14,12,6.0,6.0,,False,0.4117647058823529,0.4444444444444444,False,False
2023_REG_14_TEN_MIA_20231211,2023,14,REG,66068.0,69.0,0.024,11.2,0.75,0.3333333333333333,False,False,False,False,False,False,False,False,False,14,12,7.0,7.0,WMO_51|PRECIP,False,0.5,0.4117647058823529,False,False
2023_REG_15_ATL_CAR_20231217,2023,15,REG,70301.0,46.7,1.85,19.2,0.0769230769230769,0.4615384615384615,True,False,False,False,False,False,False,False,False,15,12,6.0,6.0,WMO_63|PRECIP,True,0.4117647058823529,0.4117647058823529,False,False
2023_REG_15_BAL_JAX_20231217,2023,15,REG,68021.0,64.7,2.307,26.9,0.6153846153846154,0.7692307692307693,True,False,False,False,False,False,False,False,False,15,12,6.0,6.0,WMO_65|PRECIP|WINDY,True,0.5263157894736842,0.5555555555555556,False,False
2023_REG_15_CHI_CLE_20231217,2023,15,REG,67919.0,45.3,0.327,20.9,0.6153846153846154,0.3846153846153846,True,False,False,False,False,False,False,False,False,15,12,6.0,6.0,WMO_61|PRECIP|WINDY,True,0.4117647058823529,0.1764705882352941,False,False
2023_REG_15_DAL_BUF_20231217,2023,15,REG,70933.0,46.6,0.083,19.6,0.5384615384615384,0.7692307692307693,True,False,False,False,False,False,False,False,False,15,12,6.0,6.0,WMO_55|PRECIP,True,0.7777777777777778,0.6842105263157895,False,False
2023_REG_15_DEN_DET_20231216,2023,15,REG,64500.0,,,,0.6923076923076923,0.5384615384615384,True,False,True,False,False,False,False,False,False,15,12,5.0,5.0,,False,0.5294117647058824,0.2941176470588235,False,False
2023_REG_15_HOU_TEN_20231217,2023,15,REG,66219.0,50.0,0.362,11.5,0.3846153846153846,0.5384615384615384,True,False,False,False,False,False,False,False,False,15,12,5.0,6.0,WMO_61|PRECIP,False,0.4117647058823529,0.2058823529411764,False,False
2023_REG_15_KC_NE_20231217,2023,15,REG,64628.0,41.0,0.067,10.4,0.2307692307692307,0.6153846153846154,True,False,False,False,False,False,False,False,False,15,12,9.0,6.0,WMO_61|PRECIP,False,0.4705882352941176,0.85,False,False
2023_REG_15_LAC_LV_20231214,2023,15,REG,61654.0,,,,0.3846153846153846,0.3846153846153846,False,False,True,False,False,False,False,False,False,15,12,3.0,3.0,,False,0.3529411764705882,0.5555555555555556,False,False
2023_REG_15_MIN_CIN_20231216,2023,15,REG,66376.0,41.3,0.0,8.5,0.5384615384615384,0.5384615384615384,True,False,False,False,False,False,False,False,False,15,12,5.0,5.0,WMO_3,False,0.7368421052631579,0.7222222222222222,False,False
2023_REG_15_NYG_NO_20231217,2023,15,REG,70038.0,,,,0.4615384615384615,0.3846153846153846,True,False,True,False,False,False,False,False,False,15,12,6.0,5.0,,False,0.4117647058823529,0.5526315789473685,False,False
2023_REG_15_NYJ_MIA_20231217,2023,15,REG,65967.0,72.9,1.213,22.9,0.6923076923076923,0.3846153846153846,True,False,False,False,False,False,False,False,False,15,12,5.0,6.0,WMO_63|PRECIP|WINDY,True,0.5,0.4117647058823529,False,False
2023_REG_15_PHI_SEA_20231218,2023,15,REG,68758.0,41.4,0.039,6.9,0.4615384615384615,0.7692307692307693,False,False,False,False,False,False,False,False,False,15,12,7.0,7.0,WMO_53|PRECIP,False,0.5,0.8,False,False
2023_REG_15_PIT_IND_20231216,2023,15,REG,64171.0,,,,0.5384615384615384,0.5384615384615384,True,False,True,False,False,False,False,False,False,15,12,5.0,8.0,,False,0.2647058823529412,0.5294117647058824,False,False
2023_REG_15_SF_ARI_20231217,2023,15,REG,63967.0,,,,0.2307692307692307,0.7692307692307693,True,False,True,False,False,False,False,False,False,15,12,13.0,6.0,,False,0.2352941176470588,0.75,False,False
2023_REG_15_TB_GB_20231217,2023,15,REG,77275.0,39.6,0.024,10.5,0.4615384615384615,0.4615384615384615,True,False,False,False,False,False,False,False,False,15,12,5.0,6.0,WMO_51|PRECIP,False,0.4705882352941176,0.4444444444444444,False,False
2023_REG_15_WSH_LAR_20231217,2023,15,REG,72035.0,,,,0.4615384615384615,0.3076923076923077,True,False,True,False,False,False,False,False,False,15,12,6.0,13.0,,False,0.2941176470588235,0.5,False,False
2023_REG_16_ARI_CHI_20231224,2023,16,REG,59978.0,48.0,0.0,12.2,0.3571428571428571,0.2142857142857142,True,False,False,True,False,True,False,False,False,16,12,6.0,6.0,WMO_3,False,0.1764705882352941,0.2352941176470588,False,False
2023_REG_16_BAL_SF_20231225,2023,16,REG,71812.0,48.6,0.0,4.9,0.7857142857142857,0.7857142857142857,False,True,False,False,False,False,False,False,False,16,12,7.0,7.0,WMO_3,False,0.75,0.5555555555555556,False,False
2023_REG_16_BUF_LAC_20231223,2023,16,REG,67678.0,,,,0.3571428571428571,0.5714285714285714,True,False,True,False,False,False,False,False,False,16,12,8.0,5.0,,False,0.5555555555555556,0.7777777777777778,False,False
2023_REG_16_CIN_PIT_20231223,2023,16,REG,66646.0,39.9,0.035,7.1,0.5,0.5714285714285714,True,False,False,False,False,False,False,False,False,16,12,6.0,6.0,WMO_53|PRECIP,False,0.5294117647058824,0.7368421052631579,False,False
2023_REG_16_CLE_HOU_20231224,2023,16,REG,70831.0,,,,0.5714285714285714,0.6428571428571429,True,False,True,True,False,True,False,False,False,16,12,6.0,6.0,,False,0.2058823529411764,0.4117647058823529,False,False
2023_REG_16_DAL_MIA_20231224,2023,16,REG,66410.0,70.0,0.047,14.6,0.7142857142857143,0.7142857142857143,True,False,False,True,False,True,False,False,False,16,12,6.0,6.0,WMO_51|PRECIP,False,0.5,0.6842105263157895,False,False
2023_REG_16_DET_MIN_20231224,2023,16,REG,66932.0,,,,0.5,0.7142857142857143,True,False,True,True,False,True,False,False,False,16,12,7.0,7.0,,False,0.7222222222222222,0.5294117647058824,False,False
2023_REG_16_GB_CAR_20231224,2023,16,REG,70875.0,49.0,0.0,5.9,0.1428571428571428,0.4285714285714285,True,False,False,True,False,True,False,False,False,16,12,6.0,6.0,WMO_3,False,0.4117647058823529,0.4705882352941176,False,False
2023_REG_16_IND_ATL_20231224,2023,16,REG,69221.0,,,,0.4285714285714285,0.5714285714285714,True,False,True,True,False,True,False,False,False,16,12,6.0,7.0,,False,0.4117647058823529,0.2647058823529412,False,False
2023_REG_16_JAX_TB_20231224,2023,16,REG,62547.0,64.5,0.0,16.0,0.5,0.5714285714285714,True,False,False,True,False,True,False,False,False,16,12,6.0,6.0,WMO_3,False,0.4444444444444444,0.5263157894736842,False,False
2023_REG_16_LV_KC_20231225,2023,16,REG,73480.0,42.9,1.516,13.2,0.6428571428571429,0.4285714285714285,False,True,False,False,False,False,False,False,False,16,12,7.0,10.0,WMO_65|PRECIP,True,0.85,0.3529411764705882,False,False
2023_REG_16_NE_DEN_20231224,2023,16,REG,76201.0,32.9,0.201,12.6,0.5,0.2142857142857142,True,False,False,True,False,True,False,False,False,16,12,7.0,6.0,WMO_73|SNOW,True,0.2941176470588235,0.4705882352941176,False,False
2023_REG_16_NO_LAR_20231221,2023,16,REG,73228.0,,,,0.5,0.5,False,False,True,False,False,False,False,False,False,16,12,3.0,3.0,,False,0.2941176470588235,0.4117647058823529,False,False
2023_REG_16_NYG_PHI_20231225,2023,16,REG,69879.0,44.3,0.0,5.9,0.7142857142857143,0.3571428571428571,False,True,False,False,False,False,False,False,False,16,12,6.0,7.0,WMO_3,False,0.8,0.5526315789473685,False,False
2023_REG_16_SEA_TEN_20231224,2023,16,REG,60181.0,54.9,0.004,10.1,0.3571428571428571,0.5,True,False,False,True,False,True,False,False,False,16,12,6.0,5.0,WMO_51|PRECIP,False,0.4117647058823529,0.5,False,False
2023_REG_16_WSH_NYJ_20231224,2023,16,REG,67470.0,39.1,0.024,5.1,0.3571428571428571,0.2857142857142857,True,False,False,True,False,True,False,False,False,16,12,6.0,6.0,WMO_51|PRECIP,False,0.4117647058823529,0.5,False,False
2023_REG_17_ARI_PHI_20231231,2023,17,REG,69879.0,40.4,0.0,10.9,0.7333333333333333,0.2,True,False,False,False,False,False,False,False,False,17,12,5.0,6.0,WMO_3,False,0.8,0.2352941176470588,False,False
2023_REG_17_ATL_CHI_20231231,2023,17,REG,61752.0,32.0,0.059,12.5,0.4,0.4666666666666667,True,False,False,False,False,False,False,False,False,17,12,6.0,6.0,WMO_73|SNOW,True,0.1764705882352941,0.4117647058823529,False,False
2023_REG_17_CAR_JAX_20231231,2023,17,REG,67233.0,45.5,0.0,6.8,0.5333333333333333,0.1333333333333333,True,False,False,False,False,False,False,False,False,17,12,6.0,6.0,WMO_3,False,0.5263157894736842,0.4117647058823529,False,False
2023_REG_17_CIN_KC_20231231,2023,17,REG,73565.0,33.9,0.0,11.7,0.6,0.5333333333333333,True,False,False,False,False,False,False,False,False,17,12,5.0,7.0,WMO_3,False,0.85,0.7368421052631579,False,False
2023_REG_17_DET_DAL_20231230,2023,17,REG,93731.0,,,,0.6666666666666666,0.7333333333333333,True,False,True,False,False,False,False,False,False,17,12,5.0,5.0,,False,0.6842105263157895,0.5294117647058824,False,False
2023_REG_17_GB_MIN_20231231,2023,17,REG,67003.0,,,,0.4666666666666667,0.4666666666666667,True,False,True,False,False,False,False,False,False,17,12,6.0,6.0,,False,0.7222222222222222,0.4705882352941176,False,False
2023_REG_17_LAC_DEN_20231231,2023,17,REG,76228.0,29.1,0.0,6.4,0.4666666666666667,0.3333333333333333,True,False,False,False,False,False,False,False,False,17,12,6.0,7.0,WMO_3,False,0.2941176470588235,0.5555555555555556,False,False
2023_REG_17_LAR_NYG_20231231,2023,17,REG,75517.0,37.8,0.0,9.5,0.3333333333333333,0.5333333333333333,True,False,False,False,False,False,False,False,False,17,12,5.0,9.0,WMO_3,False,0.5526315789473685,0.2941176470588235,False,False
2023_REG_17_LV_IND_20231231,2023,17,REG,65538.0,,,,0.5333333333333333,0.4666666666666667,True,False,True,False,False,False,False,False,False,17,12,6.0,5.0,,False,0.2647058823529412,0.3529411764705882,False,False
2023_REG_17_MIA_BAL_20231231,2023,17,REG,71196.0,40.9,0.012,10.6,0.8,0.7333333333333333,True,False,False,False,False,False,False,False,False,17,12,5.0,6.0,WMO_51|PRECIP,False,0.5555555555555556,0.5,False,False
2023_REG_17_NE_BUF_20231231,2023,17,REG,70772.0,34.1,0.031,8.4,0.6,0.2666666666666666,True,False,False,False,False,False,False,False,False,17,12,7.0,6.0,WMO_71|SNOW,True,0.7777777777777778,0.4705882352941176,False,False
2023_REG_17_NO_TB_20231231,2023,17,REG,65741.0,54.2,0.0,6.2,0.5333333333333333,0.4666666666666667,True,False,False,False,False,False,False,False,False,17,12,6.0,9.0,WMO_1,False,0.4444444444444444,0.4117647058823529,False,False
2023_REG_17_NYJ_CLE_20231228,2023,17,REG,67919.0,42.0,0.28,7.5,0.6666666666666666,0.4,False,False,False,False,False,False,False,False,False,17,12,3.0,3.0,WMO_61|PRECIP,False,0.4117647058823529,0.4117647058823529,False,False
2023_REG_17_PIT_SEA_20231231,2023,17,REG,68735.0,45.3,0.004,11.6,0.5333333333333333,0.5333333333333333,True,False,False,False,False,False,False,False,False,17,12,6.0,7.0,WMO_51|PRECIP,False,0.5,0.5294117647058824,False,False
2023_REG_17_SF_WSH_20231231,2023,17,REG,64424.0,41.5,0.0,10.5,0.2666666666666666,0.7333333333333333,True,False,False,False,False,False,False,False,False,17,12,6.0,5.0,WMO_3,False,0.5,0.75,False,False
2023_REG_17_TEN_HOU_20231231,2023,17,REG,71517.0,,,,0.5333333333333333,0.3333333333333333,True,False,True,False,False,False,False,False,False,17,12,6.0,6.0,,False,0.2058823529411764,0.4117647058823529,False,False
2023_REG_18_ATL_NO_20240107,2023,18,REG,70072.0,,,,0.5,0.4375,True,False,True,False,False,False,False,False,False,18,1,6.0,6.0,,False,0.4117647058823529,0.4117647058823529,False,False
2023_REG_18_BUF_MIA_20240107,2023,18,REG,66292.0,69.3,0.591,13.0,0.6875,0.625,True,False,False,False,False,False,False,False,False,18,1,6.0,6.0,WMO_65|PRECIP,True,0.5,0.7777777777777778,False,False
2023_REG_18_CHI_GB_20240107,2023,18,REG,78188.0,30.6,0.008,10.3,0.5,0.4375,True,False,False,False,False,False,False,False,False,18,1,6.0,6.0,WMO_71|SNOW,True,0.4705882352941176,0.1764705882352941,False,False
2023_REG_18_CLE_CIN_20240107,2023,18,REG,65865.0,35.4,0.083,15.9,0.5,0.6875,True,False,False,False,False,False,False,False,False,18,1,6.0,9.0,WMO_71|SNOW,True,0.7368421052631579,0.4117647058823529,False,False
2023_REG_18_DAL_WSH_20240107,2023,18,REG,63645.0,38.5,0.028,16.7,0.25,0.6875,True,False,False,False,False,False,False,False,False,18,1,6.0,7.0,WMO_51|PRECIP,True,0.5,0.6842105263157895,False,False
2023_REG_18_DEN_LV_20240107,2023,18,REG,61429.0,,,,0.4375,0.5,True,False,True,False,False,False,False,False,False,18,1,6.0,6.0,,False,0.3529411764705882,0.2941176470588235,False,False
2023_REG_18_HOU_IND_20240106,2023,18,REG,65925.0,,,,0.5625,0.5625,True,False,True,False,False,False,False,False,False,18,1,5.0,5.0,,False,0.2647058823529412,0.2058823529411764,False,False
2023_REG_18_JAX_TEN_20240107,2023,18,REG,63744.0,41.7,0.055,12.1,0.3125,0.5625,True,False,False,False,False,False,False,False,False,18,1,6.0,6.0,WMO_51|PRECIP,False,0.4117647058823529,0.5263157894736842,False,False
2023_REG_18_KC_LAC_20240107,2023,18,REG,68274.0,,,,0.3125,0.625,True,False,True,False,False,False,False,False,False,18,1,6.0,6.0,,False,0.5555555555555556,0.85,False,False
2023_REG_18_LAR_SF_20240107,2023,18,REG,71624.0,45.0,0.012,11.2,0.75,0.5625,True,False,False,False,False,False,False,False,False,18,1,6.0,6.0,WMO_51|PRECIP,False,0.75,0.2941176470588235,False,False
2023_REG_18_MIN_DET_20240107,2023,18,REG,63233.0,,,,0.6875,0.4375,True,False,True,False,False,False,False,False,False,18,1,7.0,6.0,,False,0.5294117647058824,0.7222222222222222,False,False
2023_REG_18_NYJ_NE_20240107,2023,18,REG,64628.0,32.2,1.169,15.2,0.25,0.375,True,False,False,False,False,False,False,False,False,18,1,6.0,9.0,WMO_75|SNOW,True,0.4705882352941176,0.4117647058823529,False,False
2023_REG_18_PHI_NYG_20240107,2023,18,REG,75740.0,35.2,0.709,18.6,0.3125,0.6875,True,False,False,False,False,False,False,False,False,18,1,6.0,6.0,WMO_75|SNOW,True,0.5526315789473685,0.8,False,False
2023_REG_18_PIT_BAL_20240106,2023,18,REG,70355.0,32.1,0.646,19.6,0.8125,0.5625,True,False,False,False,False,False,False,False,False,18,1,5.0,5.0,WMO_71|SNOW,True,0.5555555555555556,0.5294117647058824,False,False
2023_REG_18_SEA_ARI_20240107,2023,18,REG,63197.0,,,,0.25,0.5,True,False,True,False,False,False,False,False,False,18,1,6.0,6.0,,False,0.2352941176470588,0.5,False,False
2023_REG_18_TB_CAR_20240107,2023,18,REG,69010.0,44.4,0.0,15.7,0.125,0.5,True,False,False,False,False,False,False,False,False,18,1,6.0,6.0,WMO_3,False,0.4117647058823529,0.4444444444444444,False,False
2023_POST_19_CLE_HOU_20240113,2023,19,POST,,,,,0.5882352941176471,0.6470588235294118,True,False,True,False,False,False,False,False,False,19,1,6.0,5.0,,False,0.2058823529411764,0.4117647058823529,False,False
2023_POST_19_GB_DAL_20240114,2023,19,POST,,,,,0.7058823529411765,0.5294117647058824,True,False,True,True,False,True,False,False,False,19,1,6.0,6.0,,False,0.6842105263157895,0.4705882352941176,False,False
2023_POST_19_LAR_DET_20240114,2023,19,POST,,,,,0.7058823529411765,0.5882352941176471,True,False,True,True,False,True,False,False,False,19,1,6.0,6.0,,False,0.5294117647058824,0.2941176470588235,False,False
2023_POST_19_MIA_KC_20240113,2023,19,POST,,5.3,0.051,17.1,0.6470588235294118,0.6470588235294118,True,False,False,False,False,False,False,False,False,19,1,5.0,5.0,WMO_73|SNOW,True,0.85,0.5,False,False
2023_POST_19_PHI_TB_20240115,2023,19,POST,,61.1,0.035,9.7,0.5294117647058824,0.6470588235294118,False,True,False,False,False,False,False,False,False,19,1,7.0,7.0,WMO_53|PRECIP,False,0.4444444444444444,0.8,False,False
2023_POST_19_PIT_BUF_20240115,2023,19,POST,,16.0,0.236,21.5,0.6470588235294118,0.5882352941176471,False,True,False,False,False,False,False,False,False,19,1,7.0,8.0,WMO_73|SNOW|WINDY,True,0.7777777777777778,0.5294117647058824,False,False
2023_POST_20_GB_SF_20240120,2023,20,POST,,56.8,0.295,12.4,0.7058823529411765,0.5555555555555556,True,False,False,False,False,False,False,False,False,20,1,12.0,5.0,WMO_63|PRECIP,False,0.75,0.4705882352941176,False,False
2023_POST_20_HOU_BAL_20240120,2023,20,POST,,20.6,0.0,16.9,0.7647058823529411,0.6111111111111112,True,False,False,False,False,False,False,False,False,20,1,13.0,6.0,WMO_3,False,0.5555555555555556,0.2058823529411764,False,False
2023_POST_20_KC_BUF_20240121,2023,20,POST,,19.2,0.008,13.9,0.6666666666666666,0.6666666666666666,True,False,False,False,False,False,False,False,False,20,1,5.0,7.0,WMO_71|SNOW,True,0.7777777777777778,0.85,False,False
2023_POST_20_TB_DET_20240121,2023,20,POST,,,,,0.7222222222222222,0.5555555555555556,True,False,True,False,False,False,False,False,False,20,1,6.0,5.0,,False,0.5294117647058824,0.4444444444444444,False,False
2023_CON_21_DET_SF_20240128,2023,21,CON,,56.5,0.0,6.2,0.7222222222222222,0.7368421052631579,True,False,False,False,False,False,False,False,False,21,1,7.0,6.0,WMO_3,False,0.75,0.5294117647058824,False,False
2023_CON_21_KC_BAL_20240128,2023,21,CON,,43.1,1.15,15.0,0.7777777777777778,0.6842105263157895,True,False,False,False,False,False,False,False,False,21,1,7.0,6.0,WMO_63|PRECIP,True,0.5555555555555556,0.85,False,False
2023_POST_22_SF_KC_20240211,2023,22,POST,,,,,0.7,0.7368421052631579,True,False,True,False,False,False,False,False,False,22,2,13.0,13.0,,False,0.85,0.75,False,False
2024_REG_01_ARI_BUF_20240908,2024,1,REG,70542.0,54.6,0.106,20.6,,,True,False,False,False,False,False,False,False,False,1,9,230.0,244.0,WMO_53|PRECIP|WINDY,True,0.631578947368421,0.2352941176470588,False,False
2024_REG_01_BAL_KC_20240905,2024,1,REG,73611.0,75.1,0.008,6.5,,,False,False,False,False,False,False,False,False,False,1,9,206.0,220.0,WMO_51|PRECIP,False,0.7142857142857143,0.7368421052631579,False,False
2024_REG_01_CAR_NO_20240908,2024,1,REG,70007.0,,,,,,True,False,True,False,False,False,False,False,False,1,9,244.0,244.0,,False,0.5294117647058824,0.1176470588235294,False,False
2024_REG_01_DAL_CLE_20240908,2024,1,REG,67431.0,59.0,0.0,16.3,,,True,False,False,False,False,False,False,False,False,1,9,238.0,237.0,WMO_1,False,0.6111111111111112,0.6666666666666666,False,False
2024_REG_01_DEN_SEA_20240908,2024,1,REG,68714.0,67.7,0.0,10.1,,,True,False,False,False,False,False,False,False,False,1,9,244.0,244.0,WMO_3,False,0.5294117647058824,0.4705882352941176,False,False
2024_REG_01_GB_PHI_20240906,2024,1,REG,47236.0,62.9,0.02,14.4,,,False,False,False,False,False,False,False,False,False,1,9,234.0,229.0,WMO_51|PRECIP,False,0.6111111111111112,0.5263157894736842,False,False
2024_REG_01_HOU_IND_20240908,2024,1,REG,65306.0,,,,,,True,False,True,False,False,False,False,False,False,1,9,245.0,231.0,,False,0.5294117647058824,0.5789473684210527,False,False
2024_REG_01_JAX_MIA_20240908,2024,1,REG,65582.0,82.9,0.02,10.1,,,True,False,False,False,False,False,False,False,False,1,9,238.0,244.0,WMO_51|PRECIP,False,0.6111111111111112,0.5294117647058824,False,False
2024_REG_01_LAR_DET_20240908,2024,1,REG,66530.0,,,,,,True,False,True,False,False,False,False,False,False,1,9,223.0,237.0,,False,0.7,0.5555555555555556,False,False
2024_REG_01_LV_LAC_20240908,2024,1,REG,70240.0,,,,,,True,False,True,False,False,False,False,False,False,1,9,244.0,244.0,,False,0.2941176470588235,0.4705882352941176,False,False
2024_REG_01_MIN_NYG_20240908,2024,1,REG,81908.0,61.4,0.004,12.5,,,True,False,False,False,False,False,False,False,False,1,9,244.0,244.0,WMO_51|PRECIP,False,0.3529411764705882,0.4117647058823529,False,False
2024_REG_01_NE_CIN_20240908,2024,1,REG,66214.0,58.7,0.0,6.7,,,True,False,False,False,False,False,False,False,False,1,9,244.0,244.0,WMO_1,False,0.5294117647058824,0.2352941176470588,False,False
2024_REG_01_NYJ_SF_20240909,2024,1,REG,71319.0,66.3,0.0,15.0,,,False,False,False,False,False,False,False,False,False,1,9,210.0,245.0,WMO_3,False,0.7,0.4117647058823529,False,False
2024_REG_01_PIT_ATL_20240908,2024,1,REG,72291.0,,,,,,True,False,True,False,False,False,False,False,False,1,9,244.0,236.0,,False,0.4117647058823529,0.5555555555555556,False,False
2024_REG_01_TEN_CHI_20240908,2024,1,REG,59403.0,59.2,0.0,11.3,,,True,False,False,False,False,False,False,False,False,1,9,244.0,244.0,WMO_3,False,0.4117647058823529,0.3529411764705882,False,False
2024_REG_01_WSH_TB_20240908,2024,1,REG,63020.0,79.5,0.067,8.8,,,True,False,False,False,False,False,False,False,False,1,9,230.0,244.0,WMO_53|PRECIP,False,0.5263157894736842,0.2352941176470588,False,False
2024_REG_02_ATL_PHI_20240916,2024,2,REG,69879.0,67.4,0.0,10.1,1.0,0.0,False,False,False,False,False,False,False,False,False,2,9,9.0,7.0,WMO_3,False,0.6111111111111112,0.4117647058823529,False,False
2024_REG_02_BUF_MIA_20240912,2024,2,REG,65601.0,81.2,0.701,6.1,1.0,1.0,False,False,False,False,False,False,False,False,False,2,9,3.0,3.0,WMO_65|PRECIP,True,0.6111111111111112,0.631578947368421,False,False
2024_REG_02_CHI_HOU_20240915,2024,2,REG,71412.0,,,,1.0,1.0,True,False,True,False,False,False,False,False,False,2,9,6.0,6.0,,False,0.5789473684210527,0.4117647058823529,False,False
2024_REG_02_CIN_KC_20240915,2024,2,REG,73558.0,75.7,0.028,7.8,1.0,0.0,True,False,False,False,False,False,False,False,False,2,9,9.0,6.0,WMO_51|PRECIP,False,0.7142857142857143,0.5294117647058824,False,False
2024_REG_02_CLE_JAX_20240915,2024,2,REG,60105.0,77.6,0.067,14.5,0.0,0.0,True,False,False,False,False,False,False,False,False,2,9,6.0,6.0,WMO_53|PRECIP,False,0.5294117647058824,0.6111111111111112,False,False
2024_REG_02_IND_GB_20240915,2024,2,REG,77827.0,72.7,0.004,9.7,0.0,0.0,True,False,False,False,False,False,False,False,False,2,9,8.0,6.0,WMO_51|PRECIP,False,0.5263157894736842,0.5294117647058824,False,False
2024_REG_02_LAC_CAR_20240915,2024,2,REG,70145.0,73.0,0.028,16.8,0.0,1.0,True,False,False,False,False,False,False,False,False,2,9,6.0,6.0,WMO_51|PRECIP,False,0.1176470588235294,0.2941176470588235,False,False
2024_REG_02_LAR_ARI_20240915,2024,2,REG,63331.0,,,,0.0,0.0,True,False,True,False,False,False,False,False,False,2,9,6.0,6.0,,False,0.2352941176470588,0.5555555555555556,False,False
2024_REG_02_LV_BAL_20240915,2024,2,REG,70762.0,70.5,0.0,10.9,0.0,0.0,True,False,False,False,False,False,False,False,False,2,9,9.0,6.0,WMO_3,False,0.7368421052631579,0.4705882352941176,False,False
2024_REG_02_NO_DAL_20240915,2024,2,REG,93691.0,,,,1.0,1.0,True,False,True,False,False,False,False,False,False,2,9,6.0,6.0,,False,0.6666666666666666,0.5294117647058824,False,False
2024_REG_02_NYG_WSH_20240915,2024,2,REG,61841.0,70.0,0.0,10.4,0.0,0.0,True,False,False,False,False,False,False,False,False,2,9,6.0,6.0,WMO_3,False,0.2352941176470588,0.3529411764705882,False,False
2024_REG_02_NYJ_TEN_20240915,2024,2,REG,65509.0,73.7,0.398,9.5,0.0,0.0,True,False,False,False,False,False,False,False,False,2,9,6.0,5.0,WMO_63|PRECIP,False,0.3529411764705882,0.4117647058823529,False,False
2024_REG_02_PIT_DEN_20240915,2024,2,REG,74215.0,69.6,0.0,13.9,0.0,1.0,True,False,False,False,False,False,False,False,False,2,9,6.0,6.0,WMO_3,False,0.4705882352941176,0.5555555555555556,False,False
2024_REG_02_SEA_NE_20240915,2024,2,REG,64686.0,66.3,0.0,6.9,1.0,1.0,True,False,False,False,False,False,False,False,False,2,9,6.0,6.0,WMO_0,False,0.2352941176470588,0.5294117647058824,False,False
2024_REG_02_SF_MIN_20240915,2024,2,REG,66741.0,,,,1.0,1.0,True,False,True,False,False,False,False,False,False,2,9,6.0,5.0,,False,0.4117647058823529,0.7,False,False
2024_REG_02_TB_DET_20240915,2024,2,REG,64160.0,,,,1.0,1.0,True,False,True,False,False,False,False,False,False,2,9,6.0,6.0,,False,0.7,0.5263157894736842,False,False
2024_REG_03_BAL_DAL_20240922,2024,3,REG,93566.0,,,,0.5,0.0,True,False,True,False,False,False,False,False,False,3,9,6.0,6.0,,False,0.6666666666666666,0.7368421052631579,False,False
2024_REG_03_CAR_LV_20240922,2024,3,REG,62417.0,,,,0.5,0.0,True,False,True,False,False,False,False,False,False,3,9,6.0,6.0,,False,0.4705882352941176,0.1176470588235294,False,False
2024_REG_03_CHI_IND_20240922,2024,3,REG,66624.0,,,,0.0,0.5,True,False,True,False,False,False,False,False,False,3,9,6.0,6.0,,False,0.5294117647058824,0.4117647058823529,False,False
2024_REG_03_DEN_TB_20240922,2024,3,REG,62738.0,79.3,0.0,10.4,1.0,0.0,True,False,False,False,False,False,False,False,False,3,9,6.0,6.0,WMO_1,False,0.5263157894736842,0.4705882352941176,False,False
2024_REG_03_DET_ARI_20240922,2024,3,REG,63650.0,,,,0.5,0.5,True,False,True,False,False,False,False,False,False,3,9,6.0,6.0,,False,0.2352941176470588,0.7,False,False
2024_REG_03_GB_TEN_20240922,2024,3,REG,67322.0,74.9,0.378,9.6,0.0,0.5,True,False,False,False,False,False,False,False,False,3,9,6.0,6.0,WMO_63|PRECIP,False,0.3529411764705882,0.5263157894736842,False,False
2024_REG_03_HOU_MIN_20240922,2024,3,REG,66843.0,,,,1.0,1.0,True,False,True,False,False,False,False,False,False,3,9,6.0,6.0,,False,0.4117647058823529,0.5789473684210527,False,False
2024_REG_03_JAX_BUF_20240923,2024,3,REG,70316.0,69.2,0.303,12.3,1.0,0.0,False,False,False,False,False,False,False,False,False,3,9,10.0,7.0,WMO_63|PRECIP,False,0.631578947368421,0.5294117647058824,False,False
2024_REG_03_KC_ATL_20240922,2024,3,REG,72441.0,,,,0.5,1.0,True,False,True,False,False,False,False,False,False,3,9,5.0,6.0,,False,0.4117647058823529,0.7142857142857143,False,False
2024_REG_03_LAC_PIT_20240922,2024,3,REG,66734.0,69.8,0.0,6.3,1.0,1.0,True,False,False,False,False,False,False,False,False,3,9,6.0,6.0,WMO_3,False,0.5555555555555556,0.2941176470588235,False,False
2024_REG_03_MIA_SEA_20240922,2024,3,REG,68658.0,58.2,0.0,8.1,1.0,0.5,True,False,False,False,False,False,False,False,False,3,9,6.0,9.0,WMO_3,False,0.5294117647058824,0.6111111111111112,False,False
2024_REG_03_NE_NYJ_20240919,2024,3,REG,80812.0,71.8,0.0,9.7,0.5,0.5,False,False,False,False,False,False,False,False,False,3,9,3.0,3.0,WMO_3,False,0.4117647058823529,0.2352941176470588,False,False
2024_REG_03_NYG_CLE_20240922,2024,3,REG,68016.0,72.8,0.0,8.1,0.5,0.0,True,False,False,False,False,False,False,False,False,3,9,6.0,6.0,WMO_3,False,0.6111111111111112,0.3529411764705882,False,False
2024_REG_03_PHI_NO_20240922,2024,3,REG,70006.0,,,,1.0,0.5,True,False,True,False,False,False,False,False,False,3,9,6.0,5.0,,False,0.5294117647058824,0.6111111111111112,False,False
2024_REG_03_SF_LAR_20240922,2024,3,REG,,,,,0.0,0.5,True,False,True,False,False,False,False,False,False,3,9,6.0,6.0,,False,0.5555555555555556,0.7,False,False
2024_REG_03_WSH_CIN_20240923,2024,3,REG,66207.0,73.6,0.228,6.7,0.0,0.5,False,False,False,False,False,False,False,False,False,3,9,7.0,7.0,WMO_63|PRECIP,False,0.5294117647058824,0.2352941176470588,False,False
2024_REG_04_BUF_BAL_20240929,2024,4,REG,70636.0,66.9,0.276,10.6,0.3333333333333333,1.0,True,False,False,False,False,False,False,False,False,4,9,6.0,5.0,WMO_61|PRECIP,False,0.7368421052631579,0.631578947368421,False,False
2024_REG_04_CIN_CAR_20240929,2024,4,REG,77258.0,73.0,0.008,8.1,0.3333333333333333,0.0,True,False,False,False,False,False,False,False,False,4,9,6.0,5.0,WMO_51|PRECIP,False,0.1176470588235294,0.5294117647058824,False,False
2024_REG_04_CLE_LV_20240929,2024,4,REG,62401.0,,,,0.3333333333333333,0.3333333333333333,True,False,True,False,False,False,False,False,False,4,9,6.0,6.0,,False,0.4705882352941176,0.6111111111111112,False,False
2024_REG_04_DAL_NYG_20240926,2024,4,REG,80425.0,67.0,0.173,9.9,0.3333333333333333,0.3333333333333333,False,False,False,False,False,False,False,False,False,4,9,3.0,3.0,WMO_61|PRECIP,False,0.3529411764705882,0.6666666666666666,False,False
2024_REG_04_DEN_NYJ_20240929,2024,4,REG,82243.0,62.8,0.138,11.9,0.6666666666666666,0.3333333333333333,True,False,False,False,False,False,False,False,False,4,9,9.0,6.0,WMO_53|PRECIP,False,0.4117647058823529,0.4705882352941176,False,False
2024_REG_04_JAX_HOU_20240929,2024,4,REG,71115.0,,,,0.6666666666666666,0.0,True,False,True,False,False,False,False,False,False,4,9,6.0,5.0,,False,0.5789473684210527,0.5294117647058824,False,False
2024_REG_04_KC_LAC_20240929,2024,4,REG,70240.0,,,,0.6666666666666666,1.0,True,False,True,False,False,False,False,False,False,4,9,6.0,6.0,,False,0.2941176470588235,0.7142857142857143,False,False
2024_REG_04_LAR_CHI_20240929,2024,4,REG,59074.0,65.6,0.004,17.6,0.3333333333333333,0.3333333333333333,True,False,False,False,False,False,False,False,False,4,9,6.0,6.0,WMO_51|PRECIP,False,0.4117647058823529,0.5555555555555556,False,False
2024_REG_04_MIN_GB_20240929,2024,4,REG,78335.0,63.7,0.0,12.9,0.6666666666666666,1.0,True,False,False,False,False,False,False,False,False,4,9,6.0,6.0,WMO_0,False,0.5263157894736842,0.4117647058823529,False,False
2024_REG_04_NE_SF_20240929,2024,4,REG,71042.0,63.3,0.0,12.2,0.3333333333333333,0.3333333333333333,True,False,False,False,False,False,False,False,False,4,9,6.0,9.0,WMO_3,False,0.7,0.2352941176470588,False,False
2024_REG_04_NO_ATL_20240929,2024,4,REG,72204.0,,,,0.3333333333333333,0.6666666666666666,True,False,True,False,False,False,False,False,False,4,9,6.0,6.0,,False,0.4117647058823529,0.5294117647058824,False,False
2024_REG_04_PHI_TB_20240929,2024,4,REG,64223.0,82.2,0.047,9.5,0.6666666666666666,0.6666666666666666,True,False,False,False,False,False,False,False,False,4,9,6.0,6.0,WMO_51|PRECIP,False,0.5263157894736842,0.6111111111111112,False,False
2024_REG_04_PIT_IND_20240929,2024,4,REG,66376.0,,,,0.3333333333333333,1.0,True,False,True,False,False,False,False,False,False,4,9,6.0,6.0,,False,0.5294117647058824,0.5555555555555556,False,False
2024_REG_04_SEA_DET_20240930,2024,4,REG,66658.0,,,,0.6666666666666666,1.0,False,False,True,False,False,False,False,False,False,4,9,7.0,7.0,,False,0.7,0.5294117647058824,False,False
2024_REG_04_TEN_MIA_20240930,2024,4,REG,65291.0,81.1,0.067,8.8,0.3333333333333333,0.0,False,False,False,False,False,False,False,False,False,4,9,7.0,7.0,WMO_53|PRECIP,False,0.6111111111111112,0.3529411764705882,False,False
2024_REG_04_WSH_ARI_20240929,2024,4,REG,63286.0,,,,0.3333333333333333,0.6666666666666666,True,False,True,False,False,False,False,False,False,4,9,6.0,5.0,,False,0.2352941176470588,0.2352941176470588,False,False
2024_REG_05_ARI_SF_20241006,2024,5,REG,71310.0,85.9,0.0,11.9,0.5,0.25,True,False,False,False,False,False,False,False,False,5,10,6.0,6.0,WMO_1,False,0.7,0.2352941176470588,False,False
2024_REG_05_BAL_CIN_20241006,2024,5,REG,66341.0,70.4,0.0,11.9,0.25,0.5,True,False,False,False,False,False,False,False,False,5,10,6.0,6.0,WMO_1,False,0.5294117647058824,0.7368421052631579,False,False
2024_REG_05_BUF_HOU_20241006,2024,5,REG,71427.0,,,,0.75,0.75,True,False,True,False,False,False,False,False,False,5,10,6.0,6.0,,False,0.5789473684210527,0.631578947368421,False,False
2024_REG_05_CAR_CHI_20241006,2024,5,REG,59307.0,70.5,0.0,21.4,0.5,0.25,True,False,False,False,False,False,False,False,False,5,10,6.0,6.0,WMO_3|WINDY,True,0.4117647058823529,0.1176470588235294,False,False
2024_REG_05_CLE_WSH_20241006,2024,5,REG,59030.0,63.5,0.0,7.7,0.75,0.25,True,False,False,False,False,False,False,False,False,5,10,6.0,6.0,WMO_0,False,0.2352941176470588,0.6111111111111112,False,False
2024_REG_05_DAL_PIT_20241006,2024,5,REG,67380.0,62.5,0.0,12.1,0.75,0.5,True,False,False,False,False,False,False,False,False,5,10,6.0,9.0,WMO_3,False,0.5555555555555556,0.6666666666666666,False,False
2024_REG_05_GB_LAR_20241006,2024,5,REG,72842.0,,,,0.25,0.5,True,False,True,False,False,False,False,False,False,5,10,6.0,6.0,,False,0.5555555555555556,0.5263157894736842,False,False
2024_REG_05_IND_JAX_20241006,2024,5,REG,60214.0,74.6,0.906,12.4,0.0,0.5,True,False,False,False,False,False,False,False,False,5,10,6.0,6.0,WMO_63|PRECIP,True,0.5294117647058824,0.5294117647058824,False,False
2024_REG_05_LV_DEN_20241006,2024,5,REG,72825.0,61.5,0.0,16.1,0.5,0.5,True,False,False,False,False,False,False,False,False,5,10,6.0,6.0,WMO_0,False,0.4705882352941176,0.4705882352941176,False,False
2024_REG_05_MIA_NE_20241006,2024,5,REG,64628.0,55.7,0.0,8.1,0.25,0.25,True,False,False,False,False,False,False,False,False,5,10,6.0,5.0,WMO_3,False,0.2352941176470588,0.6111111111111112,False,False
2024_REG_05_NO_KC_20241007,2024,5,REG,73592.0,60.7,0.0,6.6,1.0,0.5,False,False,False,False,False,False,False,False,False,5,10,7.0,7.0,WMO_0,False,0.7142857142857143,0.5294117647058824,False,False
2024_REG_05_NYG_SEA_20241006,2024,5,REG,68306.0,54.5,0.0,10.4,0.75,0.25,True,False,False,False,False,False,False,False,False,5,10,5.0,9.0,WMO_3,False,0.5294117647058824,0.3529411764705882,False,False
2024_REG_05_NYJ_MIN_20241006,2024,5,REG,61139.0,56.1,0.106,14.7,1.0,0.5,True,False,False,False,False,False,False,False,False,5,10,6.0,6.0,WMO_61|PRECIP,False,0.4117647058823529,0.4117647058823529,False,False
2024_REG_05_TB_ATL_20241003,2024,5,REG,70016.0,,,,0.5,0.75,False,False,True,False,False,False,False,False,False,5,10,3.0,3.0,,False,0.4117647058823529,0.5263157894736842,False,False
2024_REG_06_ARI_GB_20241013,2024,6,REG,77773.0,50.3,0.252,12.1,0.6,0.4,True,False,False,True,False,True,False,False,False,6,10,6.0,6.0,WMO_63|PRECIP,False,0.5263157894736842,0.2352941176470588,False,False
2024_REG_06_ATL_CAR_20241013,2024,6,REG,70884.0,62.3,0.0,9.6,0.2,0.6,True,False,False,True,False,True,False,False,False,6,10,6.0,9.0,WMO_0,False,0.1176470588235294,0.4117647058823529,False,False
2024_REG_06_BUF_NYJ_20241014,2024,6,REG,81118.0,57.8,0.004,21.4,0.4,0.6,False,True,False,False,False,False,False,False,False,6,10,7.0,7.0,WMO_51|PRECIP|WINDY,True,0.4117647058823529,0.631578947368421,False,False
2024_REG_06_CIN_NYG_20241013,2024,6,REG,78809.0,60.2,0.0,9.8,0.4,0.2,True,False,False,True,False,True,False,False,False,6,10,6.0,6.0,WMO_3,False,0.3529411764705882,0.5294117647058824,False,False
2024_REG_06_CLE_PHI_20241013,2024,6,REG,69879.0,63.9,0.0,14.7,0.5,0.2,True,False,False,True,False,True,False,False,False,6,10,13.0,6.0,WMO_3,False,0.6111111111111112,0.6111111111111112,False,False
2024_REG_06_DET_DAL_20241013,2024,6,REG,93644.0,,,,0.6,0.75,True,False,True,True,False,True,False,False,False,6,10,6.0,12.0,,False,0.6666666666666666,0.7,False,False
2024_REG_06_HOU_NE_20241013,2024,6,REG,64628.0,48.4,0.047,9.3,0.2,0.8,True,False,False,True,False,True,False,False,False,6,10,6.0,6.0,WMO_53|PRECIP,False,0.2352941176470588,0.5789473684210527,False,False
2024_REG_06_IND_TEN_20241013,2024,6,REG,64302.0,70.8,0.031,10.9,0.25,0.4,True,False,False,True,False,True,False,False,False,6,10,12.0,6.0,WMO_53|PRECIP,False,0.3529411764705882,0.5294117647058824,False,False
2024_REG_06_JAX_CHI_20241013,2024,6,REG,61182.0,46.2,0.0,14.4,0.6,0.2,True,False,False,True,False,True,False,False,False,6,10,6.0,6.0,WMO_3,False,0.4117647058823529,0.5294117647058824,False,False
2024_REG_06_LAC_DEN_20241013,2024,6,REG,70743.0,58.2,0.0,8.8,0.6,0.5,True,False,False,True,False,True,False,False,False,6,10,6.0,13.0,WMO_3,False,0.4705882352941176,0.2941176470588235,False,False
2024_REG_06_PIT_LV_20241013,2024,6,REG,62553.0,,,,0.4,0.6,True,False,True,True,False,True,False,False,False,6,10,6.0,6.0,,False,0.4705882352941176,0.5555555555555556,False,False
2024_REG_06_SF_SEA_20241010,2024,6,REG,68768.0,54.1,0.0,12.0,0.6,0.4,False,False,False,False,False,False,False,False,False,6,10,3.0,3.0,WMO_3,False,0.5294117647058824,0.7,False,False
2024_REG_06_TB_NO_20241013,2024,6,REG,70041.0,,,,0.4,0.6,True,False,True,True,False,True,False,False,False,6,10,5.0,9.0,,False,0.5294117647058824,0.5263157894736842,False,False
2024_REG_06_WSH_BAL_20241013,2024,6,REG,71316.0,64.5,0.0,15.2,0.6,0.8,True,False,False,True,False,True,False,False,False,6,10,6.0,6.0,WMO_3,False,0.7368421052631579,0.2352941176470588,False,False
2024_REG_07_BAL_TB_20241021,2024,7,REG,64828.0,73.2,0.0,14.0,0.6666666666666666,0.6666666666666666,False,False,False,False,False,False,False,False,False,7,10,7.0,7.0,WMO_3,False,0.5263157894736842,0.7368421052631579,False,False
2024_REG_07_CAR_WSH_20241020,2024,7,REG,63380.0,55.4,0.0,4.4,0.6666666666666666,0.1666666666666666,True,False,False,False,False,False,False,False,False,7,10,6.0,6.0,WMO_0,False,0.2352941176470588,0.1176470588235294,False,False
2024_REG_07_CIN_CLE_20241020,2024,7,REG,68143.0,58.0,0.0,9.5,0.1666666666666666,0.3333333333333333,True,False,False,False,False,False,False,False,False,7,10,6.0,6.0,WMO_0,False,0.6111111111111112,0.5294117647058824,False,False
2024_REG_07_DEN_NO_20241017,2024,7,REG,70008.0,,,,0.3333333333333333,0.5,False,False,True,False,False,False,False,False,False,7,10,3.0,3.0,,False,0.5294117647058824,0.4705882352941176,False,False
2024_REG_07_DET_MIN_20241020,2024,7,REG,66971.0,,,,1.0,0.8,True,False,True,False,False,False,False,False,False,7,10,13.0,6.0,,False,0.4117647058823529,0.7,False,False
2024_REG_07_HOU_GB_20241020,2024,7,REG,78197.0,63.9,0.0,13.1,0.6666666666666666,0.8333333333333334,True,False,False,False,False,False,False,False,False,7,10,6.0,6.0,WMO_2,False,0.5263157894736842,0.5789473684210527,False,False
2024_REG_07_KC_SF_20241020,2024,7,REG,71309.0,69.9,0.0,11.5,0.5,1.0,True,False,False,False,False,False,False,False,False,7,10,9.0,12.0,WMO_3,False,0.7,0.7142857142857143,False,False
2024_REG_07_LAC_ARI_20241021,2024,7,REG,64357.0,,,,0.3333333333333333,0.6,False,False,True,False,False,False,False,False,False,7,10,7.0,7.0,,False,0.2352941176470588,0.2941176470588235,False,False
2024_REG_07_LV_LAR_20241020,2024,7,REG,73267.0,,,,0.2,0.3333333333333333,True,False,True,False,False,False,False,False,False,7,10,13.0,6.0,,False,0.5555555555555556,0.4705882352941176,False,False
2024_REG_07_MIA_IND_20241020,2024,7,REG,66299.0,,,,0.5,0.4,True,False,True,False,False,False,False,False,False,7,10,6.0,13.0,,False,0.5294117647058824,0.6111111111111112,False,False
2024_REG_07_NE_JAX_20241020,2024,7,REG,86651.0,56.6,0.185,20.2,0.1666666666666666,0.1666666666666666,True,False,False,False,False,False,False,False,False,7,10,6.0,6.0,WMO_55|PRECIP|WINDY,True,0.5294117647058824,0.2352941176470588,False,False
2024_REG_07_NYJ_PIT_20241020,2024,7,REG,66956.0,53.3,0.0,5.4,0.6666666666666666,0.3333333333333333,True,False,False,False,False,False,False,False,False,7,10,6.0,5.0,WMO_0,False,0.5555555555555556,0.4117647058823529,False,False
2024_REG_07_PHI_NYG_20241020,2024,7,REG,82779.0,56.9,0.0,6.2,0.3333333333333333,0.6,True,False,False,False,False,False,False,False,False,7,10,6.0,6.0,WMO_2,False,0.3529411764705882,0.6111111111111112,False,False
2024_REG_07_SEA_ATL_20241020,2024,7,REG,70691.0,,,,0.6666666666666666,0.5,True,False,True,False,False,False,False,False,False,7,10,6.0,9.0,,False,0.4117647058823529,0.5294117647058824,False,False
2024_REG_07_TEN_BUF_20241020,2024,7,REG,70842.0,55.5,0.0,12.8,0.6666666666666666,0.2,True,False,False,False,False,False,False,False,False,7,10,5.0,6.0,WMO_2,False,0.631578947368421,0.3529411764705882,False,False
2024_REG_08_ARI_MIA_20241027,2024,8,REG,65629.0,75.2,0.0,13.0,0.3333333333333333,0.4285714285714285,True,False,False,False,False,False,False,False,False,8,10,6.0,5.0,WMO_3,False,0.6111111111111112,0.2352941176470588,False,False
2024_REG_08_ATL_TB_20241027,2024,8,REG,62787.0,72.7,0.0,7.7,0.5714285714285714,0.5714285714285714,True,False,False,False,False,False,False,False,False,8,10,5.0,6.0,WMO_3,False,0.5263157894736842,0.4117647058823529,False,False
2024_REG_08_BAL_CLE_20241027,2024,8,REG,67431.0,48.9,0.0,9.6,0.1428571428571428,0.7142857142857143,True,False,False,False,False,False,False,False,False,8,10,6.0,5.0,WMO_3,False,0.6111111111111112,0.7368421052631579,False,False
2024_REG_08_BUF_SEA_20241027,2024,8,REG,68704.0,54.5,1.028,19.9,0.5714285714285714,0.7142857142857143,True,False,False,False,False,False,False,False,False,8,10,6.0,6.0,WMO_63|PRECIP,True,0.5294117647058824,0.631578947368421,False,False
2024_REG_08_CAR_DEN_20241027,2024,8,REG,76135.0,53.6,0.0,7.6,0.5714285714285714,0.1428571428571428,True,False,False,False,False,False,False,False,False,8,10,9.0,6.0,WMO_3,False,0.4705882352941176,0.1176470588235294,False,False
2024_REG_08_CHI_WSH_20241027,2024,8,REG,64704.0,50.9,0.0,9.5,0.7142857142857143,0.6666666666666666,True,False,False,False,False,False,False,False,False,8,10,6.0,13.0,WMO_3,False,0.2352941176470588,0.4117647058823529,False,False
2024_REG_08_DAL_SF_20241027,2024,8,REG,71521.0,65.5,0.0,11.8,0.4285714285714285,0.5,True,False,False,False,False,False,False,False,False,8,10,6.0,13.0,WMO_3,False,0.7,0.6666666666666666,False,False
2024_REG_08_GB_JAX_20241027,2024,8,REG,65618.0,71.6,0.004,7.1,0.2857142857142857,0.7142857142857143,True,False,False,False,False,False,False,False,False,8,10,6.0,6.0,WMO_51|PRECIP,False,0.5294117647058824,0.5263157894736842,False,False
2024_REG_08_IND_HOU_20241027,2024,8,REG,71380.0,,,,0.7142857142857143,0.5714285714285714,True,False,True,False,False,False,False,False,False,8,10,6.0,6.0,,False,0.5789473684210527,0.5294117647058824,False,False
2024_REG_08_KC_LV_20241027,2024,8,REG,62533.0,,,,0.2857142857142857,1.0,True,False,True,False,False,False,False,False,False,8,10,6.0,6.0,,False,0.4705882352941176,0.7142857142857143,False,False
2024_REG_08_MIN_LAR_20241024,2024,8,REG,72127.0,,,,0.3333333333333333,0.8333333333333334,False,False,True,False,False,False,False,False,False,8,10,3.0,3.0,,False,0.5555555555555556,0.4117647058823529,False,False
2024_REG_08_NO_LAC_20241027,2024,8,REG,70240.0,,,,0.5,0.2857142857142857,True,False,True,False,False,False,False,False,False,8,10,5.0,9.0,,False,0.2941176470588235,0.5294117647058824,False,False
2024_REG_08_NYG_PIT_20241028,2024,8,REG,66637.0,46.5,0.0,5.9,0.7142857142857143,0.2857142857142857,False,False,False,False,False,False,False,False,False,8,10,7.0,7.0,WMO_3,False,0.5555555555555556,0.3529411764705882,False,False
2024_REG_08_NYJ_NE_20241027,2024,8,REG,64628.0,45.6,0.0,9.7,0.1428571428571428,0.2857142857142857,True,False,False,False,False,False,False,False,False,8,10,6.0,6.0,WMO_3,False,0.2352941176470588,0.4117647058823529,False,False
2024_REG_08_PHI_CIN_20241027,2024,8,REG,67239.0,49.4,0.0,7.5,0.4285714285714285,0.6666666666666666,True,False,False,False,False,False,False,False,False,8,10,6.0,6.0,WMO_3,False,0.5294117647058824,0.6111111111111112,False,False
2024_REG_08_TEN_DET_20241027,2024,8,REG,64316.0,,,,0.8333333333333334,0.1666666666666666,True,False,True,False,False,False,False,False,False,8,10,6.0,6.0,,False,0.7,0.3529411764705882,False,False
2024_REG_09_CHI_ARI_20241103,2024,9,REG,64609.0,,,,0.5,0.5714285714285714,True,False,True,False,False,False,False,False,False,9,11,6.0,6.0,,False,0.2352941176470588,0.4117647058823529,False,False
2024_REG_09_DAL_ATL_20241103,2024,9,REG,72665.0,,,,0.625,0.4285714285714285,True,False,True,False,False,False,False,False,False,9,11,6.0,6.0,,False,0.4117647058823529,0.6666666666666666,False,False
2024_REG_09_DEN_BAL_20241103,2024,9,REG,71051.0,48.6,0.0,6.8,0.625,0.625,True,False,False,False,False,False,False,False,False,9,11,6.0,6.0,WMO_3,False,0.7368421052631579,0.4705882352941176,False,False
2024_REG_09_DET_GB_20241103,2024,9,REG,78330.0,47.4,0.378,14.9,0.75,0.8571428571428571,True,False,False,False,False,False,False,False,False,9,11,6.0,6.0,WMO_61|PRECIP,False,0.5263157894736842,0.7,False,False
2024_REG_09_HOU_NYJ_20241031,2024,9,REG,79818.0,66.6,0.0,11.4,0.25,0.75,False,False,False,False,False,False,False,False,False,9,10,3.0,3.0,WMO_3,False,0.4117647058823529,0.5789473684210527,False,False
2024_REG_09_IND_MIN_20241103,2024,9,REG,66954.0,,,,0.7142857142857143,0.5,True,False,True,False,False,False,False,False,False,9,11,9.0,6.0,,False,0.4117647058823529,0.5294117647058824,False,False
2024_REG_09_JAX_PHI_20241103,2024,9,REG,69879.0,48.3,0.0,8.5,0.7142857142857143,0.25,True,False,False,False,False,False,False,False,False,9,11,6.0,6.0,WMO_3,False,0.6111111111111112,0.5294117647058824,False,False
2024_REG_09_LAC_CLE_20241103,2024,9,REG,67431.0,50.0,0.0,11.9,0.25,0.5714285714285714,True,False,False,False,False,False,False,False,False,9,11,6.0,6.0,WMO_3,False,0.6111111111111112,0.2941176470588235,False,False
2024_REG_09_LAR_SEA_20241103,2024,9,REG,68632.0,48.9,0.031,13.5,0.5,0.4285714285714285,True,False,False,False,False,False,False,False,False,9,11,6.0,9.0,WMO_51|PRECIP,False,0.5294117647058824,0.5555555555555556,False,False
2024_REG_09_LV_CIN_20241103,2024,9,REG,65962.0,53.1,0.0,7.9,0.375,0.25,True,False,False,False,False,False,False,False,False,9,11,6.0,6.0,WMO_3,False,0.5294117647058824,0.4705882352941176,False,False
2024_REG_09_MIA_BUF_20241103,2024,9,REG,70862.0,43.7,0.0,8.2,0.75,0.2857142857142857,True,False,False,False,False,False,False,False,False,9,11,6.0,6.0,WMO_3,False,0.631578947368421,0.6111111111111112,False,False
2024_REG_09_NE_TEN_20241103,2024,9,REG,66533.0,63.4,0.0,14.4,0.1428571428571428,0.25,True,False,False,False,False,False,False,False,False,9,11,6.0,6.0,WMO_3,False,0.3529411764705882,0.2352941176470588,False,False
2024_REG_09_NO_CAR_20241103,2024,9,REG,70292.0,59.0,0.0,8.9,0.125,0.25,True,False,False,False,False,False,False,False,False,9,11,6.0,6.0,WMO_3,False,0.1176470588235294,0.5294117647058824,False,False
2024_REG_09_TB_KC_20241104,2024,9,REG,73574.0,64.4,0.74,13.9,1.0,0.5,False,False,False,False,False,False,False,False,False,9,11,7.0,7.0,WMO_63|PRECIP,True,0.7142857142857143,0.5263157894736842,False,False
2024_REG_09_WSH_NYG_20241103,2024,9,REG,77994.0,46.5,0.0,9.1,0.25,0.75,True,False,False,False,False,False,False,False,False,9,11,5.0,6.0,WMO_3,False,0.3529411764705882,0.2352941176470588,False,False
2024_REG_10_ATL_NO_20241110,2024,10,REG,70005.0,,,,0.2222222222222222,0.6666666666666666,True,False,True,True,False,True,False,False,False,10,11,6.0,6.0,,False,0.5294117647058824,0.4117647058823529,False,False
2024_REG_10_BUF_IND_20241110,2024,10,REG,66474.0,,,,0.4444444444444444,0.7777777777777778,True,False,True,True,False,True,False,False,False,10,11,6.0,6.0,,False,0.5294117647058824,0.631578947368421,False,False
2024_REG_10_CIN_BAL_20241107,2024,10,REG,71439.0,69.4,0.0,10.5,0.6666666666666666,0.4444444444444444,False,False,False,False,False,False,False,False,False,10,11,3.0,3.0,WMO_3,False,0.7368421052631579,0.5294117647058824,False,False
2024_REG_10_DEN_KC_20241110,2024,10,REG,73704.0,53.6,0.0,12.6,1.0,0.5555555555555556,True,False,False,True,False,True,False,False,False,10,11,5.0,6.0,WMO_1,False,0.7142857142857143,0.4705882352941176,False,False
2024_REG_10_DET_HOU_20241110,2024,10,REG,71512.0,,,,0.6666666666666666,0.875,True,False,True,True,False,True,False,False,False,10,11,9.0,6.0,,False,0.5789473684210527,0.7,False,False
2024_REG_10_MIA_LAR_20241111,2024,10,REG,72474.0,,,,0.5,0.25,False,True,True,False,False,False,False,False,False,10,11,7.0,7.0,,False,0.5555555555555556,0.6111111111111112,False,False
2024_REG_10_MIN_JAX_20241110,2024,10,REG,65695.0,74.1,0.11,13.6,0.2222222222222222,0.75,True,False,False,True,False,True,False,False,False,10,11,6.0,6.0,WMO_53|PRECIP,False,0.5294117647058824,0.4117647058823529,False,False
2024_REG_10_NE_CHI_20241110,2024,10,REG,58912.0,54.0,0.161,24.2,0.5,0.2222222222222222,True,False,False,True,False,True,False,False,False,10,11,6.0,6.0,WMO_61|PRECIP|WINDY,True,0.4117647058823529,0.2352941176470588,False,False
2024_REG_10_NYG_CAR_20241110,2024,10,REG,70132.0,36.9,0.0,3.5,0.2222222222222222,0.2222222222222222,True,False,False,True,False,True,False,False,False,10,11,6.0,6.0,WMO_3,False,0.1176470588235294,0.3529411764705882,False,False
2024_REG_10_NYJ_ARI_20241110,2024,10,REG,64030.0,,,,0.5555555555555556,0.3333333333333333,True,False,True,True,False,True,False,False,False,10,11,6.0,9.0,,False,0.2352941176470588,0.4117647058823529,False,False
2024_REG_10_PHI_DAL_20241110,2024,10,REG,93644.0,,,,0.375,0.75,True,False,True,True,False,True,False,False,False,10,11,6.0,6.0,,False,0.6666666666666666,0.6111111111111112,False,False
2024_REG_10_PIT_WSH_20241110,2024,10,REG,66192.0,48.4,0.0,9.5,0.7777777777777778,0.75,True,False,False,True,False,True,False,False,False,10,11,6.0,12.0,WMO_3,False,0.2352941176470588,0.5555555555555556,False,False
2024_REG_10_SF_TB_20241110,2024,10,REG,64914.0,76.8,0.008,13.0,0.4444444444444444,0.5,True,False,False,True,False,True,False,False,False,10,11,5.0,13.0,WMO_51|PRECIP,False,0.5263157894736842,0.7,False,False
2024_REG_10_TEN_LAC_20241110,2024,10,REG,68796.0,,,,0.625,0.25,True,False,True,True,False,True,False,False,False,10,11,6.0,6.0,,False,0.2941176470588235,0.3529411764705882,False,False
2024_REG_11_ATL_DEN_20241117,2024,11,REG,76545.0,36.4,0.004,5.5,0.5,0.6,True,False,False,False,False,False,False,False,False,11,11,6.0,6.0,WMO_71|SNOW,True,0.4705882352941176,0.4117647058823529,False,False
2024_REG_11_BAL_PIT_20241117,2024,11,REG,67551.0,44.1,0.0,5.7,0.7777777777777778,0.7,True,False,False,False,False,False,False,False,False,11,11,6.0,9.0,WMO_3,False,0.5555555555555556,0.7368421052631579,False,False
2024_REG_11_CIN_LAC_20241117,2024,11,REG,70240.0,,,,0.6666666666666666,0.4,True,False,True,False,False,False,False,False,False,11,11,6.0,9.0,,False,0.2941176470588235,0.5294117647058824,False,False
2024_REG_11_CLE_NO_20241117,2024,11,REG,70006.0,,,,0.3,0.2222222222222222,True,False,True,False,False,False,False,False,False,11,11,6.0,13.0,,False,0.5294117647058824,0.6111111111111112,False,False
2024_REG_11_GB_CHI_20241117,2024,11,REG,59419.0,50.2,0.047,10.3,0.4444444444444444,0.6666666666666666,True,False,False,False,False,False,False,False,False,11,11,6.0,13.0,WMO_53|PRECIP,False,0.4117647058823529,0.5263157894736842,False,False
2024_REG_11_HOU_DAL_20241118,2024,11,REG,92969.0,,,,0.3333333333333333,0.6,False,False,True,False,False,False,False,False,False,11,11,7.0,7.0,,False,0.6666666666666666,0.5789473684210527,False,False
2024_REG_11_IND_NYJ_20241117,2024,11,REG,80582.0,52.6,0.0,9.6,0.3,0.4,True,False,False,False,False,False,False,False,False,11,11,6.0,6.0,WMO_3,False,0.4117647058823529,0.5294117647058824,False,False
2024_REG_11_JAX_DET_20241117,2024,11,REG,64273.0,,,,0.8888888888888888,0.2,True,False,True,False,False,False,False,False,False,11,11,6.0,6.0,,False,0.7,0.5294117647058824,False,False
2024_REG_11_KC_BUF_20241117,2024,11,REG,71112.0,45.7,0.0,7.3,0.8,1.0,True,False,False,False,False,False,False,False,False,11,11,6.0,6.0,WMO_3,False,0.631578947368421,0.7142857142857143,False,False
2024_REG_11_LAR_NE_20241117,2024,11,REG,64628.0,49.0,0.0,11.5,0.3,0.4444444444444444,True,False,False,False,False,False,False,False,False,11,11,6.0,5.0,WMO_3,False,0.2352941176470588,0.5555555555555556,False,False
2024_REG_11_LV_MIA_20241117,2024,11,REG,65440.0,74.2,0.0,10.0,0.3333333333333333,0.2222222222222222,True,False,False,False,False,False,False,False,False,11,11,5.0,13.0,WMO_3,False,0.6111111111111112,0.4705882352941176,False,False
2024_REG_11_MIN_TEN_20241117,2024,11,REG,67686.0,54.3,0.0,7.4,0.2222222222222222,0.7777777777777778,True,False,False,False,False,False,False,False,False,11,11,6.0,6.0,WMO_3,False,0.3529411764705882,0.4117647058823529,False,False
2024_REG_11_SEA_SF_20241117,2024,11,REG,71751.0,48.4,0.0,3.6,0.5555555555555556,0.4444444444444444,True,False,False,False,False,False,False,False,False,11,11,6.0,13.0,WMO_3,False,0.7,0.5294117647058824,False,False
2024_REG_11_WSH_PHI_20241114,2024,11,REG,69879.0,41.4,0.0,7.7,0.7777777777777778,0.7,False,False,False,False,False,False,False,False,False,11,11,3.0,3.0,WMO_3,False,0.6111111111111112,0.2352941176470588,False,False
2024_REG_12_ARI_SEA_20241124,2024,12,REG,68649.0,43.9,0.228,8.9,0.5,0.6,True,False,False,False,False,False,False,False,False,12,11,6.0,13.0,WMO_61|PRECIP,False,0.5294117647058824,0.2352941176470588,False,False
2024_REG_12_BAL_LAC_20241125,2024,12,REG,70240.0,,,,0.7,0.6363636363636364,False,False,True,False,False,False,False,False,False,12,11,7.0,7.0,,False,0.2941176470588235,0.7368421052631579,False,False
2024_REG_12_DAL_WSH_20241124,2024,12,REG,64955.0,49.0,0.0,11.4,0.6363636363636364,0.3,True,False,False,False,False,False,False,False,False,12,11,9.0,5.0,WMO_3,False,0.2352941176470588,0.6666666666666666,False,False
2024_REG_12_DEN_LV_20241124,2024,12,REG,62460.0,,,,0.2,0.5454545454545454,True,False,True,False,False,False,False,False,False,12,11,6.0,6.0,,False,0.4705882352941176,0.4705882352941176,False,False
2024_REG_12_DET_IND_20241124,2024,12,REG,66696.0,,,,0.4545454545454545,0.9,True,False,True,False,False,False,False,False,False,12,11,6.0,6.0,,False,0.5294117647058824,0.7,False,False
2024_REG_12_KC_CAR_20241124,2024,12,REG,73216.0,46.7,0.0,4.7,0.3,0.9,True,False,False,False,False,False,False,False,False,12,11,13.0,6.0,WMO_2,False,0.1176470588235294,0.7142857142857143,False,False
2024_REG_12_MIN_CHI_20241124,2024,12,REG,57659.0,40.3,0.0,7.9,0.4,0.8,True,False,False,False,False,False,False,False,False,12,11,6.0,6.0,WMO_3,False,0.4117647058823529,0.4117647058823529,False,False
2024_REG_12_NE_MIA_20241124,2024,12,REG,65479.0,62.1,0.0,5.7,0.4,0.2727272727272727,True,False,False,False,False,False,False,False,False,12,11,6.0,6.0,WMO_1,False,0.6111111111111112,0.2352941176470588,False,False
2024_REG_12_PHI_LAR_20241124,2024,12,REG,74400.0,,,,0.5,0.8,True,False,True,False,False,False,False,False,False,12,11,6.0,9.0,,False,0.5555555555555556,0.6111111111111112,False,False
2024_REG_12_PIT_CLE_20241121,2024,12,REG,67431.0,39.1,0.106,21.8,0.2,0.8,False,False,False,False,False,False,False,False,False,12,11,3.0,3.0,WMO_73|SNOW|WINDY,True,0.6111111111111112,0.5555555555555556,False,False
2024_REG_12_SF_GB_20241124,2024,12,REG,78222.0,37.9,0.0,9.9,0.7,0.5,True,False,False,False,False,False,False,False,False,12,11,6.0,6.0,WMO_3,False,0.5263157894736842,0.7,False,False
2024_REG_12_TB_NYG_20241124,2024,12,REG,77554.0,46.2,0.0,14.3,0.2,0.4,True,False,False,False,False,False,False,False,False,12,11,13.0,13.0,WMO_3,True,0.3529411764705882,0.5263157894736842,False,False
2024_REG_12_TEN_HOU_20241124,2024,12,REG,71055.0,,,,0.6363636363636364,0.2,True,False,True,False,False,False,False,False,False,12,11,5.0,6.0,,False,0.5789473684210527,0.3529411764705882,False,False
2024_REG_13_ARI_MIN_20241201,2024,13,REG,66873.0,,,,0.8181818181818182,0.5454545454545454,True,False,True,False,False,False,False,False,False,13,12,6.0,6.0,,False,0.4117647058823529,0.2352941176470588,False,False
2024_REG_13_CHI_DET_20241128,2024,13,REG,64275.0,,,,0.9090909090909092,0.3636363636363636,False,True,True,False,False,False,False,False,False,13,11,3.0,3.0,,False,0.7,0.4117647058823529,False,False
2024_REG_13_CLE_DEN_20241202,2024,13,REG,68306.0,30.3,0.0,2.8,0.5833333333333334,0.2727272727272727,False,False,False,False,False,False,False,False,False,13,12,7.0,10.0,WMO_1,False,0.4705882352941176,0.6111111111111112,False,False
2024_REG_13_HOU_JAX_20241201,2024,13,REG,62588.0,47.7,0.0,7.5,0.1818181818181818,0.5833333333333334,True,False,False,False,False,False,False,False,False,13,12,13.0,6.0,WMO_1,False,0.5294117647058824,0.5789473684210527,False,False
2024_REG_13_IND_NE_20241201,2024,13,REG,64626.0,30.2,0.0,10.1,0.25,0.4166666666666667,True,False,False,False,False,False,False,False,False,13,12,6.0,6.0,WMO_3,False,0.2352941176470588,0.5294117647058824,False,False
2024_REG_13_LAC_ATL_20241201,2024,13,REG,72139.0,,,,0.5454545454545454,0.6363636363636364,True,False,True,False,False,False,False,False,False,13,12,13.0,5.0,,False,0.4117647058823529,0.2941176470588235,False,False
2024_REG_13_LAR_NO_20241201,2024,13,REG,70006.0,,,,0.3636363636363636,0.4545454545454545,True,False,True,False,False,False,False,False,False,13,12,13.0,6.0,,False,0.5294117647058824,0.5555555555555556,False,False
2024_REG_13_LV_KC_20241129,2024,13,REG,73627.0,29.2,0.0,7.1,0.9090909090909092,0.1818181818181818,False,False,False,False,True,True,False,False,False,13,11,4.0,4.0,WMO_2,False,0.7142857142857143,0.4705882352941176,False,False
2024_REG_13_MIA_GB_20241128,2024,13,REG,77599.0,28.2,0.0,11.5,0.7272727272727273,0.4545454545454545,False,True,False,False,False,False,False,False,False,13,11,3.0,3.0,WMO_3,False,0.5263157894736842,0.6111111111111112,False,False
2024_REG_13_NYG_DAL_20241128,2024,13,REG,92196.0,,,,0.3636363636363636,0.1818181818181818,False,True,True,False,False,False,False,False,False,13,11,3.0,3.0,,False,0.6666666666666666,0.3529411764705882,False,False
2024_REG_13_PHI_BAL_20241201,2024,13,REG,71344.0,31.3,0.0,9.7,0.6666666666666666,0.8181818181818182,True,False,False,False,False,False,False,False,False,13,12,5.0,6.0,WMO_3,False,0.7368421052631579,0.6111111111111112,False,False
2024_REG_13_PIT_CIN_20241201,2024,13,REG,66112.0,28.7,0.016,9.7,0.3636363636363636,0.7272727272727273,True,False,False,False,False,False,False,False,False,13,12,13.0,9.0,WMO_71|SNOW,True,0.5294117647058824,0.5555555555555556,False,False
2024_REG_13_SEA_NYJ_20241201,2024,13,REG,81084.0,30.5,0.0,11.2,0.2727272727272727,0.5454545454545454,True,False,False,False,False,False,False,False,False,13,12,13.0,6.0,WMO_3,False,0.4117647058823529,0.5294117647058824,False,False
2024_REG_13_SF_BUF_20241201,2024,13,REG,70437.0,27.1,0.783,16.0,0.8181818181818182,0.4545454545454545,True,False,False,False,False,False,False,False,False,13,12,13.0,6.0,WMO_75|SNOW,True,0.631578947368421,0.7,False,False
2024_REG_13_TB_CAR_20241201,2024,13,REG,69214.0,37.2,0.0,6.8,0.2727272727272727,0.4545454545454545,True,False,False,False,False,False,False,False,False,13,12,6.0,6.0,WMO_3,False,0.1176470588235294,0.5263157894736842,False,False
2024_REG_13_TEN_WSH_20241201,2024,13,REG,63144.0,31.9,0.0,9.9,0.5833333333333334,0.2727272727272727,True,False,False,False,False,False,False,False,False,13,12,6.0,6.0,WMO_3,False,0.2352941176470588,0.3529411764705882,False,False
2024_REG_14_ATL_MIN_20241208,2024,14,REG,67008.0,,,,0.8333333333333334,0.5,True,False,True,False,False,False,False,False,False,14,12,6.0,6.0,,False,0.4117647058823529,0.4117647058823529,False,False
2024_REG_14_BUF_LAR_20241208,2024,14,REG,73493.0,,,,0.5,0.8333333333333334,True,False,True,False,False,False,False,False,False,14,12,6.0,6.0,,False,0.5555555555555556,0.631578947368421,False,False
2024_REG_14_CAR_PHI_20241208,2024,14,REG,69879.0,42.3,0.0,15.2,0.8333333333333334,0.25,True,False,False,False,False,False,False,False,False,14,12,6.0,6.0,WMO_3,False,0.6111111111111112,0.1176470588235294,False,False
2024_REG_14_CHI_SF_20241208,2024,14,REG,71662.0,53.5,0.0,5.5,0.4166666666666667,0.3333333333333333,True,False,False,False,False,False,False,False,False,14,12,6.0,9.0,WMO_3,False,0.7,0.4117647058823529,False,False
2024_REG_14_CIN_DAL_20241209,2024,14,REG,92587.0,,,,0.4166666666666667,0.3333333333333333,False,False,True,False,False,False,False,False,False,14,12,10.0,7.0,,False,0.6666666666666666,0.5294117647058824,False,False
2024_REG_14_CLE_PIT_20241208,2024,14,REG,66845.0,40.9,0.0,14.4,0.75,0.25,True,False,False,False,False,False,False,False,False,14,12,6.0,5.0,WMO_3,False,0.5555555555555556,0.6111111111111112,False,False
2024_REG_14_GB_DET_20241205,2024,14,REG,63987.0,,,,0.9166666666666666,0.75,False,False,True,False,False,False,False,False,False,14,12,6.0,6.0,,False,0.7,0.5263157894736842,False,False
2024_REG_14_JAX_TEN_20241208,2024,14,REG,61644.0,44.2,0.012,10.7,0.25,0.1666666666666666,True,False,False,False,False,False,False,False,False,14,12,6.0,6.0,WMO_51|PRECIP,False,0.3529411764705882,0.5294117647058824,False,False
2024_REG_14_LAC_KC_20241208,2024,14,REG,73571.0,47.2,0.0,14.6,0.9166666666666666,0.6666666666666666,True,False,False,False,False,False,False,False,False,14,12,8.0,6.0,WMO_3,False,0.7142857142857143,0.2941176470588235,False,False
2024_REG_14_LV_TB_20241208,2024,14,REG,63250.0,58.1,0.0,6.3,0.5,0.1666666666666666,True,False,False,False,False,False,False,False,False,14,12,6.0,8.0,WMO_3,False,0.5263157894736842,0.4705882352941176,False,False
2024_REG_14_NO_NYG_20241208,2024,14,REG,76143.0,40.8,0.004,12.6,0.1666666666666666,0.3333333333333333,True,False,False,False,False,False,False,False,False,14,12,9.0,6.0,WMO_71|SNOW,True,0.3529411764705882,0.5294117647058824,False,False
2024_REG_14_NYJ_MIA_20241208,2024,14,REG,65787.0,68.0,0.0,7.8,0.4166666666666667,0.25,True,False,False,False,False,False,False,False,False,14,12,9.0,6.0,WMO_3,False,0.6111111111111112,0.4117647058823529,False,False
2024_REG_14_SEA_ARI_20241208,2024,14,REG,64533.0,,,,0.5,0.5833333333333334,True,False,True,False,False,False,False,False,False,14,12,6.0,6.0,,False,0.2352941176470588,0.5294117647058824,False,False
2024_REG_15_ATL_LV_20241216,2024,15,REG,62364.0,,,,0.1538461538461538,0.4615384615384615,False,False,True,False,False,False,False,False,False,15,12,7.0,7.0,,False,0.4705882352941176,0.4117647058823529,False,False
2024_REG_15_BAL_NYG_20241215,2024,15,REG,77455.0,29.0,0.0,5.3,0.1538461538461538,0.6153846153846154,True,False,False,False,False,False,False,False,False,15,12,6.0,13.0,WMO_3,False,0.3529411764705882,0.7368421052631579,False,False
2024_REG_15_BUF_DET_20241215,2024,15,REG,65327.0,,,,0.9230769230769232,0.7692307692307693,True,False,True,False,False,False,False,False,False,15,12,9.0,6.0,,False,0.7,0.631578947368421,False,False
2024_REG_15_CHI_MIN_20241216,2024,15,REG,67017.0,,,,0.8461538461538461,0.3076923076923077,False,False,True,False,False,False,False,False,False,15,12,7.0,7.0,,False,0.4117647058823529,0.4117647058823529,False,False
2024_REG_15_CIN_TEN_20241215,2024,15,REG,63745.0,52.6,0.465,18.1,0.2307692307692307,0.3846153846153846,True,False,False,False,False,False,False,False,False,15,12,6.0,5.0,WMO_63|PRECIP,False,0.3529411764705882,0.5294117647058824,False,False
2024_REG_15_DAL_CAR_20241215,2024,15,REG,70570.0,40.8,0.039,10.4,0.2307692307692307,0.3846153846153846,True,False,False,False,False,False,False,False,False,15,12,6.0,5.0,WMO_53|PRECIP,False,0.1176470588235294,0.6666666666666666,False,False
2024_REG_15_GB_SEA_20241215,2024,15,REG,68766.0,43.2,0.008,15.6,0.6153846153846154,0.6923076923076923,True,False,False,False,False,False,False,False,False,15,12,6.0,9.0,WMO_51|PRECIP,False,0.5294117647058824,0.5263157894736842,False,False
2024_REG_15_IND_DEN_20241215,2024,15,REG,76496.0,36.9,0.0,5.2,0.6153846153846154,0.4615384615384615,True,False,False,False,False,False,False,False,False,15,12,12.0,13.0,WMO_3,False,0.4705882352941176,0.5294117647058824,False,False
2024_REG_15_KC_CLE_20241215,2024,15,REG,67983.0,36.7,0.441,21.0,0.2307692307692307,0.9230769230769232,True,False,False,False,False,False,False,False,False,15,12,6.0,6.0,WMO_63|PRECIP|WINDY,True,0.6111111111111112,0.7142857142857143,False,False
2024_REG_15_LAR_SF_20241212,2024,15,REG,71201.0,52.6,0.728,11.0,0.4615384615384615,0.5384615384615384,False,False,False,False,False,False,False,False,False,15,12,3.0,3.0,WMO_63|PRECIP,True,0.7,0.5555555555555556,False,False
2024_REG_15_MIA_HOU_20241215,2024,15,REG,71221.0,,,,0.6153846153846154,0.4615384615384615,True,False,True,False,False,False,False,False,False,15,12,13.0,6.0,,False,0.5789473684210527,0.6111111111111112,False,False
2024_REG_15_NE_ARI_20241215,2024,15,REG,64135.0,,,,0.4615384615384615,0.2307692307692307,True,False,True,False,False,False,False,False,False,15,12,6.0,13.0,,False,0.2352941176470588,0.2352941176470588,False,False
2024_REG_15_NYJ_JAX_20241215,2024,15,REG,63251.0,64.2,0.024,10.7,0.2307692307692307,0.2307692307692307,True,False,False,False,False,False,False,False,False,15,12,6.0,6.0,WMO_51|PRECIP,False,0.5294117647058824,0.4117647058823529,False,False
2024_REG_15_PIT_PHI_20241215,2024,15,REG,69879.0,30.6,0.0,5.8,0.8461538461538461,0.7692307692307693,True,False,False,False,False,False,False,False,False,15,12,6.0,6.0,WMO_3,False,0.6111111111111112,0.5555555555555556,False,False
2024_REG_15_TB_LAC_20241215,2024,15,REG,69496.0,,,,0.6153846153846154,0.5384615384615384,True,False,True,False,False,False,False,False,False,15,12,6.0,6.0,,False,0.2941176470588235,0.5263157894736842,False,False
2024_REG_15_WSH_NO_20241215,2024,15,REG,70003.0,,,,0.3846153846153846,0.6153846153846154,True,False,True,False,False,False,False,False,False,15,12,6.0,13.0,,False,0.5294117647058824,0.2352941176470588,False,False
2024_REG_16_ARI_CAR_20241222,2024,16,REG,68804.0,31.6,0.0,9.7,0.2142857142857142,0.5,True,False,False,False,False,False,False,False,False,16,12,6.0,6.0,WMO_0,False,0.1176470588235294,0.2352941176470588,False,False
2024_REG_16_CLE_CIN_20241222,2024,16,REG,65734.0,27.7,0.0,4.8,0.4285714285714285,0.2142857142857142,True,False,False,False,False,False,False,False,False,16,12,6.0,6.0,WMO_3,False,0.5294117647058824,0.6111111111111112,False,False
2024_REG_16_DEN_LAC_20241219,2024,16,REG,70240.0,,,,0.5714285714285714,0.6428571428571429,False,False,True,False,False,False,False,False,False,16,12,3.0,3.0,,False,0.2941176470588235,0.4705882352941176,False,False
2024_REG_16_DET_CHI_20241222,2024,16,REG,56539.0,22.2,0.0,10.0,0.2857142857142857,0.8571428571428571,True,False,False,False,False,False,False,False,False,16,12,5.0,6.0,WMO_3,False,0.4117647058823529,0.7,False,False
2024_REG_16_HOU_KC_20241221,2024,16,REG,73600.0,25.8,0.0,4.3,0.9285714285714286,0.6428571428571429,True,False,False,False,False,False,False,False,False,16,12,5.0,5.0,WMO_3,False,0.7142857142857143,0.5789473684210527,False,False
2024_REG_16_JAX_LV_20241222,2024,16,REG,61323.0,,,,0.1428571428571428,0.2142857142857142,True,False,True,False,False,False,False,False,False,16,12,5.0,6.0,,False,0.4705882352941176,0.5294117647058824,False,False
2024_REG_16_LAR_NYJ_20241222,2024,16,REG,76871.0,17.6,0.0,9.9,0.2857142857142857,0.5714285714285714,True,False,False,False,False,False,False,False,False,16,12,6.0,9.0,WMO_3,True,0.4117647058823529,0.5555555555555556,False,False
2024_REG_16_MIN_SEA_20241222,2024,16,REG,68748.0,45.5,0.28,14.3,0.5714285714285714,0.8571428571428571,True,False,False,False,False,False,False,False,False,16,12,6.0,5.0,WMO_61|PRECIP,False,0.5294117647058824,0.4117647058823529,False,False
2024_REG_16_NE_BUF_20241222,2024,16,REG,70725.0,10.9,0.016,9.1,0.7857142857142857,0.2142857142857142,True,False,False,False,False,False,False,False,False,16,12,6.0,6.0,WMO_71|SNOW,True,0.631578947368421,0.2352941176470588,False,False
2024_REG_16_NO_GB_20241223,2024,16,REG,77885.0,31.0,0.031,12.0,0.7142857142857143,0.3571428571428571,False,False,False,False,False,False,False,False,False,16,12,7.0,7.0,WMO_71|SNOW,True,0.5263157894736842,0.5294117647058824,False,False
2024_REG_16_NYG_ATL_20241222,2024,16,REG,70404.0,,,,0.5,0.1428571428571428,True,False,True,False,False,False,False,False,False,16,12,5.0,6.0,,False,0.4117647058823529,0.3529411764705882,False,False
2024_REG_16_PHI_WSH_20241222,2024,16,REG,64128.0,26.8,0.0,9.7,0.6428571428571429,0.8571428571428571,True,False,False,False,False,False,False,False,False,16,12,6.0,6.0,WMO_3,False,0.2352941176470588,0.6111111111111112,False,False
2024_REG_16_PIT_BAL_20241221,2024,16,REG,71313.0,33.0,0.012,13.4,0.6428571428571429,0.7142857142857143,True,False,False,False,False,False,False,False,False,16,12,5.0,5.0,WMO_71|SNOW,True,0.7368421052631579,0.5555555555555556,False,False
2024_REG_16_SF_MIA_20241222,2024,16,REG,66341.0,60.9,0.0,6.4,0.4285714285714285,0.4285714285714285,True,False,False,False,False,False,False,False,False,16,12,6.0,9.0,WMO_3,False,0.6111111111111112,0.7,False,False
2024_REG_16_TB_DAL_20241222,2024,16,REG,93103.0,,,,0.4285714285714285,0.5714285714285714,True,False,True,False,False,False,False,False,False,16,12,6.0,6.0,,False,0.6666666666666666,0.5263157894736842,False,False
2024_REG_16_TEN_IND_20241222,2024,16,REG,65322.0,,,,0.4285714285714285,0.2142857142857142,True,False,True,False,False,False,False,False,False,16,12,6.0,6.0,,False,0.5294117647058824,0.3529411764705882,False,False
2024_REG_17_ARI_LAR_20241228,2024,17,REG,73051.0,,,,0.6,0.4666666666666667,True,False,True,False,False,False,False,False,False,17,12,5.0,5.0,,False,0.5555555555555556,0.2352941176470588,False,False
2024_REG_17_ATL_WSH_20241229,2024,17,REG,63480.0,57.6,0.067,16.5,0.6666666666666666,0.5333333333333333,True,False,False,False,False,False,False,False,False,17,12,6.0,6.0,WMO_53|PRECIP,True,0.2352941176470588,0.4117647058823529,False,False
2024_REG_17_BAL_HOU_20241225,2024,17,REG,71544.0,,,,0.6,0.6666666666666666,False,True,True,False,False,False,False,False,False,17,12,3.0,3.0,,False,0.5789473684210527,0.7368421052631579,False,False
2024_REG_17_CAR_TB_20241229,2024,17,REG,64434.0,70.7,0.335,12.4,0.5333333333333333,0.2666666666666666,True,False,False,False,False,False,False,False,False,17,12,6.0,6.0,WMO_63|PRECIP,False,0.5263157894736842,0.1176470588235294,False,False
2024_REG_17_DAL_PHI_20241229,2024,17,REG,69879.0,54.8,0.075,14.5,0.8,0.4666666666666667,True,False,False,False,False,False,False,False,False,17,12,6.0,6.0,WMO_53|PRECIP,False,0.6111111111111112,0.6666666666666666,False,False
2024_REG_17_DEN_CIN_20241228,2024,17,REG,66546.0,55.2,0.035,12.3,0.4666666666666667,0.6,True,False,False,False,False,False,False,False,False,17,12,5.0,8.0,WMO_51|PRECIP,False,0.5294117647058824,0.4705882352941176,False,False
2024_REG_17_DET_SF_20241230,2024,17,REG,71688.0,50.2,0.035,6.4,0.4,0.8666666666666667,False,False,False,False,False,False,False,False,False,17,12,7.0,7.0,WMO_51|PRECIP,False,0.7,0.7,False,False
2024_REG_17_GB_MIN_20241229,2024,17,REG,67031.0,,,,0.8666666666666667,0.7333333333333333,True,False,True,False,False,False,False,False,False,17,12,6.0,5.0,,False,0.4117647058823529,0.5263157894736842,False,False
2024_REG_17_IND_NYG_20241229,2024,17,REG,73164.0,46.5,0.106,11.1,0.1333333333333333,0.4666666666666667,True,False,False,False,False,False,False,False,False,17,12,6.0,6.0,WMO_53|PRECIP,False,0.3529411764705882,0.5294117647058824,False,False
2024_REG_17_KC_PIT_20241225,2024,17,REG,67311.0,34.3,0.0,4.5,0.6666666666666666,0.9333333333333332,False,True,False,False,False,False,False,False,False,17,12,3.0,3.0,WMO_3,False,0.5555555555555556,0.7142857142857143,False,False
2024_REG_17_LAC_NE_20241228,2024,17,REG,64628.0,34.6,0.087,7.1,0.2,0.6,True,False,False,False,False,False,False,False,False,17,12,5.0,8.0,WMO_51|PRECIP,False,0.2352941176470588,0.2941176470588235,False,False
2024_REG_17_LV_NO_20241229,2024,17,REG,70031.0,,,,0.3333333333333333,0.2,True,False,True,False,False,False,False,False,False,17,12,5.0,6.0,,False,0.5294117647058824,0.4705882352941176,False,False
2024_REG_17_MIA_CLE_20241229,2024,17,REG,67942.0,47.2,1.13,18.4,0.2,0.4666666666666667,True,False,False,False,False,False,False,False,False,17,12,6.0,6.0,WMO_63|PRECIP,True,0.6111111111111112,0.6111111111111112,False,False
2024_REG_17_NYJ_BUF_20241229,2024,17,REG,70728.0,48.6,0.335,21.7,0.8,0.2666666666666666,True,False,False,False,False,False,False,False,False,17,12,6.0,6.0,WMO_61|PRECIP|WINDY,True,0.631578947368421,0.4117647058823529,False,False
2024_REG_17_SEA_CHI_20241226,2024,17,REG,56346.0,39.7,0.0,7.6,0.2666666666666666,0.5333333333333333,False,False,False,False,True,True,False,False,False,17,12,3.0,3.0,WMO_3,False,0.4117647058823529,0.5294117647058824,False,False
2024_REG_17_TEN_JAX_20241229,2024,17,REG,61995.0,68.7,0.055,10.8,0.2,0.2,True,False,False,False,False,False,False,False,False,17,12,6.0,6.0,WMO_51|PRECIP,False,0.5294117647058824,0.3529411764705882,False,False
2024_REG_18_BUF_NE_20250105,2024,18,REG,64626.0,28.0,0.0,17.8,0.1875,0.8125,True,False,False,False,False,False,False,False,False,18,1,7.0,6.0,WMO_3,True,0.2352941176470588,0.631578947368421,False,False
2024_REG_18_CAR_ATL_20250105,2024,18,REG,69581.0,,,,0.5,0.25,True,False,True,False,False,False,False,False,False,18,1,6.0,6.0,,False,0.4117647058823529,0.1176470588235294,False,False
2024_REG_18_CHI_GB_20250105,2024,18,REG,77862.0,11.1,0.0,12.5,0.6875,0.25,True,False,False,False,False,False,False,False,False,18,1,6.0,9.0,WMO_3,True,0.5263157894736842,0.4117647058823529,False,False
2024_REG_18_CIN_PIT_20250104,2024,18,REG,65631.0,21.0,0.028,15.1,0.625,0.5,True,False,False,False,False,False,False,False,False,18,1,9.0,6.0,WMO_71|SNOW,True,0.5555555555555556,0.5294117647058824,False,False
2024_REG_18_CLE_BAL_20250104,2024,18,REG,70562.0,28.6,0.004,18.3,0.6875,0.1875,True,False,False,False,False,False,False,False,False,18,1,9.0,5.0,WMO_71|SNOW,True,0.7368421052631579,0.6111111111111112,False,False
2024_REG_18_HOU_TEN_20250105,2024,18,REG,61815.0,38.7,0.579,12.4,0.1875,0.5625,True,False,False,False,False,False,False,False,False,18,1,6.0,10.0,WMO_73|SNOW,True,0.3529411764705882,0.5789473684210527,False,False
2024_REG_18_JAX_IND_20250105,2024,18,REG,63041.0,,,,0.4375,0.25,True,False,True,False,False,False,False,False,False,18,1,6.0,6.0,,False,0.5294117647058824,0.5294117647058824,False,False
2024_REG_18_KC_DEN_20250105,2024,18,REG,,23.0,0.024,6.6,0.5625,0.9375,True,False,False,False,False,False,False,False,False,18,1,7.0,10.0,WMO_73|SNOW,True,0.4705882352941176,0.7142857142857143,False,False
2024_REG_18_LAC_LV_20250105,2024,18,REG,61352.0,,,,0.25,0.625,True,False,True,False,False,False,False,False,False,18,1,6.0,7.0,,False,0.4705882352941176,0.2941176470588235,False,False
2024_REG_18_MIA_NYJ_20250105,2024,18,REG,68818.0,28.3,0.0,12.0,0.25,0.5,True,False,False,False,False,False,False,False,False,18,1,6.0,6.0,WMO_3,False,0.4117647058823529,0.6111111111111112,False,False
2024_REG_18_MIN_DET_20250105,2024,18,REG,64774.0,,,,0.875,0.875,True,False,True,False,False,False,False,False,False,18,1,5.0,6.0,,False,0.7,0.4117647058823529,False,False
2024_REG_18_NO_TB_20250105,2024,18,REG,63001.0,55.7,0.0,6.8,0.5625,0.3125,True,False,False,False,False,False,False,False,False,18,1,6.0,6.0,WMO_3,False,0.5263157894736842,0.5294117647058824,False,False
2024_REG_18_NYG_PHI_20250105,2024,18,REG,69879.0,26.9,0.0,12.6,0.8125,0.1875,True,False,False,False,False,False,False,False,False,18,1,6.0,6.0,WMO_3,False,0.6111111111111112,0.3529411764705882,False,False
2024_REG_18_SEA_LAR_20250105,2024,18,REG,72610.0,,,,0.625,0.5625,True,False,True,False,False,False,False,False,False,18,1,7.0,9.0,,False,0.5555555555555556,0.5294117647058824,False,False
2024_REG_18_SF_ARI_20250105,2024,18,REG,63849.0,,,,0.4375,0.375,True,False,True,False,False,False,False,False,False,18,1,7.0,5.0,,False,0.2352941176470588,0.7,False,False
2024_REG_18_WSH_DAL_20250105,2024,18,REG,91349.0,,,,0.4375,0.6875,True,False,True,False,False,False,False,False,False,18,1,6.0,6.0,,False,0.6666666666666666,0.2352941176470588,False,False
2024_POST_19_DEN_BUF_20250112,2024,19,POST,,29.9,0.016,12.8,0.7647058823529411,0.5882352941176471,True,False,False,False,False,False,False,False,False,19,1,6.0,6.0,WMO_73|SNOW,True,0.631578947368421,0.4705882352941176,False,False
2024_POST_19_GB_PHI_20250112,2024,19,POST,,29.9,0.0,9.4,0.8235294117647058,0.6470588235294118,True,False,False,False,False,False,False,False,False,19,1,6.0,6.0,WMO_2,False,0.6111111111111112,0.5263157894736842,False,False
2024_POST_19_LAC_HOU_20250111,2024,19,POST,,,,,0.5882352941176471,0.6470588235294118,True,False,True,False,False,False,False,False,False,19,1,5.0,5.0,,False,0.5789473684210527,0.2941176470588235,False,False
2024_POST_19_MIN_LAR_20250113,2024,19,POST,,,,,0.5882352941176471,0.8235294117647058,False,False,True,False,False,False,False,False,False,19,1,7.0,7.0,,False,0.5555555555555556,0.4117647058823529,False,False
2024_POST_19_PIT_BAL_20250111,2024,19,POST,,27.8,0.142,12.3,0.7058823529411765,0.5882352941176471,True,False,False,False,False,False,False,False,False,19,1,6.0,6.0,WMO_73|SNOW,True,0.7368421052631579,0.5555555555555556,False,False
2024_POST_19_WSH_TB_20250112,2024,19,POST,,50.3,0.0,7.3,0.5882352941176471,0.7058823529411765,True,False,False,False,False,False,False,False,False,19,1,6.0,6.0,WMO_3,False,0.5263157894736842,0.2352941176470588,False,False
2024_POST_20_BAL_BUF_20250119,2024,20,POST,,22.1,0.043,10.4,0.7777777777777778,0.7222222222222222,True,False,False,False,False,False,False,False,False,20,1,6.0,7.0,WMO_73|SNOW,True,0.631578947368421,0.7368421052631579,False,False
2024_POST_20_HOU_KC_20250118,2024,20,POST,,25.3,0.0,16.0,0.8823529411764706,0.6111111111111112,True,False,False,False,False,False,False,False,False,20,1,12.0,6.0,WMO_3,False,0.7142857142857143,0.5789473684210527,False,False
2024_POST_20_LAR_PHI_20250119,2024,20,POST,,34.2,0.236,12.3,0.8333333333333334,0.6111111111111112,True,False,False,False,False,False,False,False,False,20,1,6.0,5.0,WMO_75|SNOW,True,0.6111111111111112,0.5555555555555556,False,False
2024_POST_20_WSH_DET_20250118,2024,20,POST,,,,,0.8823529411764706,0.7222222222222222,True,False,True,False,False,False,False,False,False,20,1,12.0,5.0,,False,0.7,0.2352941176470588,False,False
2024_CON_21_BUF_KC_20250126,2024,21,CON,,26.3,0.0,8.2,0.8888888888888888,0.7894736842105263,True,False,False,False,False,False,False,False,False,21,1,7.0,6.0,WMO_3,False,0.7142857142857143,0.631578947368421,False,False
2024_CON_21_WSH_PHI_20250126,2024,21,CON,,32.9,0.0,10.3,0.8421052631578947,0.7368421052631579,True,False,False,False,False,False,False,False,False,21,1,6.0,7.0,WMO_3,False,0.6111111111111112,0.2352941176470588,False,False
2024_POST_22_KC_PHI_20250209,2024,22,POST,,,,,0.85,0.8947368421052632,True,False,True,False,False,False,False,False,False,22,2,13.0,13.0,,False,0.6111111111111112,0.7142857142857143,False,False
2025_REG_01_ARI_NO_20250907,2025,1,REG,70006.0,,,,,,True,False,True,False,False,False,False,False,False,1,9,244.0,244.0,,False,0.2941176470588235,0.4705882352941176,False,False
2025_REG_01_BAL_BUF_20250907,2025,1,REG,70745.0,58.7,0.087,14.2,,,True,False,False,False,False,False,False,False,False,1,9,223.0,230.0,WMO_53|PRECIP,False,0.75,0.6842105263157895,False,False
2025_REG_01_CAR_JAX_20250907,2025,1,REG,59957.0,78.6,0.335,8.2,,,True,False,False,False,False,False,False,False,False,1,9,244.0,244.0,WMO_63|PRECIP,False,0.2352941176470588,0.2941176470588235,False,False
2025_REG_01_CIN_CLE_20250907,2025,1,REG,65599.0,61.1,0.024,11.5,,,True,False,False,False,False,False,False,False,False,1,9,245.0,245.0,WMO_53|PRECIP,False,0.1764705882352941,0.5294117647058824,False,False
2025_REG_01_DAL_PHI_20250904,2025,1,REG,69879.0,71.9,0.008,14.7,,,False,False,False,False,False,False,False,False,False,1,9,206.0,241.0,WMO_51|PRECIP,True,0.8571428571428571,0.4117647058823529,False,False
2025_REG_01_DET_GB_20250907,2025,1,REG,77239.0,53.0,0.0,8.2,,,True,False,False,False,False,False,False,False,False,1,9,237.0,231.0,WMO_3,False,0.6111111111111112,0.8333333333333334,False,False
2025_REG_01_HOU_LAR_20250907,2025,1,REG,71346.0,,,,,,True,False,True,False,False,False,False,False,False,1,9,230.0,231.0,,False,0.5789473684210527,0.5789473684210527,False,False
2025_REG_01_KC_LAC_20250905,2025,1,REG,47627.0,,,,,,False,False,True,False,False,False,False,False,False,1,9,236.0,207.0,,False,0.6111111111111112,0.85,False,False
2025_REG_01_LV_NE_20250907,2025,1,REG,64628.0,62.9,1.177,11.9,,,True,False,False,False,False,False,False,False,False,1,9,244.0,244.0,WMO_63|PRECIP,True,0.2352941176470588,0.2352941176470588,False,False
2025_REG_01_MIA_IND_20250907,2025,1,REG,64065.0,,,,,,True,False,True,False,False,False,False,False,False,1,9,244.0,244.0,,False,0.4705882352941176,0.4705882352941176,False,False
2025_REG_01_MIN_CHI_20250908,2025,1,REG,58742.0,59.9,0.0,5.3,,,False,False,False,False,False,False,False,False,False,1,9,245.0,237.0,WMO_0,False,0.2941176470588235,0.7777777777777778,False,False
2025_REG_01_NYG_WSH_20250907,2025,1,REG,64544.0,68.1,1.311,9.4,,,True,False,False,False,False,False,False,False,False,1,9,223.0,244.0,WMO_65|PRECIP,True,0.7,0.1764705882352941,False,False
2025_REG_01_PIT_NYJ_20250907,2025,1,REG,83253.0,65.5,0.996,6.3,,,True,False,False,False,False,False,False,False,False,1,9,244.0,238.0,WMO_63|PRECIP,True,0.2941176470588235,0.5555555555555556,False,False
2025_REG_01_SF_SEA_20250907,2025,1,REG,68752.0,64.8,0.0,8.1,,,True,False,False,False,False,False,False,False,False,1,9,244.0,244.0,WMO_3,False,0.5882352941176471,0.3529411764705882,False,False
2025_REG_01_TB_ATL_20250907,2025,1,REG,71610.0,,,,,,True,False,True,False,False,False,False,False,False,1,9,244.0,237.0,,False,0.4705882352941176,0.5555555555555556,False,False
2025_REG_01_TEN_DEN_20250907,2025,1,REG,75706.0,72.7,0.004,7.6,,,True,False,False,False,False,False,False,False,False,1,9,237.0,244.0,WMO_51|PRECIP,False,0.5555555555555556,0.1764705882352941,False,False
2025_REG_02_ATL_MIN_20250914,2025,2,REG,66859.0,,,,1.0,0.0,True,False,True,False,False,False,False,False,False,2,9,5.0,6.0,,False,0.7777777777777778,0.4705882352941176,False,False
2025_REG_02_BUF_NYJ_20250914,2025,2,REG,80875.0,72.7,0.0,8.1,0.0,1.0,True,False,False,False,False,False,False,False,False,2,9,6.0,6.0,WMO_3,False,0.2941176470588235,0.75,False,False
2025_REG_02_CAR_ARI_20250914,2025,2,REG,64003.0,,,,1.0,0.0,True,False,True,False,False,False,False,False,False,2,9,6.0,6.0,,False,0.4705882352941176,0.2941176470588235,False,False
2025_REG_02_CHI_DET_20250914,2025,2,REG,64201.0,,,,0.0,0.0,True,False,True,False,False,False,False,False,False,2,9,6.0,5.0,,False,0.8333333333333334,0.2941176470588235,False,False
2025_REG_02_CLE_BAL_20250914,2025,2,REG,70487.0,71.3,0.0,4.9,0.0,0.0,True,False,False,False,False,False,False,False,False,2,9,6.0,6.0,WMO_3,False,0.6842105263157895,0.1764705882352941,False,False
2025_REG_02_DEN_IND_20250914,2025,2,REG,63910.0,,,,1.0,1.0,True,False,True,False,False,False,False,False,False,2,9,6.0,6.0,,False,0.4705882352941176,0.5555555555555556,False,False
2025_REG_02_JAX_CIN_20250914,2025,2,REG,65871.0,75.8,0.035,7.2,1.0,1.0,True,False,False,False,False,False,False,False,False,2,9,6.0,6.0,WMO_53|PRECIP,False,0.5294117647058824,0.2352941176470588,False,False
2025_REG_02_LAC_LV_20250915,2025,2,REG,62526.0,,,,1.0,1.0,False,False,True,False,False,False,False,False,False,2,9,7.0,9.0,,False,0.2352941176470588,0.6111111111111112,False,False
2025_REG_02_LAR_TEN_20250914,2025,2,REG,59069.0,79.9,0.0,7.4,0.0,1.0,True,False,False,False,False,False,False,False,False,2,9,6.0,6.0,WMO_3,False,0.1764705882352941,0.5789473684210527,False,False
2025_REG_02_NE_MIA_20250914,2025,2,REG,65593.0,77.9,0.051,5.6,0.0,0.0,True,False,False,False,False,False,False,False,False,2,9,6.0,6.0,WMO_61|PRECIP,False,0.4705882352941176,0.2352941176470588,False,False
2025_REG_02_NYG_DAL_20250914,2025,2,REG,92781.0,,,,0.0,0.0,True,False,True,False,False,False,False,False,False,2,9,9.0,6.0,,False,0.4117647058823529,0.1764705882352941,False,False
2025_REG_02_PHI_KC_20250914,2025,2,REG,73558.0,84.4,0.0,11.4,0.0,1.0,True,False,False,False,False,False,False,False,False,2,9,8.0,9.0,WMO_3,False,0.85,0.8571428571428571,False,False
2025_REG_02_SEA_PIT_20250914,2025,2,REG,66347.0,71.0,0.004,6.0,1.0,0.0,True,False,False,False,False,False,False,False,False,2,9,6.0,6.0,WMO_51|PRECIP,False,0.5555555555555556,0.5882352941176471,False,False
2025_REG_02_SF_NO_20250914,2025,2,REG,70078.0,,,,0.0,1.0,True,False,True,False,False,False,False,False,False,2,9,6.0,6.0,,False,0.2941176470588235,0.3529411764705882,False,False
2025_REG_02_TB_HOU_20250915,2025,2,REG,71580.0,,,,0.0,1.0,False,False,True,False,False,False,False,False,False,2,9,7.0,7.0,,False,0.5789473684210527,0.5555555555555556,False,False
2025_REG_02_WSH_GB_20250911,2025,2,REG,77289.0,64.4,0.004,7.1,1.0,1.0,False,False,False,False,False,False,False,False,False,2,9,3.0,3.0,WMO_51|PRECIP,False,0.6111111111111112,0.7,False,False
2025_REG_03_ARI_SF_20250921,2025,3,REG,70414.0,68.6,0.0,9.4,1.0,1.0,True,False,False,False,False,False,False,False,False,3,9,6.0,6.0,WMO_3,False,0.3529411764705882,0.4705882352941176,False,False
2025_REG_03_ATL_CAR_20250921,2025,3,REG,71129.0,75.0,0.0,7.0,0.0,0.5,True,False,False,False,False,False,False,False,False,3,9,6.0,6.0,WMO_3,False,0.2941176470588235,0.4705882352941176,False,False
2025_REG_03_CIN_MIN_20250921,2025,3,REG,66792.0,,,,0.5,1.0,True,False,True,False,False,False,False,False,False,3,9,6.0,6.0,,False,0.7777777777777778,0.5294117647058824,False,False
2025_REG_03_DAL_CHI_20250921,2025,3,REG,58389.0,70.3,0.169,8.7,0.0,0.5,True,False,False,False,False,False,False,False,False,3,9,6.0,6.0,WMO_61|PRECIP,False,0.2941176470588235,0.4117647058823529,False,False
2025_REG_03_DEN_LAC_20250921,2025,3,REG,70740.0,,,,1.0,0.5,True,False,True,False,False,False,False,False,False,3,9,5.0,6.0,,False,0.6111111111111112,0.5555555555555556,False,False
2025_REG_03_DET_BAL_20250922,2025,3,REG,70642.0,66.7,0.0,6.9,0.5,0.5,False,False,False,False,False,False,False,False,False,3,9,7.0,7.0,WMO_3,False,0.6842105263157895,0.8333333333333334,False,False
2025_REG_03_GB_CLE_20250921,2025,3,REG,65470.0,73.0,0.0,12.8,0.0,1.0,True,False,False,False,False,False,False,False,False,3,9,6.0,9.0,WMO_3,False,0.1764705882352941,0.6111111111111112,False,False
2025_REG_03_HOU_JAX_20250921,2025,3,REG,58161.0,78.1,0.02,13.4,0.5,0.0,True,False,False,False,False,False,False,False,False,3,9,6.0,5.0,WMO_51|PRECIP,False,0.2352941176470588,0.5789473684210527,False,False
2025_REG_03_IND_TEN_20250921,2025,3,REG,56361.0,79.5,0.394,7.5,0.0,1.0,True,False,False,False,False,False,False,False,False,3,9,6.0,6.0,WMO_63|PRECIP,False,0.1764705882352941,0.4705882352941176,False,False
2025_REG_03_KC_NYG_20250921,2025,3,REG,80690.0,63.7,0.0,5.4,0.0,0.0,True,False,False,False,False,False,False,False,False,3,9,6.0,6.0,WMO_3,False,0.1764705882352941,0.85,False,False
2025_REG_03_LAR_PHI_20250921,2025,3,REG,69879.0,65.4,0.0,7.1,1.0,1.0,True,False,False,False,False,False,False,False,False,3,9,6.0,6.0,WMO_3,False,0.8571428571428571,0.5789473684210527,False,False
2025_REG_03_LV_WSH_20250921,2025,3,REG,64546.0,67.7,0.028,8.8,0.5,0.5,True,False,False,False,False,False,False,False,False,3,9,9.0,5.0,WMO_51|PRECIP,False,0.7,0.2352941176470588,False,False
2025_REG_03_MIA_BUF_20250918,2025,3,REG,70641.0,67.0,0.0,10.4,1.0,0.0,False,False,False,False,False,False,False,False,False,3,9,3.0,3.0,WMO_3,False,0.75,0.4705882352941176,False,False
2025_REG_03_NO_SEA_20250921,2025,3,REG,68599.0,62.1,0.571,12.4,0.5,0.0,True,False,False,False,False,False,False,False,False,3,9,6.0,6.0,WMO_63|PRECIP,True,0.5882352941176471,0.2941176470588235,False,False
2025_REG_03_NYJ_TB_20250921,2025,3,REG,62872.0,82.0,0.004,8.9,1.0,0.0,True,False,False,False,False,False,False,False,False,3,9,5.0,6.0,WMO_51|PRECIP,False,0.5555555555555556,0.2941176470588235,False,False
2025_REG_03_PIT_NE_20250921,2025,3,REG,64628.0,56.5,0.0,7.1,0.5,0.5,True,False,False,False,False,False,False,False,False,3,9,6.0,6.0,WMO_3,False,0.2352941176470588,0.5555555555555556,False,False
2025_REG_04_BAL_KC_20250928,2025,4,REG,73552.0,74.1,0.0,6.0,0.3333333333333333,0.3333333333333333,True,False,False,False,False,False,False,False,False,4,9,6.0,5.0,WMO_0,False,0.85,0.6842105263157895,False,False
2025_REG_04_CAR_NE_20250928,2025,4,REG,64628.0,68.9,0.031,7.7,0.3333333333333333,0.3333333333333333,True,False,False,False,False,False,False,False,False,4,9,6.0,6.0,WMO_53|PRECIP,False,0.2352941176470588,0.2941176470588235,False,False
2025_REG_04_CHI_LV_20250928,2025,4,REG,62642.0,,,,0.3333333333333333,0.3333333333333333,True,False,True,False,False,False,False,False,False,4,9,6.0,6.0,,False,0.2352941176470588,0.2941176470588235,False,False
2025_REG_04_CIN_DEN_20250929,2025,4,REG,76489.0,63.9,0.035,11.6,0.3333333333333333,0.6666666666666666,False,False,False,False,False,False,False,False,False,4,9,7.0,7.0,WMO_53|PRECIP,False,0.5555555555555556,0.5294117647058824,False,False
2025_REG_04_CLE_DET_20250928,2025,4,REG,64494.0,,,,0.6666666666666666,0.3333333333333333,True,False,True,False,False,False,False,False,False,4,9,5.0,6.0,,False,0.8333333333333334,0.1764705882352941,False,False
2025_REG_04_GB_DAL_20250928,2025,4,REG,93353.0,,,,0.3333333333333333,0.6666666666666666,True,False,True,False,False,False,False,False,False,4,9,6.0,6.0,,False,0.4117647058823529,0.6111111111111112,False,False
2025_REG_04_IND_LAR_20250928,2025,4,REG,71257.0,,,,0.6666666666666666,1.0,True,False,True,False,False,False,False,False,False,4,9,6.0,6.0,,False,0.5789473684210527,0.4705882352941176,False,False
2025_REG_04_JAX_SF_20250928,2025,4,REG,70495.0,69.9,0.0,8.4,1.0,0.6666666666666666,True,False,False,False,False,False,False,False,False,4,9,6.0,6.0,WMO_3,False,0.3529411764705882,0.2352941176470588,False,False
2025_REG_04_LAC_NYG_20250928,2025,4,REG,81954.0,71.6,0.043,3.8,0.0,1.0,True,False,False,False,False,False,False,False,False,4,9,6.0,6.0,WMO_53|PRECIP,False,0.1764705882352941,0.6111111111111112,False,False
2025_REG_04_MIN_PIT_20250928,2025,4,REG,74512.0,67.3,0.0,4.0,0.6666666666666666,0.6666666666666666,True,False,False,False,False,False,False,False,False,4,9,6.0,6.0,WMO_3,False,0.5555555555555556,0.7777777777777778,False,False
2025_REG_04_NO_BUF_20250928,2025,4,REG,71017.0,67.7,0.0,9.7,1.0,0.0,True,False,False,False,False,False,False,False,False,4,9,9.0,6.0,WMO_3,False,0.75,0.2941176470588235,False,False
2025_REG_04_NYJ_MIA_20250929,2025,4,REG,65848.0,79.1,0.161,11.4,0.0,0.0,False,False,False,False,False,False,False,False,False,4,9,10.0,7.0,WMO_61|PRECIP,False,0.4705882352941176,0.2941176470588235,False,False
2025_REG_04_PHI_TB_20250928,2025,4,REG,64122.0,81.3,0.059,9.3,1.0,1.0,True,False,False,False,False,False,False,False,False,4,9,6.0,6.0,WMO_55|PRECIP,False,0.5555555555555556,0.8571428571428571,False,False
2025_REG_04_SEA_ARI_20250925,2025,4,REG,65016.0,,,,0.6666666666666666,0.6666666666666666,False,False,True,False,False,False,False,False,False,4,9,3.0,3.0,,False,0.4705882352941176,0.5882352941176471,False,False
2025_REG_04_TEN_HOU_20250928,2025,4,REG,70398.0,,,,0.0,0.0,True,False,True,False,False,False,False,False,False,4,9,6.0,6.0,,False,0.5789473684210527,0.1764705882352941,False,False
2025_REG_04_WSH_ATL_20250928,2025,4,REG,71492.0,,,,0.3333333333333333,0.6666666666666666,True,False,True,False,False,False,False,False,False,4,9,6.0,6.0,,False,0.4705882352941176,0.7,False,False
2025_REG_05_DAL_NYJ_20251005,2025,5,REG,81738.0,70.8,0.0,6.4,0.0,0.375,True,False,False,False,False,False,False,False,False,5,10,5.0,6.0,WMO_3,False,0.2941176470588235,0.4117647058823529,False,False
2025_REG_05_DEN_PHI_20251005,2025,5,REG,69879.0,68.5,0.0,6.9,1.0,0.5,True,False,False,False,False,False,False,False,False,5,10,6.0,5.0,WMO_0,False,0.8571428571428571,0.5555555555555556,False,False
2025_REG_05_DET_CIN_20251005,2025,5,REG,66115.0,70.7,0.0,6.9,0.5,0.75,True,False,False,False,False,False,False,False,False,5,10,5.0,6.0,WMO_2,False,0.5294117647058824,0.8333333333333334,False,False
2025_REG_05_HOU_BAL_20251005,2025,5,REG,70077.0,64.8,0.0,5.5,0.25,0.25,True,False,False,False,False,False,False,False,False,5,10,6.0,6.0,WMO_0,False,0.6842105263157895,0.5789473684210527,False,False
2025_REG_05_KC_JAX_20251006,2025,5,REG,69329.0,77.4,0.378,11.5,0.75,0.5,False,False,False,False,False,False,False,False,False,5,10,7.0,7.0,WMO_63|PRECIP,False,0.2352941176470588,0.85,False,False
2025_REG_05_LV_IND_20251005,2025,5,REG,64955.0,,,,0.75,0.25,True,False,True,False,False,False,False,False,False,5,10,6.0,6.0,,False,0.4705882352941176,0.2352941176470588,False,False
2025_REG_05_MIA_CAR_20251005,2025,5,REG,72301.0,68.4,0.0,8.2,0.25,0.25,True,False,False,False,False,False,False,False,False,5,10,6.0,5.0,WMO_3,False,0.2941176470588235,0.4705882352941176,False,False
2025_REG_05_MIN_CLE_20251005,2025,5,REG,61082.0,71.8,0.0,9.6,0.25,0.5,True,False,False,False,False,False,False,False,False,5,10,6.0,6.0,WMO_0,False,0.1764705882352941,0.7777777777777778,False,False
2025_REG_05_NE_BUF_20251005,2025,5,REG,70802.0,70.4,0.0,9.3,1.0,0.5,True,False,False,False,False,False,False,False,False,5,10,6.0,6.0,WMO_0,False,0.75,0.2352941176470588,False,False
2025_REG_05_NYG_NO_20251005,2025,5,REG,70008.0,,,,0.0,0.25,True,False,True,False,False,False,False,False,False,5,10,6.0,6.0,,False,0.2941176470588235,0.1764705882352941,False,False
2025_REG_05_SF_LAR_20251002,2025,5,REG,73652.0,,,,0.75,0.75,False,False,True,False,False,False,False,False,False,5,10,3.0,3.0,,False,0.5789473684210527,0.3529411764705882,False,False
2025_REG_05_TB_SEA_20251005,2025,5,REG,68804.0,55.8,0.0,10.3,0.75,0.75,True,False,False,False,False,False,False,False,False,5,10,9.0,6.0,WMO_3,False,0.5882352941176471,0.5555555555555556,False,False
2025_REG_05_TEN_ARI_20251005,2025,5,REG,64280.0,,,,0.5,0.0,True,False,True,False,False,False,False,False,False,5,10,9.0,6.0,,False,0.4705882352941176,0.1764705882352941,False,False
2025_REG_05_WSH_LAC_20251005,2025,5,REG,71021.0,,,,0.75,0.5,True,False,True,False,False,False,False,False,False,5,10,6.0,6.0,,False,0.6111111111111112,0.7,False,False
2025_REG_06_ARI_IND_20251012,2025,6,REG,65523.0,,,,0.8,0.4,True,False,True,True,False,True,False,False,False,6,10,6.0,6.0,,False,0.4705882352941176,0.4705882352941176,False,False
2025_REG_06_BUF_ATL_20251013,2025,6,REG,72067.0,,,,0.5,0.8,False,True,True,False,False,False,False,False,False,6,10,14.0,7.0,,False,0.4705882352941176,0.75,False,False
2025_REG_06_CHI_WSH_20251013,2025,6,REG,64457.0,59.2,0.094,13.9,0.6,0.5,False,True,False,False,False,False,False,False,False,6,10,7.0,14.0,WMO_51|PRECIP,False,0.7,0.2941176470588235,False,False
2025_REG_06_CIN_GB_20251012,2025,6,REG,78277.0,55.2,0.0,11.1,0.625,0.4,True,False,False,True,False,True,False,False,False,6,10,13.0,6.0,WMO_3,False,0.6111111111111112,0.5294117647058824,False,False
2025_REG_06_CLE_PIT_20251012,2025,6,REG,66738.0,58.1,0.039,8.5,0.75,0.2,True,False,False,True,False,True,False,False,False,6,10,13.0,6.0,WMO_53|PRECIP,False,0.5555555555555556,0.1764705882352941,False,False
2025_REG_06_DAL_CAR_20251012,2025,6,REG,71619.0,63.6,0.067,16.4,0.4,0.5,True,False,False,True,False,True,False,False,False,6,10,6.0,6.0,WMO_51|PRECIP,True,0.2941176470588235,0.4117647058823529,False,False
2025_REG_06_DEN_NYJ_20251012,2025,6,REG,61155.0,59.6,0.335,15.3,0.0,0.6,True,False,False,True,False,True,False,False,False,6,10,6.0,6.0,WMO_61|PRECIP,False,0.2941176470588235,0.5555555555555556,False,False
2025_REG_06_DET_KC_20251012,2025,6,REG,73543.0,68.5,0.0,13.1,0.4,0.8,True,False,False,True,False,True,False,False,False,6,10,5.0,6.0,WMO_3,False,0.85,0.8333333333333334,False,False
2025_REG_06_LAC_MIA_20251012,2025,6,REG,65592.0,74.9,0.106,5.9,0.2,0.6,True,False,False,True,False,True,False,False,False,6,10,6.0,6.0,WMO_61|PRECIP,False,0.4705882352941176,0.6111111111111112,False,False
2025_REG_06_LAR_BAL_20251012,2025,6,REG,70055.0,62.8,0.059,13.4,0.2,0.6,True,False,False,True,False,True,False,False,False,6,10,6.0,9.0,WMO_53|PRECIP,False,0.6842105263157895,0.5789473684210527,False,False
2025_REG_06_NE_NO_20251012,2025,6,REG,70042.0,,,,0.2,0.6,True,False,True,True,False,True,False,False,False,6,10,6.0,6.0,,False,0.2941176470588235,0.2352941176470588,False,False
2025_REG_06_PHI_NYG_20251009,2025,6,REG,81564.0,55.2,0.0,9.3,0.2,0.8,False,False,False,False,False,False,False,False,False,6,10,3.0,3.0,WMO_0,False,0.1764705882352941,0.8571428571428571,False,False
2025_REG_06_SEA_JAX_20251012,2025,6,REG,61056.0,68.0,0.008,11.2,0.8,0.6,True,False,False,True,False,True,False,False,False,6,10,5.0,6.0,WMO_51|PRECIP,False,0.2352941176470588,0.5882352941176471,False,False
2025_REG_06_SF_TB_20251012,2025,6,REG,62411.0,72.4,0.0,10.5,0.8,0.8,True,False,False,True,False,True,False,False,False,6,10,6.0,9.0,WMO_2,False,0.5555555555555556,0.3529411764705882,False,False
2025_REG_06_TEN_LV_20251012,2025,6,REG,61981.0,,,,0.2,0.2,True,False,True,True,False,True,False,False,False,6,10,6.0,6.0,,False,0.2352941176470588,0.1764705882352941,False,False
2025_REG_07_ATL_SF_20251019,2025,7,REG,71217.0,64.9,0.0,6.2,0.6666666666666666,0.6,True,False,False,False,False,False,False,False,False,7,10,6.0,5.0,WMO_3,False,0.3529411764705882,0.4705882352941176,False,False
2025_REG_07_CAR_NYJ_20251019,2025,7,REG,71047.0,59.1,0.0,12.6,0.0,0.5,True,False,False,False,False,False,False,False,False,7,10,6.0,6.0,WMO_3,False,0.2941176470588235,0.2941176470588235,False,False
2025_REG_07_GB_ARI_20251019,2025,7,REG,64810.0,,,,0.3333333333333333,0.7,True,False,True,False,False,False,False,False,False,7,10,6.0,6.0,,False,0.4705882352941176,0.6111111111111112,False,False
2025_REG_07_HOU_SEA_20251020,2025,7,REG,68632.0,51.9,0.024,11.1,0.6666666666666666,0.4,False,False,False,False,False,False,False,False,False,7,10,7.0,14.0,WMO_53|PRECIP,False,0.5882352941176471,0.5789473684210527,False,False
2025_REG_07_IND_LAC_20251019,2025,7,REG,71124.0,,,,0.6666666666666666,0.8333333333333334,True,False,True,False,False,False,False,False,False,7,10,6.0,6.0,,False,0.6111111111111112,0.4705882352941176,False,False
2025_REG_07_LAR_JAX_20251019,2025,7,REG,86152.0,71.7,0.346,17.5,0.6666666666666666,0.6666666666666666,True,False,False,False,False,False,False,False,False,7,10,6.0,6.0,WMO_63|PRECIP,False,0.2352941176470588,0.5789473684210527,False,False
2025_REG_07_LV_KC_20251019,2025,7,REG,73584.0,55.9,0.024,15.5,0.5,0.3333333333333333,True,False,False,False,False,False,False,False,False,7,10,6.0,6.0,WMO_53|PRECIP,False,0.85,0.2352941176470588,False,False
2025_REG_07_MIA_CLE_20251019,2025,7,REG,63762.0,66.0,0.449,20.3,0.1666666666666666,0.1666666666666666,True,False,False,False,False,False,False,False,False,7,10,6.0,6.0,WMO_63|PRECIP|WINDY,True,0.1764705882352941,0.4705882352941176,False,False
2025_REG_07_NE_TEN_20251019,2025,7,REG,67410.0,66.8,1.106,18.7,0.1666666666666666,0.6666666666666666,True,False,False,False,False,False,False,False,False,7,10,6.0,6.0,WMO_65|PRECIP,True,0.1764705882352941,0.2352941176470588,False,False
2025_REG_07_NO_CHI_20251019,2025,7,REG,58102.0,56.5,1.039,18.4,0.6,0.1666666666666666,True,False,False,False,False,False,False,False,False,7,10,5.0,6.0,WMO_63|PRECIP,True,0.2941176470588235,0.2941176470588235,False,False
2025_REG_07_NYG_DEN_20251019,2025,7,REG,76830.0,48.7,0.0,5.1,0.6666666666666666,0.3333333333333333,True,False,False,False,False,False,False,False,False,7,10,6.0,9.0,WMO_3,False,0.5555555555555556,0.1764705882352941,False,False
2025_REG_07_PHI_MIN_20251019,2025,7,REG,66899.0,,,,0.6,0.6666666666666666,True,False,True,False,False,False,False,False,False,7,10,13.0,9.0,,False,0.7777777777777778,0.8571428571428571,False,False
2025_REG_07_PIT_CIN_20251016,2025,7,REG,66569.0,58.6,0.0,5.8,0.3333333333333333,0.8,False,False,False,False,False,False,False,False,False,7,10,3.0,3.0,WMO_3,False,0.5294117647058824,0.5555555555555556,False,False
2025_REG_07_TB_DET_20251020,2025,7,REG,64656.0,,,,0.6666666666666666,0.8333333333333334,False,False,True,False,False,False,False,False,False,7,10,7.0,7.0,,False,0.8333333333333334,0.5555555555555556,False,False
2025_REG_07_WSH_DAL_20251019,2025,7,REG,93051.0,,,,0.4166666666666667,0.5,True,False,True,False,False,False,False,False,False,7,10,6.0,5.0,,False,0.4117647058823529,0.7,False,False
2025_REG_08_BUF_CAR_20251026,2025,8,REG,73505.0,53.2,0.0,8.0,0.5714285714285714,0.6666666666666666,True,False,False,False,False,False,False,False,False,8,10,6.0,12.0,WMO_3,False,0.2941176470588235,0.75,False,False
2025_REG_08_CHI_BAL_20251026,2025,8,REG,70045.0,51.5,0.0,4.4,0.1666666666666666,0.6666666666666666,True,False,False,False,False,False,False,False,False,8,10,13.0,6.0,WMO_3,False,0.6842105263157895,0.2941176470588235,False,False
2025_REG_08_CLE_NE_20251026,2025,8,REG,64628.0,47.5,0.0,9.2,0.7142857142857143,0.2857142857142857,True,False,False,False,False,False,False,False,False,8,10,6.0,6.0,WMO_3,False,0.2352941176470588,0.1764705882352941,False,False
2025_REG_08_DAL_DEN_20251026,2025,8,REG,76545.0,55.0,0.0,8.4,0.7142857142857143,0.5,True,False,False,False,False,False,False,False,False,8,10,6.0,6.0,WMO_3,False,0.5555555555555556,0.4117647058823529,False,False
2025_REG_08_GB_PIT_20251026,2025,8,REG,67386.0,45.6,0.0,6.4,0.6666666666666666,0.75,True,False,False,False,False,False,False,False,False,8,10,9.0,6.0,WMO_3,False,0.5555555555555556,0.6111111111111112,False,False
2025_REG_08_MIA_ATL_20251026,2025,8,REG,71344.0,,,,0.5,0.1428571428571428,True,False,True,False,False,False,False,False,False,8,10,6.0,6.0,,False,0.4705882352941176,0.4705882352941176,False,False
2025_REG_08_MIN_LAC_20251023,2025,8,REG,71094.0,,,,0.5714285714285714,0.5,False,False,True,False,False,False,False,False,False,8,10,3.0,3.0,,False,0.6111111111111112,0.7777777777777778,False,False
2025_REG_08_NYG_PHI_20251026,2025,8,REG,69879.0,54.2,0.0,5.4,0.7142857142857143,0.2857142857142857,True,False,False,False,False,False,False,False,False,8,10,6.0,6.0,WMO_3,False,0.8571428571428571,0.1764705882352941,False,False
2025_REG_08_NYJ_CIN_20251026,2025,8,REG,65526.0,50.4,0.0,8.4,0.4285714285714285,0.0,True,False,False,False,False,False,False,False,False,8,10,9.0,6.0,WMO_3,False,0.5294117647058824,0.2941176470588235,False,False
2025_REG_08_SF_HOU_20251026,2025,8,REG,70581.0,,,,0.3333333333333333,0.7142857142857143,True,False,True,False,False,False,False,False,False,8,10,5.0,6.0,,False,0.5789473684210527,0.3529411764705882,False,False
2025_REG_08_TB_NO_20251026,2025,8,REG,70038.0,,,,0.1428571428571428,0.7142857142857143,True,False,True,False,False,False,False,False,False,8,10,6.0,5.0,,False,0.2941176470588235,0.5555555555555556,False,False
2025_REG_08_TEN_IND_20251026,2025,8,REG,65816.0,,,,0.8571428571428571,0.1428571428571428,True,False,True,False,False,False,False,False,False,8,10,6.0,6.0,,False,0.4705882352941176,0.1764705882352941,False,False
2025_REG_08_WSH_KC_20251027,2025,8,REG,73569.0,53.1,0.047,9.2,0.5714285714285714,0.4285714285714285,False,False,False,False,False,False,False,False,False,8,10,7.0,7.0,WMO_51|PRECIP,False,0.85,0.7,False,False
2025_REG_09_ARI_DAL_20251103,2025,9,REG,92211.0,,,,0.4375,0.2857142857142857,False,False,True,False,False,False,False,False,False,9,11,7.0,14.0,,False,0.4117647058823529,0.4705882352941176,False,False
2025_REG_09_ATL_NE_20251102,2025,9,REG,64628.0,42.8,0.0,9.6,0.75,0.4285714285714285,True,False,False,False,False,False,False,False,False,9,11,6.0,6.0,WMO_3,False,0.2352941176470588,0.4705882352941176,False,False
2025_REG_09_BAL_MIA_20251030,2025,9,REG,66132.0,72.8,0.004,11.4,0.25,0.2857142857142857,False,False,False,False,False,False,False,False,False,9,10,3.0,3.0,WMO_51|PRECIP,False,0.4705882352941176,0.6842105263157895,False,False
2025_REG_09_CAR_GB_20251102,2025,9,REG,77864.0,38.5,0.0,15.6,0.7857142857142857,0.5,True,False,False,False,False,False,False,False,False,9,11,6.0,6.0,WMO_3,False,0.6111111111111112,0.2941176470588235,False,False
2025_REG_09_CHI_CIN_20251102,2025,9,REG,66264.0,46.2,0.059,4.5,0.375,0.5714285714285714,True,False,False,False,False,False,False,False,False,9,11,6.0,6.0,WMO_51|PRECIP,False,0.5294117647058824,0.2941176470588235,False,False
2025_REG_09_DEN_HOU_20251102,2025,9,REG,70471.0,,,,0.4285714285714285,0.75,True,False,True,False,False,False,False,False,False,9,11,6.0,6.0,,False,0.5789473684210527,0.5555555555555556,False,False
2025_REG_09_IND_PIT_20251102,2025,9,REG,66677.0,46.4,0.0,4.4,0.5714285714285714,0.875,True,False,False,False,False,False,False,False,False,9,11,6.0,6.0,WMO_3,False,0.5555555555555556,0.4705882352941176,False,False
2025_REG_09_JAX_LV_20251102,2025,9,REG,62080.0,,,,0.2857142857142857,0.5714285714285714,True,False,True,False,False,False,False,False,False,9,11,13.0,13.0,,False,0.2352941176470588,0.2352941176470588,False,False
2025_REG_09_KC_BUF_20251102,2025,9,REG,71024.0,44.2,0.016,5.5,0.7142857142857143,0.625,True,False,False,False,False,False,False,False,False,9,11,6.0,5.0,WMO_51|PRECIP,False,0.75,0.85,False,False
2025_REG_09_LAC_TEN_20251102,2025,9,REG,58592.0,46.5,0.398,12.1,0.125,0.625,True,False,False,False,False,False,False,False,False,9,11,6.0,9.0,WMO_61|PRECIP,False,0.1764705882352941,0.6111111111111112,False,False
2025_REG_09_MIN_DET_20251102,2025,9,REG,64642.0,,,,0.7142857142857143,0.4285714285714285,True,False,True,False,False,False,False,False,False,9,11,12.0,9.0,,False,0.8333333333333334,0.7777777777777778,False,False
2025_REG_09_NO_LAR_20251102,2025,9,REG,72055.0,,,,0.7142857142857143,0.125,True,False,True,False,False,False,False,False,False,9,11,13.0,6.0,,False,0.5789473684210527,0.2941176470588235,False,False
2025_REG_09_SEA_WSH_20251102,2025,9,REG,64197.0,51.1,0.0,5.0,0.375,0.7142857142857143,True,False,False,False,False,False,False,False,False,9,11,5.0,12.0,WMO_3,False,0.7,0.5882352941176471,False,False
2025_REG_09_SF_NYG_20251102,2025,9,REG,83258.0,47.7,0.0,5.7,0.25,0.625,True,False,False,False,False,False,False,False,False,9,11,6.0,6.0,WMO_3,False,0.1764705882352941,0.3529411764705882,False,False
2025_REG_10_ARI_SEA_20251109,2025,10,REG,68723.0,50.9,0.0,6.2,0.75,0.375,True,False,False,False,False,False,False,False,False,10,11,6.0,5.0,WMO_3,False,0.5882352941176471,0.4705882352941176,False,False
2025_REG_10_ATL_IND_20251109,2025,10,REG,72203.0,,,,0.7777777777777778,0.375,True,False,True,False,False,False,False,False,False,10,11,6.0,6.0,,False,0.4705882352941176,0.4705882352941176,False,False
2025_REG_10_BAL_MIN_20251109,2025,10,REG,66946.0,,,,0.5,0.375,True,False,True,False,False,False,False,False,False,10,11,6.0,9.0,,False,0.7777777777777778,0.6842105263157895,False,False
2025_REG_10_BUF_MIA_20251109,2025,10,REG,66030.0,77.7,0.063,4.3,0.2222222222222222,0.75,True,False,False,False,False,False,False,False,False,10,11,9.0,6.0,WMO_55|PRECIP,False,0.4705882352941176,0.75,False,False
2025_REG_10_CLE_NYJ_20251109,2025,10,REG,72623.0,53.9,0.008,9.7,0.125,0.25,True,False,False,False,False,False,False,False,False,10,11,13.0,13.0,WMO_51|PRECIP,False,0.2941176470588235,0.1764705882352941,False,False
2025_REG_10_DET_WSH_20251109,2025,10,REG,64470.0,58.4,0.122,8.8,0.3333333333333333,0.625,True,False,False,False,False,False,False,False,False,10,11,6.0,6.0,WMO_61|PRECIP,False,0.7,0.8333333333333334,False,False
2025_REG_10_JAX_HOU_20251109,2025,10,REG,70531.0,,,,0.375,0.625,True,False,True,False,False,False,False,False,False,10,11,6.0,6.0,,False,0.5789473684210527,0.2352941176470588,False,False
2025_REG_10_LAR_SF_20251109,2025,10,REG,71239.0,63.1,0.0,3.9,0.6666666666666666,0.75,True,False,False,False,False,False,False,False,False,10,11,6.0,6.0,WMO_3,False,0.3529411764705882,0.5789473684210527,False,False
2025_REG_10_LV_DEN_20251106,2025,10,REG,74692.0,51.5,0.0,14.0,0.7777777777777778,0.25,False,False,False,False,False,False,False,False,False,10,11,3.0,3.0,WMO_3,False,0.5555555555555556,0.2352941176470588,False,False
2025_REG_10_NE_TB_20251109,2025,10,REG,65492.0,74.5,0.024,7.9,0.75,0.7777777777777778,True,False,False,False,False,False,False,False,False,10,11,13.0,6.0,WMO_51|PRECIP,False,0.5555555555555556,0.2352941176470588,False,False
2025_REG_10_NO_CAR_20251109,2025,10,REG,72804.0,65.1,0.146,12.9,0.5555555555555556,0.1111111111111111,True,False,False,False,False,False,False,False,False,10,11,6.0,6.0,WMO_63|PRECIP,False,0.2941176470588235,0.2941176470588235,False,False
2025_REG_10_NYG_CHI_20251109,2025,10,REG,58884.0,36.6,0.685,18.6,0.625,0.2222222222222222,True,False,False,False,False,False,False,False,False,10,11,6.0,6.0,WMO_73|SNOW,True,0.2941176470588235,0.1764705882352941,False,False
2025_REG_10_PHI_GB_20251110,2025,10,REG,78254.0,27.8,0.0,12.9,0.6875,0.75,False,False,False,False,False,False,False,False,False,10,11,7.0,14.0,WMO_3,False,0.6111111111111112,0.8571428571428571,False,False
2025_REG_10_PIT_LAC_20251109,2025,10,REG,72174.0,,,,0.6666666666666666,0.625,True,False,True,False,False,False,False,False,False,10,11,6.0,6.0,,False,0.6111111111111112,0.5555555555555556,False,False
2025_REG_11_BAL_CLE_20251116,2025,11,REG,64230.0,46.9,0.071,22.9,0.2222222222222222,0.4444444444444444,True,False,False,False,False,False,False,False,False,11,11,6.0,6.0,WMO_51|PRECIP|WINDY,True,0.1764705882352941,0.6842105263157895,False,False
2025_REG_11_CAR_ATL_20251116,2025,11,REG,70739.0,,,,0.3333333333333333,0.5,True,False,True,False,False,False,False,False,False,11,11,6.0,6.0,,False,0.4705882352941176,0.2941176470588235,False,False
2025_REG_11_CHI_MIN_20251116,2025,11,REG,66952.0,,,,0.4444444444444444,0.6666666666666666,True,False,True,False,False,False,False,False,False,11,11,6.0,6.0,,False,0.7777777777777778,0.2941176470588235,False,False
2025_REG_11_CIN_PIT_20251116,2025,11,REG,66132.0,48.8,0.102,15.7,0.5555555555555556,0.3333333333333333,True,False,False,False,False,False,False,False,False,11,11,6.0,13.0,WMO_55|PRECIP,True,0.5555555555555556,0.5294117647058824,False,False
2025_REG_11_DAL_LV_20251117,2025,11,REG,62625.0,,,,0.2222222222222222,0.3888888888888889,False,False,True,False,False,False,False,False,False,11,11,10.0,13.0,,False,0.2352941176470588,0.4117647058823529,False,False
2025_REG_11_DET_PHI_20251116,2025,11,REG,69879.0,55.2,0.48,18.0,0.7777777777777778,0.6666666666666666,True,False,False,False,False,False,False,False,False,11,11,5.0,6.0,WMO_65|PRECIP,True,0.8571428571428571,0.8333333333333334,False,False
2025_REG_11_GB_NYG_20251116,2025,11,REG,82438.0,49.8,0.177,16.0,0.2,0.6111111111111112,True,False,False,False,False,False,False,False,False,11,11,6.0,5.0,WMO_63|PRECIP,True,0.1764705882352941,0.6111111111111112,False,False
2025_REG_11_HOU_TEN_20251116,2025,11,REG,55999.0,63.7,0.031,11.1,0.1111111111111111,0.4444444444444444,True,False,False,False,False,False,False,False,False,11,11,13.0,6.0,WMO_53|PRECIP,False,0.1764705882352941,0.5789473684210527,False,False
2025_REG_11_KC_DEN_20251116,2025,11,REG,76750.0,52.5,0.0,3.6,0.8,0.5555555555555556,True,False,False,False,False,False,False,False,False,11,11,9.0,13.0,WMO_3,False,0.5555555555555556,0.85,False,False
2025_REG_11_LAC_JAX_20251116,2025,11,REG,58461.0,65.5,0.0,11.9,0.5555555555555556,0.7,True,False,False,False,False,False,False,False,False,11,11,6.0,6.0,WMO_0,False,0.2352941176470588,0.6111111111111112,False,False
2025_REG_11_NYJ_NE_20251113,2025,11,REG,64628.0,41.9,0.016,11.0,0.8,0.2222222222222222,False,False,False,False,False,False,False,False,False,11,11,3.0,3.0,WMO_51|PRECIP,False,0.2352941176470588,0.2941176470588235,False,False
2025_REG_11_SEA_LAR_20251116,2025,11,REG,75323.0,,,,0.7777777777777778,0.7777777777777778,True,False,True,False,False,False,False,False,False,11,11,6.0,6.0,,False,0.5789473684210527,0.5882352941176471,False,False
2025_REG_11_SF_ARI_20251116,2025,11,REG,65032.0,,,,0.3333333333333333,0.6,True,False,True,False,False,False,False,False,False,11,11,6.0,6.0,,False,0.4705882352941176,0.3529411764705882,False,False
2025_REG_11_TB_BUF_20251116,2025,11,REG,71005.0,43.1,0.346,21.0,0.6666666666666666,0.6666666666666666,True,False,False,False,False,False,False,False,False,11,11,6.0,6.0,WMO_71|SNOW|WINDY,True,0.75,0.5555555555555556,False,False
2025_REG_11_WSH_MIA_20251116,2025,11,REG,78610.0,69.4,0.0,5.0,0.3,0.3,True,False,False,False,False,False,False,False,False,11,11,6.0,6.0,WMO_2,False,0.4705882352941176,0.7,False,False
2025_REG_12_ATL_NO_20251123,2025,12,REG,70005.0,,,,0.2,0.3,True,False,True,False,False,False,False,False,False,12,11,13.0,6.0,,False,0.2941176470588235,0.4705882352941176,False,False
2025_REG_12_BUF_HOU_20251120,2025,12,REG,70451.0,,,,0.5,0.7,False,False,True,False,False,False,False,False,False,12,11,3.0,3.0,,False,0.5789473684210527,0.75,False,False
2025_REG_12_CAR_SF_20251124,2025,12,REG,71337.0,51.3,0.0,5.1,0.6363636363636364,0.5454545454545454,False,False,False,False,False,False,False,False,False,12,11,7.0,7.0,WMO_3,False,0.3529411764705882,0.2941176470588235,False,False
2025_REG_12_CLE_LV_20251123,2025,12,REG,62244.0,,,,0.2,0.2,True,False,True,False,False,False,False,False,False,12,11,5.0,6.0,,False,0.2352941176470588,0.1764705882352941,False,False
2025_REG_12_IND_KC_20251123,2025,12,REG,73611.0,49.0,0.0,8.2,0.5,0.8,True,False,False,False,False,False,False,False,False,12,11,6.0,13.0,WMO_0,False,0.85,0.4705882352941176,False,False
2025_REG_12_JAX_ARI_20251123,2025,12,REG,62413.0,,,,0.3,0.6,True,False,True,False,False,False,False,False,False,12,11,6.0,6.0,,False,0.4705882352941176,0.2352941176470588,False,False
2025_REG_12_MIN_GB_20251123,2025,12,REG,77991.0,39.4,0.0,11.0,0.65,0.4,True,False,False,False,False,False,False,False,False,12,11,6.0,6.0,WMO_3,False,0.6111111111111112,0.7777777777777778,False,False
2025_REG_12_NE_CIN_20251123,2025,12,REG,65659.0,45.8,0.0,7.2,0.3,0.8181818181818182,True,False,False,False,False,False,False,False,False,12,11,6.0,9.0,WMO_3,False,0.5294117647058824,0.2352941176470588,False,False
2025_REG_12_NYG_DET_20251123,2025,12,REG,64238.0,,,,0.6,0.1818181818181818,True,False,True,False,False,False,False,False,False,12,11,6.0,6.0,,False,0.8333333333333334,0.1764705882352941,False,False
2025_REG_12_NYJ_BAL_20251123,2025,12,REG,70029.0,44.8,0.0,7.7,0.5,0.2,True,False,False,False,False,False,False,False,False,12,11,6.0,9.0,WMO_3,False,0.6842105263157895,0.2941176470588235,False,False
2025_REG_12_PHI_DAL_20251123,2025,12,REG,93068.0,,,,0.45,0.8,True,False,True,False,False,False,False,False,False,12,11,5.0,6.0,,False,0.4117647058823529,0.8571428571428571,False,False
2025_REG_12_PIT_CHI_20251123,2025,12,REG,59658.0,45.3,0.0,12.2,0.7,0.6,True,False,False,False,False,False,False,False,False,12,11,6.0,6.0,WMO_3,False,0.2941176470588235,0.5555555555555556,False,False
2025_REG_12_SEA_TEN_20251123,2025,12,REG,60487.0,54.6,0.0,7.4,0.1,0.7,True,False,False,False,False,False,False,False,False,12,11,6.0,6.0,WMO_3,False,0.1764705882352941,0.5882352941176471,False,False
2025_REG_12_TB_LAR_20251123,2025,12,REG,75545.0,,,,0.8,0.6,True,False,True,False,False,False,False,False,False,12,11,6.0,6.0,,False,0.5789473684210527,0.5555555555555556,False,False
2025_REG_13_ARI_TB_20251130,2025,13,REG,61103.0,70.2,0.0,10.9,0.5454545454545454,0.2727272727272727,True,False,False,False,False,False,False,False,False,13,11,6.0,6.0,WMO_3,False,0.5555555555555556,0.4705882352941176,False,False
2025_REG_13_ATL_NYJ_20251130,2025,13,REG,70012.0,35.8,0.11,8.4,0.1818181818181818,0.3636363636363636,True,False,False,False,False,False,False,False,False,13,11,6.0,6.0,WMO_53|PRECIP,False,0.2941176470588235,0.4705882352941176,False,False
2025_REG_13_BUF_PIT_20251130,2025,13,REG,66068.0,37.2,0.051,17.1,0.5454545454545454,0.6363636363636364,True,False,False,False,False,False,False,False,False,13,11,6.0,9.0,WMO_71|SNOW,True,0.5555555555555556,0.75,False,False
2025_REG_13_CHI_PHI_20251128,2025,13,REG,,36.3,0.0,16.6,0.7272727272727273,0.7272727272727273,False,False,False,False,True,True,False,False,False,13,11,4.0,4.0,WMO_3,True,0.8571428571428571,0.2941176470588235,False,False
2025_REG_13_CIN_BAL_20251127,2025,13,REG,70066.0,43.4,0.0,13.9,0.5454545454545454,0.2727272727272727,False,True,False,False,False,False,False,False,False,13,11,3.0,3.0,WMO_3,False,0.6842105263157895,0.5294117647058824,False,False
2025_REG_13_DEN_WSH_20251130,2025,13,REG,63159.0,36.1,0.13,12.4,0.2727272727272727,0.8181818181818182,True,False,False,False,False,False,False,False,False,13,11,13.0,13.0,WMO_73|SNOW,True,0.7,0.5555555555555556,False,False
2025_REG_13_GB_DET_20251127,2025,13,REG,66662.0,,,,0.6363636363636364,0.6818181818181818,False,True,True,False,False,False,False,False,False,13,11,3.0,3.0,,False,0.8333333333333334,0.6111111111111112,False,False
2025_REG_13_HOU_IND_20251130,2025,13,REG,65977.0,,,,0.7272727272727273,0.5454545454545454,True,False,True,False,False,False,False,False,False,13,11,6.0,9.0,,False,0.4705882352941176,0.5789473684210527,False,False
2025_REG_13_JAX_TEN_20251130,2025,13,REG,54098.0,43.3,0.201,14.3,0.0909090909090909,0.6363636363636364,True,False,False,False,False,False,False,False,False,13,11,6.0,6.0,WMO_73|SNOW,True,0.1764705882352941,0.2352941176470588,False,False
2025_REG_13_KC_DAL_20251127,2025,13,REG,93739.0,,,,0.5,0.5454545454545454,False,True,True,False,False,False,False,False,False,13,11,3.0,3.0,,False,0.4117647058823529,0.85,False,False
2025_REG_13_LAR_CAR_20251130,2025,13,REG,71292.0,40.2,0.094,6.4,0.5,0.8181818181818182,True,False,False,False,False,False,False,False,False,13,11,5.0,6.0,WMO_55|PRECIP,False,0.2941176470588235,0.5789473684210527,False,False
2025_REG_13_LV_LAC_20251130,2025,13,REG,71018.0,,,,0.6363636363636364,0.1818181818181818,True,False,True,False,False,False,False,False,False,13,11,13.0,6.0,,False,0.6111111111111112,0.2352941176470588,False,False
2025_REG_13_MIN_SEA_20251130,2025,13,REG,68790.0,40.4,0.0,5.9,0.7272727272727273,0.3636363636363636,True,False,False,False,False,False,False,False,False,13,11,6.0,6.0,WMO_3,False,0.5882352941176471,0.7777777777777778,False,False
2025_REG_13_NO_MIA_20251130,2025,13,REG,63864.0,72.7,0.11,9.1,0.3636363636363636,0.1818181818181818,True,False,False,False,False,False,False,False,False,13,11,13.0,6.0,WMO_53|PRECIP,False,0.4705882352941176,0.2941176470588235,False,False
2025_REG_13_NYG_NE_20251201,2025,13,REG,64628.0,39.8,0.138,14.3,0.8333333333333334,0.1666666666666666,False,False,False,False,False,False,False,False,False,13,12,7.0,7.0,WMO_55|PRECIP,False,0.2352941176470588,0.1764705882352941,False,False
2025_REG_13_SF_CLE_20251130,2025,13,REG,64042.0,35.9,0.26,24.6,0.2727272727272727,0.6666666666666666,True,False,False,False,False,False,False,False,False,13,11,6.0,5.0,WMO_75|SNOW|WINDY,True,0.1764705882352941,0.3529411764705882,False,False
2025_REG_14_CHI_GB_20251207,2025,14,REG,78214.0,14.7,0.035,9.1,0.7083333333333334,0.75,True,False,False,False,False,False,False,False,False,14,12,9.0,8.0,WMO_71|SNOW,True,0.6111111111111112,0.2941176470588235,False,False
2025_REG_14_CIN_BUF_20251207,2025,14,REG,70613.0,30.3,0.189,12.5,0.6666666666666666,0.3333333333333333,True,False,False,False,False,False,False,False,False,14,12,6.0,9.0,WMO_73|SNOW,True,0.75,0.5294117647058824,False,False
2025_REG_14_DAL_DET_20251204,2025,14,REG,64028.0,,,,0.5833333333333334,0.5416666666666666,False,False,True,False,False,False,False,False,False,14,12,6.0,6.0,,False,0.8333333333333334,0.4117647058823529,False,False
2025_REG_14_DEN_LV_20251207,2025,14,REG,62442.0,,,,0.1666666666666666,0.8333333333333334,True,False,True,False,False,False,False,False,False,14,12,6.0,6.0,,False,0.2352941176470588,0.5555555555555556,False,False
2025_REG_14_HOU_KC_20251207,2025,14,REG,73611.0,34.5,0.004,12.0,0.5,0.5833333333333334,True,False,False,False,False,False,False,False,False,14,12,9.0,6.0,WMO_51|PRECIP,False,0.85,0.5789473684210527,False,False
2025_REG_14_IND_JAX_20251207,2025,14,REG,60067.0,56.8,1.102,7.6,0.6666666666666666,0.6666666666666666,True,False,False,False,False,False,False,False,False,14,12,6.0,6.0,WMO_63|PRECIP,True,0.2352941176470588,0.4705882352941176,False,False
2025_REG_14_LAR_ARI_20251207,2025,14,REG,61970.0,,,,0.25,0.75,True,False,True,False,False,False,False,False,False,14,12,6.0,6.0,,False,0.4705882352941176,0.5789473684210527,False,False
2025_REG_14_MIA_NYJ_20251207,2025,14,REG,68625.0,34.5,0.0,7.5,0.25,0.4166666666666667,True,False,False,False,False,False,False,False,False,14,12,6.0,6.0,WMO_3,False,0.2941176470588235,0.4705882352941176,False,False
2025_REG_14_NO_TB_20251207,2025,14,REG,63125.0,68.4,0.921,11.2,0.5833333333333334,0.1666666666666666,True,False,False,False,False,False,False,False,False,14,12,6.0,6.0,WMO_65|PRECIP,True,0.5555555555555556,0.2941176470588235,False,False
2025_REG_14_PHI_LAC_20251208,2025,14,REG,72241.0,,,,0.6666666666666666,0.6666666666666666,False,False,True,False,False,False,False,False,False,14,12,7.0,9.0,,False,0.6111111111111112,0.8571428571428571,False,False
2025_REG_14_PIT_BAL_20251207,2025,14,REG,70544.0,34.6,0.0,5.7,0.5,0.5,True,False,False,False,False,False,False,False,False,14,12,9.0,6.0,WMO_3,False,0.6842105263157895,0.5555555555555556,False,False
2025_REG_14_SEA_ATL_20251207,2025,14,REG,68721.0,,,,0.3333333333333333,0.75,True,False,True,False,False,False,False,False,False,14,12,6.0,6.0,,False,0.4705882352941176,0.5882352941176471,False,False
2025_REG_14_TEN_CLE_20251207,2025,14,REG,62982.0,33.0,0.087,14.6,0.25,0.0833333333333333,True,False,False,False,False,False,False,False,False,14,12,6.0,6.0,WMO_73|SNOW,True,0.1764705882352941,0.1764705882352941,False,False
2025_REG_14_WSH_MIN_20251207,2025,14,REG,66810.0,,,,0.3333333333333333,0.25,True,False,True,False,False,False,False,False,False,14,12,6.0,6.0,,False,0.7777777777777778,0.7,False,False
2025_REG_15_ARI_HOU_20251214,2025,15,REG,71086.0,,,,0.6153846153846154,0.2307692307692307,True,False,True,False,False,False,False,False,False,15,12,6.0,6.0,,False,0.5789473684210527,0.4705882352941176,False,False
2025_REG_15_ATL_TB_20251211,2025,15,REG,64917.0,59.9,0.0,7.9,0.5384615384615384,0.3076923076923077,False,False,False,False,False,False,False,False,False,15,12,3.0,3.0,WMO_3,False,0.5555555555555556,0.4705882352941176,False,False
2025_REG_15_BAL_CIN_20251214,2025,15,REG,64907.0,8.8,0.118,10.8,0.3076923076923077,0.4615384615384615,True,False,False,False,False,False,False,False,False,15,12,6.0,6.0,WMO_75|SNOW,True,0.5294117647058824,0.6842105263157895,False,False
2025_REG_15_BUF_NE_20251214,2025,15,REG,64628.0,30.7,0.236,13.9,0.8461538461538461,0.6923076923076923,True,False,False,False,False,False,False,False,False,15,12,12.0,6.0,WMO_73|SNOW,True,0.2352941176470588,0.75,False,False
2025_REG_15_CAR_NO_20251214,2025,15,REG,70070.0,,,,0.2307692307692307,0.5384615384615384,True,False,True,False,False,False,False,False,False,15,12,6.0,13.0,,False,0.2941176470588235,0.2941176470588235,False,False
2025_REG_15_CLE_CHI_20251214,2025,15,REG,54051.0,3.5,0.0,13.8,0.6923076923076923,0.2307692307692307,True,False,False,False,False,False,False,False,False,15,12,6.0,6.0,WMO_3,True,0.2941176470588235,0.1764705882352941,False,False
2025_REG_15_DET_LAR_20251214,2025,15,REG,74701.0,,,,0.7692307692307693,0.6153846153846154,True,False,True,False,False,False,False,False,False,15,12,6.0,9.0,,False,0.5789473684210527,0.8333333333333334,False,False
2025_REG_15_GB_DEN_20251214,2025,15,REG,76809.0,38.1,0.0,4.0,0.8461538461538461,0.7307692307692307,True,False,False,False,False,False,False,False,False,15,12,6.0,6.0,WMO_3,False,0.5555555555555556,0.6111111111111112,False,False
2025_REG_15_IND_SEA_20251214,2025,15,REG,68771.0,50.0,0.098,10.6,0.7692307692307693,0.6153846153846154,True,False,False,False,False,False,False,False,False,15,12,6.0,6.0,WMO_53|PRECIP,False,0.5882352941176471,0.4705882352941176,False,False
2025_REG_15_LAC_KC_20251214,2025,15,REG,73073.0,14.5,0.0,9.6,0.4615384615384615,0.6923076923076923,True,False,False,False,False,False,False,False,False,15,12,6.0,5.0,WMO_3,True,0.85,0.6111111111111112,False,False
2025_REG_15_LV_PHI_20251214,2025,15,REG,69879.0,30.0,0.469,13.5,0.6153846153846154,0.1538461538461538,True,False,False,False,False,False,False,False,False,15,12,5.0,6.0,WMO_75|SNOW,True,0.8571428571428571,0.2352941176470588,False,False
2025_REG_15_MIA_PIT_20251215,2025,15,REG,65663.0,11.4,0.004,11.5,0.5384615384615384,0.4615384615384615,False,False,False,False,False,False,False,False,False,15,12,7.0,7.0,WMO_71|SNOW,True,0.5555555555555556,0.4705882352941176,False,False
2025_REG_15_MIN_DAL_20251214,2025,15,REG,92991.0,,,,0.5,0.3846153846153846,True,False,True,False,False,False,False,False,False,15,12,9.0,6.0,,False,0.4117647058823529,0.7777777777777778,False,False
2025_REG_15_NYJ_JAX_20251214,2025,15,REG,60815.0,61.6,0.0,13.7,0.6923076923076923,0.2307692307692307,True,False,False,False,False,False,False,False,False,15,12,6.0,6.0,WMO_2,False,0.2352941176470588,0.2941176470588235,False,False
2025_REG_15_TEN_SF_20251214,2025,15,REG,71042.0,45.9,0.0,3.9,0.6923076923076923,0.1538461538461538,True,False,False,False,False,False,False,False,False,15,12,13.0,6.0,WMO_3,False,0.3529411764705882,0.1764705882352941,False,False
2025_REG_15_WSH_NYG_20251214,2025,15,REG,77481.0,29.7,0.461,12.1,0.1538461538461538,0.2307692307692307,True,False,False,False,False,False,False,False,False,15,12,12.0,6.0,WMO_75|SNOW,True,0.1764705882352941,0.7,False,False
2025_REG_16_ATL_ARI_20251221,2025,16,REG,60673.0,,,,0.2142857142857142,0.3571428571428571,True,False,True,False,False,False,False,False,False,16,12,6.0,9.0,,False,0.4705882352941176,0.4705882352941176,False,False
2025_REG_16_BUF_CLE_20251221,2025,16,REG,67580.0,32.7,0.0,23.6,0.2142857142857142,0.7142857142857143,True,False,False,False,False,False,False,False,False,16,12,6.0,6.0,WMO_3|WINDY,True,0.1764705882352941,0.75,False,False
2025_REG_16_CIN_MIA_20251221,2025,16,REG,65885.0,71.9,0.051,7.0,0.4285714285714285,0.2857142857142857,True,False,False,False,False,False,False,False,False,16,12,5.0,6.0,WMO_53|PRECIP,False,0.4705882352941176,0.5294117647058824,False,False
2025_REG_16_GB_CHI_20251220,2025,16,REG,60152.0,30.8,0.0,15.5,0.7142857142857143,0.6785714285714286,True,False,False,False,False,False,False,False,False,16,12,5.0,5.0,WMO_3,False,0.2941176470588235,0.6111111111111112,False,False
2025_REG_16_JAX_DEN_20251221,2025,16,REG,76858.0,39.8,0.0,5.0,0.8571428571428571,0.7142857142857143,True,False,False,False,False,False,False,False,False,16,12,6.0,6.0,WMO_3,False,0.5555555555555556,0.2352941176470588,False,False
2025_REG_16_KC_TEN_20251221,2025,16,REG,61752.0,48.2,0.0,9.6,0.1428571428571428,0.4285714285714285,True,False,False,False,False,False,False,False,False,16,12,6.0,6.0,WMO_3,False,0.1764705882352941,0.85,False,False
2025_REG_16_LAC_DAL_20251221,2025,16,REG,92740.0,,,,0.4642857142857143,0.7142857142857143,True,False,True,False,False,False,False,False,False,16,12,6.0,6.0,,False,0.4117647058823529,0.6111111111111112,False,False
2025_REG_16_LAR_SEA_20251218,2025,16,REG,68853.0,45.9,0.343,17.4,0.7857142857142857,0.7857142857142857,False,False,False,False,False,False,False,False,False,16,12,3.0,3.0,WMO_61|PRECIP,False,0.5882352941176471,0.5789473684210527,False,False
2025_REG_16_LV_HOU_20251221,2025,16,REG,71160.0,,,,0.6428571428571429,0.1428571428571428,True,False,True,False,False,False,False,False,False,16,12,6.0,6.0,,False,0.5789473684210527,0.2352941176470588,False,False
2025_REG_16_MIN_NYG_20251221,2025,16,REG,76515.0,36.5,0.0,14.2,0.1428571428571428,0.4285714285714285,True,False,False,False,False,False,False,False,False,16,12,6.0,6.0,WMO_3,False,0.1764705882352941,0.7777777777777778,False,False
2025_REG_16_NE_BAL_20251221,2025,16,REG,70709.0,40.0,0.0,13.3,0.5,0.7857142857142857,True,False,False,False,False,False,False,False,False,16,12,6.0,6.0,WMO_3,False,0.6842105263157895,0.2352941176470588,False,False
2025_REG_16_NYJ_NO_20251221,2025,16,REG,70043.0,,,,0.2857142857142857,0.2142857142857142,True,False,True,False,False,False,False,False,False,16,12,6.0,6.0,,False,0.2941176470588235,0.2941176470588235,False,False
2025_REG_16_PHI_WSH_20251220,2025,16,REG,64582.0,34.6,0.0,14.0,0.2857142857142857,0.6428571428571429,True,False,False,False,False,False,False,False,False,16,12,5.0,5.0,WMO_3,True,0.7,0.8571428571428571,False,False
2025_REG_16_PIT_DET_20251221,2025,16,REG,63798.0,,,,0.5714285714285714,0.5714285714285714,True,False,True,False,False,False,False,False,False,16,12,6.0,5.0,,False,0.8333333333333334,0.5555555555555556,False,False
2025_REG_16_SF_IND_20251222,2025,16,REG,66265.0,,,,0.5714285714285714,0.7142857142857143,False,False,True,False,False,False,False,False,False,16,12,7.0,7.0,,False,0.4705882352941176,0.3529411764705882,False,False
2025_REG_16_TB_CAR_20251221,2025,16,REG,73530.0,45.7,0.0,9.4,0.5,0.5,True,False,False,False,False,False,False,False,False,16,12,6.0,9.0,WMO_3,False,0.2941176470588235,0.5555555555555556,False,False
2025_REG_17_ARI_CIN_20251228,2025,17,REG,61402.0,57.3,0.047,14.8,0.3333333333333333,0.2,True,False,False,False,False,False,False,False,False,17,12,6.0,6.0,WMO_51|PRECIP,False,0.5294117647058824,0.4705882352941176,False,False
2025_REG_17_BAL_GB_20251227,2025,17,REG,77660.0,34.5,0.0,8.7,0.6333333333333333,0.4666666666666667,True,False,False,False,False,False,False,False,False,17,12,6.0,5.0,WMO_3,False,0.6111111111111112,0.6842105263157895,False,False
2025_REG_17_CHI_SF_20251228,2025,17,REG,71836.0,45.1,0.0,5.6,0.7333333333333333,0.7333333333333333,True,False,False,False,False,False,False,False,False,17,12,5.0,7.0,WMO_3,False,0.3529411764705882,0.2941176470588235,False,False
2025_REG_17_DAL_WSH_20251225,2025,17,REG,64407.0,42.8,0.008,9.8,0.2666666666666666,0.4333333333333333,False,True,False,False,False,False,False,False,False,17,12,4.0,3.0,WMO_51|PRECIP,False,0.7,0.4117647058823529,False,False
2025_REG_17_DEN_KC_20251225,2025,17,REG,73045.0,52.7,0.0,7.5,0.4,0.8,False,True,False,False,False,False,False,False,False,17,12,3.0,3.0,WMO_3,False,0.85,0.5555555555555556,False,False
2025_REG_17_DET_MIN_20251225,2025,17,REG,66874.0,,,,0.4666666666666667,0.5333333333333333,False,True,True,False,False,False,False,False,False,17,12,3.0,3.0,,False,0.7777777777777778,0.8333333333333334,False,False
2025_REG_17_HOU_LAC_20251227,2025,17,REG,73066.0,,,,0.7333333333333333,0.6666666666666666,True,False,True,False,False,False,False,False,False,17,12,5.0,5.0,,False,0.6111111111111112,0.5789473684210527,False,False
2025_REG_17_JAX_IND_20251228,2025,17,REG,66080.0,,,,0.5333333333333333,0.7333333333333333,True,False,True,False,False,False,False,False,False,17,12,5.0,6.0,,False,0.4705882352941176,0.2352941176470588,False,False
2025_REG_17_LAR_ATL_20251229,2025,17,REG,69313.0,,,,0.4,0.7333333333333333,False,False,True,False,False,False,False,False,False,17,12,7.0,10.0,,False,0.4705882352941176,0.5789473684210527,False,False
2025_REG_17_NE_NYJ_20251228,2025,17,REG,70918.0,19.8,0.0,4.8,0.2,0.8,True,False,False,False,False,False,False,False,False,17,12,6.0,6.0,WMO_3,True,0.2941176470588235,0.2352941176470588,False,False
2025_REG_17_NO_TEN_20251228,2025,17,REG,56269.0,67.5,0.028,18.4,0.2,0.3333333333333333,True,False,False,False,False,False,False,False,False,17,12,6.0,6.0,WMO_51|PRECIP,True,0.1764705882352941,0.2941176470588235,False,False
2025_REG_17_NYG_LV_20251228,2025,17,REG,62021.0,,,,0.1333333333333333,0.1333333333333333,True,False,True,False,False,False,False,False,False,17,12,6.0,6.0,,False,0.2352941176470588,0.1764705882352941,False,False
2025_REG_17_PHI_BUF_20251228,2025,17,REG,71105.0,32.7,0.508,10.0,0.7333333333333333,0.6666666666666666,True,False,False,False,False,False,False,False,False,17,12,6.0,7.0,WMO_63|PRECIP,True,0.75,0.8571428571428571,False,False
2025_REG_17_PIT_CLE_20251228,2025,17,REG,67194.0,39.7,0.366,20.0,0.2,0.6,True,False,False,False,False,False,False,False,False,17,12,6.0,6.0,WMO_63|PRECIP|WINDY,True,0.1764705882352941,0.5555555555555556,False,False
2025_REG_17_SEA_CAR_20251228,2025,17,REG,73163.0,49.2,0.055,9.4,0.5333333333333333,0.8,True,False,False,False,False,False,False,False,False,17,12,6.0,9.0,WMO_53|PRECIP,False,0.2941176470588235,0.5882352941176471,False,False
2025_REG_17_TB_MIA_20251228,2025,17,REG,66552.0,68.0,0.0,4.9,0.4,0.4666666666666667,True,False,False,False,False,False,False,False,False,17,12,6.0,6.0,WMO_1,False,0.4705882352941176,0.5555555555555556,False,False
2025_REG_18_ARI_LAR_20260104,2025,18,REG,72004.0,,,,0.6875,0.1875,True,False,True,False,False,False,False,False,False,18,1,5.0,6.0,,False,0.5789473684210527,0.4705882352941176,False,False
2025_REG_18_BAL_PIT_20260104,2025,18,REG,65400.0,24.1,0.024,7.8,0.5625,0.5,True,False,False,False,False,False,False,False,False,18,1,6.0,7.0,WMO_71|SNOW,True,0.5555555555555556,0.6842105263157895,False,False
2025_REG_18_CAR_TB_20260103,2025,18,REG,65082.0,65.1,0.15,14.3,0.4375,0.5,True,False,False,False,False,False,False,False,False,18,1,5.0,5.0,WMO_61|PRECIP,False,0.5555555555555556,0.2941176470588235,False,False
2025_REG_18_CLE_CIN_20260104,2025,18,REG,62230.0,28.8,0.0,3.3,0.375,0.25,True,False,False,False,False,False,False,False,False,18,1,6.0,6.0,WMO_3,False,0.5294117647058824,0.1764705882352941,False,False
2025_REG_18_DAL_NYG_20260104,2025,18,REG,74395.0,28.1,0.012,7.6,0.1875,0.46875,True,False,False,False,False,False,False,False,False,18,1,6.0,9.0,WMO_71|SNOW,True,0.1764705882352941,0.4117647058823529,False,False
2025_REG_18_DET_CHI_20260104,2025,18,REG,57036.0,25.3,0.0,6.5,0.6875,0.5,True,False,False,False,False,False,False,False,False,18,1,6.0,9.0,WMO_3,False,0.2941176470588235,0.8333333333333334,False,False
2025_REG_18_GB_MIN_20260104,2025,18,REG,66606.0,,,,0.5,0.59375,True,False,True,False,False,False,False,False,False,18,1,9.0,7.0,,False,0.7777777777777778,0.6111111111111112,False,False
2025_REG_18_IND_HOU_20260104,2025,18,REG,71133.0,,,,0.6875,0.5,True,False,True,False,False,False,False,False,False,18,1,7.0,6.0,,False,0.5789473684210527,0.4705882352941176,False,False
2025_REG_18_KC_LV_20260104,2025,18,REG,61780.0,,,,0.125,0.375,True,False,True,False,False,False,False,False,False,18,1,6.0,9.0,,False,0.2352941176470588,0.85,False,False
2025_REG_18_LAC_DEN_20260104,2025,18,REG,76821.0,47.8,0.0,12.4,0.8125,0.6875,True,False,False,False,False,False,False,False,False,18,1,9.0,7.0,WMO_3,False,0.5555555555555556,0.6111111111111112,False,False
2025_REG_18_MIA_NE_20260104,2025,18,REG,64628.0,24.8,0.031,8.1,0.8125,0.4375,True,False,False,False,False,False,False,False,False,18,1,6.0,6.0,WMO_71|SNOW,True,0.2352941176470588,0.4705882352941176,False,False
2025_REG_18_NO_ATL_20260104,2025,18,REG,69512.0,,,,0.4375,0.375,True,False,True,False,False,False,False,False,False,18,1,5.0,6.0,,False,0.4705882352941176,0.2941176470588235,False,False
2025_REG_18_NYJ_BUF_20260104,2025,18,REG,70944.0,25.0,0.094,13.9,0.6875,0.1875,True,False,False,False,False,False,False,False,False,18,1,6.0,6.0,WMO_73|SNOW,True,0.75,0.2941176470588235,False,False
2025_REG_18_SEA_SF_20260103,2025,18,REG,71836.0,58.7,0.213,12.6,0.75,0.8125,True,False,False,False,False,False,False,False,False,18,1,5.0,5.0,WMO_61|PRECIP,False,0.3529411764705882,0.5882352941176471,False,False
2025_REG_18_TEN_JAX_20260104,2025,18,REG,66015.0,56.9,0.217,10.5,0.75,0.1875,True,False,False,False,False,False,False,False,False,18,1,6.0,6.0,WMO_61|PRECIP,False,0.2352941176470588,0.1764705882352941,False,False
2025_REG_18_WSH_PHI_20260104,2025,18,REG,69879.0,30.3,0.0,8.5,0.6875,0.25,True,False,False,False,False,False,False,False,False,18,1,6.0,9.0,WMO_3,False,0.8571428571428571,0.7,False,False
2025_POST_19_BUF_JAX_20260111,2025,19,POST,,63.8,0.016,11.9,0.7647058823529411,0.7058823529411765,True,False,False,False,False,False,False,False,False,19,1,6.0,6.0,WMO_51|PRECIP,False,0.2352941176470588,0.75,False,False
2025_POST_19_GB_CHI_20260110,2025,19,POST,,36.9,0.248,12.0,0.6470588235294118,0.5588235294117647,True,False,False,False,False,False,False,False,False,19,1,5.0,5.0,WMO_73|SNOW,True,0.2941176470588235,0.6111111111111112,False,False
2025_POST_19_HOU_PIT_20260112,2025,19,POST,,30.2,0.0,14.6,0.5882352941176471,0.7058823529411765,False,False,False,False,False,False,False,False,False,19,1,7.0,7.0,WMO_3,False,0.5555555555555556,0.5789473684210527,False,False
2025_POST_19_LAC_NE_20260111,2025,19,POST,,38.2,0.461,10.4,0.8235294117647058,0.6470588235294118,True,False,False,False,False,False,False,False,False,19,1,6.0,6.0,WMO_63|PRECIP,False,0.2352941176470588,0.6111111111111112,False,False
2025_POST_19_LAR_CAR_20260110,2025,19,POST,,64.8,0.362,19.2,0.4705882352941176,0.7058823529411765,True,False,False,False,False,False,False,False,False,19,1,6.0,5.0,WMO_63|PRECIP,True,0.2941176470588235,0.5789473684210527,False,False
2025_POST_19_SF_PHI_20260111,2025,19,POST,,43.6,0.248,16.5,0.6470588235294118,0.7058823529411765,True,False,False,False,False,False,False,False,False,19,1,6.0,7.0,WMO_61|PRECIP,False,0.8571428571428571,0.3529411764705882,False,False
2025_POST_20_BUF_DEN_20260117,2025,20,POST,,26.5,0.004,8.4,0.8235294117647058,0.7222222222222222,True,False,False,False,False,False,False,False,False,20,1,12.0,5.0,WMO_71|SNOW,True,0.5555555555555556,0.75,False,False
2025_POST_20_HOU_NE_20260118,2025,20,POST,,30.5,0.157,9.7,0.8333333333333334,0.7222222222222222,True,False,False,False,False,False,False,False,False,20,1,6.0,5.0,WMO_73|SNOW,True,0.2352941176470588,0.5789473684210527,False,False
2025_POST_20_LAR_CHI_20260118,2025,20,POST,,13.2,0.02,11.8,0.6666666666666666,0.7222222222222222,True,False,False,False,False,False,False,False,False,20,1,7.0,7.0,WMO_71|SNOW,True,0.2941176470588235,0.5789473684210527,False,False
2025_POST_20_SF_SEA_20260117,2025,20,POST,,41.6,0.0,8.5,0.8235294117647058,0.7222222222222222,True,False,False,False,False,False,False,False,False,20,1,13.0,5.0,WMO_1,False,0.5882352941176471,0.3529411764705882,False,False
2025_CON_21_LAR_SEA_20260125,2025,21,CON,,34.1,0.0,4.0,0.8333333333333334,0.7368421052631579,True,False,False,False,False,False,False,False,False,21,1,7.0,6.0,WMO_3,False,0.5882352941176471,0.5789473684210527,False,False
2025_CON_21_NE_DEN_20260125,2025,21,CON,,11.1,0.012,12.3,0.8333333333333334,0.8421052631578947,True,False,False,False,False,False,False,False,False,21,1,7.0,6.0,WMO_71|SNOW,True,0.5555555555555556,0.2352941176470588,False,False
2025_POST_22_SEA_NE_20260208,2025,22,POST,,53.5,0.0,6.1,0.85,0.8421052631578947,True,False,False,False,False,False,False,False,False,22,2,13.0,13.0,WMO_3,False,0.2352941176470588,0.5882352941176471,False,False
