season,week,team_name_raw,team_abbr_raw,team_name_std,team_abbr_std,attendance
2015,1,Arizona Cardinals,ARI,Arizona Cardinals,ARI,62903
2015,2,Arizona Cardinals,ARI,Arizona Cardinals,ARI,62351
2015,3,Arizona Cardinals,ARI,Arizona Cardinals,ARI,63663
2015,4,Arizona Cardinals,ARI,Arizona Cardinals,ARI,63146
2015,5,Arizona Cardinals,ARI,Arizona Cardinals,ARI,60816
2015,6,Arizona Cardinals,ARI,Arizona Cardinals,ARI,63846
2015,7,Arizona Cardinals,ARI,Arizona Cardinals,ARI,64722
2015,8,Arizona Cardinals,ARI,Arizona Cardinals,ARI,67431
2015,10,Arizona Cardinals,ARI,Arizona Cardinals,ARI,69005
2015,11,Arizona Cardinals,ARI,Arizona Cardinals,ARI,64745
2015,12,Arizona Cardinals,ARI,Arizona Cardinals,ARI,70799
2015,13,Arizona Cardinals,ARI,Arizona Cardinals,ARI,51115
2015,14,Arizona Cardinals,ARI,Arizona Cardinals,ARI,64784
2015,15,Arizona Cardinals,ARI,Arizona Cardinals,ARI,69596
2015,16,Arizona Cardinals,ARI,Arizona Cardinals,ARI,64878
2015,17,Arizona Cardinals,ARI,Arizona Cardinals,ARI,64646
2015,1,Atlanta Falcons,ATL,Atlanta Falcons,ATL,70516
2015,2,Atlanta Falcons,ATL,Atlanta Falcons,ATL,77678
2015,3,Atlanta Falcons,ATL,Atlanta Falcons,ATL,90345
2015,4,Atlanta Falcons,ATL,Atlanta Falcons,ATL,69904
2015,5,Atlanta Falcons,ATL,Atlanta Falcons,ATL,70178
2015,6,Atlanta Falcons,ATL,Atlanta Falcons,ATL,73018
2015,7,Atlanta Falcons,ATL,Atlanta Falcons,ATL,63329
2015,8,Atlanta Falcons,ATL,Atlanta Falcons,ATL,70524
2015,9,Atlanta Falcons,ATL,Atlanta Falcons,ATL,70799
2015,11,Atlanta Falcons,ATL,Atlanta Falcons,ATL,70433
2015,12,Atlanta Falcons,ATL,Atlanta Falcons,ATL,70610
2015,13,Atlanta Falcons,ATL,Atlanta Falcons,ATL,58221
2015,14,Atlanta Falcons,ATL,Atlanta Falcons,ATL,74420
2015,15,Atlanta Falcons,ATL,Atlanta Falcons,ATL,64016
2015,16,Atlanta Falcons,ATL,Atlanta Falcons,ATL,70981
2015,17,Atlanta Falcons,ATL,Atlanta Falcons,ATL,69699
2015,1,Baltimore Ravens,BAL,Baltimore Ravens,BAL,76798
2015,2,Baltimore Ravens,BAL,Baltimore Ravens,BAL,53500
2015,3,Baltimore Ravens,BAL,Baltimore Ravens,BAL,70970
2015,4,Baltimore Ravens,BAL,Baltimore Ravens,BAL,63929
2015,5,Baltimore Ravens,BAL,Baltimore Ravens,BAL,71046
2015,6,Baltimore Ravens,BAL,Baltimore Ravens,BAL,70799
2015,7,Baltimore Ravens,BAL,Baltimore Ravens,BAL,64722
2015,8,Baltimore Ravens,BAL,Baltimore Ravens,BAL,70829
2015,10,Baltimore Ravens,BAL,Baltimore Ravens,BAL,70837
2015,11,Baltimore Ravens,BAL,Baltimore Ravens,BAL,71105
2015,12,Baltimore Ravens,BAL,Baltimore Ravens,BAL,64380
2015,13,Baltimore Ravens,BAL,Baltimore Ravens,BAL,64519
2015,14,Baltimore Ravens,BAL,Baltimore Ravens,BAL,71179
2015,15,Baltimore Ravens,BAL,Baltimore Ravens,BAL,70791
2015,16,Baltimore Ravens,BAL,Baltimore Ravens,BAL,71261
2015,17,Baltimore Ravens,BAL,Baltimore Ravens,BAL,57254
2015,1,Buffalo Bills,BUF,Buffalo Bills,BUF,70319
2015,2,Buffalo Bills,BUF,Buffalo Bills,BUF,70858
2015,3,Buffalo Bills,BUF,Buffalo Bills,BUF,64869
2015,4,Buffalo Bills,BUF,Buffalo Bills,BUF,70677
2015,5,Buffalo Bills,BUF,Buffalo Bills,BUF,65670
2015,6,Buffalo Bills,BUF,Buffalo Bills,BUF,69593
2015,7,Buffalo Bills,BUF,Buffalo Bills,BUF,84021
2015,9,Buffalo Bills,BUF,Buffalo Bills,BUF,70214
2015,10,Buffalo Bills,BUF,Buffalo Bills,BUF,78160
2015,11,Buffalo Bills,BUF,Buffalo Bills,BUF,66829
2015,12,Buffalo Bills,BUF,Buffalo Bills,BUF,72493
2015,13,Buffalo Bills,BUF,Buffalo Bills,BUF,68544
2015,14,Buffalo Bills,BUF,Buffalo Bills,BUF,69596
2015,15,Buffalo Bills,BUF,Buffalo Bills,BUF,80124
2015,16,Buffalo Bills,BUF,Buffalo Bills,BUF,70172
2015,17,Buffalo Bills,BUF,Buffalo Bills,BUF,68670
2015,1,Carolina Panthers,CAR,Carolina Panthers,CAR,60733
2015,2,Carolina Panthers,CAR,Carolina Panthers,CAR,73254
2015,3,Carolina Panthers,CAR,Carolina Panthers,CAR,73402
2015,4,Carolina Panthers,CAR,Carolina Panthers,CAR,57468
2015,6,Carolina Panthers,CAR,Carolina Panthers,CAR,69020
2015,7,Carolina Panthers,CAR,Carolina Panthers,CAR,74194
2015,8,Carolina Panthers,CAR,Carolina Panthers,CAR,74136
2015,9,Carolina Panthers,CAR,Carolina Panthers,CAR,74461
2015,10,Carolina Panthers,CAR,Carolina Panthers,CAR,63591
2015,11,Carolina Panthers,CAR,Carolina Panthers,CAR,74418
2015,12,Carolina Panthers,CAR,Carolina Panthers,CAR,90909
2015,13,Carolina Panthers,CAR,Carolina Panthers,CAR,73097
2015,14,Carolina Panthers,CAR,Carolina Panthers,CAR,74420
2015,15,Carolina Panthers,CAR,Carolina Panthers,CAR,79436
2015,16,Carolina Panthers,CAR,Carolina Panthers,CAR,70981
2015,17,Carolina Panthers,CAR,Carolina Panthers,CAR,74169
2015,1,Chicago Bears,CHI,Chicago Bears,CHI,62442
2015,2,Chicago Bears,CHI,Chicago Bears,CHI,62351
2015,3,Chicago Bears,CHI,Chicago Bears,CHI,69002
2015,4,Chicago Bears,CHI,Chicago Bears,CHI,62409
2015,5,Chicago Bears,CHI,Chicago Bears,CHI,75799
2015,6,Chicago Bears,CHI,Chicago Bears,CHI,57648
2015,8,Chicago Bears,CHI,Chicago Bears,CHI,62311
2015,9,Chicago Bears,CHI,Chicago Bears,CHI,68033
2015,10,Chicago Bears,CHI,Chicago Bears,CHI,58653
2015,11,Chicago Bears,CHI,Chicago Bears,CHI,62483
2015,12,Chicago Bears,CHI,Chicago Bears,CHI,78488
2015,13,Chicago Bears,CHI,Chicago Bears,CHI,62088
2015,14,Chicago Bears,CHI,Chicago Bears,CHI,61026
2015,15,Chicago Bears,CHI,Chicago Bears,CHI,52421
2015,16,Chicago Bears,CHI,Chicago Bears,CHI,63734
2015,17,Chicago Bears,CHI,Chicago Bears,CHI,61177
2015,1,Cincinnati Bengals,CIN,Cincinnati Bengals,CIN,54500
2015,2,Cincinnati Bengals,CIN,Cincinnati Bengals,CIN,57579
2015,3,Cincinnati Bengals,CIN,Cincinnati Bengals,CIN,70970
2015,4,Cincinnati Bengals,CIN,Cincinnati Bengals,CIN,57498
2015,5,Cincinnati Bengals,CIN,Cincinnati Bengals,CIN,65004
2015,6,Cincinnati Bengals,CIN,Cincinnati Bengals,CIN,69593
2015,8,Cincinnati Bengals,CIN,Cincinnati Bengals,CIN,64750
2015,9,Cincinnati Bengals,CIN,Cincinnati Bengals,CIN,65816
2015,10,Cincinnati Bengals,CIN,Cincinnati Bengals,CIN,61381
2015,11,Cincinnati Bengals,CIN,Cincinnati Bengals,CIN,64745
2015,12,Cincinnati Bengals,CIN,Cincinnati Bengals,CIN,61022
2015,13,Cincinnati Bengals,CIN,Cincinnati Bengals,CIN,64775
2015,14,Cincinnati Bengals,CIN,Cincinnati Bengals,CIN,65564
2015,15,Cincinnati Bengals,CIN,Cincinnati Bengals,CIN,70799
2015,16,Cincinnati Bengals,CIN,Cincinnati Bengals,CIN,76868
2015,17,Cincinnati Bengals,CIN,Cincinnati Bengals,CIN,57254
2015,1,Cleveland Browns,CLE,Cleveland Browns,CLE,78160
2015,2,Cleveland Browns,CLE,Cleveland Browns,CLE,67431
2015,3,Cleveland Browns,CLE,Cleveland Browns,CLE,67431
2015,4,Cleveland Browns,CLE,Cleveland Browns,CLE,63710
2015,5,Cleveland Browns,CLE,Cleveland Browns,CLE,71046
2015,6,Cleveland Browns,CLE,Cleveland Browns,CLE,67431
2015,7,Cleveland Browns,CLE,Cleveland Browns,CLE,51523
2015,8,Cleveland Browns,CLE,Cleveland Browns,CLE,67431
2015,9,Cleveland Browns,CLE,Cleveland Browns,CLE,65816
2015,10,Cleveland Browns,CLE,Cleveland Browns,CLE,64402
2015,12,Cleveland Browns,CLE,Cleveland Browns,CLE,64380
2015,13,Cleveland Browns,CLE,Cleveland Browns,CLE,64775
2015,14,Cleveland Browns,CLE,Cleveland Browns,CLE,63916
2015,15,Cleveland Browns,CLE,Cleveland Browns,CLE,69002
2015,16,Cleveland Browns,CLE,Cleveland Browns,CLE,69115
2015,17,Cleveland Browns,CLE,Cleveland Browns,CLE,66693
2015,1,Dallas Cowboys,DAL,Dallas Cowboys,DAL,93579
2015,2,Dallas Cowboys,DAL,Dallas Cowboys,DAL,69296
2015,3,Dallas Cowboys,DAL,Dallas Cowboys,DAL,90345
2015,4,Dallas Cowboys,DAL,Dallas Cowboys,DAL,73009
2015,5,Dallas Cowboys,DAL,Dallas Cowboys,DAL,93054
2015,7,Dallas Cowboys,DAL,Dallas Cowboys,DAL,80319
2015,8,Dallas Cowboys,DAL,Dallas Cowboys,DAL,91486
2015,9,Dallas Cowboys,DAL,Dallas Cowboys,DAL,91827
2015,10,Dallas Cowboys,DAL,Dallas Cowboys,DAL,64113
2015,11,Dallas Cowboys,DAL,Dallas Cowboys,DAL,65115
2015,12,Dallas Cowboys,DAL,Dallas Cowboys,DAL,90909
2015,13,Dallas Cowboys,DAL,Dallas Cowboys,DAL,80444
2015,14,Dallas Cowboys,DAL,Dallas Cowboys,DAL,78369
2015,15,Dallas Cowboys,DAL,Dallas Cowboys,DAL,90345
2015,16,Dallas Cowboys,DAL,Dallas Cowboys,DAL,70172
2015,17,Dallas Cowboys,DAL,Dallas Cowboys,DAL,90127
2015,1,Denver Broncos,DEN,Denver Broncos,DEN,76798
2015,2,Denver Broncos,DEN,Denver Broncos,DEN,76404
2015,3,Denver Broncos,DEN,Denver Broncos,DEN,62920
2015,4,Denver Broncos,DEN,Denver Broncos,DEN,77029
2015,5,Denver Broncos,DEN,Denver Broncos,DEN,54500
2015,6,Denver Broncos,DEN,Denver Broncos,DEN,67431
2015,8,Denver Broncos,DEN,Denver Broncos,DEN,77075
2015,9,Denver Broncos,DEN,Denver Broncos,DEN,66894
2015,10,Denver Broncos,DEN,Denver Broncos,DEN,76973
2015,11,Denver Broncos,DEN,Denver Broncos,DEN,62483
2015,12,Denver Broncos,DEN,Denver Broncos,DEN,76970
2015,13,Denver Broncos,DEN,Denver Broncos,DEN,68631
2015,14,Denver Broncos,DEN,Denver Broncos,DEN,76824
2015,15,Denver Broncos,DEN,Denver Broncos,DEN,67234
2015,16,Denver Broncos,DEN,Denver Broncos,DEN,76868
2015,17,Denver Broncos,DEN,Denver Broncos,DEN,76844
2015,1,Detroit Lions,DET,Detroit Lions,DET,66093
2015,2,Detroit Lions,DET,Detroit Lions,DET,52319
2015,3,Detroit Lions,DET,Detroit Lions,DET,62920
2015,4,Detroit Lions,DET,Detroit Lions,DET,69005
2015,5,Detroit Lions,DET,Detroit Lions,DET,60816
2015,6,Detroit Lions,DET,Detroit Lions,DET,57648
2015,7,Detroit Lions,DET,Detroit Lions,DET,60231
2015,8,Detroit Lions,DET,Detroit Lions,DET,83624
2015,10,Detroit Lions,DET,Detroit Lions,DET,78526
2015,11,Detroit Lions,DET,Detroit Lions,DET,60202
2015,12,Detroit Lions,DET,Detroit Lions,DET,64445
2015,13,Detroit Lions,DET,Detroit Lions,DET,63207
2015,14,Detroit Lions,DET,Detroit Lions,DET,51202
2015,15,Detroit Lions,DET,Detroit Lions,DET,73017
2015,16,Detroit Lions,DET,Detroit Lions,DET,61313
2015,17,Detroit Lions,DET,Detroit Lions,DET,61177
2015,1,Green Bay Packers,GB,Green Bay Packers,GB,62442
2015,2,Green Bay Packers,GB,Green Bay Packers,GB,78433
2015,3,Green Bay Packers,GB,Green Bay Packers,GB,78214
2015,4,Green Bay Packers,GB,Green Bay Packers,GB,70799
2015,5,Green Bay Packers,GB,Green Bay Packers,GB,78432
2015,6,Green Bay Packers,GB,Green Bay Packers,GB,78434
2015,8,Green Bay Packers,GB,Green Bay Packers,GB,77075
2015,9,Green Bay Packers,GB,Green Bay Packers,GB,74461
2015,10,Green Bay Packers,GB,Green Bay Packers,GB,78526
2015,11,Green Bay Packers,GB,Green Bay Packers,GB,52529
2015,12,Green Bay Packers,GB,Green Bay Packers,GB,78488
2015,13,Green Bay Packers,GB,Green Bay Packers,GB,63207
2015,14,Green Bay Packers,GB,Green Bay Packers,GB,78369
2015,15,Green Bay Packers,GB,Green Bay Packers,GB,55087
2015,16,Green Bay Packers,GB,Green Bay Packers,GB,64878
2015,17,Green Bay Packers,GB,Green Bay Packers,GB,78412
2015,1,Houston Texans,HOU,Houston Texans,HOU,71776
2015,2,Houston Texans,HOU,Houston Texans,HOU,73254
2015,3,Houston Texans,HOU,Houston Texans,HOU,71718
2015,4,Houston Texans,HOU,Houston Texans,HOU,69904
2015,5,Houston Texans,HOU,Houston Texans,HOU,71732
2015,6,Houston Texans,HOU,Houston Texans,HOU,58085
2015,7,Houston Texans,HOU,Houston Texans,HOU,65251
2015,8,Houston Texans,HOU,Houston Texans,HOU,71630
2015,10,Houston Texans,HOU,Houston Texans,HOU,61381
2015,11,Houston Texans,HOU,Houston Texans,HOU,71718
2015,12,Houston Texans,HOU,Houston Texans,HOU,71778
2015,13,Houston Texans,HOU,Houston Texans,HOU,68544
2015,14,Houston Texans,HOU,Houston Texans,HOU,71908
2015,15,Houston Texans,HOU,Houston Texans,HOU,66083
2015,16,Houston Texans,HOU,Houston Texans,HOU,62153
2015,17,Houston Texans,HOU,Houston Texans,HOU,71899
2015,1,Indianapolis Colts,IND,Indianapolis Colts,IND,70319
2015,2,Indianapolis Colts,IND,Indianapolis Colts,IND,65220
2015,3,Indianapolis Colts,IND,Indianapolis Colts,IND,65920
2015,4,Indianapolis Colts,IND,Indianapolis Colts,IND,65609
2015,5,Indianapolis Colts,IND,Indianapolis Colts,IND,71732
2015,6,Indianapolis Colts,IND,Indianapolis Colts,IND,66726
2015,7,Indianapolis Colts,IND,Indianapolis Colts,IND,66420
2015,8,Indianapolis Colts,IND,Indianapolis Colts,IND,74136
2015,9,Indianapolis Colts,IND,Indianapolis Colts,IND,66894
2015,11,Indianapolis Colts,IND,Indianapolis Colts,IND,70433
2015,12,Indianapolis Colts,IND,Indianapolis Colts,IND,65696
2015,13,Indianapolis Colts,IND,Indianapolis Colts,IND,58701
2015,14,Indianapolis Colts,IND,Indianapolis Colts,IND,62372
2015,15,Indianapolis Colts,IND,Indianapolis Colts,IND,66083
2015,16,Indianapolis Colts,IND,Indianapolis Colts,IND,65482
2015,17,Indianapolis Colts,IND,Indianapolis Colts,IND,65733
2015,1,Jacksonville Jaguars,JAX,Jacksonville Jaguars,JAX,60733
2015,2,Jacksonville Jaguars,JAX,Jacksonville Jaguars,JAX,65443
2015,3,Jacksonville Jaguars,JAX,Jacksonville Jaguars,JAX,66829
2015,4,Jacksonville Jaguars,JAX,Jacksonville Jaguars,JAX,65609
2015,5,Jacksonville Jaguars,JAX,Jacksonville Jaguars,JAX,58490
2015,6,Jacksonville Jaguars,JAX,Jacksonville Jaguars,JAX,58085
2015,7,Jacksonville Jaguars,JAX,Jacksonville Jaguars,JAX,84021
2015,9,Jacksonville Jaguars,JAX,Jacksonville Jaguars,JAX,78160
2015,10,Jacksonville Jaguars,JAX,Jacksonville Jaguars,JAX,70837
2015,11,Jacksonville Jaguars,JAX,Jacksonville Jaguars,JAX,60121
2015,12,Jacksonville Jaguars,JAX,Jacksonville Jaguars,JAX,59477
2015,13,Jacksonville Jaguars,JAX,Jacksonville Jaguars,JAX,57355
2015,14,Jacksonville Jaguars,JAX,Jacksonville Jaguars,JAX,62372
2015,15,Jacksonville Jaguars,JAX,Jacksonville Jaguars,JAX,64016
2015,16,Jacksonville Jaguars,JAX,Jacksonville Jaguars,JAX,73064
2015,17,Jacksonville Jaguars,JAX,Jacksonville Jaguars,JAX,71899
2015,1,Kansas City Chiefs,KC,Kansas City Chiefs,KC,71776
2015,2,Kansas City Chiefs,KC,Kansas City Chiefs,KC,76404
2015,3,Kansas City Chiefs,KC,Kansas City Chiefs,KC,78214
2015,4,Kansas City Chiefs,KC,Kansas City Chiefs,KC,57498
2015,5,Kansas City Chiefs,KC,Kansas City Chiefs,KC,75799
2015,6,Kansas City Chiefs,KC,Kansas City Chiefs,KC,52480
2015,7,Kansas City Chiefs,KC,Kansas City Chiefs,KC,76365
2015,8,Kansas City Chiefs,KC,Kansas City Chiefs,KC,83624
2015,10,Kansas City Chiefs,KC,Kansas City Chiefs,KC,76973
2015,11,Kansas City Chiefs,KC,Kansas City Chiefs,KC,65837
2015,12,Kansas City Chiefs,KC,Kansas City Chiefs,KC,72493
2015,13,Kansas City Chiefs,KC,Kansas City Chiefs,KC,55010
2015,14,Kansas City Chiefs,KC,Kansas City Chiefs,KC,72314
2015,15,Kansas City Chiefs,KC,Kansas City Chiefs,KC,70791
2015,16,Kansas City Chiefs,KC,Kansas City Chiefs,KC,69115
2015,17,Kansas City Chiefs,KC,Kansas City Chiefs,KC,76114
2015,1,San Diego Chargers,LAC,Los Angeles Chargers,LAC,66093
2015,2,San Diego Chargers,LAC,Los Angeles Chargers,LAC,57579
2015,3,San Diego Chargers,LAC,Los Angeles Chargers,LAC,52400
2015,4,San Diego Chargers,LAC,Los Angeles Chargers,LAC,63710
2015,5,San Diego Chargers,LAC,Los Angeles Chargers,LAC,67658
2015,6,San Diego Chargers,LAC,Los Angeles Chargers,LAC,78434
2015,7,San Diego Chargers,LAC,Los Angeles Chargers,LAC,67542
2015,8,San Diego Chargers,LAC,Los Angeles Chargers,LAC,70829
2015,9,San Diego Chargers,LAC,Los Angeles Chargers,LAC,68033
2015,11,San Diego Chargers,LAC,Los Angeles Chargers,LAC,65837
2015,12,San Diego Chargers,LAC,Los Angeles Chargers,LAC,59477
2015,13,San Diego Chargers,LAC,Los Angeles Chargers,LAC,68631
2015,14,San Diego Chargers,LAC,Los Angeles Chargers,LAC,72314
2015,15,San Diego Chargers,LAC,Los Angeles Chargers,LAC,66676
2015,16,San Diego Chargers,LAC,Los Angeles Chargers,LAC,54400
2015,17,San Diego Chargers,LAC,Los Angeles Chargers,LAC,76844
2015,1,St. Louis Rams,LAR,Los Angeles Rams,LAR,51792
2015,2,St. Louis Rams,LAR,Los Angeles Rams,LAR,72460
2015,3,St. Louis Rams,LAR,Los Angeles Rams,LAR,52433
2015,4,St. Louis Rams,LAR,Los Angeles Rams,LAR,63146
2015,5,St. Louis Rams,LAR,Los Angeles Rams,LAR,78432
2015,7,St. Louis Rams,LAR,Los Angeles Rams,LAR,51523
2015,8,St. Louis Rams,LAR,Los Angeles Rams,LAR,51207
2015,9,St. Louis Rams,LAR,Los Angeles Rams,LAR,52406
2015,10,St. Louis Rams,LAR,Los Angeles Rams,LAR,58653
2015,11,St. Louis Rams,LAR,Los Angeles Rams,LAR,71105
2015,12,St. Louis Rams,LAR,Los Angeles Rams,LAR,61022
2015,13,St. Louis Rams,LAR,Los Angeles Rams,LAR,51115
2015,14,St. Louis Rams,LAR,Los Angeles Rams,LAR,51202
2015,15,St. Louis Rams,LAR,Los Angeles Rams,LAR,51295
2015,16,St. Louis Rams,LAR,Los Angeles Rams,LAR,69080
2015,17,St. Louis Rams,LAR,Los Angeles Rams,LAR,70799
2015,1,Oakland Raiders,LV,Las Vegas Raiders,LV,54500
2015,2,Oakland Raiders,LV,Las Vegas Raiders,LV,53500
2015,3,Oakland Raiders,LV,Las Vegas Raiders,LV,67431
2015,4,Oakland Raiders,LV,Las Vegas Raiders,LV,62409
2015,5,Oakland Raiders,LV,Las Vegas Raiders,LV,54500
2015,7,Oakland Raiders,LV,Las Vegas Raiders,LV,67542
2015,8,Oakland Raiders,LV,Las Vegas Raiders,LV,54700
2015,9,Oakland Raiders,LV,Las Vegas Raiders,LV,65520
2015,10,Oakland Raiders,LV,Las Vegas Raiders,LV,54700
2015,11,Oakland Raiders,LV,Las Vegas Raiders,LV,60202
2015,12,Oakland Raiders,LV,Las Vegas Raiders,LV,58075
2015,13,Oakland Raiders,LV,Las Vegas Raiders,LV,55010
2015,14,Oakland Raiders,LV,Las Vegas Raiders,LV,76824
2015,15,Oakland Raiders,LV,Las Vegas Raiders,LV,55087
2015,16,Oakland Raiders,LV,Las Vegas Raiders,LV,54400
2015,17,Oakland Raiders,LV,Las Vegas Raiders,LV,76114
2015,1,Miami Dolphins,MIA,Miami Dolphins,MIA,76512
2015,2,Miami Dolphins,MIA,Miami Dolphins,MIA,65443
2015,3,Miami Dolphins,MIA,Miami Dolphins,MIA,64869
2015,4,Miami Dolphins,MIA,Miami Dolphins,MIA,83986
2015,6,Miami Dolphins,MIA,Miami Dolphins,MIA,62342
2015,7,Miami Dolphins,MIA,Miami Dolphins,MIA,65251
2015,8,Miami Dolphins,MIA,Miami Dolphins,MIA,66829
2015,9,Miami Dolphins,MIA,Miami Dolphins,MIA,70214
2015,10,Miami Dolphins,MIA,Miami Dolphins,MIA,69596
2015,11,Miami Dolphins,MIA,Miami Dolphins,MIA,65115
2015,12,Miami Dolphins,MIA,Miami Dolphins,MIA,78160
2015,13,Miami Dolphins,MIA,Miami Dolphins,MIA,64519
2015,14,Miami Dolphins,MIA,Miami Dolphins,MIA,65408
2015,15,Miami Dolphins,MIA,Miami Dolphins,MIA,66676
2015,16,Miami Dolphins,MIA,Miami Dolphins,MIA,65482
2015,17,Miami Dolphins,MIA,Miami Dolphins,MIA,62918
2015,1,Minnesota Vikings,MIN,Minnesota Vikings,MIN,70499
2015,2,Minnesota Vikings,MIN,Minnesota Vikings,MIN,52319
2015,3,Minnesota Vikings,MIN,Minnesota Vikings,MIN,52400
2015,4,Minnesota Vikings,MIN,Minnesota Vikings,MIN,77029
2015,6,Minnesota Vikings,MIN,Minnesota Vikings,MIN,52480
2015,7,Minnesota Vikings,MIN,Minnesota Vikings,MIN,60231
2015,8,Minnesota Vikings,MIN,Minnesota Vikings,MIN,62311
2015,9,Minnesota Vikings,MIN,Minnesota Vikings,MIN,52406
2015,10,Minnesota Vikings,MIN,Minnesota Vikings,MIN,54700
2015,11,Minnesota Vikings,MIN,Minnesota Vikings,MIN,52529
2015,12,Minnesota Vikings,MIN,Minnesota Vikings,MIN,70610
2015,13,Minnesota Vikings,MIN,Minnesota Vikings,MIN,52430
2015,14,Minnesota Vikings,MIN,Minnesota Vikings,MIN,64784
2015,15,Minnesota Vikings,MIN,Minnesota Vikings,MIN,52421
2015,16,Minnesota Vikings,MIN,Minnesota Vikings,MIN,52455
2015,17,Minnesota Vikings,MIN,Minnesota Vikings,MIN,78412
2015,1,New England Patriots,NE,New England Patriots,NE,66829
2015,2,New England Patriots,NE,New England Patriots,NE,70858
2015,3,New England Patriots,NE,New England Patriots,NE,66829
2015,5,New England Patriots,NE,New England Patriots,NE,93054
2015,6,New England Patriots,NE,New England Patriots,NE,66726
2015,7,New England Patriots,NE,New England Patriots,NE,66829
2015,8,New England Patriots,NE,New England Patriots,NE,66829
2015,9,New England Patriots,NE,New England Patriots,NE,66829
2015,10,New England Patriots,NE,New England Patriots,NE,81061
2015,11,New England Patriots,NE,New England Patriots,NE,66829
2015,12,New England Patriots,NE,New England Patriots,NE,76970
2015,13,New England Patriots,NE,New England Patriots,NE,66829
2015,14,New England Patriots,NE,New England Patriots,NE,71908
2015,15,New England Patriots,NE,New England Patriots,NE,66829
2015,16,New England Patriots,NE,New England Patriots,NE,78160
2015,17,New England Patriots,NE,New England Patriots,NE,62918
2015,1,New Orleans Saints,NO,New Orleans Saints,NO,62903
2015,2,New Orleans Saints,NO,New Orleans Saints,NO,73006
2015,3,New Orleans Saints,NO,New Orleans Saints,NO,73402
2015,4,New Orleans Saints,NO,New Orleans Saints,NO,73009
2015,5,New Orleans Saints,NO,New Orleans Saints,NO,69296
2015,6,New Orleans Saints,NO,New Orleans Saints,NO,73018
2015,7,New Orleans Saints,NO,New Orleans Saints,NO,66420
2015,8,New Orleans Saints,NO,New Orleans Saints,NO,73019
2015,9,New Orleans Saints,NO,New Orleans Saints,NO,73075
2015,10,New Orleans Saints,NO,New Orleans Saints,NO,75086
2015,12,New Orleans Saints,NO,New Orleans Saints,NO,71778
2015,13,New Orleans Saints,NO,New Orleans Saints,NO,73097
2015,14,New Orleans Saints,NO,New Orleans Saints,NO,62138
2015,15,New Orleans Saints,NO,New Orleans Saints,NO,73017
2015,16,New Orleans Saints,NO,New Orleans Saints,NO,73064
2015,17,New Orleans Saints,NO,New Orleans Saints,NO,69699
2015,1,New York Giants,NYG,New York Giants,NYG,93579
2015,2,New York Giants,NYG,New York Giants,NYG,77678
2015,3,New York Giants,NYG,New York Giants,NYG,76081
2015,4,New York Giants,NYG,New York Giants,NYG,70677
2015,5,New York Giants,NYG,New York Giants,NYG,78515
2015,6,New York Giants,NYG,New York Giants,NYG,69296
2015,7,New York Giants,NYG,New York Giants,NYG,80319
2015,8,New York Giants,NYG,New York Giants,NYG,73019
2015,9,New York Giants,NYG,New York Giants,NYG,64351
2015,10,New York Giants,NYG,New York Giants,NYG,81061
2015,12,New York Giants,NYG,New York Giants,NYG,77367
2015,13,New York Giants,NYG,New York Giants,NYG,80898
2015,14,New York Giants,NYG,New York Giants,NYG,65408
2015,15,New York Giants,NYG,New York Giants,NYG,79436
2015,16,New York Giants,NYG,New York Giants,NYG,52455
2015,17,New York Giants,NYG,New York Giants,NYG,78023
2015,1,New York Jets,NYJ,New York Jets,NYJ,78160
2015,2,New York Jets,NYJ,New York Jets,NYJ,65220
2015,3,New York Jets,NYJ,New York Jets,NYJ,78160
2015,4,New York Jets,NYJ,New York Jets,NYJ,83986
2015,6,New York Jets,NYJ,New York Jets,NYJ,78160
2015,7,New York Jets,NYJ,New York Jets,NYJ,66829
2015,8,New York Jets,NYJ,New York Jets,NYJ,54700
2015,9,New York Jets,NYJ,New York Jets,NYJ,78160
2015,10,New York Jets,NYJ,New York Jets,NYJ,78160
2015,11,New York Jets,NYJ,New York Jets,NYJ,71718
2015,12,New York Jets,NYJ,New York Jets,NYJ,78160
2015,13,New York Jets,NYJ,New York Jets,NYJ,80898
2015,14,New York Jets,NYJ,New York Jets,NYJ,78160
2015,15,New York Jets,NYJ,New York Jets,NYJ,90345
2015,16,New York Jets,NYJ,New York Jets,NYJ,78160
2015,17,New York Jets,NYJ,New York Jets,NYJ,68670
2015,1,Philadelphia Eagles,PHI,Philadelphia Eagles,PHI,70516
2015,2,Philadelphia Eagles,PHI,Philadelphia Eagles,PHI,69296
2015,3,Philadelphia Eagles,PHI,Philadelphia Eagles,PHI,78160
2015,4,Philadelphia Eagles,PHI,Philadelphia Eagles,PHI,74767
2015,5,Philadelphia Eagles,PHI,Philadelphia Eagles,PHI,69296
2015,6,Philadelphia Eagles,PHI,Philadelphia Eagles,PHI,69296
2015,7,Philadelphia Eagles,PHI,Philadelphia Eagles,PHI,74194
2015,9,Philadelphia Eagles,PHI,Philadelphia Eagles,PHI,91827
2015,10,Philadelphia Eagles,PHI,Philadelphia Eagles,PHI,69596
2015,11,Philadelphia Eagles,PHI,Philadelphia Eagles,PHI,69596
2015,12,Philadelphia Eagles,PHI,Philadelphia Eagles,PHI,64445
2015,13,Philadelphia Eagles,PHI,Philadelphia Eagles,PHI,66829
2015,14,Philadelphia Eagles,PHI,Philadelphia Eagles,PHI,69596
2015,15,Philadelphia Eagles,PHI,Philadelphia Eagles,PHI,69596
2015,16,Philadelphia Eagles,PHI,Philadelphia Eagles,PHI,69596
2015,17,Philadelphia Eagles,PHI,Philadelphia Eagles,PHI,78023
2015,1,Pittsburgh Steelers,PIT,Pittsburgh Steelers,PIT,66829
2015,2,Pittsburgh Steelers,PIT,Pittsburgh Steelers,PIT,66472
2015,3,Pittsburgh Steelers,PIT,Pittsburgh Steelers,PIT,52433
2015,4,Pittsburgh Steelers,PIT,Pittsburgh Steelers,PIT,63929
2015,5,Pittsburgh Steelers,PIT,Pittsburgh Steelers,PIT,67658
2015,6,Pittsburgh Steelers,PIT,Pittsburgh Steelers,PIT,63846
2015,7,Pittsburgh Steelers,PIT,Pittsburgh Steelers,PIT,76365
2015,8,Pittsburgh Steelers,PIT,Pittsburgh Steelers,PIT,64750
2015,9,Pittsburgh Steelers,PIT,Pittsburgh Steelers,PIT,65520
2015,10,Pittsburgh Steelers,PIT,Pittsburgh Steelers,PIT,64402
2015,12,Pittsburgh Steelers,PIT,Pittsburgh Steelers,PIT,69055
2015,13,Pittsburgh Steelers,PIT,Pittsburgh Steelers,PIT,58701
2015,14,Pittsburgh Steelers,PIT,Pittsburgh Steelers,PIT,65564
2015,15,Pittsburgh Steelers,PIT,Pittsburgh Steelers,PIT,67234
2015,16,Pittsburgh Steelers,PIT,Pittsburgh Steelers,PIT,71261
2015,17,Pittsburgh Steelers,PIT,Pittsburgh Steelers,PIT,66693
2015,1,Seattle Seahawks,SEA,Seattle Seahawks,SEA,51792
2015,2,Seattle Seahawks,SEA,Seattle Seahawks,SEA,78433
2015,3,Seattle Seahawks,SEA,Seattle Seahawks,SEA,69002
2015,4,Seattle Seahawks,SEA,Seattle Seahawks,SEA,69005
2015,5,Seattle Seahawks,SEA,Seattle Seahawks,SEA,65004
2015,6,Seattle Seahawks,SEA,Seattle Seahawks,SEA,69020
2015,7,Seattle Seahawks,SEA,Seattle Seahawks,SEA,70799
2015,8,Seattle Seahawks,SEA,Seattle Seahawks,SEA,91486
2015,10,Seattle Seahawks,SEA,Seattle Seahawks,SEA,69005
2015,11,Seattle Seahawks,SEA,Seattle Seahawks,SEA,68993
2015,12,Seattle Seahawks,SEA,Seattle Seahawks,SEA,69055
2015,13,Seattle Seahawks,SEA,Seattle Seahawks,SEA,52430
2015,14,Seattle Seahawks,SEA,Seattle Seahawks,SEA,71179
2015,15,Seattle Seahawks,SEA,Seattle Seahawks,SEA,69002
2015,16,Seattle Seahawks,SEA,Seattle Seahawks,SEA,69080
2015,17,Seattle Seahawks,SEA,Seattle Seahawks,SEA,64646
2015,1,San Francisco 49ers,SF,San Francisco 49ers,SF,70499
2015,2,San Francisco 49ers,SF,San Francisco 49ers,SF,66472
2015,3,San Francisco 49ers,SF,San Francisco 49ers,SF,63663
2015,4,San Francisco 49ers,SF,San Francisco 49ers,SF,70799
2015,5,San Francisco 49ers,SF,San Francisco 49ers,SF,78515
2015,6,San Francisco 49ers,SF,San Francisco 49ers,SF,70799
2015,7,San Francisco 49ers,SF,San Francisco 49ers,SF,70799
2015,8,San Francisco 49ers,SF,San Francisco 49ers,SF,51207
2015,9,San Francisco 49ers,SF,San Francisco 49ers,SF,70799
2015,11,San Francisco 49ers,SF,San Francisco 49ers,SF,68993
2015,12,San Francisco 49ers,SF,San Francisco 49ers,SF,70799
2015,13,San Francisco 49ers,SF,San Francisco 49ers,SF,62088
2015,14,San Francisco 49ers,SF,San Francisco 49ers,SF,63916
2015,15,San Francisco 49ers,SF,San Francisco 49ers,SF,70799
2015,16,San Francisco 49ers,SF,San Francisco 49ers,SF,61313
2015,17,San Francisco 49ers,SF,San Francisco 49ers,SF,70799
2015,1,Tampa Bay Buccaneers,TB,Tampa Bay Buccaneers,TB,63945
2015,2,Tampa Bay Buccaneers,TB,Tampa Bay Buccaneers,TB,73006
2015,3,Tampa Bay Buccaneers,TB,Tampa Bay Buccaneers,TB,71718
2015,4,Tampa Bay Buccaneers,TB,Tampa Bay Buccaneers,TB,57468
2015,5,Tampa Bay Buccaneers,TB,Tampa Bay Buccaneers,TB,58490
2015,7,Tampa Bay Buccaneers,TB,Tampa Bay Buccaneers,TB,72912
2015,8,Tampa Bay Buccaneers,TB,Tampa Bay Buccaneers,TB,70524
2015,9,Tampa Bay Buccaneers,TB,Tampa Bay Buccaneers,TB,64351
2015,10,Tampa Bay Buccaneers,TB,Tampa Bay Buccaneers,TB,64113
2015,11,Tampa Bay Buccaneers,TB,Tampa Bay Buccaneers,TB,69596
2015,12,Tampa Bay Buccaneers,TB,Tampa Bay Buccaneers,TB,65696
2015,13,Tampa Bay Buccaneers,TB,Tampa Bay Buccaneers,TB,58221
2015,14,Tampa Bay Buccaneers,TB,Tampa Bay Buccaneers,TB,62138
2015,15,Tampa Bay Buccaneers,TB,Tampa Bay Buccaneers,TB,51295
2015,16,Tampa Bay Buccaneers,TB,Tampa Bay Buccaneers,TB,63734
2015,17,Tampa Bay Buccaneers,TB,Tampa Bay Buccaneers,TB,74169
2015,1,Tennessee Titans,TEN,Tennessee Titans,TEN,63945
2015,2,Tennessee Titans,TEN,Tennessee Titans,TEN,67431
2015,3,Tennessee Titans,TEN,Tennessee Titans,TEN,65920
2015,5,Tennessee Titans,TEN,Tennessee Titans,TEN,65670
2015,6,Tennessee Titans,TEN,Tennessee Titans,TEN,62342
2015,7,Tennessee Titans,TEN,Tennessee Titans,TEN,63329
2015,8,Tennessee Titans,TEN,Tennessee Titans,TEN,71630
2015,9,Tennessee Titans,TEN,Tennessee Titans,TEN,73075
2015,10,Tennessee Titans,TEN,Tennessee Titans,TEN,63591
2015,11,Tennessee Titans,TEN,Tennessee Titans,TEN,60121
2015,12,Tennessee Titans,TEN,Tennessee Titans,TEN,58075
2015,13,Tennessee Titans,TEN,Tennessee Titans,TEN,57355
2015,14,Tennessee Titans,TEN,Tennessee Titans,TEN,78160
2015,15,Tennessee Titans,TEN,Tennessee Titans,TEN,66829
2015,16,Tennessee Titans,TEN,Tennessee Titans,TEN,62153
2015,17,Tennessee Titans,TEN,Tennessee Titans,TEN,65733
2015,1,Washington Redskins,WAS,Washington Commanders,WSH,76512
2015,2,Washington Redskins,WAS,Washington Commanders,WSH,72460
2015,3,Washington Redskins,WAS,Washington Commanders,WSH,76081
2015,4,Washington Redskins,WAS,Washington Commanders,WSH,74767
2015,5,Washington Redskins,WAS,Washington Commanders,WSH,70178
2015,6,Washington Redskins,WAS,Washington Commanders,WSH,78160
2015,7,Washington Redskins,WAS,Washington Commanders,WSH,72912
2015,9,Washington Redskins,WAS,Washington Commanders,WSH,66829
2015,10,Washington Redskins,WAS,Washington Commanders,WSH,75086
2015,11,Washington Redskins,WAS,Washington Commanders,WSH,74418
2015,12,Washington Redskins,WAS,Washington Commanders,WSH,77367
2015,13,Washington Redskins,WAS,Washington Commanders,WSH,80444
2015,14,Washington Redskins,WAS,Washington Commanders,WSH,61026
2015,15,Washington Redskins,WAS,Washington Commanders,WSH,80124
2015,16,Washington Redskins,WAS,Washington Commanders,WSH,69596
2015,17,Washington Redskins,WAS,Washington Commanders,WSH,90127
2016,1,Arizona Cardinals,ARI,Arizona Cardinals,ARI,64864
2016,2,Arizona Cardinals,ARI,Arizona Cardinals,ARI,64230
2016,3,Arizona Cardinals,ARI,Arizona Cardinals,ARI,68647
2016,4,Arizona Cardinals,ARI,Arizona Cardinals,ARI,64622
2016,5,Arizona Cardinals,ARI,Arizona Cardinals,ARI,70178
2016,6,Arizona Cardinals,ARI,Arizona Cardinals,ARI,64709
2016,7,Arizona Cardinals,ARI,Arizona Cardinals,ARI,65089
2016,8,Arizona Cardinals,ARI,Arizona Cardinals,ARI,74088
2016,10,Arizona Cardinals,ARI,Arizona Cardinals,ARI,65127
2016,11,Arizona Cardinals,ARI,Arizona Cardinals,ARI,66808
2016,12,Arizona Cardinals,ARI,Arizona Cardinals,ARI,69233
2016,13,Arizona Cardinals,ARI,Arizona Cardinals,ARI,64939
2016,14,Arizona Cardinals,ARI,Arizona Cardinals,ARI,65750
2016,15,Arizona Cardinals,ARI,Arizona Cardinals,ARI,65072
2016,16,Arizona Cardinals,ARI,Arizona Cardinals,ARI,69050
2016,17,Arizona Cardinals,ARI,Arizona Cardinals,ARI,80729
2016,1,Atlanta Falcons,ATL,Atlanta Falcons,ATL,69382
2016,2,Atlanta Falcons,ATL,Atlanta Falcons,ATL,54081
2016,3,Atlanta Falcons,ATL,Atlanta Falcons,ATL,73003
2016,4,Atlanta Falcons,ATL,Atlanta Falcons,ATL,70508
2016,5,Atlanta Falcons,ATL,Atlanta Falcons,ATL,76802
2016,6,Atlanta Falcons,ATL,Atlanta Falcons,ATL,69071
2016,7,Atlanta Falcons,ATL,Atlanta Falcons,ATL,69832
2016,8,Atlanta Falcons,ATL,Atlanta Falcons,ATL,70165
2016,9,Atlanta Falcons,ATL,Atlanta Falcons,ATL,57797
2016,10,Atlanta Falcons,ATL,Atlanta Falcons,ATL,69596
2016,12,Atlanta Falcons,ATL,Atlanta Falcons,ATL,69233
2016,13,Atlanta Falcons,ATL,Atlanta Falcons,ATL,69879
2016,14,Atlanta Falcons,ATL,Atlanta Falcons,ATL,82495
2016,15,Atlanta Falcons,ATL,Atlanta Falcons,ATL,70164
2016,16,Atlanta Falcons,ATL,Atlanta Falcons,ATL,73549
2016,17,Atlanta Falcons,ATL,Atlanta Falcons,ATL,70835
2016,1,Baltimore Ravens,BAL,Baltimore Ravens,BAL,71104
2016,2,Baltimore Ravens,BAL,Baltimore Ravens,BAL,67431
2016,3,Baltimore Ravens,BAL,Baltimore Ravens,BAL,60127
2016,4,Baltimore Ravens,BAL,Baltimore Ravens,BAL,71152
2016,5,Baltimore Ravens,BAL,Baltimore Ravens,BAL,71318
2016,6,Baltimore Ravens,BAL,Baltimore Ravens,BAL,78487
2016,7,Baltimore Ravens,BAL,Baltimore Ravens,BAL,78160
2016,9,Baltimore Ravens,BAL,Baltimore Ravens,BAL,71286
2016,10,Baltimore Ravens,BAL,Baltimore Ravens,BAL,70921
2016,11,Baltimore Ravens,BAL,Baltimore Ravens,BAL,93056
2016,12,Baltimore Ravens,BAL,Baltimore Ravens,BAL,70903
2016,13,Baltimore Ravens,BAL,Baltimore Ravens,BAL,70916
2016,14,Baltimore Ravens,BAL,Baltimore Ravens,BAL,66829
2016,15,Baltimore Ravens,BAL,Baltimore Ravens,BAL,71223
2016,16,Baltimore Ravens,BAL,Baltimore Ravens,BAL,66276
2016,17,Baltimore Ravens,BAL,Baltimore Ravens,BAL,54944
2016,1,Buffalo Bills,BUF,Buffalo Bills,BUF,71104
2016,2,Buffalo Bills,BUF,Buffalo Bills,BUF,70256
2016,3,Buffalo Bills,BUF,Buffalo Bills,BUF,68647
2016,4,Buffalo Bills,BUF,Buffalo Bills,BUF,66829
2016,5,Buffalo Bills,BUF,Buffalo Bills,BUF,83679
2016,6,Buffalo Bills,BUF,Buffalo Bills,BUF,70003
2016,7,Buffalo Bills,BUF,Buffalo Bills,BUF,65658
2016,8,Buffalo Bills,BUF,Buffalo Bills,BUF,70442
2016,9,Buffalo Bills,BUF,Buffalo Bills,BUF,69084
2016,11,Buffalo Bills,BUF,Buffalo Bills,BUF,61356
2016,12,Buffalo Bills,BUF,Buffalo Bills,BUF,67849
2016,13,Buffalo Bills,BUF,Buffalo Bills,BUF,54759
2016,14,Buffalo Bills,BUF,Buffalo Bills,BUF,69657
2016,15,Buffalo Bills,BUF,Buffalo Bills,BUF,66529
2016,16,Buffalo Bills,BUF,Buffalo Bills,BUF,64690
2016,17,Buffalo Bills,BUF,Buffalo Bills,BUF,78160
2016,1,Carolina Panthers,CAR,Carolina Panthers,CAR,76843
2016,2,Carolina Panthers,CAR,Carolina Panthers,CAR,74143
2016,3,Carolina Panthers,CAR,Carolina Panthers,CAR,73813
2016,4,Carolina Panthers,CAR,Carolina Panthers,CAR,70508
2016,5,Carolina Panthers,CAR,Carolina Panthers,CAR,73425
2016,6,Carolina Panthers,CAR,Carolina Panthers,CAR,73138
2016,8,Carolina Panthers,CAR,Carolina Panthers,CAR,74088
2016,9,Carolina Panthers,CAR,Carolina Panthers,CAR,86109
2016,10,Carolina Panthers,CAR,Carolina Panthers,CAR,74181
2016,11,Carolina Panthers,CAR,Carolina Panthers,CAR,73288
2016,12,Carolina Panthers,CAR,Carolina Panthers,CAR,54909
2016,13,Carolina Panthers,CAR,Carolina Panthers,CAR,69104
2016,14,Carolina Panthers,CAR,Carolina Panthers,CAR,73856
2016,15,Carolina Panthers,CAR,Carolina Panthers,CAR,76689
2016,16,Carolina Panthers,CAR,Carolina Panthers,CAR,73549
2016,17,Carolina Panthers,CAR,Carolina Panthers,CAR,62037
2016,1,Chicago Bears,CHI,Chicago Bears,CHI,71933
2016,2,Chicago Bears,CHI,Chicago Bears,CHI,62268
2016,3,Chicago Bears,CHI,Chicago Bears,CHI,90554
2016,4,Chicago Bears,CHI,Chicago Bears,CHI,60841
2016,5,Chicago Bears,CHI,Chicago Bears,CHI,66622
2016,6,Chicago Bears,CHI,Chicago Bears,CHI,61054
2016,7,Chicago Bears,CHI,Chicago Bears,CHI,78217
2016,8,Chicago Bears,CHI,Chicago Bears,CHI,60422
2016,10,Chicago Bears,CHI,Chicago Bears,CHI,62898
2016,11,Chicago Bears,CHI,Chicago Bears,CHI,78898
2016,12,Chicago Bears,CHI,Chicago Bears,CHI,59494
2016,13,Chicago Bears,CHI,Chicago Bears,CHI,59782
2016,14,Chicago Bears,CHI,Chicago Bears,CHI,61726
2016,15,Chicago Bears,CHI,Chicago Bears,CHI,61137
2016,16,Chicago Bears,CHI,Chicago Bears,CHI,57953
2016,17,Chicago Bears,CHI,Chicago Bears,CHI,66808
2016,1,Cincinnati Bengals,CIN,Cincinnati Bengals,CIN,78160
2016,2,Cincinnati Bengals,CIN,Cincinnati Bengals,CIN,65072
2016,3,Cincinnati Bengals,CIN,Cincinnati Bengals,CIN,63850
2016,4,Cincinnati Bengals,CIN,Cincinnati Bengals,CIN,60834
2016,5,Cincinnati Bengals,CIN,Cincinnati Bengals,CIN,91653
2016,6,Cincinnati Bengals,CIN,Cincinnati Bengals,CIN,66829
2016,7,Cincinnati Bengals,CIN,Cincinnati Bengals,CIN,65047
2016,8,Cincinnati Bengals,CIN,Cincinnati Bengals,CIN,84488
2016,10,Cincinnati Bengals,CIN,Cincinnati Bengals,CIN,76218
2016,11,Cincinnati Bengals,CIN,Cincinnati Bengals,CIN,61356
2016,12,Cincinnati Bengals,CIN,Cincinnati Bengals,CIN,70903
2016,13,Cincinnati Bengals,CIN,Cincinnati Bengals,CIN,55456
2016,14,Cincinnati Bengals,CIN,Cincinnati Bengals,CIN,60028
2016,15,Cincinnati Bengals,CIN,Cincinnati Bengals,CIN,62096
2016,16,Cincinnati Bengals,CIN,Cincinnati Bengals,CIN,71836
2016,17,Cincinnati Bengals,CIN,Cincinnati Bengals,CIN,54944
2016,1,Cleveland Browns,CLE,Cleveland Browns,CLE,69596
2016,2,Cleveland Browns,CLE,Cleveland Browns,CLE,67431
2016,3,Cleveland Browns,CLE,Cleveland Browns,CLE,65176
2016,4,Cleveland Browns,CLE,Cleveland Browns,CLE,76249
2016,5,Cleveland Browns,CLE,Cleveland Browns,CLE,67431
2016,6,Cleveland Browns,CLE,Cleveland Browns,CLE,60897
2016,7,Cleveland Browns,CLE,Cleveland Browns,CLE,65047
2016,8,Cleveland Browns,CLE,Cleveland Browns,CLE,67431
2016,9,Cleveland Browns,CLE,Cleveland Browns,CLE,67431
2016,10,Cleveland Browns,CLE,Cleveland Browns,CLE,70921
2016,11,Cleveland Browns,CLE,Cleveland Browns,CLE,67431
2016,12,Cleveland Browns,CLE,Cleveland Browns,CLE,60034
2016,14,Cleveland Browns,CLE,Cleveland Browns,CLE,60028
2016,15,Cleveland Browns,CLE,Cleveland Browns,CLE,66529
2016,16,Cleveland Browns,CLE,Cleveland Browns,CLE,57272
2016,17,Cleveland Browns,CLE,Cleveland Browns,CLE,55921
2016,1,Dallas Cowboys,DAL,Dallas Cowboys,DAL,92867
2016,2,Dallas Cowboys,DAL,Dallas Cowboys,DAL,80612
2016,3,Dallas Cowboys,DAL,Dallas Cowboys,DAL,90554
2016,4,Dallas Cowboys,DAL,Dallas Cowboys,DAL,70178
2016,5,Dallas Cowboys,DAL,Dallas Cowboys,DAL,91653
2016,6,Dallas Cowboys,DAL,Dallas Cowboys,DAL,78481
2016,8,Dallas Cowboys,DAL,Dallas Cowboys,DAL,93103
2016,9,Dallas Cowboys,DAL,Dallas Cowboys,DAL,67431
2016,10,Dallas Cowboys,DAL,Dallas Cowboys,DAL,67737
2016,11,Dallas Cowboys,DAL,Dallas Cowboys,DAL,93056
2016,12,Dallas Cowboys,DAL,Dallas Cowboys,DAL,93099
2016,13,Dallas Cowboys,DAL,Dallas Cowboys,DAL,66860
2016,14,Dallas Cowboys,DAL,Dallas Cowboys,DAL,80874
2016,15,Dallas Cowboys,DAL,Dallas Cowboys,DAL,93101
2016,16,Dallas Cowboys,DAL,Dallas Cowboys,DAL,92885
2016,17,Dallas Cowboys,DAL,Dallas Cowboys,DAL,69596
2016,1,Denver Broncos,DEN,Denver Broncos,DEN,76843
2016,2,Denver Broncos,DEN,Denver Broncos,DEN,76379
2016,3,Denver Broncos,DEN,Denver Broncos,DEN,63850
2016,4,Denver Broncos,DEN,Denver Broncos,DEN,60375
2016,5,Denver Broncos,DEN,Denver Broncos,DEN,76802
2016,6,Denver Broncos,DEN,Denver Broncos,DEN,58904
2016,7,Denver Broncos,DEN,Denver Broncos,DEN,76865
2016,8,Denver Broncos,DEN,Denver Broncos,DEN,76756
2016,9,Denver Broncos,DEN,Denver Broncos,DEN,54957
2016,10,Denver Broncos,DEN,Denver Broncos,DEN,73138
2016,12,Denver Broncos,DEN,Denver Broncos,DEN,76819
2016,13,Denver Broncos,DEN,Denver Broncos,DEN,63075
2016,14,Denver Broncos,DEN,Denver Broncos,DEN,68780
2016,15,Denver Broncos,DEN,Denver Broncos,DEN,76893
2016,16,Denver Broncos,DEN,Denver Broncos,DEN,76671
2016,17,Denver Broncos,DEN,Denver Broncos,DEN,76836
2016,1,Detroit Lions,DET,Detroit Lions,DET,65566
2016,2,Detroit Lions,DET,Detroit Lions,DET,58466
2016,3,Detroit Lions,DET,Detroit Lions,DET,78411
2016,4,Detroit Lions,DET,Detroit Lions,DET,60841
2016,5,Detroit Lions,DET,Detroit Lions,DET,58047
2016,6,Detroit Lions,DET,Detroit Lions,DET,56018
2016,7,Detroit Lions,DET,Detroit Lions,DET,60461
2016,8,Detroit Lions,DET,Detroit Lions,DET,71882
2016,9,Detroit Lions,DET,Detroit Lions,DET,66807
2016,11,Detroit Lions,DET,Detroit Lions,DET,61486
2016,12,Detroit Lions,DET,Detroit Lions,DET,63793
2016,13,Detroit Lions,DET,Detroit Lions,DET,73137
2016,14,Detroit Lions,DET,Detroit Lions,DET,61726
2016,15,Detroit Lions,DET,Detroit Lions,DET,79434
2016,16,Detroit Lions,DET,Detroit Lions,DET,92885
2016,17,Detroit Lions,DET,Detroit Lions,DET,66345
2016,1,Green Bay Packers,GB,Green Bay Packers,GB,63179
2016,2,Green Bay Packers,GB,Green Bay Packers,GB,66813
2016,3,Green Bay Packers,GB,Green Bay Packers,GB,78411
2016,5,Green Bay Packers,GB,Green Bay Packers,GB,78401
2016,6,Green Bay Packers,GB,Green Bay Packers,GB,78481
2016,7,Green Bay Packers,GB,Green Bay Packers,GB,78217
2016,8,Green Bay Packers,GB,Green Bay Packers,GB,70165
2016,9,Green Bay Packers,GB,Green Bay Packers,GB,78437
2016,10,Green Bay Packers,GB,Green Bay Packers,GB,69116
2016,11,Green Bay Packers,GB,Green Bay Packers,GB,77137
2016,12,Green Bay Packers,GB,Green Bay Packers,GB,69596
2016,13,Green Bay Packers,GB,Green Bay Packers,GB,77867
2016,14,Green Bay Packers,GB,Green Bay Packers,GB,78057
2016,15,Green Bay Packers,GB,Green Bay Packers,GB,61137
2016,16,Green Bay Packers,GB,Green Bay Packers,GB,77856
2016,17,Green Bay Packers,GB,Green Bay Packers,GB,66345
2016,1,Houston Texans,HOU,Houston Texans,HOU,71933
2016,2,Houston Texans,HOU,Houston Texans,HOU,71890
2016,3,Houston Texans,HOU,Houston Texans,HOU,66829
2016,4,Houston Texans,HOU,Houston Texans,HOU,71815
2016,5,Houston Texans,HOU,Houston Texans,HOU,66683
2016,6,Houston Texans,HOU,Houston Texans,HOU,71891
2016,7,Houston Texans,HOU,Houston Texans,HOU,76865
2016,8,Houston Texans,HOU,Houston Texans,HOU,71882
2016,10,Houston Texans,HOU,Houston Texans,HOU,62091
2016,11,Houston Texans,HOU,Houston Texans,HOU,76473
2016,12,Houston Texans,HOU,Houston Texans,HOU,71897
2016,13,Houston Texans,HOU,Houston Texans,HOU,77867
2016,14,Houston Texans,HOU,Houston Texans,HOU,65250
2016,15,Houston Texans,HOU,Houston Texans,HOU,71803
2016,16,Houston Texans,HOU,Houston Texans,HOU,71836
2016,17,Houston Texans,HOU,Houston Texans,HOU,65205
2016,1,Indianapolis Colts,IND,Indianapolis Colts,IND,65566
2016,2,Indianapolis Colts,IND,Indianapolis Colts,IND,76379
2016,3,Indianapolis Colts,IND,Indianapolis Colts,IND,64747
2016,4,Indianapolis Colts,IND,Indianapolis Colts,IND,83764
2016,5,Indianapolis Colts,IND,Indianapolis Colts,IND,66622
2016,6,Indianapolis Colts,IND,Indianapolis Colts,IND,71891
2016,7,Indianapolis Colts,IND,Indianapolis Colts,IND,65470
2016,8,Indianapolis Colts,IND,Indianapolis Colts,IND,65417
2016,9,Indianapolis Colts,IND,Indianapolis Colts,IND,78437
2016,11,Indianapolis Colts,IND,Indianapolis Colts,IND,65048
2016,12,Indianapolis Colts,IND,Indianapolis Colts,IND,66583
2016,13,Indianapolis Colts,IND,Indianapolis Colts,IND,78160
2016,14,Indianapolis Colts,IND,Indianapolis Colts,IND,65250
2016,15,Indianapolis Colts,IND,Indianapolis Colts,IND,66820
2016,16,Indianapolis Colts,IND,Indianapolis Colts,IND,54896
2016,17,Indianapolis Colts,IND,Indianapolis Colts,IND,65160
2016,1,Jacksonville Jaguars,JAX,Jacksonville Jaguars,JAX,63179
2016,2,Jacksonville Jaguars,JAX,Jacksonville Jaguars,JAX,52165
2016,3,Jacksonville Jaguars,JAX,Jacksonville Jaguars,JAX,60127
2016,4,Jacksonville Jaguars,JAX,Jacksonville Jaguars,JAX,83764
2016,6,Jacksonville Jaguars,JAX,Jacksonville Jaguars,JAX,61054
2016,7,Jacksonville Jaguars,JAX,Jacksonville Jaguars,JAX,62614
2016,8,Jacksonville Jaguars,JAX,Jacksonville Jaguars,JAX,61619
2016,9,Jacksonville Jaguars,JAX,Jacksonville Jaguars,JAX,73294
2016,10,Jacksonville Jaguars,JAX,Jacksonville Jaguars,JAX,62091
2016,11,Jacksonville Jaguars,JAX,Jacksonville Jaguars,JAX,61486
2016,12,Jacksonville Jaguars,JAX,Jacksonville Jaguars,JAX,67849
2016,13,Jacksonville Jaguars,JAX,Jacksonville Jaguars,JAX,63075
2016,14,Jacksonville Jaguars,JAX,Jacksonville Jaguars,JAX,62701
2016,15,Jacksonville Jaguars,JAX,Jacksonville Jaguars,JAX,71803
2016,16,Jacksonville Jaguars,JAX,Jacksonville Jaguars,JAX,59621
2016,17,Jacksonville Jaguars,JAX,Jacksonville Jaguars,JAX,65160
2016,1,Kansas City Chiefs,KC,Kansas City Chiefs,KC,73238
2016,2,Kansas City Chiefs,KC,Kansas City Chiefs,KC,71890
2016,3,Kansas City Chiefs,KC,Kansas City Chiefs,KC,71587
2016,4,Kansas City Chiefs,KC,Kansas City Chiefs,KC,61278
2016,6,Kansas City Chiefs,KC,Kansas City Chiefs,KC,54211
2016,7,Kansas City Chiefs,KC,Kansas City Chiefs,KC,76282
2016,8,Kansas City Chiefs,KC,Kansas City Chiefs,KC,65417
2016,9,Kansas City Chiefs,KC,Kansas City Chiefs,KC,73294
2016,10,Kansas City Chiefs,KC,Kansas City Chiefs,KC,74181
2016,11,Kansas City Chiefs,KC,Kansas City Chiefs,KC,72277
2016,12,Kansas City Chiefs,KC,Kansas City Chiefs,KC,76819
2016,13,Kansas City Chiefs,KC,Kansas City Chiefs,KC,69879
2016,14,Kansas City Chiefs,KC,Kansas City Chiefs,KC,75191
2016,15,Kansas City Chiefs,KC,Kansas City Chiefs,KC,68084
2016,16,Kansas City Chiefs,KC,Kansas City Chiefs,KC,76671
2016,17,Kansas City Chiefs,KC,Kansas City Chiefs,KC,54915
2016,1,San Diego Chargers,LAC,Los Angeles Chargers,LAC,73238
2016,2,San Diego Chargers,LAC,Los Angeles Chargers,LAC,52165
2016,3,San Diego Chargers,LAC,Los Angeles Chargers,LAC,64747
2016,4,San Diego Chargers,LAC,Los Angeles Chargers,LAC,60641
2016,5,San Diego Chargers,LAC,Los Angeles Chargers,LAC,54275
2016,6,San Diego Chargers,LAC,Los Angeles Chargers,LAC,58904
2016,7,San Diego Chargers,LAC,Los Angeles Chargers,LAC,69832
2016,8,San Diego Chargers,LAC,Los Angeles Chargers,LAC,76756
2016,9,San Diego Chargers,LAC,Los Angeles Chargers,LAC,52281
2016,10,San Diego Chargers,LAC,Los Angeles Chargers,LAC,55107
2016,12,San Diego Chargers,LAC,Los Angeles Chargers,LAC,71897
2016,13,San Diego Chargers,LAC,Los Angeles Chargers,LAC,53832
2016,14,San Diego Chargers,LAC,Los Angeles Chargers,LAC,73856
2016,15,San Diego Chargers,LAC,Los Angeles Chargers,LAC,68352
2016,16,San Diego Chargers,LAC,Los Angeles Chargers,LAC,57272
2016,17,San Diego Chargers,LAC,Los Angeles Chargers,LAC,54915
2016,1,Los Angeles Rams,LAR,Los Angeles Rams,LAR,70178
2016,2,Los Angeles Rams,LAR,Los Angeles Rams,LAR,91046
2016,3,Los Angeles Rams,LAR,Los Angeles Rams,LAR,55009
2016,4,Los Angeles Rams,LAR,Los Angeles Rams,LAR,64622
2016,5,Los Angeles Rams,LAR,Los Angeles Rams,LAR,83679
2016,6,Los Angeles Rams,LAR,Los Angeles Rams,LAR,56018
2016,7,Los Angeles Rams,LAR,Los Angeles Rams,LAR,74121
2016,9,Los Angeles Rams,LAR,Los Angeles Rams,LAR,86109
2016,10,Los Angeles Rams,LAR,Los Angeles Rams,LAR,78160
2016,11,Los Angeles Rams,LAR,Los Angeles Rams,LAR,83483
2016,12,Los Angeles Rams,LAR,Los Angeles Rams,LAR,73067
2016,13,Los Angeles Rams,LAR,Los Angeles Rams,LAR,66829
2016,14,Los Angeles Rams,LAR,Los Angeles Rams,LAR,82495
2016,15,Los Angeles Rams,LAR,Los Angeles Rams,LAR,69067
2016,16,Los Angeles Rams,LAR,Los Angeles Rams,LAR,83656
2016,17,Los Angeles Rams,LAR,Los Angeles Rams,LAR,80729
2016,1,Oakland Raiders,LV,Las Vegas Raiders,LV,73028
2016,2,Oakland Raiders,LV,Las Vegas Raiders,LV,54081
2016,3,Oakland Raiders,LV,Las Vegas Raiders,LV,62370
2016,4,Oakland Raiders,LV,Las Vegas Raiders,LV,71152
2016,5,Oakland Raiders,LV,Las Vegas Raiders,LV,54275
2016,6,Oakland Raiders,LV,Las Vegas Raiders,LV,54211
2016,7,Oakland Raiders,LV,Las Vegas Raiders,LV,62614
2016,8,Oakland Raiders,LV,Las Vegas Raiders,LV,61068
2016,9,Oakland Raiders,LV,Las Vegas Raiders,LV,54957
2016,11,Oakland Raiders,LV,Las Vegas Raiders,LV,76473
2016,12,Oakland Raiders,LV,Las Vegas Raiders,LV,54909
2016,13,Oakland Raiders,LV,Las Vegas Raiders,LV,54759
2016,14,Oakland Raiders,LV,Las Vegas Raiders,LV,75191
2016,15,Oakland Raiders,LV,Las Vegas Raiders,LV,68352
2016,16,Oakland Raiders,LV,Las Vegas Raiders,LV,54896
2016,17,Oakland Raiders,LV,Las Vegas Raiders,LV,76836
2016,1,Miami Dolphins,MIA,Miami Dolphins,MIA,69012
2016,2,Miami Dolphins,MIA,Miami Dolphins,MIA,66829
2016,3,Miami Dolphins,MIA,Miami Dolphins,MIA,65176
2016,4,Miami Dolphins,MIA,Miami Dolphins,MIA,60834
2016,5,Miami Dolphins,MIA,Miami Dolphins,MIA,64425
2016,6,Miami Dolphins,MIA,Miami Dolphins,MIA,65351
2016,7,Miami Dolphins,MIA,Miami Dolphins,MIA,65658
2016,9,Miami Dolphins,MIA,Miami Dolphins,MIA,65722
2016,10,Miami Dolphins,MIA,Miami Dolphins,MIA,55107
2016,11,Miami Dolphins,MIA,Miami Dolphins,MIA,83483
2016,12,Miami Dolphins,MIA,Miami Dolphins,MIA,65856
2016,13,Miami Dolphins,MIA,Miami Dolphins,MIA,70916
2016,14,Miami Dolphins,MIA,Miami Dolphins,MIA,65750
2016,15,Miami Dolphins,MIA,Miami Dolphins,MIA,78160
2016,16,Miami Dolphins,MIA,Miami Dolphins,MIA,64690
2016,17,Miami Dolphins,MIA,Miami Dolphins,MIA,66163
2016,1,Minnesota Vikings,MIN,Minnesota Vikings,MIN,63816
2016,2,Minnesota Vikings,MIN,Minnesota Vikings,MIN,66813
2016,3,Minnesota Vikings,MIN,Minnesota Vikings,MIN,73813
2016,4,Minnesota Vikings,MIN,Minnesota Vikings,MIN,66690
2016,5,Minnesota Vikings,MIN,Minnesota Vikings,MIN,66683
2016,7,Minnesota Vikings,MIN,Minnesota Vikings,MIN,69596
2016,8,Minnesota Vikings,MIN,Minnesota Vikings,MIN,60422
2016,9,Minnesota Vikings,MIN,Minnesota Vikings,MIN,66807
2016,10,Minnesota Vikings,MIN,Minnesota Vikings,MIN,78216
2016,11,Minnesota Vikings,MIN,Minnesota Vikings,MIN,66808
2016,12,Minnesota Vikings,MIN,Minnesota Vikings,MIN,63793
2016,13,Minnesota Vikings,MIN,Minnesota Vikings,MIN,66860
2016,14,Minnesota Vikings,MIN,Minnesota Vikings,MIN,62701
2016,15,Minnesota Vikings,MIN,Minnesota Vikings,MIN,66820
2016,16,Minnesota Vikings,MIN,Minnesota Vikings,MIN,77856
2016,17,Minnesota Vikings,MIN,Minnesota Vikings,MIN,66808
2016,1,New England Patriots,NE,New England Patriots,NE,64864
2016,2,New England Patriots,NE,New England Patriots,NE,66829
2016,3,New England Patriots,NE,New England Patriots,NE,66829
2016,4,New England Patriots,NE,New England Patriots,NE,66829
2016,5,New England Patriots,NE,New England Patriots,NE,67431
2016,6,New England Patriots,NE,New England Patriots,NE,66829
2016,7,New England Patriots,NE,New England Patriots,NE,66009
2016,8,New England Patriots,NE,New England Patriots,NE,70442
2016,10,New England Patriots,NE,New England Patriots,NE,66829
2016,11,New England Patriots,NE,New England Patriots,NE,70178
2016,12,New England Patriots,NE,New England Patriots,NE,78160
2016,13,New England Patriots,NE,New England Patriots,NE,66829
2016,14,New England Patriots,NE,New England Patriots,NE,66829
2016,15,New England Patriots,NE,New England Patriots,NE,76893
2016,16,New England Patriots,NE,New England Patriots,NE,66829
2016,17,New England Patriots,NE,New England Patriots,NE,66163
2016,1,New Orleans Saints,NO,New Orleans Saints,NO,73028
2016,2,New Orleans Saints,NO,New Orleans Saints,NO,77727
2016,3,New Orleans Saints,NO,New Orleans Saints,NO,73003
2016,4,New Orleans Saints,NO,New Orleans Saints,NO,60641
2016,6,New Orleans Saints,NO,New Orleans Saints,NO,73138
2016,7,New Orleans Saints,NO,New Orleans Saints,NO,76282
2016,8,New Orleans Saints,NO,New Orleans Saints,NO,73188
2016,9,New Orleans Saints,NO,New Orleans Saints,NO,70178
2016,10,New Orleans Saints,NO,New Orleans Saints,NO,73138
2016,11,New Orleans Saints,NO,New Orleans Saints,NO,73288
2016,12,New Orleans Saints,NO,New Orleans Saints,NO,73067
2016,13,New Orleans Saints,NO,New Orleans Saints,NO,73137
2016,14,New Orleans Saints,NO,New Orleans Saints,NO,62140
2016,15,New Orleans Saints,NO,New Orleans Saints,NO,65072
2016,16,New Orleans Saints,NO,New Orleans Saints,NO,73177
2016,17,New Orleans Saints,NO,New Orleans Saints,NO,70835
2016,1,New York Giants,NYG,New York Giants,NYG,92867
2016,2,New York Giants,NYG,New York Giants,NYG,77727
2016,3,New York Giants,NYG,New York Giants,NYG,78368
2016,4,New York Giants,NYG,New York Giants,NYG,66690
2016,5,New York Giants,NYG,New York Giants,NYG,78401
2016,6,New York Giants,NYG,New York Giants,NYG,78487
2016,7,New York Giants,NYG,New York Giants,NYG,74121
2016,9,New York Giants,NYG,New York Giants,NYG,80309
2016,10,New York Giants,NYG,New York Giants,NYG,76218
2016,11,New York Giants,NYG,New York Giants,NYG,78898
2016,12,New York Giants,NYG,New York Giants,NYG,60034
2016,13,New York Giants,NYG,New York Giants,NYG,65825
2016,14,New York Giants,NYG,New York Giants,NYG,80874
2016,15,New York Giants,NYG,New York Giants,NYG,79434
2016,16,New York Giants,NYG,New York Giants,NYG,69596
2016,17,New York Giants,NYG,New York Giants,NYG,79471
2016,1,New York Jets,NYJ,New York Jets,NYJ,78160
2016,2,New York Jets,NYJ,New York Jets,NYJ,70256
2016,3,New York Jets,NYJ,New York Jets,NYJ,71587
2016,4,New York Jets,NYJ,New York Jets,NYJ,78160
2016,5,New York Jets,NYJ,New York Jets,NYJ,66385
2016,6,New York Jets,NYJ,New York Jets,NYJ,64709
2016,7,New York Jets,NYJ,New York Jets,NYJ,78160
2016,8,New York Jets,NYJ,New York Jets,NYJ,67431
2016,9,New York Jets,NYJ,New York Jets,NYJ,65722
2016,10,New York Jets,NYJ,New York Jets,NYJ,78160
2016,12,New York Jets,NYJ,New York Jets,NYJ,78160
2016,13,New York Jets,NYJ,New York Jets,NYJ,78160
2016,14,New York Jets,NYJ,New York Jets,NYJ,70178
2016,15,New York Jets,NYJ,New York Jets,NYJ,78160
2016,16,New York Jets,NYJ,New York Jets,NYJ,66829
2016,17,New York Jets,NYJ,New York Jets,NYJ,78160
2016,1,Philadelphia Eagles,PHI,Philadelphia Eagles,PHI,69596
2016,2,Philadelphia Eagles,PHI,Philadelphia Eagles,PHI,62268
2016,3,Philadelphia Eagles,PHI,Philadelphia Eagles,PHI,69596
2016,5,Philadelphia Eagles,PHI,Philadelphia Eagles,PHI,58047
2016,6,Philadelphia Eagles,PHI,Philadelphia Eagles,PHI,78934
2016,7,Philadelphia Eagles,PHI,Philadelphia Eagles,PHI,69596
2016,8,Philadelphia Eagles,PHI,Philadelphia Eagles,PHI,93103
2016,9,Philadelphia Eagles,PHI,Philadelphia Eagles,PHI,80309
2016,10,Philadelphia Eagles,PHI,Philadelphia Eagles,PHI,69596
2016,11,Philadelphia Eagles,PHI,Philadelphia Eagles,PHI,69190
2016,12,Philadelphia Eagles,PHI,Philadelphia Eagles,PHI,69596
2016,13,Philadelphia Eagles,PHI,Philadelphia Eagles,PHI,55456
2016,14,Philadelphia Eagles,PHI,Philadelphia Eagles,PHI,69596
2016,15,Philadelphia Eagles,PHI,Philadelphia Eagles,PHI,71223
2016,16,Philadelphia Eagles,PHI,Philadelphia Eagles,PHI,69596
2016,17,Philadelphia Eagles,PHI,Philadelphia Eagles,PHI,69596
2016,1,Pittsburgh Steelers,PIT,Pittsburgh Steelers,PIT,79124
2016,2,Pittsburgh Steelers,PIT,Pittsburgh Steelers,PIT,65072
2016,3,Pittsburgh Steelers,PIT,Pittsburgh Steelers,PIT,69596
2016,4,Pittsburgh Steelers,PIT,Pittsburgh Steelers,PIT,61278
2016,5,Pittsburgh Steelers,PIT,Pittsburgh Steelers,PIT,66385
2016,6,Pittsburgh Steelers,PIT,Pittsburgh Steelers,PIT,65351
2016,7,Pittsburgh Steelers,PIT,Pittsburgh Steelers,PIT,66009
2016,9,Pittsburgh Steelers,PIT,Pittsburgh Steelers,PIT,71286
2016,10,Pittsburgh Steelers,PIT,Pittsburgh Steelers,PIT,67737
2016,11,Pittsburgh Steelers,PIT,Pittsburgh Steelers,PIT,67431
2016,12,Pittsburgh Steelers,PIT,Pittsburgh Steelers,PIT,66583
2016,13,Pittsburgh Steelers,PIT,Pittsburgh Steelers,PIT,65825
2016,14,Pittsburgh Steelers,PIT,Pittsburgh Steelers,PIT,69657
2016,15,Pittsburgh Steelers,PIT,Pittsburgh Steelers,PIT,62096
2016,16,Pittsburgh Steelers,PIT,Pittsburgh Steelers,PIT,66276
2016,17,Pittsburgh Steelers,PIT,Pittsburgh Steelers,PIT,55921
2016,1,Seattle Seahawks,SEA,Seattle Seahawks,SEA,69012
2016,2,Seattle Seahawks,SEA,Seattle Seahawks,SEA,91046
2016,3,Seattle Seahawks,SEA,Seattle Seahawks,SEA,69010
2016,4,Seattle Seahawks,SEA,Seattle Seahawks,SEA,78160
2016,6,Seattle Seahawks,SEA,Seattle Seahawks,SEA,69071
2016,7,Seattle Seahawks,SEA,Seattle Seahawks,SEA,65089
2016,8,Seattle Seahawks,SEA,Seattle Seahawks,SEA,73188
2016,9,Seattle Seahawks,SEA,Seattle Seahawks,SEA,69084
2016,10,Seattle Seahawks,SEA,Seattle Seahawks,SEA,66829
2016,11,Seattle Seahawks,SEA,Seattle Seahawks,SEA,69190
2016,12,Seattle Seahawks,SEA,Seattle Seahawks,SEA,63674
2016,13,Seattle Seahawks,SEA,Seattle Seahawks,SEA,69104
2016,14,Seattle Seahawks,SEA,Seattle Seahawks,SEA,78057
2016,15,Seattle Seahawks,SEA,Seattle Seahawks,SEA,69067
2016,16,Seattle Seahawks,SEA,Seattle Seahawks,SEA,69050
2016,17,Seattle Seahawks,SEA,Seattle Seahawks,SEA,70178
2016,1,San Francisco 49ers,SF,San Francisco 49ers,SF,70178
2016,2,San Francisco 49ers,SF,San Francisco 49ers,SF,74143
2016,3,San Francisco 49ers,SF,San Francisco 49ers,SF,69010
2016,4,San Francisco 49ers,SF,San Francisco 49ers,SF,70178
2016,5,San Francisco 49ers,SF,San Francisco 49ers,SF,70178
2016,6,San Francisco 49ers,SF,San Francisco 49ers,SF,70003
2016,7,San Francisco 49ers,SF,San Francisco 49ers,SF,70178
2016,9,San Francisco 49ers,SF,San Francisco 49ers,SF,70178
2016,10,San Francisco 49ers,SF,San Francisco 49ers,SF,65127
2016,11,San Francisco 49ers,SF,San Francisco 49ers,SF,70178
2016,12,San Francisco 49ers,SF,San Francisco 49ers,SF,65856
2016,13,San Francisco 49ers,SF,San Francisco 49ers,SF,59782
2016,14,San Francisco 49ers,SF,San Francisco 49ers,SF,70178
2016,15,San Francisco 49ers,SF,San Francisco 49ers,SF,70164
2016,16,San Francisco 49ers,SF,San Francisco 49ers,SF,83656
2016,17,San Francisco 49ers,SF,San Francisco 49ers,SF,70178
2016,1,Tampa Bay Buccaneers,TB,Tampa Bay Buccaneers,TB,69382
2016,2,Tampa Bay Buccaneers,TB,Tampa Bay Buccaneers,TB,64230
2016,3,Tampa Bay Buccaneers,TB,Tampa Bay Buccaneers,TB,55009
2016,4,Tampa Bay Buccaneers,TB,Tampa Bay Buccaneers,TB,60375
2016,5,Tampa Bay Buccaneers,TB,Tampa Bay Buccaneers,TB,73425
2016,7,Tampa Bay Buccaneers,TB,Tampa Bay Buccaneers,TB,70178
2016,8,Tampa Bay Buccaneers,TB,Tampa Bay Buccaneers,TB,61068
2016,9,Tampa Bay Buccaneers,TB,Tampa Bay Buccaneers,TB,57797
2016,10,Tampa Bay Buccaneers,TB,Tampa Bay Buccaneers,TB,62898
2016,11,Tampa Bay Buccaneers,TB,Tampa Bay Buccaneers,TB,72277
2016,12,Tampa Bay Buccaneers,TB,Tampa Bay Buccaneers,TB,63674
2016,13,Tampa Bay Buccaneers,TB,Tampa Bay Buccaneers,TB,53832
2016,14,Tampa Bay Buccaneers,TB,Tampa Bay Buccaneers,TB,62140
2016,15,Tampa Bay Buccaneers,TB,Tampa Bay Buccaneers,TB,93101
2016,16,Tampa Bay Buccaneers,TB,Tampa Bay Buccaneers,TB,73177
2016,17,Tampa Bay Buccaneers,TB,Tampa Bay Buccaneers,TB,62037
2016,1,Tennessee Titans,TEN,Tennessee Titans,TEN,63816
2016,2,Tennessee Titans,TEN,Tennessee Titans,TEN,58466
2016,3,Tennessee Titans,TEN,Tennessee Titans,TEN,62370
2016,4,Tennessee Titans,TEN,Tennessee Titans,TEN,71815
2016,5,Tennessee Titans,TEN,Tennessee Titans,TEN,64425
2016,6,Tennessee Titans,TEN,Tennessee Titans,TEN,60897
2016,7,Tennessee Titans,TEN,Tennessee Titans,TEN,65470
2016,8,Tennessee Titans,TEN,Tennessee Titans,TEN,61619
2016,9,Tennessee Titans,TEN,Tennessee Titans,TEN,52281
2016,10,Tennessee Titans,TEN,Tennessee Titans,TEN,69116
2016,11,Tennessee Titans,TEN,Tennessee Titans,TEN,65048
2016,12,Tennessee Titans,TEN,Tennessee Titans,TEN,59494
2016,14,Tennessee Titans,TEN,Tennessee Titans,TEN,68780
2016,15,Tennessee Titans,TEN,Tennessee Titans,TEN,68084
2016,16,Tennessee Titans,TEN,Tennessee Titans,TEN,59621
2016,17,Tennessee Titans,TEN,Tennessee Titans,TEN,65205
2016,1,Washington Redskins,WAS,Washington Commanders,WSH,79124
2016,2,Washington Redskins,WAS,Washington Commanders,WSH,80612
2016,3,Washington Redskins,WAS,Washington Commanders,WSH,78368
2016,4,Washington Redskins,WAS,Washington Commanders,WSH,76249
2016,5,Washington Redskins,WAS,Washington Commanders,WSH,71318
2016,6,Washington Redskins,WAS,Washington Commanders,WSH,78934
2016,7,Washington Redskins,WAS,Washington Commanders,WSH,60461
2016,8,Washington Redskins,WAS,Washington Commanders,WSH,84488
2016,10,Washington Redskins,WAS,Washington Commanders,WSH,78216
2016,11,Washington Redskins,WAS,Washington Commanders,WSH,77137
2016,12,Washington Redskins,WAS,Washington Commanders,WSH,93099
2016,13,Washington Redskins,WAS,Washington Commanders,WSH,64939
2016,14,Washington Redskins,WAS,Washington Commanders,WSH,69596
2016,15,Washington Redskins,WAS,Washington Commanders,WSH,76689
2016,16,Washington Redskins,WAS,Washington Commanders,WSH,57953
2016,17,Washington Redskins,WAS,Washington Commanders,WSH,79471
2017,1,Arizona Cardinals,ARI,Arizona Cardinals,ARI,60957
2017,2,Arizona Cardinals,ARI,Arizona Cardinals,ARI,63137
2017,3,Arizona Cardinals,ARI,Arizona Cardinals,ARI,65102
2017,4,Arizona Cardinals,ARI,Arizona Cardinals,ARI,64121
2017,5,Arizona Cardinals,ARI,Arizona Cardinals,ARI,69596
2017,6,Arizona Cardinals,ARI,Arizona Cardinals,ARI,63999
2017,7,Arizona Cardinals,ARI,Arizona Cardinals,ARI,73736
2017,9,Arizona Cardinals,ARI,Arizona Cardinals,ARI,70133
2017,10,Arizona Cardinals,ARI,Arizona Cardinals,ARI,64639
2017,11,Arizona Cardinals,ARI,Arizona Cardinals,ARI,71680
2017,12,Arizona Cardinals,ARI,Arizona Cardinals,ARI,63891
2017,13,Arizona Cardinals,ARI,Arizona Cardinals,ARI,63986
2017,14,Arizona Cardinals,ARI,Arizona Cardinals,ARI,64153
2017,15,Arizona Cardinals,ARI,Arizona Cardinals,ARI,71026
2017,16,Arizona Cardinals,ARI,Arizona Cardinals,ARI,63850
2017,17,Arizona Cardinals,ARI,Arizona Cardinals,ARI,69078
2017,1,Atlanta Falcons,ATL,Atlanta Falcons,ATL,61857
2017,2,Atlanta Falcons,ATL,Atlanta Falcons,ATL,70826
2017,3,Atlanta Falcons,ATL,Atlanta Falcons,ATL,63240
2017,4,Atlanta Falcons,ATL,Atlanta Falcons,ATL,71273
2017,6,Atlanta Falcons,ATL,Atlanta Falcons,ATL,70593
2017,7,Atlanta Falcons,ATL,Atlanta Falcons,ATL,65878
2017,8,Atlanta Falcons,ATL,Atlanta Falcons,ATL,77562
2017,9,Atlanta Falcons,ATL,Atlanta Falcons,ATL,74244
2017,10,Atlanta Falcons,ATL,Atlanta Falcons,ATL,73761
2017,11,Atlanta Falcons,ATL,Atlanta Falcons,ATL,69026
2017,12,Atlanta Falcons,ATL,Atlanta Falcons,ATL,71036
2017,13,Atlanta Falcons,ATL,Atlanta Falcons,ATL,71185
2017,14,Atlanta Falcons,ATL,Atlanta Falcons,ATL,72866
2017,15,Atlanta Falcons,ATL,Atlanta Falcons,ATL,62382
2017,16,Atlanta Falcons,ATL,Atlanta Falcons,ATL,73188
2017,17,Atlanta Falcons,ATL,Atlanta Falcons,ATL,74141
2017,1,Baltimore Ravens,BAL,Baltimore Ravens,BAL,55254
2017,2,Baltimore Ravens,BAL,Baltimore Ravens,BAL,70605
2017,3,Baltimore Ravens,BAL,Baltimore Ravens,BAL,84592
2017,4,Baltimore Ravens,BAL,Baltimore Ravens,BAL,71126
2017,5,Baltimore Ravens,BAL,Baltimore Ravens,BAL,54980
2017,6,Baltimore Ravens,BAL,Baltimore Ravens,BAL,70616
2017,7,Baltimore Ravens,BAL,Baltimore Ravens,BAL,66751
2017,8,Baltimore Ravens,BAL,Baltimore Ravens,BAL,70408
2017,9,Baltimore Ravens,BAL,Baltimore Ravens,BAL,67322
2017,11,Baltimore Ravens,BAL,Baltimore Ravens,BAL,77945
2017,12,Baltimore Ravens,BAL,Baltimore Ravens,BAL,70357
2017,13,Baltimore Ravens,BAL,Baltimore Ravens,BAL,70500
2017,14,Baltimore Ravens,BAL,Baltimore Ravens,BAL,60069
2017,15,Baltimore Ravens,BAL,Baltimore Ravens,BAL,56434
2017,16,Baltimore Ravens,BAL,Baltimore Ravens,BAL,70590
2017,17,Baltimore Ravens,BAL,Baltimore Ravens,BAL,70507
2017,1,Buffalo Bills,BUF,Buffalo Bills,BUF,68751
2017,2,Buffalo Bills,BUF,Buffalo Bills,BUF,74122
2017,3,Buffalo Bills,BUF,Buffalo Bills,BUF,68865
2017,4,Buffalo Bills,BUF,Buffalo Bills,BUF,71273
2017,5,Buffalo Bills,BUF,Buffalo Bills,BUF,52367
2017,7,Buffalo Bills,BUF,Buffalo Bills,BUF,68561
2017,8,Buffalo Bills,BUF,Buffalo Bills,BUF,69599
2017,9,Buffalo Bills,BUF,Buffalo Bills,BUF,77562
2017,10,Buffalo Bills,BUF,Buffalo Bills,BUF,67501
2017,11,Buffalo Bills,BUF,Buffalo Bills,BUF,25015
2017,12,Buffalo Bills,BUF,Buffalo Bills,BUF,74929
2017,13,Buffalo Bills,BUF,Buffalo Bills,BUF,68499
2017,14,Buffalo Bills,BUF,Buffalo Bills,BUF,60222
2017,15,Buffalo Bills,BUF,Buffalo Bills,BUF,62202
2017,16,Buffalo Bills,BUF,Buffalo Bills,BUF,65878
2017,17,Buffalo Bills,BUF,Buffalo Bills,BUF,65571
2017,1,Carolina Panthers,CAR,Carolina Panthers,CAR,70178
2017,2,Carolina Panthers,CAR,Carolina Panthers,CAR,74122
2017,3,Carolina Panthers,CAR,Carolina Panthers,CAR,73775
2017,4,Carolina Panthers,CAR,Carolina Panthers,CAR,65878
2017,5,Carolina Panthers,CAR,Carolina Panthers,CAR,64288
2017,6,Carolina Panthers,CAR,Carolina Panthers,CAR,74373
2017,7,Carolina Panthers,CAR,Carolina Panthers,CAR,61256
2017,8,Carolina Panthers,CAR,Carolina Panthers,CAR,58545
2017,9,Carolina Panthers,CAR,Carolina Panthers,CAR,74244
2017,10,Carolina Panthers,CAR,Carolina Panthers,CAR,72790
2017,12,Carolina Panthers,CAR,Carolina Panthers,CAR,77562
2017,13,Carolina Panthers,CAR,Carolina Panthers,CAR,73171
2017,14,Carolina Panthers,CAR,Carolina Panthers,CAR,73728
2017,15,Carolina Panthers,CAR,Carolina Panthers,CAR,74447
2017,16,Carolina Panthers,CAR,Carolina Panthers,CAR,71463
2017,17,Carolina Panthers,CAR,Carolina Panthers,CAR,74141
2017,1,Chicago Bears,CHI,Chicago Bears,CHI,61857
2017,2,Chicago Bears,CHI,Chicago Bears,CHI,56640
2017,3,Chicago Bears,CHI,Chicago Bears,CHI,61172
2017,4,Chicago Bears,CHI,Chicago Bears,CHI,78362
2017,5,Chicago Bears,CHI,Chicago Bears,CHI,61834
2017,6,Chicago Bears,CHI,Chicago Bears,CHI,70616
2017,7,Chicago Bears,CHI,Chicago Bears,CHI,61256
2017,8,Chicago Bears,CHI,Chicago Bears,CHI,73192
2017,10,Chicago Bears,CHI,Chicago Bears,CHI,61285
2017,11,Chicago Bears,CHI,Chicago Bears,CHI,60635
2017,12,Chicago Bears,CHI,Chicago Bears,CHI,69596
2017,13,Chicago Bears,CHI,Chicago Bears,CHI,61302
2017,14,Chicago Bears,CHI,Chicago Bears,CHI,52002
2017,15,Chicago Bears,CHI,Chicago Bears,CHI,65872
2017,16,Chicago Bears,CHI,Chicago Bears,CHI,58796
2017,17,Chicago Bears,CHI,Chicago Bears,CHI,66802
2017,1,Cincinnati Bengals,CIN,Cincinnati Bengals,CIN,55254
2017,2,Cincinnati Bengals,CIN,Cincinnati Bengals,CIN,52942
2017,3,Cincinnati Bengals,CIN,Cincinnati Bengals,CIN,78323
2017,4,Cincinnati Bengals,CIN,Cincinnati Bengals,CIN,67431
2017,5,Cincinnati Bengals,CIN,Cincinnati Bengals,CIN,52367
2017,7,Cincinnati Bengals,CIN,Cincinnati Bengals,CIN,65363
2017,8,Cincinnati Bengals,CIN,Cincinnati Bengals,CIN,57901
2017,9,Cincinnati Bengals,CIN,Cincinnati Bengals,CIN,60720
2017,10,Cincinnati Bengals,CIN,Cincinnati Bengals,CIN,67432
2017,11,Cincinnati Bengals,CIN,Cincinnati Bengals,CIN,75707
2017,12,Cincinnati Bengals,CIN,Cincinnati Bengals,CIN,51710
2017,13,Cincinnati Bengals,CIN,Cincinnati Bengals,CIN,56029
2017,14,Cincinnati Bengals,CIN,Cincinnati Bengals,CIN,52002
2017,15,Cincinnati Bengals,CIN,Cincinnati Bengals,CIN,66833
2017,16,Cincinnati Bengals,CIN,Cincinnati Bengals,CIN,47732
2017,17,Cincinnati Bengals,CIN,Cincinnati Bengals,CIN,70507
2017,1,Cleveland Browns,CLE,Cleveland Browns,CLE,67431
2017,2,Cleveland Browns,CLE,Cleveland Browns,CLE,70605
2017,3,Cleveland Browns,CLE,Cleveland Browns,CLE,63351
2017,4,Cleveland Browns,CLE,Cleveland Browns,CLE,67431
2017,5,Cleveland Browns,CLE,Cleveland Browns,CLE,62032
2017,6,Cleveland Browns,CLE,Cleveland Browns,CLE,71815
2017,7,Cleveland Browns,CLE,Cleveland Browns,CLE,59061
2017,8,Cleveland Browns,CLE,Cleveland Browns,CLE,74237
2017,10,Cleveland Browns,CLE,Cleveland Browns,CLE,64646
2017,11,Cleveland Browns,CLE,Cleveland Browns,CLE,57003
2017,12,Cleveland Browns,CLE,Cleveland Browns,CLE,51710
2017,13,Cleveland Browns,CLE,Cleveland Browns,CLE,25320
2017,14,Cleveland Browns,CLE,Cleveland Browns,CLE,67431
2017,15,Cleveland Browns,CLE,Cleveland Browns,CLE,56434
2017,16,Cleveland Browns,CLE,Cleveland Browns,CLE,58796
2017,17,Cleveland Browns,CLE,Cleveland Browns,CLE,50704
2017,1,Dallas Cowboys,DAL,Dallas Cowboys,DAL,93183
2017,2,Dallas Cowboys,DAL,Dallas Cowboys,DAL,76919
2017,3,Dallas Cowboys,DAL,Dallas Cowboys,DAL,65102
2017,4,Dallas Cowboys,DAL,Dallas Cowboys,DAL,91869
2017,5,Dallas Cowboys,DAL,Dallas Cowboys,DAL,93329
2017,7,Dallas Cowboys,DAL,Dallas Cowboys,DAL,70133
2017,8,Dallas Cowboys,DAL,Dallas Cowboys,DAL,78428
2017,9,Dallas Cowboys,DAL,Dallas Cowboys,DAL,93273
2017,10,Dallas Cowboys,DAL,Dallas Cowboys,DAL,73761
2017,11,Dallas Cowboys,DAL,Dallas Cowboys,DAL,93247
2017,12,Dallas Cowboys,DAL,Dallas Cowboys,DAL,93012
2017,13,Dallas Cowboys,DAL,Dallas Cowboys,DAL,91712
2017,14,Dallas Cowboys,DAL,Dallas Cowboys,DAL,78125
2017,15,Dallas Cowboys,DAL,Dallas Cowboys,DAL,55372
2017,16,Dallas Cowboys,DAL,Dallas Cowboys,DAL,92150
2017,17,Dallas Cowboys,DAL,Dallas Cowboys,DAL,69596
2017,1,Denver Broncos,DEN,Denver Broncos,DEN,76324
2017,2,Denver Broncos,DEN,Denver Broncos,DEN,76919
2017,3,Denver Broncos,DEN,Denver Broncos,DEN,68865
2017,4,Denver Broncos,DEN,Denver Broncos,DEN,76909
2017,6,Denver Broncos,DEN,Denver Broncos,DEN,76721
2017,7,Denver Broncos,DEN,Denver Broncos,DEN,25388
2017,8,Denver Broncos,DEN,Denver Broncos,DEN,76573
2017,9,Denver Broncos,DEN,Denver Broncos,DEN,69596
2017,10,Denver Broncos,DEN,Denver Broncos,DEN,76820
2017,11,Denver Broncos,DEN,Denver Broncos,DEN,75707
2017,12,Denver Broncos,DEN,Denver Broncos,DEN,53930
2017,13,Denver Broncos,DEN,Denver Broncos,DEN,65092
2017,14,Denver Broncos,DEN,Denver Broncos,DEN,75518
2017,15,Denver Broncos,DEN,Denver Broncos,DEN,63411
2017,16,Denver Broncos,DEN,Denver Broncos,DEN,72889
2017,17,Denver Broncos,DEN,Denver Broncos,DEN,75928
2017,1,Detroit Lions,DET,Detroit Lions,DET,60957
2017,2,Detroit Lions,DET,Detroit Lions,DET,77004
2017,3,Detroit Lions,DET,Detroit Lions,DET,63240
2017,4,Detroit Lions,DET,Detroit Lions,DET,66730
2017,5,Detroit Lions,DET,Detroit Lions,DET,64288
2017,6,Detroit Lions,DET,Detroit Lions,DET,73117
2017,8,Detroit Lions,DET,Detroit Lions,DET,64983
2017,9,Detroit Lions,DET,Detroit Lions,DET,77575
2017,10,Detroit Lions,DET,Detroit Lions,DET,64646
2017,11,Detroit Lions,DET,Detroit Lions,DET,60635
2017,12,Detroit Lions,DET,Detroit Lions,DET,66613
2017,13,Detroit Lions,DET,Detroit Lions,DET,70500
2017,14,Detroit Lions,DET,Detroit Lions,DET,60372
2017,15,Detroit Lions,DET,Detroit Lions,DET,65872
2017,16,Detroit Lions,DET,Detroit Lions,DET,47732
2017,17,Detroit Lions,DET,Detroit Lions,DET,62501
2017,1,Green Bay Packers,GB,Green Bay Packers,GB,78381
2017,2,Green Bay Packers,GB,Green Bay Packers,GB,70826
2017,3,Green Bay Packers,GB,Green Bay Packers,GB,78323
2017,4,Green Bay Packers,GB,Green Bay Packers,GB,78362
2017,5,Green Bay Packers,GB,Green Bay Packers,GB,93329
2017,6,Green Bay Packers,GB,Green Bay Packers,GB,66848
2017,7,Green Bay Packers,GB,Green Bay Packers,GB,78380
2017,9,Green Bay Packers,GB,Green Bay Packers,GB,77575
2017,10,Green Bay Packers,GB,Green Bay Packers,GB,61285
2017,11,Green Bay Packers,GB,Green Bay Packers,GB,77945
2017,12,Green Bay Packers,GB,Green Bay Packers,GB,62147
2017,13,Green Bay Packers,GB,Green Bay Packers,GB,77684
2017,14,Green Bay Packers,GB,Green Bay Packers,GB,67431
2017,15,Green Bay Packers,GB,Green Bay Packers,GB,74447
2017,16,Green Bay Packers,GB,Green Bay Packers,GB,78092
2017,17,Green Bay Packers,GB,Green Bay Packers,GB,62501
2017,1,Houston Texans,HOU,Houston Texans,HOU,71710
2017,2,Houston Texans,HOU,Houston Texans,HOU,52942
2017,3,Houston Texans,HOU,Houston Texans,HOU,65878
2017,4,Houston Texans,HOU,Houston Texans,HOU,71804
2017,5,Houston Texans,HOU,Houston Texans,HOU,71835
2017,6,Houston Texans,HOU,Houston Texans,HOU,71815
2017,8,Houston Texans,HOU,Houston Texans,HOU,69025
2017,9,Houston Texans,HOU,Houston Texans,HOU,71709
2017,10,Houston Texans,HOU,Houston Texans,HOU,60032
2017,11,Houston Texans,HOU,Houston Texans,HOU,71680
2017,12,Houston Texans,HOU,Houston Texans,HOU,70357
2017,13,Houston Texans,HOU,Houston Texans,HOU,62758
2017,14,Houston Texans,HOU,Houston Texans,HOU,71802
2017,15,Houston Texans,HOU,Houston Texans,HOU,64701
2017,16,Houston Texans,HOU,Houston Texans,HOU,71842
2017,17,Houston Texans,HOU,Houston Texans,HOU,60557
2017,1,Indianapolis Colts,IND,Indianapolis Colts,IND,60128
2017,2,Indianapolis Colts,IND,Indianapolis Colts,IND,63137
2017,3,Indianapolis Colts,IND,Indianapolis Colts,IND,63351
2017,4,Indianapolis Colts,IND,Indianapolis Colts,IND,68872
2017,5,Indianapolis Colts,IND,Indianapolis Colts,IND,65612
2017,6,Indianapolis Colts,IND,Indianapolis Colts,IND,63888
2017,7,Indianapolis Colts,IND,Indianapolis Colts,IND,63104
2017,8,Indianapolis Colts,IND,Indianapolis Colts,IND,57901
2017,9,Indianapolis Colts,IND,Indianapolis Colts,IND,71709
2017,10,Indianapolis Colts,IND,Indianapolis Colts,IND,66146
2017,12,Indianapolis Colts,IND,Indianapolis Colts,IND,62207
2017,13,Indianapolis Colts,IND,Indianapolis Colts,IND,61207
2017,14,Indianapolis Colts,IND,Indianapolis Colts,IND,60222
2017,15,Indianapolis Colts,IND,Indianapolis Colts,IND,63411
2017,16,Indianapolis Colts,IND,Indianapolis Colts,IND,70590
2017,17,Indianapolis Colts,IND,Indianapolis Colts,IND,60557
2017,1,Jacksonville Jaguars,JAX,Jacksonville Jaguars,JAX,71710
2017,2,Jacksonville Jaguars,JAX,Jacksonville Jaguars,JAX,61709
2017,3,Jacksonville Jaguars,JAX,Jacksonville Jaguars,JAX,84592
2017,4,Jacksonville Jaguars,JAX,Jacksonville Jaguars,JAX,77562
2017,5,Jacksonville Jaguars,JAX,Jacksonville Jaguars,JAX,66237
2017,6,Jacksonville Jaguars,JAX,Jacksonville Jaguars,JAX,56232
2017,7,Jacksonville Jaguars,JAX,Jacksonville Jaguars,JAX,63104
2017,9,Jacksonville Jaguars,JAX,Jacksonville Jaguars,JAX,60720
2017,10,Jacksonville Jaguars,JAX,Jacksonville Jaguars,JAX,60835
2017,11,Jacksonville Jaguars,JAX,Jacksonville Jaguars,JAX,57003
2017,12,Jacksonville Jaguars,JAX,Jacksonville Jaguars,JAX,63891
2017,13,Jacksonville Jaguars,JAX,Jacksonville Jaguars,JAX,61207
2017,14,Jacksonville Jaguars,JAX,Jacksonville Jaguars,JAX,64431
2017,15,Jacksonville Jaguars,JAX,Jacksonville Jaguars,JAX,64701
2017,16,Jacksonville Jaguars,JAX,Jacksonville Jaguars,JAX,70133
2017,17,Jacksonville Jaguars,JAX,Jacksonville Jaguars,JAX,65501
2017,1,Kansas City Chiefs,KC,Kansas City Chiefs,KC,65878
2017,2,Kansas City Chiefs,KC,Kansas City Chiefs,KC,74971
2017,3,Kansas City Chiefs,KC,Kansas City Chiefs,KC,25386
2017,4,Kansas City Chiefs,KC,Kansas City Chiefs,KC,74587
2017,5,Kansas City Chiefs,KC,Kansas City Chiefs,KC,71835
2017,6,Kansas City Chiefs,KC,Kansas City Chiefs,KC,76994
2017,7,Kansas City Chiefs,KC,Kansas City Chiefs,KC,55090
2017,8,Kansas City Chiefs,KC,Kansas City Chiefs,KC,76573
2017,9,Kansas City Chiefs,KC,Kansas City Chiefs,KC,93273
2017,11,Kansas City Chiefs,KC,Kansas City Chiefs,KC,76363
2017,12,Kansas City Chiefs,KC,Kansas City Chiefs,KC,74929
2017,13,Kansas City Chiefs,KC,Kansas City Chiefs,KC,77562
2017,14,Kansas City Chiefs,KC,Kansas City Chiefs,KC,74461
2017,15,Kansas City Chiefs,KC,Kansas City Chiefs,KC,75011
2017,16,Kansas City Chiefs,KC,Kansas City Chiefs,KC,65325
2017,17,Kansas City Chiefs,KC,Kansas City Chiefs,KC,75928
2017,1,Los Angeles Chargers,LAC,Los Angeles Chargers,LAC,76324
2017,2,Los Angeles Chargers,LAC,Los Angeles Chargers,LAC,25381
2017,3,Los Angeles Chargers,LAC,Los Angeles Chargers,LAC,25386
2017,4,Los Angeles Chargers,LAC,Los Angeles Chargers,LAC,25374
2017,5,Los Angeles Chargers,LAC,Los Angeles Chargers,LAC,77373
2017,6,Los Angeles Chargers,LAC,Los Angeles Chargers,LAC,54685
2017,7,Los Angeles Chargers,LAC,Los Angeles Chargers,LAC,25388
2017,8,Los Angeles Chargers,LAC,Los Angeles Chargers,LAC,65878
2017,10,Los Angeles Chargers,LAC,Los Angeles Chargers,LAC,60835
2017,11,Los Angeles Chargers,LAC,Los Angeles Chargers,LAC,25015
2017,12,Los Angeles Chargers,LAC,Los Angeles Chargers,LAC,93012
2017,13,Los Angeles Chargers,LAC,Los Angeles Chargers,LAC,25320
2017,14,Los Angeles Chargers,LAC,Los Angeles Chargers,LAC,25393
2017,15,Los Angeles Chargers,LAC,Los Angeles Chargers,LAC,75011
2017,16,Los Angeles Chargers,LAC,Los Angeles Chargers,LAC,77562
2017,17,Los Angeles Chargers,LAC,Los Angeles Chargers,LAC,25430
2017,1,Los Angeles Rams,LAR,Los Angeles Rams,LAR,60128
2017,2,Los Angeles Rams,LAR,Los Angeles Rams,LAR,56612
2017,3,Los Angeles Rams,LAR,Los Angeles Rams,LAR,70178
2017,4,Los Angeles Rams,LAR,Los Angeles Rams,LAR,91869
2017,5,Los Angeles Rams,LAR,Los Angeles Rams,LAR,60745
2017,6,Los Angeles Rams,LAR,Los Angeles Rams,LAR,56232
2017,7,Los Angeles Rams,LAR,Los Angeles Rams,LAR,73736
2017,9,Los Angeles Rams,LAR,Los Angeles Rams,LAR,76877
2017,10,Los Angeles Rams,LAR,Los Angeles Rams,LAR,60032
2017,11,Los Angeles Rams,LAR,Los Angeles Rams,LAR,66809
2017,12,Los Angeles Rams,LAR,Los Angeles Rams,LAR,62006
2017,13,Los Angeles Rams,LAR,Los Angeles Rams,LAR,63986
2017,14,Los Angeles Rams,LAR,Los Angeles Rams,LAR,67752
2017,15,Los Angeles Rams,LAR,Los Angeles Rams,LAR,69077
2017,16,Los Angeles Rams,LAR,Los Angeles Rams,LAR,60097
2017,17,Los Angeles Rams,LAR,Los Angeles Rams,LAR,66125
2017,1,Oakland Raiders,LV,Las Vegas Raiders,LV,69089
2017,2,Oakland Raiders,LV,Las Vegas Raiders,LV,54729
2017,3,Oakland Raiders,LV,Las Vegas Raiders,LV,77123
2017,4,Oakland Raiders,LV,Las Vegas Raiders,LV,76909
2017,5,Oakland Raiders,LV,Las Vegas Raiders,LV,54980
2017,6,Oakland Raiders,LV,Las Vegas Raiders,LV,54685
2017,7,Oakland Raiders,LV,Las Vegas Raiders,LV,55090
2017,8,Oakland Raiders,LV,Las Vegas Raiders,LV,69599
2017,9,Oakland Raiders,LV,Las Vegas Raiders,LV,65139
2017,11,Oakland Raiders,LV,Las Vegas Raiders,LV,77357
2017,12,Oakland Raiders,LV,Las Vegas Raiders,LV,53930
2017,13,Oakland Raiders,LV,Las Vegas Raiders,LV,54994
2017,14,Oakland Raiders,LV,Las Vegas Raiders,LV,74461
2017,15,Oakland Raiders,LV,Las Vegas Raiders,LV,55372
2017,16,Oakland Raiders,LV,Las Vegas Raiders,LV,69596
2017,17,Oakland Raiders,LV,Las Vegas Raiders,LV,25430
2017,2,Miami Dolphins,MIA,Miami Dolphins,MIA,25381
2017,3,Miami Dolphins,MIA,Miami Dolphins,MIA,77562
2017,4,Miami Dolphins,MIA,Miami Dolphins,MIA,84423
2017,5,Miami Dolphins,MIA,Miami Dolphins,MIA,65135
2017,6,Miami Dolphins,MIA,Miami Dolphins,MIA,70593
2017,7,Miami Dolphins,MIA,Miami Dolphins,MIA,65025
2017,8,Miami Dolphins,MIA,Miami Dolphins,MIA,70408
2017,9,Miami Dolphins,MIA,Miami Dolphins,MIA,65139
2017,10,Miami Dolphins,MIA,Miami Dolphins,MIA,72790
2017,11,Miami Dolphins,MIA,Miami Dolphins,MIA,65089
2017,12,Miami Dolphins,MIA,Miami Dolphins,MIA,65878
2017,13,Miami Dolphins,MIA,Miami Dolphins,MIA,65092
2017,14,Miami Dolphins,MIA,Miami Dolphins,MIA,65548
2017,15,Miami Dolphins,MIA,Miami Dolphins,MIA,62202
2017,16,Miami Dolphins,MIA,Miami Dolphins,MIA,65325
2017,17,Miami Dolphins,MIA,Miami Dolphins,MIA,65571
2017,1,Minnesota Vikings,MIN,Minnesota Vikings,MIN,66606
2017,2,Minnesota Vikings,MIN,Minnesota Vikings,MIN,65971
2017,3,Minnesota Vikings,MIN,Minnesota Vikings,MIN,66390
2017,4,Minnesota Vikings,MIN,Minnesota Vikings,MIN,66730
2017,5,Minnesota Vikings,MIN,Minnesota Vikings,MIN,61834
2017,6,Minnesota Vikings,MIN,Minnesota Vikings,MIN,66848
2017,7,Minnesota Vikings,MIN,Minnesota Vikings,MIN,66751
2017,8,Minnesota Vikings,MIN,Minnesota Vikings,MIN,74237
2017,10,Minnesota Vikings,MIN,Minnesota Vikings,MIN,74476
2017,11,Minnesota Vikings,MIN,Minnesota Vikings,MIN,66809
2017,12,Minnesota Vikings,MIN,Minnesota Vikings,MIN,66613
2017,13,Minnesota Vikings,MIN,Minnesota Vikings,MIN,71185
2017,14,Minnesota Vikings,MIN,Minnesota Vikings,MIN,73728
2017,15,Minnesota Vikings,MIN,Minnesota Vikings,MIN,66833
2017,16,Minnesota Vikings,MIN,Minnesota Vikings,MIN,78092
2017,17,Minnesota Vikings,MIN,Minnesota Vikings,MIN,66802
2017,1,New England Patriots,NE,New England Patriots,NE,65878
2017,2,New England Patriots,NE,New England Patriots,NE,73168
2017,3,New England Patriots,NE,New England Patriots,NE,65878
2017,4,New England Patriots,NE,New England Patriots,NE,65878
2017,5,New England Patriots,NE,New England Patriots,NE,64476
2017,6,New England Patriots,NE,New England Patriots,NE,77562
2017,7,New England Patriots,NE,New England Patriots,NE,65878
2017,8,New England Patriots,NE,New England Patriots,NE,65878
2017,10,New England Patriots,NE,New England Patriots,NE,76820
2017,11,New England Patriots,NE,New England Patriots,NE,77357
2017,12,New England Patriots,NE,New England Patriots,NE,65878
2017,13,New England Patriots,NE,New England Patriots,NE,68499
2017,14,New England Patriots,NE,New England Patriots,NE,65548
2017,15,New England Patriots,NE,New England Patriots,NE,68574
2017,16,New England Patriots,NE,New England Patriots,NE,65878
2017,17,New England Patriots,NE,New England Patriots,NE,65878
2017,1,New Orleans Saints,NO,New Orleans Saints,NO,66606
2017,2,New Orleans Saints,NO,New Orleans Saints,NO,73168
2017,3,New Orleans Saints,NO,New Orleans Saints,NO,73775
2017,4,New Orleans Saints,NO,New Orleans Saints,NO,84423
2017,6,New Orleans Saints,NO,New Orleans Saints,NO,73117
2017,7,New Orleans Saints,NO,New Orleans Saints,NO,78380
2017,8,New Orleans Saints,NO,New Orleans Saints,NO,73192
2017,9,New Orleans Saints,NO,New Orleans Saints,NO,73121
2017,10,New Orleans Saints,NO,New Orleans Saints,NO,67501
2017,11,New Orleans Saints,NO,New Orleans Saints,NO,73138
2017,12,New Orleans Saints,NO,New Orleans Saints,NO,62006
2017,13,New Orleans Saints,NO,New Orleans Saints,NO,73171
2017,14,New Orleans Saints,NO,New Orleans Saints,NO,72866
2017,15,New Orleans Saints,NO,New Orleans Saints,NO,73018
2017,16,New Orleans Saints,NO,New Orleans Saints,NO,73188
2017,17,New Orleans Saints,NO,New Orleans Saints,NO,55376
2017,1,New York Giants,NYG,New York Giants,NYG,93183
2017,2,New York Giants,NYG,New York Giants,NYG,77004
2017,3,New York Giants,NYG,New York Giants,NYG,69596
2017,4,New York Giants,NYG,New York Giants,NYG,63916
2017,5,New York Giants,NYG,New York Giants,NYG,77373
2017,6,New York Giants,NYG,New York Giants,NYG,76721
2017,7,New York Giants,NYG,New York Giants,NYG,78527
2017,9,New York Giants,NYG,New York Giants,NYG,76877
2017,10,New York Giants,NYG,New York Giants,NYG,70133
2017,11,New York Giants,NYG,New York Giants,NYG,76363
2017,12,New York Giants,NYG,New York Giants,NYG,73210
2017,13,New York Giants,NYG,New York Giants,NYG,54994
2017,14,New York Giants,NYG,New York Giants,NYG,78125
2017,15,New York Giants,NYG,New York Giants,NYG,76896
2017,16,New York Giants,NYG,New York Giants,NYG,63850
2017,17,New York Giants,NYG,New York Giants,NYG,76269
2017,1,New York Jets,NYJ,New York Jets,NYJ,68751
2017,2,New York Jets,NYJ,New York Jets,NYJ,54729
2017,3,New York Jets,NYJ,New York Jets,NYJ,77562
2017,4,New York Jets,NYJ,New York Jets,NYJ,77562
2017,5,New York Jets,NYJ,New York Jets,NYJ,62032
2017,6,New York Jets,NYJ,New York Jets,NYJ,77562
2017,7,New York Jets,NYJ,New York Jets,NYJ,65025
2017,8,New York Jets,NYJ,New York Jets,NYJ,77562
2017,9,New York Jets,NYJ,New York Jets,NYJ,77562
2017,10,New York Jets,NYJ,New York Jets,NYJ,57911
2017,12,New York Jets,NYJ,New York Jets,NYJ,77562
2017,13,New York Jets,NYJ,New York Jets,NYJ,77562
2017,14,New York Jets,NYJ,New York Jets,NYJ,75518
2017,15,New York Jets,NYJ,New York Jets,NYJ,73018
2017,16,New York Jets,NYJ,New York Jets,NYJ,77562
2017,17,New York Jets,NYJ,New York Jets,NYJ,65878
2017,1,Philadelphia Eagles,PHI,Philadelphia Eagles,PHI,78685
2017,2,Philadelphia Eagles,PHI,Philadelphia Eagles,PHI,74971
2017,3,Philadelphia Eagles,PHI,Philadelphia Eagles,PHI,69596
2017,4,Philadelphia Eagles,PHI,Philadelphia Eagles,PHI,25374
2017,5,Philadelphia Eagles,PHI,Philadelphia Eagles,PHI,69596
2017,6,Philadelphia Eagles,PHI,Philadelphia Eagles,PHI,74373
2017,7,Philadelphia Eagles,PHI,Philadelphia Eagles,PHI,69596
2017,8,Philadelphia Eagles,PHI,Philadelphia Eagles,PHI,69596
2017,9,Philadelphia Eagles,PHI,Philadelphia Eagles,PHI,69596
2017,11,Philadelphia Eagles,PHI,Philadelphia Eagles,PHI,93247
2017,12,Philadelphia Eagles,PHI,Philadelphia Eagles,PHI,69596
2017,13,Philadelphia Eagles,PHI,Philadelphia Eagles,PHI,69075
2017,14,Philadelphia Eagles,PHI,Philadelphia Eagles,PHI,67752
2017,15,Philadelphia Eagles,PHI,Philadelphia Eagles,PHI,76896
2017,16,Philadelphia Eagles,PHI,Philadelphia Eagles,PHI,69596
2017,17,Philadelphia Eagles,PHI,Philadelphia Eagles,PHI,69596
2017,1,Pittsburgh Steelers,PIT,Pittsburgh Steelers,PIT,67431
2017,2,Pittsburgh Steelers,PIT,Pittsburgh Steelers,PIT,65971
2017,3,Pittsburgh Steelers,PIT,Pittsburgh Steelers,PIT,61172
2017,4,Pittsburgh Steelers,PIT,Pittsburgh Steelers,PIT,71126
2017,5,Pittsburgh Steelers,PIT,Pittsburgh Steelers,PIT,66237
2017,6,Pittsburgh Steelers,PIT,Pittsburgh Steelers,PIT,76994
2017,7,Pittsburgh Steelers,PIT,Pittsburgh Steelers,PIT,65363
2017,8,Pittsburgh Steelers,PIT,Pittsburgh Steelers,PIT,64983
2017,10,Pittsburgh Steelers,PIT,Pittsburgh Steelers,PIT,66146
2017,11,Pittsburgh Steelers,PIT,Pittsburgh Steelers,PIT,60703
2017,12,Pittsburgh Steelers,PIT,Pittsburgh Steelers,PIT,62147
2017,13,Pittsburgh Steelers,PIT,Pittsburgh Steelers,PIT,56029
2017,14,Pittsburgh Steelers,PIT,Pittsburgh Steelers,PIT,60069
2017,15,Pittsburgh Steelers,PIT,Pittsburgh Steelers,PIT,68574
2017,16,Pittsburgh Steelers,PIT,Pittsburgh Steelers,PIT,71842
2017,17,Pittsburgh Steelers,PIT,Pittsburgh Steelers,PIT,50704
2017,1,Seattle Seahawks,SEA,Seattle Seahawks,SEA,78381
2017,2,Seattle Seahawks,SEA,Seattle Seahawks,SEA,68729
2017,3,Seattle Seahawks,SEA,Seattle Seahawks,SEA,69127
2017,4,Seattle Seahawks,SEA,Seattle Seahawks,SEA,68872
2017,5,Seattle Seahawks,SEA,Seattle Seahawks,SEA,60745
2017,7,Seattle Seahawks,SEA,Seattle Seahawks,SEA,78527
2017,8,Seattle Seahawks,SEA,Seattle Seahawks,SEA,69025
2017,9,Seattle Seahawks,SEA,Seattle Seahawks,SEA,68927
2017,10,Seattle Seahawks,SEA,Seattle Seahawks,SEA,64639
2017,11,Seattle Seahawks,SEA,Seattle Seahawks,SEA,69026
2017,12,Seattle Seahawks,SEA,Seattle Seahawks,SEA,70134
2017,13,Seattle Seahawks,SEA,Seattle Seahawks,SEA,69075
2017,14,Seattle Seahawks,SEA,Seattle Seahawks,SEA,64431
2017,15,Seattle Seahawks,SEA,Seattle Seahawks,SEA,69077
2017,16,Seattle Seahawks,SEA,Seattle Seahawks,SEA,92150
2017,17,Seattle Seahawks,SEA,Seattle Seahawks,SEA,69078
2017,1,San Francisco 49ers,SF,San Francisco 49ers,SF,70178
2017,2,San Francisco 49ers,SF,San Francisco 49ers,SF,68729
2017,3,San Francisco 49ers,SF,San Francisco 49ers,SF,70178
2017,4,San Francisco 49ers,SF,San Francisco 49ers,SF,64121
2017,5,San Francisco 49ers,SF,San Francisco 49ers,SF,65612
2017,6,San Francisco 49ers,SF,San Francisco 49ers,SF,75568
2017,7,San Francisco 49ers,SF,San Francisco 49ers,SF,70133
2017,8,San Francisco 49ers,SF,San Francisco 49ers,SF,69596
2017,9,San Francisco 49ers,SF,San Francisco 49ers,SF,70133
2017,10,San Francisco 49ers,SF,San Francisco 49ers,SF,70133
2017,12,San Francisco 49ers,SF,San Francisco 49ers,SF,70134
2017,13,San Francisco 49ers,SF,San Francisco 49ers,SF,61302
2017,14,San Francisco 49ers,SF,San Francisco 49ers,SF,71802
2017,15,San Francisco 49ers,SF,San Francisco 49ers,SF,70133
2017,16,San Francisco 49ers,SF,San Francisco 49ers,SF,70133
2017,17,San Francisco 49ers,SF,San Francisco 49ers,SF,66125
2017,2,Tampa Bay Buccaneers,TB,Tampa Bay Buccaneers,TB,56640
2017,3,Tampa Bay Buccaneers,TB,Tampa Bay Buccaneers,TB,66390
2017,4,Tampa Bay Buccaneers,TB,Tampa Bay Buccaneers,TB,63916
2017,5,Tampa Bay Buccaneers,TB,Tampa Bay Buccaneers,TB,64476
2017,6,Tampa Bay Buccaneers,TB,Tampa Bay Buccaneers,TB,63999
2017,7,Tampa Bay Buccaneers,TB,Tampa Bay Buccaneers,TB,68561
2017,8,Tampa Bay Buccaneers,TB,Tampa Bay Buccaneers,TB,58545
2017,9,Tampa Bay Buccaneers,TB,Tampa Bay Buccaneers,TB,73121
2017,10,Tampa Bay Buccaneers,TB,Tampa Bay Buccaneers,TB,57911
2017,11,Tampa Bay Buccaneers,TB,Tampa Bay Buccaneers,TB,65089
2017,12,Tampa Bay Buccaneers,TB,Tampa Bay Buccaneers,TB,71036
2017,13,Tampa Bay Buccaneers,TB,Tampa Bay Buccaneers,TB,77684
2017,14,Tampa Bay Buccaneers,TB,Tampa Bay Buccaneers,TB,60372
2017,15,Tampa Bay Buccaneers,TB,Tampa Bay Buccaneers,TB,62382
2017,16,Tampa Bay Buccaneers,TB,Tampa Bay Buccaneers,TB,71463
2017,17,Tampa Bay Buccaneers,TB,Tampa Bay Buccaneers,TB,55376
2017,1,Tennessee Titans,TEN,Tennessee Titans,TEN,69089
2017,2,Tennessee Titans,TEN,Tennessee Titans,TEN,61709
2017,3,Tennessee Titans,TEN,Tennessee Titans,TEN,69127
2017,4,Tennessee Titans,TEN,Tennessee Titans,TEN,71804
2017,5,Tennessee Titans,TEN,Tennessee Titans,TEN,65135
2017,6,Tennessee Titans,TEN,Tennessee Titans,TEN,63888
2017,7,Tennessee Titans,TEN,Tennessee Titans,TEN,59061
2017,9,Tennessee Titans,TEN,Tennessee Titans,TEN,67322
2017,10,Tennessee Titans,TEN,Tennessee Titans,TEN,67432
2017,11,Tennessee Titans,TEN,Tennessee Titans,TEN,60703
2017,12,Tennessee Titans,TEN,Tennessee Titans,TEN,62207
2017,13,Tennessee Titans,TEN,Tennessee Titans,TEN,62758
2017,14,Tennessee Titans,TEN,Tennessee Titans,TEN,64153
2017,15,Tennessee Titans,TEN,Tennessee Titans,TEN,70133
2017,16,Tennessee Titans,TEN,Tennessee Titans,TEN,60097
2017,17,Tennessee Titans,TEN,Tennessee Titans,TEN,65501
2017,1,Washington Redskins,WAS,Washington Commanders,WSH,78685
2017,2,Washington Redskins,WAS,Washington Commanders,WSH,56612
2017,3,Washington Redskins,WAS,Washington Commanders,WSH,77123
2017,4,Washington Redskins,WAS,Washington Commanders,WSH,74587
2017,6,Washington Redskins,WAS,Washington Commanders,WSH,75568
2017,7,Washington Redskins,WAS,Washington Commanders,WSH,69596
2017,8,Washington Redskins,WAS,Washington Commanders,WSH,78428
2017,9,Washington Redskins,WAS,Washington Commanders,WSH,68927
2017,10,Washington Redskins,WAS,Washington Commanders,WSH,74476
2017,11,Washington Redskins,WAS,Washington Commanders,WSH,73138
2017,12,Washington Redskins,WAS,Washington Commanders,WSH,73210
2017,13,Washington Redskins,WAS,Washington Commanders,WSH,91712
2017,14,Washington Redskins,WAS,Washington Commanders,WSH,25393
2017,15,Washington Redskins,WAS,Washington Commanders,WSH,71026
2017,16,Washington Redskins,WAS,Washington Commanders,WSH,72889
2017,17,Washington Redskins,WAS,Washington Commanders,WSH,76269
2018,1,Arizona Cardinals,ARI,Arizona Cardinals,ARI,61613
2018,2,Arizona Cardinals,ARI,Arizona Cardinals,ARI,66515
2018,3,Arizona Cardinals,ARI,Arizona Cardinals,ARI,62163
2018,4,Arizona Cardinals,ARI,Arizona Cardinals,ARI,61845
2018,5,Arizona Cardinals,ARI,Arizona Cardinals,ARI,68337
2018,6,Arizona Cardinals,ARI,Arizona Cardinals,ARI,66801
2018,7,Arizona Cardinals,ARI,Arizona Cardinals,ARI,62359
2018,8,Arizona Cardinals,ARI,Arizona Cardinals,ARI,61923
2018,10,Arizona Cardinals,ARI,Arizona Cardinals,ARI,76712
2018,11,Arizona Cardinals,ARI,Arizona Cardinals,ARI,62435
2018,12,Arizona Cardinals,ARI,Arizona Cardinals,ARI,25343
2018,13,Arizona Cardinals,ARI,Arizona Cardinals,ARI,77234
2018,14,Arizona Cardinals,ARI,Arizona Cardinals,ARI,62014
2018,15,Arizona Cardinals,ARI,Arizona Cardinals,ARI,72084
2018,16,Arizona Cardinals,ARI,Arizona Cardinals,ARI,61759
2018,17,Arizona Cardinals,ARI,Arizona Cardinals,ARI,68990
2018,1,Atlanta Falcons,ATL,Atlanta Falcons,ATL,69696
2018,2,Atlanta Falcons,ATL,Atlanta Falcons,ATL,72528
2018,3,Atlanta Falcons,ATL,Atlanta Falcons,ATL,74457
2018,4,Atlanta Falcons,ATL,Atlanta Falcons,ATL,71985
2018,5,Atlanta Falcons,ATL,Atlanta Falcons,ATL,64781
2018,6,Atlanta Falcons,ATL,Atlanta Falcons,ATL,72665
2018,7,Atlanta Falcons,ATL,Atlanta Falcons,ATL,72756
2018,9,Atlanta Falcons,ATL,Atlanta Falcons,ATL,62386
2018,10,Atlanta Falcons,ATL,Atlanta Falcons,ATL,62144
2018,11,Atlanta Falcons,ATL,Atlanta Falcons,ATL,74447
2018,12,Atlanta Falcons,ATL,Atlanta Falcons,ATL,73017
2018,13,Atlanta Falcons,ATL,Atlanta Falcons,ATL,72262
2018,14,Atlanta Falcons,ATL,Atlanta Falcons,ATL,77329
2018,15,Atlanta Falcons,ATL,Atlanta Falcons,ATL,72084
2018,16,Atlanta Falcons,ATL,Atlanta Falcons,ATL,73722
2018,17,Atlanta Falcons,ATL,Atlanta Falcons,ATL,52884
2018,1,Baltimore Ravens,BAL,Baltimore Ravens,BAL,70591
2018,2,Baltimore Ravens,BAL,Baltimore Ravens,BAL,50018
2018,3,Baltimore Ravens,BAL,Baltimore Ravens,BAL,70156
2018,4,Baltimore Ravens,BAL,Baltimore Ravens,BAL,62030
2018,5,Baltimore Ravens,BAL,Baltimore Ravens,BAL,67431
2018,6,Baltimore Ravens,BAL,Baltimore Ravens,BAL,64441
2018,7,Baltimore Ravens,BAL,Baltimore Ravens,BAL,70639
2018,8,Baltimore Ravens,BAL,Baltimore Ravens,BAL,73843
2018,9,Baltimore Ravens,BAL,Baltimore Ravens,BAL,70997
2018,11,Baltimore Ravens,BAL,Baltimore Ravens,BAL,70077
2018,12,Baltimore Ravens,BAL,Baltimore Ravens,BAL,70035
2018,13,Baltimore Ravens,BAL,Baltimore Ravens,BAL,72262
2018,14,Baltimore Ravens,BAL,Baltimore Ravens,BAL,74336
2018,15,Baltimore Ravens,BAL,Baltimore Ravens,BAL,70031
2018,16,Baltimore Ravens,BAL,Baltimore Ravens,BAL,25571
2018,17,Baltimore Ravens,BAL,Baltimore Ravens,BAL,70925
2018,1,Buffalo Bills,BUF,Buffalo Bills,BUF,70591
2018,2,Buffalo Bills,BUF,Buffalo Bills,BUF,69187
2018,3,Buffalo Bills,BUF,Buffalo Bills,BUF,66800
2018,4,Buffalo Bills,BUF,Buffalo Bills,BUF,78312
2018,5,Buffalo Bills,BUF,Buffalo Bills,BUF,68202
2018,6,Buffalo Bills,BUF,Buffalo Bills,BUF,71638
2018,7,Buffalo Bills,BUF,Buffalo Bills,BUF,56848
2018,8,Buffalo Bills,BUF,Buffalo Bills,BUF,70109
2018,9,Buffalo Bills,BUF,Buffalo Bills,BUF,68749
2018,10,Buffalo Bills,BUF,Buffalo Bills,BUF,77982
2018,12,Buffalo Bills,BUF,Buffalo Bills,BUF,57799
2018,13,Buffalo Bills,BUF,Buffalo Bills,BUF,65155
2018,14,Buffalo Bills,BUF,Buffalo Bills,BUF,59119
2018,15,Buffalo Bills,BUF,Buffalo Bills,BUF,59110
2018,16,Buffalo Bills,BUF,Buffalo Bills,BUF,65878
2018,17,Buffalo Bills,BUF,Buffalo Bills,BUF,67420
2018,1,Carolina Panthers,CAR,Carolina Panthers,CAR,74532
2018,2,Carolina Panthers,CAR,Carolina Panthers,CAR,72528
2018,3,Carolina Panthers,CAR,Carolina Panthers,CAR,72161
2018,5,Carolina Panthers,CAR,Carolina Panthers,CAR,74221
2018,6,Carolina Panthers,CAR,Carolina Panthers,CAR,60482
2018,7,Carolina Panthers,CAR,Carolina Panthers,CAR,69696
2018,8,Carolina Panthers,CAR,Carolina Panthers,CAR,73843
2018,9,Carolina Panthers,CAR,Carolina Panthers,CAR,73513
2018,10,Carolina Panthers,CAR,Carolina Panthers,CAR,62881
2018,11,Carolina Panthers,CAR,Carolina Panthers,CAR,61999
2018,12,Carolina Panthers,CAR,Carolina Panthers,CAR,74002
2018,13,Carolina Panthers,CAR,Carolina Panthers,CAR,52568
2018,14,Carolina Panthers,CAR,Carolina Panthers,CAR,59392
2018,15,Carolina Panthers,CAR,Carolina Panthers,CAR,74188
2018,16,Carolina Panthers,CAR,Carolina Panthers,CAR,73722
2018,17,Carolina Panthers,CAR,Carolina Panthers,CAR,73028
2018,1,Chicago Bears,CHI,Chicago Bears,CHI,78282
2018,2,Chicago Bears,CHI,Chicago Bears,CHI,57960
2018,3,Chicago Bears,CHI,Chicago Bears,CHI,62163
2018,4,Chicago Bears,CHI,Chicago Bears,CHI,61893
2018,6,Chicago Bears,CHI,Chicago Bears,CHI,65791
2018,7,Chicago Bears,CHI,Chicago Bears,CHI,62389
2018,8,Chicago Bears,CHI,Chicago Bears,CHI,61397
2018,9,Chicago Bears,CHI,Chicago Bears,CHI,68749
2018,10,Chicago Bears,CHI,Chicago Bears,CHI,61393
2018,11,Chicago Bears,CHI,Chicago Bears,CHI,61651
2018,12,Chicago Bears,CHI,Chicago Bears,CHI,65684
2018,13,Chicago Bears,CHI,Chicago Bears,CHI,76465
2018,14,Chicago Bears,CHI,Chicago Bears,CHI,61695
2018,15,Chicago Bears,CHI,Chicago Bears,CHI,62372
2018,16,Chicago Bears,CHI,Chicago Bears,CHI,70806
2018,17,Chicago Bears,CHI,Chicago Bears,CHI,66878
2018,1,Cincinnati Bengals,CIN,Cincinnati Bengals,CIN,58699
2018,2,Cincinnati Bengals,CIN,Cincinnati Bengals,CIN,50018
2018,3,Cincinnati Bengals,CIN,Cincinnati Bengals,CIN,72161
2018,4,Cincinnati Bengals,CIN,Cincinnati Bengals,CIN,71985
2018,5,Cincinnati Bengals,CIN,Cincinnati Bengals,CIN,52708
2018,6,Cincinnati Bengals,CIN,Cincinnati Bengals,CIN,60594
2018,7,Cincinnati Bengals,CIN,Cincinnati Bengals,CIN,75676
2018,8,Cincinnati Bengals,CIN,Cincinnati Bengals,CIN,45134
2018,10,Cincinnati Bengals,CIN,Cincinnati Bengals,CIN,52492
2018,11,Cincinnati Bengals,CIN,Cincinnati Bengals,CIN,70077
2018,12,Cincinnati Bengals,CIN,Cincinnati Bengals,CIN,56122
2018,13,Cincinnati Bengals,CIN,Cincinnati Bengals,CIN,44392
2018,14,Cincinnati Bengals,CIN,Cincinnati Bengals,CIN,25358
2018,15,Cincinnati Bengals,CIN,Cincinnati Bengals,CIN,44568
2018,16,Cincinnati Bengals,CIN,Cincinnati Bengals,CIN,67431
2018,17,Cincinnati Bengals,CIN,Cincinnati Bengals,CIN,63874
2018,1,Cleveland Browns,CLE,Cleveland Browns,CLE,67431
2018,2,Cleveland Browns,CLE,Cleveland Browns,CLE,73086
2018,3,Cleveland Browns,CLE,Cleveland Browns,CLE,67431
2018,4,Cleveland Browns,CLE,Cleveland Browns,CLE,53387
2018,5,Cleveland Browns,CLE,Cleveland Browns,CLE,67431
2018,6,Cleveland Browns,CLE,Cleveland Browns,CLE,67431
2018,7,Cleveland Browns,CLE,Cleveland Browns,CLE,53682
2018,8,Cleveland Browns,CLE,Cleveland Browns,CLE,63780
2018,9,Cleveland Browns,CLE,Cleveland Browns,CLE,67431
2018,10,Cleveland Browns,CLE,Cleveland Browns,CLE,62144
2018,12,Cleveland Browns,CLE,Cleveland Browns,CLE,56122
2018,13,Cleveland Browns,CLE,Cleveland Browns,CLE,71741
2018,14,Cleveland Browns,CLE,Cleveland Browns,CLE,59392
2018,15,Cleveland Browns,CLE,Cleveland Browns,CLE,76596
2018,16,Cleveland Browns,CLE,Cleveland Browns,CLE,67431
2018,17,Cleveland Browns,CLE,Cleveland Browns,CLE,70925
2018,1,Dallas Cowboys,DAL,Dallas Cowboys,DAL,74532
2018,2,Dallas Cowboys,DAL,Dallas Cowboys,DAL,90512
2018,3,Dallas Cowboys,DAL,Dallas Cowboys,DAL,69047
2018,4,Dallas Cowboys,DAL,Dallas Cowboys,DAL,90155
2018,5,Dallas Cowboys,DAL,Dallas Cowboys,DAL,72008
2018,6,Dallas Cowboys,DAL,Dallas Cowboys,DAL,90767
2018,7,Dallas Cowboys,DAL,Dallas Cowboys,DAL,66301
2018,9,Dallas Cowboys,DAL,Dallas Cowboys,DAL,90466
2018,10,Dallas Cowboys,DAL,Dallas Cowboys,DAL,69696
2018,11,Dallas Cowboys,DAL,Dallas Cowboys,DAL,74447
2018,12,Dallas Cowboys,DAL,Dallas Cowboys,DAL,92076
2018,13,Dallas Cowboys,DAL,Dallas Cowboys,DAL,93004
2018,14,Dallas Cowboys,DAL,Dallas Cowboys,DAL,93127
2018,15,Dallas Cowboys,DAL,Dallas Cowboys,DAL,66654
2018,16,Dallas Cowboys,DAL,Dallas Cowboys,DAL,92851
2018,17,Dallas Cowboys,DAL,Dallas Cowboys,DAL,77750
2018,1,Denver Broncos,DEN,Denver Broncos,DEN,76761
2018,2,Denver Broncos,DEN,Denver Broncos,DEN,76696
2018,3,Denver Broncos,DEN,Denver Broncos,DEN,70156
2018,4,Denver Broncos,DEN,Denver Broncos,DEN,76656
2018,5,Denver Broncos,DEN,Denver Broncos,DEN,77982
2018,6,Denver Broncos,DEN,Denver Broncos,DEN,76109
2018,7,Denver Broncos,DEN,Denver Broncos,DEN,62359
2018,8,Denver Broncos,DEN,Denver Broncos,DEN,77103
2018,9,Denver Broncos,DEN,Denver Broncos,DEN,76270
2018,11,Denver Broncos,DEN,Denver Broncos,DEN,25462
2018,12,Denver Broncos,DEN,Denver Broncos,DEN,76536
2018,13,Denver Broncos,DEN,Denver Broncos,DEN,44392
2018,14,Denver Broncos,DEN,Denver Broncos,DEN,69449
2018,15,Denver Broncos,DEN,Denver Broncos,DEN,76596
2018,16,Denver Broncos,DEN,Denver Broncos,DEN,53850
2018,17,Denver Broncos,DEN,Denver Broncos,DEN,75947
2018,1,Detroit Lions,DET,Detroit Lions,DET,61352
2018,2,Detroit Lions,DET,Detroit Lions,DET,70164
2018,3,Detroit Lions,DET,Detroit Lions,DET,61769
2018,4,Detroit Lions,DET,Detroit Lions,DET,90155
2018,5,Detroit Lions,DET,Detroit Lions,DET,63405
2018,7,Detroit Lions,DET,Detroit Lions,DET,65265
2018,8,Detroit Lions,DET,Detroit Lions,DET,65237
2018,9,Detroit Lions,DET,Detroit Lions,DET,66825
2018,10,Detroit Lions,DET,Detroit Lions,DET,61393
2018,11,Detroit Lions,DET,Detroit Lions,DET,61999
2018,12,Detroit Lions,DET,Detroit Lions,DET,65684
2018,13,Detroit Lions,DET,Detroit Lions,DET,60974
2018,14,Detroit Lions,DET,Detroit Lions,DET,62014
2018,15,Detroit Lions,DET,Detroit Lions,DET,59110
2018,16,Detroit Lions,DET,Detroit Lions,DET,61641
2018,17,Detroit Lions,DET,Detroit Lions,DET,77341
2018,1,Green Bay Packers,GB,Green Bay Packers,GB,78282
2018,2,Green Bay Packers,GB,Green Bay Packers,GB,78461
2018,3,Green Bay Packers,GB,Green Bay Packers,GB,59827
2018,4,Green Bay Packers,GB,Green Bay Packers,GB,78312
2018,5,Green Bay Packers,GB,Green Bay Packers,GB,63405
2018,6,Green Bay Packers,GB,Green Bay Packers,GB,77642
2018,8,Green Bay Packers,GB,Green Bay Packers,GB,75822
2018,9,Green Bay Packers,GB,Green Bay Packers,GB,65878
2018,10,Green Bay Packers,GB,Green Bay Packers,GB,78076
2018,11,Green Bay Packers,GB,Green Bay Packers,GB,69007
2018,12,Green Bay Packers,GB,Green Bay Packers,GB,66872
2018,13,Green Bay Packers,GB,Green Bay Packers,GB,77234
2018,14,Green Bay Packers,GB,Green Bay Packers,GB,77329
2018,15,Green Bay Packers,GB,Green Bay Packers,GB,62372
2018,16,Green Bay Packers,GB,Green Bay Packers,GB,77982
2018,17,Green Bay Packers,GB,Green Bay Packers,GB,77341
2018,1,Houston Texans,HOU,Houston Texans,HOU,65878
2018,2,Houston Texans,HOU,Houston Texans,HOU,62372
2018,3,Houston Texans,HOU,Houston Texans,HOU,71838
2018,4,Houston Texans,HOU,Houston Texans,HOU,57716
2018,5,Houston Texans,HOU,Houston Texans,HOU,72008
2018,6,Houston Texans,HOU,Houston Texans,HOU,71638
2018,7,Houston Texans,HOU,Houston Texans,HOU,66534
2018,8,Houston Texans,HOU,Houston Texans,HOU,71726
2018,9,Houston Texans,HOU,Houston Texans,HOU,76270
2018,11,Houston Texans,HOU,Houston Texans,HOU,61593
2018,12,Houston Texans,HOU,Houston Texans,HOU,71826
2018,13,Houston Texans,HOU,Houston Texans,HOU,71741
2018,14,Houston Texans,HOU,Houston Texans,HOU,71814
2018,15,Houston Texans,HOU,Houston Texans,HOU,77982
2018,16,Houston Texans,HOU,Houston Texans,HOU,69696
2018,17,Houston Texans,HOU,Houston Texans,HOU,71848
2018,1,Indianapolis Colts,IND,Indianapolis Colts,IND,58699
2018,2,Indianapolis Colts,IND,Indianapolis Colts,IND,57013
2018,3,Indianapolis Colts,IND,Indianapolis Colts,IND,69696
2018,4,Indianapolis Colts,IND,Indianapolis Colts,IND,57716
2018,5,Indianapolis Colts,IND,Indianapolis Colts,IND,65878
2018,6,Indianapolis Colts,IND,Indianapolis Colts,IND,77982
2018,7,Indianapolis Colts,IND,Indianapolis Colts,IND,56848
2018,8,Indianapolis Colts,IND,Indianapolis Colts,IND,54372
2018,10,Indianapolis Colts,IND,Indianapolis Colts,IND,57473
2018,11,Indianapolis Colts,IND,Indianapolis Colts,IND,57401
2018,12,Indianapolis Colts,IND,Indianapolis Colts,IND,57069
2018,13,Indianapolis Colts,IND,Indianapolis Colts,IND,67030
2018,14,Indianapolis Colts,IND,Indianapolis Colts,IND,71814
2018,15,Indianapolis Colts,IND,Indianapolis Colts,IND,66654
2018,16,Indianapolis Colts,IND,Indianapolis Colts,IND,61738
2018,17,Indianapolis Colts,IND,Indianapolis Colts,IND,68978
2018,1,Jacksonville Jaguars,JAX,Jacksonville Jaguars,JAX,77992
2018,2,Jacksonville Jaguars,JAX,Jacksonville Jaguars,JAX,68527
2018,3,Jacksonville Jaguars,JAX,Jacksonville Jaguars,JAX,64015
2018,4,Jacksonville Jaguars,JAX,Jacksonville Jaguars,JAX,65353
2018,5,Jacksonville Jaguars,JAX,Jacksonville Jaguars,JAX,75289
2018,6,Jacksonville Jaguars,JAX,Jacksonville Jaguars,JAX,90767
2018,7,Jacksonville Jaguars,JAX,Jacksonville Jaguars,JAX,66534
2018,8,Jacksonville Jaguars,JAX,Jacksonville Jaguars,JAX,85870
2018,10,Jacksonville Jaguars,JAX,Jacksonville Jaguars,JAX,57473
2018,11,Jacksonville Jaguars,JAX,Jacksonville Jaguars,JAX,67683
2018,12,Jacksonville Jaguars,JAX,Jacksonville Jaguars,JAX,57799
2018,13,Jacksonville Jaguars,JAX,Jacksonville Jaguars,JAX,67030
2018,14,Jacksonville Jaguars,JAX,Jacksonville Jaguars,JAX,60344
2018,15,Jacksonville Jaguars,JAX,Jacksonville Jaguars,JAX,67577
2018,16,Jacksonville Jaguars,JAX,Jacksonville Jaguars,JAX,65798
2018,17,Jacksonville Jaguars,JAX,Jacksonville Jaguars,JAX,71848
2018,1,Kansas City Chiefs,KC,Kansas City Chiefs,KC,25351
2018,2,Kansas City Chiefs,KC,Kansas City Chiefs,KC,63956
2018,3,Kansas City Chiefs,KC,Kansas City Chiefs,KC,76023
2018,4,Kansas City Chiefs,KC,Kansas City Chiefs,KC,76656
2018,5,Kansas City Chiefs,KC,Kansas City Chiefs,KC,75289
2018,6,Kansas City Chiefs,KC,Kansas City Chiefs,KC,65878
2018,7,Kansas City Chiefs,KC,Kansas City Chiefs,KC,75676
2018,8,Kansas City Chiefs,KC,Kansas City Chiefs,KC,77103
2018,9,Kansas City Chiefs,KC,Kansas City Chiefs,KC,67431
2018,10,Kansas City Chiefs,KC,Kansas City Chiefs,KC,76712
2018,11,Kansas City Chiefs,KC,Kansas City Chiefs,KC,77002
2018,13,Kansas City Chiefs,KC,Kansas City Chiefs,KC,54255
2018,14,Kansas City Chiefs,KC,Kansas City Chiefs,KC,74336
2018,15,Kansas City Chiefs,KC,Kansas City Chiefs,KC,75091
2018,16,Kansas City Chiefs,KC,Kansas City Chiefs,KC,69067
2018,17,Kansas City Chiefs,KC,Kansas City Chiefs,KC,77550
2018,1,Los Angeles Chargers,LAC,Los Angeles Chargers,LAC,25351
2018,2,Los Angeles Chargers,LAC,Los Angeles Chargers,LAC,69187
2018,3,Los Angeles Chargers,LAC,Los Angeles Chargers,LAC,68947
2018,4,Los Angeles Chargers,LAC,Los Angeles Chargers,LAC,25397
2018,5,Los Angeles Chargers,LAC,Los Angeles Chargers,LAC,25362
2018,6,Los Angeles Chargers,LAC,Los Angeles Chargers,LAC,67431
2018,7,Los Angeles Chargers,LAC,Los Angeles Chargers,LAC,84301
2018,9,Los Angeles Chargers,LAC,Los Angeles Chargers,LAC,68989
2018,10,Los Angeles Chargers,LAC,Los Angeles Chargers,LAC,54750
2018,11,Los Angeles Chargers,LAC,Los Angeles Chargers,LAC,25462
2018,12,Los Angeles Chargers,LAC,Los Angeles Chargers,LAC,25343
2018,13,Los Angeles Chargers,LAC,Los Angeles Chargers,LAC,61069
2018,14,Los Angeles Chargers,LAC,Los Angeles Chargers,LAC,25358
2018,15,Los Angeles Chargers,LAC,Los Angeles Chargers,LAC,75091
2018,16,Los Angeles Chargers,LAC,Los Angeles Chargers,LAC,25571
2018,17,Los Angeles Chargers,LAC,Los Angeles Chargers,LAC,75947
2018,1,Los Angeles Rams,LAR,Los Angeles Rams,LAR,53857
2018,2,Los Angeles Rams,LAR,Los Angeles Rams,LAR,66515
2018,3,Los Angeles Rams,LAR,Los Angeles Rams,LAR,68947
2018,4,Los Angeles Rams,LAR,Los Angeles Rams,LAR,72027
2018,5,Los Angeles Rams,LAR,Los Angeles Rams,LAR,68893
2018,6,Los Angeles Rams,LAR,Los Angeles Rams,LAR,76109
2018,7,Los Angeles Rams,LAR,Los Angeles Rams,LAR,66597
2018,8,Los Angeles Rams,LAR,Los Angeles Rams,LAR,75822
2018,9,Los Angeles Rams,LAR,Los Angeles Rams,LAR,73086
2018,10,Los Angeles Rams,LAR,Los Angeles Rams,LAR,72755
2018,11,Los Angeles Rams,LAR,Los Angeles Rams,LAR,77002
2018,13,Los Angeles Rams,LAR,Los Angeles Rams,LAR,60974
2018,14,Los Angeles Rams,LAR,Los Angeles Rams,LAR,61695
2018,15,Los Angeles Rams,LAR,Los Angeles Rams,LAR,74210
2018,16,Los Angeles Rams,LAR,Los Angeles Rams,LAR,61759
2018,17,Los Angeles Rams,LAR,Los Angeles Rams,LAR,72161
2018,1,Oakland Raiders,LV,Las Vegas Raiders,LV,53857
2018,2,Oakland Raiders,LV,Las Vegas Raiders,LV,76696
2018,3,Oakland Raiders,LV,Las Vegas Raiders,LV,65667
2018,4,Oakland Raiders,LV,Las Vegas Raiders,LV,53387
2018,5,Oakland Raiders,LV,Las Vegas Raiders,LV,25362
2018,6,Oakland Raiders,LV,Las Vegas Raiders,LV,84922
2018,8,Oakland Raiders,LV,Las Vegas Raiders,LV,54372
2018,9,Oakland Raiders,LV,Las Vegas Raiders,LV,69592
2018,10,Oakland Raiders,LV,Las Vegas Raiders,LV,54750
2018,11,Oakland Raiders,LV,Las Vegas Raiders,LV,62435
2018,12,Oakland Raiders,LV,Las Vegas Raiders,LV,70035
2018,13,Oakland Raiders,LV,Las Vegas Raiders,LV,54255
2018,14,Oakland Raiders,LV,Las Vegas Raiders,LV,53960
2018,15,Oakland Raiders,LV,Las Vegas Raiders,LV,44568
2018,16,Oakland Raiders,LV,Las Vegas Raiders,LV,53850
2018,17,Oakland Raiders,LV,Las Vegas Raiders,LV,77550
2018,1,Miami Dolphins,MIA,Miami Dolphins,MIA,65184
2018,2,Miami Dolphins,MIA,Miami Dolphins,MIA,77982
2018,3,Miami Dolphins,MIA,Miami Dolphins,MIA,65667
2018,4,Miami Dolphins,MIA,Miami Dolphins,MIA,65878
2018,5,Miami Dolphins,MIA,Miami Dolphins,MIA,52708
2018,6,Miami Dolphins,MIA,Miami Dolphins,MIA,65791
2018,7,Miami Dolphins,MIA,Miami Dolphins,MIA,65265
2018,8,Miami Dolphins,MIA,Miami Dolphins,MIA,71726
2018,9,Miami Dolphins,MIA,Miami Dolphins,MIA,65533
2018,10,Miami Dolphins,MIA,Miami Dolphins,MIA,78076
2018,12,Miami Dolphins,MIA,Miami Dolphins,MIA,57069
2018,13,Miami Dolphins,MIA,Miami Dolphins,MIA,65155
2018,14,Miami Dolphins,MIA,Miami Dolphins,MIA,66087
2018,15,Miami Dolphins,MIA,Miami Dolphins,MIA,66841
2018,16,Miami Dolphins,MIA,Miami Dolphins,MIA,65798
2018,17,Miami Dolphins,MIA,Miami Dolphins,MIA,67420
2018,1,Minnesota Vikings,MIN,Minnesota Vikings,MIN,66673
2018,2,Minnesota Vikings,MIN,Minnesota Vikings,MIN,78461
2018,3,Minnesota Vikings,MIN,Minnesota Vikings,MIN,66800
2018,4,Minnesota Vikings,MIN,Minnesota Vikings,MIN,72027
2018,5,Minnesota Vikings,MIN,Minnesota Vikings,MIN,69696
2018,6,Minnesota Vikings,MIN,Minnesota Vikings,MIN,66801
2018,7,Minnesota Vikings,MIN,Minnesota Vikings,MIN,77982
2018,8,Minnesota Vikings,MIN,Minnesota Vikings,MIN,66801
2018,9,Minnesota Vikings,MIN,Minnesota Vikings,MIN,66825
2018,11,Minnesota Vikings,MIN,Minnesota Vikings,MIN,61651
2018,12,Minnesota Vikings,MIN,Minnesota Vikings,MIN,66872
2018,13,Minnesota Vikings,MIN,Minnesota Vikings,MIN,65878
2018,14,Minnesota Vikings,MIN,Minnesota Vikings,MIN,69007
2018,15,Minnesota Vikings,MIN,Minnesota Vikings,MIN,66841
2018,16,Minnesota Vikings,MIN,Minnesota Vikings,MIN,61641
2018,17,Minnesota Vikings,MIN,Minnesota Vikings,MIN,66878
2018,1,New England Patriots,NE,New England Patriots,NE,65878
2018,2,New England Patriots,NE,New England Patriots,NE,68527
2018,3,New England Patriots,NE,New England Patriots,NE,61769
2018,4,New England Patriots,NE,New England Patriots,NE,65878
2018,5,New England Patriots,NE,New England Patriots,NE,65878
2018,6,New England Patriots,NE,New England Patriots,NE,65878
2018,7,New England Patriots,NE,New England Patriots,NE,62389
2018,8,New England Patriots,NE,New England Patriots,NE,70109
2018,9,New England Patriots,NE,New England Patriots,NE,65878
2018,10,New England Patriots,NE,New England Patriots,NE,69363
2018,12,New England Patriots,NE,New England Patriots,NE,77982
2018,13,New England Patriots,NE,New England Patriots,NE,65878
2018,14,New England Patriots,NE,New England Patriots,NE,66087
2018,15,New England Patriots,NE,New England Patriots,NE,65280
2018,16,New England Patriots,NE,New England Patriots,NE,65878
2018,17,New England Patriots,NE,New England Patriots,NE,65878
2018,1,New Orleans Saints,NO,New Orleans Saints,NO,73038
2018,2,New Orleans Saints,NO,New Orleans Saints,NO,73086
2018,3,New Orleans Saints,NO,New Orleans Saints,NO,74457
2018,4,New Orleans Saints,NO,New Orleans Saints,NO,78213
2018,5,New Orleans Saints,NO,New Orleans Saints,NO,73028
2018,7,New Orleans Saints,NO,New Orleans Saints,NO,70639
2018,8,New Orleans Saints,NO,New Orleans Saints,NO,66801
2018,9,New Orleans Saints,NO,New Orleans Saints,NO,73086
2018,10,New Orleans Saints,NO,New Orleans Saints,NO,52492
2018,11,New Orleans Saints,NO,New Orleans Saints,NO,73042
2018,12,New Orleans Saints,NO,New Orleans Saints,NO,73017
2018,13,New Orleans Saints,NO,New Orleans Saints,NO,93004
2018,14,New Orleans Saints,NO,New Orleans Saints,NO,53495
2018,15,New Orleans Saints,NO,New Orleans Saints,NO,74188
2018,16,New Orleans Saints,NO,New Orleans Saints,NO,73086
2018,17,New Orleans Saints,NO,New Orleans Saints,NO,73028
2018,1,New York Giants,NYG,New York Giants,NYG,77992
2018,2,New York Giants,NYG,New York Giants,NYG,90512
2018,3,New York Giants,NYG,New York Giants,NYG,71838
2018,4,New York Giants,NYG,New York Giants,NYG,78213
2018,5,New York Giants,NYG,New York Giants,NYG,74221
2018,6,New York Giants,NYG,New York Giants,NYG,77167
2018,7,New York Giants,NYG,New York Giants,NYG,72756
2018,8,New York Giants,NYG,New York Giants,NYG,77537
2018,10,New York Giants,NYG,New York Giants,NYG,69409
2018,11,New York Giants,NYG,New York Giants,NYG,75863
2018,12,New York Giants,NYG,New York Giants,NYG,69696
2018,13,New York Giants,NYG,New York Giants,NYG,76465
2018,14,New York Giants,NYG,New York Giants,NYG,57437
2018,15,New York Giants,NYG,New York Giants,NYG,74538
2018,16,New York Giants,NYG,New York Giants,NYG,61738
2018,17,New York Giants,NYG,New York Giants,NYG,77750
2018,1,New York Jets,NYJ,New York Jets,NYJ,61352
2018,2,New York Jets,NYJ,New York Jets,NYJ,77982
2018,3,New York Jets,NYJ,New York Jets,NYJ,67431
2018,4,New York Jets,NYJ,New York Jets,NYJ,65353
2018,5,New York Jets,NYJ,New York Jets,NYJ,77982
2018,6,New York Jets,NYJ,New York Jets,NYJ,77982
2018,7,New York Jets,NYJ,New York Jets,NYJ,77982
2018,8,New York Jets,NYJ,New York Jets,NYJ,61397
2018,9,New York Jets,NYJ,New York Jets,NYJ,65533
2018,10,New York Jets,NYJ,New York Jets,NYJ,77982
2018,12,New York Jets,NYJ,New York Jets,NYJ,77982
2018,13,New York Jets,NYJ,New York Jets,NYJ,60904
2018,14,New York Jets,NYJ,New York Jets,NYJ,59119
2018,15,New York Jets,NYJ,New York Jets,NYJ,77982
2018,16,New York Jets,NYJ,New York Jets,NYJ,77982
2018,17,New York Jets,NYJ,New York Jets,NYJ,65878
2018,1,Philadelphia Eagles,PHI,Philadelphia Eagles,PHI,69696
2018,2,Philadelphia Eagles,PHI,Philadelphia Eagles,PHI,56552
2018,3,Philadelphia Eagles,PHI,Philadelphia Eagles,PHI,69696
2018,4,Philadelphia Eagles,PHI,Philadelphia Eagles,PHI,69013
2018,5,Philadelphia Eagles,PHI,Philadelphia Eagles,PHI,69696
2018,6,Philadelphia Eagles,PHI,Philadelphia Eagles,PHI,77167
2018,7,Philadelphia Eagles,PHI,Philadelphia Eagles,PHI,69696
2018,8,Philadelphia Eagles,PHI,Philadelphia Eagles,PHI,85870
2018,10,Philadelphia Eagles,PHI,Philadelphia Eagles,PHI,69696
2018,11,Philadelphia Eagles,PHI,Philadelphia Eagles,PHI,73042
2018,12,Philadelphia Eagles,PHI,Philadelphia Eagles,PHI,69696
2018,13,Philadelphia Eagles,PHI,Philadelphia Eagles,PHI,69696
2018,14,Philadelphia Eagles,PHI,Philadelphia Eagles,PHI,93127
2018,15,Philadelphia Eagles,PHI,Philadelphia Eagles,PHI,74210
2018,16,Philadelphia Eagles,PHI,Philadelphia Eagles,PHI,69696
2018,17,Philadelphia Eagles,PHI,Philadelphia Eagles,PHI,63188
2018,1,Pittsburgh Steelers,PIT,Pittsburgh Steelers,PIT,67431
2018,2,Pittsburgh Steelers,PIT,Pittsburgh Steelers,PIT,63956
2018,3,Pittsburgh Steelers,PIT,Pittsburgh Steelers,PIT,62571
2018,4,Pittsburgh Steelers,PIT,Pittsburgh Steelers,PIT,62030
2018,5,Pittsburgh Steelers,PIT,Pittsburgh Steelers,PIT,64781
2018,6,Pittsburgh Steelers,PIT,Pittsburgh Steelers,PIT,60594
2018,8,Pittsburgh Steelers,PIT,Pittsburgh Steelers,PIT,63780
2018,9,Pittsburgh Steelers,PIT,Pittsburgh Steelers,PIT,70997
2018,10,Pittsburgh Steelers,PIT,Pittsburgh Steelers,PIT,62881
2018,11,Pittsburgh Steelers,PIT,Pittsburgh Steelers,PIT,67683
2018,12,Pittsburgh Steelers,PIT,Pittsburgh Steelers,PIT,76536
2018,13,Pittsburgh Steelers,PIT,Pittsburgh Steelers,PIT,61069
2018,14,Pittsburgh Steelers,PIT,Pittsburgh Steelers,PIT,53960
2018,15,Pittsburgh Steelers,PIT,Pittsburgh Steelers,PIT,65280
2018,16,Pittsburgh Steelers,PIT,Pittsburgh Steelers,PIT,73086
2018,17,Pittsburgh Steelers,PIT,Pittsburgh Steelers,PIT,63874
2018,1,Seattle Seahawks,SEA,Seattle Seahawks,SEA,76761
2018,2,Seattle Seahawks,SEA,Seattle Seahawks,SEA,57960
2018,3,Seattle Seahawks,SEA,Seattle Seahawks,SEA,69047
2018,4,Seattle Seahawks,SEA,Seattle Seahawks,SEA,61845
2018,5,Seattle Seahawks,SEA,Seattle Seahawks,SEA,68893
2018,6,Seattle Seahawks,SEA,Seattle Seahawks,SEA,84922
2018,8,Seattle Seahawks,SEA,Seattle Seahawks,SEA,65237
2018,9,Seattle Seahawks,SEA,Seattle Seahawks,SEA,68989
2018,10,Seattle Seahawks,SEA,Seattle Seahawks,SEA,72755
2018,11,Seattle Seahawks,SEA,Seattle Seahawks,SEA,69007
2018,12,Seattle Seahawks,SEA,Seattle Seahawks,SEA,74002
2018,13,Seattle Seahawks,SEA,Seattle Seahawks,SEA,69009
2018,14,Seattle Seahawks,SEA,Seattle Seahawks,SEA,69007
2018,15,Seattle Seahawks,SEA,Seattle Seahawks,SEA,68836
2018,16,Seattle Seahawks,SEA,Seattle Seahawks,SEA,69067
2018,17,Seattle Seahawks,SEA,Seattle Seahawks,SEA,68990
2018,1,San Francisco 49ers,SF,San Francisco 49ers,SF,66673
2018,2,San Francisco 49ers,SF,San Francisco 49ers,SF,70164
2018,3,San Francisco 49ers,SF,San Francisco 49ers,SF,76023
2018,4,San Francisco 49ers,SF,San Francisco 49ers,SF,25397
2018,5,San Francisco 49ers,SF,San Francisco 49ers,SF,68337
2018,6,San Francisco 49ers,SF,San Francisco 49ers,SF,77642
2018,7,San Francisco 49ers,SF,San Francisco 49ers,SF,66597
2018,8,San Francisco 49ers,SF,San Francisco 49ers,SF,61923
2018,9,San Francisco 49ers,SF,San Francisco 49ers,SF,69592
2018,10,San Francisco 49ers,SF,San Francisco 49ers,SF,69409
2018,12,San Francisco 49ers,SF,San Francisco 49ers,SF,50436
2018,13,San Francisco 49ers,SF,San Francisco 49ers,SF,69009
2018,14,San Francisco 49ers,SF,San Francisco 49ers,SF,69449
2018,15,San Francisco 49ers,SF,San Francisco 49ers,SF,68836
2018,16,San Francisco 49ers,SF,San Francisco 49ers,SF,70806
2018,17,San Francisco 49ers,SF,San Francisco 49ers,SF,72161
2018,1,Tampa Bay Buccaneers,TB,Tampa Bay Buccaneers,TB,73038
2018,2,Tampa Bay Buccaneers,TB,Tampa Bay Buccaneers,TB,56552
2018,3,Tampa Bay Buccaneers,TB,Tampa Bay Buccaneers,TB,62571
2018,4,Tampa Bay Buccaneers,TB,Tampa Bay Buccaneers,TB,61893
2018,6,Tampa Bay Buccaneers,TB,Tampa Bay Buccaneers,TB,72665
2018,7,Tampa Bay Buccaneers,TB,Tampa Bay Buccaneers,TB,53682
2018,8,Tampa Bay Buccaneers,TB,Tampa Bay Buccaneers,TB,45134
2018,9,Tampa Bay Buccaneers,TB,Tampa Bay Buccaneers,TB,73513
2018,10,Tampa Bay Buccaneers,TB,Tampa Bay Buccaneers,TB,52667
2018,11,Tampa Bay Buccaneers,TB,Tampa Bay Buccaneers,TB,75863
2018,12,Tampa Bay Buccaneers,TB,Tampa Bay Buccaneers,TB,50436
2018,13,Tampa Bay Buccaneers,TB,Tampa Bay Buccaneers,TB,52568
2018,14,Tampa Bay Buccaneers,TB,Tampa Bay Buccaneers,TB,53495
2018,15,Tampa Bay Buccaneers,TB,Tampa Bay Buccaneers,TB,70031
2018,16,Tampa Bay Buccaneers,TB,Tampa Bay Buccaneers,TB,92851
2018,17,Tampa Bay Buccaneers,TB,Tampa Bay Buccaneers,TB,52884
2018,1,Tennessee Titans,TEN,Tennessee Titans,TEN,65184
2018,2,Tennessee Titans,TEN,Tennessee Titans,TEN,62372
2018,3,Tennessee Titans,TEN,Tennessee Titans,TEN,64015
2018,4,Tennessee Titans,TEN,Tennessee Titans,TEN,69013
2018,5,Tennessee Titans,TEN,Tennessee Titans,TEN,68202
2018,6,Tennessee Titans,TEN,Tennessee Titans,TEN,64441
2018,7,Tennessee Titans,TEN,Tennessee Titans,TEN,84301
2018,9,Tennessee Titans,TEN,Tennessee Titans,TEN,90466
2018,10,Tennessee Titans,TEN,Tennessee Titans,TEN,69363
2018,11,Tennessee Titans,TEN,Tennessee Titans,TEN,57401
2018,12,Tennessee Titans,TEN,Tennessee Titans,TEN,71826
2018,13,Tennessee Titans,TEN,Tennessee Titans,TEN,60904
2018,14,Tennessee Titans,TEN,Tennessee Titans,TEN,60344
2018,15,Tennessee Titans,TEN,Tennessee Titans,TEN,74538
2018,16,Tennessee Titans,TEN,Tennessee Titans,TEN,60746
2018,17,Tennessee Titans,TEN,Tennessee Titans,TEN,68978
2018,1,Washington Redskins,WAS,Washington Commanders,WSH,61613
2018,2,Washington Redskins,WAS,Washington Commanders,WSH,57013
2018,3,Washington Redskins,WAS,Washington Commanders,WSH,59827
2018,5,Washington Redskins,WAS,Washington Commanders,WSH,73028
2018,6,Washington Redskins,WAS,Washington Commanders,WSH,60482
2018,7,Washington Redskins,WAS,Washington Commanders,WSH,66301
2018,8,Washington Redskins,WAS,Washington Commanders,WSH,77537
2018,9,Washington Redskins,WAS,Washington Commanders,WSH,62386
2018,10,Washington Redskins,WAS,Washington Commanders,WSH,52667
2018,11,Washington Redskins,WAS,Washington Commanders,WSH,61593
2018,12,Washington Redskins,WAS,Washington Commanders,WSH,92076
2018,13,Washington Redskins,WAS,Washington Commanders,WSH,69696
2018,14,Washington Redskins,WAS,Washington Commanders,WSH,57437
2018,15,Washington Redskins,WAS,Washington Commanders,WSH,67577
2018,16,Washington Redskins,WAS,Washington Commanders,WSH,60746
2018,17,Washington Redskins,WAS,Washington Commanders,WSH,63188
2019,1,Arizona Cardinals,ARI,Arizona Cardinals,ARI,60687
2019,2,Arizona Cardinals,ARI,Arizona Cardinals,ARI,70126
2019,3,Arizona Cardinals,ARI,Arizona Cardinals,ARI,60104
2019,4,Arizona Cardinals,ARI,Arizona Cardinals,ARI,60500
2019,5,Arizona Cardinals,ARI,Arizona Cardinals,ARI,46012
2019,6,Arizona Cardinals,ARI,Arizona Cardinals,ARI,60140
2019,7,Arizona Cardinals,ARI,Arizona Cardinals,ARI,73577
2019,8,Arizona Cardinals,ARI,Arizona Cardinals,ARI,73064
2019,9,Arizona Cardinals,ARI,Arizona Cardinals,ARI,60986
2019,10,Arizona Cardinals,ARI,Arizona Cardinals,ARI,40038
2019,11,Arizona Cardinals,ARI,Arizona Cardinals,ARI,69419
2019,13,Arizona Cardinals,ARI,Arizona Cardinals,ARI,60944
2019,14,Arizona Cardinals,ARI,Arizona Cardinals,ARI,63880
2019,15,Arizona Cardinals,ARI,Arizona Cardinals,ARI,63345
2019,16,Arizona Cardinals,ARI,Arizona Cardinals,ARI,69022
2019,17,Arizona Cardinals,ARI,Arizona Cardinals,ARI,68665
2019,1,Atlanta Falcons,ATL,Atlanta Falcons,ATL,66714
2019,2,Atlanta Falcons,ATL,Atlanta Falcons,ATL,72443
2019,3,Atlanta Falcons,ATL,Atlanta Falcons,ATL,60295
2019,4,Atlanta Falcons,ATL,Atlanta Falcons,ATL,72108
2019,5,Atlanta Falcons,ATL,Atlanta Falcons,ATL,71787
2019,6,Atlanta Falcons,ATL,Atlanta Falcons,ATL,60140
2019,7,Atlanta Falcons,ATL,Atlanta Falcons,ATL,71856
2019,8,Atlanta Falcons,ATL,Atlanta Falcons,ATL,71483
2019,10,Atlanta Falcons,ATL,Atlanta Falcons,ATL,73283
2019,11,Atlanta Falcons,ATL,Atlanta Falcons,ATL,73106
2019,12,Atlanta Falcons,ATL,Atlanta Falcons,ATL,71463
2019,13,Atlanta Falcons,ATL,Atlanta Falcons,ATL,71993
2019,14,Atlanta Falcons,ATL,Atlanta Falcons,ATL,70592
2019,15,Atlanta Falcons,ATL,Atlanta Falcons,ATL,70910
2019,16,Atlanta Falcons,ATL,Atlanta Falcons,ATL,70873
2019,17,Atlanta Falcons,ATL,Atlanta Falcons,ATL,50417
2019,1,Baltimore Ravens,BAL,Baltimore Ravens,BAL,65012
2019,2,Baltimore Ravens,BAL,Baltimore Ravens,BAL,70126
2019,3,Baltimore Ravens,BAL,Baltimore Ravens,BAL,73390
2019,4,Baltimore Ravens,BAL,Baltimore Ravens,BAL,70686
2019,5,Baltimore Ravens,BAL,Baltimore Ravens,BAL,64037
2019,6,Baltimore Ravens,BAL,Baltimore Ravens,BAL,70051
2019,7,Baltimore Ravens,BAL,Baltimore Ravens,BAL,69012
2019,9,Baltimore Ravens,BAL,Baltimore Ravens,BAL,71157
2019,10,Baltimore Ravens,BAL,Baltimore Ravens,BAL,45918
2019,11,Baltimore Ravens,BAL,Baltimore Ravens,BAL,70731
2019,12,Baltimore Ravens,BAL,Baltimore Ravens,BAL,72409
2019,13,Baltimore Ravens,BAL,Baltimore Ravens,BAL,71029
2019,14,Baltimore Ravens,BAL,Baltimore Ravens,BAL,69134
2019,15,Baltimore Ravens,BAL,Baltimore Ravens,BAL,70545
2019,16,Baltimore Ravens,BAL,Baltimore Ravens,BAL,67431
2019,17,Baltimore Ravens,BAL,Baltimore Ravens,BAL,70695
2019,1,Buffalo Bills,BUF,Buffalo Bills,BUF,78523
2019,2,Buffalo Bills,BUF,Buffalo Bills,BUF,74569
2019,3,Buffalo Bills,BUF,Buffalo Bills,BUF,69448
2019,4,Buffalo Bills,BUF,Buffalo Bills,BUF,70317
2019,5,Buffalo Bills,BUF,Buffalo Bills,BUF,66910
2019,7,Buffalo Bills,BUF,Buffalo Bills,BUF,68340
2019,8,Buffalo Bills,BUF,Buffalo Bills,BUF,69435
2019,9,Buffalo Bills,BUF,Buffalo Bills,BUF,67685
2019,10,Buffalo Bills,BUF,Buffalo Bills,BUF,67431
2019,11,Buffalo Bills,BUF,Buffalo Bills,BUF,64187
2019,12,Buffalo Bills,BUF,Buffalo Bills,BUF,67338
2019,13,Buffalo Bills,BUF,Buffalo Bills,BUF,90445
2019,14,Buffalo Bills,BUF,Buffalo Bills,BUF,69134
2019,15,Buffalo Bills,BUF,Buffalo Bills,BUF,64694
2019,16,Buffalo Bills,BUF,Buffalo Bills,BUF,65878
2019,17,Buffalo Bills,BUF,Buffalo Bills,BUF,69016
2019,1,Carolina Panthers,CAR,Carolina Panthers,CAR,72005
2019,2,Carolina Panthers,CAR,Carolina Panthers,CAR,71101
2019,3,Carolina Panthers,CAR,Carolina Panthers,CAR,60104
2019,4,Carolina Panthers,CAR,Carolina Panthers,CAR,71699
2019,5,Carolina Panthers,CAR,Carolina Panthers,CAR,72762
2019,6,Carolina Panthers,CAR,Carolina Panthers,CAR,60087
2019,8,Carolina Panthers,CAR,Carolina Panthers,CAR,69083
2019,9,Carolina Panthers,CAR,Carolina Panthers,CAR,72540
2019,10,Carolina Panthers,CAR,Carolina Panthers,CAR,78090
2019,11,Carolina Panthers,CAR,Carolina Panthers,CAR,73106
2019,12,Carolina Panthers,CAR,Carolina Panthers,CAR,73068
2019,13,Carolina Panthers,CAR,Carolina Panthers,CAR,71504
2019,14,Carolina Panthers,CAR,Carolina Panthers,CAR,70592
2019,15,Carolina Panthers,CAR,Carolina Panthers,CAR,72544
2019,16,Carolina Panthers,CAR,Carolina Panthers,CAR,61845
2019,17,Carolina Panthers,CAR,Carolina Panthers,CAR,72203
2019,1,Chicago Bears,CHI,Chicago Bears,CHI,62435
2019,2,Chicago Bears,CHI,Chicago Bears,CHI,76885
2019,3,Chicago Bears,CHI,Chicago Bears,CHI,67327
2019,4,Chicago Bears,CHI,Chicago Bears,CHI,62131
2019,5,Chicago Bears,CHI,Chicago Bears,CHI,60463
2019,7,Chicago Bears,CHI,Chicago Bears,CHI,62306
2019,8,Chicago Bears,CHI,Chicago Bears,CHI,61632
2019,9,Chicago Bears,CHI,Chicago Bears,CHI,69796
2019,10,Chicago Bears,CHI,Chicago Bears,CHI,61758
2019,11,Chicago Bears,CHI,Chicago Bears,CHI,70758
2019,12,Chicago Bears,CHI,Chicago Bears,CHI,61581
2019,13,Chicago Bears,CHI,Chicago Bears,CHI,65412
2019,14,Chicago Bears,CHI,Chicago Bears,CHI,61276
2019,15,Chicago Bears,CHI,Chicago Bears,CHI,78266
2019,16,Chicago Bears,CHI,Chicago Bears,CHI,62213
2019,17,Chicago Bears,CHI,Chicago Bears,CHI,66913
2019,1,Cincinnati Bengals,CIN,Cincinnati Bengals,CIN,68710
2019,2,Cincinnati Bengals,CIN,Cincinnati Bengals,CIN,50666
2019,3,Cincinnati Bengals,CIN,Cincinnati Bengals,CIN,69448
2019,4,Cincinnati Bengals,CIN,Cincinnati Bengals,CIN,57959
2019,5,Cincinnati Bengals,CIN,Cincinnati Bengals,CIN,46012
2019,6,Cincinnati Bengals,CIN,Cincinnati Bengals,CIN,70051
2019,7,Cincinnati Bengals,CIN,Cincinnati Bengals,CIN,42784
2019,8,Cincinnati Bengals,CIN,Cincinnati Bengals,CIN,83720
2019,10,Cincinnati Bengals,CIN,Cincinnati Bengals,CIN,45918
2019,11,Cincinnati Bengals,CIN,Cincinnati Bengals,CIN,51921
2019,12,Cincinnati Bengals,CIN,Cincinnati Bengals,CIN,47423
2019,13,Cincinnati Bengals,CIN,Cincinnati Bengals,CIN,39804
2019,14,Cincinnati Bengals,CIN,Cincinnati Bengals,CIN,67431
2019,15,Cincinnati Bengals,CIN,Cincinnati Bengals,CIN,57066
2019,16,Cincinnati Bengals,CIN,Cincinnati Bengals,CIN,60968
2019,17,Cincinnati Bengals,CIN,Cincinnati Bengals,CIN,47759
2019,1,Cleveland Browns,CLE,Cleveland Browns,CLE,67431
2019,2,Cleveland Browns,CLE,Cleveland Browns,CLE,78523
2019,3,Cleveland Browns,CLE,Cleveland Browns,CLE,67431
2019,4,Cleveland Browns,CLE,Cleveland Browns,CLE,70686
2019,5,Cleveland Browns,CLE,Cleveland Browns,CLE,70585
2019,6,Cleveland Browns,CLE,Cleveland Browns,CLE,67431
2019,8,Cleveland Browns,CLE,Cleveland Browns,CLE,65878
2019,9,Cleveland Browns,CLE,Cleveland Browns,CLE,76743
2019,10,Cleveland Browns,CLE,Cleveland Browns,CLE,67431
2019,11,Cleveland Browns,CLE,Cleveland Browns,CLE,67431
2019,12,Cleveland Browns,CLE,Cleveland Browns,CLE,67431
2019,13,Cleveland Browns,CLE,Cleveland Browns,CLE,62157
2019,14,Cleveland Browns,CLE,Cleveland Browns,CLE,67431
2019,15,Cleveland Browns,CLE,Cleveland Browns,CLE,63345
2019,16,Cleveland Browns,CLE,Cleveland Browns,CLE,67431
2019,17,Cleveland Browns,CLE,Cleveland Browns,CLE,47759
2019,1,Dallas Cowboys,DAL,Dallas Cowboys,DAL,90353
2019,2,Dallas Cowboys,DAL,Dallas Cowboys,DAL,75128
2019,3,Dallas Cowboys,DAL,Dallas Cowboys,DAL,90127
2019,4,Dallas Cowboys,DAL,Dallas Cowboys,DAL,73086
2019,5,Dallas Cowboys,DAL,Dallas Cowboys,DAL,93024
2019,6,Dallas Cowboys,DAL,Dallas Cowboys,DAL,78523
2019,7,Dallas Cowboys,DAL,Dallas Cowboys,DAL,91213
2019,9,Dallas Cowboys,DAL,Dallas Cowboys,DAL,76107
2019,10,Dallas Cowboys,DAL,Dallas Cowboys,DAL,91188
2019,11,Dallas Cowboys,DAL,Dallas Cowboys,DAL,61801
2019,12,Dallas Cowboys,DAL,Dallas Cowboys,DAL,65878
2019,13,Dallas Cowboys,DAL,Dallas Cowboys,DAL,90445
2019,14,Dallas Cowboys,DAL,Dallas Cowboys,DAL,61276
2019,15,Dallas Cowboys,DAL,Dallas Cowboys,DAL,90436
2019,16,Dallas Cowboys,DAL,Dallas Cowboys,DAL,69796
2019,17,Dallas Cowboys,DAL,Dallas Cowboys,DAL,90646
2019,1,Denver Broncos,DEN,Denver Broncos,DEN,52359
2019,2,Denver Broncos,DEN,Denver Broncos,DEN,76885
2019,3,Denver Broncos,DEN,Denver Broncos,DEN,78078
2019,4,Denver Broncos,DEN,Denver Broncos,DEN,76219
2019,5,Denver Broncos,DEN,Denver Broncos,DEN,25357
2019,6,Denver Broncos,DEN,Denver Broncos,DEN,75815
2019,7,Denver Broncos,DEN,Denver Broncos,DEN,76748
2019,8,Denver Broncos,DEN,Denver Broncos,DEN,61653
2019,9,Denver Broncos,DEN,Denver Broncos,DEN,76743
2019,11,Denver Broncos,DEN,Denver Broncos,DEN,66883
2019,12,Denver Broncos,DEN,Denver Broncos,DEN,67338
2019,13,Denver Broncos,DEN,Denver Broncos,DEN,74638
2019,14,Denver Broncos,DEN,Denver Broncos,DEN,71769
2019,15,Denver Broncos,DEN,Denver Broncos,DEN,73257
2019,16,Denver Broncos,DEN,Denver Broncos,DEN,74115
2019,17,Denver Broncos,DEN,Denver Broncos,DEN,76334
2019,1,Detroit Lions,DET,Detroit Lions,DET,60687
2019,2,Detroit Lions,DET,Detroit Lions,DET,60158
2019,3,Detroit Lions,DET,Detroit Lions,DET,69796
2019,4,Detroit Lions,DET,Detroit Lions,DET,65188
2019,6,Detroit Lions,DET,Detroit Lions,DET,76947
2019,7,Detroit Lions,DET,Detroit Lions,DET,60314
2019,8,Detroit Lions,DET,Detroit Lions,DET,58509
2019,9,Detroit Lions,DET,Detroit Lions,DET,53318
2019,10,Detroit Lions,DET,Detroit Lions,DET,61758
2019,11,Detroit Lions,DET,Detroit Lions,DET,61801
2019,12,Detroit Lions,DET,Detroit Lions,DET,57754
2019,13,Detroit Lions,DET,Detroit Lions,DET,65412
2019,14,Detroit Lions,DET,Detroit Lions,DET,66776
2019,15,Detroit Lions,DET,Detroit Lions,DET,56515
2019,16,Detroit Lions,DET,Detroit Lions,DET,74115
2019,17,Detroit Lions,DET,Detroit Lions,DET,62840
2019,1,Green Bay Packers,GB,Green Bay Packers,GB,62435
2019,2,Green Bay Packers,GB,Green Bay Packers,GB,78416
2019,3,Green Bay Packers,GB,Green Bay Packers,GB,78078
2019,4,Green Bay Packers,GB,Green Bay Packers,GB,77509
2019,5,Green Bay Packers,GB,Green Bay Packers,GB,93024
2019,6,Green Bay Packers,GB,Green Bay Packers,GB,76947
2019,7,Green Bay Packers,GB,Green Bay Packers,GB,78160
2019,8,Green Bay Packers,GB,Green Bay Packers,GB,73558
2019,9,Green Bay Packers,GB,Green Bay Packers,GB,25435
2019,10,Green Bay Packers,GB,Green Bay Packers,GB,78090
2019,12,Green Bay Packers,GB,Green Bay Packers,GB,71500
2019,13,Green Bay Packers,GB,Green Bay Packers,GB,75950
2019,14,Green Bay Packers,GB,Green Bay Packers,GB,77296
2019,15,Green Bay Packers,GB,Green Bay Packers,GB,78266
2019,16,Green Bay Packers,GB,Green Bay Packers,GB,67157
2019,17,Green Bay Packers,GB,Green Bay Packers,GB,62840
2019,1,Houston Texans,HOU,Houston Texans,HOU,73039
2019,2,Houston Texans,HOU,Houston Texans,HOU,71651
2019,3,Houston Texans,HOU,Houston Texans,HOU,25349
2019,4,Houston Texans,HOU,Houston Texans,HOU,71699
2019,5,Houston Texans,HOU,Houston Texans,HOU,71787
2019,6,Houston Texans,HOU,Houston Texans,HOU,73323
2019,7,Houston Texans,HOU,Houston Texans,HOU,59977
2019,8,Houston Texans,HOU,Houston Texans,HOU,71893
2019,9,Houston Texans,HOU,Houston Texans,HOU,84771
2019,11,Houston Texans,HOU,Houston Texans,HOU,70731
2019,12,Houston Texans,HOU,Houston Texans,HOU,71727
2019,13,Houston Texans,HOU,Houston Texans,HOU,72025
2019,14,Houston Texans,HOU,Houston Texans,HOU,71769
2019,15,Houston Texans,HOU,Houston Texans,HOU,65265
2019,16,Houston Texans,HOU,Houston Texans,HOU,49036
2019,17,Houston Texans,HOU,Houston Texans,HOU,71794
2019,1,Indianapolis Colts,IND,Indianapolis Colts,IND,25363
2019,2,Indianapolis Colts,IND,Indianapolis Colts,IND,62849
2019,3,Indianapolis Colts,IND,Indianapolis Colts,IND,60295
2019,4,Indianapolis Colts,IND,Indianapolis Colts,IND,62259
2019,5,Indianapolis Colts,IND,Indianapolis Colts,IND,73352
2019,7,Indianapolis Colts,IND,Indianapolis Colts,IND,59977
2019,8,Indianapolis Colts,IND,Indianapolis Colts,IND,61653
2019,9,Indianapolis Colts,IND,Indianapolis Colts,IND,61115
2019,10,Indianapolis Colts,IND,Indianapolis Colts,IND,60510
2019,11,Indianapolis Colts,IND,Indianapolis Colts,IND,61986
2019,12,Indianapolis Colts,IND,Indianapolis Colts,IND,71727
2019,13,Indianapolis Colts,IND,Indianapolis Colts,IND,60361
2019,14,Indianapolis Colts,IND,Indianapolis Colts,IND,50232
2019,15,Indianapolis Colts,IND,Indianapolis Colts,IND,73053
2019,16,Indianapolis Colts,IND,Indianapolis Colts,IND,61845
2019,17,Indianapolis Colts,IND,Indianapolis Colts,IND,58472
2019,1,Jacksonville Jaguars,JAX,Jacksonville Jaguars,JAX,60157
2019,2,Jacksonville Jaguars,JAX,Jacksonville Jaguars,JAX,71651
2019,3,Jacksonville Jaguars,JAX,Jacksonville Jaguars,JAX,58613
2019,4,Jacksonville Jaguars,JAX,Jacksonville Jaguars,JAX,76219
2019,5,Jacksonville Jaguars,JAX,Jacksonville Jaguars,JAX,72762
2019,6,Jacksonville Jaguars,JAX,Jacksonville Jaguars,JAX,64341
2019,7,Jacksonville Jaguars,JAX,Jacksonville Jaguars,JAX,42784
2019,8,Jacksonville Jaguars,JAX,Jacksonville Jaguars,JAX,57833
2019,9,Jacksonville Jaguars,JAX,Jacksonville Jaguars,JAX,84771
2019,11,Jacksonville Jaguars,JAX,Jacksonville Jaguars,JAX,61986
2019,12,Jacksonville Jaguars,JAX,Jacksonville Jaguars,JAX,60926
2019,13,Jacksonville Jaguars,JAX,Jacksonville Jaguars,JAX,62633
2019,14,Jacksonville Jaguars,JAX,Jacksonville Jaguars,JAX,57866
2019,15,Jacksonville Jaguars,JAX,Jacksonville Jaguars,JAX,52788
2019,16,Jacksonville Jaguars,JAX,Jacksonville Jaguars,JAX,70873
2019,17,Jacksonville Jaguars,JAX,Jacksonville Jaguars,JAX,58472
2019,1,Kansas City Chiefs,KC,Kansas City Chiefs,KC,60157
2019,2,Kansas City Chiefs,KC,Kansas City Chiefs,KC,52748
2019,3,Kansas City Chiefs,KC,Kansas City Chiefs,KC,73390
2019,4,Kansas City Chiefs,KC,Kansas City Chiefs,KC,65188
2019,5,Kansas City Chiefs,KC,Kansas City Chiefs,KC,73352
2019,6,Kansas City Chiefs,KC,Kansas City Chiefs,KC,73323
2019,7,Kansas City Chiefs,KC,Kansas City Chiefs,KC,76748
2019,8,Kansas City Chiefs,KC,Kansas City Chiefs,KC,73558
2019,9,Kansas City Chiefs,KC,Kansas City Chiefs,KC,73615
2019,10,Kansas City Chiefs,KC,Kansas City Chiefs,KC,68864
2019,11,Kansas City Chiefs,KC,Kansas City Chiefs,KC,76252
2019,13,Kansas City Chiefs,KC,Kansas City Chiefs,KC,73548
2019,14,Kansas City Chiefs,KC,Kansas City Chiefs,KC,65878
2019,15,Kansas City Chiefs,KC,Kansas City Chiefs,KC,73257
2019,16,Kansas City Chiefs,KC,Kansas City Chiefs,KC,62213
2019,17,Kansas City Chiefs,KC,Kansas City Chiefs,KC,73680
2019,1,Los Angeles Chargers,LAC,Los Angeles Chargers,LAC,25363
2019,2,Los Angeles Chargers,LAC,Los Angeles Chargers,LAC,60158
2019,3,Los Angeles Chargers,LAC,Los Angeles Chargers,LAC,25349
2019,4,Los Angeles Chargers,LAC,Los Angeles Chargers,LAC,64278
2019,5,Los Angeles Chargers,LAC,Los Angeles Chargers,LAC,25357
2019,6,Los Angeles Chargers,LAC,Los Angeles Chargers,LAC,25425
2019,7,Los Angeles Chargers,LAC,Los Angeles Chargers,LAC,62431
2019,8,Los Angeles Chargers,LAC,Los Angeles Chargers,LAC,61632
2019,9,Los Angeles Chargers,LAC,Los Angeles Chargers,LAC,25435
2019,10,Los Angeles Chargers,LAC,Los Angeles Chargers,LAC,51954
2019,11,Los Angeles Chargers,LAC,Los Angeles Chargers,LAC,76252
2019,13,Los Angeles Chargers,LAC,Los Angeles Chargers,LAC,74638
2019,14,Los Angeles Chargers,LAC,Los Angeles Chargers,LAC,57866
2019,15,Los Angeles Chargers,LAC,Los Angeles Chargers,LAC,25446
2019,16,Los Angeles Chargers,LAC,Los Angeles Chargers,LAC,25380
2019,17,Los Angeles Chargers,LAC,Los Angeles Chargers,LAC,73680
2019,1,Los Angeles Rams,LAR,Los Angeles Rams,LAR,72005
2019,2,Los Angeles Rams,LAR,Los Angeles Rams,LAR,71460
2019,3,Los Angeles Rams,LAR,Los Angeles Rams,LAR,67431
2019,4,Los Angeles Rams,LAR,Los Angeles Rams,LAR,68117
2019,5,Los Angeles Rams,LAR,Los Angeles Rams,LAR,68988
2019,6,Los Angeles Rams,LAR,Los Angeles Rams,LAR,75695
2019,7,Los Angeles Rams,LAR,Los Angeles Rams,LAR,71856
2019,8,Los Angeles Rams,LAR,Los Angeles Rams,LAR,83720
2019,10,Los Angeles Rams,LAR,Los Angeles Rams,LAR,63627
2019,11,Los Angeles Rams,LAR,Los Angeles Rams,LAR,70758
2019,12,Los Angeles Rams,LAR,Los Angeles Rams,LAR,72409
2019,13,Los Angeles Rams,LAR,Los Angeles Rams,LAR,60944
2019,14,Los Angeles Rams,LAR,Los Angeles Rams,LAR,71501
2019,15,Los Angeles Rams,LAR,Los Angeles Rams,LAR,90436
2019,16,Los Angeles Rams,LAR,Los Angeles Rams,LAR,70103
2019,17,Los Angeles Rams,LAR,Los Angeles Rams,LAR,68665
2019,1,Oakland Raiders,LV,Las Vegas Raiders,LV,52359
2019,2,Oakland Raiders,LV,Las Vegas Raiders,LV,52748
2019,3,Oakland Raiders,LV,Las Vegas Raiders,LV,66738
2019,4,Oakland Raiders,LV,Las Vegas Raiders,LV,62259
2019,5,Oakland Raiders,LV,Las Vegas Raiders,LV,60463
2019,7,Oakland Raiders,LV,Las Vegas Raiders,LV,78160
2019,8,Oakland Raiders,LV,Las Vegas Raiders,LV,71893
2019,9,Oakland Raiders,LV,Las Vegas Raiders,LV,53318
2019,10,Oakland Raiders,LV,Las Vegas Raiders,LV,51954
2019,11,Oakland Raiders,LV,Las Vegas Raiders,LV,51921
2019,12,Oakland Raiders,LV,Las Vegas Raiders,LV,78523
2019,13,Oakland Raiders,LV,Las Vegas Raiders,LV,73548
2019,14,Oakland Raiders,LV,Las Vegas Raiders,LV,52760
2019,15,Oakland Raiders,LV,Las Vegas Raiders,LV,52788
2019,16,Oakland Raiders,LV,Las Vegas Raiders,LV,25380
2019,17,Oakland Raiders,LV,Las Vegas Raiders,LV,76334
2019,1,Miami Dolphins,MIA,Miami Dolphins,MIA,65012
2019,2,Miami Dolphins,MIA,Miami Dolphins,MIA,65513
2019,3,Miami Dolphins,MIA,Miami Dolphins,MIA,90127
2019,4,Miami Dolphins,MIA,Miami Dolphins,MIA,64278
2019,6,Miami Dolphins,MIA,Miami Dolphins,MIA,59808
2019,7,Miami Dolphins,MIA,Miami Dolphins,MIA,68340
2019,8,Miami Dolphins,MIA,Miami Dolphins,MIA,59244
2019,9,Miami Dolphins,MIA,Miami Dolphins,MIA,59229
2019,10,Miami Dolphins,MIA,Miami Dolphins,MIA,60510
2019,11,Miami Dolphins,MIA,Miami Dolphins,MIA,64187
2019,12,Miami Dolphins,MIA,Miami Dolphins,MIA,67431
2019,13,Miami Dolphins,MIA,Miami Dolphins,MIA,65545
2019,14,Miami Dolphins,MIA,Miami Dolphins,MIA,78523
2019,15,Miami Dolphins,MIA,Miami Dolphins,MIA,72894
2019,16,Miami Dolphins,MIA,Miami Dolphins,MIA,60968
2019,17,Miami Dolphins,MIA,Miami Dolphins,MIA,65878
2019,1,Minnesota Vikings,MIN,Minnesota Vikings,MIN,66714
2019,2,Minnesota Vikings,MIN,Minnesota Vikings,MIN,78416
2019,3,Minnesota Vikings,MIN,Minnesota Vikings,MIN,66738
2019,4,Minnesota Vikings,MIN,Minnesota Vikings,MIN,62131
2019,5,Minnesota Vikings,MIN,Minnesota Vikings,MIN,75041
2019,6,Minnesota Vikings,MIN,Minnesota Vikings,MIN,66837
2019,7,Minnesota Vikings,MIN,Minnesota Vikings,MIN,60314
2019,8,Minnesota Vikings,MIN,Minnesota Vikings,MIN,66776
2019,9,Minnesota Vikings,MIN,Minnesota Vikings,MIN,73615
2019,10,Minnesota Vikings,MIN,Minnesota Vikings,MIN,91188
2019,11,Minnesota Vikings,MIN,Minnesota Vikings,MIN,66883
2019,13,Minnesota Vikings,MIN,Minnesota Vikings,MIN,69080
2019,14,Minnesota Vikings,MIN,Minnesota Vikings,MIN,66776
2019,15,Minnesota Vikings,MIN,Minnesota Vikings,MIN,25446
2019,16,Minnesota Vikings,MIN,Minnesota Vikings,MIN,67157
2019,17,Minnesota Vikings,MIN,Minnesota Vikings,MIN,66913
2019,1,New England Patriots,NE,New England Patriots,NE,65878
2019,2,New England Patriots,NE,New England Patriots,NE,65513
2019,3,New England Patriots,NE,New England Patriots,NE,65878
2019,4,New England Patriots,NE,New England Patriots,NE,70317
2019,5,New England Patriots,NE,New England Patriots,NE,76483
2019,6,New England Patriots,NE,New England Patriots,NE,65878
2019,7,New England Patriots,NE,New England Patriots,NE,78523
2019,8,New England Patriots,NE,New England Patriots,NE,65878
2019,9,New England Patriots,NE,New England Patriots,NE,71157
2019,11,New England Patriots,NE,New England Patriots,NE,69796
2019,12,New England Patriots,NE,New England Patriots,NE,65878
2019,13,New England Patriots,NE,New England Patriots,NE,72025
2019,14,New England Patriots,NE,New England Patriots,NE,65878
2019,15,New England Patriots,NE,New England Patriots,NE,57066
2019,16,New England Patriots,NE,New England Patriots,NE,65878
2019,17,New England Patriots,NE,New England Patriots,NE,65878
2019,1,New Orleans Saints,NO,New Orleans Saints,NO,73039
2019,2,New Orleans Saints,NO,New Orleans Saints,NO,71460
2019,3,New Orleans Saints,NO,New Orleans Saints,NO,69005
2019,4,New Orleans Saints,NO,New Orleans Saints,NO,73086
2019,5,New Orleans Saints,NO,New Orleans Saints,NO,73029
2019,6,New Orleans Saints,NO,New Orleans Saints,NO,64341
2019,7,New Orleans Saints,NO,New Orleans Saints,NO,62306
2019,8,New Orleans Saints,NO,New Orleans Saints,NO,73064
2019,10,New Orleans Saints,NO,New Orleans Saints,NO,73283
2019,11,New Orleans Saints,NO,New Orleans Saints,NO,54333
2019,12,New Orleans Saints,NO,New Orleans Saints,NO,73068
2019,13,New Orleans Saints,NO,New Orleans Saints,NO,71993
2019,14,New Orleans Saints,NO,New Orleans Saints,NO,73038
2019,15,New Orleans Saints,NO,New Orleans Saints,NO,73053
2019,16,New Orleans Saints,NO,New Orleans Saints,NO,66756
2019,17,New Orleans Saints,NO,New Orleans Saints,NO,72203
2019,1,New York Giants,NYG,New York Giants,NYG,90353
2019,2,New York Giants,NYG,New York Giants,NYG,74569
2019,3,New York Giants,NYG,New York Giants,NYG,55070
2019,4,New York Giants,NYG,New York Giants,NYG,74149
2019,5,New York Giants,NYG,New York Giants,NYG,75041
2019,6,New York Giants,NYG,New York Giants,NYG,65878
2019,7,New York Giants,NYG,New York Giants,NYG,73577
2019,8,New York Giants,NYG,New York Giants,NYG,58509
2019,9,New York Giants,NYG,New York Giants,NYG,76107
2019,10,New York Giants,NYG,New York Giants,NYG,78523
2019,12,New York Giants,NYG,New York Giants,NYG,61581
2019,13,New York Giants,NYG,New York Giants,NYG,75950
2019,14,New York Giants,NYG,New York Giants,NYG,69796
2019,15,New York Giants,NYG,New York Giants,NYG,72894
2019,16,New York Giants,NYG,New York Giants,NYG,66083
2019,17,New York Giants,NYG,New York Giants,NYG,75029
2019,1,New York Jets,NYJ,New York Jets,NYJ,78523
2019,2,New York Jets,NYJ,New York Jets,NYJ,78523
2019,3,New York Jets,NYJ,New York Jets,NYJ,65878
2019,5,New York Jets,NYJ,New York Jets,NYJ,69796
2019,6,New York Jets,NYJ,New York Jets,NYJ,78523
2019,7,New York Jets,NYJ,New York Jets,NYJ,78523
2019,8,New York Jets,NYJ,New York Jets,NYJ,57833
2019,9,New York Jets,NYJ,New York Jets,NYJ,59229
2019,10,New York Jets,NYJ,New York Jets,NYJ,78523
2019,11,New York Jets,NYJ,New York Jets,NYJ,56426
2019,12,New York Jets,NYJ,New York Jets,NYJ,78523
2019,13,New York Jets,NYJ,New York Jets,NYJ,39804
2019,14,New York Jets,NYJ,New York Jets,NYJ,78523
2019,15,New York Jets,NYJ,New York Jets,NYJ,70545
2019,16,New York Jets,NYJ,New York Jets,NYJ,78523
2019,17,New York Jets,NYJ,New York Jets,NYJ,69016
2019,1,Philadelphia Eagles,PHI,Philadelphia Eagles,PHI,69696
2019,2,Philadelphia Eagles,PHI,Philadelphia Eagles,PHI,72443
2019,3,Philadelphia Eagles,PHI,Philadelphia Eagles,PHI,69796
2019,4,Philadelphia Eagles,PHI,Philadelphia Eagles,PHI,77509
2019,5,Philadelphia Eagles,PHI,Philadelphia Eagles,PHI,69796
2019,6,Philadelphia Eagles,PHI,Philadelphia Eagles,PHI,66837
2019,7,Philadelphia Eagles,PHI,Philadelphia Eagles,PHI,91213
2019,8,Philadelphia Eagles,PHI,Philadelphia Eagles,PHI,69435
2019,9,Philadelphia Eagles,PHI,Philadelphia Eagles,PHI,69796
2019,11,Philadelphia Eagles,PHI,Philadelphia Eagles,PHI,69796
2019,12,Philadelphia Eagles,PHI,Philadelphia Eagles,PHI,69796
2019,13,Philadelphia Eagles,PHI,Philadelphia Eagles,PHI,65545
2019,14,Philadelphia Eagles,PHI,Philadelphia Eagles,PHI,69796
2019,15,Philadelphia Eagles,PHI,Philadelphia Eagles,PHI,63246
2019,16,Philadelphia Eagles,PHI,Philadelphia Eagles,PHI,69796
2019,17,Philadelphia Eagles,PHI,Philadelphia Eagles,PHI,75029
2019,1,Pittsburgh Steelers,PIT,Pittsburgh Steelers,PIT,65878
2019,2,Pittsburgh Steelers,PIT,Pittsburgh Steelers,PIT,65063
2019,3,Pittsburgh Steelers,PIT,Pittsburgh Steelers,PIT,69439
2019,4,Pittsburgh Steelers,PIT,Pittsburgh Steelers,PIT,57959
2019,5,Pittsburgh Steelers,PIT,Pittsburgh Steelers,PIT,64037
2019,6,Pittsburgh Steelers,PIT,Pittsburgh Steelers,PIT,25425
2019,8,Pittsburgh Steelers,PIT,Pittsburgh Steelers,PIT,59244
2019,9,Pittsburgh Steelers,PIT,Pittsburgh Steelers,PIT,61115
2019,10,Pittsburgh Steelers,PIT,Pittsburgh Steelers,PIT,63627
2019,11,Pittsburgh Steelers,PIT,Pittsburgh Steelers,PIT,67431
2019,12,Pittsburgh Steelers,PIT,Pittsburgh Steelers,PIT,47423
2019,13,Pittsburgh Steelers,PIT,Pittsburgh Steelers,PIT,62157
2019,14,Pittsburgh Steelers,PIT,Pittsburgh Steelers,PIT,63880
2019,15,Pittsburgh Steelers,PIT,Pittsburgh Steelers,PIT,64694
2019,16,Pittsburgh Steelers,PIT,Pittsburgh Steelers,PIT,78523
2019,17,Pittsburgh Steelers,PIT,Pittsburgh Steelers,PIT,70695
2019,1,Seattle Seahawks,SEA,Seattle Seahawks,SEA,68710
2019,2,Seattle Seahawks,SEA,Seattle Seahawks,SEA,65063
2019,3,Seattle Seahawks,SEA,Seattle Seahawks,SEA,69005
2019,4,Seattle Seahawks,SEA,Seattle Seahawks,SEA,60500
2019,5,Seattle Seahawks,SEA,Seattle Seahawks,SEA,68988
2019,6,Seattle Seahawks,SEA,Seattle Seahawks,SEA,67431
2019,7,Seattle Seahawks,SEA,Seattle Seahawks,SEA,69012
2019,8,Seattle Seahawks,SEA,Seattle Seahawks,SEA,71483
2019,9,Seattle Seahawks,SEA,Seattle Seahawks,SEA,68948
2019,10,Seattle Seahawks,SEA,Seattle Seahawks,SEA,71404
2019,12,Seattle Seahawks,SEA,Seattle Seahawks,SEA,69796
2019,13,Seattle Seahawks,SEA,Seattle Seahawks,SEA,69080
2019,14,Seattle Seahawks,SEA,Seattle Seahawks,SEA,71501
2019,15,Seattle Seahawks,SEA,Seattle Seahawks,SEA,72544
2019,16,Seattle Seahawks,SEA,Seattle Seahawks,SEA,69022
2019,17,Seattle Seahawks,SEA,Seattle Seahawks,SEA,69162
2019,1,San Francisco 49ers,SF,San Francisco 49ers,SF,55976
2019,2,San Francisco 49ers,SF,San Francisco 49ers,SF,50666
2019,3,San Francisco 49ers,SF,San Francisco 49ers,SF,69439
2019,5,San Francisco 49ers,SF,San Francisco 49ers,SF,70585
2019,6,San Francisco 49ers,SF,San Francisco 49ers,SF,75695
2019,7,San Francisco 49ers,SF,San Francisco 49ers,SF,61459
2019,8,San Francisco 49ers,SF,San Francisco 49ers,SF,69083
2019,9,San Francisco 49ers,SF,San Francisco 49ers,SF,60986
2019,10,San Francisco 49ers,SF,San Francisco 49ers,SF,71404
2019,11,San Francisco 49ers,SF,San Francisco 49ers,SF,69419
2019,12,San Francisco 49ers,SF,San Francisco 49ers,SF,71500
2019,13,San Francisco 49ers,SF,San Francisco 49ers,SF,71029
2019,14,San Francisco 49ers,SF,San Francisco 49ers,SF,73038
2019,15,San Francisco 49ers,SF,San Francisco 49ers,SF,70910
2019,16,San Francisco 49ers,SF,San Francisco 49ers,SF,70103
2019,17,San Francisco 49ers,SF,San Francisco 49ers,SF,69162
2019,1,Tampa Bay Buccaneers,TB,Tampa Bay Buccaneers,TB,55976
2019,2,Tampa Bay Buccaneers,TB,Tampa Bay Buccaneers,TB,71101
2019,3,Tampa Bay Buccaneers,TB,Tampa Bay Buccaneers,TB,55070
2019,4,Tampa Bay Buccaneers,TB,Tampa Bay Buccaneers,TB,68117
2019,5,Tampa Bay Buccaneers,TB,Tampa Bay Buccaneers,TB,73029
2019,6,Tampa Bay Buccaneers,TB,Tampa Bay Buccaneers,TB,60087
2019,8,Tampa Bay Buccaneers,TB,Tampa Bay Buccaneers,TB,62073
2019,9,Tampa Bay Buccaneers,TB,Tampa Bay Buccaneers,TB,68948
2019,10,Tampa Bay Buccaneers,TB,Tampa Bay Buccaneers,TB,40038
2019,11,Tampa Bay Buccaneers,TB,Tampa Bay Buccaneers,TB,54333
2019,12,Tampa Bay Buccaneers,TB,Tampa Bay Buccaneers,TB,71463
2019,13,Tampa Bay Buccaneers,TB,Tampa Bay Buccaneers,TB,62633
2019,14,Tampa Bay Buccaneers,TB,Tampa Bay Buccaneers,TB,50232
2019,15,Tampa Bay Buccaneers,TB,Tampa Bay Buccaneers,TB,56515
2019,16,Tampa Bay Buccaneers,TB,Tampa Bay Buccaneers,TB,49036
2019,17,Tampa Bay Buccaneers,TB,Tampa Bay Buccaneers,TB,50417
2019,1,Tennessee Titans,TEN,Tennessee Titans,TEN,67431
2019,2,Tennessee Titans,TEN,Tennessee Titans,TEN,62849
2019,3,Tennessee Titans,TEN,Tennessee Titans,TEN,58613
2019,4,Tennessee Titans,TEN,Tennessee Titans,TEN,72108
2019,5,Tennessee Titans,TEN,Tennessee Titans,TEN,66910
2019,6,Tennessee Titans,TEN,Tennessee Titans,TEN,75815
2019,7,Tennessee Titans,TEN,Tennessee Titans,TEN,62431
2019,8,Tennessee Titans,TEN,Tennessee Titans,TEN,62073
2019,9,Tennessee Titans,TEN,Tennessee Titans,TEN,72540
2019,10,Tennessee Titans,TEN,Tennessee Titans,TEN,68864
2019,12,Tennessee Titans,TEN,Tennessee Titans,TEN,60926
2019,13,Tennessee Titans,TEN,Tennessee Titans,TEN,60361
2019,14,Tennessee Titans,TEN,Tennessee Titans,TEN,52760
2019,15,Tennessee Titans,TEN,Tennessee Titans,TEN,65265
2019,16,Tennessee Titans,TEN,Tennessee Titans,TEN,66756
2019,17,Tennessee Titans,TEN,Tennessee Titans,TEN,71794
2019,1,Washington Redskins,WAS,Washington Commanders,WSH,69696
2019,2,Washington Redskins,WAS,Washington Commanders,WSH,75128
2019,3,Washington Redskins,WAS,Washington Commanders,WSH,67327
2019,4,Washington Redskins,WAS,Washington Commanders,WSH,74149
2019,5,Washington Redskins,WAS,Washington Commanders,WSH,76483
2019,6,Washington Redskins,WAS,Washington Commanders,WSH,59808
2019,7,Washington Redskins,WAS,Washington Commanders,WSH,61459
2019,8,Washington Redskins,WAS,Washington Commanders,WSH,66776
2019,9,Washington Redskins,WAS,Washington Commanders,WSH,67685
2019,11,Washington Redskins,WAS,Washington Commanders,WSH,56426
2019,12,Washington Redskins,WAS,Washington Commanders,WSH,57754
2019,13,Washington Redskins,WAS,Washington Commanders,WSH,71504
2019,14,Washington Redskins,WAS,Washington Commanders,WSH,77296
2019,15,Washington Redskins,WAS,Washington Commanders,WSH,63246
2019,16,Washington Redskins,WAS,Washington Commanders,WSH,66083
2019,17,Washington Redskins,WAS,Washington Commanders,WSH,90646
2020,4,Arizona Cardinals,ARI,Arizona Cardinals,ARI,51200
2020,6,Arizona Cardinals,ARI,Arizona Cardinals,ARI,25174
2020,7,Arizona Cardinals,ARI,Arizona Cardinals,ARI,12000
2020,9,Arizona Cardinals,ARI,Arizona Cardinals,ARI,42000
2020,10,Arizona Cardinals,ARI,Arizona Cardinals,ARI,42000
2020,2,Atlanta Falcons,ATL,Atlanta Falcons,ATL,21708
2020,5,Atlanta Falcons,ATL,Atlanta Falcons,ATL,66560
2020,7,Atlanta Falcons,ATL,Atlanta Falcons,ATL,77960
2020,8,Atlanta Falcons,ATL,Atlanta Falcons,ATL,52400
2020,9,Atlanta Falcons,ATL,Atlanta Falcons,ATL,76650
2020,11,Atlanta Falcons,ATL,Atlanta Falcons,ATL,60000
2020,12,Atlanta Falcons,ATL,Atlanta Falcons,ATL,91240
2020,13,Atlanta Falcons,ATL,Atlanta Falcons,ATL,87130
2020,15,Atlanta Falcons,ATL,Atlanta Falcons,ATL,107030
2020,16,Atlanta Falcons,ATL,Atlanta Falcons,ATL,134700
2020,17,Atlanta Falcons,ATL,Atlanta Falcons,ATL,160090
2020,8,Baltimore Ravens,BAL,Baltimore Ravens,BAL,43450
2020,9,Baltimore Ravens,BAL,Baltimore Ravens,BAL,122000
2020,14,Baltimore Ravens,BAL,Baltimore Ravens,BAL,119740
2020,17,Baltimore Ravens,BAL,Baltimore Ravens,BAL,104990
2020,2,Buffalo Bills,BUF,Buffalo Bills,BUF,110750
2020,5,Buffalo Bills,BUF,Buffalo Bills,BUF,84030
2020,10,Buffalo Bills,BUF,Buffalo Bills,BUF,42000
2020,4,Carolina Panthers,CAR,Carolina Panthers,CAR,51200
2020,5,Carolina Panthers,CAR,Carolina Panthers,CAR,66560
2020,6,Carolina Panthers,CAR,Carolina Panthers,CAR,52400
2020,7,Carolina Panthers,CAR,Carolina Panthers,CAR,30000
2020,8,Carolina Panthers,CAR,Carolina Panthers,CAR,52400
2020,9,Carolina Panthers,CAR,Carolina Panthers,CAR,120730
2020,10,Carolina Panthers,CAR,Carolina Panthers,CAR,58150
2020,11,Carolina Panthers,CAR,Carolina Panthers,CAR,55460
2020,14,Carolina Panthers,CAR,Carolina Panthers,CAR,57680
2020,17,Carolina Panthers,CAR,Carolina Panthers,CAR,15000
2020,6,Chicago Bears,CHI,Chicago Bears,CHI,52400
2020,9,Chicago Bears,CHI,Chicago Bears,CHI,138710
2020,16,Chicago Bears,CHI,Chicago Bears,CHI,174450
2020,2,Cincinnati Bengals,CIN,Cincinnati Bengals,CIN,60000
2020,4,Cincinnati Bengals,CIN,Cincinnati Bengals,CIN,62430
2020,6,Cincinnati Bengals,CIN,Cincinnati Bengals,CIN,124530
2020,7,Cincinnati Bengals,CIN,Cincinnati Bengals,CIN,97320
2020,8,Cincinnati Bengals,CIN,Cincinnati Bengals,CIN,97120
2020,10,Cincinnati Bengals,CIN,Cincinnati Bengals,CIN,59090
2020,12,Cincinnati Bengals,CIN,Cincinnati Bengals,CIN,102080
2020,13,Cincinnati Bengals,CIN,Cincinnati Bengals,CIN,125770
2020,14,Cincinnati Bengals,CIN,Cincinnati Bengals,CIN,103220
2020,15,Cincinnati Bengals,CIN,Cincinnati Bengals,CIN,102490
2020,16,Cincinnati Bengals,CIN,Cincinnati Bengals,CIN,123440
2020,17,Cincinnati Bengals,CIN,Cincinnati Bengals,CIN,104990
2020,2,Cleveland Browns,CLE,Cleveland Browns,CLE,60000
2020,3,Cleveland Browns,CLE,Cleveland Browns,CLE,60000
2020,4,Cleveland Browns,CLE,Cleveland Browns,CLE,25021
2020,5,Cleveland Browns,CLE,Cleveland Browns,CLE,117590
2020,6,Cleveland Browns,CLE,Cleveland Browns,CLE,52600
2020,7,Cleveland Browns,CLE,Cleveland Browns,CLE,97320
2020,8,Cleveland Browns,CLE,Cleveland Browns,CLE,109720
2020,10,Cleveland Browns,CLE,Cleveland Browns,CLE,106130
2020,11,Cleveland Browns,CLE,Cleveland Browns,CLE,111330
2020,12,Cleveland Browns,CLE,Cleveland Browns,CLE,159260
2020,13,Cleveland Browns,CLE,Cleveland Browns,CLE,139860
2020,14,Cleveland Browns,CLE,Cleveland Browns,CLE,119740
2020,17,Cleveland Browns,CLE,Cleveland Browns,CLE,119890
2020,2,Dallas Cowboys,DAL,Dallas Cowboys,DAL,21708
2020,4,Dallas Cowboys,DAL,Dallas Cowboys,DAL,25021
2020,5,Dallas Cowboys,DAL,Dallas Cowboys,DAL,25147
2020,6,Dallas Cowboys,DAL,Dallas Cowboys,DAL,25174
2020,9,Dallas Cowboys,DAL,Dallas Cowboys,DAL,31700
2020,12,Dallas Cowboys,DAL,Dallas Cowboys,DAL,30048
2020,14,Dallas Cowboys,DAL,Dallas Cowboys,DAL,103220
2020,15,Dallas Cowboys,DAL,Dallas Cowboys,DAL,30092
2020,16,Dallas Cowboys,DAL,Dallas Cowboys,DAL,30131
2020,3,Denver Broncos,DEN,Denver Broncos,DEN,52260
2020,7,Denver Broncos,DEN,Denver Broncos,DEN,53140
2020,8,Denver Broncos,DEN,Denver Broncos,DEN,52310
2020,9,Denver Broncos,DEN,Denver Broncos,DEN,76650
2020,11,Denver Broncos,DEN,Denver Broncos,DEN,53510
2020,13,Denver Broncos,DEN,Denver Broncos,DEN,125780
2020,14,Denver Broncos,DEN,Denver Broncos,DEN,57680
2020,6,Detroit Lions,DET,Detroit Lions,DET,145130
2020,7,Detroit Lions,DET,Detroit Lions,DET,77960
2020,11,Detroit Lions,DET,Detroit Lions,DET,55460
2020,15,Detroit Lions,DET,Detroit Lions,DET,137970
2020,3,Green Bay Packers,GB,Green Bay Packers,GB,7480
2020,6,Green Bay Packers,GB,Green Bay Packers,GB,155400
2020,7,Green Bay Packers,GB,Green Bay Packers,GB,126180
2020,11,Green Bay Packers,GB,Green Bay Packers,GB,124950
2020,1,Houston Texans,HOU,Houston Texans,HOU,158950
2020,4,Houston Texans,HOU,Houston Texans,HOU,121020
2020,5,Houston Texans,HOU,Houston Texans,HOU,124130
2020,6,Houston Texans,HOU,Houston Texans,HOU,101660
2020,7,Houston Texans,HOU,Houston Texans,HOU,126180
2020,9,Houston Texans,HOU,Houston Texans,HOU,156680
2020,10,Houston Texans,HOU,Houston Texans,HOU,106130
2020,11,Houston Texans,HOU,Houston Texans,HOU,125030
2020,13,Houston Texans,HOU,Houston Texans,HOU,123160
2020,15,Houston Texans,HOU,Houston Texans,HOU,99920
2020,16,Houston Texans,HOU,Houston Texans,HOU,123440
2020,17,Houston Texans,HOU,Houston Texans,HOU,125040
2020,1,Indianapolis Colts,IND,Indianapolis Colts,IND,141000
2020,2,Indianapolis Colts,IND,Indianapolis Colts,IND,25000
2020,3,Indianapolis Colts,IND,Indianapolis Colts,IND,74800
2020,5,Indianapolis Colts,IND,Indianapolis Colts,IND,117590
2020,6,Indianapolis Colts,IND,Indianapolis Colts,IND,124530
2020,9,Indianapolis Colts,IND,Indianapolis Colts,IND,122000
2020,10,Indianapolis Colts,IND,Indianapolis Colts,IND,139490
2020,11,Indianapolis Colts,IND,Indianapolis Colts,IND,124950
2020,12,Indianapolis Colts,IND,Indianapolis Colts,IND,124640
2020,13,Indianapolis Colts,IND,Indianapolis Colts,IND,123160
2020,15,Indianapolis Colts,IND,Indianapolis Colts,IND,99920
2020,17,Indianapolis Colts,IND,Indianapolis Colts,IND,99760
2020,1,Jacksonville Jaguars,JAX,Jacksonville Jaguars,JAX,141000
2020,3,Jacksonville Jaguars,JAX,Jacksonville Jaguars,JAX,165630
2020,4,Jacksonville Jaguars,JAX,Jacksonville Jaguars,JAX,62430
2020,5,Jacksonville Jaguars,JAX,Jacksonville Jaguars,JAX,124130
2020,6,Jacksonville Jaguars,JAX,Jacksonville Jaguars,JAX,145130
2020,9,Jacksonville Jaguars,JAX,Jacksonville Jaguars,JAX,156680
2020,11,Jacksonville Jaguars,JAX,Jacksonville Jaguars,JAX,172440
2020,12,Jacksonville Jaguars,JAX,Jacksonville Jaguars,JAX,159260
2020,14,Jacksonville Jaguars,JAX,Jacksonville Jaguars,JAX,158960
2020,16,Jacksonville Jaguars,JAX,Jacksonville Jaguars,JAX,174450
2020,17,Jacksonville Jaguars,JAX,Jacksonville Jaguars,JAX,99760
2020,1,Kansas City Chiefs,KC,Kansas City Chiefs,KC,158950
2020,4,Kansas City Chiefs,KC,Kansas City Chiefs,KC,127290
2020,5,Kansas City Chiefs,KC,Kansas City Chiefs,KC,133110
2020,7,Kansas City Chiefs,KC,Kansas City Chiefs,KC,53140
2020,8,Kansas City Chiefs,KC,Kansas City Chiefs,KC,119320
2020,9,Kansas City Chiefs,KC,Kansas City Chiefs,KC,120730
2020,12,Kansas City Chiefs,KC,Kansas City Chiefs,KC,159500
2020,13,Kansas City Chiefs,KC,Kansas City Chiefs,KC,125780
2020,14,Kansas City Chiefs,KC,Kansas City Chiefs,KC,130570
2020,15,Kansas City Chiefs,KC,Kansas City Chiefs,KC,30000
2020,16,Kansas City Chiefs,KC,Kansas City Chiefs,KC,134700
2020,17,Kansas City Chiefs,KC,Kansas City Chiefs,KC,132400
2020,4,Los Angeles Chargers,LAC,Los Angeles Chargers,LAC,63830
2020,5,Los Angeles Chargers,LAC,Los Angeles Chargers,LAC,7490
2020,8,Los Angeles Chargers,LAC,Los Angeles Chargers,LAC,52310
2020,10,Los Angeles Chargers,LAC,Los Angeles Chargers,LAC,127510
2020,17,Los Angeles Chargers,LAC,Los Angeles Chargers,LAC,132400
2020,8,Los Angeles Rams,LAR,Los Angeles Rams,LAR,123970
2020,11,Los Angeles Rams,LAR,Los Angeles Rams,LAR,157300
2020,5,Las Vegas Raiders,LV,Las Vegas Raiders,LV,133110
2020,8,Las Vegas Raiders,LV,Las Vegas Raiders,LV,109720
2020,12,Las Vegas Raiders,LV,Las Vegas Raiders,LV,91240
2020,2,Miami Dolphins,MIA,Miami Dolphins,MIA,110750
2020,3,Miami Dolphins,MIA,Miami Dolphins,MIA,165630
2020,4,Miami Dolphins,MIA,Miami Dolphins,MIA,123690
2020,6,Miami Dolphins,MIA,Miami Dolphins,MIA,107720
2020,8,Miami Dolphins,MIA,Miami Dolphins,MIA,123970
2020,9,Miami Dolphins,MIA,Miami Dolphins,MIA,42000
2020,10,Miami Dolphins,MIA,Miami Dolphins,MIA,127510
2020,11,Miami Dolphins,MIA,Miami Dolphins,MIA,53510
2020,13,Miami Dolphins,MIA,Miami Dolphins,MIA,125770
2020,14,Miami Dolphins,MIA,Miami Dolphins,MIA,130570
2020,15,Miami Dolphins,MIA,Miami Dolphins,MIA,133540
2020,2,Minnesota Vikings,MIN,Minnesota Vikings,MIN,25000
2020,4,Minnesota Vikings,MIN,Minnesota Vikings,MIN,121020
2020,14,Minnesota Vikings,MIN,Minnesota Vikings,MIN,160310
2020,16,Minnesota Vikings,MIN,Minnesota Vikings,MIN,30000
2020,4,New England Patriots,NE,New England Patriots,NE,127290
2020,11,New England Patriots,NE,New England Patriots,NE,125030
2020,15,New England Patriots,NE,New England Patriots,NE,133540
2020,3,New Orleans Saints,NO,New Orleans Saints,NO,7480
2020,5,New Orleans Saints,NO,New Orleans Saints,NO,7490
2020,7,New Orleans Saints,NO,New Orleans Saints,NO,30000
2020,9,New Orleans Saints,NO,New Orleans Saints,NO,157400
2020,10,New Orleans Saints,NO,New Orleans Saints,NO,59790
2020,11,New Orleans Saints,NO,New Orleans Saints,NO,60000
2020,13,New Orleans Saints,NO,New Orleans Saints,NO,87130
2020,15,New Orleans Saints,NO,New Orleans Saints,NO,30000
2020,16,New Orleans Saints,NO,New Orleans Saints,NO,30000
2020,17,New Orleans Saints,NO,New Orleans Saints,NO,15000
2020,5,New York Giants,NYG,New York Giants,NYG,25147
2020,9,New York Giants,NYG,New York Giants,NYG,30000
2020,12,New York Giants,NYG,New York Giants,NYG,102080
2020,3,New York Jets,NYJ,New York Jets,NYJ,74800
2020,6,New York Jets,NYJ,New York Jets,NYJ,107720
2020,8,New York Jets,NYJ,New York Jets,NYJ,119320
2020,5,Philadelphia Eagles,PHI,Philadelphia Eagles,PHI,47080
2020,11,Philadelphia Eagles,PHI,Philadelphia Eagles,PHI,111330
2020,16,Philadelphia Eagles,PHI,Philadelphia Eagles,PHI,30131
2020,5,Pittsburgh Steelers,PIT,Pittsburgh Steelers,PIT,47080
2020,6,Pittsburgh Steelers,PIT,Pittsburgh Steelers,PIT,52600
2020,7,Pittsburgh Steelers,PIT,Pittsburgh Steelers,PIT,103550
2020,8,Pittsburgh Steelers,PIT,Pittsburgh Steelers,PIT,43450
2020,9,Pittsburgh Steelers,PIT,Pittsburgh Steelers,PIT,31700
2020,10,Pittsburgh Steelers,PIT,Pittsburgh Steelers,PIT,59090
2020,11,Pittsburgh Steelers,PIT,Pittsburgh Steelers,PIT,172440
2020,15,Pittsburgh Steelers,PIT,Pittsburgh Steelers,PIT,102490
2020,17,Pittsburgh Steelers,PIT,Pittsburgh Steelers,PIT,119890
2020,4,Seattle Seahawks,SEA,Seattle Seahawks,SEA,123690
2020,7,Seattle Seahawks,SEA,Seattle Seahawks,SEA,12000
2020,10,San Francisco 49ers,SF,San Francisco 49ers,SF,59790
2020,15,San Francisco 49ers,SF,San Francisco 49ers,SF,30092
2020,3,Tampa Bay Buccaneers,TB,Tampa Bay Buccaneers,TB,52260
2020,4,Tampa Bay Buccaneers,TB,Tampa Bay Buccaneers,TB,63830
2020,6,Tampa Bay Buccaneers,TB,Tampa Bay Buccaneers,TB,155400
2020,9,Tampa Bay Buccaneers,TB,Tampa Bay Buccaneers,TB,157400
2020,10,Tampa Bay Buccaneers,TB,Tampa Bay Buccaneers,TB,58150
2020,11,Tampa Bay Buccaneers,TB,Tampa Bay Buccaneers,TB,157300
2020,12,Tampa Bay Buccaneers,TB,Tampa Bay Buccaneers,TB,159500
2020,14,Tampa Bay Buccaneers,TB,Tampa Bay Buccaneers,TB,160310
2020,15,Tampa Bay Buccaneers,TB,Tampa Bay Buccaneers,TB,107030
2020,17,Tampa Bay Buccaneers,TB,Tampa Bay Buccaneers,TB,160090
2020,5,Tennessee Titans,TEN,Tennessee Titans,TEN,84030
2020,6,Tennessee Titans,TEN,Tennessee Titans,TEN,101660
2020,7,Tennessee Titans,TEN,Tennessee Titans,TEN,103550
2020,8,Tennessee Titans,TEN,Tennessee Titans,TEN,97120
2020,9,Tennessee Titans,TEN,Tennessee Titans,TEN,138710
2020,10,Tennessee Titans,TEN,Tennessee Titans,TEN,139490
2020,12,Tennessee Titans,TEN,Tennessee Titans,TEN,124640
2020,13,Tennessee Titans,TEN,Tennessee Titans,TEN,139860
2020,14,Tennessee Titans,TEN,Tennessee Titans,TEN,158960
2020,15,Tennessee Titans,TEN,Tennessee Titans,TEN,137970
2020,17,Tennessee Titans,TEN,Tennessee Titans,TEN,125040
2020,3,Washington Football Team,WAS,Washington Commanders,WSH,60000
2020,9,Washington Football Team,WAS,Washington Commanders,WSH,30000
2020,12,Washington Football Team,WAS,Washington Commanders,WSH,30048
2021,1,Arizona Cardinals,ARI,Arizona Cardinals,ARI,67216
2021,2,Arizona Cardinals,ARI,Arizona Cardinals,ARI,60115
2021,3,Arizona Cardinals,ARI,Arizona Cardinals,ARI,58012
2021,4,Arizona Cardinals,ARI,Arizona Cardinals,ARI,70003
2021,5,Arizona Cardinals,ARI,Arizona Cardinals,ARI,62716
2021,6,Arizona Cardinals,ARI,Arizona Cardinals,ARI,67431
2021,7,Arizona Cardinals,ARI,Arizona Cardinals,ARI,60297
2021,8,Arizona Cardinals,ARI,Arizona Cardinals,ARI,63696
2021,9,Arizona Cardinals,ARI,Arizona Cardinals,ARI,59012
2021,10,Arizona Cardinals,ARI,Arizona Cardinals,ARI,62400
2021,11,Arizona Cardinals,ARI,Arizona Cardinals,ARI,68833
2021,13,Arizona Cardinals,ARI,Arizona Cardinals,ARI,60803
2021,14,Arizona Cardinals,ARI,Arizona Cardinals,ARI,63999
2021,15,Arizona Cardinals,ARI,Arizona Cardinals,ARI,45211
2021,16,Arizona Cardinals,ARI,Arizona Cardinals,ARI,63900
2021,17,Arizona Cardinals,ARI,Arizona Cardinals,ARI,93459
2021,18,Arizona Cardinals,ARI,Arizona Cardinals,ARI,63858
2021,1,Atlanta Falcons,ATL,Atlanta Falcons,ATL,68633
2021,2,Atlanta Falcons,ATL,Atlanta Falcons,ATL,63694
2021,3,Atlanta Falcons,ATL,Atlanta Falcons,ATL,75307
2021,4,Atlanta Falcons,ATL,Atlanta Falcons,ATL,68333
2021,5,Atlanta Falcons,ATL,Atlanta Falcons,ATL,60589
2021,7,Atlanta Falcons,ATL,Atlanta Falcons,ATL,62739
2021,8,Atlanta Falcons,ATL,Atlanta Falcons,ATL,68583
2021,9,Atlanta Falcons,ATL,Atlanta Falcons,ATL,69170
2021,10,Atlanta Falcons,ATL,Atlanta Falcons,ATL,93436
2021,11,Atlanta Falcons,ATL,Atlanta Falcons,ATL,68286
2021,12,Atlanta Falcons,ATL,Atlanta Falcons,ATL,60031
2021,13,Atlanta Falcons,ATL,Atlanta Falcons,ATL,69366
2021,14,Atlanta Falcons,ATL,Atlanta Falcons,ATL,72243
2021,15,Atlanta Falcons,ATL,Atlanta Falcons,ATL,71650
2021,16,Atlanta Falcons,ATL,Atlanta Falcons,ATL,68638
2021,17,Atlanta Falcons,ATL,Atlanta Falcons,ATL,64948
2021,18,Atlanta Falcons,ATL,Atlanta Falcons,ATL,68336
2021,1,Baltimore Ravens,BAL,Baltimore Ravens,BAL,61756
2021,2,Baltimore Ravens,BAL,Baltimore Ravens,BAL,70417
2021,3,Baltimore Ravens,BAL,Baltimore Ravens,BAL,50788
2021,4,Baltimore Ravens,BAL,Baltimore Ravens,BAL,76490
2021,5,Baltimore Ravens,BAL,Baltimore Ravens,BAL,70510
2021,6,Baltimore Ravens,BAL,Baltimore Ravens,BAL,70704
2021,7,Baltimore Ravens,BAL,Baltimore Ravens,BAL,70659
2021,9,Baltimore Ravens,BAL,Baltimore Ravens,BAL,70599
2021,10,Baltimore Ravens,BAL,Baltimore Ravens,BAL,65948
2021,11,Baltimore Ravens,BAL,Baltimore Ravens,BAL,60679
2021,12,Baltimore Ravens,BAL,Baltimore Ravens,BAL,70355
2021,13,Baltimore Ravens,BAL,Baltimore Ravens,BAL,59303
2021,14,Baltimore Ravens,BAL,Baltimore Ravens,BAL,67431
2021,15,Baltimore Ravens,BAL,Baltimore Ravens,BAL,70815
2021,16,Baltimore Ravens,BAL,Baltimore Ravens,BAL,63922
2021,17,Baltimore Ravens,BAL,Baltimore Ravens,BAL,70328
2021,18,Baltimore Ravens,BAL,Baltimore Ravens,BAL,70453
2021,1,Buffalo Bills,BUF,Buffalo Bills,BUF,69787
2021,2,Buffalo Bills,BUF,Buffalo Bills,BUF,65040
2021,3,Buffalo Bills,BUF,Buffalo Bills,BUF,68434
2021,4,Buffalo Bills,BUF,Buffalo Bills,BUF,68087
2021,5,Buffalo Bills,BUF,Buffalo Bills,BUF,73389
2021,6,Buffalo Bills,BUF,Buffalo Bills,BUF,69419
2021,8,Buffalo Bills,BUF,Buffalo Bills,BUF,69355
2021,9,Buffalo Bills,BUF,Buffalo Bills,BUF,63110
2021,10,Buffalo Bills,BUF,Buffalo Bills,BUF,77625
2021,11,Buffalo Bills,BUF,Buffalo Bills,BUF,69866
2021,12,Buffalo Bills,BUF,Buffalo Bills,BUF,69170
2021,13,Buffalo Bills,BUF,Buffalo Bills,BUF,69694
2021,15,Buffalo Bills,BUF,Buffalo Bills,BUF,65398
2021,16,Buffalo Bills,BUF,Buffalo Bills,BUF,65878
2021,17,Buffalo Bills,BUF,Buffalo Bills,BUF,64948
2021,18,Buffalo Bills,BUF,Buffalo Bills,BUF,64783
2021,1,Carolina Panthers,CAR,Carolina Panthers,CAR,70211
2021,2,Carolina Panthers,CAR,Carolina Panthers,CAR,70675
2021,3,Carolina Panthers,CAR,Carolina Panthers,CAR,68320
2021,4,Carolina Panthers,CAR,Carolina Panthers,CAR,93262
2021,5,Carolina Panthers,CAR,Carolina Panthers,CAR,72545
2021,6,Carolina Panthers,CAR,Carolina Panthers,CAR,72104
2021,7,Carolina Panthers,CAR,Carolina Panthers,CAR,71889
2021,8,Carolina Panthers,CAR,Carolina Panthers,CAR,68583
2021,9,Carolina Panthers,CAR,Carolina Panthers,CAR,72203
2021,10,Carolina Panthers,CAR,Carolina Panthers,CAR,62400
2021,11,Carolina Panthers,CAR,Carolina Panthers,CAR,73350
2021,12,Carolina Panthers,CAR,Carolina Panthers,CAR,62389
2021,14,Carolina Panthers,CAR,Carolina Panthers,CAR,72243
2021,15,Carolina Panthers,CAR,Carolina Panthers,CAR,65398
2021,16,Carolina Panthers,CAR,Carolina Panthers,CAR,71918
2021,17,Carolina Panthers,CAR,Carolina Panthers,CAR,69170
2021,18,Carolina Panthers,CAR,Carolina Panthers,CAR,65473
2021,1,Chicago Bears,CHI,Chicago Bears,CHI,70445
2021,2,Chicago Bears,CHI,Chicago Bears,CHI,60840
2021,3,Chicago Bears,CHI,Chicago Bears,CHI,67431
2021,4,Chicago Bears,CHI,Chicago Bears,CHI,61468
2021,5,Chicago Bears,CHI,Chicago Bears,CHI,59122
2021,6,Chicago Bears,CHI,Chicago Bears,CHI,62332
2021,7,Chicago Bears,CHI,Chicago Bears,CHI,65635
2021,8,Chicago Bears,CHI,Chicago Bears,CHI,60877
2021,9,Chicago Bears,CHI,Chicago Bears,CHI,60788
2021,11,Chicago Bears,CHI,Chicago Bears,CHI,60679
2021,12,Chicago Bears,CHI,Chicago Bears,CHI,56355
2021,13,Chicago Bears,CHI,Chicago Bears,CHI,60803
2021,14,Chicago Bears,CHI,Chicago Bears,CHI,78273
2021,15,Chicago Bears,CHI,Chicago Bears,CHI,60082
2021,16,Chicago Bears,CHI,Chicago Bears,CHI,68492
2021,17,Chicago Bears,CHI,Chicago Bears,CHI,59594
2021,18,Chicago Bears,CHI,Chicago Bears,CHI,66625
2021,1,Cincinnati Bengals,CIN,Cincinnati Bengals,CIN,56525
2021,2,Cincinnati Bengals,CIN,Cincinnati Bengals,CIN,60840
2021,3,Cincinnati Bengals,CIN,Cincinnati Bengals,CIN,58076
2021,4,Cincinnati Bengals,CIN,Cincinnati Bengals,CIN,63198
2021,5,Cincinnati Bengals,CIN,Cincinnati Bengals,CIN,64195
2021,6,Cincinnati Bengals,CIN,Cincinnati Bengals,CIN,50831
2021,7,Cincinnati Bengals,CIN,Cincinnati Bengals,CIN,70659
2021,8,Cincinnati Bengals,CIN,Cincinnati Bengals,CIN,67503
2021,9,Cincinnati Bengals,CIN,Cincinnati Bengals,CIN,65451
2021,11,Cincinnati Bengals,CIN,Cincinnati Bengals,CIN,61712
2021,12,Cincinnati Bengals,CIN,Cincinnati Bengals,CIN,63238
2021,13,Cincinnati Bengals,CIN,Cincinnati Bengals,CIN,51414
2021,14,Cincinnati Bengals,CIN,Cincinnati Bengals,CIN,50481
2021,15,Cincinnati Bengals,CIN,Cincinnati Bengals,CIN,76134
2021,16,Cincinnati Bengals,CIN,Cincinnati Bengals,CIN,63922
2021,17,Cincinnati Bengals,CIN,Cincinnati Bengals,CIN,64505
2021,18,Cincinnati Bengals,CIN,Cincinnati Bengals,CIN,67431
2021,1,Cleveland Browns,CLE,Cleveland Browns,CLE,72973
2021,2,Cleveland Browns,CLE,Cleveland Browns,CLE,67431
2021,3,Cleveland Browns,CLE,Cleveland Browns,CLE,67431
2021,4,Cleveland Browns,CLE,Cleveland Browns,CLE,66703
2021,5,Cleveland Browns,CLE,Cleveland Browns,CLE,70240
2021,6,Cleveland Browns,CLE,Cleveland Browns,CLE,67431
2021,7,Cleveland Browns,CLE,Cleveland Browns,CLE,67431
2021,8,Cleveland Browns,CLE,Cleveland Browns,CLE,67431
2021,9,Cleveland Browns,CLE,Cleveland Browns,CLE,65451
2021,10,Cleveland Browns,CLE,Cleveland Browns,CLE,65878
2021,11,Cleveland Browns,CLE,Cleveland Browns,CLE,67431
2021,12,Cleveland Browns,CLE,Cleveland Browns,CLE,70355
2021,14,Cleveland Browns,CLE,Cleveland Browns,CLE,67431
2021,16,Cleveland Browns,CLE,Cleveland Browns,CLE,77901
2021,17,Cleveland Browns,CLE,Cleveland Browns,CLE,63624
2021,18,Cleveland Browns,CLE,Cleveland Browns,CLE,67431
2021,1,Dallas Cowboys,DAL,Dallas Cowboys,DAL,65566
2021,2,Dallas Cowboys,DAL,Dallas Cowboys,DAL,70240
2021,3,Dallas Cowboys,DAL,Dallas Cowboys,DAL,93267
2021,4,Dallas Cowboys,DAL,Dallas Cowboys,DAL,93262
2021,5,Dallas Cowboys,DAL,Dallas Cowboys,DAL,93476
2021,6,Dallas Cowboys,DAL,Dallas Cowboys,DAL,65878
2021,8,Dallas Cowboys,DAL,Dallas Cowboys,DAL,66633
2021,9,Dallas Cowboys,DAL,Dallas Cowboys,DAL,93503
2021,10,Dallas Cowboys,DAL,Dallas Cowboys,DAL,93436
2021,11,Dallas Cowboys,DAL,Dallas Cowboys,DAL,73494
2021,12,Dallas Cowboys,DAL,Dallas Cowboys,DAL,93483
2021,13,Dallas Cowboys,DAL,Dallas Cowboys,DAL,69170
2021,14,Dallas Cowboys,DAL,Dallas Cowboys,DAL,61308
2021,15,Dallas Cowboys,DAL,Dallas Cowboys,DAL,77413
2021,16,Dallas Cowboys,DAL,Dallas Cowboys,DAL,93482
2021,17,Dallas Cowboys,DAL,Dallas Cowboys,DAL,93459
2021,18,Dallas Cowboys,DAL,Dallas Cowboys,DAL,69796
2021,1,Denver Broncos,DEN,Denver Broncos,DEN,74119
2021,2,Denver Broncos,DEN,Denver Broncos,DEN,58461
2021,3,Denver Broncos,DEN,Denver Broncos,DEN,75882
2021,4,Denver Broncos,DEN,Denver Broncos,DEN,76490
2021,5,Denver Broncos,DEN,Denver Broncos,DEN,59841
2021,6,Denver Broncos,DEN,Denver Broncos,DEN,76854
2021,7,Denver Broncos,DEN,Denver Broncos,DEN,67431
2021,8,Denver Broncos,DEN,Denver Broncos,DEN,75973
2021,9,Denver Broncos,DEN,Denver Broncos,DEN,93503
2021,10,Denver Broncos,DEN,Denver Broncos,DEN,76766
2021,12,Denver Broncos,DEN,Denver Broncos,DEN,75807
2021,13,Denver Broncos,DEN,Denver Broncos,DEN,73185
2021,14,Denver Broncos,DEN,Denver Broncos,DEN,76211
2021,15,Denver Broncos,DEN,Denver Broncos,DEN,76134
2021,16,Denver Broncos,DEN,Denver Broncos,DEN,60972
2021,17,Denver Broncos,DEN,Denver Broncos,DEN,70240
2021,18,Denver Broncos,DEN,Denver Broncos,DEN,76012
2021,1,Detroit Lions,DET,Detroit Lions,DET,59374
2021,2,Detroit Lions,DET,Detroit Lions,DET,77240
2021,3,Detroit Lions,DET,Detroit Lions,DET,50788
2021,4,Detroit Lions,DET,Detroit Lions,DET,61468
2021,5,Detroit Lions,DET,Detroit Lions,DET,66538
2021,6,Detroit Lions,DET,Detroit Lions,DET,50831
2021,7,Detroit Lions,DET,Detroit Lions,DET,70540
2021,8,Detroit Lions,DET,Detroit Lions,DET,47192
2021,10,Detroit Lions,DET,Detroit Lions,DET,58716
2021,11,Detroit Lions,DET,Detroit Lions,DET,67431
2021,12,Detroit Lions,DET,Detroit Lions,DET,56355
2021,13,Detroit Lions,DET,Detroit Lions,DET,45691
2021,14,Detroit Lions,DET,Detroit Lions,DET,76211
2021,15,Detroit Lions,DET,Detroit Lions,DET,45211
2021,16,Detroit Lions,DET,Detroit Lions,DET,68638
2021,17,Detroit Lions,DET,Detroit Lions,DET,68043
2021,18,Detroit Lions,DET,Detroit Lions,DET,56735
2021,1,Green Bay Packers,GB,Green Bay Packers,GB,35242
2021,2,Green Bay Packers,GB,Green Bay Packers,GB,77240
2021,3,Green Bay Packers,GB,Green Bay Packers,GB,69853
2021,4,Green Bay Packers,GB,Green Bay Packers,GB,78281
2021,5,Green Bay Packers,GB,Green Bay Packers,GB,64195
2021,6,Green Bay Packers,GB,Green Bay Packers,GB,62332
2021,7,Green Bay Packers,GB,Green Bay Packers,GB,78219
2021,8,Green Bay Packers,GB,Green Bay Packers,GB,63696
2021,9,Green Bay Packers,GB,Green Bay Packers,GB,73476
2021,10,Green Bay Packers,GB,Green Bay Packers,GB,78235
2021,11,Green Bay Packers,GB,Green Bay Packers,GB,66959
2021,12,Green Bay Packers,GB,Green Bay Packers,GB,77948
2021,14,Green Bay Packers,GB,Green Bay Packers,GB,78273
2021,15,Green Bay Packers,GB,Green Bay Packers,GB,70815
2021,16,Green Bay Packers,GB,Green Bay Packers,GB,77901
2021,17,Green Bay Packers,GB,Green Bay Packers,GB,77832
2021,18,Green Bay Packers,GB,Green Bay Packers,GB,56735
2021,1,Houston Texans,HOU,Houston Texans,HOU,68105
2021,2,Houston Texans,HOU,Houston Texans,HOU,67431
2021,3,Houston Texans,HOU,Houston Texans,HOU,68320
2021,4,Houston Texans,HOU,Houston Texans,HOU,68087
2021,5,Houston Texans,HOU,Houston Texans,HOU,68450
2021,6,Houston Texans,HOU,Houston Texans,HOU,57947
2021,7,Houston Texans,HOU,Houston Texans,HOU,60297
2021,8,Houston Texans,HOU,Houston Texans,HOU,66013
2021,9,Houston Texans,HOU,Houston Texans,HOU,60232
2021,11,Houston Texans,HOU,Houston Texans,HOU,67395
2021,12,Houston Texans,HOU,Houston Texans,HOU,65120
2021,13,Houston Texans,HOU,Houston Texans,HOU,65291
2021,14,Houston Texans,HOU,Houston Texans,HOU,67610
2021,15,Houston Texans,HOU,Houston Texans,HOU,60252
2021,16,Houston Texans,HOU,Houston Texans,HOU,65674
2021,17,Houston Texans,HOU,Houston Texans,HOU,71612
2021,18,Houston Texans,HOU,Houston Texans,HOU,66722
2021,1,Indianapolis Colts,IND,Indianapolis Colts,IND,63347
2021,2,Indianapolis Colts,IND,Indianapolis Colts,IND,63076
2021,3,Indianapolis Colts,IND,Indianapolis Colts,IND,67914
2021,4,Indianapolis Colts,IND,Indianapolis Colts,IND,64571
2021,5,Indianapolis Colts,IND,Indianapolis Colts,IND,70510
2021,6,Indianapolis Colts,IND,Indianapolis Colts,IND,57947
2021,7,Indianapolis Colts,IND,Indianapolis Colts,IND,56576
2021,8,Indianapolis Colts,IND,Indianapolis Colts,IND,59175
2021,9,Indianapolis Colts,IND,Indianapolis Colts,IND,59593
2021,10,Indianapolis Colts,IND,Indianapolis Colts,IND,60622
2021,11,Indianapolis Colts,IND,Indianapolis Colts,IND,69866
2021,12,Indianapolis Colts,IND,Indianapolis Colts,IND,66140
2021,13,Indianapolis Colts,IND,Indianapolis Colts,IND,65291
2021,15,Indianapolis Colts,IND,Indianapolis Colts,IND,66391
2021,16,Indianapolis Colts,IND,Indianapolis Colts,IND,63900
2021,17,Indianapolis Colts,IND,Indianapolis Colts,IND,65985
2021,18,Indianapolis Colts,IND,Indianapolis Colts,IND,60516
2021,1,Jacksonville Jaguars,JAX,Jacksonville Jaguars,JAX,68105
2021,2,Jacksonville Jaguars,JAX,Jacksonville Jaguars,JAX,58461
2021,3,Jacksonville Jaguars,JAX,Jacksonville Jaguars,JAX,58012
2021,4,Jacksonville Jaguars,JAX,Jacksonville Jaguars,JAX,63198
2021,5,Jacksonville Jaguars,JAX,Jacksonville Jaguars,JAX,58282
2021,6,Jacksonville Jaguars,JAX,Jacksonville Jaguars,JAX,60784
2021,8,Jacksonville Jaguars,JAX,Jacksonville Jaguars,JAX,67243
2021,9,Jacksonville Jaguars,JAX,Jacksonville Jaguars,JAX,63110
2021,10,Jacksonville Jaguars,JAX,Jacksonville Jaguars,JAX,60622
2021,11,Jacksonville Jaguars,JAX,Jacksonville Jaguars,JAX,60268
2021,12,Jacksonville Jaguars,JAX,Jacksonville Jaguars,JAX,60031
2021,13,Jacksonville Jaguars,JAX,Jacksonville Jaguars,JAX,70801
2021,14,Jacksonville Jaguars,JAX,Jacksonville Jaguars,JAX,67808
2021,15,Jacksonville Jaguars,JAX,Jacksonville Jaguars,JAX,60252
2021,16,Jacksonville Jaguars,JAX,Jacksonville Jaguars,JAX,67120
2021,17,Jacksonville Jaguars,JAX,Jacksonville Jaguars,JAX,65878
2021,18,Jacksonville Jaguars,JAX,Jacksonville Jaguars,JAX,60516
2021,1,Kansas City Chiefs,KC,Kansas City Chiefs,KC,72973
2021,2,Kansas City Chiefs,KC,Kansas City Chiefs,KC,70417
2021,3,Kansas City Chiefs,KC,Kansas City Chiefs,KC,72980
2021,4,Kansas City Chiefs,KC,Kansas City Chiefs,KC,69796
2021,5,Kansas City Chiefs,KC,Kansas City Chiefs,KC,73389
2021,6,Kansas City Chiefs,KC,Kansas City Chiefs,KC,51322
2021,7,Kansas City Chiefs,KC,Kansas City Chiefs,KC,69484
2021,8,Kansas City Chiefs,KC,Kansas City Chiefs,KC,72898
2021,9,Kansas City Chiefs,KC,Kansas City Chiefs,KC,73476
2021,10,Kansas City Chiefs,KC,Kansas City Chiefs,KC,62125
2021,11,Kansas City Chiefs,KC,Kansas City Chiefs,KC,73494
2021,13,Kansas City Chiefs,KC,Kansas City Chiefs,KC,73185
2021,14,Kansas City Chiefs,KC,Kansas City Chiefs,KC,73278
2021,15,Kansas City Chiefs,KC,Kansas City Chiefs,KC,70240
2021,16,Kansas City Chiefs,KC,Kansas City Chiefs,KC,73371
2021,17,Kansas City Chiefs,KC,Kansas City Chiefs,KC,64505
2021,18,Kansas City Chiefs,KC,Kansas City Chiefs,KC,76012
2021,1,Los Angeles Chargers,LAC,Los Angeles Chargers,LAC,52753
2021,2,Los Angeles Chargers,LAC,Los Angeles Chargers,LAC,70240
2021,3,Los Angeles Chargers,LAC,Los Angeles Chargers,LAC,72980
2021,4,Los Angeles Chargers,LAC,Los Angeles Chargers,LAC,70240
2021,5,Los Angeles Chargers,LAC,Los Angeles Chargers,LAC,70240
2021,6,Los Angeles Chargers,LAC,Los Angeles Chargers,LAC,70704
2021,8,Los Angeles Chargers,LAC,Los Angeles Chargers,LAC,70240
2021,9,Los Angeles Chargers,LAC,Los Angeles Chargers,LAC,69796
2021,10,Los Angeles Chargers,LAC,Los Angeles Chargers,LAC,70240
2021,11,Los Angeles Chargers,LAC,Los Angeles Chargers,LAC,70240
2021,12,Los Angeles Chargers,LAC,Los Angeles Chargers,LAC,75807
2021,13,Los Angeles Chargers,LAC,Los Angeles Chargers,LAC,51414
2021,14,Los Angeles Chargers,LAC,Los Angeles Chargers,LAC,70240
2021,15,Los Angeles Chargers,LAC,Los Angeles Chargers,LAC,70240
2021,16,Los Angeles Chargers,LAC,Los Angeles Chargers,LAC,65674
2021,17,Los Angeles Chargers,LAC,Los Angeles Chargers,LAC,70240
2021,18,Los Angeles Chargers,LAC,Los Angeles Chargers,LAC,62068
2021,1,Los Angeles Rams,LAR,Los Angeles Rams,LAR,70445
2021,2,Los Angeles Rams,LAR,Los Angeles Rams,LAR,63076
2021,3,Los Angeles Rams,LAR,Los Angeles Rams,LAR,73205
2021,4,Los Angeles Rams,LAR,Los Angeles Rams,LAR,70003
2021,5,Los Angeles Rams,LAR,Los Angeles Rams,LAR,68747
2021,6,Los Angeles Rams,LAR,Los Angeles Rams,LAR,73920
2021,7,Los Angeles Rams,LAR,Los Angeles Rams,LAR,70540
2021,8,Los Angeles Rams,LAR,Los Angeles Rams,LAR,66013
2021,9,Los Angeles Rams,LAR,Los Angeles Rams,LAR,71785
2021,10,Los Angeles Rams,LAR,Los Angeles Rams,LAR,64256
2021,12,Los Angeles Rams,LAR,Los Angeles Rams,LAR,77948
2021,13,Los Angeles Rams,LAR,Los Angeles Rams,LAR,70801
2021,14,Los Angeles Rams,LAR,Los Angeles Rams,LAR,63999
2021,15,Los Angeles Rams,LAR,Los Angeles Rams,LAR,71565
2021,16,Los Angeles Rams,LAR,Los Angeles Rams,LAR,66708
2021,17,Los Angeles Rams,LAR,Los Angeles Rams,LAR,70328
2021,18,Los Angeles Rams,LAR,Los Angeles Rams,LAR,74447
2021,1,Las Vegas Raiders,LV,Las Vegas Raiders,LV,61756
2021,2,Las Vegas Raiders,LV,Las Vegas Raiders,LV,63707
2021,3,Las Vegas Raiders,LV,Las Vegas Raiders,LV,59311
2021,4,Las Vegas Raiders,LV,Las Vegas Raiders,LV,70240
2021,5,Las Vegas Raiders,LV,Las Vegas Raiders,LV,59122
2021,6,Las Vegas Raiders,LV,Las Vegas Raiders,LV,76854
2021,7,Las Vegas Raiders,LV,Las Vegas Raiders,LV,62000
2021,9,Las Vegas Raiders,LV,Las Vegas Raiders,LV,74512
2021,10,Las Vegas Raiders,LV,Las Vegas Raiders,LV,62125
2021,11,Las Vegas Raiders,LV,Las Vegas Raiders,LV,61712
2021,12,Las Vegas Raiders,LV,Las Vegas Raiders,LV,93483
2021,13,Las Vegas Raiders,LV,Las Vegas Raiders,LV,61607
2021,14,Las Vegas Raiders,LV,Las Vegas Raiders,LV,73278
2021,16,Las Vegas Raiders,LV,Las Vegas Raiders,LV,60972
2021,17,Las Vegas Raiders,LV,Las Vegas Raiders,LV,65985
2021,18,Las Vegas Raiders,LV,Las Vegas Raiders,LV,62068
2021,1,Miami Dolphins,MIA,Miami Dolphins,MIA,65878
2021,2,Miami Dolphins,MIA,Miami Dolphins,MIA,65040
2021,3,Miami Dolphins,MIA,Miami Dolphins,MIA,59311
2021,4,Miami Dolphins,MIA,Miami Dolphins,MIA,64571
2021,5,Miami Dolphins,MIA,Miami Dolphins,MIA,65570
2021,6,Miami Dolphins,MIA,Miami Dolphins,MIA,60784
2021,7,Miami Dolphins,MIA,Miami Dolphins,MIA,62739
2021,8,Miami Dolphins,MIA,Miami Dolphins,MIA,69355
2021,9,Miami Dolphins,MIA,Miami Dolphins,MIA,60232
2021,10,Miami Dolphins,MIA,Miami Dolphins,MIA,65948
2021,11,Miami Dolphins,MIA,Miami Dolphins,MIA,72303
2021,12,Miami Dolphins,MIA,Miami Dolphins,MIA,62389
2021,13,Miami Dolphins,MIA,Miami Dolphins,MIA,65898
2021,15,Miami Dolphins,MIA,Miami Dolphins,MIA,66035
2021,16,Miami Dolphins,MIA,Miami Dolphins,MIA,69170
2021,17,Miami Dolphins,MIA,Miami Dolphins,MIA,69091
2021,18,Miami Dolphins,MIA,Miami Dolphins,MIA,66514
2021,1,Minnesota Vikings,MIN,Minnesota Vikings,MIN,56525
2021,2,Minnesota Vikings,MIN,Minnesota Vikings,MIN,60115
2021,3,Minnesota Vikings,MIN,Minnesota Vikings,MIN,66729
2021,4,Minnesota Vikings,MIN,Minnesota Vikings,MIN,66703
2021,5,Minnesota Vikings,MIN,Minnesota Vikings,MIN,66538
2021,6,Minnesota Vikings,MIN,Minnesota Vikings,MIN,72104
2021,8,Minnesota Vikings,MIN,Minnesota Vikings,MIN,66633
2021,9,Minnesota Vikings,MIN,Minnesota Vikings,MIN,70599
2021,10,Minnesota Vikings,MIN,Minnesota Vikings,MIN,70240
2021,11,Minnesota Vikings,MIN,Minnesota Vikings,MIN,66959
2021,12,Minnesota Vikings,MIN,Minnesota Vikings,MIN,71493
2021,13,Minnesota Vikings,MIN,Minnesota Vikings,MIN,45691
2021,14,Minnesota Vikings,MIN,Minnesota Vikings,MIN,66718
2021,15,Minnesota Vikings,MIN,Minnesota Vikings,MIN,60082
2021,16,Minnesota Vikings,MIN,Minnesota Vikings,MIN,66708
2021,17,Minnesota Vikings,MIN,Minnesota Vikings,MIN,77832
2021,18,Minnesota Vikings,MIN,Minnesota Vikings,MIN,66625
2021,1,New England Patriots,NE,New England Patriots,NE,65878
2021,2,New England Patriots,NE,New England Patriots,NE,75626
2021,3,New England Patriots,NE,New England Patriots,NE,65878
2021,4,New England Patriots,NE,New England Patriots,NE,65878
2021,5,New England Patriots,NE,New England Patriots,NE,68450
2021,6,New England Patriots,NE,New England Patriots,NE,65878
2021,7,New England Patriots,NE,New England Patriots,NE,65878
2021,8,New England Patriots,NE,New England Patriots,NE,70240
2021,9,New England Patriots,NE,New England Patriots,NE,72203
2021,10,New England Patriots,NE,New England Patriots,NE,65878
2021,11,New England Patriots,NE,New England Patriots,NE,68286
2021,12,New England Patriots,NE,New England Patriots,NE,65878
2021,13,New England Patriots,NE,New England Patriots,NE,69694
2021,15,New England Patriots,NE,New England Patriots,NE,66391
2021,16,New England Patriots,NE,New England Patriots,NE,65878
2021,17,New England Patriots,NE,New England Patriots,NE,65878
2021,18,New England Patriots,NE,New England Patriots,NE,66514
2021,1,New Orleans Saints,NO,New Orleans Saints,NO,35242
2021,2,New Orleans Saints,NO,New Orleans Saints,NO,70675
2021,3,New Orleans Saints,NO,New Orleans Saints,NO,65878
2021,4,New Orleans Saints,NO,New Orleans Saints,NO,69170
2021,5,New Orleans Saints,NO,New Orleans Saints,NO,50137
2021,7,New Orleans Saints,NO,New Orleans Saints,NO,68563
2021,8,New Orleans Saints,NO,New Orleans Saints,NO,69170
2021,9,New Orleans Saints,NO,New Orleans Saints,NO,69170
2021,10,New Orleans Saints,NO,New Orleans Saints,NO,69414
2021,11,New Orleans Saints,NO,New Orleans Saints,NO,69796
2021,12,New Orleans Saints,NO,New Orleans Saints,NO,69170
2021,13,New Orleans Saints,NO,New Orleans Saints,NO,69170
2021,14,New Orleans Saints,NO,New Orleans Saints,NO,69129
2021,15,New Orleans Saints,NO,New Orleans Saints,NO,65744
2021,16,New Orleans Saints,NO,New Orleans Saints,NO,69170
2021,17,New Orleans Saints,NO,New Orleans Saints,NO,69170
2021,18,New Orleans Saints,NO,New Orleans Saints,NO,68336
2021,1,New York Giants,NYG,New York Giants,NYG,74119
2021,2,New York Giants,NYG,New York Giants,NYG,50118
2021,3,New York Giants,NYG,New York Giants,NYG,75307
2021,4,New York Giants,NYG,New York Giants,NYG,69170
2021,5,New York Giants,NYG,New York Giants,NYG,93476
2021,6,New York Giants,NYG,New York Giants,NYG,73920
2021,7,New York Giants,NYG,New York Giants,NYG,71889
2021,8,New York Giants,NYG,New York Giants,NYG,72898
2021,9,New York Giants,NYG,New York Giants,NYG,74512
2021,11,New York Giants,NYG,New York Giants,NYG,65643
2021,12,New York Giants,NYG,New York Giants,NYG,73969
2021,13,New York Giants,NYG,New York Giants,NYG,65898
2021,14,New York Giants,NYG,New York Giants,NYG,70240
2021,15,New York Giants,NYG,New York Giants,NYG,77413
2021,16,New York Giants,NYG,New York Giants,NYG,69796
2021,17,New York Giants,NYG,New York Giants,NYG,59594
2021,18,New York Giants,NYG,New York Giants,NYG,69923
2021,1,New York Jets,NYJ,New York Jets,NYJ,70211
2021,2,New York Jets,NYJ,New York Jets,NYJ,75626
2021,3,New York Jets,NYJ,New York Jets,NYJ,75882
2021,4,New York Jets,NYJ,New York Jets,NYJ,70232
2021,5,New York Jets,NYJ,New York Jets,NYJ,60589
2021,7,New York Jets,NYJ,New York Jets,NYJ,65878
2021,8,New York Jets,NYJ,New York Jets,NYJ,67503
2021,9,New York Jets,NYJ,New York Jets,NYJ,59593
2021,10,New York Jets,NYJ,New York Jets,NYJ,77625
2021,11,New York Jets,NYJ,New York Jets,NYJ,72303
2021,12,New York Jets,NYJ,New York Jets,NYJ,65120
2021,13,New York Jets,NYJ,New York Jets,NYJ,73311
2021,14,New York Jets,NYJ,New York Jets,NYJ,69129
2021,15,New York Jets,NYJ,New York Jets,NYJ,66035
2021,16,New York Jets,NYJ,New York Jets,NYJ,67120
2021,17,New York Jets,NYJ,New York Jets,NYJ,72243
2021,18,New York Jets,NYJ,New York Jets,NYJ,64783
2021,1,Philadelphia Eagles,PHI,Philadelphia Eagles,PHI,68633
2021,2,Philadelphia Eagles,PHI,Philadelphia Eagles,PHI,69796
2021,3,Philadelphia Eagles,PHI,Philadelphia Eagles,PHI,93267
2021,4,Philadelphia Eagles,PHI,Philadelphia Eagles,PHI,69796
2021,5,Philadelphia Eagles,PHI,Philadelphia Eagles,PHI,72545
2021,6,Philadelphia Eagles,PHI,Philadelphia Eagles,PHI,69796
2021,7,Philadelphia Eagles,PHI,Philadelphia Eagles,PHI,62000
2021,8,Philadelphia Eagles,PHI,Philadelphia Eagles,PHI,47192
2021,9,Philadelphia Eagles,PHI,Philadelphia Eagles,PHI,69796
2021,10,Philadelphia Eagles,PHI,Philadelphia Eagles,PHI,76766
2021,11,Philadelphia Eagles,PHI,Philadelphia Eagles,PHI,69796
2021,12,Philadelphia Eagles,PHI,Philadelphia Eagles,PHI,73969
2021,13,Philadelphia Eagles,PHI,Philadelphia Eagles,PHI,73311
2021,15,Philadelphia Eagles,PHI,Philadelphia Eagles,PHI,69796
2021,16,Philadelphia Eagles,PHI,Philadelphia Eagles,PHI,69796
2021,17,Philadelphia Eagles,PHI,Philadelphia Eagles,PHI,51563
2021,18,Philadelphia Eagles,PHI,Philadelphia Eagles,PHI,69796
2021,1,Pittsburgh Steelers,PIT,Pittsburgh Steelers,PIT,69787
2021,2,Pittsburgh Steelers,PIT,Pittsburgh Steelers,PIT,63707
2021,3,Pittsburgh Steelers,PIT,Pittsburgh Steelers,PIT,58076
2021,4,Pittsburgh Steelers,PIT,Pittsburgh Steelers,PIT,78281
2021,5,Pittsburgh Steelers,PIT,Pittsburgh Steelers,PIT,59841
2021,6,Pittsburgh Steelers,PIT,Pittsburgh Steelers,PIT,60821
2021,8,Pittsburgh Steelers,PIT,Pittsburgh Steelers,PIT,67431
2021,9,Pittsburgh Steelers,PIT,Pittsburgh Steelers,PIT,60788
2021,10,Pittsburgh Steelers,PIT,Pittsburgh Steelers,PIT,58716
2021,11,Pittsburgh Steelers,PIT,Pittsburgh Steelers,PIT,70240
2021,12,Pittsburgh Steelers,PIT,Pittsburgh Steelers,PIT,63238
2021,13,Pittsburgh Steelers,PIT,Pittsburgh Steelers,PIT,59303
2021,14,Pittsburgh Steelers,PIT,Pittsburgh Steelers,PIT,66718
2021,15,Pittsburgh Steelers,PIT,Pittsburgh Steelers,PIT,59521
2021,16,Pittsburgh Steelers,PIT,Pittsburgh Steelers,PIT,73371
2021,17,Pittsburgh Steelers,PIT,Pittsburgh Steelers,PIT,63624
2021,18,Pittsburgh Steelers,PIT,Pittsburgh Steelers,PIT,70453
2021,1,Seattle Seahawks,SEA,Seattle Seahawks,SEA,63347
2021,2,Seattle Seahawks,SEA,Seattle Seahawks,SEA,68585
2021,3,Seattle Seahawks,SEA,Seattle Seahawks,SEA,66729
2021,4,Seattle Seahawks,SEA,Seattle Seahawks,SEA,68912
2021,5,Seattle Seahawks,SEA,Seattle Seahawks,SEA,68747
2021,6,Seattle Seahawks,SEA,Seattle Seahawks,SEA,60821
2021,7,Seattle Seahawks,SEA,Seattle Seahawks,SEA,68563
2021,8,Seattle Seahawks,SEA,Seattle Seahawks,SEA,67243
2021,10,Seattle Seahawks,SEA,Seattle Seahawks,SEA,78235
2021,11,Seattle Seahawks,SEA,Seattle Seahawks,SEA,68833
2021,12,Seattle Seahawks,SEA,Seattle Seahawks,SEA,52680
2021,13,Seattle Seahawks,SEA,Seattle Seahawks,SEA,68758
2021,14,Seattle Seahawks,SEA,Seattle Seahawks,SEA,67610
2021,15,Seattle Seahawks,SEA,Seattle Seahawks,SEA,71565
2021,16,Seattle Seahawks,SEA,Seattle Seahawks,SEA,68492
2021,17,Seattle Seahawks,SEA,Seattle Seahawks,SEA,68043
2021,18,Seattle Seahawks,SEA,Seattle Seahawks,SEA,63858
2021,1,San Francisco 49ers,SF,San Francisco 49ers,SF,59374
2021,2,San Francisco 49ers,SF,San Francisco 49ers,SF,69796
2021,3,San Francisco 49ers,SF,San Francisco 49ers,SF,69853
2021,4,San Francisco 49ers,SF,San Francisco 49ers,SF,68912
2021,5,San Francisco 49ers,SF,San Francisco 49ers,SF,62716
2021,7,San Francisco 49ers,SF,San Francisco 49ers,SF,56576
2021,8,San Francisco 49ers,SF,San Francisco 49ers,SF,60877
2021,9,San Francisco 49ers,SF,San Francisco 49ers,SF,59012
2021,10,San Francisco 49ers,SF,San Francisco 49ers,SF,64256
2021,11,San Francisco 49ers,SF,San Francisco 49ers,SF,60268
2021,12,San Francisco 49ers,SF,San Francisco 49ers,SF,71493
2021,13,San Francisco 49ers,SF,San Francisco 49ers,SF,68758
2021,14,San Francisco 49ers,SF,San Francisco 49ers,SF,50481
2021,15,San Francisco 49ers,SF,San Francisco 49ers,SF,71650
2021,16,San Francisco 49ers,SF,San Francisco 49ers,SF,69361
2021,17,San Francisco 49ers,SF,San Francisco 49ers,SF,71612
2021,18,San Francisco 49ers,SF,San Francisco 49ers,SF,74447
2021,1,Tampa Bay Buccaneers,TB,Tampa Bay Buccaneers,TB,65566
2021,2,Tampa Bay Buccaneers,TB,Tampa Bay Buccaneers,TB,63694
2021,3,Tampa Bay Buccaneers,TB,Tampa Bay Buccaneers,TB,73205
2021,4,Tampa Bay Buccaneers,TB,Tampa Bay Buccaneers,TB,65878
2021,5,Tampa Bay Buccaneers,TB,Tampa Bay Buccaneers,TB,65570
2021,6,Tampa Bay Buccaneers,TB,Tampa Bay Buccaneers,TB,69796
2021,7,Tampa Bay Buccaneers,TB,Tampa Bay Buccaneers,TB,65635
2021,8,Tampa Bay Buccaneers,TB,Tampa Bay Buccaneers,TB,69170
2021,10,Tampa Bay Buccaneers,TB,Tampa Bay Buccaneers,TB,52128
2021,11,Tampa Bay Buccaneers,TB,Tampa Bay Buccaneers,TB,65643
2021,12,Tampa Bay Buccaneers,TB,Tampa Bay Buccaneers,TB,66140
2021,13,Tampa Bay Buccaneers,TB,Tampa Bay Buccaneers,TB,69366
2021,15,Tampa Bay Buccaneers,TB,Tampa Bay Buccaneers,TB,65744
2021,16,Tampa Bay Buccaneers,TB,Tampa Bay Buccaneers,TB,71918
2021,17,Tampa Bay Buccaneers,TB,Tampa Bay Buccaneers,TB,72243
2021,18,Tampa Bay Buccaneers,TB,Tampa Bay Buccaneers,TB,65473
2021,1,Tennessee Titans,TEN,Tennessee Titans,TEN,67216
2021,2,Tennessee Titans,TEN,Tennessee Titans,TEN,68585
2021,3,Tennessee Titans,TEN,Tennessee Titans,TEN,67914
2021,4,Tennessee Titans,TEN,Tennessee Titans,TEN,70232
2021,5,Tennessee Titans,TEN,Tennessee Titans,TEN,58282
2021,6,Tennessee Titans,TEN,Tennessee Titans,TEN,69419
2021,7,Tennessee Titans,TEN,Tennessee Titans,TEN,69484
2021,8,Tennessee Titans,TEN,Tennessee Titans,TEN,59175
2021,9,Tennessee Titans,TEN,Tennessee Titans,TEN,71785
2021,10,Tennessee Titans,TEN,Tennessee Titans,TEN,69414
2021,11,Tennessee Titans,TEN,Tennessee Titans,TEN,67395
2021,12,Tennessee Titans,TEN,Tennessee Titans,TEN,65878
2021,14,Tennessee Titans,TEN,Tennessee Titans,TEN,67808
2021,15,Tennessee Titans,TEN,Tennessee Titans,TEN,59521
2021,16,Tennessee Titans,TEN,Tennessee Titans,TEN,69361
2021,17,Tennessee Titans,TEN,Tennessee Titans,TEN,69091
2021,18,Tennessee Titans,TEN,Tennessee Titans,TEN,66722
2021,1,Washington Football Team,WAS,Washington Commanders,WSH,52753
2021,2,Washington Football Team,WAS,Washington Commanders,WSH,50118
2021,3,Washington Football Team,WAS,Washington Commanders,WSH,68434
2021,4,Washington Football Team,WAS,Washington Commanders,WSH,68333
2021,5,Washington Football Team,WAS,Washington Commanders,WSH,50137
2021,6,Washington Football Team,WAS,Washington Commanders,WSH,51322
2021,7,Washington Football Team,WAS,Washington Commanders,WSH,78219
2021,8,Washington Football Team,WAS,Washington Commanders,WSH,75973
2021,10,Washington Football Team,WAS,Washington Commanders,WSH,52128
2021,11,Washington Football Team,WAS,Washington Commanders,WSH,73350
2021,12,Washington Football Team,WAS,Washington Commanders,WSH,52680
2021,13,Washington Football Team,WAS,Washington Commanders,WSH,61607
2021,14,Washington Football Team,WAS,Washington Commanders,WSH,61308
2021,15,Washington Football Team,WAS,Washington Commanders,WSH,69796
2021,16,Washington Football Team,WAS,Washington Commanders,WSH,93482
2021,17,Washington Football Team,WAS,Washington Commanders,WSH,51563
2021,18,Washington Football Team,WAS,Washington Commanders,WSH,69923
2022,1,Arizona Cardinals,ARI,Arizona Cardinals,ARI,63697
2022,2,Arizona Cardinals,ARI,Arizona Cardinals,ARI,61707
2022,3,Arizona Cardinals,ARI,Arizona Cardinals,ARI,63243
2022,4,Arizona Cardinals,ARI,Arizona Cardinals,ARI,69810
2022,5,Arizona Cardinals,ARI,Arizona Cardinals,ARI,63919
2022,6,Arizona Cardinals,ARI,Arizona Cardinals,ARI,68867
2022,7,Arizona Cardinals,ARI,Arizona Cardinals,ARI,63290
2022,8,Arizona Cardinals,ARI,Arizona Cardinals,ARI,66742
2022,9,Arizona Cardinals,ARI,Arizona Cardinals,ARI,63982
2022,10,Arizona Cardinals,ARI,Arizona Cardinals,ARI,71752
2022,11,Arizona Cardinals,ARI,Arizona Cardinals,ARI,78427
2022,12,Arizona Cardinals,ARI,Arizona Cardinals,ARI,63628
2022,14,Arizona Cardinals,ARI,Arizona Cardinals,ARI,63251
2022,15,Arizona Cardinals,ARI,Arizona Cardinals,ARI,75179
2022,16,Arizona Cardinals,ARI,Arizona Cardinals,ARI,63393
2022,17,Arizona Cardinals,ARI,Arizona Cardinals,ARI,69269
2022,18,Arizona Cardinals,ARI,Arizona Cardinals,ARI,71638
2022,1,Atlanta Falcons,ATL,Atlanta Falcons,ATL,70078
2022,2,Atlanta Falcons,ATL,Atlanta Falcons,ATL,71802
2022,3,Atlanta Falcons,ATL,Atlanta Falcons,ATL,68773
2022,4,Atlanta Falcons,ATL,Atlanta Falcons,ATL,69435
2022,5,Atlanta Falcons,ATL,Atlanta Falcons,ATL,68299
2022,6,Atlanta Falcons,ATL,Atlanta Falcons,ATL,69813
2022,7,Atlanta Falcons,ATL,Atlanta Falcons,ATL,66158
2022,8,Atlanta Falcons,ATL,Atlanta Falcons,ATL,68996
2022,9,Atlanta Falcons,ATL,Atlanta Falcons,ATL,69299
2022,10,Atlanta Falcons,ATL,Atlanta Falcons,ATL,72029
2022,11,Atlanta Falcons,ATL,Atlanta Falcons,ATL,69757
2022,12,Atlanta Falcons,ATL,Atlanta Falcons,ATL,53864
2022,13,Atlanta Falcons,ATL,Atlanta Falcons,ATL,70325
2022,15,Atlanta Falcons,ATL,Atlanta Falcons,ATL,70041
2022,16,Atlanta Falcons,ATL,Atlanta Falcons,ATL,70467
2022,17,Atlanta Falcons,ATL,Atlanta Falcons,ATL,69269
2022,18,Atlanta Falcons,ATL,Atlanta Falcons,ATL,69276
2022,1,Baltimore Ravens,BAL,Baltimore Ravens,BAL,78827
2022,2,Baltimore Ravens,BAL,Baltimore Ravens,BAL,70582
2022,3,Baltimore Ravens,BAL,Baltimore Ravens,BAL,65878
2022,4,Baltimore Ravens,BAL,Baltimore Ravens,BAL,70494
2022,5,Baltimore Ravens,BAL,Baltimore Ravens,BAL,70548
2022,6,Baltimore Ravens,BAL,Baltimore Ravens,BAL,78019
2022,7,Baltimore Ravens,BAL,Baltimore Ravens,BAL,70461
2022,8,Baltimore Ravens,BAL,Baltimore Ravens,BAL,68912
2022,9,Baltimore Ravens,BAL,Baltimore Ravens,BAL,70010
2022,11,Baltimore Ravens,BAL,Baltimore Ravens,BAL,70677
2022,12,Baltimore Ravens,BAL,Baltimore Ravens,BAL,59560
2022,13,Baltimore Ravens,BAL,Baltimore Ravens,BAL,70443
2022,14,Baltimore Ravens,BAL,Baltimore Ravens,BAL,66326
2022,15,Baltimore Ravens,BAL,Baltimore Ravens,BAL,67431
2022,16,Baltimore Ravens,BAL,Baltimore Ravens,BAL,70467
2022,17,Baltimore Ravens,BAL,Baltimore Ravens,BAL,71042
2022,18,Baltimore Ravens,BAL,Baltimore Ravens,BAL,65849
2022,1,Buffalo Bills,BUF,Buffalo Bills,BUF,73846
2022,2,Buffalo Bills,BUF,Buffalo Bills,BUF,70683
2022,3,Buffalo Bills,BUF,Buffalo Bills,BUF,66206
2022,4,Buffalo Bills,BUF,Buffalo Bills,BUF,70494
2022,5,Buffalo Bills,BUF,Buffalo Bills,BUF,70764
2022,6,Buffalo Bills,BUF,Buffalo Bills,BUF,73586
2022,8,Buffalo Bills,BUF,Buffalo Bills,BUF,70863
2022,9,Buffalo Bills,BUF,Buffalo Bills,BUF,83135
2022,10,Buffalo Bills,BUF,Buffalo Bills,BUF,70844
2022,11,Buffalo Bills,BUF,Buffalo Bills,BUF,52146
2022,12,Buffalo Bills,BUF,Buffalo Bills,BUF,66553
2022,13,Buffalo Bills,BUF,Buffalo Bills,BUF,65878
2022,14,Buffalo Bills,BUF,Buffalo Bills,BUF,70603
2022,15,Buffalo Bills,BUF,Buffalo Bills,BUF,70794
2022,16,Buffalo Bills,BUF,Buffalo Bills,BUF,59929
2022,18,Buffalo Bills,BUF,Buffalo Bills,BUF,70753
2022,1,Carolina Panthers,CAR,Carolina Panthers,CAR,72205
2022,2,Carolina Panthers,CAR,Carolina Panthers,CAR,73843
2022,3,Carolina Panthers,CAR,Carolina Panthers,CAR,70496
2022,4,Carolina Panthers,CAR,Carolina Panthers,CAR,69810
2022,5,Carolina Panthers,CAR,Carolina Panthers,CAR,72321
2022,6,Carolina Panthers,CAR,Carolina Panthers,CAR,71482
2022,7,Carolina Panthers,CAR,Carolina Panthers,CAR,71941
2022,8,Carolina Panthers,CAR,Carolina Panthers,CAR,68996
2022,9,Carolina Panthers,CAR,Carolina Panthers,CAR,66160
2022,10,Carolina Panthers,CAR,Carolina Panthers,CAR,72029
2022,11,Carolina Panthers,CAR,Carolina Panthers,CAR,70677
2022,12,Carolina Panthers,CAR,Carolina Panthers,CAR,70644
2022,14,Carolina Panthers,CAR,Carolina Panthers,CAR,68672
2022,15,Carolina Panthers,CAR,Carolina Panthers,CAR,73548
2022,16,Carolina Panthers,CAR,Carolina Panthers,CAR,69173
2022,17,Carolina Panthers,CAR,Carolina Panthers,CAR,69298
2022,18,Carolina Panthers,CAR,Carolina Panthers,CAR,70118
2022,1,Chicago Bears,CHI,Chicago Bears,CHI,62159
2022,2,Chicago Bears,CHI,Chicago Bears,CHI,78350
2022,3,Chicago Bears,CHI,Chicago Bears,CHI,60592
2022,4,Chicago Bears,CHI,Chicago Bears,CHI,74044
2022,5,Chicago Bears,CHI,Chicago Bears,CHI,66929
2022,6,Chicago Bears,CHI,Chicago Bears,CHI,61873
2022,7,Chicago Bears,CHI,Chicago Bears,CHI,65878
2022,8,Chicago Bears,CHI,Chicago Bears,CHI,93767
2022,9,Chicago Bears,CHI,Chicago Bears,CHI,62377
2022,10,Chicago Bears,CHI,Chicago Bears,CHI,61817
2022,11,Chicago Bears,CHI,Chicago Bears,CHI,69757
2022,12,Chicago Bears,CHI,Chicago Bears,CHI,77963
2022,13,Chicago Bears,CHI,Chicago Bears,CHI,61233
2022,15,Chicago Bears,CHI,Chicago Bears,CHI,48423
2022,16,Chicago Bears,CHI,Chicago Bears,CHI,59929
2022,17,Chicago Bears,CHI,Chicago Bears,CHI,66169
2022,18,Chicago Bears,CHI,Chicago Bears,CHI,60007
2022,1,Cincinnati Bengals,CIN,Cincinnati Bengals,CIN,65841
2022,2,Cincinnati Bengals,CIN,Cincinnati Bengals,CIN,92944
2022,3,Cincinnati Bengals,CIN,Cincinnati Bengals,CIN,73708
2022,4,Cincinnati Bengals,CIN,Cincinnati Bengals,CIN,67260
2022,5,Cincinnati Bengals,CIN,Cincinnati Bengals,CIN,70548
2022,6,Cincinnati Bengals,CIN,Cincinnati Bengals,CIN,70004
2022,7,Cincinnati Bengals,CIN,Cincinnati Bengals,CIN,66158
2022,8,Cincinnati Bengals,CIN,Cincinnati Bengals,CIN,67431
2022,9,Cincinnati Bengals,CIN,Cincinnati Bengals,CIN,66160
2022,11,Cincinnati Bengals,CIN,Cincinnati Bengals,CIN,66401
2022,12,Cincinnati Bengals,CIN,Cincinnati Bengals,CIN,69441
2022,13,Cincinnati Bengals,CIN,Cincinnati Bengals,CIN,66243
2022,14,Cincinnati Bengals,CIN,Cincinnati Bengals,CIN,66222
2022,15,Cincinnati Bengals,CIN,Cincinnati Bengals,CIN,69305
2022,16,Cincinnati Bengals,CIN,Cincinnati Bengals,CIN,65878
2022,18,Cincinnati Bengals,CIN,Cincinnati Bengals,CIN,65849
2022,1,Cleveland Browns,CLE,Cleveland Browns,CLE,72205
2022,2,Cleveland Browns,CLE,Cleveland Browns,CLE,67431
2022,3,Cleveland Browns,CLE,Cleveland Browns,CLE,67431
2022,4,Cleveland Browns,CLE,Cleveland Browns,CLE,69435
2022,5,Cleveland Browns,CLE,Cleveland Browns,CLE,67431
2022,6,Cleveland Browns,CLE,Cleveland Browns,CLE,67431
2022,7,Cleveland Browns,CLE,Cleveland Browns,CLE,70461
2022,8,Cleveland Browns,CLE,Cleveland Browns,CLE,67431
2022,10,Cleveland Browns,CLE,Cleveland Browns,CLE,66563
2022,11,Cleveland Browns,CLE,Cleveland Browns,CLE,52146
2022,12,Cleveland Browns,CLE,Cleveland Browns,CLE,67431
2022,13,Cleveland Browns,CLE,Cleveland Browns,CLE,66523
2022,14,Cleveland Browns,CLE,Cleveland Browns,CLE,66222
2022,15,Cleveland Browns,CLE,Cleveland Browns,CLE,67431
2022,16,Cleveland Browns,CLE,Cleveland Browns,CLE,67431
2022,17,Cleveland Browns,CLE,Cleveland Browns,CLE,50827
2022,18,Cleveland Browns,CLE,Cleveland Browns,CLE,65019
2022,1,Dallas Cowboys,DAL,Dallas Cowboys,DAL,93797
2022,2,Dallas Cowboys,DAL,Dallas Cowboys,DAL,92944
2022,3,Dallas Cowboys,DAL,Dallas Cowboys,DAL,79445
2022,4,Dallas Cowboys,DAL,Dallas Cowboys,DAL,92946
2022,5,Dallas Cowboys,DAL,Dallas Cowboys,DAL,74154
2022,6,Dallas Cowboys,DAL,Dallas Cowboys,DAL,69879
2022,7,Dallas Cowboys,DAL,Dallas Cowboys,DAL,93487
2022,8,Dallas Cowboys,DAL,Dallas Cowboys,DAL,93767
2022,10,Dallas Cowboys,DAL,Dallas Cowboys,DAL,78433
2022,11,Dallas Cowboys,DAL,Dallas Cowboys,DAL,65304
2022,12,Dallas Cowboys,DAL,Dallas Cowboys,DAL,93568
2022,13,Dallas Cowboys,DAL,Dallas Cowboys,DAL,93086
2022,14,Dallas Cowboys,DAL,Dallas Cowboys,DAL,93843
2022,15,Dallas Cowboys,DAL,Dallas Cowboys,DAL,69050
2022,16,Dallas Cowboys,DAL,Dallas Cowboys,DAL,93754
2022,17,Dallas Cowboys,DAL,Dallas Cowboys,DAL,69292
2022,18,Dallas Cowboys,DAL,Dallas Cowboys,DAL,62814
2022,1,Denver Broncos,DEN,Denver Broncos,DEN,68965
2022,2,Denver Broncos,DEN,Denver Broncos,DEN,76191
2022,3,Denver Broncos,DEN,Denver Broncos,DEN,77021
2022,4,Denver Broncos,DEN,Denver Broncos,DEN,62332
2022,5,Denver Broncos,DEN,Denver Broncos,DEN,76667
2022,6,Denver Broncos,DEN,Denver Broncos,DEN,70240
2022,7,Denver Broncos,DEN,Denver Broncos,DEN,76624
2022,8,Denver Broncos,DEN,Denver Broncos,DEN,86215
2022,10,Denver Broncos,DEN,Denver Broncos,DEN,69240
2022,11,Denver Broncos,DEN,Denver Broncos,DEN,76056
2022,12,Denver Broncos,DEN,Denver Broncos,DEN,70644
2022,13,Denver Broncos,DEN,Denver Broncos,DEN,70443
2022,14,Denver Broncos,DEN,Denver Broncos,DEN,76072
2022,15,Denver Broncos,DEN,Denver Broncos,DEN,75179
2022,16,Denver Broncos,DEN,Denver Broncos,DEN,71525
2022,17,Denver Broncos,DEN,Denver Broncos,DEN,73571
2022,18,Denver Broncos,DEN,Denver Broncos,DEN,74035
2022,1,Detroit Lions,DET,Detroit Lions,DET,64537
2022,2,Detroit Lions,DET,Detroit Lions,DET,57687
2022,3,Detroit Lions,DET,Detroit Lions,DET,66638
2022,4,Detroit Lions,DET,Detroit Lions,DET,63920
2022,5,Detroit Lions,DET,Detroit Lions,DET,65878
2022,7,Detroit Lions,DET,Detroit Lions,DET,93487
2022,8,Detroit Lions,DET,Detroit Lions,DET,61447
2022,9,Detroit Lions,DET,Detroit Lions,DET,63379
2022,10,Detroit Lions,DET,Detroit Lions,DET,61817
2022,11,Detroit Lions,DET,Detroit Lions,DET,76267
2022,12,Detroit Lions,DET,Detroit Lions,DET,66553
2022,13,Detroit Lions,DET,Detroit Lions,DET,60743
2022,14,Detroit Lions,DET,Detroit Lions,DET,66374
2022,15,Detroit Lions,DET,Detroit Lions,DET,75076
2022,16,Detroit Lions,DET,Detroit Lions,DET,69173
2022,17,Detroit Lions,DET,Detroit Lions,DET,66169
2022,18,Detroit Lions,DET,Detroit Lions,DET,78191
2022,1,Green Bay Packers,GB,Green Bay Packers,GB,66959
2022,2,Green Bay Packers,GB,Green Bay Packers,GB,78350
2022,3,Green Bay Packers,GB,Green Bay Packers,GB,69197
2022,4,Green Bay Packers,GB,Green Bay Packers,GB,78317
2022,5,Green Bay Packers,GB,Green Bay Packers,GB,61024
2022,6,Green Bay Packers,GB,Green Bay Packers,GB,78343
2022,7,Green Bay Packers,GB,Green Bay Packers,GB,60427
2022,8,Green Bay Packers,GB,Green Bay Packers,GB,70863
2022,9,Green Bay Packers,GB,Green Bay Packers,GB,63379
2022,10,Green Bay Packers,GB,Green Bay Packers,GB,78433
2022,11,Green Bay Packers,GB,Green Bay Packers,GB,77506
2022,12,Green Bay Packers,GB,Green Bay Packers,GB,69879
2022,13,Green Bay Packers,GB,Green Bay Packers,GB,61233
2022,15,Green Bay Packers,GB,Green Bay Packers,GB,77269
2022,16,Green Bay Packers,GB,Green Bay Packers,GB,66328
2022,17,Green Bay Packers,GB,Green Bay Packers,GB,78190
2022,18,Green Bay Packers,GB,Green Bay Packers,GB,78191
2022,1,Houston Texans,HOU,Houston Texans,HOU,69415
2022,2,Houston Texans,HOU,Houston Texans,HOU,76191
2022,3,Houston Texans,HOU,Houston Texans,HOU,60592
2022,4,Houston Texans,HOU,Houston Texans,HOU,69071
2022,5,Houston Texans,HOU,Houston Texans,HOU,60018
2022,7,Houston Texans,HOU,Houston Texans,HOU,61228
2022,8,Houston Texans,HOU,Houston Texans,HOU,68467
2022,9,Houston Texans,HOU,Houston Texans,HOU,68831
2022,10,Houston Texans,HOU,Houston Texans,HOU,71615
2022,11,Houston Texans,HOU,Houston Texans,HOU,65865
2022,12,Houston Texans,HOU,Houston Texans,HOU,66205
2022,13,Houston Texans,HOU,Houston Texans,HOU,66523
2022,14,Houston Texans,HOU,Houston Texans,HOU,93843
2022,15,Houston Texans,HOU,Houston Texans,HOU,70541
2022,16,Houston Texans,HOU,Houston Texans,HOU,66634
2022,17,Houston Texans,HOU,Houston Texans,HOU,64581
2022,18,Houston Texans,HOU,Houston Texans,HOU,63655
2022,1,Indianapolis Colts,IND,Indianapolis Colts,IND,69415
2022,2,Indianapolis Colts,IND,Indianapolis Colts,IND,58360
2022,3,Indianapolis Colts,IND,Indianapolis Colts,IND,65975
2022,4,Indianapolis Colts,IND,Indianapolis Colts,IND,65781
2022,5,Indianapolis Colts,IND,Indianapolis Colts,IND,76667
2022,6,Indianapolis Colts,IND,Indianapolis Colts,IND,65749
2022,7,Indianapolis Colts,IND,Indianapolis Colts,IND,69459
2022,8,Indianapolis Colts,IND,Indianapolis Colts,IND,65515
2022,9,Indianapolis Colts,IND,Indianapolis Colts,IND,65878
2022,10,Indianapolis Colts,IND,Indianapolis Colts,IND,62197
2022,11,Indianapolis Colts,IND,Indianapolis Colts,IND,66241
2022,12,Indianapolis Colts,IND,Indianapolis Colts,IND,65982
2022,13,Indianapolis Colts,IND,Indianapolis Colts,IND,93086
2022,15,Indianapolis Colts,IND,Indianapolis Colts,IND,66801
2022,16,Indianapolis Colts,IND,Indianapolis Colts,IND,65576
2022,17,Indianapolis Colts,IND,Indianapolis Colts,IND,77399
2022,18,Indianapolis Colts,IND,Indianapolis Colts,IND,63655
2022,1,Jacksonville Jaguars,JAX,Jacksonville Jaguars,JAX,58192
2022,2,Jacksonville Jaguars,JAX,Jacksonville Jaguars,JAX,58360
2022,3,Jacksonville Jaguars,JAX,Jacksonville Jaguars,JAX,67964
2022,4,Jacksonville Jaguars,JAX,Jacksonville Jaguars,JAX,69879
2022,5,Jacksonville Jaguars,JAX,Jacksonville Jaguars,JAX,60018
2022,6,Jacksonville Jaguars,JAX,Jacksonville Jaguars,JAX,65749
2022,7,Jacksonville Jaguars,JAX,Jacksonville Jaguars,JAX,65664
2022,8,Jacksonville Jaguars,JAX,Jacksonville Jaguars,JAX,86215
2022,9,Jacksonville Jaguars,JAX,Jacksonville Jaguars,JAX,62758
2022,10,Jacksonville Jaguars,JAX,Jacksonville Jaguars,JAX,73493
2022,12,Jacksonville Jaguars,JAX,Jacksonville Jaguars,JAX,59560
2022,13,Jacksonville Jaguars,JAX,Jacksonville Jaguars,JAX,60743
2022,14,Jacksonville Jaguars,JAX,Jacksonville Jaguars,JAX,68409
2022,15,Jacksonville Jaguars,JAX,Jacksonville Jaguars,JAX,69050
2022,16,Jacksonville Jaguars,JAX,Jacksonville Jaguars,JAX,70043
2022,17,Jacksonville Jaguars,JAX,Jacksonville Jaguars,JAX,64581
2022,18,Jacksonville Jaguars,JAX,Jacksonville Jaguars,JAX,70050
2022,1,Kansas City Chiefs,KC,Kansas City Chiefs,KC,63697
2022,2,Kansas City Chiefs,KC,Kansas City Chiefs,KC,73461
2022,3,Kansas City Chiefs,KC,Kansas City Chiefs,KC,65975
2022,4,Kansas City Chiefs,KC,Kansas City Chiefs,KC,68348
2022,5,Kansas City Chiefs,KC,Kansas City Chiefs,KC,73523
2022,6,Kansas City Chiefs,KC,Kansas City Chiefs,KC,73586
2022,7,Kansas City Chiefs,KC,Kansas City Chiefs,KC,71746
2022,9,Kansas City Chiefs,KC,Kansas City Chiefs,KC,73475
2022,10,Kansas City Chiefs,KC,Kansas City Chiefs,KC,73493
2022,11,Kansas City Chiefs,KC,Kansas City Chiefs,KC,70240
2022,12,Kansas City Chiefs,KC,Kansas City Chiefs,KC,73557
2022,13,Kansas City Chiefs,KC,Kansas City Chiefs,KC,66243
2022,14,Kansas City Chiefs,KC,Kansas City Chiefs,KC,76072
2022,15,Kansas City Chiefs,KC,Kansas City Chiefs,KC,70541
2022,16,Kansas City Chiefs,KC,Kansas City Chiefs,KC,73331
2022,17,Kansas City Chiefs,KC,Kansas City Chiefs,KC,73571
2022,18,Kansas City Chiefs,KC,Kansas City Chiefs,KC,62136
2022,1,Los Angeles Chargers,LAC,Los Angeles Chargers,LAC,70240
2022,2,Los Angeles Chargers,LAC,Los Angeles Chargers,LAC,73461
2022,3,Los Angeles Chargers,LAC,Los Angeles Chargers,LAC,67964
2022,4,Los Angeles Chargers,LAC,Los Angeles Chargers,LAC,69071
2022,5,Los Angeles Chargers,LAC,Los Angeles Chargers,LAC,67431
2022,6,Los Angeles Chargers,LAC,Los Angeles Chargers,LAC,70240
2022,7,Los Angeles Chargers,LAC,Los Angeles Chargers,LAC,70240
2022,9,Los Angeles Chargers,LAC,Los Angeles Chargers,LAC,69299
2022,10,Los Angeles Chargers,LAC,Los Angeles Chargers,LAC,71709
2022,11,Los Angeles Chargers,LAC,Los Angeles Chargers,LAC,70240
2022,12,Los Angeles Chargers,LAC,Los Angeles Chargers,LAC,63628
2022,13,Los Angeles Chargers,LAC,Los Angeles Chargers,LAC,62123
2022,14,Los Angeles Chargers,LAC,Los Angeles Chargers,LAC,70240
2022,15,Los Angeles Chargers,LAC,Los Angeles Chargers,LAC,70240
2022,16,Los Angeles Chargers,LAC,Los Angeles Chargers,LAC,65576
2022,17,Los Angeles Chargers,LAC,Los Angeles Chargers,LAC,70240
2022,18,Los Angeles Chargers,LAC,Los Angeles Chargers,LAC,74035
2022,1,Los Angeles Rams,LAR,Los Angeles Rams,LAR,73846
2022,2,Los Angeles Rams,LAR,Los Angeles Rams,LAR,71802
2022,3,Los Angeles Rams,LAR,Los Angeles Rams,LAR,63243
2022,4,Los Angeles Rams,LAR,Los Angeles Rams,LAR,71597
2022,5,Los Angeles Rams,LAR,Los Angeles Rams,LAR,74154
2022,6,Los Angeles Rams,LAR,Los Angeles Rams,LAR,71482
2022,8,Los Angeles Rams,LAR,Los Angeles Rams,LAR,73505
2022,9,Los Angeles Rams,LAR,Los Angeles Rams,LAR,69019
2022,10,Los Angeles Rams,LAR,Los Angeles Rams,LAR,71752
2022,11,Los Angeles Rams,LAR,Los Angeles Rams,LAR,70025
2022,12,Los Angeles Rams,LAR,Los Angeles Rams,LAR,73557
2022,13,Los Angeles Rams,LAR,Los Angeles Rams,LAR,71802
2022,14,Los Angeles Rams,LAR,Los Angeles Rams,LAR,74738
2022,15,Los Angeles Rams,LAR,Los Angeles Rams,LAR,77269
2022,16,Los Angeles Rams,LAR,Los Angeles Rams,LAR,71525
2022,17,Los Angeles Rams,LAR,Los Angeles Rams,LAR,70240
2022,18,Los Angeles Rams,LAR,Los Angeles Rams,LAR,68660
2022,1,Las Vegas Raiders,LV,Las Vegas Raiders,LV,70240
2022,2,Las Vegas Raiders,LV,Las Vegas Raiders,LV,61707
2022,3,Las Vegas Raiders,LV,Las Vegas Raiders,LV,68649
2022,4,Las Vegas Raiders,LV,Las Vegas Raiders,LV,62332
2022,5,Las Vegas Raiders,LV,Las Vegas Raiders,LV,73523
2022,7,Las Vegas Raiders,LV,Las Vegas Raiders,LV,61228
2022,8,Las Vegas Raiders,LV,Las Vegas Raiders,LV,70009
2022,9,Las Vegas Raiders,LV,Las Vegas Raiders,LV,62758
2022,10,Las Vegas Raiders,LV,Las Vegas Raiders,LV,62197
2022,11,Las Vegas Raiders,LV,Las Vegas Raiders,LV,76056
2022,12,Las Vegas Raiders,LV,Las Vegas Raiders,LV,68849
2022,13,Las Vegas Raiders,LV,Las Vegas Raiders,LV,62123
2022,14,Las Vegas Raiders,LV,Las Vegas Raiders,LV,74738
2022,15,Las Vegas Raiders,LV,Las Vegas Raiders,LV,62273
2022,16,Las Vegas Raiders,LV,Las Vegas Raiders,LV,64761
2022,17,Las Vegas Raiders,LV,Las Vegas Raiders,LV,62367
2022,18,Las Vegas Raiders,LV,Las Vegas Raiders,LV,62136
2022,1,Miami Dolphins,MIA,Miami Dolphins,MIA,65786
2022,2,Miami Dolphins,MIA,Miami Dolphins,MIA,70582
2022,3,Miami Dolphins,MIA,Miami Dolphins,MIA,66206
2022,4,Miami Dolphins,MIA,Miami Dolphins,MIA,67260
2022,5,Miami Dolphins,MIA,Miami Dolphins,MIA,82500
2022,6,Miami Dolphins,MIA,Miami Dolphins,MIA,66100
2022,7,Miami Dolphins,MIA,Miami Dolphins,MIA,66224
2022,8,Miami Dolphins,MIA,Miami Dolphins,MIA,61447
2022,9,Miami Dolphins,MIA,Miami Dolphins,MIA,62377
2022,10,Miami Dolphins,MIA,Miami Dolphins,MIA,66563
2022,12,Miami Dolphins,MIA,Miami Dolphins,MIA,66205
2022,13,Miami Dolphins,MIA,Miami Dolphins,MIA,71732
2022,14,Miami Dolphins,MIA,Miami Dolphins,MIA,70240
2022,15,Miami Dolphins,MIA,Miami Dolphins,MIA,70794
2022,16,Miami Dolphins,MIA,Miami Dolphins,MIA,66328
2022,17,Miami Dolphins,MIA,Miami Dolphins,MIA,65878
2022,18,Miami Dolphins,MIA,Miami Dolphins,MIA,66429
2022,1,Minnesota Vikings,MIN,Minnesota Vikings,MIN,66959
2022,2,Minnesota Vikings,MIN,Minnesota Vikings,MIN,69879
2022,3,Minnesota Vikings,MIN,Minnesota Vikings,MIN,66638
2022,4,Minnesota Vikings,MIN,Minnesota Vikings,MIN,60639
2022,5,Minnesota Vikings,MIN,Minnesota Vikings,MIN,66929
2022,6,Minnesota Vikings,MIN,Minnesota Vikings,MIN,66100
2022,8,Minnesota Vikings,MIN,Minnesota Vikings,MIN,66742
2022,9,Minnesota Vikings,MIN,Minnesota Vikings,MIN,58651
2022,10,Minnesota Vikings,MIN,Minnesota Vikings,MIN,70844
2022,11,Minnesota Vikings,MIN,Minnesota Vikings,MIN,65304
2022,12,Minnesota Vikings,MIN,Minnesota Vikings,MIN,66918
2022,13,Minnesota Vikings,MIN,Minnesota Vikings,MIN,66973
2022,14,Minnesota Vikings,MIN,Minnesota Vikings,MIN,66374
2022,15,Minnesota Vikings,MIN,Minnesota Vikings,MIN,66801
2022,16,Minnesota Vikings,MIN,Minnesota Vikings,MIN,66919
2022,17,Minnesota Vikings,MIN,Minnesota Vikings,MIN,78190
2022,18,Minnesota Vikings,MIN,Minnesota Vikings,MIN,60007
2022,1,New England Patriots,NE,New England Patriots,NE,65786
2022,2,New England Patriots,NE,New England Patriots,NE,67307
2022,3,New England Patriots,NE,New England Patriots,NE,65878
2022,4,New England Patriots,NE,New England Patriots,NE,78317
2022,5,New England Patriots,NE,New England Patriots,NE,65878
2022,6,New England Patriots,NE,New England Patriots,NE,67431
2022,7,New England Patriots,NE,New England Patriots,NE,65878
2022,8,New England Patriots,NE,New England Patriots,NE,82823
2022,9,New England Patriots,NE,New England Patriots,NE,65878
2022,11,New England Patriots,NE,New England Patriots,NE,65878
2022,12,New England Patriots,NE,New England Patriots,NE,66918
2022,13,New England Patriots,NE,New England Patriots,NE,65878
2022,14,New England Patriots,NE,New England Patriots,NE,63251
2022,15,New England Patriots,NE,New England Patriots,NE,62273
2022,16,New England Patriots,NE,New England Patriots,NE,65878
2022,17,New England Patriots,NE,New England Patriots,NE,65878
2022,18,New England Patriots,NE,New England Patriots,NE,70753
2022,1,New Orleans Saints,NO,New Orleans Saints,NO,70078
2022,2,New Orleans Saints,NO,New Orleans Saints,NO,70400
2022,3,New Orleans Saints,NO,New Orleans Saints,NO,70496
2022,4,New Orleans Saints,NO,New Orleans Saints,NO,60639
2022,5,New Orleans Saints,NO,New Orleans Saints,NO,70003
2022,6,New Orleans Saints,NO,New Orleans Saints,NO,70004
2022,7,New Orleans Saints,NO,New Orleans Saints,NO,63290
2022,8,New Orleans Saints,NO,New Orleans Saints,NO,70009
2022,9,New Orleans Saints,NO,New Orleans Saints,NO,70010
2022,10,New Orleans Saints,NO,New Orleans Saints,NO,66544
2022,11,New Orleans Saints,NO,New Orleans Saints,NO,70025
2022,12,New Orleans Saints,NO,New Orleans Saints,NO,71275
2022,13,New Orleans Saints,NO,New Orleans Saints,NO,68709
2022,15,New Orleans Saints,NO,New Orleans Saints,NO,70041
2022,16,New Orleans Saints,NO,New Orleans Saints,NO,67431
2022,17,New Orleans Saints,NO,New Orleans Saints,NO,69796
2022,18,New Orleans Saints,NO,New Orleans Saints,NO,70118
2022,1,New York Giants,NYG,New York Giants,NYG,67805
2022,2,New York Giants,NYG,New York Giants,NYG,73843
2022,3,New York Giants,NYG,New York Giants,NYG,79445
2022,4,New York Giants,NYG,New York Giants,NYG,74044
2022,5,New York Giants,NYG,New York Giants,NYG,61024
2022,6,New York Giants,NYG,New York Giants,NYG,78019
2022,7,New York Giants,NYG,New York Giants,NYG,65664
2022,8,New York Giants,NYG,New York Giants,NYG,68921
2022,10,New York Giants,NYG,New York Giants,NYG,71615
2022,11,New York Giants,NYG,New York Giants,NYG,76267
2022,12,New York Giants,NYG,New York Giants,NYG,93568
2022,13,New York Giants,NYG,New York Giants,NYG,76128
2022,14,New York Giants,NYG,New York Giants,NYG,81506
2022,15,New York Giants,NYG,New York Giants,NYG,61917
2022,16,New York Giants,NYG,New York Giants,NYG,66919
2022,17,New York Giants,NYG,New York Giants,NYG,77399
2022,18,New York Giants,NYG,New York Giants,NYG,69879
2022,1,New York Jets,NYJ,New York Jets,NYJ,78827
2022,2,New York Jets,NYJ,New York Jets,NYJ,67431
2022,3,New York Jets,NYJ,New York Jets,NYJ,73708
2022,4,New York Jets,NYJ,New York Jets,NYJ,66578
2022,5,New York Jets,NYJ,New York Jets,NYJ,82500
2022,6,New York Jets,NYJ,New York Jets,NYJ,78343
2022,7,New York Jets,NYJ,New York Jets,NYJ,76624
2022,8,New York Jets,NYJ,New York Jets,NYJ,82823
2022,9,New York Jets,NYJ,New York Jets,NYJ,83135
2022,11,New York Jets,NYJ,New York Jets,NYJ,65878
2022,12,New York Jets,NYJ,New York Jets,NYJ,77963
2022,13,New York Jets,NYJ,New York Jets,NYJ,66973
2022,14,New York Jets,NYJ,New York Jets,NYJ,70603
2022,15,New York Jets,NYJ,New York Jets,NYJ,75076
2022,16,New York Jets,NYJ,New York Jets,NYJ,70043
2022,17,New York Jets,NYJ,New York Jets,NYJ,68827
2022,18,New York Jets,NYJ,New York Jets,NYJ,66429
2022,1,Philadelphia Eagles,PHI,Philadelphia Eagles,PHI,64537
2022,2,Philadelphia Eagles,PHI,Philadelphia Eagles,PHI,69879
2022,3,Philadelphia Eagles,PHI,Philadelphia Eagles,PHI,64426
2022,4,Philadelphia Eagles,PHI,Philadelphia Eagles,PHI,69879
2022,5,Philadelphia Eagles,PHI,Philadelphia Eagles,PHI,63919
2022,6,Philadelphia Eagles,PHI,Philadelphia Eagles,PHI,69879
2022,8,Philadelphia Eagles,PHI,Philadelphia Eagles,PHI,69879
2022,9,Philadelphia Eagles,PHI,Philadelphia Eagles,PHI,68831
2022,10,Philadelphia Eagles,PHI,Philadelphia Eagles,PHI,69879
2022,11,Philadelphia Eagles,PHI,Philadelphia Eagles,PHI,66241
2022,12,Philadelphia Eagles,PHI,Philadelphia Eagles,PHI,69879
2022,13,Philadelphia Eagles,PHI,Philadelphia Eagles,PHI,69879
2022,14,Philadelphia Eagles,PHI,Philadelphia Eagles,PHI,81506
2022,15,Philadelphia Eagles,PHI,Philadelphia Eagles,PHI,48423
2022,16,Philadelphia Eagles,PHI,Philadelphia Eagles,PHI,93754
2022,17,Philadelphia Eagles,PHI,Philadelphia Eagles,PHI,69796
2022,18,Philadelphia Eagles,PHI,Philadelphia Eagles,PHI,69879
2022,1,Pittsburgh Steelers,PIT,Pittsburgh Steelers,PIT,65841
2022,2,Pittsburgh Steelers,PIT,Pittsburgh Steelers,PIT,67307
2022,3,Pittsburgh Steelers,PIT,Pittsburgh Steelers,PIT,67431
2022,4,Pittsburgh Steelers,PIT,Pittsburgh Steelers,PIT,66578
2022,5,Pittsburgh Steelers,PIT,Pittsburgh Steelers,PIT,70764
2022,6,Pittsburgh Steelers,PIT,Pittsburgh Steelers,PIT,67307
2022,7,Pittsburgh Steelers,PIT,Pittsburgh Steelers,PIT,66224
2022,8,Pittsburgh Steelers,PIT,Pittsburgh Steelers,PIT,69879
2022,10,Pittsburgh Steelers,PIT,Pittsburgh Steelers,PIT,66544
2022,11,Pittsburgh Steelers,PIT,Pittsburgh Steelers,PIT,66401
2022,12,Pittsburgh Steelers,PIT,Pittsburgh Steelers,PIT,65982
2022,13,Pittsburgh Steelers,PIT,Pittsburgh Steelers,PIT,70325
2022,14,Pittsburgh Steelers,PIT,Pittsburgh Steelers,PIT,66326
2022,15,Pittsburgh Steelers,PIT,Pittsburgh Steelers,PIT,73548
2022,16,Pittsburgh Steelers,PIT,Pittsburgh Steelers,PIT,64761
2022,17,Pittsburgh Steelers,PIT,Pittsburgh Steelers,PIT,71042
2022,18,Pittsburgh Steelers,PIT,Pittsburgh Steelers,PIT,65019
2022,1,Seattle Seahawks,SEA,Seattle Seahawks,SEA,68965
2022,2,Seattle Seahawks,SEA,Seattle Seahawks,SEA,71597
2022,3,Seattle Seahawks,SEA,Seattle Seahawks,SEA,68773
2022,4,Seattle Seahawks,SEA,Seattle Seahawks,SEA,63920
2022,5,Seattle Seahawks,SEA,Seattle Seahawks,SEA,70003
2022,6,Seattle Seahawks,SEA,Seattle Seahawks,SEA,68867
2022,7,Seattle Seahawks,SEA,Seattle Seahawks,SEA,70240
2022,8,Seattle Seahawks,SEA,Seattle Seahawks,SEA,68921
2022,9,Seattle Seahawks,SEA,Seattle Seahawks,SEA,63982
2022,10,Seattle Seahawks,SEA,Seattle Seahawks,SEA,69811
2022,12,Seattle Seahawks,SEA,Seattle Seahawks,SEA,68849
2022,13,Seattle Seahawks,SEA,Seattle Seahawks,SEA,71802
2022,14,Seattle Seahawks,SEA,Seattle Seahawks,SEA,68672
2022,15,Seattle Seahawks,SEA,Seattle Seahawks,SEA,68957
2022,16,Seattle Seahawks,SEA,Seattle Seahawks,SEA,73331
2022,17,Seattle Seahawks,SEA,Seattle Seahawks,SEA,68827
2022,18,Seattle Seahawks,SEA,Seattle Seahawks,SEA,68660
2022,1,San Francisco 49ers,SF,San Francisco 49ers,SF,62159
2022,2,San Francisco 49ers,SF,San Francisco 49ers,SF,71597
2022,3,San Francisco 49ers,SF,San Francisco 49ers,SF,77021
2022,4,San Francisco 49ers,SF,San Francisco 49ers,SF,71597
2022,5,San Francisco 49ers,SF,San Francisco 49ers,SF,72321
2022,6,San Francisco 49ers,SF,San Francisco 49ers,SF,69813
2022,7,San Francisco 49ers,SF,San Francisco 49ers,SF,71746
2022,8,San Francisco 49ers,SF,San Francisco 49ers,SF,73505
2022,10,San Francisco 49ers,SF,San Francisco 49ers,SF,71709
2022,11,San Francisco 49ers,SF,San Francisco 49ers,SF,78427
2022,12,San Francisco 49ers,SF,San Francisco 49ers,SF,71275
2022,13,San Francisco 49ers,SF,San Francisco 49ers,SF,71732
2022,14,San Francisco 49ers,SF,San Francisco 49ers,SF,71725
2022,15,San Francisco 49ers,SF,San Francisco 49ers,SF,68957
2022,16,San Francisco 49ers,SF,San Francisco 49ers,SF,71642
2022,17,San Francisco 49ers,SF,San Francisco 49ers,SF,62367
2022,18,San Francisco 49ers,SF,San Francisco 49ers,SF,71638
2022,1,Tampa Bay Buccaneers,TB,Tampa Bay Buccaneers,TB,93797
2022,2,Tampa Bay Buccaneers,TB,Tampa Bay Buccaneers,TB,70400
2022,3,Tampa Bay Buccaneers,TB,Tampa Bay Buccaneers,TB,69197
2022,4,Tampa Bay Buccaneers,TB,Tampa Bay Buccaneers,TB,68348
2022,5,Tampa Bay Buccaneers,TB,Tampa Bay Buccaneers,TB,68299
2022,6,Tampa Bay Buccaneers,TB,Tampa Bay Buccaneers,TB,67307
2022,7,Tampa Bay Buccaneers,TB,Tampa Bay Buccaneers,TB,71941
2022,8,Tampa Bay Buccaneers,TB,Tampa Bay Buccaneers,TB,68912
2022,9,Tampa Bay Buccaneers,TB,Tampa Bay Buccaneers,TB,69019
2022,10,Tampa Bay Buccaneers,TB,Tampa Bay Buccaneers,TB,69811
2022,12,Tampa Bay Buccaneers,TB,Tampa Bay Buccaneers,TB,67431
2022,13,Tampa Bay Buccaneers,TB,Tampa Bay Buccaneers,TB,68709
2022,14,Tampa Bay Buccaneers,TB,Tampa Bay Buccaneers,TB,71725
2022,15,Tampa Bay Buccaneers,TB,Tampa Bay Buccaneers,TB,69305
2022,16,Tampa Bay Buccaneers,TB,Tampa Bay Buccaneers,TB,63393
2022,17,Tampa Bay Buccaneers,TB,Tampa Bay Buccaneers,TB,69298
2022,18,Tampa Bay Buccaneers,TB,Tampa Bay Buccaneers,TB,69276
2022,1,Tennessee Titans,TEN,Tennessee Titans,TEN,67805
2022,2,Tennessee Titans,TEN,Tennessee Titans,TEN,70683
2022,3,Tennessee Titans,TEN,Tennessee Titans,TEN,68649
2022,4,Tennessee Titans,TEN,Tennessee Titans,TEN,65781
2022,5,Tennessee Titans,TEN,Tennessee Titans,TEN,51836
2022,7,Tennessee Titans,TEN,Tennessee Titans,TEN,69459
2022,8,Tennessee Titans,TEN,Tennessee Titans,TEN,68467
2022,9,Tennessee Titans,TEN,Tennessee Titans,TEN,73475
2022,10,Tennessee Titans,TEN,Tennessee Titans,TEN,69240
2022,11,Tennessee Titans,TEN,Tennessee Titans,TEN,77506
2022,12,Tennessee Titans,TEN,Tennessee Titans,TEN,69441
2022,13,Tennessee Titans,TEN,Tennessee Titans,TEN,69879
2022,14,Tennessee Titans,TEN,Tennessee Titans,TEN,68409
2022,15,Tennessee Titans,TEN,Tennessee Titans,TEN,70240
2022,16,Tennessee Titans,TEN,Tennessee Titans,TEN,66634
2022,17,Tennessee Titans,TEN,Tennessee Titans,TEN,69292
2022,18,Tennessee Titans,TEN,Tennessee Titans,TEN,70050
2022,1,Washington Commanders,WAS,Washington Commanders,WSH,58192
2022,2,Washington Commanders,WAS,Washington Commanders,WSH,57687
2022,3,Washington Commanders,WAS,Washington Commanders,WSH,64426
2022,4,Washington Commanders,WAS,Washington Commanders,WSH,92946
2022,5,Washington Commanders,WAS,Washington Commanders,WSH,51836
2022,6,Washington Commanders,WAS,Washington Commanders,WSH,61873
2022,7,Washington Commanders,WAS,Washington Commanders,WSH,60427
2022,8,Washington Commanders,WAS,Washington Commanders,WSH,65515
2022,9,Washington Commanders,WAS,Washington Commanders,WSH,58651
2022,10,Washington Commanders,WAS,Washington Commanders,WSH,69879
2022,11,Washington Commanders,WAS,Washington Commanders,WSH,65865
2022,12,Washington Commanders,WAS,Washington Commanders,WSH,53864
2022,13,Washington Commanders,WAS,Washington Commanders,WSH,76128
2022,15,Washington Commanders,WAS,Washington Commanders,WSH,61917
2022,16,Washington Commanders,WAS,Washington Commanders,WSH,71642
2022,17,Washington Commanders,WAS,Washington Commanders,WSH,50827
2022,18,Washington Commanders,WAS,Washington Commanders,WSH,62814
2023,1,Arizona Cardinals,ARI,Arizona Cardinals,ARI,64693
2023,2,Arizona Cardinals,ARI,Arizona Cardinals,ARI,62080
2023,3,Arizona Cardinals,ARI,Arizona Cardinals,ARI,62915
2023,4,Arizona Cardinals,ARI,Arizona Cardinals,ARI,71521
2023,5,Arizona Cardinals,ARI,Arizona Cardinals,ARI,62651
2023,6,Arizona Cardinals,ARI,Arizona Cardinals,ARI,71202
2023,7,Arizona Cardinals,ARI,Arizona Cardinals,ARI,68781
2023,8,Arizona Cardinals,ARI,Arizona Cardinals,ARI,63064
2023,9,Arizona Cardinals,ARI,Arizona Cardinals,ARI,67919
2023,10,Arizona Cardinals,ARI,Arizona Cardinals,ARI,62861
2023,11,Arizona Cardinals,ARI,Arizona Cardinals,ARI,70247
2023,12,Arizona Cardinals,ARI,Arizona Cardinals,ARI,62177
2023,13,Arizona Cardinals,ARI,Arizona Cardinals,ARI,66436
2023,15,Arizona Cardinals,ARI,Arizona Cardinals,ARI,63967
2023,16,Arizona Cardinals,ARI,Arizona Cardinals,ARI,59978
2023,17,Arizona Cardinals,ARI,Arizona Cardinals,ARI,69879
2023,18,Arizona Cardinals,ARI,Arizona Cardinals,ARI,63197
2023,1,Atlanta Falcons,ATL,Atlanta Falcons,ATL,69597
2023,2,Atlanta Falcons,ATL,Atlanta Falcons,ATL,69251
2023,3,Atlanta Falcons,ATL,Atlanta Falcons,ATL,63803
2023,4,Atlanta Falcons,ATL,Atlanta Falcons,ATL,85716
2023,5,Atlanta Falcons,ATL,Atlanta Falcons,ATL,69461
2023,6,Atlanta Falcons,ATL,Atlanta Falcons,ATL,69921
2023,7,Atlanta Falcons,ATL,Atlanta Falcons,ATL,62620
2023,8,Atlanta Falcons,ATL,Atlanta Falcons,ATL,68008
2023,9,Atlanta Falcons,ATL,Atlanta Falcons,ATL,69715
2023,10,Atlanta Falcons,ATL,Atlanta Falcons,ATL,62861
2023,12,Atlanta Falcons,ATL,Atlanta Falcons,ATL,70166
2023,13,Atlanta Falcons,ATL,Atlanta Falcons,ATL,74455
2023,14,Atlanta Falcons,ATL,Atlanta Falcons,ATL,69496
2023,15,Atlanta Falcons,ATL,Atlanta Falcons,ATL,70301
2023,16,Atlanta Falcons,ATL,Atlanta Falcons,ATL,69221
2023,17,Atlanta Falcons,ATL,Atlanta Falcons,ATL,61752
2023,18,Atlanta Falcons,ATL,Atlanta Falcons,ATL,70072
2023,1,Baltimore Ravens,BAL,Baltimore Ravens,BAL,70136
2023,2,Baltimore Ravens,BAL,Baltimore Ravens,BAL,66015
2023,3,Baltimore Ravens,BAL,Baltimore Ravens,BAL,70038
2023,4,Baltimore Ravens,BAL,Baltimore Ravens,BAL,67919
2023,5,Baltimore Ravens,BAL,Baltimore Ravens,BAL,67272
2023,6,Baltimore Ravens,BAL,Baltimore Ravens,BAL,61011
2023,7,Baltimore Ravens,BAL,Baltimore Ravens,BAL,70989
2023,8,Baltimore Ravens,BAL,Baltimore Ravens,BAL,63064
2023,9,Baltimore Ravens,BAL,Baltimore Ravens,BAL,70753
2023,10,Baltimore Ravens,BAL,Baltimore Ravens,BAL,70424
2023,11,Baltimore Ravens,BAL,Baltimore Ravens,BAL,70997
2023,12,Baltimore Ravens,BAL,Baltimore Ravens,BAL,70240
2023,14,Baltimore Ravens,BAL,Baltimore Ravens,BAL,70492
2023,15,Baltimore Ravens,BAL,Baltimore Ravens,BAL,68021
2023,16,Baltimore Ravens,BAL,Baltimore Ravens,BAL,71812
2023,17,Baltimore Ravens,BAL,Baltimore Ravens,BAL,71196
2023,18,Baltimore Ravens,BAL,Baltimore Ravens,BAL,70355
2023,1,Buffalo Bills,BUF,Buffalo Bills,BUF,83345
2023,2,Buffalo Bills,BUF,Buffalo Bills,BUF,70772
2023,3,Buffalo Bills,BUF,Buffalo Bills,BUF,64291
2023,4,Buffalo Bills,BUF,Buffalo Bills,BUF,70881
2023,5,Buffalo Bills,BUF,Buffalo Bills,BUF,61273
2023,6,Buffalo Bills,BUF,Buffalo Bills,BUF,70515
2023,7,Buffalo Bills,BUF,Buffalo Bills,BUF,64628
2023,8,Buffalo Bills,BUF,Buffalo Bills,BUF,70416
2023,9,Buffalo Bills,BUF,Buffalo Bills,BUF,66965
2023,10,Buffalo Bills,BUF,Buffalo Bills,BUF,70318
2023,11,Buffalo Bills,BUF,Buffalo Bills,BUF,70603
2023,12,Buffalo Bills,BUF,Buffalo Bills,BUF,69879
2023,14,Buffalo Bills,BUF,Buffalo Bills,BUF,73639
2023,15,Buffalo Bills,BUF,Buffalo Bills,BUF,70933
2023,16,Buffalo Bills,BUF,Buffalo Bills,BUF,67678
2023,17,Buffalo Bills,BUF,Buffalo Bills,BUF,70772
2023,18,Buffalo Bills,BUF,Buffalo Bills,BUF,66292
2023,1,Carolina Panthers,CAR,Carolina Panthers,CAR,69597
2023,2,Carolina Panthers,CAR,Carolina Panthers,CAR,72709
2023,3,Carolina Panthers,CAR,Carolina Panthers,CAR,68699
2023,4,Carolina Panthers,CAR,Carolina Panthers,CAR,72842
2023,5,Carolina Panthers,CAR,Carolina Panthers,CAR,63648
2023,6,Carolina Panthers,CAR,Carolina Panthers,CAR,65529
2023,8,Carolina Panthers,CAR,Carolina Panthers,CAR,71505
2023,9,Carolina Panthers,CAR,Carolina Panthers,CAR,72301
2023,10,Carolina Panthers,CAR,Carolina Panthers,CAR,61200
2023,11,Carolina Panthers,CAR,Carolina Panthers,CAR,73543
2023,12,Carolina Panthers,CAR,Carolina Panthers,CAR,62493
2023,13,Carolina Panthers,CAR,Carolina Panthers,CAR,62432
2023,14,Carolina Panthers,CAR,Carolina Panthers,CAR,70009
2023,15,Carolina Panthers,CAR,Carolina Panthers,CAR,70301
2023,16,Carolina Panthers,CAR,Carolina Panthers,CAR,70875
2023,17,Carolina Panthers,CAR,Carolina Panthers,CAR,67233
2023,18,Carolina Panthers,CAR,Carolina Panthers,CAR,69010
2023,1,Chicago Bears,CHI,Chicago Bears,CHI,62456
2023,2,Chicago Bears,CHI,Chicago Bears,CHI,62976
2023,3,Chicago Bears,CHI,Chicago Bears,CHI,73562
2023,4,Chicago Bears,CHI,Chicago Bears,CHI,62220
2023,5,Chicago Bears,CHI,Chicago Bears,CHI,63727
2023,6,Chicago Bears,CHI,Chicago Bears,CHI,62167
2023,7,Chicago Bears,CHI,Chicago Bears,CHI,62199
2023,8,Chicago Bears,CHI,Chicago Bears,CHI,70240
2023,9,Chicago Bears,CHI,Chicago Bears,CHI,70006
2023,10,Chicago Bears,CHI,Chicago Bears,CHI,61200
2023,11,Chicago Bears,CHI,Chicago Bears,CHI,63873
2023,12,Chicago Bears,CHI,Chicago Bears,CHI,66843
2023,14,Chicago Bears,CHI,Chicago Bears,CHI,62185
2023,15,Chicago Bears,CHI,Chicago Bears,CHI,67919
2023,16,Chicago Bears,CHI,Chicago Bears,CHI,59978
2023,17,Chicago Bears,CHI,Chicago Bears,CHI,61752
2023,18,Chicago Bears,CHI,Chicago Bears,CHI,78188
2023,1,Cincinnati Bengals,CIN,Cincinnati Bengals,CIN,67919
2023,2,Cincinnati Bengals,CIN,Cincinnati Bengals,CIN,66015
2023,3,Cincinnati Bengals,CIN,Cincinnati Bengals,CIN,65158
2023,4,Cincinnati Bengals,CIN,Cincinnati Bengals,CIN,68951
2023,5,Cincinnati Bengals,CIN,Cincinnati Bengals,CIN,62651
2023,6,Cincinnati Bengals,CIN,Cincinnati Bengals,CIN,66385
2023,8,Cincinnati Bengals,CIN,Cincinnati Bengals,CIN,71655
2023,9,Cincinnati Bengals,CIN,Cincinnati Bengals,CIN,66965
2023,10,Cincinnati Bengals,CIN,Cincinnati Bengals,CIN,66526
2023,11,Cincinnati Bengals,CIN,Cincinnati Bengals,CIN,70997
2023,12,Cincinnati Bengals,CIN,Cincinnati Bengals,CIN,65090
2023,13,Cincinnati Bengals,CIN,Cincinnati Bengals,CIN,67951
2023,14,Cincinnati Bengals,CIN,Cincinnati Bengals,CIN,65981
2023,15,Cincinnati Bengals,CIN,Cincinnati Bengals,CIN,66376
2023,16,Cincinnati Bengals,CIN,Cincinnati Bengals,CIN,66646
2023,17,Cincinnati Bengals,CIN,Cincinnati Bengals,CIN,73565
2023,18,Cincinnati Bengals,CIN,Cincinnati Bengals,CIN,65865
2023,1,Cleveland Browns,CLE,Cleveland Browns,CLE,67919
2023,2,Cleveland Browns,CLE,Cleveland Browns,CLE,67576
2023,3,Cleveland Browns,CLE,Cleveland Browns,CLE,67919
2023,4,Cleveland Browns,CLE,Cleveland Browns,CLE,67919
2023,6,Cleveland Browns,CLE,Cleveland Browns,CLE,67431
2023,7,Cleveland Browns,CLE,Cleveland Browns,CLE,65552
2023,8,Cleveland Browns,CLE,Cleveland Browns,CLE,68807
2023,9,Cleveland Browns,CLE,Cleveland Browns,CLE,67919
2023,10,Cleveland Browns,CLE,Cleveland Browns,CLE,70424
2023,11,Cleveland Browns,CLE,Cleveland Browns,CLE,67919
2023,12,Cleveland Browns,CLE,Cleveland Browns,CLE,76261
2023,13,Cleveland Browns,CLE,Cleveland Browns,CLE,72887
2023,14,Cleveland Browns,CLE,Cleveland Browns,CLE,67431
2023,15,Cleveland Browns,CLE,Cleveland Browns,CLE,67919
2023,16,Cleveland Browns,CLE,Cleveland Browns,CLE,70831
2023,17,Cleveland Browns,CLE,Cleveland Browns,CLE,67919
2023,18,Cleveland Browns,CLE,Cleveland Browns,CLE,65865
2023,1,Dallas Cowboys,DAL,Dallas Cowboys,DAL,80809
2023,2,Dallas Cowboys,DAL,Dallas Cowboys,DAL,93689
2023,3,Dallas Cowboys,DAL,Dallas Cowboys,DAL,62915
2023,4,Dallas Cowboys,DAL,Dallas Cowboys,DAL,93719
2023,5,Dallas Cowboys,DAL,Dallas Cowboys,DAL,71617
2023,6,Dallas Cowboys,DAL,Dallas Cowboys,DAL,70240
2023,8,Dallas Cowboys,DAL,Dallas Cowboys,DAL,93448
2023,9,Dallas Cowboys,DAL,Dallas Cowboys,DAL,69879
2023,10,Dallas Cowboys,DAL,Dallas Cowboys,DAL,93338
2023,11,Dallas Cowboys,DAL,Dallas Cowboys,DAL,73543
2023,12,Dallas Cowboys,DAL,Dallas Cowboys,DAL,93711
2023,13,Dallas Cowboys,DAL,Dallas Cowboys,DAL,93367
2023,14,Dallas Cowboys,DAL,Dallas Cowboys,DAL,93752
2023,15,Dallas Cowboys,DAL,Dallas Cowboys,DAL,70933
2023,16,Dallas Cowboys,DAL,Dallas Cowboys,DAL,66410
2023,17,Dallas Cowboys,DAL,Dallas Cowboys,DAL,93731
2023,18,Dallas Cowboys,DAL,Dallas Cowboys,DAL,63645
2023,1,Denver Broncos,DEN,Denver Broncos,DEN,76299
2023,2,Denver Broncos,DEN,Denver Broncos,DEN,76108
2023,3,Denver Broncos,DEN,Denver Broncos,DEN,65522
2023,4,Denver Broncos,DEN,Denver Broncos,DEN,62220
2023,5,Denver Broncos,DEN,Denver Broncos,DEN,76387
2023,6,Denver Broncos,DEN,Denver Broncos,DEN,73528
2023,7,Denver Broncos,DEN,Denver Broncos,DEN,76880
2023,8,Denver Broncos,DEN,Denver Broncos,DEN,76286
2023,10,Denver Broncos,DEN,Denver Broncos,DEN,70318
2023,11,Denver Broncos,DEN,Denver Broncos,DEN,76848
2023,12,Denver Broncos,DEN,Denver Broncos,DEN,76261
2023,13,Denver Broncos,DEN,Denver Broncos,DEN,71670
2023,14,Denver Broncos,DEN,Denver Broncos,DEN,70240
2023,15,Denver Broncos,DEN,Denver Broncos,DEN,64500
2023,16,Denver Broncos,DEN,Denver Broncos,DEN,76201
2023,17,Denver Broncos,DEN,Denver Broncos,DEN,76228
2023,18,Denver Broncos,DEN,Denver Broncos,DEN,61429
2023,1,Detroit Lions,DET,Detroit Lions,DET,73522
2023,2,Detroit Lions,DET,Detroit Lions,DET,66434
2023,3,Detroit Lions,DET,Detroit Lions,DET,63803
2023,4,Detroit Lions,DET,Detroit Lions,DET,78052
2023,5,Detroit Lions,DET,Detroit Lions,DET,63648
2023,6,Detroit Lions,DET,Detroit Lions,DET,65854
2023,7,Detroit Lions,DET,Detroit Lions,DET,70989
2023,8,Detroit Lions,DET,Detroit Lions,DET,66774
2023,10,Detroit Lions,DET,Detroit Lions,DET,70240
2023,11,Detroit Lions,DET,Detroit Lions,DET,63873
2023,12,Detroit Lions,DET,Detroit Lions,DET,66476
2023,13,Detroit Lions,DET,Detroit Lions,DET,70003
2023,14,Detroit Lions,DET,Detroit Lions,DET,62185
2023,15,Detroit Lions,DET,Detroit Lions,DET,64500
2023,16,Detroit Lions,DET,Detroit Lions,DET,66932
2023,17,Detroit Lions,DET,Detroit Lions,DET,93731
2023,18,Detroit Lions,DET,Detroit Lions,DET,63233
2023,1,Green Bay Packers,GB,Green Bay Packers,GB,62456
2023,2,Green Bay Packers,GB,Green Bay Packers,GB,69251
2023,3,Green Bay Packers,GB,Green Bay Packers,GB,78043
2023,4,Green Bay Packers,GB,Green Bay Packers,GB,78052
2023,5,Green Bay Packers,GB,Green Bay Packers,GB,62572
2023,7,Green Bay Packers,GB,Green Bay Packers,GB,76880
2023,8,Green Bay Packers,GB,Green Bay Packers,GB,78113
2023,9,Green Bay Packers,GB,Green Bay Packers,GB,77409
2023,10,Green Bay Packers,GB,Green Bay Packers,GB,67617
2023,11,Green Bay Packers,GB,Green Bay Packers,GB,77432
2023,12,Green Bay Packers,GB,Green Bay Packers,GB,66476
2023,13,Green Bay Packers,GB,Green Bay Packers,GB,78124
2023,14,Green Bay Packers,GB,Green Bay Packers,GB,76637
2023,15,Green Bay Packers,GB,Green Bay Packers,GB,77275
2023,16,Green Bay Packers,GB,Green Bay Packers,GB,70875
2023,17,Green Bay Packers,GB,Green Bay Packers,GB,67003
2023,18,Green Bay Packers,GB,Green Bay Packers,GB,78188
2023,1,Houston Texans,HOU,Houston Texans,HOU,70136
2023,2,Houston Texans,HOU,Houston Texans,HOU,71159
2023,3,Houston Texans,HOU,Houston Texans,HOU,61466
2023,4,Houston Texans,HOU,Houston Texans,HOU,71399
2023,5,Houston Texans,HOU,Houston Texans,HOU,69461
2023,6,Houston Texans,HOU,Houston Texans,HOU,71810
2023,8,Houston Texans,HOU,Houston Texans,HOU,71505
2023,9,Houston Texans,HOU,Houston Texans,HOU,70785
2023,10,Houston Texans,HOU,Houston Texans,HOU,66526
2023,11,Houston Texans,HOU,Houston Texans,HOU,70247
2023,12,Houston Texans,HOU,Houston Texans,HOU,71324
2023,13,Houston Texans,HOU,Houston Texans,HOU,71670
2023,14,Houston Texans,HOU,Houston Texans,HOU,72956
2023,15,Houston Texans,HOU,Houston Texans,HOU,66219
2023,16,Houston Texans,HOU,Houston Texans,HOU,70831
2023,17,Houston Texans,HOU,Houston Texans,HOU,71517
2023,18,Houston Texans,HOU,Houston Texans,HOU,65925
2023,1,Indianapolis Colts,IND,Indianapolis Colts,IND,65749
2023,2,Indianapolis Colts,IND,Indianapolis Colts,IND,71159
2023,3,Indianapolis Colts,IND,Indianapolis Colts,IND,70038
2023,4,Indianapolis Colts,IND,Indianapolis Colts,IND,65337
2023,5,Indianapolis Colts,IND,Indianapolis Colts,IND,65287
2023,6,Indianapolis Colts,IND,Indianapolis Colts,IND,64851
2023,7,Indianapolis Colts,IND,Indianapolis Colts,IND,65552
2023,8,Indianapolis Colts,IND,Indianapolis Colts,IND,65427
2023,9,Indianapolis Colts,IND,Indianapolis Colts,IND,72301
2023,10,Indianapolis Colts,IND,Indianapolis Colts,IND,50144
2023,12,Indianapolis Colts,IND,Indianapolis Colts,IND,64407
2023,13,Indianapolis Colts,IND,Indianapolis Colts,IND,62641
2023,14,Indianapolis Colts,IND,Indianapolis Colts,IND,65981
2023,15,Indianapolis Colts,IND,Indianapolis Colts,IND,64171
2023,16,Indianapolis Colts,IND,Indianapolis Colts,IND,69221
2023,17,Indianapolis Colts,IND,Indianapolis Colts,IND,65538
2023,18,Indianapolis Colts,IND,Indianapolis Colts,IND,65925
2023,1,Jacksonville Jaguars,JAX,Jacksonville Jaguars,JAX,65749
2023,2,Jacksonville Jaguars,JAX,Jacksonville Jaguars,JAX,69915
2023,3,Jacksonville Jaguars,JAX,Jacksonville Jaguars,JAX,61466
2023,4,Jacksonville Jaguars,JAX,Jacksonville Jaguars,JAX,85716
2023,5,Jacksonville Jaguars,JAX,Jacksonville Jaguars,JAX,61273
2023,6,Jacksonville Jaguars,JAX,Jacksonville Jaguars,JAX,64851
2023,7,Jacksonville Jaguars,JAX,Jacksonville Jaguars,JAX,70009
2023,8,Jacksonville Jaguars,JAX,Jacksonville Jaguars,JAX,67225
2023,10,Jacksonville Jaguars,JAX,Jacksonville Jaguars,JAX,69271
2023,11,Jacksonville Jaguars,JAX,Jacksonville Jaguars,JAX,67175
2023,12,Jacksonville Jaguars,JAX,Jacksonville Jaguars,JAX,71324
2023,13,Jacksonville Jaguars,JAX,Jacksonville Jaguars,JAX,67951
2023,14,Jacksonville Jaguars,JAX,Jacksonville Jaguars,JAX,67431
2023,15,Jacksonville Jaguars,JAX,Jacksonville Jaguars,JAX,68021
2023,16,Jacksonville Jaguars,JAX,Jacksonville Jaguars,JAX,62547
2023,17,Jacksonville Jaguars,JAX,Jacksonville Jaguars,JAX,67233
2023,18,Jacksonville Jaguars,JAX,Jacksonville Jaguars,JAX,63744
2023,1,Kansas City Chiefs,KC,Kansas City Chiefs,KC,73522
2023,2,Kansas City Chiefs,KC,Kansas City Chiefs,KC,69915
2023,3,Kansas City Chiefs,KC,Kansas City Chiefs,KC,73562
2023,4,Kansas City Chiefs,KC,Kansas City Chiefs,KC,80461
2023,5,Kansas City Chiefs,KC,Kansas City Chiefs,KC,67003
2023,6,Kansas City Chiefs,KC,Kansas City Chiefs,KC,73528
2023,7,Kansas City Chiefs,KC,Kansas City Chiefs,KC,73642
2023,8,Kansas City Chiefs,KC,Kansas City Chiefs,KC,76286
2023,9,Kansas City Chiefs,KC,Kansas City Chiefs,KC,50023
2023,11,Kansas City Chiefs,KC,Kansas City Chiefs,KC,73754
2023,12,Kansas City Chiefs,KC,Kansas City Chiefs,KC,62441
2023,13,Kansas City Chiefs,KC,Kansas City Chiefs,KC,78124
2023,14,Kansas City Chiefs,KC,Kansas City Chiefs,KC,73639
2023,15,Kansas City Chiefs,KC,Kansas City Chiefs,KC,64628
2023,16,Kansas City Chiefs,KC,Kansas City Chiefs,KC,73480
2023,17,Kansas City Chiefs,KC,Kansas City Chiefs,KC,73565
2023,18,Kansas City Chiefs,KC,Kansas City Chiefs,KC,68274
2023,1,Los Angeles Chargers,LAC,Los Angeles Chargers,LAC,70240
2023,2,Los Angeles Chargers,LAC,Los Angeles Chargers,LAC,67438
2023,3,Los Angeles Chargers,LAC,Los Angeles Chargers,LAC,66878
2023,4,Los Angeles Chargers,LAC,Los Angeles Chargers,LAC,70240
2023,6,Los Angeles Chargers,LAC,Los Angeles Chargers,LAC,70240
2023,7,Los Angeles Chargers,LAC,Los Angeles Chargers,LAC,73642
2023,8,Los Angeles Chargers,LAC,Los Angeles Chargers,LAC,70240
2023,9,Los Angeles Chargers,LAC,Los Angeles Chargers,LAC,75407
2023,10,Los Angeles Chargers,LAC,Los Angeles Chargers,LAC,70240
2023,11,Los Angeles Chargers,LAC,Los Angeles Chargers,LAC,77432
2023,12,Los Angeles Chargers,LAC,Los Angeles Chargers,LAC,70240
2023,13,Los Angeles Chargers,LAC,Los Angeles Chargers,LAC,64628
2023,14,Los Angeles Chargers,LAC,Los Angeles Chargers,LAC,70240
2023,15,Los Angeles Chargers,LAC,Los Angeles Chargers,LAC,61654
2023,16,Los Angeles Chargers,LAC,Los Angeles Chargers,LAC,67678
2023,17,Los Angeles Chargers,LAC,Los Angeles Chargers,LAC,76228
2023,18,Los Angeles Chargers,LAC,Los Angeles Chargers,LAC,68274
2023,1,Los Angeles Rams,LAR,Los Angeles Rams,LAR,68683
2023,2,Los Angeles Rams,LAR,Los Angeles Rams,LAR,74742
2023,3,Los Angeles Rams,LAR,Los Angeles Rams,LAR,65158
2023,4,Los Angeles Rams,LAR,Los Angeles Rams,LAR,65337
2023,5,Los Angeles Rams,LAR,Los Angeles Rams,LAR,74935
2023,6,Los Angeles Rams,LAR,Los Angeles Rams,LAR,71202
2023,7,Los Angeles Rams,LAR,Los Angeles Rams,LAR,73471
2023,8,Los Angeles Rams,LAR,Los Angeles Rams,LAR,93448
2023,9,Los Angeles Rams,LAR,Los Angeles Rams,LAR,77409
2023,11,Los Angeles Rams,LAR,Los Angeles Rams,LAR,72704
2023,12,Los Angeles Rams,LAR,Los Angeles Rams,LAR,62177
2023,13,Los Angeles Rams,LAR,Los Angeles Rams,LAR,72887
2023,14,Los Angeles Rams,LAR,Los Angeles Rams,LAR,70492
2023,15,Los Angeles Rams,LAR,Los Angeles Rams,LAR,72035
2023,16,Los Angeles Rams,LAR,Los Angeles Rams,LAR,73228
2023,17,Los Angeles Rams,LAR,Los Angeles Rams,LAR,75517
2023,18,Los Angeles Rams,LAR,Los Angeles Rams,LAR,71624
2023,1,Las Vegas Raiders,LV,Las Vegas Raiders,LV,76299
2023,2,Las Vegas Raiders,LV,Las Vegas Raiders,LV,70772
2023,3,Las Vegas Raiders,LV,Las Vegas Raiders,LV,62541
2023,4,Las Vegas Raiders,LV,Las Vegas Raiders,LV,70240
2023,5,Las Vegas Raiders,LV,Las Vegas Raiders,LV,62572
2023,6,Las Vegas Raiders,LV,Las Vegas Raiders,LV,61985
2023,7,Las Vegas Raiders,LV,Las Vegas Raiders,LV,62199
2023,8,Las Vegas Raiders,LV,Las Vegas Raiders,LV,66774
2023,9,Las Vegas Raiders,LV,Las Vegas Raiders,LV,62082
2023,10,Las Vegas Raiders,LV,Las Vegas Raiders,LV,62383
2023,11,Las Vegas Raiders,LV,Las Vegas Raiders,LV,66026
2023,12,Las Vegas Raiders,LV,Las Vegas Raiders,LV,62441
2023,14,Las Vegas Raiders,LV,Las Vegas Raiders,LV,62626
2023,15,Las Vegas Raiders,LV,Las Vegas Raiders,LV,61654
2023,16,Las Vegas Raiders,LV,Las Vegas Raiders,LV,73480
2023,17,Las Vegas Raiders,LV,Las Vegas Raiders,LV,65538
2023,18,Las Vegas Raiders,LV,Las Vegas Raiders,LV,61429
2023,1,Miami Dolphins,MIA,Miami Dolphins,MIA,70240
2023,2,Miami Dolphins,MIA,Miami Dolphins,MIA,64628
2023,3,Miami Dolphins,MIA,Miami Dolphins,MIA,65522
2023,4,Miami Dolphins,MIA,Miami Dolphins,MIA,70881
2023,5,Miami Dolphins,MIA,Miami Dolphins,MIA,65654
2023,6,Miami Dolphins,MIA,Miami Dolphins,MIA,65529
2023,7,Miami Dolphins,MIA,Miami Dolphins,MIA,69879
2023,8,Miami Dolphins,MIA,Miami Dolphins,MIA,65836
2023,9,Miami Dolphins,MIA,Miami Dolphins,MIA,50023
2023,11,Miami Dolphins,MIA,Miami Dolphins,MIA,66026
2023,12,Miami Dolphins,MIA,Miami Dolphins,MIA,82973
2023,13,Miami Dolphins,MIA,Miami Dolphins,MIA,63459
2023,14,Miami Dolphins,MIA,Miami Dolphins,MIA,66068
2023,15,Miami Dolphins,MIA,Miami Dolphins,MIA,65967
2023,16,Miami Dolphins,MIA,Miami Dolphins,MIA,66410
2023,17,Miami Dolphins,MIA,Miami Dolphins,MIA,71196
2023,18,Miami Dolphins,MIA,Miami Dolphins,MIA,66292
2023,1,Minnesota Vikings,MIN,Minnesota Vikings,MIN,66741
2023,2,Minnesota Vikings,MIN,Minnesota Vikings,MIN,69879
2023,3,Minnesota Vikings,MIN,Minnesota Vikings,MIN,66878
2023,4,Minnesota Vikings,MIN,Minnesota Vikings,MIN,72842
2023,5,Minnesota Vikings,MIN,Minnesota Vikings,MIN,67003
2023,6,Minnesota Vikings,MIN,Minnesota Vikings,MIN,62167
2023,7,Minnesota Vikings,MIN,Minnesota Vikings,MIN,66975
2023,8,Minnesota Vikings,MIN,Minnesota Vikings,MIN,78113
2023,9,Minnesota Vikings,MIN,Minnesota Vikings,MIN,69715
2023,10,Minnesota Vikings,MIN,Minnesota Vikings,MIN,66933
2023,11,Minnesota Vikings,MIN,Minnesota Vikings,MIN,76848
2023,12,Minnesota Vikings,MIN,Minnesota Vikings,MIN,66843
2023,14,Minnesota Vikings,MIN,Minnesota Vikings,MIN,62626
2023,15,Minnesota Vikings,MIN,Minnesota Vikings,MIN,66376
2023,16,Minnesota Vikings,MIN,Minnesota Vikings,MIN,66932
2023,17,Minnesota Vikings,MIN,Minnesota Vikings,MIN,67003
2023,18,Minnesota Vikings,MIN,Minnesota Vikings,MIN,63233
2023,1,New England Patriots,NE,New England Patriots,NE,64628
2023,2,New England Patriots,NE,New England Patriots,NE,64628
2023,3,New England Patriots,NE,New England Patriots,NE,80876
2023,4,New England Patriots,NE,New England Patriots,NE,93719
2023,5,New England Patriots,NE,New England Patriots,NE,64628
2023,6,New England Patriots,NE,New England Patriots,NE,61985
2023,7,New England Patriots,NE,New England Patriots,NE,64628
2023,8,New England Patriots,NE,New England Patriots,NE,65836
2023,9,New England Patriots,NE,New England Patriots,NE,64628
2023,10,New England Patriots,NE,New England Patriots,NE,50144
2023,12,New England Patriots,NE,New England Patriots,NE,82211
2023,13,New England Patriots,NE,New England Patriots,NE,64628
2023,14,New England Patriots,NE,New England Patriots,NE,66376
2023,15,New England Patriots,NE,New England Patriots,NE,64628
2023,16,New England Patriots,NE,New England Patriots,NE,76201
2023,17,New England Patriots,NE,New England Patriots,NE,70772
2023,18,New England Patriots,NE,New England Patriots,NE,64628
2023,1,New Orleans Saints,NO,New Orleans Saints,NO,70024
2023,2,New Orleans Saints,NO,New Orleans Saints,NO,72709
2023,3,New Orleans Saints,NO,New Orleans Saints,NO,78043
2023,4,New Orleans Saints,NO,New Orleans Saints,NO,70003
2023,5,New Orleans Saints,NO,New Orleans Saints,NO,64628
2023,6,New Orleans Saints,NO,New Orleans Saints,NO,71810
2023,7,New Orleans Saints,NO,New Orleans Saints,NO,70009
2023,8,New Orleans Saints,NO,New Orleans Saints,NO,65427
2023,9,New Orleans Saints,NO,New Orleans Saints,NO,70006
2023,10,New Orleans Saints,NO,New Orleans Saints,NO,66933
2023,12,New Orleans Saints,NO,New Orleans Saints,NO,70166
2023,13,New Orleans Saints,NO,New Orleans Saints,NO,70003
2023,14,New Orleans Saints,NO,New Orleans Saints,NO,70009
2023,15,New Orleans Saints,NO,New Orleans Saints,NO,70038
2023,16,New Orleans Saints,NO,New Orleans Saints,NO,73228
2023,17,New Orleans Saints,NO,New Orleans Saints,NO,65741
2023,18,New Orleans Saints,NO,New Orleans Saints,NO,70072
2023,1,New York Giants,NYG,New York Giants,NYG,80809
2023,2,New York Giants,NYG,New York Giants,NYG,62080
2023,3,New York Giants,NYG,New York Giants,NYG,71593
2023,4,New York Giants,NYG,New York Giants,NYG,78507
2023,5,New York Giants,NYG,New York Giants,NYG,65654
2023,6,New York Giants,NYG,New York Giants,NYG,70515
2023,7,New York Giants,NYG,New York Giants,NYG,81671
2023,8,New York Giants,NYG,New York Giants,NYG,83367
2023,9,New York Giants,NYG,New York Giants,NYG,62082
2023,10,New York Giants,NYG,New York Giants,NYG,93338
2023,11,New York Giants,NYG,New York Giants,NYG,62714
2023,12,New York Giants,NYG,New York Giants,NYG,82211
2023,14,New York Giants,NYG,New York Giants,NYG,76637
2023,15,New York Giants,NYG,New York Giants,NYG,70038
2023,16,New York Giants,NYG,New York Giants,NYG,69879
2023,17,New York Giants,NYG,New York Giants,NYG,75517
2023,18,New York Giants,NYG,New York Giants,NYG,75740
2023,1,New York Jets,NYJ,New York Jets,NYJ,83345
2023,2,New York Jets,NYJ,New York Jets,NYJ,93689
2023,3,New York Jets,NYJ,New York Jets,NYJ,80876
2023,4,New York Jets,NYJ,New York Jets,NYJ,80461
2023,5,New York Jets,NYJ,New York Jets,NYJ,76387
2023,6,New York Jets,NYJ,New York Jets,NYJ,83068
2023,8,New York Jets,NYJ,New York Jets,NYJ,83367
2023,9,New York Jets,NYJ,New York Jets,NYJ,75407
2023,10,New York Jets,NYJ,New York Jets,NYJ,62383
2023,11,New York Jets,NYJ,New York Jets,NYJ,70603
2023,12,New York Jets,NYJ,New York Jets,NYJ,82973
2023,13,New York Jets,NYJ,New York Jets,NYJ,74455
2023,14,New York Jets,NYJ,New York Jets,NYJ,72956
2023,15,New York Jets,NYJ,New York Jets,NYJ,65967
2023,16,New York Jets,NYJ,New York Jets,NYJ,67470
2023,17,New York Jets,NYJ,New York Jets,NYJ,67919
2023,18,New York Jets,NYJ,New York Jets,NYJ,64628
2023,1,Philadelphia Eagles,PHI,Philadelphia Eagles,PHI,64628
2023,2,Philadelphia Eagles,PHI,Philadelphia Eagles,PHI,69879
2023,3,Philadelphia Eagles,PHI,Philadelphia Eagles,PHI,65426
2023,4,Philadelphia Eagles,PHI,Philadelphia Eagles,PHI,69879
2023,5,Philadelphia Eagles,PHI,Philadelphia Eagles,PHI,74935
2023,6,Philadelphia Eagles,PHI,Philadelphia Eagles,PHI,83068
2023,7,Philadelphia Eagles,PHI,Philadelphia Eagles,PHI,69879
2023,8,Philadelphia Eagles,PHI,Philadelphia Eagles,PHI,64653
2023,9,Philadelphia Eagles,PHI,Philadelphia Eagles,PHI,69879
2023,11,Philadelphia Eagles,PHI,Philadelphia Eagles,PHI,73754
2023,12,Philadelphia Eagles,PHI,Philadelphia Eagles,PHI,69879
2023,13,Philadelphia Eagles,PHI,Philadelphia Eagles,PHI,69879
2023,14,Philadelphia Eagles,PHI,Philadelphia Eagles,PHI,93752
2023,15,Philadelphia Eagles,PHI,Philadelphia Eagles,PHI,68758
2023,16,Philadelphia Eagles,PHI,Philadelphia Eagles,PHI,69879
2023,17,Philadelphia Eagles,PHI,Philadelphia Eagles,PHI,69879
2023,18,Philadelphia Eagles,PHI,Philadelphia Eagles,PHI,75740
2023,1,Pittsburgh Steelers,PIT,Pittsburgh Steelers,PIT,67679
2023,2,Pittsburgh Steelers,PIT,Pittsburgh Steelers,PIT,67576
2023,3,Pittsburgh Steelers,PIT,Pittsburgh Steelers,PIT,62541
2023,4,Pittsburgh Steelers,PIT,Pittsburgh Steelers,PIT,71399
2023,5,Pittsburgh Steelers,PIT,Pittsburgh Steelers,PIT,67272
2023,7,Pittsburgh Steelers,PIT,Pittsburgh Steelers,PIT,73471
2023,8,Pittsburgh Steelers,PIT,Pittsburgh Steelers,PIT,67225
2023,9,Pittsburgh Steelers,PIT,Pittsburgh Steelers,PIT,65969
2023,10,Pittsburgh Steelers,PIT,Pittsburgh Steelers,PIT,67617
2023,11,Pittsburgh Steelers,PIT,Pittsburgh Steelers,PIT,67919
2023,12,Pittsburgh Steelers,PIT,Pittsburgh Steelers,PIT,65090
2023,13,Pittsburgh Steelers,PIT,Pittsburgh Steelers,PIT,66436
2023,14,Pittsburgh Steelers,PIT,Pittsburgh Steelers,PIT,66376
2023,15,Pittsburgh Steelers,PIT,Pittsburgh Steelers,PIT,64171
2023,16,Pittsburgh Steelers,PIT,Pittsburgh Steelers,PIT,66646
2023,17,Pittsburgh Steelers,PIT,Pittsburgh Steelers,PIT,68735
2023,18,Pittsburgh Steelers,PIT,Pittsburgh Steelers,PIT,70355
2023,1,Seattle Seahawks,SEA,Seattle Seahawks,SEA,68683
2023,2,Seattle Seahawks,SEA,Seattle Seahawks,SEA,66434
2023,3,Seattle Seahawks,SEA,Seattle Seahawks,SEA,68699
2023,4,Seattle Seahawks,SEA,Seattle Seahawks,SEA,78507
2023,6,Seattle Seahawks,SEA,Seattle Seahawks,SEA,66385
2023,7,Seattle Seahawks,SEA,Seattle Seahawks,SEA,68781
2023,8,Seattle Seahawks,SEA,Seattle Seahawks,SEA,68807
2023,9,Seattle Seahawks,SEA,Seattle Seahawks,SEA,70753
2023,10,Seattle Seahawks,SEA,Seattle Seahawks,SEA,68721
2023,11,Seattle Seahawks,SEA,Seattle Seahawks,SEA,72704
2023,12,Seattle Seahawks,SEA,Seattle Seahawks,SEA,68702
2023,13,Seattle Seahawks,SEA,Seattle Seahawks,SEA,93367
2023,14,Seattle Seahawks,SEA,Seattle Seahawks,SEA,71816
2023,15,Seattle Seahawks,SEA,Seattle Seahawks,SEA,68758
2023,16,Seattle Seahawks,SEA,Seattle Seahawks,SEA,60181
2023,17,Seattle Seahawks,SEA,Seattle Seahawks,SEA,68735
2023,18,Seattle Seahawks,SEA,Seattle Seahawks,SEA,63197
2023,1,San Francisco 49ers,SF,San Francisco 49ers,SF,67679
2023,2,San Francisco 49ers,SF,San Francisco 49ers,SF,74742
2023,3,San Francisco 49ers,SF,San Francisco 49ers,SF,71593
2023,4,San Francisco 49ers,SF,San Francisco 49ers,SF,71521
2023,5,San Francisco 49ers,SF,San Francisco 49ers,SF,71617
2023,6,San Francisco 49ers,SF,San Francisco 49ers,SF,67431
2023,7,San Francisco 49ers,SF,San Francisco 49ers,SF,66975
2023,8,San Francisco 49ers,SF,San Francisco 49ers,SF,71655
2023,10,San Francisco 49ers,SF,San Francisco 49ers,SF,69271
2023,11,San Francisco 49ers,SF,San Francisco 49ers,SF,71607
2023,12,San Francisco 49ers,SF,San Francisco 49ers,SF,68702
2023,13,San Francisco 49ers,SF,San Francisco 49ers,SF,69879
2023,14,San Francisco 49ers,SF,San Francisco 49ers,SF,71816
2023,15,San Francisco 49ers,SF,San Francisco 49ers,SF,63967
2023,16,San Francisco 49ers,SF,San Francisco 49ers,SF,71812
2023,17,San Francisco 49ers,SF,San Francisco 49ers,SF,64424
2023,18,San Francisco 49ers,SF,San Francisco 49ers,SF,71624
2023,1,Tampa Bay Buccaneers,TB,Tampa Bay Buccaneers,TB,66741
2023,2,Tampa Bay Buccaneers,TB,Tampa Bay Buccaneers,TB,62976
2023,3,Tampa Bay Buccaneers,TB,Tampa Bay Buccaneers,TB,65426
2023,4,Tampa Bay Buccaneers,TB,Tampa Bay Buccaneers,TB,70003
2023,6,Tampa Bay Buccaneers,TB,Tampa Bay Buccaneers,TB,65854
2023,7,Tampa Bay Buccaneers,TB,Tampa Bay Buccaneers,TB,62620
2023,8,Tampa Bay Buccaneers,TB,Tampa Bay Buccaneers,TB,70416
2023,9,Tampa Bay Buccaneers,TB,Tampa Bay Buccaneers,TB,70785
2023,10,Tampa Bay Buccaneers,TB,Tampa Bay Buccaneers,TB,62725
2023,11,Tampa Bay Buccaneers,TB,Tampa Bay Buccaneers,TB,71607
2023,12,Tampa Bay Buccaneers,TB,Tampa Bay Buccaneers,TB,64407
2023,13,Tampa Bay Buccaneers,TB,Tampa Bay Buccaneers,TB,62432
2023,14,Tampa Bay Buccaneers,TB,Tampa Bay Buccaneers,TB,69496
2023,15,Tampa Bay Buccaneers,TB,Tampa Bay Buccaneers,TB,77275
2023,16,Tampa Bay Buccaneers,TB,Tampa Bay Buccaneers,TB,62547
2023,17,Tampa Bay Buccaneers,TB,Tampa Bay Buccaneers,TB,65741
2023,18,Tampa Bay Buccaneers,TB,Tampa Bay Buccaneers,TB,69010
2023,1,Tennessee Titans,TEN,Tennessee Titans,TEN,70024
2023,2,Tennessee Titans,TEN,Tennessee Titans,TEN,67438
2023,3,Tennessee Titans,TEN,Tennessee Titans,TEN,67919
2023,4,Tennessee Titans,TEN,Tennessee Titans,TEN,68951
2023,5,Tennessee Titans,TEN,Tennessee Titans,TEN,65287
2023,6,Tennessee Titans,TEN,Tennessee Titans,TEN,61011
2023,8,Tennessee Titans,TEN,Tennessee Titans,TEN,68008
2023,9,Tennessee Titans,TEN,Tennessee Titans,TEN,65969
2023,10,Tennessee Titans,TEN,Tennessee Titans,TEN,62725
2023,11,Tennessee Titans,TEN,Tennessee Titans,TEN,67175
2023,12,Tennessee Titans,TEN,Tennessee Titans,TEN,62493
2023,13,Tennessee Titans,TEN,Tennessee Titans,TEN,62641
2023,14,Tennessee Titans,TEN,Tennessee Titans,TEN,66068
2023,15,Tennessee Titans,TEN,Tennessee Titans,TEN,66219
2023,16,Tennessee Titans,TEN,Tennessee Titans,TEN,60181
2023,17,Tennessee Titans,TEN,Tennessee Titans,TEN,71517
2023,18,Tennessee Titans,TEN,Tennessee Titans,TEN,63744
2023,1,Washington Commanders,WAS,Washington Commanders,WSH,64693
2023,2,Washington Commanders,WAS,Washington Commanders,WSH,76108
2023,3,Washington Commanders,WAS,Washington Commanders,WSH,64291
2023,4,Washington Commanders,WAS,Washington Commanders,WSH,69879
2023,5,Washington Commanders,WAS,Washington Commanders,WSH,63727
2023,6,Washington Commanders,WAS,Washington Commanders,WSH,69921
2023,7,Washington Commanders,WAS,Washington Commanders,WSH,81671
2023,8,Washington Commanders,WAS,Washington Commanders,WSH,64653
2023,9,Washington Commanders,WAS,Washington Commanders,WSH,64628
2023,10,Washington Commanders,WAS,Washington Commanders,WSH,68721
2023,11,Washington Commanders,WAS,Washington Commanders,WSH,62714
2023,12,Washington Commanders,WAS,Washington Commanders,WSH,93711
2023,13,Washington Commanders,WAS,Washington Commanders,WSH,63459
2023,15,Washington Commanders,WAS,Washington Commanders,WSH,72035
2023,16,Washington Commanders,WAS,Washington Commanders,WSH,67470
2023,17,Washington Commanders,WAS,Washington Commanders,WSH,64424
2023,18,Washington Commanders,WAS,Washington Commanders,WSH,63645
2024,1,Arizona Cardinals,ARI,Arizona Cardinals,ARI,70542
2024,2,Arizona Cardinals,ARI,Arizona Cardinals,ARI,63331
2024,3,Arizona Cardinals,ARI,Arizona Cardinals,ARI,63650
2024,4,Arizona Cardinals,ARI,Arizona Cardinals,ARI,63286
2024,5,Arizona Cardinals,ARI,Arizona Cardinals,ARI,71310
2024,6,Arizona Cardinals,ARI,Arizona Cardinals,ARI,77773
2024,7,Arizona Cardinals,ARI,Arizona Cardinals,ARI,64357
2024,8,Arizona Cardinals,ARI,Arizona Cardinals,ARI,65629
2024,9,Arizona Cardinals,ARI,Arizona Cardinals,ARI,64609
2024,10,Arizona Cardinals,ARI,Arizona Cardinals,ARI,64030
2024,12,Arizona Cardinals,ARI,Arizona Cardinals,ARI,68649
2024,13,Arizona Cardinals,ARI,Arizona Cardinals,ARI,66873
2024,14,Arizona Cardinals,ARI,Arizona Cardinals,ARI,64533
2024,15,Arizona Cardinals,ARI,Arizona Cardinals,ARI,64135
2024,16,Arizona Cardinals,ARI,Arizona Cardinals,ARI,68804
2024,17,Arizona Cardinals,ARI,Arizona Cardinals,ARI,73051
2024,18,Arizona Cardinals,ARI,Arizona Cardinals,ARI,63849
2024,1,Atlanta Falcons,ATL,Atlanta Falcons,ATL,72291
2024,2,Atlanta Falcons,ATL,Atlanta Falcons,ATL,69879
2024,3,Atlanta Falcons,ATL,Atlanta Falcons,ATL,72441
2024,4,Atlanta Falcons,ATL,Atlanta Falcons,ATL,72204
2024,5,Atlanta Falcons,ATL,Atlanta Falcons,ATL,70016
2024,6,Atlanta Falcons,ATL,Atlanta Falcons,ATL,70884
2024,7,Atlanta Falcons,ATL,Atlanta Falcons,ATL,70691
2024,8,Atlanta Falcons,ATL,Atlanta Falcons,ATL,62787
2024,9,Atlanta Falcons,ATL,Atlanta Falcons,ATL,72665
2024,10,Atlanta Falcons,ATL,Atlanta Falcons,ATL,70005
2024,11,Atlanta Falcons,ATL,Atlanta Falcons,ATL,76545
2024,13,Atlanta Falcons,ATL,Atlanta Falcons,ATL,72139
2024,14,Atlanta Falcons,ATL,Atlanta Falcons,ATL,67008
2024,15,Atlanta Falcons,ATL,Atlanta Falcons,ATL,62364
2024,16,Atlanta Falcons,ATL,Atlanta Falcons,ATL,70404
2024,17,Atlanta Falcons,ATL,Atlanta Falcons,ATL,63480
2024,18,Atlanta Falcons,ATL,Atlanta Falcons,ATL,69581
2024,1,Baltimore Ravens,BAL,Baltimore Ravens,BAL,73611
2024,2,Baltimore Ravens,BAL,Baltimore Ravens,BAL,70762
2024,3,Baltimore Ravens,BAL,Baltimore Ravens,BAL,93566
2024,4,Baltimore Ravens,BAL,Baltimore Ravens,BAL,70636
2024,5,Baltimore Ravens,BAL,Baltimore Ravens,BAL,66341
2024,6,Baltimore Ravens,BAL,Baltimore Ravens,BAL,71316
2024,7,Baltimore Ravens,BAL,Baltimore Ravens,BAL,64828
2024,8,Baltimore Ravens,BAL,Baltimore Ravens,BAL,67431
2024,9,Baltimore Ravens,BAL,Baltimore Ravens,BAL,71051
2024,10,Baltimore Ravens,BAL,Baltimore Ravens,BAL,71439
2024,11,Baltimore Ravens,BAL,Baltimore Ravens,BAL,67551
2024,12,Baltimore Ravens,BAL,Baltimore Ravens,BAL,70240
2024,13,Baltimore Ravens,BAL,Baltimore Ravens,BAL,71344
2024,15,Baltimore Ravens,BAL,Baltimore Ravens,BAL,77455
2024,16,Baltimore Ravens,BAL,Baltimore Ravens,BAL,71313
2024,17,Baltimore Ravens,BAL,Baltimore Ravens,BAL,71544
2024,18,Baltimore Ravens,BAL,Baltimore Ravens,BAL,70562
2024,1,Buffalo Bills,BUF,Buffalo Bills,BUF,70542
2024,2,Buffalo Bills,BUF,Buffalo Bills,BUF,65601
2024,3,Buffalo Bills,BUF,Buffalo Bills,BUF,70316
2024,4,Buffalo Bills,BUF,Buffalo Bills,BUF,70636
2024,5,Buffalo Bills,BUF,Buffalo Bills,BUF,71427
2024,6,Buffalo Bills,BUF,Buffalo Bills,BUF,81118
2024,7,Buffalo Bills,BUF,Buffalo Bills,BUF,70842
2024,8,Buffalo Bills,BUF,Buffalo Bills,BUF,68704
2024,9,Buffalo Bills,BUF,Buffalo Bills,BUF,70862
2024,10,Buffalo Bills,BUF,Buffalo Bills,BUF,66474
2024,11,Buffalo Bills,BUF,Buffalo Bills,BUF,71112
2024,13,Buffalo Bills,BUF,Buffalo Bills,BUF,70437
2024,14,Buffalo Bills,BUF,Buffalo Bills,BUF,73493
2024,15,Buffalo Bills,BUF,Buffalo Bills,BUF,65327
2024,16,Buffalo Bills,BUF,Buffalo Bills,BUF,70725
2024,17,Buffalo Bills,BUF,Buffalo Bills,BUF,70728
2024,18,Buffalo Bills,BUF,Buffalo Bills,BUF,64626
2024,1,Carolina Panthers,CAR,Carolina Panthers,CAR,70007
2024,2,Carolina Panthers,CAR,Carolina Panthers,CAR,70145
2024,3,Carolina Panthers,CAR,Carolina Panthers,CAR,62417
2024,4,Carolina Panthers,CAR,Carolina Panthers,CAR,77258
2024,5,Carolina Panthers,CAR,Carolina Panthers,CAR,59307
2024,6,Carolina Panthers,CAR,Carolina Panthers,CAR,70884
2024,7,Carolina Panthers,CAR,Carolina Panthers,CAR,63380
2024,8,Carolina Panthers,CAR,Carolina Panthers,CAR,76135
2024,9,Carolina Panthers,CAR,Carolina Panthers,CAR,70292
2024,10,Carolina Panthers,CAR,Carolina Panthers,CAR,70132
2024,12,Carolina Panthers,CAR,Carolina Panthers,CAR,73216
2024,13,Carolina Panthers,CAR,Carolina Panthers,CAR,69214
2024,14,Carolina Panthers,CAR,Carolina Panthers,CAR,69879
2024,15,Carolina Panthers,CAR,Carolina Panthers,CAR,70570
2024,16,Carolina Panthers,CAR,Carolina Panthers,CAR,68804
2024,17,Carolina Panthers,CAR,Carolina Panthers,CAR,64434
2024,18,Carolina Panthers,CAR,Carolina Panthers,CAR,69581
2024,1,Chicago Bears,CHI,Chicago Bears,CHI,59403
2024,2,Chicago Bears,CHI,Chicago Bears,CHI,71412
2024,3,Chicago Bears,CHI,Chicago Bears,CHI,66624
2024,4,Chicago Bears,CHI,Chicago Bears,CHI,59074
2024,5,Chicago Bears,CHI,Chicago Bears,CHI,59307
2024,6,Chicago Bears,CHI,Chicago Bears,CHI,61182
2024,8,Chicago Bears,CHI,Chicago Bears,CHI,64704
2024,9,Chicago Bears,CHI,Chicago Bears,CHI,64609
2024,10,Chicago Bears,CHI,Chicago Bears,CHI,58912
2024,11,Chicago Bears,CHI,Chicago Bears,CHI,59419
2024,12,Chicago Bears,CHI,Chicago Bears,CHI,57659
2024,13,Chicago Bears,CHI,Chicago Bears,CHI,64275
2024,14,Chicago Bears,CHI,Chicago Bears,CHI,71662
2024,15,Chicago Bears,CHI,Chicago Bears,CHI,67017
2024,16,Chicago Bears,CHI,Chicago Bears,CHI,56539
2024,17,Chicago Bears,CHI,Chicago Bears,CHI,56346
2024,18,Chicago Bears,CHI,Chicago Bears,CHI,77862
2024,1,Cincinnati Bengals,CIN,Cincinnati Bengals,CIN,66214
2024,2,Cincinnati Bengals,CIN,Cincinnati Bengals,CIN,73558
2024,3,Cincinnati Bengals,CIN,Cincinnati Bengals,CIN,66207
2024,4,Cincinnati Bengals,CIN,Cincinnati Bengals,CIN,77258
2024,5,Cincinnati Bengals,CIN,Cincinnati Bengals,CIN,66341
2024,6,Cincinnati Bengals,CIN,Cincinnati Bengals,CIN,78809
2024,7,Cincinnati Bengals,CIN,Cincinnati Bengals,CIN,68143
2024,8,Cincinnati Bengals,CIN,Cincinnati Bengals,CIN,67239
2024,9,Cincinnati Bengals,CIN,Cincinnati Bengals,CIN,65962
2024,10,Cincinnati Bengals,CIN,Cincinnati Bengals,CIN,71439
2024,11,Cincinnati Bengals,CIN,Cincinnati Bengals,CIN,70240
2024,13,Cincinnati Bengals,CIN,Cincinnati Bengals,CIN,66112
2024,14,Cincinnati Bengals,CIN,Cincinnati Bengals,CIN,92587
2024,15,Cincinnati Bengals,CIN,Cincinnati Bengals,CIN,63745
2024,16,Cincinnati Bengals,CIN,Cincinnati Bengals,CIN,65734
2024,17,Cincinnati Bengals,CIN,Cincinnati Bengals,CIN,66546
2024,18,Cincinnati Bengals,CIN,Cincinnati Bengals,CIN,65631
2024,1,Cleveland Browns,CLE,Cleveland Browns,CLE,67431
2024,2,Cleveland Browns,CLE,Cleveland Browns,CLE,60105
2024,3,Cleveland Browns,CLE,Cleveland Browns,CLE,68016
2024,4,Cleveland Browns,CLE,Cleveland Browns,CLE,62401
2024,5,Cleveland Browns,CLE,Cleveland Browns,CLE,59030
2024,6,Cleveland Browns,CLE,Cleveland Browns,CLE,69879
2024,7,Cleveland Browns,CLE,Cleveland Browns,CLE,68143
2024,8,Cleveland Browns,CLE,Cleveland Browns,CLE,67431
2024,9,Cleveland Browns,CLE,Cleveland Browns,CLE,67431
2024,11,Cleveland Browns,CLE,Cleveland Browns,CLE,70006
2024,12,Cleveland Browns,CLE,Cleveland Browns,CLE,67431
2024,13,Cleveland Browns,CLE,Cleveland Browns,CLE,68306
2024,14,Cleveland Browns,CLE,Cleveland Browns,CLE,66845
2024,15,Cleveland Browns,CLE,Cleveland Browns,CLE,67983
2024,16,Cleveland Browns,CLE,Cleveland Browns,CLE,65734
2024,17,Cleveland Browns,CLE,Cleveland Browns,CLE,67942
2024,18,Cleveland Browns,CLE,Cleveland Browns,CLE,70562
2024,1,Dallas Cowboys,DAL,Dallas Cowboys,DAL,67431
2024,2,Dallas Cowboys,DAL,Dallas Cowboys,DAL,93691
2024,3,Dallas Cowboys,DAL,Dallas Cowboys,DAL,93566
2024,4,Dallas Cowboys,DAL,Dallas Cowboys,DAL,80425
2024,5,Dallas Cowboys,DAL,Dallas Cowboys,DAL,67380
2024,6,Dallas Cowboys,DAL,Dallas Cowboys,DAL,93644
2024,8,Dallas Cowboys,DAL,Dallas Cowboys,DAL,71521
2024,9,Dallas Cowboys,DAL,Dallas Cowboys,DAL,72665
2024,10,Dallas Cowboys,DAL,Dallas Cowboys,DAL,93644
2024,11,Dallas Cowboys,DAL,Dallas Cowboys,DAL,92969
2024,12,Dallas Cowboys,DAL,Dallas Cowboys,DAL,64955
2024,13,Dallas Cowboys,DAL,Dallas Cowboys,DAL,92196
2024,14,Dallas Cowboys,DAL,Dallas Cowboys,DAL,92587
2024,15,Dallas Cowboys,DAL,Dallas Cowboys,DAL,70570
2024,16,Dallas Cowboys,DAL,Dallas Cowboys,DAL,93103
2024,17,Dallas Cowboys,DAL,Dallas Cowboys,DAL,69879
2024,18,Dallas Cowboys,DAL,Dallas Cowboys,DAL,91349
2024,1,Denver Broncos,DEN,Denver Broncos,DEN,68714
2024,2,Denver Broncos,DEN,Denver Broncos,DEN,74215
2024,3,Denver Broncos,DEN,Denver Broncos,DEN,62738
2024,4,Denver Broncos,DEN,Denver Broncos,DEN,82243
2024,5,Denver Broncos,DEN,Denver Broncos,DEN,72825
2024,6,Denver Broncos,DEN,Denver Broncos,DEN,70743
2024,7,Denver Broncos,DEN,Denver Broncos,DEN,70008
2024,8,Denver Broncos,DEN,Denver Broncos,DEN,76135
2024,9,Denver Broncos,DEN,Denver Broncos,DEN,71051
2024,10,Denver Broncos,DEN,Denver Broncos,DEN,73704
2024,11,Denver Broncos,DEN,Denver Broncos,DEN,76545
2024,12,Denver Broncos,DEN,Denver Broncos,DEN,62460
2024,13,Denver Broncos,DEN,Denver Broncos,DEN,68306
2024,15,Denver Broncos,DEN,Denver Broncos,DEN,76496
2024,16,Denver Broncos,DEN,Denver Broncos,DEN,70240
2024,17,Denver Broncos,DEN,Denver Broncos,DEN,66546
2024,1,Detroit Lions,DET,Detroit Lions,DET,66530
2024,2,Detroit Lions,DET,Detroit Lions,DET,64160
2024,3,Detroit Lions,DET,Detroit Lions,DET,63650
2024,4,Detroit Lions,DET,Detroit Lions,DET,66658
2024,6,Detroit Lions,DET,Detroit Lions,DET,93644
2024,7,Detroit Lions,DET,Detroit Lions,DET,66971
2024,8,Detroit Lions,DET,Detroit Lions,DET,64316
2024,9,Detroit Lions,DET,Detroit Lions,DET,78330
2024,10,Detroit Lions,DET,Detroit Lions,DET,71512
2024,11,Detroit Lions,DET,Detroit Lions,DET,64273
2024,12,Detroit Lions,DET,Detroit Lions,DET,66696
2024,13,Detroit Lions,DET,Detroit Lions,DET,64275
2024,14,Detroit Lions,DET,Detroit Lions,DET,63987
2024,15,Detroit Lions,DET,Detroit Lions,DET,65327
2024,16,Detroit Lions,DET,Detroit Lions,DET,56539
2024,17,Detroit Lions,DET,Detroit Lions,DET,71688
2024,18,Detroit Lions,DET,Detroit Lions,DET,64774
2024,1,Green Bay Packers,GB,Green Bay Packers,GB,47236
2024,2,Green Bay Packers,GB,Green Bay Packers,GB,77827
2024,3,Green Bay Packers,GB,Green Bay Packers,GB,67322
2024,4,Green Bay Packers,GB,Green Bay Packers,GB,78335
2024,5,Green Bay Packers,GB,Green Bay Packers,GB,72842
2024,6,Green Bay Packers,GB,Green Bay Packers,GB,77773
2024,7,Green Bay Packers,GB,Green Bay Packers,GB,78197
2024,8,Green Bay Packers,GB,Green Bay Packers,GB,65618
2024,9,Green Bay Packers,GB,Green Bay Packers,GB,78330
2024,11,Green Bay Packers,GB,Green Bay Packers,GB,59419
2024,12,Green Bay Packers,GB,Green Bay Packers,GB,78222
2024,13,Green Bay Packers,GB,Green Bay Packers,GB,77599
2024,14,Green Bay Packers,GB,Green Bay Packers,GB,63987
2024,15,Green Bay Packers,GB,Green Bay Packers,GB,68766
2024,16,Green Bay Packers,GB,Green Bay Packers,GB,77885
2024,17,Green Bay Packers,GB,Green Bay Packers,GB,67031
2024,18,Green Bay Packers,GB,Green Bay Packers,GB,77862
2024,1,Houston Texans,HOU,Houston Texans,HOU,65306
2024,2,Houston Texans,HOU,Houston Texans,HOU,71412
2024,3,Houston Texans,HOU,Houston Texans,HOU,66843
2024,4,Houston Texans,HOU,Houston Texans,HOU,71115
2024,5,Houston Texans,HOU,Houston Texans,HOU,71427
2024,6,Houston Texans,HOU,Houston Texans,HOU,64628
2024,7,Houston Texans,HOU,Houston Texans,HOU,78197
2024,8,Houston Texans,HOU,Houston Texans,HOU,71380
2024,9,Houston Texans,HOU,Houston Texans,HOU,79818
2024,10,Houston Texans,HOU,Houston Texans,HOU,71512
2024,11,Houston Texans,HOU,Houston Texans,HOU,92969
2024,12,Houston Texans,HOU,Houston Texans,HOU,71055
2024,13,Houston Texans,HOU,Houston Texans,HOU,62588
2024,15,Houston Texans,HOU,Houston Texans,HOU,71221
2024,16,Houston Texans,HOU,Houston Texans,HOU,73600
2024,17,Houston Texans,HOU,Houston Texans,HOU,71544
2024,18,Houston Texans,HOU,Houston Texans,HOU,61815
2024,1,Indianapolis Colts,IND,Indianapolis Colts,IND,65306
2024,2,Indianapolis Colts,IND,Indianapolis Colts,IND,77827
2024,3,Indianapolis Colts,IND,Indianapolis Colts,IND,66624
2024,4,Indianapolis Colts,IND,Indianapolis Colts,IND,66376
2024,5,Indianapolis Colts,IND,Indianapolis Colts,IND,60214
2024,6,Indianapolis Colts,IND,Indianapolis Colts,IND,64302
2024,7,Indianapolis Colts,IND,Indianapolis Colts,IND,66299
2024,8,Indianapolis Colts,IND,Indianapolis Colts,IND,71380
2024,9,Indianapolis Colts,IND,Indianapolis Colts,IND,66954
2024,10,Indianapolis Colts,IND,Indianapolis Colts,IND,66474
2024,11,Indianapolis Colts,IND,Indianapolis Colts,IND,80582
2024,12,Indianapolis Colts,IND,Indianapolis Colts,IND,66696
2024,13,Indianapolis Colts,IND,Indianapolis Colts,IND,64626
2024,15,Indianapolis Colts,IND,Indianapolis Colts,IND,76496
2024,16,Indianapolis Colts,IND,Indianapolis Colts,IND,65322
2024,17,Indianapolis Colts,IND,Indianapolis Colts,IND,73164
2024,18,Indianapolis Colts,IND,Indianapolis Colts,IND,63041
2024,1,Jacksonville Jaguars,JAX,Jacksonville Jaguars,JAX,65582
2024,2,Jacksonville Jaguars,JAX,Jacksonville Jaguars,JAX,60105
2024,3,Jacksonville Jaguars,JAX,Jacksonville Jaguars,JAX,70316
2024,4,Jacksonville Jaguars,JAX,Jacksonville Jaguars,JAX,71115
2024,5,Jacksonville Jaguars,JAX,Jacksonville Jaguars,JAX,60214
2024,6,Jacksonville Jaguars,JAX,Jacksonville Jaguars,JAX,61182
2024,7,Jacksonville Jaguars,JAX,Jacksonville Jaguars,JAX,86651
2024,8,Jacksonville Jaguars,JAX,Jacksonville Jaguars,JAX,65618
2024,9,Jacksonville Jaguars,JAX,Jacksonville Jaguars,JAX,69879
2024,10,Jacksonville Jaguars,JAX,Jacksonville Jaguars,JAX,65695
2024,11,Jacksonville Jaguars,JAX,Jacksonville Jaguars,JAX,64273
2024,13,Jacksonville Jaguars,JAX,Jacksonville Jaguars,JAX,62588
2024,14,Jacksonville Jaguars,JAX,Jacksonville Jaguars,JAX,61644
2024,15,Jacksonville Jaguars,JAX,Jacksonville Jaguars,JAX,63251
2024,16,Jacksonville Jaguars,JAX,Jacksonville Jaguars,JAX,61323
2024,17,Jacksonville Jaguars,JAX,Jacksonville Jaguars,JAX,61995
2024,18,Jacksonville Jaguars,JAX,Jacksonville Jaguars,JAX,63041
2024,1,Kansas City Chiefs,KC,Kansas City Chiefs,KC,73611
2024,2,Kansas City Chiefs,KC,Kansas City Chiefs,KC,73558
2024,3,Kansas City Chiefs,KC,Kansas City Chiefs,KC,72441
2024,4,Kansas City Chiefs,KC,Kansas City Chiefs,KC,70240
2024,5,Kansas City Chiefs,KC,Kansas City Chiefs,KC,73592
2024,7,Kansas City Chiefs,KC,Kansas City Chiefs,KC,71309
2024,8,Kansas City Chiefs,KC,Kansas City Chiefs,KC,62533
2024,9,Kansas City Chiefs,KC,Kansas City Chiefs,KC,73574
2024,10,Kansas City Chiefs,KC,Kansas City Chiefs,KC,73704
2024,11,Kansas City Chiefs,KC,Kansas City Chiefs,KC,71112
2024,12,Kansas City Chiefs,KC,Kansas City Chiefs,KC,73216
2024,13,Kansas City Chiefs,KC,Kansas City Chiefs,KC,73627
2024,14,Kansas City Chiefs,KC,Kansas City Chiefs,KC,73571
2024,15,Kansas City Chiefs,KC,Kansas City Chiefs,KC,67983
2024,16,Kansas City Chiefs,KC,Kansas City Chiefs,KC,73600
2024,17,Kansas City Chiefs,KC,Kansas City Chiefs,KC,67311
2024,1,Los Angeles Chargers,LAC,Los Angeles Chargers,LAC,70240
2024,2,Los Angeles Chargers,LAC,Los Angeles Chargers,LAC,70145
2024,3,Los Angeles Chargers,LAC,Los Angeles Chargers,LAC,66734
2024,4,Los Angeles Chargers,LAC,Los Angeles Chargers,LAC,70240
2024,6,Los Angeles Chargers,LAC,Los Angeles Chargers,LAC,70743
2024,7,Los Angeles Chargers,LAC,Los Angeles Chargers,LAC,64357
2024,8,Los Angeles Chargers,LAC,Los Angeles Chargers,LAC,70240
2024,9,Los Angeles Chargers,LAC,Los Angeles Chargers,LAC,67431
2024,10,Los Angeles Chargers,LAC,Los Angeles Chargers,LAC,68796
2024,11,Los Angeles Chargers,LAC,Los Angeles Chargers,LAC,70240
2024,12,Los Angeles Chargers,LAC,Los Angeles Chargers,LAC,70240
2024,13,Los Angeles Chargers,LAC,Los Angeles Chargers,LAC,72139
2024,14,Los Angeles Chargers,LAC,Los Angeles Chargers,LAC,73571
2024,15,Los Angeles Chargers,LAC,Los Angeles Chargers,LAC,69496
2024,16,Los Angeles Chargers,LAC,Los Angeles Chargers,LAC,70240
2024,17,Los Angeles Chargers,LAC,Los Angeles Chargers,LAC,64628
2024,18,Los Angeles Chargers,LAC,Los Angeles Chargers,LAC,61352
2024,1,Los Angeles Rams,LAR,Los Angeles Rams,LAR,66530
2024,2,Los Angeles Rams,LAR,Los Angeles Rams,LAR,63331
2024,4,Los Angeles Rams,LAR,Los Angeles Rams,LAR,59074
2024,5,Los Angeles Rams,LAR,Los Angeles Rams,LAR,72842
2024,7,Los Angeles Rams,LAR,Los Angeles Rams,LAR,73267
2024,8,Los Angeles Rams,LAR,Los Angeles Rams,LAR,72127
2024,9,Los Angeles Rams,LAR,Los Angeles Rams,LAR,68632
2024,10,Los Angeles Rams,LAR,Los Angeles Rams,LAR,72474
2024,11,Los Angeles Rams,LAR,Los Angeles Rams,LAR,64628
2024,12,Los Angeles Rams,LAR,Los Angeles Rams,LAR,74400
2024,13,Los Angeles Rams,LAR,Los Angeles Rams,LAR,70006
2024,14,Los Angeles Rams,LAR,Los Angeles Rams,LAR,73493
2024,15,Los Angeles Rams,LAR,Los Angeles Rams,LAR,71201
2024,16,Los Angeles Rams,LAR,Los Angeles Rams,LAR,76871
2024,17,Los Angeles Rams,LAR,Los Angeles Rams,LAR,73051
2024,18,Los Angeles Rams,LAR,Los Angeles Rams,LAR,72610
2024,1,Las Vegas Raiders,LV,Las Vegas Raiders,LV,70240
2024,2,Las Vegas Raiders,LV,Las Vegas Raiders,LV,70762
2024,3,Las Vegas Raiders,LV,Las Vegas Raiders,LV,62417
2024,4,Las Vegas Raiders,LV,Las Vegas Raiders,LV,62401
2024,5,Las Vegas Raiders,LV,Las Vegas Raiders,LV,72825
2024,6,Las Vegas Raiders,LV,Las Vegas Raiders,LV,62553
2024,7,Las Vegas Raiders,LV,Las Vegas Raiders,LV,73267
2024,8,Las Vegas Raiders,LV,Las Vegas Raiders,LV,62533
2024,9,Las Vegas Raiders,LV,Las Vegas Raiders,LV,65962
2024,11,Las Vegas Raiders,LV,Las Vegas Raiders,LV,65440
2024,12,Las Vegas Raiders,LV,Las Vegas Raiders,LV,62460
2024,13,Las Vegas Raiders,LV,Las Vegas Raiders,LV,73627
2024,14,Las Vegas Raiders,LV,Las Vegas Raiders,LV,63250
2024,15,Las Vegas Raiders,LV,Las Vegas Raiders,LV,62364
2024,16,Las Vegas Raiders,LV,Las Vegas Raiders,LV,61323
2024,17,Las Vegas Raiders,LV,Las Vegas Raiders,LV,70031
2024,18,Las Vegas Raiders,LV,Las Vegas Raiders,LV,61352
2024,1,Miami Dolphins,MIA,Miami Dolphins,MIA,65582
2024,2,Miami Dolphins,MIA,Miami Dolphins,MIA,65601
2024,3,Miami Dolphins,MIA,Miami Dolphins,MIA,68658
2024,4,Miami Dolphins,MIA,Miami Dolphins,MIA,65291
2024,5,Miami Dolphins,MIA,Miami Dolphins,MIA,64628
2024,7,Miami Dolphins,MIA,Miami Dolphins,MIA,66299
2024,8,Miami Dolphins,MIA,Miami Dolphins,MIA,65629
2024,9,Miami Dolphins,MIA,Miami Dolphins,MIA,70862
2024,10,Miami Dolphins,MIA,Miami Dolphins,MIA,72474
2024,11,Miami Dolphins,MIA,Miami Dolphins,MIA,65440
2024,12,Miami Dolphins,MIA,Miami Dolphins,MIA,65479
2024,13,Miami Dolphins,MIA,Miami Dolphins,MIA,77599
2024,14,Miami Dolphins,MIA,Miami Dolphins,MIA,65787
2024,15,Miami Dolphins,MIA,Miami Dolphins,MIA,71221
2024,16,Miami Dolphins,MIA,Miami Dolphins,MIA,66341
2024,17,Miami Dolphins,MIA,Miami Dolphins,MIA,67942
2024,18,Miami Dolphins,MIA,Miami Dolphins,MIA,68818
2024,1,Minnesota Vikings,MIN,Minnesota Vikings,MIN,81908
2024,2,Minnesota Vikings,MIN,Minnesota Vikings,MIN,66741
2024,3,Minnesota Vikings,MIN,Minnesota Vikings,MIN,66843
2024,4,Minnesota Vikings,MIN,Minnesota Vikings,MIN,78335
2024,5,Minnesota Vikings,MIN,Minnesota Vikings,MIN,61139
2024,7,Minnesota Vikings,MIN,Minnesota Vikings,MIN,66971
2024,8,Minnesota Vikings,MIN,Minnesota Vikings,MIN,72127
2024,9,Minnesota Vikings,MIN,Minnesota Vikings,MIN,66954
2024,10,Minnesota Vikings,MIN,Minnesota Vikings,MIN,65695
2024,11,Minnesota Vikings,MIN,Minnesota Vikings,MIN,67686
2024,12,Minnesota Vikings,MIN,Minnesota Vikings,MIN,57659
2024,13,Minnesota Vikings,MIN,Minnesota Vikings,MIN,66873
2024,14,Minnesota Vikings,MIN,Minnesota Vikings,MIN,67008
2024,15,Minnesota Vikings,MIN,Minnesota Vikings,MIN,67017
2024,16,Minnesota Vikings,MIN,Minnesota Vikings,MIN,68748
2024,17,Minnesota Vikings,MIN,Minnesota Vikings,MIN,67031
2024,18,Minnesota Vikings,MIN,Minnesota Vikings,MIN,64774
2024,1,New England Patriots,NE,New England Patriots,NE,66214
2024,2,New England Patriots,NE,New England Patriots,NE,64686
2024,3,New England Patriots,NE,New England Patriots,NE,80812
2024,4,New England Patriots,NE,New England Patriots,NE,71042
2024,5,New England Patriots,NE,New England Patriots,NE,64628
2024,6,New England Patriots,NE,New England Patriots,NE,64628
2024,7,New England Patriots,NE,New England Patriots,NE,86651
2024,8,New England Patriots,NE,New England Patriots,NE,64628
2024,9,New England Patriots,NE,New England Patriots,NE,66533
2024,10,New England Patriots,NE,New England Patriots,NE,58912
2024,11,New England Patriots,NE,New England Patriots,NE,64628
2024,12,New England Patriots,NE,New England Patriots,NE,65479
2024,13,New England Patriots,NE,New England Patriots,NE,64626
2024,15,New England Patriots,NE,New England Patriots,NE,64135
2024,16,New England Patriots,NE,New England Patriots,NE,70725
2024,17,New England Patriots,NE,New England Patriots,NE,64628
2024,18,New England Patriots,NE,New England Patriots,NE,64626
2024,1,New Orleans Saints,NO,New Orleans Saints,NO,70007
2024,2,New Orleans Saints,NO,New Orleans Saints,NO,93691
2024,3,New Orleans Saints,NO,New Orleans Saints,NO,70006
2024,4,New Orleans Saints,NO,New Orleans Saints,NO,72204
2024,5,New Orleans Saints,NO,New Orleans Saints,NO,73592
2024,6,New Orleans Saints,NO,New Orleans Saints,NO,70041
2024,7,New Orleans Saints,NO,New Orleans Saints,NO,70008
2024,8,New Orleans Saints,NO,New Orleans Saints,NO,70240
2024,9,New Orleans Saints,NO,New Orleans Saints,NO,70292
2024,10,New Orleans Saints,NO,New Orleans Saints,NO,70005
2024,11,New Orleans Saints,NO,New Orleans Saints,NO,70006
2024,13,New Orleans Saints,NO,New Orleans Saints,NO,70006
2024,14,New Orleans Saints,NO,New Orleans Saints,NO,76143
2024,15,New Orleans Saints,NO,New Orleans Saints,NO,70003
2024,16,New Orleans Saints,NO,New Orleans Saints,NO,77885
2024,17,New Orleans Saints,NO,New Orleans Saints,NO,70031
2024,18,New Orleans Saints,NO,New Orleans Saints,NO,63001
2024,1,New York Giants,NYG,New York Giants,NYG,81908
2024,2,New York Giants,NYG,New York Giants,NYG,61841
2024,3,New York Giants,NYG,New York Giants,NYG,68016
2024,4,New York Giants,NYG,New York Giants,NYG,80425
2024,5,New York Giants,NYG,New York Giants,NYG,68306
2024,6,New York Giants,NYG,New York Giants,NYG,78809
2024,7,New York Giants,NYG,New York Giants,NYG,82779
2024,8,New York Giants,NYG,New York Giants,NYG,66637
2024,9,New York Giants,NYG,New York Giants,NYG,77994
2024,10,New York Giants,NYG,New York Giants,NYG,70132
2024,12,New York Giants,NYG,New York Giants,NYG,77554
2024,13,New York Giants,NYG,New York Giants,NYG,92196
2024,14,New York Giants,NYG,New York Giants,NYG,76143
2024,15,New York Giants,NYG,New York Giants,NYG,77455
2024,16,New York Giants,NYG,New York Giants,NYG,70404
2024,17,New York Giants,NYG,New York Giants,NYG,73164
2024,18,New York Giants,NYG,New York Giants,NYG,69879
2024,1,New York Jets,NYJ,New York Jets,NYJ,71319
2024,2,New York Jets,NYJ,New York Jets,NYJ,65509
2024,3,New York Jets,NYJ,New York Jets,NYJ,80812
2024,4,New York Jets,NYJ,New York Jets,NYJ,82243
2024,5,New York Jets,NYJ,New York Jets,NYJ,61139
2024,6,New York Jets,NYJ,New York Jets,NYJ,81118
2024,7,New York Jets,NYJ,New York Jets,NYJ,66956
2024,8,New York Jets,NYJ,New York Jets,NYJ,64628
2024,9,New York Jets,NYJ,New York Jets,NYJ,79818
2024,10,New York Jets,NYJ,New York Jets,NYJ,64030
2024,11,New York Jets,NYJ,New York Jets,NYJ,80582
2024,13,New York Jets,NYJ,New York Jets,NYJ,81084
2024,14,New York Jets,NYJ,New York Jets,NYJ,65787
2024,15,New York Jets,NYJ,New York Jets,NYJ,63251
2024,16,New York Jets,NYJ,New York Jets,NYJ,76871
2024,17,New York Jets,NYJ,New York Jets,NYJ,70728
2024,18,New York Jets,NYJ,New York Jets,NYJ,68818
2024,1,Philadelphia Eagles,PHI,Philadelphia Eagles,PHI,47236
2024,2,Philadelphia Eagles,PHI,Philadelphia Eagles,PHI,69879
2024,3,Philadelphia Eagles,PHI,Philadelphia Eagles,PHI,70006
2024,4,Philadelphia Eagles,PHI,Philadelphia Eagles,PHI,64223
2024,6,Philadelphia Eagles,PHI,Philadelphia Eagles,PHI,69879
2024,7,Philadelphia Eagles,PHI,Philadelphia Eagles,PHI,82779
2024,8,Philadelphia Eagles,PHI,Philadelphia Eagles,PHI,67239
2024,9,Philadelphia Eagles,PHI,Philadelphia Eagles,PHI,69879
2024,10,Philadelphia Eagles,PHI,Philadelphia Eagles,PHI,93644
2024,11,Philadelphia Eagles,PHI,Philadelphia Eagles,PHI,69879
2024,12,Philadelphia Eagles,PHI,Philadelphia Eagles,PHI,74400
2024,13,Philadelphia Eagles,PHI,Philadelphia Eagles,PHI,71344
2024,14,Philadelphia Eagles,PHI,Philadelphia Eagles,PHI,69879
2024,15,Philadelphia Eagles,PHI,Philadelphia Eagles,PHI,69879
2024,16,Philadelphia Eagles,PHI,Philadelphia Eagles,PHI,64128
2024,17,Philadelphia Eagles,PHI,Philadelphia Eagles,PHI,69879
2024,18,Philadelphia Eagles,PHI,Philadelphia Eagles,PHI,69879
2024,1,Pittsburgh Steelers,PIT,Pittsburgh Steelers,PIT,72291
2024,2,Pittsburgh Steelers,PIT,Pittsburgh Steelers,PIT,74215
2024,3,Pittsburgh Steelers,PIT,Pittsburgh Steelers,PIT,66734
2024,4,Pittsburgh Steelers,PIT,Pittsburgh Steelers,PIT,66376
2024,5,Pittsburgh Steelers,PIT,Pittsburgh Steelers,PIT,67380
2024,6,Pittsburgh Steelers,PIT,Pittsburgh Steelers,PIT,62553
2024,7,Pittsburgh Steelers,PIT,Pittsburgh Steelers,PIT,66956
2024,8,Pittsburgh Steelers,PIT,Pittsburgh Steelers,PIT,66637
2024,10,Pittsburgh Steelers,PIT,Pittsburgh Steelers,PIT,66192
2024,11,Pittsburgh Steelers,PIT,Pittsburgh Steelers,PIT,67551
2024,12,Pittsburgh Steelers,PIT,Pittsburgh Steelers,PIT,67431
2024,13,Pittsburgh Steelers,PIT,Pittsburgh Steelers,PIT,66112
2024,14,Pittsburgh Steelers,PIT,Pittsburgh Steelers,PIT,66845
2024,15,Pittsburgh Steelers,PIT,Pittsburgh Steelers,PIT,69879
2024,16,Pittsburgh Steelers,PIT,Pittsburgh Steelers,PIT,71313
2024,17,Pittsburgh Steelers,PIT,Pittsburgh Steelers,PIT,67311
2024,18,Pittsburgh Steelers,PIT,Pittsburgh Steelers,PIT,65631
2024,1,Seattle Seahawks,SEA,Seattle Seahawks,SEA,68714
2024,2,Seattle Seahawks,SEA,Seattle Seahawks,SEA,64686
2024,3,Seattle Seahawks,SEA,Seattle Seahawks,SEA,68658
2024,4,Seattle Seahawks,SEA,Seattle Seahawks,SEA,66658
2024,5,Seattle Seahawks,SEA,Seattle Seahawks,SEA,68306
2024,6,Seattle Seahawks,SEA,Seattle Seahawks,SEA,68768
2024,7,Seattle Seahawks,SEA,Seattle Seahawks,SEA,70691
2024,8,Seattle Seahawks,SEA,Seattle Seahawks,SEA,68704
2024,9,Seattle Seahawks,SEA,Seattle Seahawks,SEA,68632
2024,11,Seattle Seahawks,SEA,Seattle Seahawks,SEA,71751
2024,12,Seattle Seahawks,SEA,Seattle Seahawks,SEA,68649
2024,13,Seattle Seahawks,SEA,Seattle Seahawks,SEA,81084
2024,14,Seattle Seahawks,SEA,Seattle Seahawks,SEA,64533
2024,15,Seattle Seahawks,SEA,Seattle Seahawks,SEA,68766
2024,16,Seattle Seahawks,SEA,Seattle Seahawks,SEA,68748
2024,17,Seattle Seahawks,SEA,Seattle Seahawks,SEA,56346
2024,18,Seattle Seahawks,SEA,Seattle Seahawks,SEA,72610
2024,1,San Francisco 49ers,SF,San Francisco 49ers,SF,71319
2024,2,San Francisco 49ers,SF,San Francisco 49ers,SF,66741
2024,4,San Francisco 49ers,SF,San Francisco 49ers,SF,71042
2024,5,San Francisco 49ers,SF,San Francisco 49ers,SF,71310
2024,6,San Francisco 49ers,SF,San Francisco 49ers,SF,68768
2024,7,San Francisco 49ers,SF,San Francisco 49ers,SF,71309
2024,8,San Francisco 49ers,SF,San Francisco 49ers,SF,71521
2024,10,San Francisco 49ers,SF,San Francisco 49ers,SF,64914
2024,11,San Francisco 49ers,SF,San Francisco 49ers,SF,71751
2024,12,San Francisco 49ers,SF,San Francisco 49ers,SF,78222
2024,13,San Francisco 49ers,SF,San Francisco 49ers,SF,70437
2024,14,San Francisco 49ers,SF,San Francisco 49ers,SF,71662
2024,15,San Francisco 49ers,SF,San Francisco 49ers,SF,71201
2024,16,San Francisco 49ers,SF,San Francisco 49ers,SF,66341
2024,17,San Francisco 49ers,SF,San Francisco 49ers,SF,71688
2024,18,San Francisco 49ers,SF,San Francisco 49ers,SF,63849
2024,1,Tampa Bay Buccaneers,TB,Tampa Bay Buccaneers,TB,63020
2024,2,Tampa Bay Buccaneers,TB,Tampa Bay Buccaneers,TB,64160
2024,3,Tampa Bay Buccaneers,TB,Tampa Bay Buccaneers,TB,62738
2024,4,Tampa Bay Buccaneers,TB,Tampa Bay Buccaneers,TB,64223
2024,5,Tampa Bay Buccaneers,TB,Tampa Bay Buccaneers,TB,70016
2024,6,Tampa Bay Buccaneers,TB,Tampa Bay Buccaneers,TB,70041
2024,7,Tampa Bay Buccaneers,TB,Tampa Bay Buccaneers,TB,64828
2024,8,Tampa Bay Buccaneers,TB,Tampa Bay Buccaneers,TB,62787
2024,9,Tampa Bay Buccaneers,TB,Tampa Bay Buccaneers,TB,73574
2024,10,Tampa Bay Buccaneers,TB,Tampa Bay Buccaneers,TB,64914
2024,12,Tampa Bay Buccaneers,TB,Tampa Bay Buccaneers,TB,77554
2024,13,Tampa Bay Buccaneers,TB,Tampa Bay Buccaneers,TB,69214
2024,14,Tampa Bay Buccaneers,TB,Tampa Bay Buccaneers,TB,63250
2024,15,Tampa Bay Buccaneers,TB,Tampa Bay Buccaneers,TB,69496
2024,16,Tampa Bay Buccaneers,TB,Tampa Bay Buccaneers,TB,93103
2024,17,Tampa Bay Buccaneers,TB,Tampa Bay Buccaneers,TB,64434
2024,18,Tampa Bay Buccaneers,TB,Tampa Bay Buccaneers,TB,63001
2024,1,Tennessee Titans,TEN,Tennessee Titans,TEN,59403
2024,2,Tennessee Titans,TEN,Tennessee Titans,TEN,65509
2024,3,Tennessee Titans,TEN,Tennessee Titans,TEN,67322
2024,4,Tennessee Titans,TEN,Tennessee Titans,TEN,65291
2024,6,Tennessee Titans,TEN,Tennessee Titans,TEN,64302
2024,7,Tennessee Titans,TEN,Tennessee Titans,TEN,70842
2024,8,Tennessee Titans,TEN,Tennessee Titans,TEN,64316
2024,9,Tennessee Titans,TEN,Tennessee Titans,TEN,66533
2024,10,Tennessee Titans,TEN,Tennessee Titans,TEN,68796
2024,11,Tennessee Titans,TEN,Tennessee Titans,TEN,67686
2024,12,Tennessee Titans,TEN,Tennessee Titans,TEN,71055
2024,13,Tennessee Titans,TEN,Tennessee Titans,TEN,63144
2024,14,Tennessee Titans,TEN,Tennessee Titans,TEN,61644
2024,15,Tennessee Titans,TEN,Tennessee Titans,TEN,63745
2024,16,Tennessee Titans,TEN,Tennessee Titans,TEN,65322
2024,17,Tennessee Titans,TEN,Tennessee Titans,TEN,61995
2024,18,Tennessee Titans,TEN,Tennessee Titans,TEN,61815
2024,1,Washington Commanders,WAS,Washington Commanders,WSH,63020
2024,2,Washington Commanders,WAS,Washington Commanders,WSH,61841
2024,3,Washington Commanders,WAS,Washington Commanders,WSH,66207
2024,4,Washington Commanders,WAS,Washington Commanders,WSH,63286
2024,5,Washington Commanders,WAS,Washington Commanders,WSH,59030
2024,6,Washington Commanders,WAS,Washington Commanders,WSH,71316
2024,7,Washington Commanders,WAS,Washington Commanders,WSH,63380
2024,8,Washington Commanders,WAS,Washington Commanders,WSH,64704
2024,9,Washington Commanders,WAS,Washington Commanders,WSH,77994
2024,10,Washington Commanders,WAS,Washington Commanders,WSH,66192
2024,11,Washington Commanders,WAS,Washington Commanders,WSH,69879
2024,12,Washington Commanders,WAS,Washington Commanders,WSH,64955
2024,13,Washington Commanders,WAS,Washington Commanders,WSH,63144
2024,15,Washington Commanders,WAS,Washington Commanders,WSH,70003
2024,16,Washington Commanders,WAS,Washington Commanders,WSH,64128
2024,17,Washington Commanders,WAS,Washington Commanders,WSH,63480
2024,18,Washington Commanders,WAS,Washington Commanders,WSH,91349
2025,1,Arizona Cardinals,ARI,Arizona Cardinals,ARI,70006
2025,2,Arizona Cardinals,ARI,Arizona Cardinals,ARI,64003
2025,3,Arizona Cardinals,ARI,Arizona Cardinals,ARI,70414
2025,4,Arizona Cardinals,ARI,Arizona Cardinals,ARI,65016
2025,5,Arizona Cardinals,ARI,Arizona Cardinals,ARI,64280
2025,6,Arizona Cardinals,ARI,Arizona Cardinals,ARI,65523
2025,7,Arizona Cardinals,ARI,Arizona Cardinals,ARI,64810
2025,9,Arizona Cardinals,ARI,Arizona Cardinals,ARI,92211
2025,10,Arizona Cardinals,ARI,Arizona Cardinals,ARI,68723
2025,11,Arizona Cardinals,ARI,Arizona Cardinals,ARI,65032
2025,12,Arizona Cardinals,ARI,Arizona Cardinals,ARI,62413
2025,13,Arizona Cardinals,ARI,Arizona Cardinals,ARI,61103
2025,14,Arizona Cardinals,ARI,Arizona Cardinals,ARI,61970
2025,15,Arizona Cardinals,ARI,Arizona Cardinals,ARI,71086
2025,16,Arizona Cardinals,ARI,Arizona Cardinals,ARI,60673
2025,17,Arizona Cardinals,ARI,Arizona Cardinals,ARI,61402
2025,18,Arizona Cardinals,ARI,Arizona Cardinals,ARI,72004
2025,1,Atlanta Falcons,ATL,Atlanta Falcons,ATL,71610
2025,2,Atlanta Falcons,ATL,Atlanta Falcons,ATL,66859
2025,3,Atlanta Falcons,ATL,Atlanta Falcons,ATL,71129
2025,4,Atlanta Falcons,ATL,Atlanta Falcons,ATL,71492
2025,6,Atlanta Falcons,ATL,Atlanta Falcons,ATL,72067
2025,7,Atlanta Falcons,ATL,Atlanta Falcons,ATL,71217
2025,8,Atlanta Falcons,ATL,Atlanta Falcons,ATL,71344
2025,9,Atlanta Falcons,ATL,Atlanta Falcons,ATL,64628
2025,10,Atlanta Falcons,ATL,Atlanta Falcons,ATL,72203
2025,11,Atlanta Falcons,ATL,Atlanta Falcons,ATL,70739
2025,12,Atlanta Falcons,ATL,Atlanta Falcons,ATL,70005
2025,13,Atlanta Falcons,ATL,Atlanta Falcons,ATL,70012
2025,14,Atlanta Falcons,ATL,Atlanta Falcons,ATL,68721
2025,15,Atlanta Falcons,ATL,Atlanta Falcons,ATL,64917
2025,16,Atlanta Falcons,ATL,Atlanta Falcons,ATL,60673
2025,17,Atlanta Falcons,ATL,Atlanta Falcons,ATL,69313
2025,18,Atlanta Falcons,ATL,Atlanta Falcons,ATL,69512
2025,1,Baltimore Ravens,BAL,Baltimore Ravens,BAL,70745
2025,2,Baltimore Ravens,BAL,Baltimore Ravens,BAL,70487
2025,3,Baltimore Ravens,BAL,Baltimore Ravens,BAL,70642
2025,4,Baltimore Ravens,BAL,Baltimore Ravens,BAL,73552
2025,5,Baltimore Ravens,BAL,Baltimore Ravens,BAL,70077
2025,6,Baltimore Ravens,BAL,Baltimore Ravens,BAL,70055
2025,8,Baltimore Ravens,BAL,Baltimore Ravens,BAL,70045
2025,9,Baltimore Ravens,BAL,Baltimore Ravens,BAL,66132
2025,10,Baltimore Ravens,BAL,Baltimore Ravens,BAL,66946
2025,11,Baltimore Ravens,BAL,Baltimore Ravens,BAL,64230
2025,12,Baltimore Ravens,BAL,Baltimore Ravens,BAL,70029
2025,13,Baltimore Ravens,BAL,Baltimore Ravens,BAL,70066
2025,14,Baltimore Ravens,BAL,Baltimore Ravens,BAL,70544
2025,15,Baltimore Ravens,BAL,Baltimore Ravens,BAL,64907
2025,16,Baltimore Ravens,BAL,Baltimore Ravens,BAL,70709
2025,17,Baltimore Ravens,BAL,Baltimore Ravens,BAL,77660
2025,18,Baltimore Ravens,BAL,Baltimore Ravens,BAL,65400
2025,1,Buffalo Bills,BUF,Buffalo Bills,BUF,70745
2025,2,Buffalo Bills,BUF,Buffalo Bills,BUF,80875
2025,3,Buffalo Bills,BUF,Buffalo Bills,BUF,70641
2025,4,Buffalo Bills,BUF,Buffalo Bills,BUF,71017
2025,5,Buffalo Bills,BUF,Buffalo Bills,BUF,70802
2025,6,Buffalo Bills,BUF,Buffalo Bills,BUF,72067
2025,8,Buffalo Bills,BUF,Buffalo Bills,BUF,73505
2025,9,Buffalo Bills,BUF,Buffalo Bills,BUF,71024
2025,10,Buffalo Bills,BUF,Buffalo Bills,BUF,66030
2025,11,Buffalo Bills,BUF,Buffalo Bills,BUF,71005
2025,12,Buffalo Bills,BUF,Buffalo Bills,BUF,70451
2025,13,Buffalo Bills,BUF,Buffalo Bills,BUF,66068
2025,14,Buffalo Bills,BUF,Buffalo Bills,BUF,70613
2025,15,Buffalo Bills,BUF,Buffalo Bills,BUF,64628
2025,16,Buffalo Bills,BUF,Buffalo Bills,BUF,67580
2025,17,Buffalo Bills,BUF,Buffalo Bills,BUF,71105
2025,18,Buffalo Bills,BUF,Buffalo Bills,BUF,70944
2025,1,Carolina Panthers,CAR,Carolina Panthers,CAR,59957
2025,2,Carolina Panthers,CAR,Carolina Panthers,CAR,64003
2025,3,Carolina Panthers,CAR,Carolina Panthers,CAR,71129
2025,4,Carolina Panthers,CAR,Carolina Panthers,CAR,64628
2025,5,Carolina Panthers,CAR,Carolina Panthers,CAR,72301
2025,6,Carolina Panthers,CAR,Carolina Panthers,CAR,71619
2025,7,Carolina Panthers,CAR,Carolina Panthers,CAR,71047
2025,8,Carolina Panthers,CAR,Carolina Panthers,CAR,73505
2025,9,Carolina Panthers,CAR,Carolina Panthers,CAR,77864
2025,10,Carolina Panthers,CAR,Carolina Panthers,CAR,72804
2025,11,Carolina Panthers,CAR,Carolina Panthers,CAR,70739
2025,12,Carolina Panthers,CAR,Carolina Panthers,CAR,71337
2025,13,Carolina Panthers,CAR,Carolina Panthers,CAR,71292
2025,15,Carolina Panthers,CAR,Carolina Panthers,CAR,70070
2025,16,Carolina Panthers,CAR,Carolina Panthers,CAR,73530
2025,17,Carolina Panthers,CAR,Carolina Panthers,CAR,73163
2025,18,Carolina Panthers,CAR,Carolina Panthers,CAR,65082
2025,1,Chicago Bears,CHI,Chicago Bears,CHI,58742
2025,2,Chicago Bears,CHI,Chicago Bears,CHI,64201
2025,3,Chicago Bears,CHI,Chicago Bears,CHI,58389
2025,4,Chicago Bears,CHI,Chicago Bears,CHI,62642
2025,6,Chicago Bears,CHI,Chicago Bears,CHI,64457
2025,7,Chicago Bears,CHI,Chicago Bears,CHI,58102
2025,8,Chicago Bears,CHI,Chicago Bears,CHI,70045
2025,9,Chicago Bears,CHI,Chicago Bears,CHI,66264
2025,10,Chicago Bears,CHI,Chicago Bears,CHI,58884
2025,11,Chicago Bears,CHI,Chicago Bears,CHI,66952
2025,12,Chicago Bears,CHI,Chicago Bears,CHI,59658
2025,14,Chicago Bears,CHI,Chicago Bears,CHI,78214
2025,15,Chicago Bears,CHI,Chicago Bears,CHI,54051
2025,16,Chicago Bears,CHI,Chicago Bears,CHI,60152
2025,17,Chicago Bears,CHI,Chicago Bears,CHI,71836
2025,18,Chicago Bears,CHI,Chicago Bears,CHI,57036
2025,1,Cincinnati Bengals,CIN,Cincinnati Bengals,CIN,65599
2025,2,Cincinnati Bengals,CIN,Cincinnati Bengals,CIN,65871
2025,3,Cincinnati Bengals,CIN,Cincinnati Bengals,CIN,66792
2025,4,Cincinnati Bengals,CIN,Cincinnati Bengals,CIN,76489
2025,5,Cincinnati Bengals,CIN,Cincinnati Bengals,CIN,66115
2025,6,Cincinnati Bengals,CIN,Cincinnati Bengals,CIN,78277
2025,7,Cincinnati Bengals,CIN,Cincinnati Bengals,CIN,66569
2025,8,Cincinnati Bengals,CIN,Cincinnati Bengals,CIN,65526
2025,9,Cincinnati Bengals,CIN,Cincinnati Bengals,CIN,66264
2025,11,Cincinnati Bengals,CIN,Cincinnati Bengals,CIN,66132
2025,12,Cincinnati Bengals,CIN,Cincinnati Bengals,CIN,65659
2025,13,Cincinnati Bengals,CIN,Cincinnati Bengals,CIN,70066
2025,14,Cincinnati Bengals,CIN,Cincinnati Bengals,CIN,70613
2025,15,Cincinnati Bengals,CIN,Cincinnati Bengals,CIN,64907
2025,16,Cincinnati Bengals,CIN,Cincinnati Bengals,CIN,65885
2025,17,Cincinnati Bengals,CIN,Cincinnati Bengals,CIN,61402
2025,18,Cincinnati Bengals,CIN,Cincinnati Bengals,CIN,62230
2025,1,Cleveland Browns,CLE,Cleveland Browns,CLE,65599
2025,2,Cleveland Browns,CLE,Cleveland Browns,CLE,70487
2025,3,Cleveland Browns,CLE,Cleveland Browns,CLE,65470
2025,4,Cleveland Browns,CLE,Cleveland Browns,CLE,64494
2025,5,Cleveland Browns,CLE,Cleveland Browns,CLE,61082
2025,6,Cleveland Browns,CLE,Cleveland Browns,CLE,66738
2025,7,Cleveland Browns,CLE,Cleveland Browns,CLE,63762
2025,8,Cleveland Browns,CLE,Cleveland Browns,CLE,64628
2025,10,Cleveland Browns,CLE,Cleveland Browns,CLE,72623
2025,11,Cleveland Browns,CLE,Cleveland Browns,CLE,64230
2025,12,Cleveland Browns,CLE,Cleveland Browns,CLE,62244
2025,13,Cleveland Browns,CLE,Cleveland Browns,CLE,64042
2025,14,Cleveland Browns,CLE,Cleveland Browns,CLE,62982
2025,15,Cleveland Browns,CLE,Cleveland Browns,CLE,54051
2025,16,Cleveland Browns,CLE,Cleveland Browns,CLE,67580
2025,17,Cleveland Browns,CLE,Cleveland Browns,CLE,67194
2025,18,Cleveland Browns,CLE,Cleveland Browns,CLE,62230
2025,1,Dallas Cowboys,DAL,Dallas Cowboys,DAL,69879
2025,2,Dallas Cowboys,DAL,Dallas Cowboys,DAL,92781
2025,3,Dallas Cowboys,DAL,Dallas Cowboys,DAL,58389
2025,4,Dallas Cowboys,DAL,Dallas Cowboys,DAL,93353
2025,5,Dallas Cowboys,DAL,Dallas Cowboys,DAL,81738
2025,6,Dallas Cowboys,DAL,Dallas Cowboys,DAL,71619
2025,7,Dallas Cowboys,DAL,Dallas Cowboys,DAL,93051
2025,8,Dallas Cowboys,DAL,Dallas Cowboys,DAL,76545
2025,9,Dallas Cowboys,DAL,Dallas Cowboys,DAL,92211
2025,11,Dallas Cowboys,DAL,Dallas Cowboys,DAL,62625
2025,12,Dallas Cowboys,DAL,Dallas Cowboys,DAL,93068
2025,13,Dallas Cowboys,DAL,Dallas Cowboys,DAL,93739
2025,14,Dallas Cowboys,DAL,Dallas Cowboys,DAL,64028
2025,15,Dallas Cowboys,DAL,Dallas Cowboys,DAL,92991
2025,16,Dallas Cowboys,DAL,Dallas Cowboys,DAL,92740
2025,17,Dallas Cowboys,DAL,Dallas Cowboys,DAL,64407
2025,18,Dallas Cowboys,DAL,Dallas Cowboys,DAL,74395
2025,1,Denver Broncos,DEN,Denver Broncos,DEN,75706
2025,2,Denver Broncos,DEN,Denver Broncos,DEN,63910
2025,3,Denver Broncos,DEN,Denver Broncos,DEN,70740
2025,4,Denver Broncos,DEN,Denver Broncos,DEN,76489
2025,5,Denver Broncos,DEN,Denver Broncos,DEN,69879
2025,6,Denver Broncos,DEN,Denver Broncos,DEN,61155
2025,7,Denver Broncos,DEN,Denver Broncos,DEN,76830
2025,8,Denver Broncos,DEN,Denver Broncos,DEN,76545
2025,9,Denver Broncos,DEN,Denver Broncos,DEN,70471
2025,10,Denver Broncos,DEN,Denver Broncos,DEN,74692
2025,11,Denver Broncos,DEN,Denver Broncos,DEN,76750
2025,13,Denver Broncos,DEN,Denver Broncos,DEN,63159
2025,14,Denver Broncos,DEN,Denver Broncos,DEN,62442
2025,15,Denver Broncos,DEN,Denver Broncos,DEN,76809
2025,16,Denver Broncos,DEN,Denver Broncos,DEN,76858
2025,17,Denver Broncos,DEN,Denver Broncos,DEN,73045
2025,18,Denver Broncos,DEN,Denver Broncos,DEN,76821
2025,1,Detroit Lions,DET,Detroit Lions,DET,77239
2025,2,Detroit Lions,DET,Detroit Lions,DET,64201
2025,3,Detroit Lions,DET,Detroit Lions,DET,70642
2025,4,Detroit Lions,DET,Detroit Lions,DET,64494
2025,5,Detroit Lions,DET,Detroit Lions,DET,66115
2025,6,Detroit Lions,DET,Detroit Lions,DET,73543
2025,7,Detroit Lions,DET,Detroit Lions,DET,64656
2025,9,Detroit Lions,DET,Detroit Lions,DET,64642
2025,10,Detroit Lions,DET,Detroit Lions,DET,64470
2025,11,Detroit Lions,DET,Detroit Lions,DET,69879
2025,12,Detroit Lions,DET,Detroit Lions,DET,64238
2025,13,Detroit Lions,DET,Detroit Lions,DET,66662
2025,14,Detroit Lions,DET,Detroit Lions,DET,64028
2025,15,Detroit Lions,DET,Detroit Lions,DET,74701
2025,16,Detroit Lions,DET,Detroit Lions,DET,63798
2025,17,Detroit Lions,DET,Detroit Lions,DET,66874
2025,18,Detroit Lions,DET,Detroit Lions,DET,57036
2025,1,Green Bay Packers,GB,Green Bay Packers,GB,77239
2025,2,Green Bay Packers,GB,Green Bay Packers,GB,77289
2025,3,Green Bay Packers,GB,Green Bay Packers,GB,65470
2025,4,Green Bay Packers,GB,Green Bay Packers,GB,93353
2025,6,Green Bay Packers,GB,Green Bay Packers,GB,78277
2025,7,Green Bay Packers,GB,Green Bay Packers,GB,64810
2025,8,Green Bay Packers,GB,Green Bay Packers,GB,67386
2025,9,Green Bay Packers,GB,Green Bay Packers,GB,77864
2025,10,Green Bay Packers,GB,Green Bay Packers,GB,78254
2025,11,Green Bay Packers,GB,Green Bay Packers,GB,82438
2025,12,Green Bay Packers,GB,Green Bay Packers,GB,77991
2025,13,Green Bay Packers,GB,Green Bay Packers,GB,66662
2025,14,Green Bay Packers,GB,Green Bay Packers,GB,78214
2025,15,Green Bay Packers,GB,Green Bay Packers,GB,76809
2025,16,Green Bay Packers,GB,Green Bay Packers,GB,60152
2025,17,Green Bay Packers,GB,Green Bay Packers,GB,77660
2025,18,Green Bay Packers,GB,Green Bay Packers,GB,66606
2025,1,Houston Texans,HOU,Houston Texans,HOU,71346
2025,2,Houston Texans,HOU,Houston Texans,HOU,71580
2025,3,Houston Texans,HOU,Houston Texans,HOU,58161
2025,4,Houston Texans,HOU,Houston Texans,HOU,70398
2025,5,Houston Texans,HOU,Houston Texans,HOU,70077
2025,7,Houston Texans,HOU,Houston Texans,HOU,68632
2025,8,Houston Texans,HOU,Houston Texans,HOU,70581
2025,9,Houston Texans,HOU,Houston Texans,HOU,70471
2025,10,Houston Texans,HOU,Houston Texans,HOU,70531
2025,11,Houston Texans,HOU,Houston Texans,HOU,55999
2025,12,Houston Texans,HOU,Houston Texans,HOU,70451
2025,13,Houston Texans,HOU,Houston Texans,HOU,65977
2025,14,Houston Texans,HOU,Houston Texans,HOU,73611
2025,15,Houston Texans,HOU,Houston Texans,HOU,71086
2025,16,Houston Texans,HOU,Houston Texans,HOU,71160
2025,17,Houston Texans,HOU,Houston Texans,HOU,73066
2025,18,Houston Texans,HOU,Houston Texans,HOU,71133
2025,1,Indianapolis Colts,IND,Indianapolis Colts,IND,64065
2025,2,Indianapolis Colts,IND,Indianapolis Colts,IND,63910
2025,3,Indianapolis Colts,IND,Indianapolis Colts,IND,56361
2025,4,Indianapolis Colts,IND,Indianapolis Colts,IND,71257
2025,5,Indianapolis Colts,IND,Indianapolis Colts,IND,64955
2025,6,Indianapolis Colts,IND,Indianapolis Colts,IND,65523
2025,7,Indianapolis Colts,IND,Indianapolis Colts,IND,71124
2025,8,Indianapolis Colts,IND,Indianapolis Colts,IND,65816
2025,9,Indianapolis Colts,IND,Indianapolis Colts,IND,66677
2025,10,Indianapolis Colts,IND,Indianapolis Colts,IND,72203
2025,12,Indianapolis Colts,IND,Indianapolis Colts,IND,73611
2025,13,Indianapolis Colts,IND,Indianapolis Colts,IND,65977
2025,14,Indianapolis Colts,IND,Indianapolis Colts,IND,60067
2025,15,Indianapolis Colts,IND,Indianapolis Colts,IND,68771
2025,16,Indianapolis Colts,IND,Indianapolis Colts,IND,66265
2025,17,Indianapolis Colts,IND,Indianapolis Colts,IND,66080
2025,18,Indianapolis Colts,IND,Indianapolis Colts,IND,71133
2025,1,Jacksonville Jaguars,JAX,Jacksonville Jaguars,JAX,59957
2025,2,Jacksonville Jaguars,JAX,Jacksonville Jaguars,JAX,65871
2025,3,Jacksonville Jaguars,JAX,Jacksonville Jaguars,JAX,58161
2025,4,Jacksonville Jaguars,JAX,Jacksonville Jaguars,JAX,70495
2025,5,Jacksonville Jaguars,JAX,Jacksonville Jaguars,JAX,69329
2025,6,Jacksonville Jaguars,JAX,Jacksonville Jaguars,JAX,61056
2025,7,Jacksonville Jaguars,JAX,Jacksonville Jaguars,JAX,86152
2025,9,Jacksonville Jaguars,JAX,Jacksonville Jaguars,JAX,62080
2025,10,Jacksonville Jaguars,JAX,Jacksonville Jaguars,JAX,70531
2025,11,Jacksonville Jaguars,JAX,Jacksonville Jaguars,JAX,58461
2025,12,Jacksonville Jaguars,JAX,Jacksonville Jaguars,JAX,62413
2025,13,Jacksonville Jaguars,JAX,Jacksonville Jaguars,JAX,54098
2025,14,Jacksonville Jaguars,JAX,Jacksonville Jaguars,JAX,60067
2025,15,Jacksonville Jaguars,JAX,Jacksonville Jaguars,JAX,60815
2025,16,Jacksonville Jaguars,JAX,Jacksonville Jaguars,JAX,76858
2025,17,Jacksonville Jaguars,JAX,Jacksonville Jaguars,JAX,66080
2025,18,Jacksonville Jaguars,JAX,Jacksonville Jaguars,JAX,66015
2025,1,Kansas City Chiefs,KC,Kansas City Chiefs,KC,47627
2025,2,Kansas City Chiefs,KC,Kansas City Chiefs,KC,73558
2025,3,Kansas City Chiefs,KC,Kansas City Chiefs,KC,80690
2025,4,Kansas City Chiefs,KC,Kansas City Chiefs,KC,73552
2025,5,Kansas City Chiefs,KC,Kansas City Chiefs,KC,69329
2025,6,Kansas City Chiefs,KC,Kansas City Chiefs,KC,73543
2025,7,Kansas City Chiefs,KC,Kansas City Chiefs,KC,73584
2025,8,Kansas City Chiefs,KC,Kansas City Chiefs,KC,73569
2025,9,Kansas City Chiefs,KC,Kansas City Chiefs,KC,71024
2025,11,Kansas City Chiefs,KC,Kansas City Chiefs,KC,76750
2025,12,Kansas City Chiefs,KC,Kansas City Chiefs,KC,73611
2025,13,Kansas City Chiefs,KC,Kansas City Chiefs,KC,93739
2025,14,Kansas City Chiefs,KC,Kansas City Chiefs,KC,73611
2025,15,Kansas City Chiefs,KC,Kansas City Chiefs,KC,73073
2025,16,Kansas City Chiefs,KC,Kansas City Chiefs,KC,61752
2025,17,Kansas City Chiefs,KC,Kansas City Chiefs,KC,73045
2025,18,Kansas City Chiefs,KC,Kansas City Chiefs,KC,61780
2025,1,Los Angeles Chargers,LAC,Los Angeles Chargers,LAC,47627
2025,2,Los Angeles Chargers,LAC,Los Angeles Chargers,LAC,62526
2025,3,Los Angeles Chargers,LAC,Los Angeles Chargers,LAC,70740
2025,4,Los Angeles Chargers,LAC,Los Angeles Chargers,LAC,81954
2025,5,Los Angeles Chargers,LAC,Los Angeles Chargers,LAC,71021
2025,6,Los Angeles Chargers,LAC,Los Angeles Chargers,LAC,65592
2025,7,Los Angeles Chargers,LAC,Los Angeles Chargers,LAC,71124
2025,8,Los Angeles Chargers,LAC,Los Angeles Chargers,LAC,71094
2025,9,Los Angeles Chargers,LAC,Los Angeles Chargers,LAC,58592
2025,10,Los Angeles Chargers,LAC,Los Angeles Chargers,LAC,72174
2025,11,Los Angeles Chargers,LAC,Los Angeles Chargers,LAC,58461
2025,13,Los Angeles Chargers,LAC,Los Angeles Chargers,LAC,71018
2025,14,Los Angeles Chargers,LAC,Los Angeles Chargers,LAC,72241
2025,15,Los Angeles Chargers,LAC,Los Angeles Chargers,LAC,73073
2025,16,Los Angeles Chargers,LAC,Los Angeles Chargers,LAC,92740
2025,17,Los Angeles Chargers,LAC,Los Angeles Chargers,LAC,73066
2025,18,Los Angeles Chargers,LAC,Los Angeles Chargers,LAC,76821
2025,1,Los Angeles Rams,LAR,Los Angeles Rams,LAR,71346
2025,2,Los Angeles Rams,LAR,Los Angeles Rams,LAR,59069
2025,3,Los Angeles Rams,LAR,Los Angeles Rams,LAR,69879
2025,4,Los Angeles Rams,LAR,Los Angeles Rams,LAR,71257
2025,5,Los Angeles Rams,LAR,Los Angeles Rams,LAR,73652
2025,6,Los Angeles Rams,LAR,Los Angeles Rams,LAR,70055
2025,7,Los Angeles Rams,LAR,Los Angeles Rams,LAR,86152
2025,9,Los Angeles Rams,LAR,Los Angeles Rams,LAR,72055
2025,10,Los Angeles Rams,LAR,Los Angeles Rams,LAR,71239
2025,11,Los Angeles Rams,LAR,Los Angeles Rams,LAR,75323
2025,12,Los Angeles Rams,LAR,Los Angeles Rams,LAR,75545
2025,13,Los Angeles Rams,LAR,Los Angeles Rams,LAR,71292
2025,14,Los Angeles Rams,LAR,Los Angeles Rams,LAR,61970
2025,15,Los Angeles Rams,LAR,Los Angeles Rams,LAR,74701
2025,16,Los Angeles Rams,LAR,Los Angeles Rams,LAR,68853
2025,17,Los Angeles Rams,LAR,Los Angeles Rams,LAR,69313
2025,18,Los Angeles Rams,LAR,Los Angeles Rams,LAR,72004
2025,1,Las Vegas Raiders,LV,Las Vegas Raiders,LV,64628
2025,2,Las Vegas Raiders,LV,Las Vegas Raiders,LV,62526
2025,3,Las Vegas Raiders,LV,Las Vegas Raiders,LV,64546
2025,4,Las Vegas Raiders,LV,Las Vegas Raiders,LV,62642
2025,5,Las Vegas Raiders,LV,Las Vegas Raiders,LV,64955
2025,6,Las Vegas Raiders,LV,Las Vegas Raiders,LV,61981
2025,7,Las Vegas Raiders,LV,Las Vegas Raiders,LV,73584
2025,9,Las Vegas Raiders,LV,Las Vegas Raiders,LV,62080
2025,10,Las Vegas Raiders,LV,Las Vegas Raiders,LV,74692
2025,11,Las Vegas Raiders,LV,Las Vegas Raiders,LV,62625
2025,12,Las Vegas Raiders,LV,Las Vegas Raiders,LV,62244
2025,13,Las Vegas Raiders,LV,Las Vegas Raiders,LV,71018
2025,14,Las Vegas Raiders,LV,Las Vegas Raiders,LV,62442
2025,15,Las Vegas Raiders,LV,Las Vegas Raiders,LV,69879
2025,16,Las Vegas Raiders,LV,Las Vegas Raiders,LV,71160
2025,17,Las Vegas Raiders,LV,Las Vegas Raiders,LV,62021
2025,18,Las Vegas Raiders,LV,Las Vegas Raiders,LV,61780
2025,1,Miami Dolphins,MIA,Miami Dolphins,MIA,64065
2025,2,Miami Dolphins,MIA,Miami Dolphins,MIA,65593
2025,3,Miami Dolphins,MIA,Miami Dolphins,MIA,70641
2025,4,Miami Dolphins,MIA,Miami Dolphins,MIA,65848
2025,5,Miami Dolphins,MIA,Miami Dolphins,MIA,72301
2025,6,Miami Dolphins,MIA,Miami Dolphins,MIA,65592
2025,7,Miami Dolphins,MIA,Miami Dolphins,MIA,63762
2025,8,Miami Dolphins,MIA,Miami Dolphins,MIA,71344
2025,9,Miami Dolphins,MIA,Miami Dolphins,MIA,66132
2025,10,Miami Dolphins,MIA,Miami Dolphins,MIA,66030
2025,11,Miami Dolphins,MIA,Miami Dolphins,MIA,78610
2025,13,Miami Dolphins,MIA,Miami Dolphins,MIA,63864
2025,14,Miami Dolphins,MIA,Miami Dolphins,MIA,68625
2025,15,Miami Dolphins,MIA,Miami Dolphins,MIA,65663
2025,16,Miami Dolphins,MIA,Miami Dolphins,MIA,65885
2025,17,Miami Dolphins,MIA,Miami Dolphins,MIA,66552
2025,18,Miami Dolphins,MIA,Miami Dolphins,MIA,64628
2025,1,Minnesota Vikings,MIN,Minnesota Vikings,MIN,58742
2025,2,Minnesota Vikings,MIN,Minnesota Vikings,MIN,66859
2025,3,Minnesota Vikings,MIN,Minnesota Vikings,MIN,66792
2025,4,Minnesota Vikings,MIN,Minnesota Vikings,MIN,74512
2025,5,Minnesota Vikings,MIN,Minnesota Vikings,MIN,61082
2025,7,Minnesota Vikings,MIN,Minnesota Vikings,MIN,66899
2025,8,Minnesota Vikings,MIN,Minnesota Vikings,MIN,71094
2025,9,Minnesota Vikings,MIN,Minnesota Vikings,MIN,64642
2025,10,Minnesota Vikings,MIN,Minnesota Vikings,MIN,66946
2025,11,Minnesota Vikings,MIN,Minnesota Vikings,MIN,66952
2025,12,Minnesota Vikings,MIN,Minnesota Vikings,MIN,77991
2025,13,Minnesota Vikings,MIN,Minnesota Vikings,MIN,68790
2025,14,Minnesota Vikings,MIN,Minnesota Vikings,MIN,66810
2025,15,Minnesota Vikings,MIN,Minnesota Vikings,MIN,92991
2025,16,Minnesota Vikings,MIN,Minnesota Vikings,MIN,76515
2025,17,Minnesota Vikings,MIN,Minnesota Vikings,MIN,66874
2025,18,Minnesota Vikings,MIN,Minnesota Vikings,MIN,66606
2025,1,New England Patriots,NE,New England Patriots,NE,64628
2025,2,New England Patriots,NE,New England Patriots,NE,65593
2025,3,New England Patriots,NE,New England Patriots,NE,64628
2025,4,New England Patriots,NE,New England Patriots,NE,64628
2025,5,New England Patriots,NE,New England Patriots,NE,70802
2025,6,New England Patriots,NE,New England Patriots,NE,70042
2025,7,New England Patriots,NE,New England Patriots,NE,67410
2025,8,New England Patriots,NE,New England Patriots,NE,64628
2025,9,New England Patriots,NE,New England Patriots,NE,64628
2025,10,New England Patriots,NE,New England Patriots,NE,65492
2025,11,New England Patriots,NE,New England Patriots,NE,64628
2025,12,New England Patriots,NE,New England Patriots,NE,65659
2025,13,New England Patriots,NE,New England Patriots,NE,64628
2025,15,New England Patriots,NE,New England Patriots,NE,64628
2025,16,New England Patriots,NE,New England Patriots,NE,70709
2025,17,New England Patriots,NE,New England Patriots,NE,70918
2025,18,New England Patriots,NE,New England Patriots,NE,64628
2025,1,New Orleans Saints,NO,New Orleans Saints,NO,70006
2025,2,New Orleans Saints,NO,New Orleans Saints,NO,70078
2025,3,New Orleans Saints,NO,New Orleans Saints,NO,68599
2025,4,New Orleans Saints,NO,New Orleans Saints,NO,71017
2025,5,New Orleans Saints,NO,New Orleans Saints,NO,70008
2025,6,New Orleans Saints,NO,New Orleans Saints,NO,70042
2025,7,New Orleans Saints,NO,New Orleans Saints,NO,58102
2025,8,New Orleans Saints,NO,New Orleans Saints,NO,70038
2025,9,New Orleans Saints,NO,New Orleans Saints,NO,72055
2025,10,New Orleans Saints,NO,New Orleans Saints,NO,72804
2025,12,New Orleans Saints,NO,New Orleans Saints,NO,70005
2025,13,New Orleans Saints,NO,New Orleans Saints,NO,63864
2025,14,New Orleans Saints,NO,New Orleans Saints,NO,63125
2025,15,New Orleans Saints,NO,New Orleans Saints,NO,70070
2025,16,New Orleans Saints,NO,New Orleans Saints,NO,70043
2025,17,New Orleans Saints,NO,New Orleans Saints,NO,56269
2025,18,New Orleans Saints,NO,New Orleans Saints,NO,69512
2025,1,New York Giants,NYG,New York Giants,NYG,64544
2025,2,New York Giants,NYG,New York Giants,NYG,92781
2025,3,New York Giants,NYG,New York Giants,NYG,80690
2025,4,New York Giants,NYG,New York Giants,NYG,81954
2025,5,New York Giants,NYG,New York Giants,NYG,70008
2025,6,New York Giants,NYG,New York Giants,NYG,81564
2025,7,New York Giants,NYG,New York Giants,NYG,76830
2025,8,New York Giants,NYG,New York Giants,NYG,69879
2025,9,New York Giants,NYG,New York Giants,NYG,83258
2025,10,New York Giants,NYG,New York Giants,NYG,58884
2025,11,New York Giants,NYG,New York Giants,NYG,82438
2025,12,New York Giants,NYG,New York Giants,NYG,64238
2025,13,New York Giants,NYG,New York Giants,NYG,64628
2025,15,New York Giants,NYG,New York Giants,NYG,77481
2025,16,New York Giants,NYG,New York Giants,NYG,76515
2025,17,New York Giants,NYG,New York Giants,NYG,62021
2025,18,New York Giants,NYG,New York Giants,NYG,74395
2025,1,New York Jets,NYJ,New York Jets,NYJ,83253
2025,2,New York Jets,NYJ,New York Jets,NYJ,80875
2025,3,New York Jets,NYJ,New York Jets,NYJ,62872
2025,4,New York Jets,NYJ,New York Jets,NYJ,65848
2025,5,New York Jets,NYJ,New York Jets,NYJ,81738
2025,6,New York Jets,NYJ,New York Jets,NYJ,61155
2025,7,New York Jets,NYJ,New York Jets,NYJ,71047
2025,8,New York Jets,NYJ,New York Jets,NYJ,65526
2025,10,New York Jets,NYJ,New York Jets,NYJ,72623
2025,11,New York Jets,NYJ,New York Jets,NYJ,64628
2025,12,New York Jets,NYJ,New York Jets,NYJ,70029
2025,13,New York Jets,NYJ,New York Jets,NYJ,70012
2025,14,New York Jets,NYJ,New York Jets,NYJ,68625
2025,15,New York Jets,NYJ,New York Jets,NYJ,60815
2025,16,New York Jets,NYJ,New York Jets,NYJ,70043
2025,17,New York Jets,NYJ,New York Jets,NYJ,70918
2025,18,New York Jets,NYJ,New York Jets,NYJ,70944
2025,1,Philadelphia Eagles,PHI,Philadelphia Eagles,PHI,69879
2025,2,Philadelphia Eagles,PHI,Philadelphia Eagles,PHI,73558
2025,3,Philadelphia Eagles,PHI,Philadelphia Eagles,PHI,69879
2025,4,Philadelphia Eagles,PHI,Philadelphia Eagles,PHI,64122
2025,5,Philadelphia Eagles,PHI,Philadelphia Eagles,PHI,69879
2025,6,Philadelphia Eagles,PHI,Philadelphia Eagles,PHI,81564
2025,7,Philadelphia Eagles,PHI,Philadelphia Eagles,PHI,66899
2025,8,Philadelphia Eagles,PHI,Philadelphia Eagles,PHI,69879
2025,10,Philadelphia Eagles,PHI,Philadelphia Eagles,PHI,78254
2025,11,Philadelphia Eagles,PHI,Philadelphia Eagles,PHI,69879
2025,12,Philadelphia Eagles,PHI,Philadelphia Eagles,PHI,93068
2025,14,Philadelphia Eagles,PHI,Philadelphia Eagles,PHI,72241
2025,15,Philadelphia Eagles,PHI,Philadelphia Eagles,PHI,69879
2025,16,Philadelphia Eagles,PHI,Philadelphia Eagles,PHI,64582
2025,17,Philadelphia Eagles,PHI,Philadelphia Eagles,PHI,71105
2025,18,Philadelphia Eagles,PHI,Philadelphia Eagles,PHI,69879
2025,1,Pittsburgh Steelers,PIT,Pittsburgh Steelers,PIT,83253
2025,2,Pittsburgh Steelers,PIT,Pittsburgh Steelers,PIT,66347
2025,3,Pittsburgh Steelers,PIT,Pittsburgh Steelers,PIT,64628
2025,4,Pittsburgh Steelers,PIT,Pittsburgh Steelers,PIT,74512
2025,6,Pittsburgh Steelers,PIT,Pittsburgh Steelers,PIT,66738
2025,7,Pittsburgh Steelers,PIT,Pittsburgh Steelers,PIT,66569
2025,8,Pittsburgh Steelers,PIT,Pittsburgh Steelers,PIT,67386
2025,9,Pittsburgh Steelers,PIT,Pittsburgh Steelers,PIT,66677
2025,10,Pittsburgh Steelers,PIT,Pittsburgh Steelers,PIT,72174
2025,11,Pittsburgh Steelers,PIT,Pittsburgh Steelers,PIT,66132
2025,12,Pittsburgh Steelers,PIT,Pittsburgh Steelers,PIT,59658
2025,13,Pittsburgh Steelers,PIT,Pittsburgh Steelers,PIT,66068
2025,14,Pittsburgh Steelers,PIT,Pittsburgh Steelers,PIT,70544
2025,15,Pittsburgh Steelers,PIT,Pittsburgh Steelers,PIT,65663
2025,16,Pittsburgh Steelers,PIT,Pittsburgh Steelers,PIT,63798
2025,17,Pittsburgh Steelers,PIT,Pittsburgh Steelers,PIT,67194
2025,18,Pittsburgh Steelers,PIT,Pittsburgh Steelers,PIT,65400
2025,1,Seattle Seahawks,SEA,Seattle Seahawks,SEA,68752
2025,2,Seattle Seahawks,SEA,Seattle Seahawks,SEA,66347
2025,3,Seattle Seahawks,SEA,Seattle Seahawks,SEA,68599
2025,4,Seattle Seahawks,SEA,Seattle Seahawks,SEA,65016
2025,5,Seattle Seahawks,SEA,Seattle Seahawks,SEA,68804
2025,6,Seattle Seahawks,SEA,Seattle Seahawks,SEA,61056
2025,7,Seattle Seahawks,SEA,Seattle Seahawks,SEA,68632
2025,9,Seattle Seahawks,SEA,Seattle Seahawks,SEA,64197
2025,10,Seattle Seahawks,SEA,Seattle Seahawks,SEA,68723
2025,11,Seattle Seahawks,SEA,Seattle Seahawks,SEA,75323
2025,12,Seattle Seahawks,SEA,Seattle Seahawks,SEA,60487
2025,13,Seattle Seahawks,SEA,Seattle Seahawks,SEA,68790
2025,14,Seattle Seahawks,SEA,Seattle Seahawks,SEA,68721
2025,15,Seattle Seahawks,SEA,Seattle Seahawks,SEA,68771
2025,16,Seattle Seahawks,SEA,Seattle Seahawks,SEA,68853
2025,17,Seattle Seahawks,SEA,Seattle Seahawks,SEA,73163
2025,18,Seattle Seahawks,SEA,Seattle Seahawks,SEA,71836
2025,1,San Francisco 49ers,SF,San Francisco 49ers,SF,68752
2025,2,San Francisco 49ers,SF,San Francisco 49ers,SF,70078
2025,3,San Francisco 49ers,SF,San Francisco 49ers,SF,70414
2025,4,San Francisco 49ers,SF,San Francisco 49ers,SF,70495
2025,5,San Francisco 49ers,SF,San Francisco 49ers,SF,73652
2025,6,San Francisco 49ers,SF,San Francisco 49ers,SF,62411
2025,7,San Francisco 49ers,SF,San Francisco 49ers,SF,71217
2025,8,San Francisco 49ers,SF,San Francisco 49ers,SF,70581
2025,9,San Francisco 49ers,SF,San Francisco 49ers,SF,83258
2025,10,San Francisco 49ers,SF,San Francisco 49ers,SF,71239
2025,11,San Francisco 49ers,SF,San Francisco 49ers,SF,65032
2025,12,San Francisco 49ers,SF,San Francisco 49ers,SF,71337
2025,13,San Francisco 49ers,SF,San Francisco 49ers,SF,64042
2025,15,San Francisco 49ers,SF,San Francisco 49ers,SF,71042
2025,16,San Francisco 49ers,SF,San Francisco 49ers,SF,66265
2025,17,San Francisco 49ers,SF,San Francisco 49ers,SF,71836
2025,18,San Francisco 49ers,SF,San Francisco 49ers,SF,71836
2025,1,Tampa Bay Buccaneers,TB,Tampa Bay Buccaneers,TB,71610
2025,2,Tampa Bay Buccaneers,TB,Tampa Bay Buccaneers,TB,71580
2025,3,Tampa Bay Buccaneers,TB,Tampa Bay Buccaneers,TB,62872
2025,4,Tampa Bay Buccaneers,TB,Tampa Bay Buccaneers,TB,64122
2025,5,Tampa Bay Buccaneers,TB,Tampa Bay Buccaneers,TB,68804
2025,6,Tampa Bay Buccaneers,TB,Tampa Bay Buccaneers,TB,62411
2025,7,Tampa Bay Buccaneers,TB,Tampa Bay Buccaneers,TB,64656
2025,8,Tampa Bay Buccaneers,TB,Tampa Bay Buccaneers,TB,70038
2025,10,Tampa Bay Buccaneers,TB,Tampa Bay Buccaneers,TB,65492
2025,11,Tampa Bay Buccaneers,TB,Tampa Bay Buccaneers,TB,71005
2025,12,Tampa Bay Buccaneers,TB,Tampa Bay Buccaneers,TB,75545
2025,13,Tampa Bay Buccaneers,TB,Tampa Bay Buccaneers,TB,61103
2025,14,Tampa Bay Buccaneers,TB,Tampa Bay Buccaneers,TB,63125
2025,15,Tampa Bay Buccaneers,TB,Tampa Bay Buccaneers,TB,64917
2025,16,Tampa Bay Buccaneers,TB,Tampa Bay Buccaneers,TB,73530
2025,17,Tampa Bay Buccaneers,TB,Tampa Bay Buccaneers,TB,66552
2025,18,Tampa Bay Buccaneers,TB,Tampa Bay Buccaneers,TB,65082
2025,1,Tennessee Titans,TEN,Tennessee Titans,TEN,75706
2025,2,Tennessee Titans,TEN,Tennessee Titans,TEN,59069
2025,3,Tennessee Titans,TEN,Tennessee Titans,TEN,56361
2025,4,Tennessee Titans,TEN,Tennessee Titans,TEN,70398
2025,5,Tennessee Titans,TEN,Tennessee Titans,TEN,64280
2025,6,Tennessee Titans,TEN,Tennessee Titans,TEN,61981
2025,7,Tennessee Titans,TEN,Tennessee Titans,TEN,67410
2025,8,Tennessee Titans,TEN,Tennessee Titans,TEN,65816
2025,9,Tennessee Titans,TEN,Tennessee Titans,TEN,58592
2025,11,Tennessee Titans,TEN,Tennessee Titans,TEN,55999
2025,12,Tennessee Titans,TEN,Tennessee Titans,TEN,60487
2025,13,Tennessee Titans,TEN,Tennessee Titans,TEN,54098
2025,14,Tennessee Titans,TEN,Tennessee Titans,TEN,62982
2025,15,Tennessee Titans,TEN,Tennessee Titans,TEN,71042
2025,16,Tennessee Titans,TEN,Tennessee Titans,TEN,61752
2025,17,Tennessee Titans,TEN,Tennessee Titans,TEN,56269
2025,18,Tennessee Titans,TEN,Tennessee Titans,TEN,66015
2025,1,Washington Commanders,WAS,Washington Commanders,WSH,64544
2025,2,Washington Commanders,WAS,Washington Commanders,WSH,77289
2025,3,Washington Commanders,WAS,Washington Commanders,WSH,64546
2025,4,Washington Commanders,WAS,Washington Commanders,WSH,71492
2025,5,Washington Commanders,WAS,Washington Commanders,WSH,71021
2025,6,Washington Commanders,WAS,Washington Commanders,WSH,64457
2025,7,Washington Commanders,WAS,Washington Commanders,WSH,93051
2025,8,Washington Commanders,WAS,Washington Commanders,WSH,73569
2025,9,Washington Commanders,WAS,Washington Commanders,WSH,64197
2025,10,Washington Commanders,WAS,Washington Commanders,WSH,64470
2025,11,Washington Commanders,WAS,Washington Commanders,WSH,78610
2025,13,Washington Commanders,WAS,Washington Commanders,WSH,63159
2025,14,Washington Commanders,WAS,Washington Commanders,WSH,66810
2025,15,Washington Commanders,WAS,Washington Commanders,WSH,77481
2025,16,Washington Commanders,WAS,Washington Commanders,WSH,64582
2025,17,Washington Commanders,WAS,Washington Commanders,WSH,64407
2025,18,Washington Commanders,WAS,Washington Commanders,WSH,69879
