game_id,weather_id,temperature,precipitation,wind_speed,weather_condition,severe_weather_flag,weather_timestamp,weather_source_method,venue_name,latitude,longitude,temperature_max,temperature_min,temperature_avg,apparent_temperature,apparent_temperature_max,apparent_temperature_min,apparent_temperature_avg,rainfall,snowfall,snow_depth,wind_gust,wind_direction,sunshine,weather_code
2015_CON_20_ARI_CAR_20160124,WTH_00001,29.7,0.0,11.9,WMO_2,0,2016-01-24 12:00:00,open_meteo_daily_by_venue_coordinates,Bank of America Stadium,35.2258,-80.8528,41.5,21.8,29.7,21.7,35.7,13.6,21.7,0.0,0.0,0.262,23.9,325.0,14.03,2.0
2015_CON_20_NE_DEN_20160124,WTH_00002,28.6,0.0,7.7,WMO_3,0,2016-01-24 12:00:00,open_meteo_daily_by_venue_coordinates,Empower Field at Mile High,39.7439,-105.0201,41.3,18.1,28.6,21.4,34.9,9.0,21.4,0.0,0.0,0.295,15.4,248.0,12.1,3.0
2015_POST_18_GB_WSH_20160110,WTH_00003,52.2,0.539,17.2,WMO_63|PRECIP,1,2016-01-10 12:00:00,open_meteo_daily_by_venue_coordinates,Northwest Stadium,38.9078,-76.8644,58.8,44.7,52.2,46.9,54.4,33.1,46.9,0.539,0.0,0.0,41.6,178.0,5.55,63.0
2015_POST_18_KC_HOU_20160109,WTH_00004,70.0,0.0,0.0,INDOOR,0,2016-01-09 12:00:00,open_meteo_indoor_controlled_daily_values,NRG Stadium,29.6847,-95.4107,70.0,70.0,70.0,70.0,70.0,70.0,70.0,0.0,0.0,0.0,0.0,,,
2015_POST_18_PIT_CIN_20160109,WTH_00005,50.6,0.024,8.8,WMO_51|PRECIP,0,2016-01-09 12:00:00,open_meteo_daily_by_venue_coordinates,Paycor Stadium,39.0955,-84.516,55.1,48.2,50.6,47.1,51.4,43.9,47.1,0.024,0.0,0.0,19.0,177.0,4.02,51.0
2015_POST_18_SEA_MIN_20160110,WTH_00006,-8.0,0.0,10.7,WMO_3,1,2016-01-10 12:00:00,open_meteo_daily_by_venue_coordinates,TCF Bank Stadium,44.976,-93.2247,-0.6,-15.2,-8.0,-18.5,-11.5,-25.2,-18.5,0.0,0.0,0.558,20.1,310.0,8.17,3.0
2015_POST_19_GB_ARI_20160116,WTH_00007,70.0,0.0,0.0,INDOOR,0,2016-01-16 12:00:00,open_meteo_indoor_controlled_daily_values,State Farm Stadium,33.5276,-112.2626,70.0,70.0,70.0,70.0,70.0,70.0,70.0,0.0,0.0,0.0,0.0,,,
2015_POST_19_KC_NE_20160116,WTH_00008,34.7,1.024,11.9,WMO_73|SNOW,1,2016-01-16 12:00:00,open_meteo_daily_by_venue_coordinates,Gillette Stadium,42.0909,-71.2643,38.4,31.1,34.7,28.2,31.9,24.8,28.2,0.992,0.22,0.066,29.5,4.0,2.64,73.0
2015_POST_19_PIT_DEN_20160117,WTH_00009,19.7,0.0,4.5,WMO_3,1,2016-01-17 12:00:00,open_meteo_daily_by_venue_coordinates,Empower Field at Mile High,39.7439,-105.0201,34.5,9.8,19.7,12.5,28.7,2.1,12.5,0.0,0.0,0.591,10.7,220.0,10.62,3.0
2015_POST_19_SEA_CAR_20160117,WTH_00010,41.3,0.043,10.8,WMO_71|SNOW,1,2016-01-17 12:00:00,open_meteo_daily_by_venue_coordinates,Bank of America Stadium,35.2258,-80.8528,47.2,35.3,41.3,34.0,42.2,28.1,34.0,0.028,0.11,0.0,23.9,359.0,9.28,71.0
2015_POST_21_CAR_DEN_20160207,WTH_00011,53.6,0.0,7.5,WMO_3,0,2016-02-07 12:00:00,open_meteo_daily_by_venue_coordinates,Levi's Stadium,37.403,-121.97,67.8,42.3,53.6,50.6,65.4,38.7,50.6,0.0,0.0,0.0,18.8,59.0,14.53,3.0
2015_REG_01_BAL_DEN_20150913,WTH_00012,71.2,0.0,9.4,WMO_3,0,2015-09-13 12:00:00,open_meteo_daily_by_venue_coordinates,Empower Field at Mile High,39.7439,-105.0201,88.3,55.7,71.2,66.3,85.2,48.8,66.3,0.0,0.0,0.0,21.5,247.0,22.95,3.0
2015_REG_01_CAR_JAX_20150913,WTH_00013,74.9,0.024,6.3,WMO_51|PRECIP,0,2015-09-13 12:00:00,open_meteo_daily_by_venue_coordinates,EverBank Stadium,30.3239,-81.6373,81.2,71.0,74.9,80.7,86.9,76.1,80.7,0.024,0.0,0.0,17.9,297.0,19.76,51.0
2015_REG_01_CIN_LV_20150913,WTH_00014,69.7,0.0,9.6,WMO_3,0,2015-09-13 12:00:00,open_meteo_daily_by_venue_coordinates,O.co Coliseum,37.7516,-122.2005,86.4,61.4,69.7,69.7,86.3,61.7,69.7,0.0,0.0,0.0,17.9,243.0,17.34,3.0
2015_REG_01_CLE_NYJ_20150913,WTH_00015,68.4,0.35,9.9,WMO_63|PRECIP,0,2015-09-13 12:00:00,open_meteo_daily_by_venue_coordinates,MetLife Stadium,40.8135,-74.0745,72.1,66.0,68.4,71.1,73.2,65.3,71.1,0.35,0.0,0.0,18.8,222.0,8.86,63.0
2015_REG_01_DET_LAC_20150913,WTH_00016,78.4,0.0,10.4,WMO_0,0,2015-09-13 12:00:00,open_meteo_daily_by_venue_coordinates,Qualcomm Stadium,32.7831,-117.1195,86.1,73.0,78.4,84.1,90.5,80.3,84.1,0.0,0.0,0.0,26.2,262.0,23.12,0.0
2015_REG_01_GB_CHI_20150913,WTH_00017,58.9,0.0,7.7,WMO_2,0,2015-09-13 12:00:00,open_meteo_daily_by_venue_coordinates,Soldier Field,41.8623,-87.6167,67.1,52.4,58.9,55.8,64.3,49.2,55.8,0.0,0.0,0.0,17.7,297.0,20.58,2.0
2015_REG_01_IND_BUF_20150913,WTH_00018,54.6,0.839,13.7,WMO_61|PRECIP,1,2015-09-13 12:00:00,open_meteo_daily_by_venue_coordinates,Highmark Stadium,42.7738,-78.7868,56.4,53.2,54.6,50.5,52.6,48.9,50.5,0.839,0.0,0.0,27.7,302.0,5.26,61.0
2015_REG_01_KC_HOU_20150913,WTH_00019,70.0,0.0,0.0,INDOOR,0,2015-09-13 12:00:00,open_meteo_indoor_controlled_daily_values,NRG Stadium,29.6847,-95.4107,70.0,70.0,70.0,70.0,70.0,70.0,70.0,0.0,0.0,0.0,0.0,,,
2015_REG_01_MIA_WSH_20150913,WTH_00020,65.2,0.043,10.4,WMO_55|PRECIP,0,2015-09-13 12:00:00,open_meteo_daily_by_venue_coordinates,Northwest Stadium,38.9078,-76.8644,72.3,60.0,65.2,63.7,71.7,58.5,63.7,0.043,0.0,0.0,25.9,293.0,17.14,55.0
2015_REG_01_MIN_SF_20150914,WTH_00021,66.6,0.004,9.9,WMO_51|PRECIP,0,2015-09-14 12:00:00,open_meteo_daily_by_venue_coordinates,Levi's Stadium,37.403,-121.97,83.1,60.2,66.6,66.1,83.1,58.7,66.1,0.004,0.0,0.0,24.8,195.0,16.46,51.0
2015_REG_01_NO_ARI_20150913,WTH_00022,70.0,0.0,0.0,INDOOR,0,2015-09-13 12:00:00,open_meteo_indoor_controlled_daily_values,State Farm Stadium,33.5276,-112.2626,70.0,70.0,70.0,70.0,70.0,70.0,70.0,0.0,0.0,0.0,0.0,,,
2015_REG_01_NYG_DAL_20150913,WTH_00023,70.0,0.0,0.0,INDOOR,0,2015-09-13 12:00:00,open_meteo_indoor_controlled_daily_values,AT&T Stadium,32.7473,-97.0945,70.0,70.0,70.0,70.0,70.0,70.0,70.0,0.0,0.0,0.0,0.0,,,
2015_REG_01_PHI_ATL_20150914,WTH_00024,70.0,0.0,0.0,INDOOR,0,2015-09-14 12:00:00,open_meteo_indoor_controlled_daily_values,Georgia Dome,33.7573,-84.4008,70.0,70.0,70.0,70.0,70.0,70.0,70.0,0.0,0.0,0.0,0.0,,,
2015_REG_01_PIT_NE_20150910,WTH_00025,72.5,0.488,9.6,WMO_61|PRECIP,0,2015-09-10 12:00:00,open_meteo_daily_by_venue_coordinates,Gillette Stadium,42.0909,-71.2643,78.4,65.5,72.5,77.7,82.5,67.6,77.7,0.488,0.0,0.0,22.8,64.0,3.6,61.0
2015_REG_01_SEA_LAR_20150913,WTH_00026,70.0,0.0,0.0,INDOOR,0,2015-09-13 12:00:00,open_meteo_indoor_controlled_daily_values,Edward Jones Dome,38.6329,-90.1887,70.0,70.0,70.0,70.0,70.0,70.0,70.0,0.0,0.0,0.0,0.0,,,
2015_REG_01_TEN_TB_20150913,WTH_00027,78.2,0.339,8.7,WMO_61|PRECIP,0,2015-09-13 12:00:00,open_meteo_daily_by_venue_coordinates,Raymond James Stadium,27.9759,-82.5033,82.4,75.5,78.2,86.2,93.2,82.4,86.2,0.339,0.0,0.0,19.2,264.0,14.05,61.0
2015_REG_02_ARI_CHI_20150920,WTH_00028,62.8,0.0,6.1,WMO_2,0,2015-09-20 12:00:00,open_meteo_daily_by_venue_coordinates,Soldier Field,41.8623,-87.6167,66.9,55.9,62.8,61.8,66.4,55.2,61.8,0.0,0.0,0.0,13.2,94.0,19.86,2.0
2015_REG_02_ATL_NYG_20150920,WTH_00029,70.0,0.0,11.4,WMO_2,0,2015-09-20 12:00:00,open_meteo_daily_by_venue_coordinates,MetLife Stadium,40.8135,-74.0745,74.2,66.9,70.0,70.1,75.5,64.0,70.1,0.0,0.0,0.0,23.9,341.0,18.42,2.0
2015_REG_02_BAL_LV_20150920,WTH_00030,77.7,0.0,5.1,WMO_0,0,2015-09-20 12:00:00,open_meteo_daily_by_venue_coordinates,O.co Coliseum,37.7516,-122.2005,95.1,63.9,77.7,77.1,94.5,64.1,77.1,0.0,0.0,0.0,15.0,334.0,22.32,0.0
2015_REG_02_DAL_PHI_20150920,WTH_00031,71.6,0.0,10.8,WMO_2,0,2015-09-20 12:00:00,open_meteo_daily_by_venue_coordinates,Lincoln Financial Field,39.9008,-75.1675,77.3,66.3,71.6,72.4,76.6,65.4,72.4,0.0,0.0,0.0,25.1,359.0,18.67,2.0
2015_REG_02_DEN_KC_20150917,WTH_00032,80.0,0.0,16.9,WMO_3,0,2015-09-17 12:00:00,open_meteo_daily_by_venue_coordinates,Arrowhead Stadium,39.0489,-94.4839,87.9,74.3,80.0,81.4,91.9,74.1,81.4,0.0,0.0,0.0,33.8,186.0,17.12,3.0
2015_REG_02_DET_MIN_20150920,WTH_00033,60.8,0.008,13.0,WMO_51|PRECIP,0,2015-09-20 12:00:00,open_meteo_daily_by_venue_coordinates,TCF Bank Stadium,44.976,-93.2247,70.5,52.5,60.8,56.7,65.6,48.3,56.7,0.008,0.0,0.0,27.5,183.0,18.78,51.0
2015_REG_02_HOU_CAR_20150920,WTH_00034,77.5,0.0,5.2,WMO_3,0,2015-09-20 12:00:00,open_meteo_daily_by_venue_coordinates,Bank of America Stadium,35.2258,-80.8528,89.0,66.7,77.5,79.8,92.5,68.5,79.8,0.0,0.0,0.0,16.3,337.0,18.73,3.0
2015_REG_02_LAC_CIN_20150920,WTH_00035,65.3,0.0,9.1,WMO_3,0,2015-09-20 12:00:00,open_meteo_daily_by_venue_coordinates,Paycor Stadium,39.0955,-84.516,71.7,58.4,65.3,62.9,69.1,56.9,62.9,0.0,0.0,0.0,22.1,32.0,18.28,3.0
2015_REG_02_LAR_WSH_20150920,WTH_00036,71.3,0.173,11.7,WMO_61|PRECIP,0,2015-09-20 12:00:00,open_meteo_daily_by_venue_coordinates,Northwest Stadium,38.9078,-76.8644,77.9,67.4,71.3,71.5,77.1,65.7,71.5,0.173,0.0,0.0,27.3,360.0,17.62,61.0
2015_REG_02_MIA_JAX_20150920,WTH_00037,78.2,0.008,5.2,WMO_51|PRECIP,0,2015-09-20 12:00:00,open_meteo_daily_by_venue_coordinates,EverBank Stadium,30.3239,-81.6373,86.7,71.3,78.2,85.5,95.2,77.4,85.5,0.008,0.0,0.0,12.3,337.0,20.42,51.0
2015_REG_02_NE_BUF_20150920,WTH_00038,58.7,0.024,9.7,WMO_53|PRECIP,0,2015-09-20 12:00:00,open_meteo_daily_by_venue_coordinates,Highmark Stadium,42.7738,-78.7868,63.7,53.6,58.7,55.7,61.2,50.8,55.7,0.024,0.0,0.0,21.7,349.0,19.37,53.0
2015_REG_02_NYJ_IND_20150921,WTH_00039,70.0,0.0,0.0,INDOOR,0,2015-09-21 12:00:00,open_meteo_indoor_controlled_daily_values,Lucas Oil Stadium,39.7601,-86.1639,70.0,70.0,70.0,70.0,70.0,70.0,70.0,0.0,0.0,0.0,0.0,,,
2015_REG_02_SEA_GB_20150920,WTH_00040,59.8,0.0,7.9,WMO_3,0,2015-09-20 12:00:00,open_meteo_daily_by_venue_coordinates,Lambeau Field,44.5013,-88.0622,68.6,51.1,59.8,57.2,65.6,48.6,57.2,0.0,0.0,0.0,17.7,239.0,17.1,3.0
2015_REG_02_SF_PIT_20150920,WTH_00041,62.7,0.087,12.3,WMO_55|PRECIP,0,2015-09-20 12:00:00,open_meteo_daily_by_venue_coordinates,Acrisure Stadium,40.4468,-80.0158,71.8,54.0,62.7,60.9,69.4,51.9,60.9,0.087,0.0,0.0,24.8,5.0,20.22,55.0
2015_REG_02_TB_NO_20150920,WTH_00042,70.0,0.0,0.0,INDOOR,0,2015-09-20 12:00:00,open_meteo_indoor_controlled_daily_values,Caesars Superdome,29.9511,-90.0812,70.0,70.0,70.0,70.0,70.0,70.0,70.0,0.0,0.0,0.0,0.0,,,
2015_REG_02_TEN_CLE_20150920,WTH_00043,61.2,0.0,11.9,WMO_3,0,2015-09-20 12:00:00,open_meteo_daily_by_venue_coordinates,Huntington Bank Field,41.5061,-81.6995,65.5,56.8,61.2,58.9,63.4,55.3,58.9,0.0,0.0,0.0,20.1,24.0,19.57,3.0
2015_REG_03_ATL_DAL_20150927,WTH_00044,70.0,0.0,0.0,INDOOR,0,2015-09-27 12:00:00,open_meteo_indoor_controlled_daily_values,AT&T Stadium,32.7473,-97.0945,70.0,70.0,70.0,70.0,70.0,70.0,70.0,0.0,0.0,0.0,0.0,,,
2015_REG_03_BUF_MIA_20150927,WTH_00045,81.1,0.15,5.3,WMO_61|PRECIP,0,2015-09-27 12:00:00,open_meteo_daily_by_venue_coordinates,Hard Rock Stadium,25.958,-80.2389,86.2,77.9,81.1,90.2,95.0,87.1,90.2,0.15,0.0,0.0,12.3,182.0,13.71,61.0
2015_REG_03_CHI_SEA_20150927,WTH_00046,52.9,0.0,9.0,WMO_1,0,2015-09-27 12:00:00,open_meteo_daily_by_venue_coordinates,Lumen Field,47.5952,-122.3316,61.1,46.2,52.9,49.5,56.2,43.4,49.5,0.0,0.0,0.0,21.9,17.0,16.2,1.0
2015_REG_03_CIN_BAL_20150927,WTH_00047,65.5,0.004,14.7,WMO_51|PRECIP,0,2015-09-27 12:00:00,open_meteo_daily_by_venue_coordinates,M&T Bank Stadium,39.278,-76.6227,73.0,61.0,65.5,62.5,69.8,57.0,62.5,0.004,0.0,0.0,23.9,65.0,9.51,51.0
2015_REG_03_DEN_DET_20150927,WTH_00048,70.0,0.0,0.0,INDOOR,0,2015-09-27 12:00:00,open_meteo_indoor_controlled_daily_values,Ford Field,42.34,-83.0456,70.0,70.0,70.0,70.0,70.0,70.0,70.0,0.0,0.0,0.0,0.0,,,
2015_REG_03_IND_TEN_20150927,WTH_00049,70.0,0.106,6.7,WMO_51|PRECIP,0,2015-09-27 12:00:00,open_meteo_daily_by_venue_coordinates,Nissan Stadium,36.1665,-86.7713,78.2,66.3,70.0,73.4,80.9,69.7,73.4,0.106,0.0,0.0,18.3,126.0,8.22,51.0
2015_REG_03_JAX_NE_20150927,WTH_00050,56.6,0.0,6.6,WMO_3,0,2015-09-27 12:00:00,open_meteo_daily_by_venue_coordinates,Gillette Stadium,42.0909,-71.2643,70.9,45.4,56.6,54.3,68.7,42.7,54.3,0.0,0.0,0.0,16.1,95.0,18.58,3.0
2015_REG_03_KC_GB_20150928,WTH_00051,69.9,0.016,11.7,WMO_51|PRECIP,0,2015-09-28 12:00:00,open_meteo_daily_by_venue_coordinates,Lambeau Field,44.5013,-88.0622,77.5,64.6,69.9,70.1,76.7,65.4,70.1,0.016,0.0,0.0,23.7,218.0,13.22,51.0
2015_REG_03_LAC_MIN_20150927,WTH_00052,68.8,0.0,12.9,WMO_0,0,2015-09-27 12:00:00,open_meteo_daily_by_venue_coordinates,TCF Bank Stadium,44.976,-93.2247,78.5,61.3,68.8,67.1,77.0,58.7,67.1,0.0,0.0,0.0,26.2,179.0,17.47,0.0
2015_REG_03_LV_CLE_20150927,WTH_00053,66.2,0.0,11.1,WMO_3,0,2015-09-27 12:00:00,open_meteo_daily_by_venue_coordinates,Huntington Bank Field,41.5061,-81.6995,74.8,61.5,66.2,62.9,73.6,57.0,62.9,0.0,0.0,0.0,21.7,146.0,9.42,3.0
2015_REG_03_NO_CAR_20150927,WTH_00054,64.2,0.26,13.8,WMO_53|PRECIP,0,2015-09-27 12:00:00,open_meteo_daily_by_venue_coordinates,Bank of America Stadium,35.2258,-80.8528,66.3,62.2,64.2,64.5,67.4,61.8,64.5,0.26,0.0,0.0,23.5,43.0,2.32,53.0
2015_REG_03_PHI_NYJ_20150927,WTH_00055,61.5,0.0,7.4,WMO_3,0,2015-09-27 12:00:00,open_meteo_daily_by_venue_coordinates,MetLife Stadium,40.8135,-74.0745,69.0,55.7,61.5,59.8,67.8,53.3,59.8,0.0,0.0,0.0,15.2,74.0,11.26,3.0
2015_REG_03_PIT_LAR_20150927,WTH_00056,70.0,0.0,0.0,INDOOR,0,2015-09-27 12:00:00,open_meteo_indoor_controlled_daily_values,Edward Jones Dome,38.6329,-90.1887,70.0,70.0,70.0,70.0,70.0,70.0,70.0,0.0,0.0,0.0,0.0,,,
2015_REG_03_SF_ARI_20150927,WTH_00057,70.0,0.0,0.0,INDOOR,0,2015-09-27 12:00:00,open_meteo_indoor_controlled_daily_values,State Farm Stadium,33.5276,-112.2626,70.0,70.0,70.0,70.0,70.0,70.0,70.0,0.0,0.0,0.0,0.0,,,
2015_REG_03_TB_HOU_20150927,WTH_00058,70.0,0.0,0.0,INDOOR,0,2015-09-27 12:00:00,open_meteo_indoor_controlled_daily_values,NRG Stadium,29.6847,-95.4107,70.0,70.0,70.0,70.0,70.0,70.0,70.0,0.0,0.0,0.0,0.0,,,
2015_REG_03_WSH_NYG_20150924,WTH_00059,65.9,0.0,7.9,WMO_2,0,2015-09-24 12:00:00,open_meteo_daily_by_venue_coordinates,MetLife Stadium,40.8135,-74.0745,77.5,55.4,65.9,64.9,76.8,53.6,64.9,0.0,0.0,0.0,16.1,32.0,19.58,2.0
2015_REG_04_BAL_PIT_20151001,WTH_00060,57.2,0.0,9.5,WMO_3,0,2015-10-01 12:00:00,open_meteo_daily_by_venue_coordinates,Acrisure Stadium,40.4468,-80.0158,62.4,51.6,57.2,52.8,58.9,46.0,52.8,0.0,0.0,0.0,22.6,36.0,11.76,3.0
2015_REG_04_CAR_TB_20151004,WTH_00061,71.6,0.102,11.7,WMO_61|PRECIP,0,2015-10-04 12:00:00,open_meteo_daily_by_venue_coordinates,Raymond James Stadium,27.9759,-82.5033,74.4,68.9,71.6,75.0,77.9,73.1,75.0,0.102,0.0,0.0,28.6,299.0,12.82,61.0
2015_REG_04_CLE_LAC_20151004,WTH_00062,69.2,0.22,12.0,WMO_61|PRECIP,0,2015-10-04 12:00:00,open_meteo_daily_by_venue_coordinates,Qualcomm Stadium,32.7831,-117.1195,75.8,67.2,69.2,69.6,76.5,66.7,69.6,0.22,0.0,0.0,28.2,194.0,11.23,61.0
2015_REG_04_DAL_NO_20151004,WTH_00063,70.0,0.0,0.0,INDOOR,0,2015-10-04 12:00:00,open_meteo_indoor_controlled_daily_values,Caesars Superdome,29.9511,-90.0812,70.0,70.0,70.0,70.0,70.0,70.0,70.0,0.0,0.0,0.0,0.0,,,
2015_REG_04_DET_SEA_20151005,WTH_00064,58.2,0.0,6.5,WMO_3,0,2015-10-05 12:00:00,open_meteo_daily_by_venue_coordinates,Lumen Field,47.5952,-122.3316,73.0,47.1,58.2,56.1,71.2,44.1,56.1,0.0,0.0,0.0,16.6,30.0,14.95,3.0
2015_REG_04_GB_SF_20151004,WTH_00065,60.7,0.004,11.4,WMO_51|PRECIP,0,2015-10-04 12:00:00,open_meteo_daily_by_venue_coordinates,Levi's Stadium,37.403,-121.97,74.5,53.8,60.7,58.9,74.8,51.1,58.9,0.004,0.0,0.0,24.4,195.0,19.45,51.0
2015_REG_04_HOU_ATL_20151004,WTH_00066,70.0,0.0,0.0,INDOOR,0,2015-10-04 12:00:00,open_meteo_indoor_controlled_daily_values,Georgia Dome,33.7573,-84.4008,70.0,70.0,70.0,70.0,70.0,70.0,70.0,0.0,0.0,0.0,0.0,,,
2015_REG_04_JAX_IND_20151004,WTH_00067,70.0,0.0,0.0,INDOOR,0,2015-10-04 12:00:00,open_meteo_indoor_controlled_daily_values,Lucas Oil Stadium,39.7601,-86.1639,70.0,70.0,70.0,70.0,70.0,70.0,70.0,0.0,0.0,0.0,0.0,,,
2015_REG_04_KC_CIN_20151004,WTH_00068,60.8,0.091,9.1,WMO_53|PRECIP,0,2015-10-04 12:00:00,open_meteo_daily_by_venue_coordinates,Paycor Stadium,39.0955,-84.516,75.5,51.4,60.8,59.0,75.9,47.8,59.0,0.091,0.0,0.0,22.6,67.0,15.84,53.0
2015_REG_04_LAR_ARI_20151004,WTH_00069,70.0,0.0,0.0,INDOOR,0,2015-10-04 12:00:00,open_meteo_indoor_controlled_daily_values,State Farm Stadium,33.5276,-112.2626,70.0,70.0,70.0,70.0,70.0,70.0,70.0,0.0,0.0,0.0,0.0,,,
2015_REG_04_LV_CHI_20151004,WTH_00070,52.1,0.008,17.8,WMO_51|PRECIP,0,2015-10-04 12:00:00,open_meteo_daily_by_venue_coordinates,Soldier Field,41.8623,-87.6167,55.4,50.2,52.1,46.4,51.7,41.2,46.4,0.008,0.0,0.0,31.5,51.0,3.43,51.0
2015_REG_04_MIN_DEN_20151004,WTH_00071,55.8,0.169,9.7,WMO_61|PRECIP,0,2015-10-04 12:00:00,open_meteo_daily_by_venue_coordinates,Empower Field at Mile High,39.7439,-105.0201,65.1,51.9,55.8,53.5,61.0,49.7,53.5,0.169,0.0,0.0,20.4,38.0,12.25,61.0
2015_REG_04_NYG_BUF_20151004,WTH_00072,51.9,0.031,12.1,WMO_51|PRECIP,0,2015-10-04 12:00:00,open_meteo_daily_by_venue_coordinates,Highmark Stadium,42.7738,-78.7868,63.3,45.5,51.9,47.2,61.4,38.6,47.2,0.031,0.0,0.0,25.9,95.0,11.32,51.0
2015_REG_04_NYJ_MIA_20151004,WTH_00073,54.2,0.0,10.6,WMO_3,0,2015-10-04 12:00:00,open_meteo_daily_by_venue_coordinates,Wembley Stadium,51.556,-0.2796,62.8,45.0,54.2,51.1,59.4,42.6,51.1,0.0,0.0,0.0,20.1,156.0,12.63,3.0
2015_REG_04_PHI_WSH_20151004,WTH_00074,57.5,0.008,16.8,WMO_51|PRECIP,1,2015-10-04 12:00:00,open_meteo_daily_by_venue_coordinates,Northwest Stadium,38.9078,-76.8644,61.4,56.2,57.5,52.0,57.1,49.8,52.0,0.008,0.0,0.0,39.1,48.0,5.37,51.0
2015_REG_05_ARI_DET_20151011,WTH_00075,70.0,0.0,0.0,INDOOR,0,2015-10-11 12:00:00,open_meteo_indoor_controlled_daily_values,Ford Field,42.34,-83.0456,70.0,70.0,70.0,70.0,70.0,70.0,70.0,0.0,0.0,0.0,0.0,,,
2015_REG_05_BUF_TEN_20151011,WTH_00076,60.8,0.0,4.1,WMO_3,0,2015-10-11 12:00:00,open_meteo_daily_by_venue_coordinates,Nissan Stadium,36.1665,-86.7713,71.9,51.1,60.8,60.3,71.6,50.7,60.3,0.0,0.0,0.0,9.6,136.0,17.87,3.0
2015_REG_05_CHI_KC_20151011,WTH_00077,66.3,0.0,11.5,WMO_3,0,2015-10-11 12:00:00,open_meteo_daily_by_venue_coordinates,Arrowhead Stadium,39.0489,-94.4839,81.0,58.7,66.3,63.3,81.0,54.4,63.3,0.0,0.0,0.0,24.6,194.0,16.91,3.0
2015_REG_05_CLE_BAL_20151011,WTH_00078,57.2,0.0,5.8,WMO_3,0,2015-10-11 12:00:00,open_meteo_daily_by_venue_coordinates,M&T Bank Stadium,39.278,-76.6227,68.0,47.5,57.2,54.7,66.0,44.5,54.7,0.0,0.0,0.0,11.6,206.0,17.23,3.0
2015_REG_05_DEN_LV_20151011,WTH_00079,66.5,0.0,9.4,WMO_3,0,2015-10-11 12:00:00,open_meteo_daily_by_venue_coordinates,O.co Coliseum,37.7516,-122.2005,82.5,58.1,66.5,67.5,82.5,58.9,67.5,0.0,0.0,0.0,23.9,252.0,17.3,3.0
2015_REG_05_IND_HOU_20151008,WTH_00080,70.0,0.0,0.0,INDOOR,0,2015-10-08 12:00:00,open_meteo_indoor_controlled_daily_values,NRG Stadium,29.6847,-95.4107,70.0,70.0,70.0,70.0,70.0,70.0,70.0,0.0,0.0,0.0,0.0,,,
2015_REG_05_JAX_TB_20151011,WTH_00081,75.8,0.008,10.9,WMO_51|PRECIP,0,2015-10-11 12:00:00,open_meteo_daily_by_venue_coordinates,Raymond James Stadium,27.9759,-82.5033,82.0,71.6,75.8,81.3,85.8,78.5,81.3,0.008,0.0,0.0,20.6,309.0,18.37,51.0
2015_REG_05_LAR_GB_20151011,WTH_00082,62.0,0.0,15.0,WMO_3,0,2015-10-11 12:00:00,open_meteo_daily_by_venue_coordinates,Lambeau Field,44.5013,-88.0622,75.4,55.1,62.0,56.5,73.6,48.8,56.5,0.0,0.0,0.0,28.9,228.0,14.71,3.0
2015_REG_05_NE_DAL_20151011,WTH_00083,70.0,0.0,0.0,INDOOR,0,2015-10-11 12:00:00,open_meteo_indoor_controlled_daily_values,AT&T Stadium,32.7473,-97.0945,70.0,70.0,70.0,70.0,70.0,70.0,70.0,0.0,0.0,0.0,0.0,,,
2015_REG_05_NO_PHI_20151011,WTH_00084,56.1,0.0,5.7,WMO_3,0,2015-10-11 12:00:00,open_meteo_daily_by_venue_coordinates,Lincoln Financial Field,39.9008,-75.1675,67.9,47.3,56.1,53.4,65.2,44.3,53.4,0.0,0.0,0.0,13.9,226.0,16.72,3.0
2015_REG_05_PIT_LAC_20151012,WTH_00085,79.2,0.0,6.8,WMO_3,0,2015-10-12 12:00:00,open_meteo_daily_by_venue_coordinates,Qualcomm Stadium,32.7831,-117.1195,91.2,70.9,79.2,82.6,93.5,74.5,82.6,0.0,0.0,0.0,21.7,35.0,13.56,3.0
2015_REG_05_SEA_CIN_20151011,WTH_00086,58.6,0.0,6.2,WMO_3,0,2015-10-11 12:00:00,open_meteo_daily_by_venue_coordinates,Paycor Stadium,39.0955,-84.516,71.9,47.3,58.6,56.3,69.5,43.9,56.3,0.0,0.0,0.0,15.7,211.0,17.23,3.0
2015_REG_05_SF_NYG_20151011,WTH_00087,55.0,0.0,7.2,WMO_3,0,2015-10-11 12:00:00,open_meteo_daily_by_venue_coordinates,MetLife Stadium,40.8135,-74.0745,67.3,45.0,55.0,51.8,63.5,41.8,51.8,0.0,0.0,0.0,15.9,221.0,16.29,3.0
2015_REG_05_WSH_ATL_20151011,WTH_00088,70.0,0.0,0.0,INDOOR,0,2015-10-11 12:00:00,open_meteo_indoor_controlled_daily_values,Georgia Dome,33.7573,-84.4008,70.0,70.0,70.0,70.0,70.0,70.0,70.0,0.0,0.0,0.0,0.0,,,
2015_REG_06_ARI_PIT_20151018,WTH_00089,39.6,0.043,12.7,WMO_51|PRECIP,0,2015-10-18 12:00:00,open_meteo_daily_by_venue_coordinates,Acrisure Stadium,40.4468,-80.0158,45.4,34.1,39.6,32.2,37.7,27.1,32.2,0.043,0.0,0.0,31.5,297.0,12.55,51.0
2015_REG_06_ATL_NO_20151015,WTH_00090,70.0,0.0,0.0,INDOOR,0,2015-10-15 12:00:00,open_meteo_indoor_controlled_daily_values,Caesars Superdome,29.9511,-90.0812,70.0,70.0,70.0,70.0,70.0,70.0,70.0,0.0,0.0,0.0,0.0,,,
2015_REG_06_BAL_SF_20151018,WTH_00091,62.5,0.004,8.6,WMO_51|PRECIP,0,2015-10-18 12:00:00,open_meteo_daily_by_venue_coordinates,Levi's Stadium,37.403,-121.97,68.6,56.8,62.5,62.8,67.5,57.0,62.8,0.004,0.0,0.0,20.1,274.0,12.06,51.0
2015_REG_06_CAR_SEA_20151018,WTH_00092,57.9,0.138,5.7,WMO_53|PRECIP,0,2015-10-18 12:00:00,open_meteo_daily_by_venue_coordinates,Lumen Field,47.5952,-122.3316,64.3,55.8,57.9,58.3,65.5,55.4,58.3,0.138,0.0,0.0,11.4,180.0,1.98,53.0
2015_REG_06_CHI_DET_20151018,WTH_00093,70.0,0.0,0.0,INDOOR,0,2015-10-18 12:00:00,open_meteo_indoor_controlled_daily_values,Ford Field,42.34,-83.0456,70.0,70.0,70.0,70.0,70.0,70.0,70.0,0.0,0.0,0.0,0.0,,,
2015_REG_06_CIN_BUF_20151018,WTH_00094,37.4,0.067,7.0,WMO_71|SNOW,1,2015-10-18 12:00:00,open_meteo_daily_by_venue_coordinates,Highmark Stadium,42.7738,-78.7868,42.2,33.7,37.4,31.5,36.1,28.3,31.5,0.059,0.055,0.0,24.2,314.0,11.25,71.0
2015_REG_06_DEN_CLE_20151018,WTH_00095,42.9,0.039,15.4,WMO_51|PRECIP,0,2015-10-18 12:00:00,open_meteo_daily_by_venue_coordinates,Huntington Bank Field,41.5061,-81.6995,45.9,40.5,42.9,33.4,37.8,30.3,33.4,0.039,0.0,0.0,33.6,314.0,11.33,51.0
2015_REG_06_HOU_JAX_20151018,WTH_00096,67.0,0.0,16.5,WMO_3,0,2015-10-18 12:00:00,open_meteo_daily_by_venue_coordinates,EverBank Stadium,30.3239,-81.6373,71.5,63.5,67.0,64.7,71.6,59.6,64.7,0.0,0.0,0.0,34.2,29.0,12.67,3.0
2015_REG_06_KC_MIN_20151018,WTH_00097,45.2,0.0,14.3,WMO_0,0,2015-10-18 12:00:00,open_meteo_daily_by_venue_coordinates,TCF Bank Stadium,44.976,-93.2247,59.8,34.5,45.2,38.2,50.1,28.3,38.2,0.0,0.0,0.0,29.3,167.0,13.53,0.0
2015_REG_06_LAC_GB_20151018,WTH_00098,40.2,0.0,7.4,WMO_3,0,2015-10-18 12:00:00,open_meteo_daily_by_venue_coordinates,Lambeau Field,44.5013,-88.0622,51.7,32.2,40.2,34.1,45.0,25.6,34.1,0.0,0.0,0.0,14.5,356.0,13.99,3.0
2015_REG_06_MIA_TEN_20151018,WTH_00099,49.8,0.0,7.3,WMO_0,0,2015-10-18 12:00:00,open_meteo_daily_by_venue_coordinates,Nissan Stadium,36.1665,-86.7713,60.2,40.4,49.8,43.3,54.0,34.2,43.3,0.0,0.0,0.0,19.0,27.0,17.86,0.0
2015_REG_06_NE_IND_20151018,WTH_00100,70.0,0.0,0.0,INDOOR,0,2015-10-18 12:00:00,open_meteo_indoor_controlled_daily_values,Lucas Oil Stadium,39.7601,-86.1639,70.0,70.0,70.0,70.0,70.0,70.0,70.0,0.0,0.0,0.0,0.0,,,
2015_REG_06_NYG_PHI_20151019,WTH_00101,41.5,0.0,7.6,WMO_0,0,2015-10-19 12:00:00,open_meteo_daily_by_venue_coordinates,Lincoln Financial Field,39.9008,-75.1675,52.5,31.4,41.5,35.2,45.3,25.1,35.2,0.0,0.0,0.0,15.9,290.0,15.62,0.0
2015_REG_06_WSH_NYJ_20151018,WTH_00102,42.8,0.0,13.0,WMO_2,0,2015-10-18 12:00:00,open_meteo_daily_by_venue_coordinates,MetLife Stadium,40.8135,-74.0745,47.8,37.2,42.8,34.0,37.5,30.0,34.0,0.0,0.0,0.0,27.5,321.0,14.42,2.0
2015_REG_07_ATL_TEN_20151025,WTH_00103,61.9,0.154,8.8,WMO_53|PRECIP,0,2015-10-25 12:00:00,open_meteo_daily_by_venue_coordinates,Nissan Stadium,36.1665,-86.7713,67.9,57.5,61.9,62.3,71.8,56.8,62.3,0.154,0.0,0.0,21.0,27.0,3.83,53.0
2015_REG_07_BAL_ARI_20151026,WTH_00104,70.0,0.0,0.0,INDOOR,0,2015-10-26 12:00:00,open_meteo_indoor_controlled_daily_values,State Farm Stadium,33.5276,-112.2626,70.0,70.0,70.0,70.0,70.0,70.0,70.0,0.0,0.0,0.0,0.0,,,
2015_REG_07_BUF_JAX_20151025,WTH_00105,45.4,0.0,7.7,WMO_3,0,2015-10-25 12:00:00,open_meteo_daily_by_venue_coordinates,Wembley Stadium,51.556,-0.2796,52.3,39.4,45.4,41.1,48.9,34.8,41.1,0.0,0.0,0.0,14.8,216.0,7.12,3.0
2015_REG_07_CLE_LAR_20151025,WTH_00106,70.0,0.0,0.0,INDOOR,0,2015-10-25 12:00:00,open_meteo_indoor_controlled_daily_values,Edward Jones Dome,38.6329,-90.1887,70.0,70.0,70.0,70.0,70.0,70.0,70.0,0.0,0.0,0.0,0.0,,,
2015_REG_07_DAL_NYG_20151025,WTH_00107,56.2,0.004,11.2,WMO_51|PRECIP,0,2015-10-25 12:00:00,open_meteo_daily_by_venue_coordinates,MetLife Stadium,40.8135,-74.0745,64.7,51.9,56.2,52.3,61.3,47.4,52.3,0.004,0.0,0.0,21.0,227.0,4.5,51.0
2015_REG_07_HOU_MIA_20151025,WTH_00108,78.5,0.016,11.9,WMO_51|PRECIP,0,2015-10-25 12:00:00,open_meteo_daily_by_venue_coordinates,Hard Rock Stadium,25.958,-80.2389,82.2,76.0,78.5,81.8,85.5,79.2,81.8,0.016,0.0,0.0,21.5,94.0,15.56,51.0
2015_REG_07_LV_LAC_20151025,WTH_00109,72.1,0.0,7.7,WMO_3,0,2015-10-25 12:00:00,open_meteo_daily_by_venue_coordinates,Qualcomm Stadium,32.7831,-117.1195,81.3,63.1,72.1,72.9,81.2,63.4,72.9,0.0,0.0,0.0,19.0,85.0,12.74,3.0
2015_REG_07_MIN_DET_20151025,WTH_00110,70.0,0.0,0.0,INDOOR,0,2015-10-25 12:00:00,open_meteo_indoor_controlled_daily_values,Ford Field,42.34,-83.0456,70.0,70.0,70.0,70.0,70.0,70.0,70.0,0.0,0.0,0.0,0.0,,,
2015_REG_07_NO_IND_20151025,WTH_00111,70.0,0.0,0.0,INDOOR,0,2015-10-25 12:00:00,open_meteo_indoor_controlled_daily_values,Lucas Oil Stadium,39.7601,-86.1639,70.0,70.0,70.0,70.0,70.0,70.0,70.0,0.0,0.0,0.0,0.0,,,
2015_REG_07_NYJ_NE_20151025,WTH_00112,52.3,0.008,10.0,WMO_51|PRECIP,0,2015-10-25 12:00:00,open_meteo_daily_by_venue_coordinates,Gillette Stadium,42.0909,-71.2643,59.7,46.4,52.3,48.0,56.9,42.0,48.0,0.008,0.0,0.0,21.9,213.0,2.79,51.0
2015_REG_07_PHI_CAR_20151025,WTH_00113,64.9,0.0,6.3,WMO_3,0,2015-10-25 12:00:00,open_meteo_daily_by_venue_coordinates,Bank of America Stadium,35.2258,-80.8528,75.1,56.5,64.9,66.4,77.7,56.8,66.4,0.0,0.0,0.0,15.0,235.0,10.67,3.0
2015_REG_07_PIT_KC_20151025,WTH_00114,54.7,0.0,6.7,WMO_3,0,2015-10-25 12:00:00,open_meteo_daily_by_venue_coordinates,Arrowhead Stadium,39.0489,-94.4839,63.1,46.4,54.7,50.1,57.5,41.8,50.1,0.0,0.0,0.0,16.1,51.0,15.14,3.0
2015_REG_07_SEA_SF_20151022,WTH_00115,68.2,0.0,5.0,WMO_0,0,2015-10-22 12:00:00,open_meteo_daily_by_venue_coordinates,Levi's Stadium,37.403,-121.97,78.6,62.0,68.2,68.4,77.6,63.1,68.4,0.0,0.0,0.0,14.8,145.0,16.07,0.0
2015_REG_07_TB_WSH_20151025,WTH_00116,59.3,0.071,10.4,WMO_53|PRECIP,0,2015-10-25 12:00:00,open_meteo_daily_by_venue_coordinates,Northwest Stadium,38.9078,-76.8644,69.5,54.3,59.3,55.7,66.5,50.2,55.7,0.071,0.0,0.0,24.6,225.0,8.4,53.0
2015_REG_08_ARI_CLE_20151101,WTH_00117,55.8,0.059,17.4,WMO_51|PRECIP,0,2015-11-01 12:00:00,open_meteo_daily_by_venue_coordinates,Huntington Bank Field,41.5061,-81.6995,62.3,53.0,55.8,48.8,55.3,45.9,48.8,0.059,0.0,0.0,30.4,222.0,11.32,51.0
2015_REG_08_CIN_PIT_20151101,WTH_00118,55.6,0.126,11.0,WMO_53|PRECIP,0,2015-11-01 12:00:00,open_meteo_daily_by_venue_coordinates,Acrisure Stadium,40.4468,-80.0158,63.4,51.2,55.6,51.2,57.8,46.7,51.2,0.126,0.0,0.0,26.2,216.0,6.76,53.0
2015_REG_08_DET_KC_20151101,WTH_00119,48.0,0.0,4.6,WMO_3,0,2015-11-01 12:00:00,open_meteo_daily_by_venue_coordinates,Wembley Stadium,51.556,-0.2796,52.0,44.5,48.0,46.5,51.6,42.1,46.5,0.0,0.0,0.0,8.1,136.0,3.65,3.0
2015_REG_08_GB_DEN_20151101,WTH_00120,51.2,0.0,7.9,WMO_2,0,2015-11-01 12:00:00,open_meteo_daily_by_venue_coordinates,Empower Field at Mile High,39.7439,-105.0201,68.0,39.4,51.2,44.6,62.3,31.6,44.6,0.0,0.0,0.0,17.7,237.0,11.96,2.0
2015_REG_08_IND_CAR_20151102,WTH_00121,60.5,2.87,8.6,WMO_65|PRECIP,1,2015-11-02 12:00:00,open_meteo_daily_by_venue_coordinates,Bank of America Stadium,35.2258,-80.8528,62.1,59.3,60.5,61.5,63.4,59.9,61.5,2.87,0.0,0.0,16.8,68.0,0.82,65.0
2015_REG_08_LAC_BAL_20151101,WTH_00122,57.3,0.051,12.8,WMO_51|PRECIP,0,2015-11-01 12:00:00,open_meteo_daily_by_venue_coordinates,M&T Bank Stadium,39.278,-76.6227,68.1,50.8,57.3,52.8,65.6,45.6,52.8,0.051,0.0,0.0,22.6,206.0,9.75,51.0
2015_REG_08_MIA_NE_20151029,WTH_00123,63.2,1.031,18.0,WMO_63|PRECIP,1,2015-10-29 12:00:00,open_meteo_daily_by_venue_coordinates,Gillette Stadium,42.0909,-71.2643,70.3,53.9,63.2,60.8,67.2,48.3,60.8,1.031,0.0,0.0,53.5,194.0,6.36,63.0
2015_REG_08_MIN_CHI_20151101,WTH_00124,52.9,0.028,13.9,WMO_53|PRECIP,0,2015-11-01 12:00:00,open_meteo_daily_by_venue_coordinates,Soldier Field,41.8623,-87.6167,59.9,47.8,52.9,47.2,56.0,41.0,47.2,0.028,0.0,0.0,26.2,243.0,12.63,53.0
2015_REG_08_NYG_NO_20151101,WTH_00125,70.0,0.0,0.0,INDOOR,0,2015-11-01 12:00:00,open_meteo_indoor_controlled_daily_values,Caesars Superdome,29.9511,-90.0812,70.0,70.0,70.0,70.0,70.0,70.0,70.0,0.0,0.0,0.0,0.0,,,
2015_REG_08_NYJ_LV_20151101,WTH_00126,63.8,0.004,8.1,WMO_51|PRECIP,0,2015-11-01 12:00:00,open_meteo_daily_by_venue_coordinates,O.co Coliseum,37.7516,-122.2005,71.6,58.6,63.8,63.8,71.5,58.9,63.8,0.004,0.0,0.0,18.3,263.0,10.62,51.0
2015_REG_08_SEA_DAL_20151101,WTH_00127,70.0,0.0,0.0,INDOOR,0,2015-11-01 12:00:00,open_meteo_indoor_controlled_daily_values,AT&T Stadium,32.7473,-97.0945,70.0,70.0,70.0,70.0,70.0,70.0,70.0,0.0,0.0,0.0,0.0,,,
2015_REG_08_SF_LAR_20151101,WTH_00128,70.0,0.0,0.0,INDOOR,0,2015-11-01 12:00:00,open_meteo_indoor_controlled_daily_values,Edward Jones Dome,38.6329,-90.1887,70.0,70.0,70.0,70.0,70.0,70.0,70.0,0.0,0.0,0.0,0.0,,,
2015_REG_08_TB_ATL_20151101,WTH_00129,70.0,0.0,0.0,INDOOR,0,2015-11-01 12:00:00,open_meteo_indoor_controlled_daily_values,Georgia Dome,33.7573,-84.4008,70.0,70.0,70.0,70.0,70.0,70.0,70.0,0.0,0.0,0.0,0.0,,,
2015_REG_08_TEN_HOU_20151101,WTH_00130,70.0,0.0,0.0,INDOOR,0,2015-11-01 12:00:00,open_meteo_indoor_controlled_daily_values,NRG Stadium,29.6847,-95.4107,70.0,70.0,70.0,70.0,70.0,70.0,70.0,0.0,0.0,0.0,0.0,,,
2015_REG_09_ATL_SF_20151108,WTH_00131,56.5,0.142,5.2,WMO_61|PRECIP,0,2015-11-08 12:00:00,open_meteo_daily_by_venue_coordinates,Levi's Stadium,37.403,-121.97,65.8,51.9,56.5,55.5,63.5,50.2,55.5,0.142,0.0,0.0,15.9,199.0,6.05,61.0
2015_REG_09_CHI_LAC_20151109,WTH_00132,62.8,0.008,9.3,WMO_51|PRECIP,0,2015-11-09 12:00:00,open_meteo_daily_by_venue_coordinates,Qualcomm Stadium,32.7831,-117.1195,68.3,57.2,62.8,62.7,66.7,57.4,62.7,0.008,0.0,0.0,19.9,194.0,11.98,51.0
2015_REG_09_CLE_CIN_20151105,WTH_00133,65.7,0.0,8.3,WMO_3,0,2015-11-05 12:00:00,open_meteo_daily_by_venue_coordinates,Paycor Stadium,39.0955,-84.516,74.2,61.1,65.7,67.2,74.5,62.7,67.2,0.0,0.0,0.0,19.0,178.0,7.46,3.0
2015_REG_09_DEN_IND_20151108,WTH_00134,70.0,0.0,0.0,INDOOR,0,2015-11-08 12:00:00,open_meteo_indoor_controlled_daily_values,Lucas Oil Stadium,39.7601,-86.1639,70.0,70.0,70.0,70.0,70.0,70.0,70.0,0.0,0.0,0.0,0.0,,,
2015_REG_09_GB_CAR_20151108,WTH_00135,55.3,0.008,11.8,WMO_51|PRECIP,0,2015-11-08 12:00:00,open_meteo_daily_by_venue_coordinates,Bank of America Stadium,35.2258,-80.8528,66.2,51.5,55.3,49.6,69.2,45.7,49.6,0.008,0.0,0.0,25.1,34.0,2.75,51.0
2015_REG_09_JAX_NYJ_20151108,WTH_00136,51.1,0.0,10.9,WMO_3,0,2015-11-08 12:00:00,open_meteo_daily_by_venue_coordinates,MetLife Stadium,40.8135,-74.0745,55.8,44.9,51.1,44.8,50.2,39.0,44.8,0.0,0.0,0.0,20.6,309.0,12.25,3.0
2015_REG_09_LAR_MIN_20151108,WTH_00137,45.7,0.0,14.8,WMO_0,0,2015-11-08 12:00:00,open_meteo_daily_by_venue_coordinates,TCF Bank Stadium,44.976,-93.2247,56.8,40.6,45.7,36.8,47.6,31.9,36.8,0.0,0.0,0.0,30.0,197.0,10.12,0.0
2015_REG_09_LV_PIT_20151108,WTH_00138,45.2,0.0,8.2,WMO_2,0,2015-11-08 12:00:00,open_meteo_daily_by_venue_coordinates,Acrisure Stadium,40.4468,-80.0158,51.6,37.4,45.2,39.9,47.2,32.2,39.9,0.0,0.0,0.0,17.0,308.0,12.23,2.0
2015_REG_09_MIA_BUF_20151108,WTH_00139,43.0,0.0,9.4,WMO_2,0,2015-11-08 12:00:00,open_meteo_daily_by_venue_coordinates,Highmark Stadium,42.7738,-78.7868,46.9,40.0,43.0,36.4,40.0,33.6,36.4,0.0,0.0,0.0,23.3,277.0,9.23,2.0
2015_REG_09_NYG_TB_20151108,WTH_00140,78.5,0.008,7.9,WMO_51|PRECIP,0,2015-11-08 12:00:00,open_meteo_daily_by_venue_coordinates,Raymond James Stadium,27.9759,-82.5033,86.5,73.4,78.5,84.8,90.8,79.2,84.8,0.008,0.0,0.0,15.0,141.0,11.71,51.0
2015_REG_09_PHI_DAL_20151108,WTH_00141,70.0,0.0,0.0,INDOOR,0,2015-11-08 12:00:00,open_meteo_indoor_controlled_daily_values,AT&T Stadium,32.7473,-97.0945,70.0,70.0,70.0,70.0,70.0,70.0,70.0,0.0,0.0,0.0,0.0,,,
2015_REG_09_TEN_NO_20151108,WTH_00142,70.0,0.0,0.0,INDOOR,0,2015-11-08 12:00:00,open_meteo_indoor_controlled_daily_values,Caesars Superdome,29.9511,-90.0812,70.0,70.0,70.0,70.0,70.0,70.0,70.0,0.0,0.0,0.0,0.0,,,
2015_REG_09_WSH_NE_20151108,WTH_00143,48.5,0.0,9.8,WMO_3,0,2015-11-08 12:00:00,open_meteo_daily_by_venue_coordinates,Gillette Stadium,42.0909,-71.2643,53.9,43.0,48.5,41.3,45.7,36.1,41.3,0.0,0.0,0.0,25.1,297.0,11.39,3.0
2015_REG_10_ARI_SEA_20151115,WTH_00144,42.4,1.059,12.5,WMO_73|SNOW,1,2015-11-15 12:00:00,open_meteo_daily_by_venue_coordinates,Lumen Field,47.5952,-122.3316,45.9,39.1,42.4,37.1,42.8,32.7,37.1,1.004,0.386,0.033,26.6,354.0,4.07,73.0
2015_REG_10_BUF_NYJ_20151112,WTH_00145,51.8,0.15,9.8,WMO_55|PRECIP,0,2015-11-12 12:00:00,open_meteo_daily_by_venue_coordinates,MetLife Stadium,40.8135,-74.0745,55.6,47.8,51.8,49.3,52.7,45.2,49.3,0.15,0.0,0.0,24.2,154.0,2.03,55.0
2015_REG_10_CAR_TEN_20151115,WTH_00146,49.1,0.0,5.5,WMO_3,0,2015-11-15 12:00:00,open_meteo_daily_by_venue_coordinates,Nissan Stadium,36.1665,-86.7713,60.2,41.0,49.1,44.5,54.8,36.6,44.5,0.0,0.0,0.0,12.5,134.0,10.23,3.0
2015_REG_10_CHI_LAR_20151115,WTH_00147,70.0,0.0,0.0,INDOOR,0,2015-11-15 12:00:00,open_meteo_indoor_controlled_daily_values,Edward Jones Dome,38.6329,-90.1887,70.0,70.0,70.0,70.0,70.0,70.0,70.0,0.0,0.0,0.0,0.0,,,
2015_REG_10_CLE_PIT_20151115,WTH_00148,44.2,0.0,8.7,WMO_2,0,2015-11-15 12:00:00,open_meteo_daily_by_venue_coordinates,Acrisure Stadium,40.4468,-80.0158,59.1,36.9,44.2,37.3,53.2,29.2,37.3,0.0,0.0,0.0,21.3,230.0,11.15,2.0
2015_REG_10_DAL_TB_20151115,WTH_00149,71.5,0.0,14.0,WMO_3,0,2015-11-15 12:00:00,open_meteo_daily_by_venue_coordinates,Raymond James Stadium,27.9759,-82.5033,78.6,66.9,71.5,69.1,76.5,64.3,69.1,0.0,0.0,0.0,25.7,66.0,11.07,3.0
2015_REG_10_DET_GB_20151115,WTH_00150,46.7,0.0,10.3,WMO_3,0,2015-11-15 12:00:00,open_meteo_daily_by_venue_coordinates,Lambeau Field,44.5013,-88.0622,58.7,39.8,46.7,40.8,53.6,34.4,40.8,0.0,0.0,0.0,19.7,232.0,9.15,3.0
2015_REG_10_HOU_CIN_20151116,WTH_00151,47.9,0.0,5.8,WMO_3,0,2015-11-16 12:00:00,open_meteo_daily_by_venue_coordinates,Paycor Stadium,39.0955,-84.516,57.4,38.6,47.9,43.2,52.5,33.1,43.2,0.0,0.0,0.0,12.3,175.0,7.96,3.0
2015_REG_10_JAX_BAL_20151115,WTH_00152,45.5,0.0,10.8,WMO_3,0,2015-11-15 12:00:00,open_meteo_daily_by_venue_coordinates,M&T Bank Stadium,39.278,-76.6227,61.6,34.8,45.5,38.4,55.1,27.4,38.4,0.0,0.0,0.0,19.5,258.0,11.62,3.0
2015_REG_10_KC_DEN_20151115,WTH_00153,36.5,0.0,6.5,WMO_3,0,2015-11-15 12:00:00,open_meteo_daily_by_venue_coordinates,Empower Field at Mile High,39.7439,-105.0201,58.6,23.7,36.5,29.2,51.7,15.1,29.2,0.0,0.0,0.131,16.1,231.0,12.63,3.0
2015_REG_10_MIA_PHI_20151115,WTH_00154,44.2,0.0,10.1,WMO_3,0,2015-11-15 12:00:00,open_meteo_daily_by_venue_coordinates,Lincoln Financial Field,39.9008,-75.1675,58.9,33.6,44.2,37.3,51.6,27.5,37.3,0.0,0.0,0.0,21.5,261.0,11.19,3.0
2015_REG_10_MIN_LV_20151115,WTH_00155,54.5,0.358,21.2,WMO_63|PRECIP|WINDY,1,2015-11-15 12:00:00,open_meteo_daily_by_venue_coordinates,O.co Coliseum,37.7516,-122.2005,62.0,52.1,54.5,49.3,57.9,46.1,49.3,0.358,0.0,0.0,43.2,252.0,11.3,63.0
2015_REG_10_NE_NYG_20151115,WTH_00156,44.2,0.0,10.3,WMO_2,0,2015-11-15 12:00:00,open_meteo_daily_by_venue_coordinates,MetLife Stadium,40.8135,-74.0745,57.1,36.1,44.2,37.0,50.3,29.7,37.0,0.0,0.0,0.0,19.7,259.0,10.84,2.0
2015_REG_10_NO_WSH_20151115,WTH_00157,46.0,0.0,9.4,WMO_2,0,2015-11-15 12:00:00,open_meteo_daily_by_venue_coordinates,Northwest Stadium,38.9078,-76.8644,61.8,35.9,46.0,39.3,55.6,28.9,39.3,0.0,0.0,0.0,19.9,256.0,11.8,2.0
2015_REG_11_BUF_NE_20151123,WTH_00158,36.8,0.657,11.9,WMO_73|SNOW,1,2015-11-23 12:00:00,open_meteo_daily_by_venue_coordinates,Gillette Stadium,42.0909,-71.2643,42.4,32.8,36.8,28.3,37.2,23.2,28.3,0.602,0.386,0.033,28.9,332.0,10.03,73.0
2015_REG_11_CIN_ARI_20151122,WTH_00159,70.0,0.0,0.0,INDOOR,0,2015-11-22 12:00:00,open_meteo_indoor_controlled_daily_values,State Farm Stadium,33.5276,-112.2626,70.0,70.0,70.0,70.0,70.0,70.0,70.0,0.0,0.0,0.0,0.0,,,
2015_REG_11_DAL_MIA_20151122,WTH_00160,75.4,1.063,13.1,WMO_63|PRECIP,1,2015-11-22 12:00:00,open_meteo_daily_by_venue_coordinates,Hard Rock Stadium,25.958,-80.2389,78.4,72.9,75.4,80.3,83.1,76.4,80.3,1.063,0.0,0.0,26.2,217.0,7.57,63.0
2015_REG_11_DEN_CHI_20151122,WTH_00161,23.4,0.008,17.1,WMO_71|SNOW,1,2015-11-22 12:00:00,open_meteo_daily_by_venue_coordinates,Soldier Field,41.8623,-87.6167,31.2,17.3,23.4,13.4,19.5,7.8,13.4,0.0,0.083,0.23,33.8,272.0,9.83,71.0
2015_REG_11_GB_MIN_20151122,WTH_00162,25.0,0.0,8.7,WMO_71|SNOW,1,2015-11-22 12:00:00,open_meteo_daily_by_venue_coordinates,TCF Bank Stadium,44.976,-93.2247,32.5,20.3,25.0,16.9,23.4,12.3,16.9,0.0,0.055,0.033,17.9,178.0,7.19,71.0
2015_REG_11_IND_ATL_20151122,WTH_00163,70.0,0.0,0.0,INDOOR,0,2015-11-22 12:00:00,open_meteo_indoor_controlled_daily_values,Georgia Dome,33.7573,-84.4008,70.0,70.0,70.0,70.0,70.0,70.0,70.0,0.0,0.0,0.0,0.0,,,
2015_REG_11_KC_LAC_20151122,WTH_00164,70.2,0.0,8.4,WMO_0,0,2015-11-22 12:00:00,open_meteo_daily_by_venue_coordinates,Qualcomm Stadium,32.7831,-117.1195,83.6,58.4,70.2,64.1,78.9,51.3,64.1,0.0,0.0,0.0,18.8,68.0,14.4,0.0
2015_REG_11_LAR_BAL_20151122,WTH_00165,46.2,0.0,15.1,WMO_3,0,2015-11-22 12:00:00,open_meteo_daily_by_venue_coordinates,M&T Bank Stadium,39.278,-76.6227,49.2,42.8,46.2,38.0,43.2,32.7,38.0,0.0,0.0,0.0,24.4,307.0,5.28,3.0
2015_REG_11_LV_DET_20151122,WTH_00166,70.0,0.0,0.0,INDOOR,0,2015-11-22 12:00:00,open_meteo_indoor_controlled_daily_values,Ford Field,42.34,-83.0456,70.0,70.0,70.0,70.0,70.0,70.0,70.0,0.0,0.0,0.0,0.0,,,
2015_REG_11_NYJ_HOU_20151122,WTH_00167,70.0,0.0,0.0,INDOOR,0,2015-11-22 12:00:00,open_meteo_indoor_controlled_daily_values,NRG Stadium,29.6847,-95.4107,70.0,70.0,70.0,70.0,70.0,70.0,70.0,0.0,0.0,0.0,0.0,,,
2015_REG_11_SF_SEA_20151122,WTH_00168,36.7,0.0,7.1,WMO_1,0,2015-11-22 12:00:00,open_meteo_daily_by_venue_coordinates,Lumen Field,47.5952,-122.3316,46.2,31.1,36.7,30.6,41.7,24.1,30.6,0.0,0.0,0.0,13.4,37.0,7.03,1.0
2015_REG_11_TB_PHI_20151122,WTH_00169,47.3,0.0,11.4,WMO_3,0,2015-11-22 12:00:00,open_meteo_daily_by_venue_coordinates,Lincoln Financial Field,39.9008,-75.1675,49.4,45.6,47.3,40.8,45.4,36.7,40.8,0.0,0.0,0.0,23.3,304.0,3.97,3.0
2015_REG_11_TEN_JAX_20151119,WTH_00170,73.5,0.15,10.4,WMO_53|PRECIP,0,2015-11-19 12:00:00,open_meteo_daily_by_venue_coordinates,EverBank Stadium,30.3239,-81.6373,78.3,71.3,73.5,79.2,83.8,76.2,79.2,0.15,0.0,0.0,21.3,178.0,5.08,53.0
2015_REG_11_WSH_CAR_20151122,WTH_00171,48.9,0.02,9.7,WMO_51|PRECIP,0,2015-11-22 12:00:00,open_meteo_daily_by_venue_coordinates,Bank of America Stadium,35.2258,-80.8528,52.4,45.6,48.9,43.4,48.7,38.6,43.4,0.02,0.0,0.0,22.1,345.0,7.25,51.0
2015_REG_12_ARI_SF_20151129,WTH_00172,48.0,0.0,5.3,WMO_3,0,2015-11-29 12:00:00,open_meteo_daily_by_venue_coordinates,Levi's Stadium,37.403,-121.97,58.2,41.3,48.0,43.5,53.4,36.5,43.5,0.0,0.0,0.0,9.8,69.0,11.69,3.0
2015_REG_12_BAL_CLE_20151130,WTH_00173,37.2,0.0,11.6,WMO_3,0,2015-11-30 12:00:00,open_meteo_daily_by_venue_coordinates,Huntington Bank Field,41.5061,-81.6995,45.9,31.2,37.2,28.9,38.7,22.1,28.9,0.0,0.0,0.0,19.0,84.0,9.22,3.0
2015_REG_12_BUF_KC_20151129,WTH_00174,34.8,0.575,7.9,WMO_61|PRECIP,1,2015-11-29 12:00:00,open_meteo_daily_by_venue_coordinates,Arrowhead Stadium,39.0489,-94.4839,36.3,33.6,34.8,28.1,29.6,26.3,28.1,0.575,0.0,0.0,17.7,43.0,0.68,61.0
2015_REG_12_CAR_DAL_20151126,WTH_00175,70.0,0.0,0.0,INDOOR,0,2015-11-26 12:00:00,open_meteo_indoor_controlled_daily_values,AT&T Stadium,32.7473,-97.0945,70.0,70.0,70.0,70.0,70.0,70.0,70.0,0.0,0.0,0.0,0.0,,,
2015_REG_12_CHI_GB_20151126,WTH_00176,47.4,0.531,12.2,WMO_63|PRECIP,1,2015-11-26 12:00:00,open_meteo_daily_by_venue_coordinates,Lambeau Field,44.5013,-88.0622,49.8,45.8,47.4,43.1,47.6,37.6,43.1,0.531,0.0,0.0,23.5,201.0,0.7,63.0
2015_REG_12_LAC_JAX_20151129,WTH_00177,66.4,0.0,6.3,WMO_2,0,2015-11-29 12:00:00,open_meteo_daily_by_venue_coordinates,EverBank Stadium,30.3239,-81.6373,73.8,61.4,66.4,68.1,75.0,62.8,68.1,0.0,0.0,0.0,15.7,37.0,12.7,2.0
2015_REG_12_LAR_CIN_20151129,WTH_00178,43.2,0.406,7.6,WMO_55|PRECIP,0,2015-11-29 12:00:00,open_meteo_daily_by_venue_coordinates,Paycor Stadium,39.0955,-84.516,46.5,40.7,43.2,37.9,40.8,35.1,37.9,0.406,0.0,0.0,16.6,34.0,2.44,55.0
2015_REG_12_LV_TEN_20151129,WTH_00179,58.0,0.909,6.5,WMO_63|PRECIP,1,2015-11-29 12:00:00,open_meteo_daily_by_venue_coordinates,Nissan Stadium,36.1665,-86.7713,60.5,54.4,58.0,58.7,62.6,53.0,58.7,0.909,0.0,0.0,15.9,41.0,0.89,63.0
2015_REG_12_MIA_NYJ_20151129,WTH_00180,43.8,0.004,7.6,WMO_51|PRECIP,0,2015-11-29 12:00:00,open_meteo_daily_by_venue_coordinates,MetLife Stadium,40.8135,-74.0745,48.1,39.9,43.8,37.9,44.5,33.0,37.9,0.004,0.0,0.0,15.7,6.0,7.92,51.0
2015_REG_12_MIN_ATL_20151129,WTH_00181,70.0,0.0,0.0,INDOOR,0,2015-11-29 12:00:00,open_meteo_indoor_controlled_daily_values,Georgia Dome,33.7573,-84.4008,70.0,70.0,70.0,70.0,70.0,70.0,70.0,0.0,0.0,0.0,0.0,,,
2015_REG_12_NE_DEN_20151129,WTH_00182,14.3,0.0,3.8,WMO_3,1,2015-11-29 12:00:00,open_meteo_daily_by_venue_coordinates,Empower Field at Mile High,39.7439,-105.0201,25.0,3.9,14.3,7.2,18.2,-3.4,7.2,0.0,0.0,0.328,8.3,138.0,10.58,3.0
2015_REG_12_NO_HOU_20151129,WTH_00183,70.0,0.0,0.0,INDOOR,0,2015-11-29 12:00:00,open_meteo_indoor_controlled_daily_values,NRG Stadium,29.6847,-95.4107,70.0,70.0,70.0,70.0,70.0,70.0,70.0,0.0,0.0,0.0,0.0,,,
2015_REG_12_NYG_WSH_20151129,WTH_00184,49.1,0.339,8.2,WMO_55|PRECIP,0,2015-11-29 12:00:00,open_meteo_daily_by_venue_coordinates,Northwest Stadium,38.9078,-76.8644,58.4,44.7,49.1,45.7,57.6,39.7,45.7,0.339,0.0,0.0,17.7,26.0,1.0,55.0
2015_REG_12_PHI_DET_20151126,WTH_00185,70.0,0.0,0.0,INDOOR,0,2015-11-26 12:00:00,open_meteo_indoor_controlled_daily_values,Ford Field,42.34,-83.0456,70.0,70.0,70.0,70.0,70.0,70.0,70.0,0.0,0.0,0.0,0.0,,,
2015_REG_12_PIT_SEA_20151129,WTH_00186,32.2,0.0,5.4,WMO_2,0,2015-11-29 12:00:00,open_meteo_daily_by_venue_coordinates,Lumen Field,47.5952,-122.3316,40.1,27.2,32.2,26.2,35.0,20.1,26.2,0.0,0.0,0.0,9.6,101.0,5.96,2.0
2015_REG_12_TB_IND_20151129,WTH_00187,70.0,0.0,0.0,INDOOR,0,2015-11-29 12:00:00,open_meteo_indoor_controlled_daily_values,Lucas Oil Stadium,39.7601,-86.1639,70.0,70.0,70.0,70.0,70.0,70.0,70.0,0.0,0.0,0.0,0.0,,,
2015_REG_13_ARI_LAR_20151206,WTH_00188,70.0,0.0,0.0,INDOOR,0,2015-12-06 12:00:00,open_meteo_indoor_controlled_daily_values,Edward Jones Dome,38.6329,-90.1887,70.0,70.0,70.0,70.0,70.0,70.0,70.0,0.0,0.0,0.0,0.0,,,
2015_REG_13_ATL_TB_20151206,WTH_00189,71.3,0.0,13.7,WMO_3,0,2015-12-06 12:00:00,open_meteo_daily_by_venue_coordinates,Raymond James Stadium,27.9759,-82.5033,78.0,67.5,71.3,70.9,78.5,66.3,70.9,0.0,0.0,0.0,25.9,52.0,10.2,3.0
2015_REG_13_BAL_MIA_20151206,WTH_00190,76.0,0.169,15.8,WMO_53|PRECIP,0,2015-12-06 12:00:00,open_meteo_daily_by_venue_coordinates,Hard Rock Stadium,25.958,-80.2389,78.1,74.6,76.0,78.0,79.6,76.3,78.0,0.169,0.0,0.0,30.6,53.0,8.45,53.0
2015_REG_13_CAR_NO_20151206,WTH_00191,70.0,0.0,0.0,INDOOR,0,2015-12-06 12:00:00,open_meteo_indoor_controlled_daily_values,Caesars Superdome,29.9511,-90.0812,70.0,70.0,70.0,70.0,70.0,70.0,70.0,0.0,0.0,0.0,0.0,,,
2015_REG_13_CIN_CLE_20151206,WTH_00192,36.9,0.0,8.7,WMO_3,0,2015-12-06 12:00:00,open_meteo_daily_by_venue_coordinates,Huntington Bank Field,41.5061,-81.6995,46.7,31.2,36.9,30.4,41.1,23.9,30.4,0.0,0.0,0.0,16.1,178.0,6.93,3.0
2015_REG_13_DAL_WSH_20151207,WTH_00193,41.5,0.0,5.2,WMO_3,0,2015-12-07 12:00:00,open_meteo_daily_by_venue_coordinates,Northwest Stadium,38.9078,-76.8644,55.3,32.1,41.5,36.6,51.0,26.5,36.6,0.0,0.0,0.0,10.7,261.0,9.34,3.0
2015_REG_13_DEN_LAC_20151206,WTH_00194,61.2,0.0,9.3,WMO_3,0,2015-12-06 12:00:00,open_meteo_daily_by_venue_coordinates,Qualcomm Stadium,32.7831,-117.1195,78.2,52.8,61.2,56.2,73.5,46.0,56.2,0.0,0.0,0.0,22.6,57.0,12.51,3.0
2015_REG_13_GB_DET_20151203,WTH_00195,70.0,0.0,0.0,INDOOR,0,2015-12-03 12:00:00,open_meteo_indoor_controlled_daily_values,Ford Field,42.34,-83.0456,70.0,70.0,70.0,70.0,70.0,70.0,70.0,0.0,0.0,0.0,0.0,,,
2015_REG_13_HOU_BUF_20151206,WTH_00196,37.9,0.0,6.5,WMO_3,0,2015-12-06 12:00:00,open_meteo_daily_by_venue_coordinates,Highmark Stadium,42.7738,-78.7868,47.4,33.2,37.9,32.0,41.6,26.9,32.0,0.0,0.0,0.0,13.2,192.0,6.69,3.0
2015_REG_13_IND_PIT_20151206,WTH_00197,35.4,0.0,4.8,WMO_3,0,2015-12-06 12:00:00,open_meteo_daily_by_venue_coordinates,Acrisure Stadium,40.4468,-80.0158,49.8,26.1,35.4,30.1,45.1,20.5,30.1,0.0,0.0,0.0,8.9,119.0,8.32,3.0
2015_REG_13_JAX_TEN_20151206,WTH_00198,45.2,0.0,6.7,WMO_3,0,2015-12-06 12:00:00,open_meteo_daily_by_venue_coordinates,Nissan Stadium,36.1665,-86.7713,59.2,36.3,45.2,40.2,55.4,29.7,40.2,0.0,0.0,0.0,15.4,159.0,9.68,3.0
2015_REG_13_KC_LV_20151206,WTH_00199,53.2,0.075,9.6,WMO_53|PRECIP,0,2015-12-06 12:00:00,open_meteo_daily_by_venue_coordinates,O.co Coliseum,37.7516,-122.2005,63.3,48.2,53.2,49.7,62.7,44.0,49.7,0.075,0.0,0.0,20.4,161.0,4.4,53.0
2015_REG_13_NYJ_NYG_20151206,WTH_00200,40.2,0.0,4.6,WMO_3,0,2015-12-06 12:00:00,open_meteo_daily_by_venue_coordinates,MetLife Stadium,40.8135,-74.0745,51.9,32.6,40.2,35.2,47.1,27.6,35.2,0.0,0.0,0.0,10.1,250.0,9.21,3.0
2015_REG_13_PHI_NE_20151206,WTH_00201,40.3,0.0,7.7,WMO_0,0,2015-12-06 12:00:00,open_meteo_daily_by_venue_coordinates,Gillette Stadium,42.0909,-71.2643,53.7,32.6,40.3,34.5,48.2,26.3,34.5,0.0,0.0,0.0,17.7,230.0,8.64,0.0
2015_REG_13_SEA_MIN_20151206,WTH_00202,36.1,0.004,6.7,WMO_51|PRECIP,0,2015-12-06 12:00:00,open_meteo_daily_by_venue_coordinates,TCF Bank Stadium,44.976,-93.2247,38.5,33.0,36.1,30.6,32.5,27.4,30.6,0.004,0.0,0.164,13.9,244.0,3.05,51.0
2015_REG_13_SF_CHI_20151206,WTH_00203,38.4,0.008,10.7,WMO_51|PRECIP,0,2015-12-06 12:00:00,open_meteo_daily_by_venue_coordinates,Soldier Field,41.8623,-87.6167,45.2,34.3,38.4,31.7,41.5,26.7,31.7,0.008,0.0,0.0,17.4,185.0,8.64,51.0
2015_REG_14_ATL_CAR_20151213,WTH_00204,58.3,0.0,7.1,WMO_3,0,2015-12-13 12:00:00,open_meteo_daily_by_venue_coordinates,Bank of America Stadium,35.2258,-80.8528,68.2,50.5,58.3,58.0,67.5,48.5,58.0,0.0,0.0,0.0,18.3,206.0,8.53,3.0
2015_REG_14_BUF_PHI_20151213,WTH_00205,58.4,0.0,6.4,WMO_3,0,2015-12-13 12:00:00,open_meteo_daily_by_venue_coordinates,Lincoln Financial Field,39.9008,-75.1675,70.6,51.0,58.4,58.4,72.3,48.8,58.4,0.0,0.0,0.0,9.4,237.0,7.24,3.0
2015_REG_14_DAL_GB_20151213,WTH_00206,46.8,0.61,13.7,WMO_61|PRECIP,1,2015-12-13 12:00:00,open_meteo_daily_by_venue_coordinates,Lambeau Field,44.5013,-88.0622,57.7,41.1,46.8,42.4,55.6,35.3,42.4,0.61,0.0,0.0,36.5,105.0,0.64,61.0
2015_REG_14_DET_LAR_20151213,WTH_00207,70.0,0.0,0.0,INDOOR,0,2015-12-13 12:00:00,open_meteo_indoor_controlled_daily_values,Edward Jones Dome,38.6329,-90.1887,70.0,70.0,70.0,70.0,70.0,70.0,70.0,0.0,0.0,0.0,0.0,,,
2015_REG_14_IND_JAX_20151213,WTH_00208,68.4,0.0,10.7,WMO_3,0,2015-12-13 12:00:00,open_meteo_daily_by_venue_coordinates,EverBank Stadium,30.3239,-81.6373,76.6,62.6,68.4,70.5,77.3,64.7,70.5,0.0,0.0,0.0,23.3,89.0,9.06,3.0
2015_REG_14_LAC_KC_20151213,WTH_00209,61.6,1.169,13.6,WMO_63|PRECIP,1,2015-12-13 12:00:00,open_meteo_daily_by_venue_coordinates,Arrowhead Stadium,39.0489,-94.4839,62.9,59.3,61.6,60.1,63.7,56.4,60.1,1.169,0.0,0.0,37.6,151.0,0.71,63.0
2015_REG_14_LV_DEN_20151213,WTH_00210,28.3,0.024,6.5,WMO_71|SNOW,1,2015-12-13 12:00:00,open_meteo_daily_by_venue_coordinates,Empower Field at Mile High,39.7439,-105.0201,44.4,17.8,28.3,21.4,38.1,9.0,21.4,0.0,0.248,0.164,14.3,290.0,9.62,71.0
2015_REG_14_MIN_ARI_20151210,WTH_00211,70.0,0.0,0.0,INDOOR,0,2015-12-10 12:00:00,open_meteo_indoor_controlled_daily_values,State Farm Stadium,33.5276,-112.2626,70.0,70.0,70.0,70.0,70.0,70.0,70.0,0.0,0.0,0.0,0.0,,,
2015_REG_14_NE_HOU_20151213,WTH_00212,70.0,0.0,0.0,INDOOR,0,2015-12-13 12:00:00,open_meteo_indoor_controlled_daily_values,NRG Stadium,29.6847,-95.4107,70.0,70.0,70.0,70.0,70.0,70.0,70.0,0.0,0.0,0.0,0.0,,,
2015_REG_14_NO_TB_20151213,WTH_00213,72.8,0.0,13.9,WMO_3,0,2015-12-13 12:00:00,open_meteo_daily_by_venue_coordinates,Raymond James Stadium,27.9759,-82.5033,80.5,66.7,72.8,74.8,81.1,69.2,74.8,0.0,0.0,0.0,25.9,93.0,8.89,3.0
2015_REG_14_NYG_MIA_20151214,WTH_00214,77.2,0.028,13.9,WMO_51|PRECIP,0,2015-12-14 12:00:00,open_meteo_daily_by_venue_coordinates,Hard Rock Stadium,25.958,-80.2389,80.0,75.6,77.2,80.9,83.8,78.5,80.9,0.028,0.0,0.0,22.6,164.0,12.59,51.0
2015_REG_14_PIT_CIN_20151213,WTH_00215,60.3,0.0,8.1,WMO_3,0,2015-12-13 12:00:00,open_meteo_daily_by_venue_coordinates,Paycor Stadium,39.0955,-84.516,63.8,56.8,60.3,59.4,63.8,55.4,59.4,0.0,0.0,0.0,16.8,168.0,3.05,3.0
2015_REG_14_SEA_BAL_20151213,WTH_00216,57.4,0.0,5.8,WMO_3,0,2015-12-13 12:00:00,open_meteo_daily_by_venue_coordinates,M&T Bank Stadium,39.278,-76.6227,67.8,51.4,57.4,57.2,69.7,49.6,57.2,0.0,0.0,0.0,8.7,220.0,7.02,3.0
2015_REG_14_SF_CLE_20151213,WTH_00217,59.8,0.043,11.0,WMO_51|PRECIP,0,2015-12-13 12:00:00,open_meteo_daily_by_venue_coordinates,Huntington Bank Field,41.5061,-81.6995,63.7,56.8,59.8,58.8,62.8,54.6,58.8,0.043,0.0,0.0,18.8,188.0,3.59,51.0
2015_REG_14_TEN_NYJ_20151213,WTH_00218,54.2,0.0,6.5,WMO_3,0,2015-12-13 12:00:00,open_meteo_daily_by_venue_coordinates,MetLife Stadium,40.8135,-74.0745,63.5,49.5,54.2,53.0,64.0,47.0,53.0,0.0,0.0,0.0,10.3,250.0,5.65,3.0
2015_REG_14_WSH_CHI_20151213,WTH_00219,54.2,0.563,15.7,WMO_61|PRECIP,1,2015-12-13 12:00:00,open_meteo_daily_by_venue_coordinates,Soldier Field,41.8623,-87.6167,57.3,48.5,54.2,50.0,52.4,45.2,50.0,0.563,0.0,0.0,27.7,180.0,1.94,61.0
2015_REG_15_ARI_PHI_20151220,WTH_00220,35.1,0.0,10.7,WMO_3,0,2015-12-20 12:00:00,open_meteo_daily_by_venue_coordinates,Lincoln Financial Field,39.9008,-75.1675,42.0,28.9,35.1,26.5,34.4,20.7,26.5,0.0,0.0,0.0,22.1,269.0,9.13,3.0
2015_REG_15_ATL_JAX_20151220,WTH_00221,53.0,0.0,9.4,WMO_3,0,2015-12-20 12:00:00,open_meteo_daily_by_venue_coordinates,EverBank Stadium,30.3239,-81.6373,66.1,44.8,53.0,49.3,63.7,40.0,49.3,0.0,0.0,0.0,23.5,28.0,9.4,3.0
2015_REG_15_BUF_WSH_20151220,WTH_00222,34.6,0.0,7.7,WMO_3,0,2015-12-20 12:00:00,open_meteo_daily_by_venue_coordinates,Northwest Stadium,38.9078,-76.8644,44.4,28.5,34.6,26.8,37.3,20.3,26.8,0.0,0.0,0.0,19.5,278.0,9.53,3.0
2015_REG_15_CAR_NYG_20151220,WTH_00223,35.5,0.0,11.6,WMO_3,0,2015-12-20 12:00:00,open_meteo_daily_by_venue_coordinates,MetLife Stadium,40.8135,-74.0745,41.4,30.2,35.5,26.9,34.0,22.3,26.9,0.0,0.0,0.0,24.6,264.0,8.75,3.0
2015_REG_15_CHI_MIN_20151220,WTH_00224,31.3,0.0,11.3,WMO_3,0,2015-12-20 12:00:00,open_meteo_daily_by_venue_coordinates,TCF Bank Stadium,44.976,-93.2247,39.4,25.3,31.3,23.3,35.0,14.5,23.3,0.0,0.0,0.098,21.5,164.0,3.5,3.0
2015_REG_15_CIN_SF_20151220,WTH_00225,47.5,0.028,7.7,WMO_51|PRECIP,0,2015-12-20 12:00:00,open_meteo_daily_by_venue_coordinates,Levi's Stadium,37.403,-121.97,52.0,44.6,47.5,43.9,47.2,40.5,43.9,0.028,0.0,0.0,19.0,182.0,3.01,51.0
2015_REG_15_CLE_SEA_20151220,WTH_00226,41.9,0.346,15.2,WMO_71|SNOW,1,2015-12-20 12:00:00,open_meteo_daily_by_venue_coordinates,Lumen Field,47.5952,-122.3316,44.7,39.4,41.9,34.1,37.7,31.3,34.1,0.339,0.055,0.0,27.7,181.0,3.32,71.0
2015_REG_15_DEN_PIT_20151220,WTH_00227,31.1,0.0,9.4,WMO_3,0,2015-12-20 12:00:00,open_meteo_daily_by_venue_coordinates,Acrisure Stadium,40.4468,-80.0158,40.3,26.0,31.1,22.8,32.3,18.8,22.8,0.0,0.0,0.0,20.1,225.0,7.72,3.0
2015_REG_15_DET_NO_20151221,WTH_00228,70.0,0.0,0.0,INDOOR,0,2015-12-21 12:00:00,open_meteo_indoor_controlled_daily_values,Caesars Superdome,29.9511,-90.0812,70.0,70.0,70.0,70.0,70.0,70.0,70.0,0.0,0.0,0.0,0.0,,,
2015_REG_15_GB_LV_20151220,WTH_00229,45.5,0.071,9.3,WMO_51|PRECIP,0,2015-12-20 12:00:00,open_meteo_daily_by_venue_coordinates,O.co Coliseum,37.7516,-122.2005,52.9,38.3,45.5,40.8,46.8,33.3,40.8,0.071,0.0,0.0,23.0,214.0,2.76,51.0
2015_REG_15_HOU_IND_20151220,WTH_00230,70.0,0.0,0.0,INDOOR,0,2015-12-20 12:00:00,open_meteo_indoor_controlled_daily_values,Lucas Oil Stadium,39.7601,-86.1639,70.0,70.0,70.0,70.0,70.0,70.0,70.0,0.0,0.0,0.0,0.0,,,
2015_REG_15_KC_BAL_20151220,WTH_00231,34.7,0.0,10.3,WMO_3,0,2015-12-20 12:00:00,open_meteo_daily_by_venue_coordinates,M&T Bank Stadium,39.278,-76.6227,43.0,27.2,34.7,26.0,35.3,18.9,26.0,0.0,0.0,0.0,22.1,277.0,9.44,3.0
2015_REG_15_MIA_LAC_20151220,WTH_00232,56.7,0.154,12.0,WMO_61|PRECIP,0,2015-12-20 12:00:00,open_meteo_daily_by_venue_coordinates,Qualcomm Stadium,32.7831,-117.1195,60.5,52.0,56.7,53.2,56.6,49.6,53.2,0.154,0.0,0.0,23.0,259.0,9.94,61.0
2015_REG_15_NYJ_DAL_20151219,WTH_00233,70.0,0.0,0.0,INDOOR,0,2015-12-19 12:00:00,open_meteo_indoor_controlled_daily_values,AT&T Stadium,32.7473,-97.0945,70.0,70.0,70.0,70.0,70.0,70.0,70.0,0.0,0.0,0.0,0.0,,,
2015_REG_15_TB_LAR_20151217,WTH_00234,70.0,0.0,0.0,INDOOR,0,2015-12-17 12:00:00,open_meteo_indoor_controlled_daily_values,Edward Jones Dome,38.6329,-90.1887,70.0,70.0,70.0,70.0,70.0,70.0,70.0,0.0,0.0,0.0,0.0,,,
2015_REG_15_TEN_NE_20151220,WTH_00235,33.4,0.0,11.0,WMO_3,0,2015-12-20 12:00:00,open_meteo_daily_by_venue_coordinates,Gillette Stadium,42.0909,-71.2643,39.5,29.9,33.4,24.2,31.4,20.7,24.2,0.0,0.0,0.0,24.2,268.0,8.18,3.0
2015_REG_16_CAR_ATL_20151227,WTH_00236,70.0,0.0,0.0,INDOOR,0,2015-12-27 12:00:00,open_meteo_indoor_controlled_daily_values,Georgia Dome,33.7573,-84.4008,70.0,70.0,70.0,70.0,70.0,70.0,70.0,0.0,0.0,0.0,0.0,,,
2015_REG_16_CHI_TB_20151227,WTH_00237,76.1,0.0,12.6,WMO_3,0,2015-12-27 12:00:00,open_meteo_daily_by_venue_coordinates,Raymond James Stadium,27.9759,-82.5033,83.9,70.1,76.1,79.4,86.2,73.9,79.4,0.0,0.0,0.0,22.8,116.0,12.28,3.0
2015_REG_16_CIN_DEN_20151228,WTH_00238,3.0,0.0,4.4,WMO_2,1,2015-12-28 12:00:00,open_meteo_daily_by_venue_coordinates,Empower Field at Mile High,39.7439,-105.0201,23.5,-13.6,3.0,-5.1,16.6,-22.6,-5.1,0.0,0.0,0.558,11.4,234.0,10.71,2.0
2015_REG_16_CLE_KC_20151227,WTH_00239,35.2,0.776,17.5,WMO_63|PRECIP,1,2015-12-27 12:00:00,open_meteo_daily_by_venue_coordinates,Arrowhead Stadium,39.0489,-94.4839,42.8,32.6,35.2,25.0,34.9,21.3,25.0,0.776,0.0,0.0,36.0,9.0,2.54,63.0
2015_REG_16_DAL_BUF_20151227,WTH_00240,42.9,0.78,12.8,WMO_71|SNOW,1,2015-12-27 12:00:00,open_meteo_daily_by_venue_coordinates,Highmark Stadium,42.7738,-78.7868,49.6,34.8,42.9,37.1,46.9,26.9,37.1,0.768,0.083,0.0,28.6,253.0,0.73,71.0
2015_REG_16_GB_ARI_20151227,WTH_00241,70.0,0.0,0.0,INDOOR,0,2015-12-27 12:00:00,open_meteo_indoor_controlled_daily_values,State Farm Stadium,33.5276,-112.2626,70.0,70.0,70.0,70.0,70.0,70.0,70.0,0.0,0.0,0.0,0.0,,,
2015_REG_16_HOU_TEN_20151227,WTH_00242,69.6,0.063,12.8,WMO_53|PRECIP,0,2015-12-27 12:00:00,open_meteo_daily_by_venue_coordinates,Nissan Stadium,36.1665,-86.7713,73.7,65.6,69.6,70.9,75.3,67.6,70.9,0.063,0.0,0.0,28.0,185.0,6.19,53.0
2015_REG_16_IND_MIA_20151227,WTH_00243,77.2,0.008,13.3,WMO_51|PRECIP,0,2015-12-27 12:00:00,open_meteo_daily_by_venue_coordinates,Hard Rock Stadium,25.958,-80.2389,79.2,76.0,77.2,80.7,82.7,78.3,80.7,0.008,0.0,0.0,26.6,116.0,11.41,51.0
2015_REG_16_JAX_NO_20151227,WTH_00244,70.0,0.0,0.0,INDOOR,0,2015-12-27 12:00:00,open_meteo_indoor_controlled_daily_values,Caesars Superdome,29.9511,-90.0812,70.0,70.0,70.0,70.0,70.0,70.0,70.0,0.0,0.0,0.0,0.0,,,
2015_REG_16_LAC_LV_20151224,WTH_00245,47.5,0.224,14.6,WMO_55|PRECIP,0,2015-12-24 12:00:00,open_meteo_daily_by_venue_coordinates,O.co Coliseum,37.7516,-122.2005,52.8,45.6,47.5,41.8,46.0,39.8,41.8,0.224,0.0,0.0,34.7,277.0,6.88,55.0
2015_REG_16_LAR_SEA_20151227,WTH_00246,36.2,0.315,5.5,WMO_73|SNOW,1,2015-12-27 12:00:00,open_meteo_daily_by_venue_coordinates,Lumen Field,47.5952,-122.3316,39.5,34.7,36.2,30.4,35.1,28.6,30.4,0.146,1.185,0.131,13.6,111.0,0.79,73.0
2015_REG_16_NE_NYJ_20151227,WTH_00247,52.4,0.067,12.9,WMO_53|PRECIP,0,2015-12-27 12:00:00,open_meteo_daily_by_venue_coordinates,MetLife Stadium,40.8135,-74.0745,60.1,46.9,52.4,49.4,58.7,42.6,49.4,0.067,0.0,0.0,27.5,227.0,2.83,53.0
2015_REG_16_NYG_MIN_20151227,WTH_00248,22.2,0.0,10.1,WMO_71|SNOW,1,2015-12-27 12:00:00,open_meteo_daily_by_venue_coordinates,TCF Bank Stadium,44.976,-93.2247,29.1,14.9,22.2,13.1,20.4,5.1,13.1,0.0,0.028,0.295,19.5,342.0,7.18,71.0
2015_REG_16_PIT_BAL_20151227,WTH_00249,56.8,0.043,14.5,WMO_51|PRECIP,0,2015-12-27 12:00:00,open_meteo_daily_by_venue_coordinates,M&T Bank Stadium,39.278,-76.6227,68.1,50.1,56.8,54.2,66.1,47.5,54.2,0.043,0.0,0.0,27.1,203.0,5.28,51.0
2015_REG_16_SF_DET_20151227,WTH_00250,70.0,0.0,0.0,INDOOR,0,2015-12-27 12:00:00,open_meteo_indoor_controlled_daily_values,Ford Field,42.34,-83.0456,70.0,70.0,70.0,70.0,70.0,70.0,70.0,0.0,0.0,0.0,0.0,,,
2015_REG_16_WSH_PHI_20151226,WTH_00251,55.3,0.52,10.3,WMO_63|PRECIP,1,2015-12-26 12:00:00,open_meteo_daily_by_venue_coordinates,Lincoln Financial Field,39.9008,-75.1675,62.4,51.5,55.3,51.9,64.8,45.0,51.9,0.52,0.0,0.0,21.3,49.0,1.56,63.0
2015_REG_17_BAL_CIN_20160103,WTH_00252,34.3,0.0,9.6,WMO_3,0,2016-01-03 12:00:00,open_meteo_daily_by_venue_coordinates,Paycor Stadium,39.0955,-84.516,38.3,30.7,34.3,26.1,30.6,23.2,26.1,0.0,0.0,0.0,19.7,267.0,9.35,3.0
2015_REG_17_DET_CHI_20160103,WTH_00253,29.3,0.0,17.1,WMO_3,0,2016-01-03 12:00:00,open_meteo_daily_by_venue_coordinates,Soldier Field,41.8623,-87.6167,32.1,26.3,29.3,18.7,20.9,15.4,18.7,0.0,0.0,0.033,30.2,304.0,5.34,3.0
2015_REG_17_JAX_HOU_20160103,WTH_00254,70.0,0.0,0.0,INDOOR,0,2016-01-03 12:00:00,open_meteo_indoor_controlled_daily_values,NRG Stadium,29.6847,-95.4107,70.0,70.0,70.0,70.0,70.0,70.0,70.0,0.0,0.0,0.0,0.0,,,
2015_REG_17_LAC_DEN_20160103,WTH_00255,13.7,0.0,6.6,WMO_3,1,2016-01-03 12:00:00,open_meteo_daily_by_venue_coordinates,Empower Field at Mile High,39.7439,-105.0201,38.9,0.8,13.7,5.6,32.8,-8.8,5.6,0.0,0.0,0.591,13.2,231.0,10.71,3.0
2015_REG_17_LAR_SF_20160103,WTH_00256,48.2,0.02,6.4,WMO_51|PRECIP,0,2016-01-03 12:00:00,open_meteo_daily_by_venue_coordinates,Levi's Stadium,37.403,-121.97,59.8,42.0,48.2,44.1,56.7,36.9,44.1,0.02,0.0,0.0,15.0,101.0,7.52,51.0
2015_REG_17_LV_KC_20160103,WTH_00257,29.2,0.0,9.0,WMO_1,0,2016-01-03 12:00:00,open_meteo_daily_by_venue_coordinates,Arrowhead Stadium,39.0489,-94.4839,34.2,24.5,29.2,21.1,27.4,16.4,21.1,0.0,0.0,0.23,20.4,326.0,10.07,1.0
2015_REG_17_MIN_GB_20160103,WTH_00258,24.0,0.0,13.5,WMO_3,0,2016-01-03 12:00:00,open_meteo_daily_by_venue_coordinates,Lambeau Field,44.5013,-88.0622,26.9,18.7,24.0,14.6,17.3,9.3,14.6,0.0,0.0,0.722,26.6,307.0,6.73,3.0
2015_REG_17_NE_MIA_20160103,WTH_00259,72.6,0.142,9.7,WMO_61|PRECIP,0,2016-01-03 12:00:00,open_meteo_daily_by_venue_coordinates,Hard Rock Stadium,25.958,-80.2389,76.8,68.7,72.6,76.6,82.6,70.7,76.6,0.142,0.0,0.0,16.6,352.0,11.16,61.0
2015_REG_17_NO_ATL_20160103,WTH_00260,70.0,0.0,0.0,INDOOR,0,2016-01-03 12:00:00,open_meteo_indoor_controlled_daily_values,Georgia Dome,33.7573,-84.4008,70.0,70.0,70.0,70.0,70.0,70.0,70.0,0.0,0.0,0.0,0.0,,,
2015_REG_17_NYJ_BUF_20160103,WTH_00261,32.7,0.059,17.8,WMO_71|SNOW,1,2016-01-03 12:00:00,open_meteo_daily_by_venue_coordinates,Highmark Stadium,42.7738,-78.7868,34.9,28.6,32.7,21.8,24.5,18.8,21.8,0.004,0.413,0.164,36.5,257.0,5.21,71.0
2015_REG_17_PHI_NYG_20160103,WTH_00262,35.4,0.0,11.9,WMO_3,0,2016-01-03 12:00:00,open_meteo_daily_by_venue_coordinates,MetLife Stadium,40.8135,-74.0745,43.8,30.6,35.4,27.2,34.4,22.3,27.2,0.0,0.0,0.0,23.7,245.0,8.97,3.0
2015_REG_17_PIT_CLE_20160103,WTH_00263,32.5,0.012,18.0,WMO_71|SNOW,1,2016-01-03 12:00:00,open_meteo_daily_by_venue_coordinates,Huntington Bank Field,41.5061,-81.6995,34.4,31.7,32.5,21.6,23.7,19.7,21.6,0.0,0.193,0.033,30.2,263.0,3.3,71.0
2015_REG_17_SEA_ARI_20160103,WTH_00264,70.0,0.0,0.0,INDOOR,0,2016-01-03 12:00:00,open_meteo_indoor_controlled_daily_values,State Farm Stadium,33.5276,-112.2626,70.0,70.0,70.0,70.0,70.0,70.0,70.0,0.0,0.0,0.0,0.0,,,
2015_REG_17_TB_CAR_20160103,WTH_00265,41.1,0.0,5.8,WMO_3,0,2016-01-03 12:00:00,open_meteo_daily_by_venue_coordinates,Bank of America Stadium,35.2258,-80.8528,51.8,33.0,41.1,35.7,46.3,27.3,35.7,0.0,0.0,0.0,10.1,253.0,9.45,3.0
2015_REG_17_TEN_IND_20160103,WTH_00266,70.0,0.0,0.0,INDOOR,0,2016-01-03 12:00:00,open_meteo_indoor_controlled_daily_values,Lucas Oil Stadium,39.7601,-86.1639,70.0,70.0,70.0,70.0,70.0,70.0,70.0,0.0,0.0,0.0,0.0,,,
2015_REG_17_WSH_DAL_20160103,WTH_00267,70.0,0.0,0.0,INDOOR,0,2016-01-03 12:00:00,open_meteo_indoor_controlled_daily_values,AT&T Stadium,32.7473,-97.0945,70.0,70.0,70.0,70.0,70.0,70.0,70.0,0.0,0.0,0.0,0.0,,,
2016_CON_20_GB_ATL_20170122,WTH_00268,70.0,0.0,0.0,INDOOR,0,2017-01-22 12:00:00,open_meteo_indoor_controlled_daily_values,Georgia Dome,33.7573,-84.4008,70.0,70.0,70.0,70.0,70.0,70.0,70.0,0.0,0.0,0.0,0.0,,,
2016_CON_20_PIT_NE_20170122,WTH_00269,42.3,0.0,10.9,WMO_3,0,2017-01-22 12:00:00,open_meteo_daily_by_venue_coordinates,Gillette Stadium,42.0909,-71.2643,46.5,37.6,42.3,37.4,41.6,33.3,37.4,0.0,0.0,0.0,23.9,7.0,3.53,3.0
2016_POST_18_DET_SEA_20170107,WTH_00270,30.5,0.0,7.9,WMO_3,0,2017-01-07 12:00:00,open_meteo_daily_by_venue_coordinates,Lumen Field,47.5952,-122.3316,37.7,24.6,30.5,22.0,30.4,16.3,22.0,0.0,0.0,0.066,16.6,102.0,3.63,3.0
2016_POST_18_LV_HOU_20170107,WTH_00271,70.0,0.0,0.0,INDOOR,0,2017-01-07 12:00:00,open_meteo_indoor_controlled_daily_values,NRG Stadium,29.6847,-95.4107,70.0,70.0,70.0,70.0,70.0,70.0,70.0,0.0,0.0,0.0,0.0,,,
2016_POST_18_MIA_PIT_20170108,WTH_00272,11.3,0.008,14.9,WMO_71|SNOW,1,2017-01-08 12:00:00,open_meteo_daily_by_venue_coordinates,Acrisure Stadium,40.4468,-80.0158,17.4,7.5,11.3,-0.4,5.1,-4.1,-0.4,0.0,0.055,0.066,32.7,272.0,6.4,71.0
2016_POST_18_NYG_GB_20170108,WTH_00273,2.6,0.0,10.6,WMO_3,1,2017-01-08 12:00:00,open_meteo_daily_by_venue_coordinates,Lambeau Field,44.5013,-88.0622,12.1,-3.7,2.6,-7.6,2.1,-13.3,-7.6,0.0,0.0,0.295,20.8,270.0,7.87,3.0
2016_POST_19_GB_DAL_20170115,WTH_00274,70.0,0.0,0.0,INDOOR,0,2017-01-15 12:00:00,open_meteo_indoor_controlled_daily_values,AT&T Stadium,32.7473,-97.0945,70.0,70.0,70.0,70.0,70.0,70.0,70.0,0.0,0.0,0.0,0.0,,,
2016_POST_19_HOU_NE_20170114,WTH_00275,25.0,0.0,10.3,WMO_3,0,2017-01-14 12:00:00,open_meteo_daily_by_venue_coordinates,Gillette Stadium,42.0909,-71.2643,32.6,16.8,25.0,16.1,23.5,7.6,16.1,0.0,0.0,0.0,26.8,327.0,9.0,3.0
2016_POST_19_PIT_KC_20170115,WTH_00276,29.4,0.264,7.3,WMO_55|PRECIP,0,2017-01-15 12:00:00,open_meteo_daily_by_venue_coordinates,Arrowhead Stadium,39.0489,-94.4839,31.5,27.9,29.4,22.7,26.0,21.1,22.7,0.264,0.0,0.0,16.6,79.0,0.89,55.0
2016_POST_19_SEA_ATL_20170114,WTH_00277,70.0,0.0,0.0,INDOOR,0,2017-01-14 12:00:00,open_meteo_indoor_controlled_daily_values,Georgia Dome,33.7573,-84.4008,70.0,70.0,70.0,70.0,70.0,70.0,70.0,0.0,0.0,0.0,0.0,,,
2016_POST_21_NE_ATL_20170205,WTH_00278,70.0,0.0,0.0,INDOOR,0,2017-02-05 12:00:00,open_meteo_indoor_controlled_daily_values,NRG Stadium,29.6847,-95.4107,70.0,70.0,70.0,70.0,70.0,70.0,70.0,0.0,0.0,0.0,0.0,,,
2016_REG_01_BUF_BAL_20160911,WTH_00279,79.7,0.0,13.0,WMO_3,0,2016-09-11 12:00:00,open_meteo_daily_by_venue_coordinates,M&T Bank Stadium,39.278,-76.6227,82.5,77.6,79.7,81.9,87.5,76.8,81.9,0.0,0.0,0.0,24.6,253.0,16.04,3.0
2016_REG_01_CAR_DEN_20160908,WTH_00280,70.7,0.0,7.2,WMO_3,0,2016-09-08 12:00:00,open_meteo_daily_by_venue_coordinates,Empower Field at Mile High,39.7439,-105.0201,86.8,52.7,70.7,67.1,82.3,49.3,67.1,0.0,0.0,0.0,18.6,210.0,24.42,3.0
2016_REG_01_CHI_HOU_20160911,WTH_00281,70.0,0.0,0.0,INDOOR,0,2016-09-11 12:00:00,open_meteo_indoor_controlled_daily_values,NRG Stadium,29.6847,-95.4107,70.0,70.0,70.0,70.0,70.0,70.0,70.0,0.0,0.0,0.0,0.0,,,
2016_REG_01_CIN_NYJ_20160911,WTH_00282,78.1,0.051,11.9,WMO_53|PRECIP,0,2016-09-11 12:00:00,open_meteo_daily_by_venue_coordinates,MetLife Stadium,40.8135,-74.0745,80.8,76.5,78.1,81.1,86.8,73.7,81.1,0.051,0.0,0.0,24.8,253.0,14.43,53.0
2016_REG_01_CLE_PHI_20160911,WTH_00283,80.3,0.0,11.1,WMO_3,0,2016-09-11 12:00:00,open_meteo_daily_by_venue_coordinates,Lincoln Financial Field,39.9008,-75.1675,83.4,78.0,80.3,83.1,90.1,78.7,83.1,0.0,0.0,0.0,27.1,252.0,14.33,3.0
2016_REG_01_DET_IND_20160911,WTH_00284,70.0,0.0,0.0,INDOOR,0,2016-09-11 12:00:00,open_meteo_indoor_controlled_daily_values,Lucas Oil Stadium,39.7601,-86.1639,70.0,70.0,70.0,70.0,70.0,70.0,70.0,0.0,0.0,0.0,0.0,,,
2016_REG_01_GB_JAX_20160911,WTH_00285,80.5,0.008,8.1,WMO_51|PRECIP,0,2016-09-11 12:00:00,open_meteo_daily_by_venue_coordinates,EverBank Stadium,30.3239,-81.6373,89.1,74.0,80.5,89.4,98.8,82.4,89.4,0.008,0.0,0.0,19.9,148.0,20.12,51.0
2016_REG_01_LAC_KC_20160911,WTH_00286,67.1,0.0,8.5,WMO_0,0,2016-09-11 12:00:00,open_meteo_daily_by_venue_coordinates,Arrowhead Stadium,39.0489,-94.4839,76.3,59.0,67.1,66.5,76.3,57.6,66.5,0.0,0.0,0.0,19.7,177.0,22.88,0.0
2016_REG_01_LAR_SF_20160912,WTH_00287,60.4,0.0,9.1,WMO_3,0,2016-09-12 12:00:00,open_meteo_daily_by_venue_coordinates,Levi's Stadium,37.403,-121.97,70.4,54.5,60.4,59.0,68.0,53.2,59.0,0.0,0.0,0.0,22.1,222.0,21.3,3.0
2016_REG_01_LV_NO_20160911,WTH_00288,70.0,0.0,0.0,INDOOR,0,2016-09-11 12:00:00,open_meteo_indoor_controlled_daily_values,Caesars Superdome,29.9511,-90.0812,70.0,70.0,70.0,70.0,70.0,70.0,70.0,0.0,0.0,0.0,0.0,,,
2016_REG_01_MIA_SEA_20160911,WTH_00289,61.6,0.126,4.5,WMO_53|PRECIP,0,2016-09-11 12:00:00,open_meteo_daily_by_venue_coordinates,Lumen Field,47.5952,-122.3316,72.5,57.4,61.6,61.8,72.0,57.3,61.8,0.126,0.0,0.0,12.1,260.0,12.28,53.0
2016_REG_01_MIN_TEN_20160911,WTH_00290,73.6,0.028,6.5,WMO_51|PRECIP,0,2016-09-11 12:00:00,open_meteo_daily_by_venue_coordinates,Nissan Stadium,36.1665,-86.7713,82.6,64.3,73.6,75.5,84.5,65.0,75.5,0.028,0.0,0.0,18.1,8.0,23.31,51.0
2016_REG_01_NE_ARI_20160911,WTH_00291,70.0,0.0,0.0,INDOOR,0,2016-09-11 12:00:00,open_meteo_indoor_controlled_daily_values,State Farm Stadium,33.5276,-112.2626,70.0,70.0,70.0,70.0,70.0,70.0,70.0,0.0,0.0,0.0,0.0,,,
2016_REG_01_NYG_DAL_20160911,WTH_00292,70.0,0.0,0.0,INDOOR,0,2016-09-11 12:00:00,open_meteo_indoor_controlled_daily_values,AT&T Stadium,32.7473,-97.0945,70.0,70.0,70.0,70.0,70.0,70.0,70.0,0.0,0.0,0.0,0.0,,,
2016_REG_01_PIT_WSH_20160912,WTH_00293,73.4,0.0,7.9,WMO_2,0,2016-09-12 12:00:00,open_meteo_daily_by_venue_coordinates,Northwest Stadium,38.9078,-76.8644,81.1,65.2,73.4,73.5,83.0,64.0,73.5,0.0,0.0,0.0,18.3,55.0,21.77,2.0
2016_REG_01_TB_ATL_20160911,WTH_00294,70.0,0.0,0.0,INDOOR,0,2016-09-11 12:00:00,open_meteo_indoor_controlled_daily_values,Georgia Dome,33.7573,-84.4008,70.0,70.0,70.0,70.0,70.0,70.0,70.0,0.0,0.0,0.0,0.0,,,
2016_REG_02_ATL_LV_20160918,WTH_00295,70.4,0.0,6.9,WMO_3,0,2016-09-18 12:00:00,open_meteo_daily_by_venue_coordinates,Oakland Coliseum,37.7516,-122.2005,92.9,57.2,70.4,70.9,91.9,58.9,70.9,0.0,0.0,0.0,17.9,259.0,21.93,3.0
2016_REG_02_BAL_CLE_20160918,WTH_00296,71.2,0.012,10.5,WMO_51|PRECIP,0,2016-09-18 12:00:00,open_meteo_daily_by_venue_coordinates,Huntington Bank Field,41.5061,-81.6995,77.4,66.4,71.2,74.7,82.9,69.2,74.7,0.012,0.0,0.0,18.1,226.0,14.8,51.0
2016_REG_02_CIN_PIT_20160918,WTH_00297,71.9,0.193,6.8,WMO_61|PRECIP,0,2016-09-18 12:00:00,open_meteo_daily_by_venue_coordinates,Acrisure Stadium,40.4468,-80.0158,77.9,68.8,71.9,77.0,82.1,73.6,77.0,0.193,0.0,0.0,17.4,210.0,9.22,61.0
2016_REG_02_DAL_WSH_20160918,WTH_00298,76.4,0.0,9.1,WMO_3,0,2016-09-18 12:00:00,open_meteo_daily_by_venue_coordinates,Northwest Stadium,38.9078,-76.8644,86.1,69.0,76.4,80.2,89.8,73.6,80.2,0.0,0.0,0.0,19.2,185.0,14.81,3.0
2016_REG_02_GB_MIN_20160918,WTH_00299,70.0,0.0,0.0,INDOOR,0,2016-09-18 12:00:00,open_meteo_indoor_controlled_daily_values,U.S. Bank Stadium,44.9738,-93.2575,70.0,70.0,70.0,70.0,70.0,70.0,70.0,0.0,0.0,0.0,0.0,,,
2016_REG_02_IND_DEN_20160918,WTH_00300,64.2,0.0,8.8,WMO_0,0,2016-09-18 12:00:00,open_meteo_daily_by_venue_coordinates,Empower Field at Mile High,39.7439,-105.0201,85.1,48.9,64.2,58.7,83.1,41.3,58.7,0.0,0.0,0.0,17.2,229.0,22.28,0.0
2016_REG_02_JAX_LAC_20160918,WTH_00301,71.0,0.0,8.2,WMO_2,0,2016-09-18 12:00:00,open_meteo_daily_by_venue_coordinates,Qualcomm Stadium,32.7831,-117.1195,82.1,63.7,71.0,73.9,85.7,66.7,73.9,0.0,0.0,0.0,19.5,286.0,23.39,2.0
2016_REG_02_KC_HOU_20160918,WTH_00302,70.0,0.0,0.0,INDOOR,0,2016-09-18 12:00:00,open_meteo_indoor_controlled_daily_values,NRG Stadium,29.6847,-95.4107,70.0,70.0,70.0,70.0,70.0,70.0,70.0,0.0,0.0,0.0,0.0,,,
2016_REG_02_MIA_NE_20160918,WTH_00303,70.8,0.02,13.5,WMO_51|PRECIP,0,2016-09-18 12:00:00,open_meteo_daily_by_venue_coordinates,Gillette Stadium,42.0909,-71.2643,79.7,63.5,70.8,71.9,81.7,63.2,71.9,0.02,0.0,0.0,31.5,217.0,10.68,51.0
2016_REG_02_NO_NYG_20160918,WTH_00304,73.1,0.012,9.5,WMO_51|PRECIP,0,2016-09-18 12:00:00,open_meteo_daily_by_venue_coordinates,MetLife Stadium,40.8135,-74.0745,82.7,67.5,73.1,76.3,86.3,70.5,76.3,0.012,0.0,0.0,20.6,205.0,11.09,51.0
2016_REG_02_NYJ_BUF_20160915,WTH_00305,60.9,0.0,6.2,WMO_2,0,2016-09-15 12:00:00,open_meteo_daily_by_venue_coordinates,Highmark Stadium,42.7738,-78.7868,69.1,53.9,60.9,58.8,67.4,51.7,58.8,0.0,0.0,0.0,16.1,69.0,19.88,2.0
2016_REG_02_PHI_CHI_20160919,WTH_00306,71.4,0.0,12.2,WMO_2,0,2016-09-19 12:00:00,open_meteo_daily_by_venue_coordinates,Soldier Field,41.8623,-87.6167,79.9,64.6,71.4,73.0,80.8,65.5,73.0,0.0,0.0,0.0,22.1,191.0,20.01,2.0
2016_REG_02_SEA_LAR_20160918,WTH_00307,75.6,0.0,7.8,WMO_2,0,2016-09-18 12:00:00,open_meteo_daily_by_venue_coordinates,Los Angeles Memorial Coliseum,34.0141,-118.2879,91.8,62.2,75.6,76.4,92.5,62.2,76.4,0.0,0.0,0.0,20.1,217.0,23.65,2.0
2016_REG_02_SF_CAR_20160918,WTH_00308,77.7,0.0,4.9,WMO_3,0,2016-09-18 12:00:00,open_meteo_daily_by_venue_coordinates,Bank of America Stadium,35.2258,-80.8528,88.0,68.3,77.7,82.5,92.0,73.5,82.5,0.0,0.0,0.0,14.3,141.0,17.96,3.0
2016_REG_02_TB_ARI_20160918,WTH_00309,70.0,0.0,0.0,INDOOR,0,2016-09-18 12:00:00,open_meteo_indoor_controlled_daily_values,State Farm Stadium,33.5276,-112.2626,70.0,70.0,70.0,70.0,70.0,70.0,70.0,0.0,0.0,0.0,0.0,,,
2016_REG_02_TEN_DET_20160918,WTH_00310,70.0,0.0,0.0,INDOOR,0,2016-09-18 12:00:00,open_meteo_indoor_controlled_daily_values,Ford Field,42.34,-83.0456,70.0,70.0,70.0,70.0,70.0,70.0,70.0,0.0,0.0,0.0,0.0,,,
2016_REG_03_ARI_BUF_20160925,WTH_00311,57.0,0.0,5.8,WMO_2,0,2016-09-25 12:00:00,open_meteo_daily_by_venue_coordinates,Highmark Stadium,42.7738,-78.7868,65.0,49.7,57.0,53.9,62.6,45.9,53.9,0.0,0.0,0.0,13.2,57.0,18.94,2.0
2016_REG_03_ATL_NO_20160926,WTH_00312,70.0,0.0,0.0,INDOOR,0,2016-09-26 12:00:00,open_meteo_indoor_controlled_daily_values,Caesars Superdome,29.9511,-90.0812,70.0,70.0,70.0,70.0,70.0,70.0,70.0,0.0,0.0,0.0,0.0,,,
2016_REG_03_BAL_JAX_20160925,WTH_00313,78.1,0.319,6.8,WMO_63|PRECIP,0,2016-09-25 12:00:00,open_meteo_daily_by_venue_coordinates,EverBank Stadium,30.3239,-81.6373,84.9,73.0,78.1,86.8,94.6,81.2,86.8,0.319,0.0,0.0,17.9,53.0,14.72,63.0
2016_REG_03_CHI_DAL_20160925,WTH_00314,70.0,0.0,0.0,INDOOR,0,2016-09-25 12:00:00,open_meteo_indoor_controlled_daily_values,AT&T Stadium,32.7473,-97.0945,70.0,70.0,70.0,70.0,70.0,70.0,70.0,0.0,0.0,0.0,0.0,,,
2016_REG_03_CLE_MIA_20160925,WTH_00315,78.9,0.362,8.7,WMO_63|PRECIP,0,2016-09-25 12:00:00,open_meteo_daily_by_venue_coordinates,Hard Rock Stadium,25.958,-80.2389,82.7,76.0,78.9,87.3,92.1,82.4,87.3,0.362,0.0,0.0,16.6,99.0,16.22,63.0
2016_REG_03_DEN_CIN_20160925,WTH_00316,75.2,0.0,6.7,WMO_2,0,2016-09-25 12:00:00,open_meteo_daily_by_venue_coordinates,Paycor Stadium,39.0955,-84.516,84.8,66.3,75.2,77.5,90.2,66.4,77.5,0.0,0.0,0.0,13.6,63.0,16.03,2.0
2016_REG_03_DET_GB_20160925,WTH_00317,64.8,0.11,14.8,WMO_61|PRECIP,0,2016-09-25 12:00:00,open_meteo_daily_by_venue_coordinates,Lambeau Field,44.5013,-88.0622,74.6,58.9,64.8,63.6,74.2,57.4,63.6,0.11,0.0,0.0,29.5,149.0,11.32,61.0
2016_REG_03_HOU_NE_20160922,WTH_00318,70.7,0.0,5.8,WMO_3,0,2016-09-22 12:00:00,open_meteo_daily_by_venue_coordinates,Gillette Stadium,42.0909,-71.2643,83.1,60.3,70.7,71.4,85.0,59.9,71.4,0.0,0.0,0.0,13.4,281.0,19.11,3.0
2016_REG_03_LAC_IND_20160925,WTH_00319,70.0,0.0,0.0,INDOOR,0,2016-09-25 12:00:00,open_meteo_indoor_controlled_daily_values,Lucas Oil Stadium,39.7601,-86.1639,70.0,70.0,70.0,70.0,70.0,70.0,70.0,0.0,0.0,0.0,0.0,,,
2016_REG_03_LAR_TB_20160925,WTH_00320,78.8,0.043,9.4,WMO_55|PRECIP,0,2016-09-25 12:00:00,open_meteo_daily_by_venue_coordinates,Raymond James Stadium,27.9759,-82.5033,87.6,73.4,78.8,87.0,97.1,79.9,87.0,0.043,0.0,0.0,16.8,126.0,18.93,55.0
2016_REG_03_LV_TEN_20160925,WTH_00321,81.3,0.0,4.3,WMO_2,0,2016-09-25 12:00:00,open_meteo_daily_by_venue_coordinates,Nissan Stadium,36.1665,-86.7713,92.9,69.4,81.3,85.6,98.1,75.2,85.6,0.0,0.0,0.0,12.1,50.0,18.95,2.0
2016_REG_03_MIN_CAR_20160925,WTH_00322,77.4,0.055,6.3,WMO_55|PRECIP,0,2016-09-25 12:00:00,open_meteo_daily_by_venue_coordinates,Bank of America Stadium,35.2258,-80.8528,86.5,69.8,77.4,82.2,93.7,74.4,82.2,0.055,0.0,0.0,12.5,153.0,17.7,55.0
2016_REG_03_NYJ_KC_20160925,WTH_00323,71.8,0.583,10.2,WMO_63|PRECIP,1,2016-09-25 12:00:00,open_meteo_daily_by_venue_coordinates,Arrowhead Stadium,39.0489,-94.4839,82.0,64.1,71.8,75.0,87.4,61.7,75.0,0.583,0.0,0.0,24.8,282.0,3.39,63.0
2016_REG_03_PIT_PHI_20160925,WTH_00324,62.4,0.0,7.8,WMO_1,0,2016-09-25 12:00:00,open_meteo_daily_by_venue_coordinates,Lincoln Financial Field,39.9008,-75.1675,71.4,52.4,62.4,59.5,69.1,48.8,59.5,0.0,0.0,0.0,15.9,352.0,19.94,1.0
2016_REG_03_SF_SEA_20160925,WTH_00325,61.5,0.0,4.5,WMO_3,0,2016-09-25 12:00:00,open_meteo_daily_by_venue_coordinates,Lumen Field,47.5952,-122.3316,71.8,56.9,61.5,60.8,70.7,56.8,60.8,0.0,0.0,0.0,12.1,18.0,11.54,3.0
2016_REG_03_WSH_NYG_20160925,WTH_00326,60.2,0.0,7.3,WMO_0,0,2016-09-25 12:00:00,open_meteo_daily_by_venue_coordinates,MetLife Stadium,40.8135,-74.0745,68.8,51.3,60.2,56.6,64.9,48.1,56.6,0.0,0.0,0.0,15.0,352.0,19.75,0.0
2016_REG_04_BUF_NE_20161002,WTH_00327,55.1,0.02,9.3,WMO_51|PRECIP,0,2016-10-02 12:00:00,open_meteo_daily_by_venue_coordinates,Gillette Stadium,42.0909,-71.2643,59.9,52.8,55.1,53.4,59.3,49.8,53.4,0.02,0.0,0.0,20.6,16.0,4.8,51.0
2016_REG_04_CAR_ATL_20161002,WTH_00328,70.0,0.0,0.0,INDOOR,0,2016-10-02 12:00:00,open_meteo_indoor_controlled_daily_values,Georgia Dome,33.7573,-84.4008,70.0,70.0,70.0,70.0,70.0,70.0,70.0,0.0,0.0,0.0,0.0,,,
2016_REG_04_CLE_WSH_20161002,WTH_00329,65.5,0.008,6.3,WMO_51|PRECIP,0,2016-10-02 12:00:00,open_meteo_daily_by_venue_coordinates,Northwest Stadium,38.9078,-76.8644,71.1,62.4,65.5,68.5,76.1,64.5,68.5,0.008,0.0,0.0,13.4,31.0,10.17,51.0
2016_REG_04_DAL_SF_20161002,WTH_00330,59.0,0.035,11.5,WMO_51|PRECIP,0,2016-10-02 12:00:00,open_meteo_daily_by_venue_coordinates,Levi's Stadium,37.403,-121.97,66.8,52.6,59.0,57.3,61.8,52.1,57.3,0.035,0.0,0.0,23.5,265.0,15.04,51.0
2016_REG_04_DEN_TB_20161002,WTH_00331,77.6,0.382,7.6,WMO_63|PRECIP,0,2016-10-02 12:00:00,open_meteo_daily_by_venue_coordinates,Raymond James Stadium,27.9759,-82.5033,85.8,73.3,77.6,85.3,94.8,80.3,85.3,0.382,0.0,0.0,14.1,80.0,16.03,63.0
2016_REG_04_DET_CHI_20161002,WTH_00332,61.1,0.028,6.5,WMO_51|PRECIP,0,2016-10-02 12:00:00,open_meteo_daily_by_venue_coordinates,Soldier Field,41.8623,-87.6167,64.6,56.6,61.1,61.2,64.3,55.6,61.2,0.028,0.0,0.0,14.3,328.0,9.85,51.0
2016_REG_04_IND_JAX_20161002,WTH_00333,52.4,0.0,11.9,WMO_3,0,2016-10-02 12:00:00,open_meteo_daily_by_venue_coordinates,Wembley Stadium,51.556,-0.2796,59.7,46.7,52.4,47.9,54.4,42.0,47.9,0.0,0.0,0.0,24.4,323.0,9.87,3.0
2016_REG_04_KC_PIT_20161002,WTH_00334,62.1,0.063,7.1,WMO_51|PRECIP,0,2016-10-02 12:00:00,open_meteo_daily_by_venue_coordinates,Acrisure Stadium,40.4468,-80.0158,70.0,57.7,62.1,62.8,70.2,57.6,62.8,0.063,0.0,0.0,24.4,210.0,10.98,51.0
2016_REG_04_LAR_ARI_20161002,WTH_00335,70.0,0.0,0.0,INDOOR,0,2016-10-02 12:00:00,open_meteo_indoor_controlled_daily_values,State Farm Stadium,33.5276,-112.2626,70.0,70.0,70.0,70.0,70.0,70.0,70.0,0.0,0.0,0.0,0.0,,,
2016_REG_04_LV_BAL_20161002,WTH_00336,65.6,0.024,8.4,WMO_51|PRECIP,0,2016-10-02 12:00:00,open_meteo_daily_by_venue_coordinates,M&T Bank Stadium,39.278,-76.6227,70.9,62.7,65.6,68.1,75.2,64.6,68.1,0.024,0.0,0.0,11.9,46.0,9.82,51.0
2016_REG_04_MIA_CIN_20160929,WTH_00337,58.1,0.035,5.9,WMO_53|PRECIP,0,2016-09-29 12:00:00,open_meteo_daily_by_venue_coordinates,Paycor Stadium,39.0955,-84.516,66.7,52.5,58.1,57.4,63.8,52.1,57.4,0.035,0.0,0.0,15.7,344.0,9.96,53.0
2016_REG_04_NO_LAC_20161002,WTH_00338,69.4,0.0,9.1,WMO_2,0,2016-10-02 12:00:00,open_meteo_daily_by_venue_coordinates,Qualcomm Stadium,32.7831,-117.1195,77.1,63.6,69.4,72.1,76.3,67.1,72.1,0.0,0.0,0.0,21.9,248.0,21.43,2.0
2016_REG_04_NYG_MIN_20161003,WTH_00339,70.0,0.0,0.0,INDOOR,0,2016-10-03 12:00:00,open_meteo_indoor_controlled_daily_values,U.S. Bank Stadium,44.9738,-93.2575,70.0,70.0,70.0,70.0,70.0,70.0,70.0,0.0,0.0,0.0,0.0,,,
2016_REG_04_SEA_NYJ_20161002,WTH_00340,59.7,0.02,9.0,WMO_51|PRECIP,0,2016-10-02 12:00:00,open_meteo_daily_by_venue_coordinates,MetLife Stadium,40.8135,-74.0745,63.0,57.6,59.7,59.7,65.2,56.7,59.7,0.02,0.0,0.0,16.3,49.0,3.5,51.0
2016_REG_04_TEN_HOU_20161002,WTH_00341,70.0,0.0,0.0,INDOOR,0,2016-10-02 12:00:00,open_meteo_indoor_controlled_daily_values,NRG Stadium,29.6847,-95.4107,70.0,70.0,70.0,70.0,70.0,70.0,70.0,0.0,0.0,0.0,0.0,,,
2016_REG_05_ARI_SF_20161006,WTH_00342,63.7,0.0,7.9,WMO_2,0,2016-10-06 12:00:00,open_meteo_daily_by_venue_coordinates,Levi's Stadium,37.403,-121.97,76.7,57.0,63.7,62.6,73.8,57.4,62.6,0.0,0.0,0.0,20.6,345.0,19.34,2.0
2016_REG_05_ATL_DEN_20161009,WTH_00343,56.3,0.0,6.6,WMO_3,0,2016-10-09 12:00:00,open_meteo_daily_by_venue_coordinates,Empower Field at Mile High,39.7439,-105.0201,74.3,40.0,56.3,50.5,69.2,33.5,50.5,0.0,0.0,0.0,15.7,200.0,17.22,3.0
2016_REG_05_BUF_LAR_20161009,WTH_00344,73.7,0.0,8.4,WMO_3,0,2016-10-09 12:00:00,open_meteo_daily_by_venue_coordinates,Los Angeles Memorial Coliseum,34.0141,-118.2879,90.0,58.0,73.7,71.1,86.8,54.4,71.1,0.0,0.0,0.0,21.5,251.0,19.98,3.0
2016_REG_05_CHI_IND_20161009,WTH_00345,70.0,0.0,0.0,INDOOR,0,2016-10-09 12:00:00,open_meteo_indoor_controlled_daily_values,Lucas Oil Stadium,39.7601,-86.1639,70.0,70.0,70.0,70.0,70.0,70.0,70.0,0.0,0.0,0.0,0.0,,,
2016_REG_05_CIN_DAL_20161009,WTH_00346,70.0,0.0,0.0,INDOOR,0,2016-10-09 12:00:00,open_meteo_indoor_controlled_daily_values,AT&T Stadium,32.7473,-97.0945,70.0,70.0,70.0,70.0,70.0,70.0,70.0,0.0,0.0,0.0,0.0,,,
2016_REG_05_HOU_MIN_20161009,WTH_00347,70.0,0.0,0.0,INDOOR,0,2016-10-09 12:00:00,open_meteo_indoor_controlled_daily_values,U.S. Bank Stadium,44.9738,-93.2575,70.0,70.0,70.0,70.0,70.0,70.0,70.0,0.0,0.0,0.0,0.0,,,
2016_REG_05_LAC_LV_20161009,WTH_00348,68.9,0.0,5.6,WMO_0,0,2016-10-09 12:00:00,open_meteo_daily_by_venue_coordinates,Oakland Coliseum,37.7516,-122.2005,84.2,58.2,68.9,68.2,81.8,59.0,68.2,0.0,0.0,0.0,12.3,258.0,17.97,0.0
2016_REG_05_NE_CLE_20161009,WTH_00349,54.0,0.0,12.5,WMO_3,0,2016-10-09 12:00:00,open_meteo_daily_by_venue_coordinates,Huntington Bank Field,41.5061,-81.6995,56.8,50.2,54.0,47.4,50.3,43.1,47.4,0.0,0.0,0.0,21.5,343.0,12.49,3.0
2016_REG_05_NYG_GB_20161009,WTH_00350,47.8,0.0,7.0,WMO_3,0,2016-10-09 12:00:00,open_meteo_daily_by_venue_coordinates,Lambeau Field,44.5013,-88.0622,55.4,41.1,47.8,43.0,51.9,35.7,43.0,0.0,0.0,0.0,14.3,5.0,11.22,3.0
2016_REG_05_NYJ_PIT_20161009,WTH_00351,54.1,0.0,10.7,WMO_3,0,2016-10-09 12:00:00,open_meteo_daily_by_venue_coordinates,Acrisure Stadium,40.4468,-80.0158,59.2,47.3,54.1,48.5,52.7,42.3,48.5,0.0,0.0,0.0,25.3,337.0,13.04,3.0
2016_REG_05_PHI_DET_20161009,WTH_00352,70.0,0.0,0.0,INDOOR,0,2016-10-09 12:00:00,open_meteo_indoor_controlled_daily_values,Ford Field,42.34,-83.0456,70.0,70.0,70.0,70.0,70.0,70.0,70.0,0.0,0.0,0.0,0.0,,,
2016_REG_05_TB_CAR_20161010,WTH_00353,59.4,0.0,10.0,WMO_0,0,2016-10-10 12:00:00,open_meteo_daily_by_venue_coordinates,Bank of America Stadium,35.2258,-80.8528,67.6,51.0,59.4,55.4,65.5,47.2,55.4,0.0,0.0,0.0,21.5,10.0,19.25,0.0
2016_REG_05_TEN_MIA_20161009,WTH_00354,81.4,0.0,15.5,WMO_3,0,2016-10-09 12:00:00,open_meteo_daily_by_venue_coordinates,Hard Rock Stadium,25.958,-80.2389,84.9,78.6,81.4,87.6,93.8,82.7,87.6,0.0,0.0,0.0,25.5,9.0,19.5,3.0
2016_REG_05_WSH_BAL_20161009,WTH_00355,60.8,0.618,20.5,WMO_61|PRECIP|WINDY,1,2016-10-09 12:00:00,open_meteo_daily_by_venue_coordinates,M&T Bank Stadium,39.278,-76.6227,65.4,56.1,60.8,54.4,64.3,46.1,54.4,0.618,0.0,0.0,37.6,352.0,12.21,61.0
2016_REG_06_ATL_SEA_20161016,WTH_00356,53.9,0.22,16.7,WMO_53|PRECIP,1,2016-10-16 12:00:00,open_meteo_daily_by_venue_coordinates,Lumen Field,47.5952,-122.3316,59.3,50.7,53.9,48.8,57.6,45.7,48.8,0.22,0.0,0.0,48.8,177.0,6.41,53.0
2016_REG_06_BAL_NYG_20161016,WTH_00357,57.1,0.0,9.2,WMO_3,0,2016-10-16 12:00:00,open_meteo_daily_by_venue_coordinates,MetLife Stadium,40.8135,-74.0745,71.0,47.8,57.1,54.8,69.6,44.7,54.8,0.0,0.0,0.0,17.0,216.0,13.56,3.0
2016_REG_06_CAR_NO_20161016,WTH_00358,70.0,0.0,0.0,INDOOR,0,2016-10-16 12:00:00,open_meteo_indoor_controlled_daily_values,Caesars Superdome,29.9511,-90.0812,70.0,70.0,70.0,70.0,70.0,70.0,70.0,0.0,0.0,0.0,0.0,,,
2016_REG_06_CIN_NE_20161016,WTH_00359,53.5,0.0,10.8,WMO_3,0,2016-10-16 12:00:00,open_meteo_daily_by_venue_coordinates,Gillette Stadium,42.0909,-71.2643,67.5,44.7,53.5,49.4,64.1,39.9,49.4,0.0,0.0,0.0,26.6,214.0,13.64,3.0
2016_REG_06_CLE_TEN_20161016,WTH_00360,72.4,0.004,10.5,WMO_51|PRECIP,0,2016-10-16 12:00:00,open_meteo_daily_by_venue_coordinates,Nissan Stadium,36.1665,-86.7713,82.2,65.0,72.4,72.0,81.9,65.2,72.0,0.004,0.0,0.0,26.6,177.0,13.94,51.0
2016_REG_06_DAL_GB_20161016,WTH_00361,63.8,0.008,13.3,WMO_51|PRECIP,0,2016-10-16 12:00:00,open_meteo_daily_by_venue_coordinates,Lambeau Field,44.5013,-88.0622,67.1,59.8,63.8,63.5,65.7,58.7,63.5,0.008,0.0,0.0,26.2,213.0,13.01,51.0
2016_REG_06_DEN_LAC_20161013,WTH_00362,64.2,0.0,9.1,WMO_2,0,2016-10-13 12:00:00,open_meteo_daily_by_venue_coordinates,Qualcomm Stadium,32.7831,-117.1195,73.7,58.2,64.2,65.1,74.2,59.6,65.1,0.0,0.0,0.0,19.9,301.0,19.58,2.0
2016_REG_06_IND_HOU_20161016,WTH_00363,70.0,0.0,0.0,INDOOR,0,2016-10-16 12:00:00,open_meteo_indoor_controlled_daily_values,NRG Stadium,29.6847,-95.4107,70.0,70.0,70.0,70.0,70.0,70.0,70.0,0.0,0.0,0.0,0.0,,,
2016_REG_06_JAX_CHI_20161016,WTH_00364,65.2,0.858,16.8,WMO_63|PRECIP,1,2016-10-16 12:00:00,open_meteo_daily_by_venue_coordinates,Soldier Field,41.8623,-87.6167,69.4,63.2,65.2,64.2,73.5,60.9,64.2,0.858,0.0,0.0,32.2,210.0,5.42,63.0
2016_REG_06_KC_LV_20161016,WTH_00365,62.0,0.618,16.1,WMO_61|PRECIP,1,2016-10-16 12:00:00,open_meteo_daily_by_venue_coordinates,Oakland Coliseum,37.7516,-122.2005,65.8,59.9,62.0,62.5,63.9,60.0,62.5,0.618,0.0,0.0,34.9,218.0,3.55,61.0
2016_REG_06_LAR_DET_20161016,WTH_00366,70.0,0.0,0.0,INDOOR,0,2016-10-16 12:00:00,open_meteo_indoor_controlled_daily_values,Ford Field,42.34,-83.0456,70.0,70.0,70.0,70.0,70.0,70.0,70.0,0.0,0.0,0.0,0.0,,,
2016_REG_06_NYJ_ARI_20161017,WTH_00367,70.0,0.0,0.0,INDOOR,0,2016-10-17 12:00:00,open_meteo_indoor_controlled_daily_values,State Farm Stadium,33.5276,-112.2626,70.0,70.0,70.0,70.0,70.0,70.0,70.0,0.0,0.0,0.0,0.0,,,
2016_REG_06_PHI_WSH_20161016,WTH_00368,59.2,0.0,6.9,WMO_2,0,2016-10-16 12:00:00,open_meteo_daily_by_venue_coordinates,Northwest Stadium,38.9078,-76.8644,71.9,51.0,59.2,57.8,73.0,48.1,57.8,0.0,0.0,0.0,19.2,191.0,15.14,2.0
2016_REG_06_PIT_MIA_20161016,WTH_00369,77.1,0.744,15.9,WMO_63|PRECIP,1,2016-10-16 12:00:00,open_meteo_daily_by_venue_coordinates,Hard Rock Stadium,25.958,-80.2389,79.9,75.7,77.1,82.0,85.9,79.3,82.0,0.744,0.0,0.0,24.4,70.0,12.94,63.0
2016_REG_06_SF_BUF_20161016,WTH_00370,64.6,0.035,15.9,WMO_51|PRECIP,0,2016-10-16 12:00:00,open_meteo_daily_by_venue_coordinates,Highmark Stadium,42.7738,-78.7868,70.3,61.0,64.6,61.2,66.4,57.3,61.2,0.035,0.0,0.0,32.0,216.0,9.71,51.0
2016_REG_07_BAL_NYJ_20161023,WTH_00371,51.4,0.008,19.9,WMO_51|PRECIP,1,2016-10-23 12:00:00,open_meteo_daily_by_venue_coordinates,MetLife Stadium,40.8135,-74.0745,60.4,45.6,51.4,42.5,52.1,36.9,42.5,0.008,0.0,0.0,39.1,274.0,12.2,51.0
2016_REG_07_BUF_MIA_20161023,WTH_00372,71.7,0.0,14.0,WMO_3,0,2016-10-23 12:00:00,open_meteo_daily_by_venue_coordinates,Hard Rock Stadium,25.958,-80.2389,78.2,67.2,71.7,70.2,76.7,65.1,70.2,0.0,0.0,0.0,23.5,8.0,18.63,3.0
2016_REG_07_CHI_GB_20161020,WTH_00373,49.2,0.0,10.9,WMO_3,0,2016-10-20 12:00:00,open_meteo_daily_by_venue_coordinates,Lambeau Field,44.5013,-88.0622,59.3,42.6,49.2,43.2,57.3,35.6,43.2,0.0,0.0,0.0,21.5,358.0,11.21,3.0
2016_REG_07_CLE_CIN_20161023,WTH_00374,55.3,0.0,12.5,WMO_1,0,2016-10-23 12:00:00,open_meteo_daily_by_venue_coordinates,Paycor Stadium,39.0955,-84.516,71.6,46.3,55.3,50.0,66.1,40.8,50.0,0.0,0.0,0.0,28.0,230.0,14.84,1.0
2016_REG_07_HOU_DEN_20161024,WTH_00375,57.8,0.0,9.2,WMO_3,0,2016-10-24 12:00:00,open_meteo_daily_by_venue_coordinates,Empower Field at Mile High,39.7439,-105.0201,76.7,42.5,57.8,51.8,69.9,36.8,51.8,0.0,0.0,0.0,15.2,185.0,14.59,3.0
2016_REG_07_IND_TEN_20161023,WTH_00376,59.4,0.0,8.4,WMO_0,0,2016-10-23 12:00:00,open_meteo_daily_by_venue_coordinates,Nissan Stadium,36.1665,-86.7713,76.6,47.1,59.4,55.4,72.1,42.3,55.4,0.0,0.0,0.0,20.6,216.0,16.12,0.0
2016_REG_07_LAC_ATL_20161023,WTH_00377,70.0,0.0,0.0,INDOOR,0,2016-10-23 12:00:00,open_meteo_indoor_controlled_daily_values,Georgia Dome,33.7573,-84.4008,70.0,70.0,70.0,70.0,70.0,70.0,70.0,0.0,0.0,0.0,0.0,,,
2016_REG_07_LV_JAX_20161023,WTH_00378,61.1,0.0,6.3,WMO_0,0,2016-10-23 12:00:00,open_meteo_daily_by_venue_coordinates,EverBank Stadium,30.3239,-81.6373,70.8,52.3,61.1,58.4,70.2,47.7,58.4,0.0,0.0,0.0,15.7,352.0,19.06,0.0
2016_REG_07_MIN_PHI_20161023,WTH_00379,53.3,0.0,17.2,WMO_3,1,2016-10-23 12:00:00,open_meteo_daily_by_venue_coordinates,Lincoln Financial Field,39.9008,-75.1675,63.0,47.1,53.3,44.7,56.3,37.9,44.7,0.0,0.0,0.0,36.0,283.0,11.67,3.0
2016_REG_07_NE_PIT_20161023,WTH_00380,51.3,0.0,12.5,WMO_3,0,2016-10-23 12:00:00,open_meteo_daily_by_venue_coordinates,Acrisure Stadium,40.4468,-80.0158,64.0,43.9,51.3,44.9,58.8,36.7,44.9,0.0,0.0,0.0,30.0,263.0,11.69,3.0
2016_REG_07_NO_KC_20161023,WTH_00381,63.4,0.0,11.4,WMO_0,0,2016-10-23 12:00:00,open_meteo_daily_by_venue_coordinates,Arrowhead Stadium,39.0489,-94.4839,72.4,57.8,63.4,60.2,71.9,53.1,60.2,0.0,0.0,0.0,20.6,221.0,14.67,0.0
2016_REG_07_NYG_LAR_20161023,WTH_00382,49.3,0.0,14.9,WMO_3,0,2016-10-23 12:00:00,open_meteo_daily_by_venue_coordinates,Twickenham Stadium,51.4559,-0.3417,54.6,44.6,49.3,43.4,46.5,40.3,43.4,0.0,0.0,0.0,28.0,69.0,7.07,3.0
2016_REG_07_SEA_ARI_20161023,WTH_00383,70.0,0.0,0.0,INDOOR,0,2016-10-23 12:00:00,open_meteo_indoor_controlled_daily_values,State Farm Stadium,33.5276,-112.2626,70.0,70.0,70.0,70.0,70.0,70.0,70.0,0.0,0.0,0.0,0.0,,,
2016_REG_07_TB_SF_20161023,WTH_00384,60.2,0.0,7.6,WMO_3,0,2016-10-23 12:00:00,open_meteo_daily_by_venue_coordinates,Levi's Stadium,37.403,-121.97,68.7,55.4,60.2,60.1,66.8,55.6,60.1,0.0,0.0,0.0,19.7,206.0,15.51,3.0
2016_REG_07_WSH_DET_20161023,WTH_00385,70.0,0.0,0.0,INDOOR,0,2016-10-23 12:00:00,open_meteo_indoor_controlled_daily_values,Ford Field,42.34,-83.0456,70.0,70.0,70.0,70.0,70.0,70.0,70.0,0.0,0.0,0.0,0.0,,,
2016_REG_08_ARI_CAR_20161030,WTH_00386,68.6,0.0,7.7,WMO_3,0,2016-10-30 12:00:00,open_meteo_daily_by_venue_coordinates,Bank of America Stadium,35.2258,-80.8528,81.9,57.5,68.6,67.5,81.1,55.9,67.5,0.0,0.0,0.0,16.3,238.0,14.81,3.0
2016_REG_08_DET_HOU_20161030,WTH_00387,70.0,0.0,0.0,INDOOR,0,2016-10-30 12:00:00,open_meteo_indoor_controlled_daily_values,NRG Stadium,29.6847,-95.4107,70.0,70.0,70.0,70.0,70.0,70.0,70.0,0.0,0.0,0.0,0.0,,,
2016_REG_08_GB_ATL_20161030,WTH_00388,70.0,0.0,0.0,INDOOR,0,2016-10-30 12:00:00,open_meteo_indoor_controlled_daily_values,Georgia Dome,33.7573,-84.4008,70.0,70.0,70.0,70.0,70.0,70.0,70.0,0.0,0.0,0.0,0.0,,,
2016_REG_08_JAX_TEN_20161027,WTH_00389,69.1,0.094,10.3,WMO_53|PRECIP,0,2016-10-27 12:00:00,open_meteo_daily_by_venue_coordinates,Nissan Stadium,36.1665,-86.7713,77.5,62.2,69.1,67.2,76.0,61.6,67.2,0.094,0.0,0.0,24.6,228.0,9.89,53.0
2016_REG_08_KC_IND_20161030,WTH_00390,70.0,0.0,0.0,INDOOR,0,2016-10-30 12:00:00,open_meteo_indoor_controlled_daily_values,Lucas Oil Stadium,39.7601,-86.1639,70.0,70.0,70.0,70.0,70.0,70.0,70.0,0.0,0.0,0.0,0.0,,,
2016_REG_08_LAC_DEN_20161030,WTH_00391,58.2,0.0,7.1,WMO_3,0,2016-10-30 12:00:00,open_meteo_daily_by_venue_coordinates,Empower Field at Mile High,39.7439,-105.0201,75.6,41.8,58.2,53.1,68.8,37.0,53.1,0.0,0.0,0.0,15.4,130.0,11.35,3.0
2016_REG_08_LV_TB_20161030,WTH_00392,76.1,0.0,12.2,WMO_3,0,2016-10-30 12:00:00,open_meteo_daily_by_venue_coordinates,Raymond James Stadium,27.9759,-82.5033,83.9,70.5,76.1,77.3,85.4,72.3,77.3,0.0,0.0,0.0,23.0,65.0,16.28,3.0
2016_REG_08_MIN_CHI_20161031,WTH_00393,51.1,0.0,12.5,WMO_3,0,2016-10-31 12:00:00,open_meteo_daily_by_venue_coordinates,Soldier Field,41.8623,-87.6167,56.6,48.3,51.1,45.6,51.7,42.1,45.6,0.0,0.0,0.0,22.6,124.0,9.86,3.0
2016_REG_08_NE_BUF_20161030,WTH_00394,49.6,0.193,10.8,WMO_53|PRECIP,0,2016-10-30 12:00:00,open_meteo_daily_by_venue_coordinates,Highmark Stadium,42.7738,-78.7868,57.8,43.9,49.6,46.6,55.1,37.0,46.6,0.193,0.0,0.0,24.8,320.0,2.23,53.0
2016_REG_08_NYJ_CLE_20161030,WTH_00395,56.2,0.283,15.6,WMO_61|PRECIP,0,2016-10-30 12:00:00,open_meteo_daily_by_venue_coordinates,Huntington Bank Field,41.5061,-81.6995,64.7,49.1,56.2,53.8,64.5,41.3,53.8,0.283,0.0,0.0,30.0,356.0,2.89,61.0
2016_REG_08_PHI_DAL_20161030,WTH_00396,70.0,0.0,0.0,INDOOR,0,2016-10-30 12:00:00,open_meteo_indoor_controlled_daily_values,AT&T Stadium,32.7473,-97.0945,70.0,70.0,70.0,70.0,70.0,70.0,70.0,0.0,0.0,0.0,0.0,,,
2016_REG_08_SEA_NO_20161030,WTH_00397,70.0,0.0,0.0,INDOOR,0,2016-10-30 12:00:00,open_meteo_indoor_controlled_daily_values,Caesars Superdome,29.9511,-90.0812,70.0,70.0,70.0,70.0,70.0,70.0,70.0,0.0,0.0,0.0,0.0,,,
2016_REG_08_WSH_CIN_20161030,WTH_00398,53.9,0.0,7.0,WMO_3,0,2016-10-30 12:00:00,open_meteo_daily_by_venue_coordinates,Wembley Stadium,51.556,-0.2796,58.4,51.3,53.9,52.6,56.6,49.0,52.6,0.0,0.0,0.0,12.5,94.0,3.8,3.0
2016_REG_09_ATL_TB_20161103,WTH_00399,73.9,0.0,10.4,WMO_3,0,2016-11-03 12:00:00,open_meteo_daily_by_venue_coordinates,Raymond James Stadium,27.9759,-82.5033,80.8,67.0,73.9,75.4,81.6,69.3,75.4,0.0,0.0,0.0,18.6,55.0,13.0,3.0
2016_REG_09_BUF_SEA_20161107,WTH_00400,53.8,0.012,6.5,WMO_51|PRECIP,0,2016-11-07 12:00:00,open_meteo_daily_by_venue_coordinates,Lumen Field,47.5952,-122.3316,61.8,49.4,53.8,51.4,61.6,46.6,51.4,0.012,0.0,0.0,11.9,122.0,4.2,51.0
2016_REG_09_CAR_LAR_20161106,WTH_00401,65.8,0.0,7.4,WMO_2,0,2016-11-06 12:00:00,open_meteo_daily_by_venue_coordinates,Los Angeles Memorial Coliseum,34.0141,-118.2879,76.4,56.7,65.8,65.2,73.9,55.6,65.2,0.0,0.0,0.0,17.0,159.0,14.52,2.0
2016_REG_09_DAL_CLE_20161106,WTH_00402,53.7,0.0,9.3,WMO_3,0,2016-11-06 12:00:00,open_meteo_daily_by_venue_coordinates,Huntington Bank Field,41.5061,-81.6995,61.2,47.5,53.7,51.0,59.1,45.1,51.0,0.0,0.0,0.0,15.0,271.0,11.29,3.0
2016_REG_09_DEN_LV_20161106,WTH_00403,61.0,0.004,5.4,WMO_51|PRECIP,0,2016-11-06 12:00:00,open_meteo_daily_by_venue_coordinates,Oakland Coliseum,37.7516,-122.2005,67.1,57.9,61.0,61.9,69.0,58.9,61.9,0.004,0.0,0.0,15.0,202.0,5.8,51.0
2016_REG_09_DET_MIN_20161106,WTH_00404,70.0,0.0,0.0,INDOOR,0,2016-11-06 12:00:00,open_meteo_indoor_controlled_daily_values,U.S. Bank Stadium,44.9738,-93.2575,70.0,70.0,70.0,70.0,70.0,70.0,70.0,0.0,0.0,0.0,0.0,,,
2016_REG_09_IND_GB_20161106,WTH_00405,51.7,0.0,6.6,WMO_0,0,2016-11-06 12:00:00,open_meteo_daily_by_venue_coordinates,Lambeau Field,44.5013,-88.0622,66.1,41.2,51.7,49.3,65.3,37.2,49.3,0.0,0.0,0.0,14.3,208.0,9.32,0.0
2016_REG_09_JAX_KC_20161106,WTH_00406,55.5,0.0,7.1,WMO_3,0,2016-11-06 12:00:00,open_meteo_daily_by_venue_coordinates,Arrowhead Stadium,39.0489,-94.4839,64.1,47.5,55.5,51.4,58.9,43.2,51.4,0.0,0.0,0.0,16.3,139.0,12.83,3.0
2016_REG_09_NO_SF_20161106,WTH_00407,59.9,0.0,4.3,WMO_3,0,2016-11-06 12:00:00,open_meteo_daily_by_venue_coordinates,Levi's Stadium,37.403,-121.97,66.2,56.1,59.9,61.0,68.4,56.0,61.0,0.0,0.0,0.0,12.5,184.0,6.35,3.0
2016_REG_09_NYJ_MIA_20161106,WTH_00408,74.8,0.028,14.0,WMO_51|PRECIP,0,2016-11-06 12:00:00,open_meteo_daily_by_venue_coordinates,Hard Rock Stadium,25.958,-80.2389,78.6,73.0,74.8,75.5,78.2,72.9,75.5,0.028,0.0,0.0,27.5,44.0,12.44,51.0
2016_REG_09_PHI_NYG_20161106,WTH_00409,50.9,0.0,12.2,WMO_3,0,2016-11-06 12:00:00,open_meteo_daily_by_venue_coordinates,MetLife Stadium,40.8135,-74.0745,55.9,47.9,50.9,44.7,47.9,40.1,44.7,0.0,0.0,0.0,25.7,320.0,11.25,3.0
2016_REG_09_PIT_BAL_20161106,WTH_00410,54.2,0.0,13.7,WMO_3,0,2016-11-06 12:00:00,open_meteo_daily_by_venue_coordinates,M&T Bank Stadium,39.278,-76.6227,63.6,48.8,54.2,47.5,55.2,42.1,47.5,0.0,0.0,0.0,23.3,307.0,12.59,3.0
2016_REG_09_TEN_LAC_20161106,WTH_00411,66.5,0.0,9.0,WMO_2,0,2016-11-06 12:00:00,open_meteo_daily_by_venue_coordinates,Qualcomm Stadium,32.7831,-117.1195,74.6,60.2,66.5,68.3,75.8,61.5,68.3,0.0,0.0,0.0,17.0,300.0,15.96,2.0
2016_REG_10_ATL_PHI_20161113,WTH_00412,43.3,0.0,8.4,WMO_2,0,2016-11-13 12:00:00,open_meteo_daily_by_venue_coordinates,Lincoln Financial Field,39.9008,-75.1675,58.7,33.9,43.3,35.9,50.8,26.5,35.9,0.0,0.0,0.0,19.0,264.0,11.89,2.0
2016_REG_10_CHI_TB_20161113,WTH_00413,66.8,0.0,6.6,WMO_3,0,2016-11-13 12:00:00,open_meteo_daily_by_venue_coordinates,Raymond James Stadium,27.9759,-82.5033,78.7,57.5,66.8,67.2,81.3,56.1,67.2,0.0,0.0,0.0,15.0,44.0,15.01,3.0
2016_REG_10_CIN_NYG_20161114,WTH_00414,47.5,0.0,8.0,WMO_3,0,2016-11-14 12:00:00,open_meteo_daily_by_venue_coordinates,MetLife Stadium,40.8135,-74.0745,61.0,35.8,47.5,41.0,54.4,29.6,41.0,0.0,0.0,0.0,15.4,251.0,10.86,3.0
2016_REG_10_CLE_BAL_20161110,WTH_00415,50.0,0.0,15.7,WMO_3,0,2016-11-10 12:00:00,open_meteo_daily_by_venue_coordinates,M&T Bank Stadium,39.278,-76.6227,58.7,43.0,50.0,42.5,52.3,34.7,42.5,0.0,0.0,0.0,26.6,326.0,12.07,3.0
2016_REG_10_DAL_PIT_20161113,WTH_00416,40.5,0.0,6.6,WMO_0,0,2016-11-13 12:00:00,open_meteo_daily_by_venue_coordinates,Acrisure Stadium,40.4468,-80.0158,53.8,31.9,40.5,34.0,47.5,24.7,34.0,0.0,0.0,0.0,15.7,231.0,11.91,0.0
2016_REG_10_DEN_NO_20161113,WTH_00417,70.0,0.0,0.0,INDOOR,0,2016-11-13 12:00:00,open_meteo_indoor_controlled_daily_values,Caesars Superdome,29.9511,-90.0812,70.0,70.0,70.0,70.0,70.0,70.0,70.0,0.0,0.0,0.0,0.0,,,
2016_REG_10_GB_TEN_20161113,WTH_00418,50.7,0.0,6.6,WMO_0,0,2016-11-13 12:00:00,open_meteo_daily_by_venue_coordinates,Nissan Stadium,36.1665,-86.7713,64.9,39.9,50.7,45.8,61.0,35.3,45.8,0.0,0.0,0.0,11.0,30.0,13.37,0.0
2016_REG_10_HOU_JAX_20161113,WTH_00419,67.3,0.0,8.6,WMO_3,0,2016-11-13 12:00:00,open_meteo_daily_by_venue_coordinates,EverBank Stadium,30.3239,-81.6373,76.8,60.4,67.3,69.1,79.5,61.4,69.1,0.0,0.0,0.0,19.0,7.0,13.07,3.0
2016_REG_10_KC_CAR_20161113,WTH_00420,45.9,0.028,5.2,WMO_51|PRECIP,0,2016-11-13 12:00:00,open_meteo_daily_by_venue_coordinates,Bank of America Stadium,35.2258,-80.8528,54.6,36.5,45.9,40.5,50.1,31.1,40.5,0.028,0.0,0.0,9.8,61.0,10.51,51.0
2016_REG_10_LAR_NYJ_20161113,WTH_00421,45.0,0.0,9.0,WMO_3,0,2016-11-13 12:00:00,open_meteo_daily_by_venue_coordinates,MetLife Stadium,40.8135,-74.0745,59.7,36.6,45.0,37.4,51.7,29.3,37.4,0.0,0.0,0.0,17.0,255.0,11.49,3.0
2016_REG_10_MIA_LAC_20161113,WTH_00422,69.9,0.0,7.7,WMO_3,0,2016-11-13 12:00:00,open_meteo_daily_by_venue_coordinates,Qualcomm Stadium,32.7831,-117.1195,84.9,58.9,69.9,68.3,81.7,56.6,68.3,0.0,0.0,0.0,19.2,30.0,14.99,3.0
2016_REG_10_MIN_WSH_20161113,WTH_00423,43.8,0.0,7.1,WMO_0,0,2016-11-13 12:00:00,open_meteo_daily_by_venue_coordinates,Northwest Stadium,38.9078,-76.8644,59.6,33.7,43.8,37.1,52.9,26.5,37.1,0.0,0.0,0.0,15.9,257.0,12.44,0.0
2016_REG_10_SEA_NE_20161113,WTH_00424,44.1,0.0,9.7,WMO_3,0,2016-11-13 12:00:00,open_meteo_daily_by_venue_coordinates,Gillette Stadium,42.0909,-71.2643,57.7,37.7,44.1,36.2,50.9,28.7,36.2,0.0,0.0,0.0,20.8,254.0,10.39,3.0
2016_REG_10_SF_ARI_20161113,WTH_00425,70.0,0.0,0.0,INDOOR,0,2016-11-13 12:00:00,open_meteo_indoor_controlled_daily_values,State Farm Stadium,33.5276,-112.2626,70.0,70.0,70.0,70.0,70.0,70.0,70.0,0.0,0.0,0.0,0.0,,,
2016_REG_11_ARI_MIN_20161120,WTH_00426,70.0,0.0,0.0,INDOOR,0,2016-11-20 12:00:00,open_meteo_indoor_controlled_daily_values,U.S. Bank Stadium,44.9738,-93.2575,70.0,70.0,70.0,70.0,70.0,70.0,70.0,0.0,0.0,0.0,0.0,,,
2016_REG_11_BAL_DAL_20161120,WTH_00427,70.0,0.0,0.0,INDOOR,0,2016-11-20 12:00:00,open_meteo_indoor_controlled_daily_values,AT&T Stadium,32.7473,-97.0945,70.0,70.0,70.0,70.0,70.0,70.0,70.0,0.0,0.0,0.0,0.0,,,
2016_REG_11_BUF_CIN_20161120,WTH_00428,35.6,0.0,13.5,WMO_2,0,2016-11-20 12:00:00,open_meteo_daily_by_venue_coordinates,Paycor Stadium,39.0955,-84.516,39.4,30.8,35.6,26.0,29.1,21.6,26.0,0.0,0.0,0.0,31.5,292.0,10.06,2.0
2016_REG_11_CHI_NYG_20161120,WTH_00429,41.5,0.461,19.5,WMO_73|SNOW,1,2016-11-20 12:00:00,open_meteo_daily_by_venue_coordinates,MetLife Stadium,40.8135,-74.0745,52.2,36.6,41.5,32.3,51.5,27.4,32.3,0.425,0.248,0.033,38.5,275.0,6.76,73.0
2016_REG_11_GB_WSH_20161120,WTH_00430,39.7,0.043,23.2,WMO_53|PRECIP|WINDY,1,2016-11-20 12:00:00,open_meteo_daily_by_venue_coordinates,Northwest Stadium,38.9078,-76.8644,43.7,35.8,39.7,27.3,32.4,24.6,27.3,0.043,0.0,0.0,52.1,290.0,9.94,53.0
2016_REG_11_HOU_LV_20161121,WTH_00431,54.0,0.0,4.7,WMO_3,0,2016-11-21 12:00:00,open_meteo_daily_by_venue_coordinates,Estadio Azteca,19.3029,-99.1505,66.3,45.7,54.0,52.3,66.7,42.5,52.3,0.0,0.0,0.0,13.2,2.0,18.78,3.0
2016_REG_11_JAX_DET_20161120,WTH_00432,70.0,0.0,0.0,INDOOR,0,2016-11-20 12:00:00,open_meteo_indoor_controlled_daily_values,Ford Field,42.34,-83.0456,70.0,70.0,70.0,70.0,70.0,70.0,70.0,0.0,0.0,0.0,0.0,,,
2016_REG_11_MIA_LAR_20161120,WTH_00433,60.7,0.004,7.4,WMO_51|PRECIP,0,2016-11-20 12:00:00,open_meteo_daily_by_venue_coordinates,Los Angeles Memorial Coliseum,34.0141,-118.2879,67.7,56.5,60.7,58.6,64.3,53.4,58.6,0.004,0.0,0.0,19.9,222.0,10.84,51.0
2016_REG_11_NE_SF_20161120,WTH_00434,56.0,0.295,7.7,WMO_61|PRECIP,0,2016-11-20 12:00:00,open_meteo_daily_by_venue_coordinates,Levi's Stadium,37.403,-121.97,59.0,52.2,56.0,55.3,59.5,51.1,55.3,0.295,0.0,0.0,23.9,159.0,3.33,61.0
2016_REG_11_NO_CAR_20161117,WTH_00435,55.5,0.0,5.6,WMO_0,0,2016-11-17 12:00:00,open_meteo_daily_by_venue_coordinates,Bank of America Stadium,35.2258,-80.8528,70.1,42.7,55.5,51.9,66.6,38.7,51.9,0.0,0.0,0.0,10.3,311.0,13.18,0.0
2016_REG_11_PHI_SEA_20161120,WTH_00436,49.4,0.169,9.3,WMO_53|PRECIP,0,2016-11-20 12:00:00,open_meteo_daily_by_venue_coordinates,Lumen Field,47.5952,-122.3316,53.5,47.1,49.4,43.9,49.5,40.6,43.9,0.169,0.0,0.0,26.8,136.0,2.96,53.0
2016_REG_11_PIT_CLE_20161120,WTH_00437,35.1,0.185,25.8,WMO_73|SNOW|WINDY,1,2016-11-20 12:00:00,open_meteo_daily_by_venue_coordinates,Huntington Bank Field,41.5061,-81.6995,35.8,34.3,35.1,20.8,23.4,19.4,20.8,0.075,0.882,0.066,48.5,304.0,3.28,73.0
2016_REG_11_TB_KC_20161120,WTH_00438,38.5,0.0,9.3,WMO_3,0,2016-11-20 12:00:00,open_meteo_daily_by_venue_coordinates,Arrowhead Stadium,39.0489,-94.4839,49.1,32.0,38.5,31.8,40.8,24.9,31.8,0.0,0.0,0.0,20.4,143.0,10.25,3.0
2016_REG_11_TEN_IND_20161120,WTH_00439,70.0,0.0,0.0,INDOOR,0,2016-11-20 12:00:00,open_meteo_indoor_controlled_daily_values,Lucas Oil Stadium,39.7601,-86.1639,70.0,70.0,70.0,70.0,70.0,70.0,70.0,0.0,0.0,0.0,0.0,,,
2016_REG_12_ARI_ATL_20161127,WTH_00440,70.0,0.0,0.0,INDOOR,0,2016-11-27 12:00:00,open_meteo_indoor_controlled_daily_values,Georgia Dome,33.7573,-84.4008,70.0,70.0,70.0,70.0,70.0,70.0,70.0,0.0,0.0,0.0,0.0,,,
2016_REG_12_CAR_LV_20161127,WTH_00441,51.4,0.331,13.0,WMO_55|PRECIP,0,2016-11-27 12:00:00,open_meteo_daily_by_venue_coordinates,Oakland Coliseum,37.7516,-122.2005,57.1,47.2,51.4,46.4,51.7,41.9,46.4,0.331,0.0,0.0,31.5,278.0,10.34,55.0
2016_REG_12_CIN_BAL_20161127,WTH_00442,42.0,0.0,11.9,WMO_3,0,2016-11-27 12:00:00,open_meteo_daily_by_venue_coordinates,M&T Bank Stadium,39.278,-76.6227,49.3,36.4,42.0,33.6,40.8,28.1,33.6,0.0,0.0,0.0,21.5,302.0,9.11,3.0
2016_REG_12_GB_PHI_20161128,WTH_00443,40.7,0.0,7.9,WMO_3,0,2016-11-28 12:00:00,open_meteo_daily_by_venue_coordinates,Lincoln Financial Field,39.9008,-75.1675,52.3,31.9,40.7,34.5,45.2,25.9,34.5,0.0,0.0,0.0,18.1,229.0,9.86,3.0
2016_REG_12_JAX_BUF_20161127,WTH_00444,37.9,0.039,10.8,WMO_71|SNOW,1,2016-11-27 12:00:00,open_meteo_daily_by_venue_coordinates,Highmark Stadium,42.7738,-78.7868,43.1,34.7,37.9,30.8,36.5,27.4,30.8,0.02,0.138,0.033,23.9,275.0,6.25,71.0
2016_REG_12_KC_DEN_20161127,WTH_00445,38.4,0.0,11.4,WMO_3,0,2016-11-27 12:00:00,open_meteo_daily_by_venue_coordinates,Empower Field at Mile High,39.7439,-105.0201,48.9,31.4,38.4,30.3,42.0,23.5,30.3,0.0,0.0,0.033,24.2,240.0,8.36,3.0
2016_REG_12_LAC_HOU_20161127,WTH_00446,70.0,0.0,0.0,INDOOR,0,2016-11-27 12:00:00,open_meteo_indoor_controlled_daily_values,NRG Stadium,29.6847,-95.4107,70.0,70.0,70.0,70.0,70.0,70.0,70.0,0.0,0.0,0.0,0.0,,,
2016_REG_12_LAR_NO_20161127,WTH_00447,70.0,0.0,0.0,INDOOR,0,2016-11-27 12:00:00,open_meteo_indoor_controlled_daily_values,Caesars Superdome,29.9511,-90.0812,70.0,70.0,70.0,70.0,70.0,70.0,70.0,0.0,0.0,0.0,0.0,,,
2016_REG_12_MIN_DET_20161124,WTH_00448,70.0,0.0,0.0,INDOOR,0,2016-11-24 12:00:00,open_meteo_indoor_controlled_daily_values,Ford Field,42.34,-83.0456,70.0,70.0,70.0,70.0,70.0,70.0,70.0,0.0,0.0,0.0,0.0,,,
2016_REG_12_NE_NYJ_20161127,WTH_00449,41.1,0.0,10.8,WMO_3,0,2016-11-27 12:00:00,open_meteo_daily_by_venue_coordinates,MetLife Stadium,40.8135,-74.0745,48.1,36.9,41.1,33.9,39.4,29.8,33.9,0.0,0.0,0.0,20.6,304.0,7.27,3.0
2016_REG_12_NYG_CLE_20161127,WTH_00450,40.6,0.0,11.1,WMO_3,0,2016-11-27 12:00:00,open_meteo_daily_by_venue_coordinates,Huntington Bank Field,41.5061,-81.6995,47.4,35.1,40.6,33.1,39.7,28.0,33.1,0.0,0.0,0.0,20.1,225.0,9.37,3.0
2016_REG_12_PIT_IND_20161124,WTH_00451,70.0,0.0,0.0,INDOOR,0,2016-11-24 12:00:00,open_meteo_indoor_controlled_daily_values,Lucas Oil Stadium,39.7601,-86.1639,70.0,70.0,70.0,70.0,70.0,70.0,70.0,0.0,0.0,0.0,0.0,,,
2016_REG_12_SEA_TB_20161127,WTH_00452,65.5,0.0,9.1,WMO_3,0,2016-11-27 12:00:00,open_meteo_daily_by_venue_coordinates,Raymond James Stadium,27.9759,-82.5033,76.4,55.5,65.5,62.8,74.1,52.9,62.8,0.0,0.0,0.0,20.8,45.0,12.95,3.0
2016_REG_12_SF_MIA_20161127,WTH_00453,72.6,0.008,12.9,WMO_51|PRECIP,0,2016-11-27 12:00:00,open_meteo_daily_by_venue_coordinates,Hard Rock Stadium,25.958,-80.2389,77.7,68.6,72.6,72.6,75.8,69.4,72.6,0.008,0.0,0.0,23.9,24.0,11.99,51.0
2016_REG_12_TEN_CHI_20161127,WTH_00454,41.5,0.016,12.3,WMO_51|PRECIP,0,2016-11-27 12:00:00,open_meteo_daily_by_venue_coordinates,Soldier Field,41.8623,-87.6167,46.5,36.9,41.5,33.9,40.0,29.7,33.9,0.016,0.0,0.0,21.3,191.0,8.2,51.0
2016_REG_12_WSH_DAL_20161124,WTH_00455,70.0,0.0,0.0,INDOOR,0,2016-11-24 12:00:00,open_meteo_indoor_controlled_daily_values,AT&T Stadium,32.7473,-97.0945,70.0,70.0,70.0,70.0,70.0,70.0,70.0,0.0,0.0,0.0,0.0,,,
2016_REG_13_BUF_LV_20161204,WTH_00456,50.1,0.0,4.9,WMO_3,0,2016-12-04 12:00:00,open_meteo_daily_by_venue_coordinates,Oakland Coliseum,37.7516,-122.2005,59.8,42.7,50.1,47.9,57.8,39.4,47.9,0.0,0.0,0.0,12.8,256.0,8.22,3.0
2016_REG_13_CAR_SEA_20161204,WTH_00457,42.1,0.402,14.2,WMO_55|PRECIP,0,2016-12-04 12:00:00,open_meteo_daily_by_venue_coordinates,Lumen Field,47.5952,-122.3316,46.3,37.8,42.1,36.4,39.3,33.2,36.4,0.402,0.0,0.0,27.5,209.0,3.61,55.0
2016_REG_13_DAL_MIN_20161201,WTH_00458,70.0,0.0,0.0,INDOOR,0,2016-12-01 12:00:00,open_meteo_indoor_controlled_daily_values,U.S. Bank Stadium,44.9738,-93.2575,70.0,70.0,70.0,70.0,70.0,70.0,70.0,0.0,0.0,0.0,0.0,,,
2016_REG_13_DEN_JAX_20161204,WTH_00459,65.9,0.0,10.0,WMO_3,0,2016-12-04 12:00:00,open_meteo_daily_by_venue_coordinates,EverBank Stadium,30.3239,-81.6373,76.4,59.9,65.9,65.1,75.5,58.4,65.1,0.0,0.0,0.0,20.8,105.0,11.83,3.0
2016_REG_13_DET_NO_20161204,WTH_00460,70.0,0.0,0.0,INDOOR,0,2016-12-04 12:00:00,open_meteo_indoor_controlled_daily_values,Caesars Superdome,29.9511,-90.0812,70.0,70.0,70.0,70.0,70.0,70.0,70.0,0.0,0.0,0.0,0.0,,,
2016_REG_13_HOU_GB_20161204,WTH_00461,30.6,0.181,7.7,WMO_73|SNOW,1,2016-12-04 12:00:00,open_meteo_daily_by_venue_coordinates,Lambeau Field,44.5013,-88.0622,33.1,26.8,30.6,23.8,26.3,19.9,23.8,0.0,1.295,0.098,15.4,180.0,1.92,73.0
2016_REG_13_IND_NYJ_20161205,WTH_00462,39.6,0.24,9.9,WMO_71|SNOW,1,2016-12-05 12:00:00,open_meteo_daily_by_venue_coordinates,MetLife Stadium,40.8135,-74.0745,47.2,35.9,39.6,33.7,40.1,29.7,33.7,0.232,0.055,0.033,21.5,246.0,4.93,71.0
2016_REG_13_KC_ATL_20161204,WTH_00463,70.0,0.0,0.0,INDOOR,0,2016-12-04 12:00:00,open_meteo_indoor_controlled_daily_values,Georgia Dome,33.7573,-84.4008,70.0,70.0,70.0,70.0,70.0,70.0,70.0,0.0,0.0,0.0,0.0,,,
2016_REG_13_LAR_NE_20161204,WTH_00464,34.5,0.0,9.7,WMO_3,0,2016-12-04 12:00:00,open_meteo_daily_by_venue_coordinates,Gillette Stadium,42.0909,-71.2643,40.0,30.0,34.5,26.5,32.1,22.5,26.5,0.0,0.0,0.0,20.4,322.0,9.03,3.0
2016_REG_13_MIA_BAL_20161204,WTH_00465,40.5,0.0,11.8,WMO_3,0,2016-12-04 12:00:00,open_meteo_daily_by_venue_coordinates,M&T Bank Stadium,39.278,-76.6227,46.0,34.6,40.5,33.4,40.9,27.7,33.4,0.0,0.0,0.0,19.5,293.0,6.99,3.0
2016_REG_13_NYG_PIT_20161204,WTH_00466,37.9,0.0,7.9,WMO_3,0,2016-12-04 12:00:00,open_meteo_daily_by_venue_coordinates,Acrisure Stadium,40.4468,-80.0158,42.7,33.7,37.9,31.9,36.0,28.7,31.9,0.0,0.0,0.0,17.4,151.0,5.36,3.0
2016_REG_13_PHI_CIN_20161204,WTH_00467,39.1,0.118,7.6,WMO_61|PRECIP,0,2016-12-04 12:00:00,open_meteo_daily_by_venue_coordinates,Paycor Stadium,39.0955,-84.516,45.0,35.9,39.1,33.1,38.0,30.0,33.1,0.118,0.0,0.0,19.0,105.0,3.54,61.0
2016_REG_13_SF_CHI_20161204,WTH_00468,34.3,0.417,7.4,WMO_75|SNOW,1,2016-12-04 12:00:00,open_meteo_daily_by_venue_coordinates,Soldier Field,41.8623,-87.6167,35.2,33.5,34.3,28.3,30.3,26.9,28.3,0.012,2.839,0.098,17.4,146.0,1.67,75.0
2016_REG_13_TB_LAC_20161204,WTH_00469,55.7,0.0,8.2,WMO_0,0,2016-12-04 12:00:00,open_meteo_daily_by_venue_coordinates,Qualcomm Stadium,32.7831,-117.1195,70.1,45.1,55.7,51.6,64.9,41.0,51.6,0.0,0.0,0.0,20.8,14.0,13.32,0.0
2016_REG_13_WSH_ARI_20161204,WTH_00470,70.0,0.0,0.0,INDOOR,0,2016-12-04 12:00:00,open_meteo_indoor_controlled_daily_values,State Farm Stadium,33.5276,-112.2626,70.0,70.0,70.0,70.0,70.0,70.0,70.0,0.0,0.0,0.0,0.0,,,
2016_REG_14_ARI_MIA_20161211,WTH_00471,72.2,0.594,18.9,WMO_61|PRECIP,1,2016-12-11 12:00:00,open_meteo_daily_by_venue_coordinates,Hard Rock Stadium,25.958,-80.2389,74.7,69.7,72.2,72.1,77.1,67.4,72.1,0.594,0.0,0.0,30.0,74.0,7.17,61.0
2016_REG_14_ATL_LAR_20161211,WTH_00472,60.6,0.008,5.4,WMO_51|PRECIP,0,2016-12-11 12:00:00,open_meteo_daily_by_venue_coordinates,Los Angeles Memorial Coliseum,34.0141,-118.2879,67.8,56.3,60.6,60.8,67.7,56.6,60.8,0.008,0.0,0.0,16.6,168.0,8.51,51.0
2016_REG_14_BAL_NE_20161212,WTH_00473,33.7,0.524,11.5,WMO_73|SNOW,1,2016-12-12 12:00:00,open_meteo_daily_by_venue_coordinates,Gillette Stadium,42.0909,-71.2643,42.9,27.6,33.7,27.4,36.4,20.4,27.4,0.394,0.937,0.098,33.3,210.0,2.23,73.0
2016_REG_14_CHI_DET_20161211,WTH_00474,70.0,0.0,0.0,INDOOR,0,2016-12-11 12:00:00,open_meteo_indoor_controlled_daily_values,Ford Field,42.34,-83.0456,70.0,70.0,70.0,70.0,70.0,70.0,70.0,0.0,0.0,0.0,0.0,,,
2016_REG_14_CIN_CLE_20161211,WTH_00475,27.8,0.205,15.0,WMO_73|SNOW,1,2016-12-11 12:00:00,open_meteo_daily_by_venue_coordinates,Huntington Bank Field,41.5061,-81.6995,32.1,25.8,27.8,17.5,21.3,15.5,17.5,0.0,1.516,0.262,27.1,184.0,2.26,73.0
2016_REG_14_DAL_NYG_20161211,WTH_00476,28.4,0.02,6.4,WMO_71|SNOW,1,2016-12-11 12:00:00,open_meteo_daily_by_venue_coordinates,MetLife Stadium,40.8135,-74.0745,35.0,23.6,28.4,20.8,27.0,16.2,20.8,0.0,0.138,0.033,16.3,241.0,6.3,71.0
2016_REG_14_DEN_TEN_20161211,WTH_00477,36.7,0.016,14.3,WMO_51|PRECIP,0,2016-12-11 12:00:00,open_meteo_daily_by_venue_coordinates,Nissan Stadium,36.1665,-86.7713,49.9,28.5,36.7,27.8,41.5,20.1,27.8,0.016,0.0,0.0,30.0,166.0,4.69,51.0
2016_REG_14_HOU_IND_20161211,WTH_00478,70.0,0.0,0.0,INDOOR,0,2016-12-11 12:00:00,open_meteo_indoor_controlled_daily_values,Lucas Oil Stadium,39.7601,-86.1639,70.0,70.0,70.0,70.0,70.0,70.0,70.0,0.0,0.0,0.0,0.0,,,
2016_REG_14_LAC_CAR_20161211,WTH_00479,32.8,0.0,4.6,WMO_3,0,2016-12-11 12:00:00,open_meteo_daily_by_venue_coordinates,Bank of America Stadium,35.2258,-80.8528,39.5,26.3,32.8,26.2,33.2,19.6,26.2,0.0,0.0,0.0,12.5,143.0,4.28,3.0
2016_REG_14_LV_KC_20161208,WTH_00480,23.0,0.0,12.2,WMO_3,0,2016-12-08 12:00:00,open_meteo_daily_by_venue_coordinates,Arrowhead Stadium,39.0489,-94.4839,26.6,18.9,23.0,12.0,16.8,7.6,12.0,0.0,0.0,0.033,25.9,307.0,10.29,3.0
2016_REG_14_MIN_JAX_20161211,WTH_00481,59.9,0.0,8.4,WMO_3,0,2016-12-11 12:00:00,open_meteo_daily_by_venue_coordinates,EverBank Stadium,30.3239,-81.6373,72.2,51.7,59.9,58.4,70.7,49.0,58.4,0.0,0.0,0.0,23.3,65.0,10.2,3.0
2016_REG_14_NO_TB_20161211,WTH_00482,65.1,0.031,11.4,WMO_51|PRECIP,0,2016-12-11 12:00:00,open_meteo_daily_by_venue_coordinates,Raymond James Stadium,27.9759,-82.5033,77.9,57.3,65.1,63.1,76.9,54.4,63.1,0.031,0.0,0.0,22.8,79.0,10.0,51.0
2016_REG_14_NYJ_SF_20161211,WTH_00483,51.0,0.142,3.8,WMO_61|PRECIP,0,2016-12-11 12:00:00,open_meteo_daily_by_venue_coordinates,Levi's Stadium,37.403,-121.97,58.5,45.8,51.0,49.9,59.8,43.8,49.9,0.142,0.0,0.0,15.7,234.0,7.61,61.0
2016_REG_14_PIT_BUF_20161211,WTH_00484,26.3,0.165,10.8,WMO_73|SNOW,1,2016-12-11 12:00:00,open_meteo_daily_by_venue_coordinates,Highmark Stadium,42.7738,-78.7868,29.6,23.7,26.3,17.9,19.8,16.0,17.9,0.0,1.24,0.23,22.8,190.0,3.24,73.0
2016_REG_14_SEA_GB_20161211,WTH_00485,21.9,0.299,7.6,WMO_73|SNOW,1,2016-12-11 12:00:00,open_meteo_daily_by_venue_coordinates,Lambeau Field,44.5013,-88.0622,30.4,16.0,21.9,14.4,24.0,8.6,14.4,0.0,2.122,0.295,14.1,94.0,1.91,73.0
2016_REG_14_WSH_PHI_20161211,WTH_00486,29.3,0.0,6.7,WMO_71|SNOW,1,2016-12-11 12:00:00,open_meteo_daily_by_venue_coordinates,Lincoln Financial Field,39.9008,-75.1675,34.4,24.6,29.3,21.7,26.1,16.4,21.7,0.0,0.055,0.0,16.8,232.0,5.09,71.0
2016_REG_15_CAR_WSH_20161219,WTH_00487,32.2,0.0,9.2,WMO_3,0,2016-12-19 12:00:00,open_meteo_daily_by_venue_coordinates,Northwest Stadium,38.9078,-76.8644,36.6,28.6,32.2,23.6,27.9,19.9,23.6,0.0,0.0,0.0,24.8,358.0,9.43,3.0
2016_REG_15_CLE_BUF_20161218,WTH_00488,29.9,0.677,15.6,WMO_73|SNOW,1,2016-12-18 12:00:00,open_meteo_daily_by_venue_coordinates,Highmark Stadium,42.7738,-78.7868,36.3,20.6,29.9,21.6,31.2,10.9,21.6,0.618,0.413,0.591,35.3,292.0,4.19,73.0
2016_REG_15_DET_NYG_20161218,WTH_00489,43.8,0.177,15.7,WMO_61|PRECIP,1,2016-12-18 12:00:00,open_meteo_daily_by_venue_coordinates,MetLife Stadium,40.8135,-74.0745,54.9,33.0,43.8,37.7,50.4,26.3,37.7,0.177,0.0,0.197,35.3,233.0,0.85,61.0
2016_REG_15_GB_CHI_20161218,WTH_00490,16.3,0.189,20.7,WMO_73|SNOW|WINDY,1,2016-12-18 12:00:00,open_meteo_daily_by_venue_coordinates,Soldier Field,41.8623,-87.6167,27.8,4.8,16.3,4.4,17.3,-6.5,4.4,0.0,1.35,0.459,35.8,309.0,7.61,73.0
2016_REG_15_IND_MIN_20161218,WTH_00491,70.0,0.0,0.0,INDOOR,0,2016-12-18 12:00:00,open_meteo_indoor_controlled_daily_values,U.S. Bank Stadium,44.9738,-93.2575,70.0,70.0,70.0,70.0,70.0,70.0,70.0,0.0,0.0,0.0,0.0,,,
2016_REG_15_JAX_HOU_20161218,WTH_00492,70.0,0.0,0.0,INDOOR,0,2016-12-18 12:00:00,open_meteo_indoor_controlled_daily_values,NRG Stadium,29.6847,-95.4107,70.0,70.0,70.0,70.0,70.0,70.0,70.0,0.0,0.0,0.0,0.0,,,
2016_REG_15_LAR_SEA_20161215,WTH_00493,32.1,0.0,8.8,WMO_3,0,2016-12-15 12:00:00,open_meteo_daily_by_venue_coordinates,Lumen Field,47.5952,-122.3316,36.9,27.6,32.1,25.2,30.9,21.3,25.2,0.0,0.0,0.033,17.2,37.0,3.66,3.0
2016_REG_15_LV_LAC_20161218,WTH_00494,49.9,0.0,7.7,WMO_0,0,2016-12-18 12:00:00,open_meteo_daily_by_venue_coordinates,Qualcomm Stadium,32.7831,-117.1195,60.4,42.2,49.9,45.1,56.0,35.7,45.1,0.0,0.0,0.0,17.0,42.0,13.21,0.0
2016_REG_15_MIA_NYJ_20161217,WTH_00495,28.6,0.551,6.8,WMO_75|SNOW,1,2016-12-17 12:00:00,open_meteo_daily_by_venue_coordinates,MetLife Stadium,40.8135,-74.0745,35.4,23.9,28.6,21.6,29.3,14.7,21.6,0.28,1.984,0.23,19.9,205.0,1.37,75.0
2016_REG_15_NE_DEN_20161218,WTH_00496,-4.4,0.0,6.4,WMO_3,1,2016-12-18 12:00:00,open_meteo_daily_by_venue_coordinates,Empower Field at Mile High,39.7439,-105.0201,24.0,-22.1,-4.4,-13.4,16.4,-31.5,-13.4,0.0,0.0,0.361,15.7,220.0,10.61,3.0
2016_REG_15_NO_ARI_20161218,WTH_00497,70.0,0.0,0.0,INDOOR,0,2016-12-18 12:00:00,open_meteo_indoor_controlled_daily_values,State Farm Stadium,33.5276,-112.2626,70.0,70.0,70.0,70.0,70.0,70.0,70.0,0.0,0.0,0.0,0.0,,,
2016_REG_15_PHI_BAL_20161218,WTH_00498,48.2,0.228,21.2,WMO_61|PRECIP|WINDY,1,2016-12-18 12:00:00,open_meteo_daily_by_venue_coordinates,M&T Bank Stadium,39.278,-76.6227,58.3,37.4,48.2,41.3,57.1,27.1,41.3,0.228,0.0,0.033,38.7,222.0,0.9,61.0
2016_REG_15_PIT_CIN_20161218,WTH_00499,31.2,0.941,13.3,WMO_73|SNOW,1,2016-12-18 12:00:00,open_meteo_daily_by_venue_coordinates,Paycor Stadium,39.0955,-84.516,53.1,25.1,31.2,22.9,51.9,14.3,22.9,0.913,0.22,0.033,46.8,309.0,4.06,73.0
2016_REG_15_SF_ATL_20161218,WTH_00500,70.0,0.0,0.0,INDOOR,0,2016-12-18 12:00:00,open_meteo_indoor_controlled_daily_values,Georgia Dome,33.7573,-84.4008,70.0,70.0,70.0,70.0,70.0,70.0,70.0,0.0,0.0,0.0,0.0,,,
2016_REG_15_TB_DAL_20161218,WTH_00501,70.0,0.0,0.0,INDOOR,0,2016-12-18 12:00:00,open_meteo_indoor_controlled_daily_values,AT&T Stadium,32.7473,-97.0945,70.0,70.0,70.0,70.0,70.0,70.0,70.0,0.0,0.0,0.0,0.0,,,
2016_REG_15_TEN_KC_20161218,WTH_00502,5.8,0.079,15.3,WMO_73|SNOW,1,2016-12-18 12:00:00,open_meteo_daily_by_venue_coordinates,Arrowhead Stadium,39.0489,-94.4839,13.2,-1.7,5.8,-4.8,3.5,-11.6,-4.8,0.0,0.579,0.131,31.1,325.0,10.34,73.0
2016_REG_16_ARI_SEA_20161224,WTH_00503,35.9,0.083,4.4,WMO_73|SNOW,1,2016-12-24 12:00:00,open_meteo_daily_by_venue_coordinates,Lumen Field,47.5952,-122.3316,39.8,33.7,35.9,31.6,35.5,29.5,31.6,0.051,0.22,0.098,10.5,194.0,3.83,73.0
2016_REG_16_ATL_CAR_20161224,WTH_00504,48.6,0.047,8.6,WMO_51|PRECIP,0,2016-12-24 12:00:00,open_meteo_daily_by_venue_coordinates,Bank of America Stadium,35.2258,-80.8528,59.1,41.3,48.6,44.9,55.9,35.8,44.9,0.047,0.0,0.0,19.7,214.0,5.84,51.0
2016_REG_16_BAL_PIT_20161225,WTH_00505,35.9,0.0,6.1,WMO_3,0,2016-12-25 12:00:00,open_meteo_daily_by_venue_coordinates,Acrisure Stadium,40.4468,-80.0158,40.5,32.4,35.9,30.4,35.1,26.7,30.4,0.0,0.0,0.066,15.2,42.0,4.53,3.0
2016_REG_16_CIN_HOU_20161224,WTH_00506,70.0,0.0,0.0,INDOOR,0,2016-12-24 12:00:00,open_meteo_indoor_controlled_daily_values,NRG Stadium,29.6847,-95.4107,70.0,70.0,70.0,70.0,70.0,70.0,70.0,0.0,0.0,0.0,0.0,,,
2016_REG_16_DEN_KC_20161225,WTH_00507,47.1,0.035,19.3,WMO_51|PRECIP,1,2016-12-25 12:00:00,open_meteo_daily_by_venue_coordinates,Arrowhead Stadium,39.0489,-94.4839,62.7,36.7,47.1,41.3,57.5,31.1,41.3,0.035,0.0,0.033,38.9,137.0,2.58,51.0
2016_REG_16_DET_DAL_20161226,WTH_00508,70.0,0.0,0.0,INDOOR,0,2016-12-26 12:00:00,open_meteo_indoor_controlled_daily_values,AT&T Stadium,32.7473,-97.0945,70.0,70.0,70.0,70.0,70.0,70.0,70.0,0.0,0.0,0.0,0.0,,,
2016_REG_16_IND_LV_20161224,WTH_00509,44.9,0.024,10.4,WMO_51|PRECIP,0,2016-12-24 12:00:00,open_meteo_daily_by_venue_coordinates,Oakland Coliseum,37.7516,-122.2005,50.9,39.2,44.9,39.0,44.6,33.6,39.0,0.024,0.0,0.0,27.3,291.0,9.52,51.0
2016_REG_16_LAC_CLE_20161224,WTH_00510,37.4,0.083,14.5,WMO_51|PRECIP,0,2016-12-24 12:00:00,open_meteo_daily_by_venue_coordinates,Huntington Bank Field,41.5061,-81.6995,39.9,34.5,37.4,29.1,32.0,25.3,29.1,0.083,0.0,0.492,27.1,223.0,4.06,51.0
2016_REG_16_MIA_BUF_20161224,WTH_00511,37.4,0.138,15.4,WMO_53|PRECIP,0,2016-12-24 12:00:00,open_meteo_daily_by_venue_coordinates,Highmark Stadium,42.7738,-78.7868,40.4,34.5,37.4,28.5,30.2,25.9,28.5,0.138,0.0,0.525,29.5,219.0,3.86,53.0
2016_REG_16_MIN_GB_20161224,WTH_00512,32.4,0.146,8.1,WMO_73|SNOW,1,2016-12-24 12:00:00,open_meteo_daily_by_venue_coordinates,Lambeau Field,44.5013,-88.0622,34.9,30.6,32.4,25.6,29.0,23.7,25.6,0.0,1.02,0.623,16.6,251.0,4.47,73.0
2016_REG_16_NYG_PHI_20161222,WTH_00513,36.4,0.0,11.8,WMO_3,0,2016-12-22 12:00:00,open_meteo_daily_by_venue_coordinates,Lincoln Financial Field,39.9008,-75.1675,49.8,26.8,36.4,28.9,42.0,19.8,28.9,0.0,0.0,0.0,23.5,249.0,7.79,3.0
2016_REG_16_NYJ_NE_20161224,WTH_00514,36.0,0.299,11.0,WMO_61|PRECIP,0,2016-12-24 12:00:00,open_meteo_daily_by_venue_coordinates,Gillette Stadium,42.0909,-71.2643,41.0,31.9,36.0,28.6,35.5,23.9,28.6,0.299,0.0,0.033,28.6,231.0,1.28,61.0
2016_REG_16_SF_LAR_20161224,WTH_00515,51.9,0.724,14.5,WMO_63|PRECIP,1,2016-12-24 12:00:00,open_meteo_daily_by_venue_coordinates,Los Angeles Memorial Coliseum,34.0141,-118.2879,55.7,46.6,51.9,47.3,52.4,43.3,47.3,0.724,0.0,0.0,28.2,212.0,10.72,63.0
2016_REG_16_TB_NO_20161224,WTH_00516,70.0,0.0,0.0,INDOOR,0,2016-12-24 12:00:00,open_meteo_indoor_controlled_daily_values,Caesars Superdome,29.9511,-90.0812,70.0,70.0,70.0,70.0,70.0,70.0,70.0,0.0,0.0,0.0,0.0,,,
2016_REG_16_TEN_JAX_20161224,WTH_00517,66.2,0.0,5.4,WMO_3,0,2016-12-24 12:00:00,open_meteo_daily_by_venue_coordinates,EverBank Stadium,30.3239,-81.6373,77.3,60.3,66.2,68.6,81.6,60.8,68.6,0.0,0.0,0.0,11.9,66.0,11.87,3.0
2016_REG_16_WSH_CHI_20161224,WTH_00518,34.2,0.071,10.7,WMO_73|SNOW,1,2016-12-24 12:00:00,open_meteo_daily_by_venue_coordinates,Soldier Field,41.8623,-87.6167,36.0,33.3,34.2,27.8,31.2,25.5,27.8,0.024,0.331,0.459,20.6,233.0,4.1,73.0
2016_REG_17_ARI_LAR_20170101,WTH_00519,47.3,0.264,9.1,WMO_61|PRECIP,0,2017-01-01 12:00:00,open_meteo_daily_by_venue_coordinates,Los Angeles Memorial Coliseum,34.0141,-118.2879,56.5,38.5,47.3,43.0,52.2,33.9,43.0,0.264,0.0,0.0,15.2,305.0,11.28,61.0
2016_REG_17_BAL_CIN_20170101,WTH_00520,40.7,0.0,13.2,WMO_3,0,2017-01-01 12:00:00,open_meteo_daily_by_venue_coordinates,Paycor Stadium,39.0955,-84.516,47.8,36.1,40.7,35.1,42.6,30.5,35.1,0.0,0.0,0.0,27.7,197.0,6.16,3.0
2016_REG_17_BUF_NYJ_20170101,WTH_00521,41.2,0.008,15.3,WMO_51|PRECIP,0,2017-01-01 12:00:00,open_meteo_daily_by_venue_coordinates,MetLife Stadium,40.8135,-74.0745,45.0,34.1,41.2,32.3,36.7,26.9,32.3,0.008,0.0,0.0,28.4,250.0,8.57,51.0
2016_REG_17_CAR_TB_20170101,WTH_00522,66.5,0.0,11.7,WMO_0,0,2017-01-01 12:00:00,open_meteo_daily_by_venue_coordinates,Raymond James Stadium,27.9759,-82.5033,80.7,55.8,66.5,66.1,80.5,54.5,66.1,0.0,0.0,0.0,21.9,151.0,14.19,0.0
2016_REG_17_CHI_MIN_20170101,WTH_00523,70.0,0.0,0.0,INDOOR,0,2017-01-01 12:00:00,open_meteo_indoor_controlled_daily_values,U.S. Bank Stadium,44.9738,-93.2575,70.0,70.0,70.0,70.0,70.0,70.0,70.0,0.0,0.0,0.0,0.0,,,
2016_REG_17_CLE_PIT_20170101,WTH_00524,36.5,0.067,14.4,WMO_53|PRECIP,0,2017-01-01 12:00:00,open_meteo_daily_by_venue_coordinates,Acrisure Stadium,40.4468,-80.0158,43.2,30.2,36.5,29.6,36.9,24.3,29.6,0.067,0.0,0.066,29.1,237.0,8.25,53.0
2016_REG_17_DAL_PHI_20170101,WTH_00525,43.0,0.0,15.3,WMO_3,0,2017-01-01 12:00:00,open_meteo_daily_by_venue_coordinates,Lincoln Financial Field,39.9008,-75.1675,48.7,35.2,43.0,34.2,41.0,28.5,34.2,0.0,0.0,0.0,28.9,243.0,8.9,3.0
2016_REG_17_GB_DET_20170101,WTH_00526,70.0,0.0,0.0,INDOOR,0,2017-01-01 12:00:00,open_meteo_indoor_controlled_daily_values,Ford Field,42.34,-83.0456,70.0,70.0,70.0,70.0,70.0,70.0,70.0,0.0,0.0,0.0,0.0,,,
2016_REG_17_HOU_TEN_20170101,WTH_00527,46.8,0.378,7.0,WMO_55|PRECIP,0,2017-01-01 12:00:00,open_meteo_daily_by_venue_coordinates,Nissan Stadium,36.1665,-86.7713,51.6,42.3,46.8,44.0,50.5,38.0,44.0,0.378,0.0,0.0,13.0,100.0,1.17,55.0
2016_REG_17_JAX_IND_20170101,WTH_00528,70.0,0.0,0.0,INDOOR,0,2017-01-01 12:00:00,open_meteo_indoor_controlled_daily_values,Lucas Oil Stadium,39.7601,-86.1639,70.0,70.0,70.0,70.0,70.0,70.0,70.0,0.0,0.0,0.0,0.0,,,
2016_REG_17_KC_LAC_20170101,WTH_00529,52.3,0.39,14.4,WMO_63|PRECIP,0,2017-01-01 12:00:00,open_meteo_daily_by_venue_coordinates,Qualcomm Stadium,32.7831,-117.1195,56.9,46.0,52.3,47.9,52.9,41.3,47.9,0.39,0.0,0.0,21.9,252.0,9.88,63.0
2016_REG_17_LV_DEN_20170101,WTH_00530,30.2,0.0,8.0,WMO_3,0,2017-01-01 12:00:00,open_meteo_daily_by_venue_coordinates,Empower Field at Mile High,39.7439,-105.0201,46.4,21.8,30.2,22.1,38.0,13.2,22.1,0.0,0.0,0.033,15.4,160.0,10.04,3.0
2016_REG_17_NE_MIA_20170101,WTH_00531,72.9,0.0,11.9,WMO_3,0,2017-01-01 12:00:00,open_meteo_daily_by_venue_coordinates,Hard Rock Stadium,25.958,-80.2389,81.0,65.3,72.9,73.9,82.6,65.5,73.9,0.0,0.0,0.0,23.7,126.0,13.53,3.0
2016_REG_17_NO_ATL_20170101,WTH_00532,70.0,0.0,0.0,INDOOR,0,2017-01-01 12:00:00,open_meteo_indoor_controlled_daily_values,Georgia Dome,33.7573,-84.4008,70.0,70.0,70.0,70.0,70.0,70.0,70.0,0.0,0.0,0.0,0.0,,,
2016_REG_17_NYG_WSH_20170101,WTH_00533,44.4,0.0,15.2,WMO_3,0,2017-01-01 12:00:00,open_meteo_daily_by_venue_coordinates,Northwest Stadium,38.9078,-76.8644,51.2,38.9,44.4,36.7,46.3,31.8,36.7,0.0,0.0,0.0,33.1,240.0,8.31,3.0
2016_REG_17_SEA_SF_20170101,WTH_00534,46.1,0.0,12.0,WMO_3,0,2017-01-01 12:00:00,open_meteo_daily_by_venue_coordinates,Levi's Stadium,37.403,-121.97,52.0,40.9,46.1,40.8,46.7,35.1,40.8,0.0,0.0,0.0,20.1,174.0,9.68,3.0
2017_CON_20_JAX_NE_20180121,WTH_00535,38.3,0.0,9.9,WMO_3,0,2018-01-21 12:00:00,open_meteo_daily_by_venue_coordinates,Gillette Stadium,42.0909,-71.2643,47.2,31.2,38.3,31.7,42.7,24.1,31.7,0.0,0.0,0.131,19.2,279.0,9.45,3.0
2017_CON_20_MIN_PHI_20180121,WTH_00536,38.7,0.0,6.9,WMO_3,0,2018-01-21 12:00:00,open_meteo_daily_by_venue_coordinates,Lincoln Financial Field,39.9008,-75.1675,48.7,30.8,38.7,32.8,44.5,23.5,32.8,0.0,0.0,0.033,9.8,279.0,4.8,3.0
2017_POST_18_ATL_LAR_20180106,WTH_00537,61.0,0.0,10.9,WMO_3,0,2018-01-06 12:00:00,open_meteo_daily_by_venue_coordinates,Los Angeles Memorial Coliseum,34.0141,-118.2879,69.6,57.3,61.0,61.4,69.1,57.8,61.4,0.0,0.0,0.0,23.5,237.0,8.6,3.0
2017_POST_18_BUF_JAX_20180107,WTH_00538,42.1,0.0,14.7,WMO_3,0,2018-01-07 12:00:00,open_meteo_daily_by_venue_coordinates,EverBank Stadium,30.3239,-81.6373,54.6,33.3,42.1,35.2,46.5,27.2,35.2,0.0,0.0,0.0,25.9,42.0,11.89,3.0
2017_POST_18_CAR_NO_20180107,WTH_00539,70.0,0.0,0.0,INDOOR,0,2018-01-07 12:00:00,open_meteo_indoor_controlled_daily_values,Caesars Superdome,29.9511,-90.0812,70.0,70.0,70.0,70.0,70.0,70.0,70.0,0.0,0.0,0.0,0.0,,,
2017_POST_18_TEN_KC_20180106,WTH_00540,20.3,0.0,9.1,WMO_3,0,2018-01-06 12:00:00,open_meteo_daily_by_venue_coordinates,Arrowhead Stadium,39.0489,-94.4839,31.6,12.4,20.3,10.3,21.7,2.2,10.3,0.0,0.0,0.033,21.9,89.0,9.27,3.0
2017_POST_19_ATL_PHI_20180113,WTH_00541,44.3,0.433,19.0,WMO_63|PRECIP,1,2018-01-13 12:00:00,open_meteo_daily_by_venue_coordinates,Lincoln Financial Field,39.9008,-75.1675,60.9,26.1,44.3,36.3,59.9,13.6,36.3,0.433,0.0,0.0,36.7,276.0,5.55,63.0
2017_POST_19_JAX_PIT_20180114,WTH_00542,5.1,0.0,6.2,WMO_3,1,2018-01-14 12:00:00,open_meteo_daily_by_venue_coordinates,Acrisure Stadium,40.4468,-80.0158,15.7,-3.7,5.1,-3.2,8.2,-12.8,-3.2,0.0,0.0,0.295,14.1,325.0,10.08,3.0
2017_POST_19_NO_MIN_20180114,WTH_00543,70.0,0.0,0.0,INDOOR,0,2018-01-14 12:00:00,open_meteo_indoor_controlled_daily_values,U.S. Bank Stadium,44.9738,-93.2575,70.0,70.0,70.0,70.0,70.0,70.0,70.0,0.0,0.0,0.0,0.0,,,
2017_POST_19_TEN_NE_20180113,WTH_00544,47.6,1.713,24.3,WMO_65|PRECIP|WINDY,1,2018-01-13 12:00:00,open_meteo_daily_by_venue_coordinates,Gillette Stadium,42.0909,-71.2643,57.7,23.3,47.6,40.4,52.7,11.7,40.4,1.713,0.0,0.066,67.6,215.0,5.95,65.0
2017_POST_21_PHI_NE_20180204,WTH_00545,70.0,0.0,0.0,INDOOR,0,2018-02-04 12:00:00,open_meteo_indoor_controlled_daily_values,U.S. Bank Stadium,44.9738,-93.2575,70.0,70.0,70.0,70.0,70.0,70.0,70.0,0.0,0.0,0.0,0.0,,,
2017_REG_01_ARI_DET_20170910,WTH_00546,70.0,0.0,0.0,INDOOR,0,2017-09-10 12:00:00,open_meteo_indoor_controlled_daily_values,Ford Field,42.34,-83.0456,70.0,70.0,70.0,70.0,70.0,70.0,70.0,0.0,0.0,0.0,0.0,,,
2017_REG_01_ATL_CHI_20170910,WTH_00547,60.5,0.0,10.2,WMO_0,0,2017-09-10 12:00:00,open_meteo_daily_by_venue_coordinates,Soldier Field,41.8623,-87.6167,67.0,53.3,60.5,57.2,63.9,49.2,57.2,0.0,0.0,0.0,18.8,111.0,21.92,0.0
2017_REG_01_BAL_CIN_20170910,WTH_00548,60.8,0.0,8.1,WMO_0,0,2017-09-10 12:00:00,open_meteo_daily_by_venue_coordinates,Paycor Stadium,39.0955,-84.516,72.1,51.0,60.8,57.9,70.3,47.9,57.9,0.0,0.0,0.0,19.7,64.0,22.73,0.0
2017_REG_01_CAR_SF_20170910,WTH_00549,75.7,0.0,11.2,WMO_1,0,2017-09-10 12:00:00,open_meteo_daily_by_venue_coordinates,Levi's Stadium,37.403,-121.97,96.3,66.2,75.7,77.1,94.0,68.8,77.1,0.0,0.0,0.0,24.2,325.0,22.15,1.0
2017_REG_01_IND_LAR_20170910,WTH_00550,71.7,0.0,14.7,WMO_3,0,2017-09-10 12:00:00,open_meteo_daily_by_venue_coordinates,Los Angeles Memorial Coliseum,34.0141,-118.2879,85.8,65.0,71.7,73.3,87.2,67.1,73.3,0.0,0.0,0.0,26.2,254.0,18.2,3.0
2017_REG_01_JAX_HOU_20170910,WTH_00551,70.0,0.0,0.0,INDOOR,0,2017-09-10 12:00:00,open_meteo_indoor_controlled_daily_values,NRG Stadium,29.6847,-95.4107,70.0,70.0,70.0,70.0,70.0,70.0,70.0,0.0,0.0,0.0,0.0,,,
2017_REG_01_KC_NE_20170907,WTH_00552,64.8,0.996,10.6,WMO_65|PRECIP,1,2017-09-07 12:00:00,open_meteo_daily_by_venue_coordinates,Gillette Stadium,42.0909,-71.2643,72.0,59.5,64.8,65.4,72.1,58.4,65.4,0.996,0.0,0.0,35.6,265.0,14.64,65.0
2017_REG_01_LAC_DEN_20170911,WTH_00553,71.8,0.134,9.3,WMO_61|PRECIP,0,2017-09-11 12:00:00,open_meteo_daily_by_venue_coordinates,Empower Field at Mile High,39.7439,-105.0201,83.3,60.3,71.8,69.3,81.9,57.1,69.3,0.134,0.0,0.0,22.1,232.0,16.46,61.0
2017_REG_01_LV_TEN_20170910,WTH_00554,66.0,0.0,8.3,WMO_3,0,2017-09-10 12:00:00,open_meteo_daily_by_venue_coordinates,Nissan Stadium,36.1665,-86.7713,75.9,55.8,66.0,65.4,77.4,54.2,65.4,0.0,0.0,0.0,16.1,49.0,20.97,3.0
2017_REG_01_NO_MIN_20170911,WTH_00555,70.0,0.0,0.0,INDOOR,0,2017-09-11 12:00:00,open_meteo_indoor_controlled_daily_values,U.S. Bank Stadium,44.9738,-93.2575,70.0,70.0,70.0,70.0,70.0,70.0,70.0,0.0,0.0,0.0,0.0,,,
2017_REG_01_NYG_DAL_20170910,WTH_00556,70.0,0.0,0.0,INDOOR,0,2017-09-10 12:00:00,open_meteo_indoor_controlled_daily_values,AT&T Stadium,32.7473,-97.0945,70.0,70.0,70.0,70.0,70.0,70.0,70.0,0.0,0.0,0.0,0.0,,,
2017_REG_01_NYJ_BUF_20170910,WTH_00557,56.8,0.0,5.5,WMO_3,0,2017-09-10 12:00:00,open_meteo_daily_by_venue_coordinates,Highmark Stadium,42.7738,-78.7868,64.6,48.8,56.8,54.7,61.7,46.7,54.7,0.0,0.0,0.0,14.5,28.0,18.45,3.0
2017_REG_01_PHI_WSH_20170910,WTH_00558,61.0,0.0,8.6,WMO_1,0,2017-09-10 12:00:00,open_meteo_daily_by_venue_coordinates,Northwest Stadium,38.9078,-76.8644,71.7,52.2,61.0,58.0,70.4,48.1,58.0,0.0,0.0,0.0,20.8,19.0,22.33,1.0
2017_REG_01_PIT_CLE_20170910,WTH_00559,57.1,0.0,16.1,WMO_0,0,2017-09-10 12:00:00,open_meteo_daily_by_venue_coordinates,Huntington Bank Field,41.5061,-81.6995,66.7,48.9,57.1,53.8,65.1,45.5,53.8,0.0,0.0,0.0,26.4,68.0,21.79,0.0
2017_REG_01_SEA_GB_20170910,WTH_00560,58.7,0.0,8.9,WMO_0,0,2017-09-10 12:00:00,open_meteo_daily_by_venue_coordinates,Lambeau Field,44.5013,-88.0622,71.0,48.2,58.7,56.1,69.2,44.0,56.1,0.0,0.0,0.0,17.0,160.0,20.87,0.0
2017_REG_02_ARI_IND_20170917,WTH_00561,70.0,0.0,0.0,INDOOR,0,2017-09-17 12:00:00,open_meteo_indoor_controlled_daily_values,Lucas Oil Stadium,39.7601,-86.1639,70.0,70.0,70.0,70.0,70.0,70.0,70.0,0.0,0.0,0.0,0.0,,,
2017_REG_02_BUF_CAR_20170917,WTH_00562,73.4,0.0,6.1,WMO_3,0,2017-09-17 12:00:00,open_meteo_daily_by_venue_coordinates,Bank of America Stadium,35.2258,-80.8528,82.0,67.0,73.4,76.7,87.0,69.5,76.7,0.0,0.0,0.0,13.2,30.0,17.43,3.0
2017_REG_02_CHI_TB_20170917,WTH_00563,79.9,0.098,10.4,WMO_61|PRECIP,0,2017-09-17 12:00:00,open_meteo_daily_by_venue_coordinates,Raymond James Stadium,27.9759,-82.5033,86.8,74.3,79.9,86.9,92.9,81.4,86.9,0.098,0.0,0.0,18.1,20.0,21.15,61.0
2017_REG_02_CLE_BAL_20170917,WTH_00564,72.4,0.051,7.2,WMO_53|PRECIP,0,2017-09-17 12:00:00,open_meteo_daily_by_venue_coordinates,M&T Bank Stadium,39.278,-76.6227,78.5,66.9,72.4,78.0,87.2,71.4,78.0,0.051,0.0,0.0,14.5,74.0,15.39,53.0
2017_REG_02_DAL_DEN_20170917,WTH_00565,59.0,0.035,9.8,WMO_51|PRECIP,0,2017-09-17 12:00:00,open_meteo_daily_by_venue_coordinates,Empower Field at Mile High,39.7439,-105.0201,70.5,49.1,59.0,57.1,69.4,44.6,57.1,0.035,0.0,0.0,21.0,358.0,16.84,51.0
2017_REG_02_DET_NYG_20170918,WTH_00566,69.9,0.008,10.7,WMO_51|PRECIP,0,2017-09-18 12:00:00,open_meteo_daily_by_venue_coordinates,MetLife Stadium,40.8135,-74.0745,74.7,66.1,69.9,73.1,76.5,69.6,73.1,0.008,0.0,0.0,21.3,69.0,9.36,51.0
2017_REG_02_GB_ATL_20170917,WTH_00567,70.0,0.0,0.0,INDOOR,0,2017-09-17 12:00:00,open_meteo_indoor_controlled_daily_values,Mercedes-Benz Stadium,33.7554,-84.4009,70.0,70.0,70.0,70.0,70.0,70.0,70.0,0.0,0.0,0.0,0.0,,,
2017_REG_02_HOU_CIN_20170914,WTH_00568,64.3,0.189,6.0,WMO_61|PRECIP,0,2017-09-14 12:00:00,open_meteo_daily_by_venue_coordinates,Paycor Stadium,39.0955,-84.516,72.7,60.4,64.3,65.7,74.2,61.3,65.7,0.189,0.0,0.0,15.0,229.0,10.87,61.0
2017_REG_02_MIA_LAC_20170917,WTH_00569,69.6,0.0,12.2,WMO_3,0,2017-09-17 12:00:00,open_meteo_daily_by_venue_coordinates,StubHub Center,33.8644,-118.2611,75.8,66.3,69.6,70.9,75.3,67.8,70.9,0.0,0.0,0.0,21.9,253.0,13.49,3.0
2017_REG_02_MIN_PIT_20170917,WTH_00570,68.6,0.02,3.9,WMO_51|PRECIP,0,2017-09-17 12:00:00,open_meteo_daily_by_venue_coordinates,Acrisure Stadium,40.4468,-80.0158,78.3,60.3,68.6,72.6,84.2,63.0,72.6,0.02,0.0,0.0,10.7,106.0,16.19,51.0
2017_REG_02_NE_NO_20170917,WTH_00571,70.0,0.0,0.0,INDOOR,0,2017-09-17 12:00:00,open_meteo_indoor_controlled_daily_values,Caesars Superdome,29.9511,-90.0812,70.0,70.0,70.0,70.0,70.0,70.0,70.0,0.0,0.0,0.0,0.0,,,
2017_REG_02_NYJ_LV_20170917,WTH_00572,62.2,0.0,8.6,WMO_3,0,2017-09-17 12:00:00,open_meteo_daily_by_venue_coordinates,Oakland Coliseum,37.7516,-122.2005,69.8,57.6,62.2,61.5,69.8,56.1,61.5,0.0,0.0,0.0,20.4,208.0,21.51,3.0
2017_REG_02_PHI_KC_20170917,WTH_00573,70.4,0.713,13.7,WMO_65|PRECIP,1,2017-09-17 12:00:00,open_meteo_daily_by_venue_coordinates,Arrowhead Stadium,39.0489,-94.4839,78.6,64.4,70.4,74.2,81.3,67.3,74.2,0.713,0.0,0.0,27.1,113.0,5.8,65.0
2017_REG_02_SF_SEA_20170917,WTH_00574,60.4,0.224,15.1,WMO_61|PRECIP,0,2017-09-17 12:00:00,open_meteo_daily_by_venue_coordinates,Lumen Field,47.5952,-122.3316,73.8,55.6,60.4,56.6,70.4,50.6,56.6,0.224,0.0,0.0,32.7,185.0,8.96,61.0
2017_REG_02_TEN_JAX_20170917,WTH_00575,77.3,0.028,10.4,WMO_53|PRECIP,0,2017-09-17 12:00:00,open_meteo_daily_by_venue_coordinates,EverBank Stadium,30.3239,-81.6373,83.7,70.9,77.3,83.2,88.3,75.6,83.2,0.028,0.0,0.0,19.0,8.0,20.13,53.0
2017_REG_02_WSH_LAR_20170917,WTH_00576,68.7,0.004,14.0,WMO_51|PRECIP,0,2017-09-17 12:00:00,open_meteo_daily_by_venue_coordinates,Los Angeles Memorial Coliseum,34.0141,-118.2879,74.0,64.9,68.7,69.8,73.6,66.4,69.8,0.004,0.0,0.0,24.8,241.0,13.73,51.0
2017_REG_03_ATL_DET_20170924,WTH_00577,70.0,0.0,0.0,INDOOR,0,2017-09-24 12:00:00,open_meteo_indoor_controlled_daily_values,Ford Field,42.34,-83.0456,70.0,70.0,70.0,70.0,70.0,70.0,70.0,0.0,0.0,0.0,0.0,,,
2017_REG_03_BAL_JAX_20170924,WTH_00578,60.0,0.02,10.6,WMO_53|PRECIP,0,2017-09-24 12:00:00,open_meteo_daily_by_venue_coordinates,Wembley Stadium,51.556,-0.2796,68.7,52.0,60.0,57.5,64.8,49.9,57.5,0.02,0.0,0.0,22.8,124.0,12.96,53.0
2017_REG_03_CIN_GB_20170924,WTH_00579,79.6,0.004,10.0,WMO_51|PRECIP,0,2017-09-24 12:00:00,open_meteo_daily_by_venue_coordinates,Lambeau Field,44.5013,-88.0622,88.5,71.3,79.6,82.6,90.7,75.0,82.6,0.004,0.0,0.0,23.7,190.0,16.08,51.0
2017_REG_03_CLE_IND_20170924,WTH_00580,70.0,0.0,0.0,INDOOR,0,2017-09-24 12:00:00,open_meteo_indoor_controlled_daily_values,Lucas Oil Stadium,39.7601,-86.1639,70.0,70.0,70.0,70.0,70.0,70.0,70.0,0.0,0.0,0.0,0.0,,,
2017_REG_03_DAL_ARI_20170925,WTH_00581,70.0,0.0,0.0,INDOOR,0,2017-09-25 12:00:00,open_meteo_indoor_controlled_daily_values,State Farm Stadium,33.5276,-112.2626,70.0,70.0,70.0,70.0,70.0,70.0,70.0,0.0,0.0,0.0,0.0,,,
2017_REG_03_DEN_BUF_20170924,WTH_00582,73.8,0.0,6.1,WMO_0,0,2017-09-24 12:00:00,open_meteo_daily_by_venue_coordinates,Highmark Stadium,42.7738,-78.7868,81.9,65.3,73.8,77.1,87.2,68.2,77.1,0.0,0.0,0.0,14.3,226.0,18.04,0.0
2017_REG_03_HOU_NE_20170924,WTH_00583,70.8,0.0,5.9,WMO_3,0,2017-09-24 12:00:00,open_meteo_daily_by_venue_coordinates,Gillette Stadium,42.0909,-71.2643,85.9,60.6,70.8,74.4,91.3,62.2,74.4,0.0,0.0,0.0,13.9,46.0,18.14,3.0
2017_REG_03_KC_LAC_20170924,WTH_00584,67.4,0.0,13.2,WMO_0,0,2017-09-24 12:00:00,open_meteo_daily_by_venue_coordinates,StubHub Center,33.8644,-118.2611,83.9,55.7,67.4,66.4,82.4,54.4,66.4,0.0,0.0,0.0,23.3,255.0,21.72,0.0
2017_REG_03_LAR_SF_20170921,WTH_00585,62.9,0.0,14.2,WMO_3,0,2017-09-21 12:00:00,open_meteo_daily_by_venue_coordinates,Levi's Stadium,37.403,-121.97,70.2,55.9,62.9,59.9,68.5,54.2,59.9,0.0,0.0,0.0,25.3,292.0,18.42,3.0
2017_REG_03_LV_WSH_20170924,WTH_00586,74.9,0.0,6.5,WMO_3,0,2017-09-24 12:00:00,open_meteo_daily_by_venue_coordinates,Northwest Stadium,38.9078,-76.8644,87.0,65.8,74.9,77.4,91.6,66.2,77.4,0.0,0.0,0.0,15.0,19.0,19.32,3.0
2017_REG_03_MIA_NYJ_20170924,WTH_00587,75.7,0.0,7.9,WMO_0,0,2017-09-24 12:00:00,open_meteo_daily_by_venue_coordinates,MetLife Stadium,40.8135,-74.0745,88.2,66.7,75.7,78.2,93.4,67.6,78.2,0.0,0.0,0.0,14.1,9.0,18.67,0.0
2017_REG_03_NO_CAR_20170924,WTH_00588,75.8,0.0,10.1,WMO_3,0,2017-09-24 12:00:00,open_meteo_daily_by_venue_coordinates,Bank of America Stadium,35.2258,-80.8528,85.7,66.7,75.8,76.7,85.3,67.9,76.7,0.0,0.0,0.0,21.0,54.0,16.13,3.0
2017_REG_03_NYG_PHI_20170924,WTH_00589,77.1,0.0,5.2,WMO_1,0,2017-09-24 12:00:00,open_meteo_daily_by_venue_coordinates,Lincoln Financial Field,39.9008,-75.1675,90.4,66.2,77.1,80.1,94.5,68.4,80.1,0.0,0.0,0.0,11.6,11.0,18.95,1.0
2017_REG_03_PIT_CHI_20170924,WTH_00590,78.6,0.0,10.5,WMO_1,0,2017-09-24 12:00:00,open_meteo_daily_by_venue_coordinates,Soldier Field,41.8623,-87.6167,86.9,71.0,78.6,81.7,88.8,74.6,81.7,0.0,0.0,0.0,19.2,131.0,17.04,1.0
2017_REG_03_SEA_TEN_20170924,WTH_00591,76.9,0.0,5.2,WMO_2,0,2017-09-24 12:00:00,open_meteo_daily_by_venue_coordinates,Nissan Stadium,36.1665,-86.7713,86.8,68.1,76.9,82.8,93.4,72.8,82.8,0.0,0.0,0.0,12.1,86.0,17.72,2.0
2017_REG_03_TB_MIN_20170924,WTH_00592,70.0,0.0,0.0,INDOOR,0,2017-09-24 12:00:00,open_meteo_indoor_controlled_daily_values,U.S. Bank Stadium,44.9738,-93.2575,70.0,70.0,70.0,70.0,70.0,70.0,70.0,0.0,0.0,0.0,0.0,,,
2017_REG_04_BUF_ATL_20171001,WTH_00593,70.0,0.0,0.0,INDOOR,0,2017-10-01 12:00:00,open_meteo_indoor_controlled_daily_values,Mercedes-Benz Stadium,33.7554,-84.4009,70.0,70.0,70.0,70.0,70.0,70.0,70.0,0.0,0.0,0.0,0.0,,,
2017_REG_04_CAR_NE_20171001,WTH_00594,53.1,0.0,7.2,WMO_3,0,2017-10-01 12:00:00,open_meteo_daily_by_venue_coordinates,Gillette Stadium,42.0909,-71.2643,65.3,44.6,53.1,49.4,61.6,40.1,49.4,0.0,0.0,0.0,18.1,329.0,18.15,3.0
2017_REG_04_CHI_GB_20170928,WTH_00595,59.7,0.012,13.8,WMO_51|PRECIP,0,2017-09-28 12:00:00,open_meteo_daily_by_venue_coordinates,Lambeau Field,44.5013,-88.0622,69.9,52.3,59.7,55.1,64.5,48.3,55.1,0.012,0.0,0.0,28.9,254.0,15.27,51.0
2017_REG_04_CIN_CLE_20171001,WTH_00596,53.8,0.0,12.9,WMO_3,0,2017-10-01 12:00:00,open_meteo_daily_by_venue_coordinates,Huntington Bank Field,41.5061,-81.6995,64.8,45.3,53.8,49.6,63.4,40.6,49.6,0.0,0.0,0.0,21.5,102.0,18.49,3.0
2017_REG_04_DET_MIN_20171001,WTH_00597,70.0,0.0,0.0,INDOOR,0,2017-10-01 12:00:00,open_meteo_indoor_controlled_daily_values,U.S. Bank Stadium,44.9738,-93.2575,70.0,70.0,70.0,70.0,70.0,70.0,70.0,0.0,0.0,0.0,0.0,,,
2017_REG_04_IND_SEA_20171001,WTH_00598,55.1,0.126,11.6,WMO_53|PRECIP,0,2017-10-01 12:00:00,open_meteo_daily_by_venue_coordinates,Lumen Field,47.5952,-122.3316,59.8,52.4,55.1,52.8,56.2,49.0,52.8,0.126,0.0,0.0,20.8,312.0,9.93,53.0
2017_REG_04_JAX_NYJ_20171001,WTH_00599,57.3,0.0,13.4,WMO_1,0,2017-10-01 12:00:00,open_meteo_daily_by_venue_coordinates,MetLife Stadium,40.8135,-74.0745,67.6,50.1,57.3,54.1,65.4,47.0,54.1,0.0,0.0,0.0,28.9,5.0,18.38,1.0
2017_REG_04_LAR_DAL_20171001,WTH_00600,70.0,0.0,0.0,INDOOR,0,2017-10-01 12:00:00,open_meteo_indoor_controlled_daily_values,AT&T Stadium,32.7473,-97.0945,70.0,70.0,70.0,70.0,70.0,70.0,70.0,0.0,0.0,0.0,0.0,,,
2017_REG_04_LV_DEN_20171001,WTH_00601,56.4,0.035,14.0,WMO_53|PRECIP,0,2017-10-01 12:00:00,open_meteo_daily_by_venue_coordinates,Empower Field at Mile High,39.7439,-105.0201,71.4,43.8,56.4,51.2,66.9,39.6,51.2,0.035,0.0,0.0,27.1,266.0,15.54,53.0
2017_REG_04_NO_MIA_20171001,WTH_00602,60.3,0.071,18.0,WMO_53|PRECIP,0,2017-10-01 12:00:00,open_meteo_daily_by_venue_coordinates,Wembley Stadium,51.556,-0.2796,63.3,57.1,60.3,57.3,59.5,52.8,57.3,0.071,0.0,0.0,33.8,204.0,3.54,53.0
2017_REG_04_NYG_TB_20171001,WTH_00603,77.7,0.343,13.6,WMO_63|PRECIP,0,2017-10-01 12:00:00,open_meteo_daily_by_venue_coordinates,Raymond James Stadium,27.9759,-82.5033,86.4,73.5,77.7,84.6,95.2,80.2,84.6,0.343,0.0,0.0,23.7,73.0,15.76,63.0
2017_REG_04_PHI_LAC_20171001,WTH_00604,67.8,0.0,9.4,WMO_3,0,2017-10-01 12:00:00,open_meteo_daily_by_venue_coordinates,StubHub Center,33.8644,-118.2611,75.5,61.6,67.8,69.0,76.5,62.8,69.0,0.0,0.0,0.0,19.2,146.0,19.0,3.0
2017_REG_04_PIT_BAL_20171001,WTH_00605,57.0,0.0,8.7,WMO_0,0,2017-10-01 12:00:00,open_meteo_daily_by_venue_coordinates,M&T Bank Stadium,39.278,-76.6227,65.5,48.9,57.0,53.1,64.4,44.2,53.1,0.0,0.0,0.0,17.9,21.0,19.04,0.0
2017_REG_04_SF_ARI_20171001,WTH_00606,70.0,0.0,0.0,INDOOR,0,2017-10-01 12:00:00,open_meteo_indoor_controlled_daily_values,State Farm Stadium,33.5276,-112.2626,70.0,70.0,70.0,70.0,70.0,70.0,70.0,0.0,0.0,0.0,0.0,,,
2017_REG_04_TEN_HOU_20171001,WTH_00607,70.0,0.0,0.0,INDOOR,0,2017-10-01 12:00:00,open_meteo_indoor_controlled_daily_values,NRG Stadium,29.6847,-95.4107,70.0,70.0,70.0,70.0,70.0,70.0,70.0,0.0,0.0,0.0,0.0,,,
2017_REG_04_WSH_KC_20171002,WTH_00608,73.1,0.008,16.9,WMO_51|PRECIP,1,2017-10-02 12:00:00,open_meteo_daily_by_venue_coordinates,Arrowhead Stadium,39.0489,-94.4839,81.7,68.1,73.1,71.6,81.7,63.8,71.6,0.008,0.0,0.0,35.6,172.0,13.99,51.0
2017_REG_05_ARI_PHI_20171008,WTH_00609,74.3,0.146,13.1,WMO_53|PRECIP,0,2017-10-08 12:00:00,open_meteo_daily_by_venue_coordinates,Lincoln Financial Field,39.9008,-75.1675,76.4,72.2,74.3,77.9,82.5,74.6,77.9,0.146,0.0,0.0,23.9,201.0,3.17,53.0
2017_REG_05_BAL_LV_20171008,WTH_00610,62.9,0.0,6.8,WMO_0,0,2017-10-08 12:00:00,open_meteo_daily_by_venue_coordinates,Oakland Coliseum,37.7516,-122.2005,79.7,52.8,62.9,61.4,75.9,52.0,61.4,0.0,0.0,0.0,18.1,190.0,18.61,0.0
2017_REG_05_BUF_CIN_20171008,WTH_00611,68.0,0.858,16.5,WMO_63|PRECIP,1,2017-10-08 12:00:00,open_meteo_daily_by_venue_coordinates,Paycor Stadium,39.0955,-84.516,74.6,63.5,68.0,69.8,74.2,65.7,69.8,0.858,0.0,0.0,38.5,189.0,3.05,63.0
2017_REG_05_CAR_DET_20171008,WTH_00612,70.0,0.0,0.0,INDOOR,0,2017-10-08 12:00:00,open_meteo_indoor_controlled_daily_values,Ford Field,42.34,-83.0456,70.0,70.0,70.0,70.0,70.0,70.0,70.0,0.0,0.0,0.0,0.0,,,
2017_REG_05_GB_DAL_20171008,WTH_00613,70.0,0.0,0.0,INDOOR,0,2017-10-08 12:00:00,open_meteo_indoor_controlled_daily_values,AT&T Stadium,32.7473,-97.0945,70.0,70.0,70.0,70.0,70.0,70.0,70.0,0.0,0.0,0.0,0.0,,,
2017_REG_05_JAX_PIT_20171008,WTH_00614,71.4,0.205,14.5,WMO_61|PRECIP,1,2017-10-08 12:00:00,open_meteo_daily_by_venue_coordinates,Acrisure Stadium,40.4468,-80.0158,74.0,67.2,71.4,72.0,75.8,69.1,72.0,0.205,0.0,0.0,35.6,204.0,7.78,61.0
2017_REG_05_KC_HOU_20171008,WTH_00615,70.0,0.0,0.0,INDOOR,0,2017-10-08 12:00:00,open_meteo_indoor_controlled_daily_values,NRG Stadium,29.6847,-95.4107,70.0,70.0,70.0,70.0,70.0,70.0,70.0,0.0,0.0,0.0,0.0,,,
2017_REG_05_LAC_NYG_20171008,WTH_00616,72.9,0.193,15.2,WMO_61|PRECIP,0,2017-10-08 12:00:00,open_meteo_daily_by_venue_coordinates,MetLife Stadium,40.8135,-74.0745,77.1,70.6,72.9,74.9,81.4,70.1,74.9,0.193,0.0,0.0,33.1,199.0,3.76,61.0
2017_REG_05_MIN_CHI_20171009,WTH_00617,64.8,0.0,10.5,WMO_3,0,2017-10-09 12:00:00,open_meteo_daily_by_venue_coordinates,Soldier Field,41.8623,-87.6167,74.9,54.1,64.8,65.1,76.8,53.5,65.1,0.0,0.0,0.0,14.3,161.0,14.81,3.0
2017_REG_05_NE_TB_20171005,WTH_00618,76.0,0.11,20.5,WMO_53|PRECIP|WINDY,1,2017-10-05 12:00:00,open_meteo_daily_by_venue_coordinates,Raymond James Stadium,27.9759,-82.5033,79.9,74.0,76.0,77.8,81.6,74.9,77.8,0.11,0.0,0.0,33.6,54.0,10.35,53.0
2017_REG_05_NYJ_CLE_20171008,WTH_00619,68.8,0.106,24.3,WMO_55|PRECIP|WINDY,1,2017-10-08 12:00:00,open_meteo_daily_by_venue_coordinates,Huntington Bank Field,41.5061,-81.6995,77.0,63.0,68.8,66.4,71.5,59.4,66.4,0.106,0.0,0.0,51.0,223.0,13.46,55.0
2017_REG_05_SEA_LAR_20171008,WTH_00620,68.7,0.0,11.8,WMO_3,0,2017-10-08 12:00:00,open_meteo_daily_by_venue_coordinates,Los Angeles Memorial Coliseum,34.0141,-118.2879,80.5,58.5,68.7,68.2,79.8,58.8,68.2,0.0,0.0,0.0,21.9,153.0,18.34,3.0
2017_REG_05_SF_IND_20171008,WTH_00621,70.0,0.0,0.0,INDOOR,0,2017-10-08 12:00:00,open_meteo_indoor_controlled_daily_values,Lucas Oil Stadium,39.7601,-86.1639,70.0,70.0,70.0,70.0,70.0,70.0,70.0,0.0,0.0,0.0,0.0,,,
2017_REG_05_TEN_MIA_20171008,WTH_00622,80.9,0.079,8.1,WMO_53|PRECIP,0,2017-10-08 12:00:00,open_meteo_daily_by_venue_coordinates,Hard Rock Stadium,25.958,-80.2389,87.6,75.7,80.9,90.8,99.3,85.2,90.8,0.079,0.0,0.0,17.2,140.0,17.37,53.0
2017_REG_06_CHI_BAL_20171015,WTH_00623,66.2,0.0,10.8,WMO_3,0,2017-10-15 12:00:00,open_meteo_daily_by_venue_coordinates,M&T Bank Stadium,39.278,-76.6227,76.6,60.8,66.2,67.8,78.9,62.8,67.8,0.0,0.0,0.0,20.8,203.0,9.09,3.0
2017_REG_06_CLE_HOU_20171015,WTH_00624,70.0,0.0,0.0,INDOOR,0,2017-10-15 12:00:00,open_meteo_indoor_controlled_daily_values,NRG Stadium,29.6847,-95.4107,70.0,70.0,70.0,70.0,70.0,70.0,70.0,0.0,0.0,0.0,0.0,,,
2017_REG_06_DET_NO_20171015,WTH_00625,70.0,0.0,0.0,INDOOR,0,2017-10-15 12:00:00,open_meteo_indoor_controlled_daily_values,Caesars Superdome,29.9511,-90.0812,70.0,70.0,70.0,70.0,70.0,70.0,70.0,0.0,0.0,0.0,0.0,,,
2017_REG_06_GB_MIN_20171015,WTH_00626,70.0,0.0,0.0,INDOOR,0,2017-10-15 12:00:00,open_meteo_indoor_controlled_daily_values,U.S. Bank Stadium,44.9738,-93.2575,70.0,70.0,70.0,70.0,70.0,70.0,70.0,0.0,0.0,0.0,0.0,,,
2017_REG_06_IND_TEN_20171016,WTH_00627,56.2,0.024,10.5,WMO_53|PRECIP,0,2017-10-16 12:00:00,open_meteo_daily_by_venue_coordinates,Nissan Stadium,36.1665,-86.7713,63.1,51.2,56.2,51.3,57.5,46.9,51.3,0.024,0.0,0.0,21.5,7.0,15.7,53.0
2017_REG_06_LAC_LV_20171015,WTH_00628,67.5,0.0,12.5,WMO_3,0,2017-10-15 12:00:00,open_meteo_daily_by_venue_coordinates,Oakland Coliseum,37.7516,-122.2005,85.0,57.6,67.5,61.0,82.1,49.7,61.0,0.0,0.0,0.0,24.6,52.0,17.58,3.0
2017_REG_06_LAR_JAX_20171015,WTH_00629,77.0,0.169,11.0,WMO_53|PRECIP,0,2017-10-15 12:00:00,open_meteo_daily_by_venue_coordinates,EverBank Stadium,30.3239,-81.6373,81.9,73.8,77.0,83.6,88.0,81.2,83.6,0.169,0.0,0.0,20.4,71.0,14.64,53.0
2017_REG_06_MIA_ATL_20171015,WTH_00630,70.0,0.0,0.0,INDOOR,0,2017-10-15 12:00:00,open_meteo_indoor_controlled_daily_values,Mercedes-Benz Stadium,33.7554,-84.4009,70.0,70.0,70.0,70.0,70.0,70.0,70.0,0.0,0.0,0.0,0.0,,,
2017_REG_06_NE_NYJ_20171015,WTH_00631,67.5,0.0,14.6,WMO_3,0,2017-10-15 12:00:00,open_meteo_daily_by_venue_coordinates,MetLife Stadium,40.8135,-74.0745,74.5,62.9,67.5,68.9,72.7,65.8,68.9,0.0,0.0,0.0,27.3,215.0,7.59,3.0
2017_REG_06_NYG_DEN_20171015,WTH_00632,41.7,0.0,7.1,WMO_0,1,2017-10-15 12:00:00,open_meteo_daily_by_venue_coordinates,Empower Field at Mile High,39.7439,-105.0201,62.2,28.7,41.7,34.8,56.6,21.6,34.8,0.0,0.0,0.0,35.3,113.0,17.11,0.0
2017_REG_06_PHI_CAR_20171012,WTH_00633,74.8,0.063,7.1,WMO_53|PRECIP,0,2017-10-12 12:00:00,open_meteo_daily_by_venue_coordinates,Bank of America Stadium,35.2258,-80.8528,83.3,68.4,74.8,80.7,89.1,73.6,80.7,0.063,0.0,0.0,14.5,123.0,10.34,53.0
2017_REG_06_PIT_KC_20171015,WTH_00634,56.2,0.484,17.1,WMO_63|PRECIP,1,2017-10-15 12:00:00,open_meteo_daily_by_venue_coordinates,Arrowhead Stadium,39.0489,-94.4839,71.7,47.5,56.2,50.6,74.5,40.3,50.6,0.484,0.0,0.0,35.1,316.0,15.17,63.0
2017_REG_06_SF_WSH_20171015,WTH_00635,67.2,0.0,10.1,WMO_3,0,2017-10-15 12:00:00,open_meteo_daily_by_venue_coordinates,Northwest Stadium,38.9078,-76.8644,78.3,61.4,67.2,68.8,80.0,63.8,68.8,0.0,0.0,0.0,24.8,198.0,10.22,3.0
2017_REG_06_TB_ARI_20171015,WTH_00636,70.0,0.0,0.0,INDOOR,0,2017-10-15 12:00:00,open_meteo_indoor_controlled_daily_values,State Farm Stadium,33.5276,-112.2626,70.0,70.0,70.0,70.0,70.0,70.0,70.0,0.0,0.0,0.0,0.0,,,
2017_REG_07_ARI_LAR_20171022,WTH_00637,51.8,0.0,17.9,WMO_3,1,2017-10-22 12:00:00,open_meteo_daily_by_venue_coordinates,Twickenham Stadium,51.4559,-0.3417,55.3,49.1,51.8,43.8,46.3,40.1,43.8,0.0,0.0,0.0,37.6,266.0,6.39,3.0
2017_REG_07_ATL_NE_20171022,WTH_00638,60.7,0.0,5.8,WMO_3,0,2017-10-22 12:00:00,open_meteo_daily_by_venue_coordinates,Gillette Stadium,42.0909,-71.2643,76.7,51.6,60.7,58.5,74.3,48.5,58.5,0.0,0.0,0.0,10.7,229.0,13.27,3.0
2017_REG_07_BAL_MIN_20171022,WTH_00639,70.0,0.0,0.0,INDOOR,0,2017-10-22 12:00:00,open_meteo_indoor_controlled_daily_values,U.S. Bank Stadium,44.9738,-93.2575,70.0,70.0,70.0,70.0,70.0,70.0,70.0,0.0,0.0,0.0,0.0,,,
2017_REG_07_CAR_CHI_20171022,WTH_00640,64.5,0.374,21.2,WMO_61|PRECIP|WINDY,1,2017-10-22 12:00:00,open_meteo_daily_by_venue_coordinates,Soldier Field,41.8623,-87.6167,70.5,54.2,64.5,60.1,67.8,46.1,60.1,0.374,0.0,0.0,32.2,182.0,4.37,61.0
2017_REG_07_CIN_PIT_20171022,WTH_00641,61.8,0.0,7.5,WMO_3,0,2017-10-22 12:00:00,open_meteo_daily_by_venue_coordinates,Acrisure Stadium,40.4468,-80.0158,74.0,51.5,61.8,60.3,72.4,49.0,60.3,0.0,0.0,0.0,16.3,158.0,14.11,3.0
2017_REG_07_DAL_SF_20171022,WTH_00642,59.6,0.0,13.0,WMO_3,0,2017-10-22 12:00:00,open_meteo_daily_by_venue_coordinates,Levi's Stadium,37.403,-121.97,70.1,51.6,59.6,58.3,67.1,50.7,58.3,0.0,0.0,0.0,22.8,307.0,16.02,3.0
2017_REG_07_DEN_LAC_20171022,WTH_00643,70.0,0.0,11.3,WMO_0,0,2017-10-22 12:00:00,open_meteo_daily_by_venue_coordinates,StubHub Center,33.8644,-118.2611,92.8,56.8,70.0,65.7,87.4,50.5,65.7,0.0,0.0,0.0,20.8,320.0,17.11,0.0
2017_REG_07_JAX_IND_20171022,WTH_00644,70.0,0.0,0.0,INDOOR,0,2017-10-22 12:00:00,open_meteo_indoor_controlled_daily_values,Lucas Oil Stadium,39.7601,-86.1639,70.0,70.0,70.0,70.0,70.0,70.0,70.0,0.0,0.0,0.0,0.0,,,
2017_REG_07_KC_LV_20171019,WTH_00645,57.1,0.0,11.6,WMO_3,0,2017-10-19 12:00:00,open_meteo_daily_by_venue_coordinates,Oakland Coliseum,37.7516,-122.2005,64.1,53.3,57.1,54.6,62.1,50.3,54.6,0.0,0.0,0.0,23.9,245.0,12.97,3.0
2017_REG_07_NO_GB_20171022,WTH_00646,61.8,0.362,14.7,WMO_61|PRECIP,1,2017-10-22 12:00:00,open_meteo_daily_by_venue_coordinates,Lambeau Field,44.5013,-88.0622,67.3,52.4,61.8,59.0,64.8,50.1,59.0,0.362,0.0,0.0,36.2,201.0,1.79,61.0
2017_REG_07_NYJ_MIA_20171022,WTH_00647,80.2,0.083,14.0,WMO_61|PRECIP,0,2017-10-22 12:00:00,open_meteo_daily_by_venue_coordinates,Hard Rock Stadium,25.958,-80.2389,85.0,76.2,80.2,85.7,89.8,81.0,85.7,0.083,0.0,0.0,27.7,108.0,15.77,61.0
2017_REG_07_SEA_NYG_20171022,WTH_00648,60.3,0.0,8.1,WMO_3,0,2017-10-22 12:00:00,open_meteo_daily_by_venue_coordinates,MetLife Stadium,40.8135,-74.0745,71.0,51.7,60.3,57.8,66.9,48.2,57.8,0.0,0.0,0.0,16.3,197.0,13.64,3.0
2017_REG_07_TB_BUF_20171022,WTH_00649,65.0,0.0,11.5,WMO_3,0,2017-10-22 12:00:00,open_meteo_daily_by_venue_coordinates,Highmark Stadium,42.7738,-78.7868,75.8,57.4,65.0,60.9,73.5,51.8,60.9,0.0,0.0,0.0,21.5,178.0,12.7,3.0
2017_REG_07_TEN_CLE_20171022,WTH_00650,63.8,0.0,14.4,WMO_3,0,2017-10-22 12:00:00,open_meteo_daily_by_venue_coordinates,Huntington Bank Field,41.5061,-81.6995,74.8,55.9,63.8,60.1,70.7,51.3,60.1,0.0,0.0,0.0,22.1,168.0,13.47,3.0
2017_REG_07_WSH_PHI_20171023,WTH_00651,63.7,0.035,13.8,WMO_51|PRECIP,0,2017-10-23 12:00:00,open_meteo_daily_by_venue_coordinates,Lincoln Financial Field,39.9008,-75.1675,75.1,54.9,63.7,63.6,73.6,53.6,63.6,0.035,0.0,0.0,25.1,138.0,8.37,51.0
2017_REG_08_ATL_NYJ_20171029,WTH_00652,62.8,0.984,18.1,WMO_63|PRECIP,1,2017-10-29 12:00:00,open_meteo_daily_by_venue_coordinates,MetLife Stadium,40.8135,-74.0745,65.1,60.3,62.8,61.4,62.9,59.5,61.4,0.984,0.0,0.0,33.8,141.0,1.17,63.0
2017_REG_08_CAR_TB_20171029,WTH_00653,65.4,0.051,20.9,WMO_53|PRECIP|WINDY,1,2017-10-29 12:00:00,open_meteo_daily_by_venue_coordinates,Raymond James Stadium,27.9759,-82.5033,70.2,60.2,65.4,63.4,74.7,53.1,63.4,0.051,0.0,0.0,36.5,311.0,15.73,53.0
2017_REG_08_CHI_NO_20171029,WTH_00654,70.0,0.0,0.0,INDOOR,0,2017-10-29 12:00:00,open_meteo_indoor_controlled_daily_values,Caesars Superdome,29.9511,-90.0812,70.0,70.0,70.0,70.0,70.0,70.0,70.0,0.0,0.0,0.0,0.0,,,
2017_REG_08_DAL_WSH_20171029,WTH_00655,61.7,0.705,11.9,WMO_63|PRECIP,1,2017-10-29 12:00:00,open_meteo_daily_by_venue_coordinates,Northwest Stadium,38.9078,-76.8644,68.3,53.7,61.7,61.5,69.9,49.8,61.5,0.705,0.0,0.0,24.6,150.0,4.0,63.0
2017_REG_08_DEN_KC_20171030,WTH_00656,48.8,0.0,15.7,WMO_3,0,2017-10-30 12:00:00,open_meteo_daily_by_venue_coordinates,Arrowhead Stadium,39.0489,-94.4839,52.5,45.1,48.8,40.7,46.8,36.7,40.7,0.0,0.0,0.0,34.4,319.0,8.83,3.0
2017_REG_08_HOU_SEA_20171029,WTH_00657,52.1,0.0,10.3,WMO_3,0,2017-10-29 12:00:00,open_meteo_daily_by_venue_coordinates,Lumen Field,47.5952,-122.3316,60.1,47.8,52.1,50.5,60.9,45.6,50.5,0.0,0.0,0.0,19.9,14.0,7.31,3.0
2017_REG_08_IND_CIN_20171029,WTH_00658,38.9,0.0,9.7,WMO_3,0,2017-10-29 12:00:00,open_meteo_daily_by_venue_coordinates,Paycor Stadium,39.0955,-84.516,41.4,36.8,38.9,31.7,33.2,29.5,31.7,0.0,0.0,0.0,21.3,307.0,5.91,3.0
2017_REG_08_LAC_NE_20171029,WTH_00659,59.4,0.035,11.9,WMO_51|PRECIP,0,2017-10-29 12:00:00,open_meteo_daily_by_venue_coordinates,Gillette Stadium,42.0909,-71.2643,64.4,55.0,59.4,57.5,62.6,52.6,57.5,0.035,0.0,0.0,26.4,141.0,3.58,51.0
2017_REG_08_LV_BUF_20171029,WTH_00660,42.4,0.61,11.3,WMO_61|PRECIP,1,2017-10-29 12:00:00,open_meteo_daily_by_venue_coordinates,Highmark Stadium,42.7738,-78.7868,46.6,40.5,42.4,37.3,40.9,34.2,37.3,0.61,0.0,0.0,23.9,356.0,1.2,61.0
2017_REG_08_MIA_BAL_20171026,WTH_00661,51.8,0.012,14.2,WMO_51|PRECIP,0,2017-10-26 12:00:00,open_meteo_daily_by_venue_coordinates,M&T Bank Stadium,39.278,-76.6227,59.6,46.9,51.8,44.8,50.8,40.3,44.8,0.012,0.0,0.0,25.7,303.0,9.47,51.0
2017_REG_08_MIN_CLE_20171029,WTH_00662,53.0,0.02,14.4,WMO_51|PRECIP,0,2017-10-29 12:00:00,open_meteo_daily_by_venue_coordinates,Twickenham Stadium,51.4559,-0.3417,58.1,44.9,53.0,47.3,53.1,39.2,47.3,0.02,0.0,0.0,28.2,329.0,5.28,51.0
2017_REG_08_PIT_DET_20171029,WTH_00663,70.0,0.0,0.0,INDOOR,0,2017-10-29 12:00:00,open_meteo_indoor_controlled_daily_values,Ford Field,42.34,-83.0456,70.0,70.0,70.0,70.0,70.0,70.0,70.0,0.0,0.0,0.0,0.0,,,
2017_REG_08_SF_PHI_20171029,WTH_00664,62.7,1.858,14.3,WMO_65|PRECIP,1,2017-10-29 12:00:00,open_meteo_daily_by_venue_coordinates,Lincoln Financial Field,39.9008,-75.1675,66.5,60.8,62.7,63.0,67.0,59.9,63.0,1.858,0.0,0.0,33.3,128.0,1.26,65.0
2017_REG_09_ARI_SF_20171105,WTH_00665,52.7,0.0,10.2,WMO_3,0,2017-11-05 12:00:00,open_meteo_daily_by_venue_coordinates,Levi's Stadium,37.403,-121.97,60.1,45.9,52.7,47.9,54.1,40.7,47.9,0.0,0.0,0.0,17.7,289.0,13.25,3.0
2017_REG_09_ATL_CAR_20171105,WTH_00666,59.2,0.0,10.1,WMO_3,0,2017-11-05 12:00:00,open_meteo_daily_by_venue_coordinates,Bank of America Stadium,35.2258,-80.8528,68.5,53.8,59.2,58.7,69.1,52.0,58.7,0.0,0.0,0.0,18.8,51.0,5.86,3.0
2017_REG_09_BAL_TEN_20171105,WTH_00667,68.7,0.047,18.0,WMO_53|PRECIP,0,2017-11-05 12:00:00,open_meteo_daily_by_venue_coordinates,Nissan Stadium,36.1665,-86.7713,74.4,65.2,68.7,70.1,74.4,67.3,70.1,0.047,0.0,0.0,33.3,194.0,8.06,53.0
2017_REG_09_BUF_NYJ_20171102,WTH_00668,60.7,0.028,10.5,WMO_53|PRECIP,0,2017-11-02 12:00:00,open_meteo_daily_by_venue_coordinates,MetLife Stadium,40.8135,-74.0745,69.0,52.9,60.7,60.0,68.9,48.7,60.0,0.028,0.0,0.0,26.8,173.0,9.19,53.0
2017_REG_09_CIN_JAX_20171105,WTH_00669,68.1,0.02,13.3,WMO_51|PRECIP,0,2017-11-05 12:00:00,open_meteo_daily_by_venue_coordinates,EverBank Stadium,30.3239,-81.6373,74.8,63.7,68.1,70.6,77.9,66.0,70.6,0.02,0.0,0.0,23.3,26.0,12.03,51.0
2017_REG_09_DEN_PHI_20171105,WTH_00670,56.4,0.295,7.8,WMO_63|PRECIP,0,2017-11-05 12:00:00,open_meteo_daily_by_venue_coordinates,Lincoln Financial Field,39.9008,-75.1675,66.0,49.8,56.4,54.7,67.5,46.3,54.7,0.295,0.0,0.0,15.0,89.0,3.92,63.0
2017_REG_09_DET_GB_20171106,WTH_00671,33.2,0.0,10.8,WMO_3,0,2017-11-06 12:00:00,open_meteo_daily_by_venue_coordinates,Lambeau Field,44.5013,-88.0622,39.3,27.3,33.2,24.6,31.4,18.1,24.6,0.0,0.0,0.0,21.0,303.0,10.11,3.0
2017_REG_09_IND_HOU_20171105,WTH_00672,70.0,0.0,0.0,INDOOR,0,2017-11-05 12:00:00,open_meteo_indoor_controlled_daily_values,NRG Stadium,29.6847,-95.4107,70.0,70.0,70.0,70.0,70.0,70.0,70.0,0.0,0.0,0.0,0.0,,,
2017_REG_09_KC_DAL_20171105,WTH_00673,70.0,0.0,0.0,INDOOR,0,2017-11-05 12:00:00,open_meteo_indoor_controlled_daily_values,AT&T Stadium,32.7473,-97.0945,70.0,70.0,70.0,70.0,70.0,70.0,70.0,0.0,0.0,0.0,0.0,,,
2017_REG_09_LAR_NYG_20171105,WTH_00674,54.7,0.067,11.3,WMO_53|PRECIP,0,2017-11-05 12:00:00,open_meteo_daily_by_venue_coordinates,MetLife Stadium,40.8135,-74.0745,60.8,49.2,54.7,51.6,60.3,44.3,51.6,0.067,0.0,0.0,20.1,98.0,2.36,53.0
2017_REG_09_LV_MIA_20171105,WTH_00675,73.1,0.051,7.4,WMO_53|PRECIP,0,2017-11-05 12:00:00,open_meteo_daily_by_venue_coordinates,Hard Rock Stadium,25.958,-80.2389,80.5,67.1,73.1,77.7,87.1,69.9,77.7,0.051,0.0,0.0,16.6,357.0,15.66,53.0
2017_REG_09_TB_NO_20171105,WTH_00676,70.0,0.0,0.0,INDOOR,0,2017-11-05 12:00:00,open_meteo_indoor_controlled_daily_values,Caesars Superdome,29.9511,-90.0812,70.0,70.0,70.0,70.0,70.0,70.0,70.0,0.0,0.0,0.0,0.0,,,
2017_REG_09_WSH_SEA_20171105,WTH_00677,39.0,0.547,18.3,WMO_71|SNOW,1,2017-11-05 12:00:00,open_meteo_daily_by_venue_coordinates,Lumen Field,47.5952,-122.3316,40.8,37.0,39.0,31.6,34.6,28.2,31.6,0.535,0.083,0.033,34.2,17.0,3.35,71.0
2017_REG_10_CIN_TEN_20171112,WTH_00678,50.7,0.016,8.4,WMO_51|PRECIP,0,2017-11-12 12:00:00,open_meteo_daily_by_venue_coordinates,Nissan Stadium,36.1665,-86.7713,54.4,47.6,50.7,47.2,53.1,43.7,47.2,0.016,0.0,0.0,14.8,173.0,2.08,51.0
2017_REG_10_CLE_DET_20171112,WTH_00679,70.0,0.0,0.0,INDOOR,0,2017-11-12 12:00:00,open_meteo_indoor_controlled_daily_values,Ford Field,42.34,-83.0456,70.0,70.0,70.0,70.0,70.0,70.0,70.0,0.0,0.0,0.0,0.0,,,
2017_REG_10_DAL_ATL_20171112,WTH_00680,70.0,0.0,0.0,INDOOR,0,2017-11-12 12:00:00,open_meteo_indoor_controlled_daily_values,Mercedes-Benz Stadium,33.7554,-84.4009,70.0,70.0,70.0,70.0,70.0,70.0,70.0,0.0,0.0,0.0,0.0,,,
2017_REG_10_GB_CHI_20171112,WTH_00681,38.1,0.087,10.5,WMO_71|SNOW,1,2017-11-12 12:00:00,open_meteo_daily_by_venue_coordinates,Soldier Field,41.8623,-87.6167,41.6,35.0,38.1,32.5,37.2,27.3,32.5,0.079,0.055,0.0,15.0,181.0,2.95,71.0
2017_REG_10_HOU_LAR_20171112,WTH_00682,60.7,0.0,9.7,WMO_3,0,2017-11-12 12:00:00,open_meteo_daily_by_venue_coordinates,Los Angeles Memorial Coliseum,34.0141,-118.2879,68.8,55.0,60.7,60.6,67.7,55.6,60.6,0.0,0.0,0.0,22.8,260.0,8.11,3.0
2017_REG_10_LAC_JAX_20171112,WTH_00683,70.0,0.0,14.5,WMO_3,0,2017-11-12 12:00:00,open_meteo_daily_by_venue_coordinates,EverBank Stadium,30.3239,-81.6373,75.1,66.7,70.0,70.0,74.8,66.1,70.0,0.0,0.0,0.0,25.5,59.0,12.0,3.0
2017_REG_10_MIA_CAR_20171113,WTH_00684,48.8,0.535,9.9,WMO_63|PRECIP,1,2017-11-13 12:00:00,open_meteo_daily_by_venue_coordinates,Bank of America Stadium,35.2258,-80.8528,59.1,41.3,48.8,45.6,55.6,38.2,45.6,0.535,0.0,0.0,20.1,2.0,10.99,63.0
2017_REG_10_MIN_WSH_20171112,WTH_00685,35.9,0.0,5.1,WMO_3,0,2017-11-12 12:00:00,open_meteo_daily_by_venue_coordinates,Northwest Stadium,38.9078,-76.8644,46.9,29.5,35.9,29.6,41.9,22.2,29.6,0.0,0.0,0.0,12.1,175.0,8.76,3.0
2017_REG_10_NE_DEN_20171112,WTH_00686,38.5,0.0,7.6,WMO_3,0,2017-11-12 12:00:00,open_meteo_daily_by_venue_coordinates,Empower Field at Mile High,39.7439,-105.0201,53.2,25.2,38.5,31.6,47.1,18.7,31.6,0.0,0.0,0.0,15.4,158.0,12.24,3.0
2017_REG_10_NO_BUF_20171112,WTH_00687,34.2,0.008,9.7,WMO_51|PRECIP,0,2017-11-12 12:00:00,open_meteo_daily_by_venue_coordinates,Highmark Stadium,42.7738,-78.7868,41.8,28.4,34.2,25.7,35.7,18.2,25.7,0.008,0.0,0.0,19.0,174.0,4.71,51.0
2017_REG_10_NYG_SF_20171112,WTH_00688,56.9,0.0,7.6,WMO_3,0,2017-11-12 12:00:00,open_meteo_daily_by_venue_coordinates,Levi's Stadium,37.403,-121.97,65.7,49.9,56.9,55.3,62.5,47.2,55.3,0.0,0.0,0.0,16.3,20.0,12.25,3.0
2017_REG_10_NYJ_TB_20171112,WTH_00689,71.9,0.043,17.2,WMO_51|PRECIP,0,2017-11-12 12:00:00,open_meteo_daily_by_venue_coordinates,Raymond James Stadium,27.9759,-82.5033,77.8,69.0,71.9,73.0,78.0,69.9,73.0,0.043,0.0,0.0,30.0,59.0,7.91,51.0
2017_REG_10_PIT_IND_20171112,WTH_00690,70.0,0.0,0.0,INDOOR,0,2017-11-12 12:00:00,open_meteo_indoor_controlled_daily_values,Lucas Oil Stadium,39.7601,-86.1639,70.0,70.0,70.0,70.0,70.0,70.0,70.0,0.0,0.0,0.0,0.0,,,
2017_REG_10_SEA_ARI_20171109,WTH_00691,70.0,0.0,0.0,INDOOR,0,2017-11-09 12:00:00,open_meteo_indoor_controlled_daily_values,State Farm Stadium,33.5276,-112.2626,70.0,70.0,70.0,70.0,70.0,70.0,70.0,0.0,0.0,0.0,0.0,,,
2017_REG_11_ARI_HOU_20171119,WTH_00692,70.0,0.0,0.0,INDOOR,0,2017-11-19 12:00:00,open_meteo_indoor_controlled_daily_values,NRG Stadium,29.6847,-95.4107,70.0,70.0,70.0,70.0,70.0,70.0,70.0,0.0,0.0,0.0,0.0,,,
2017_REG_11_ATL_SEA_20171120,WTH_00693,47.0,1.083,17.9,WMO_63|PRECIP,1,2017-11-20 12:00:00,open_meteo_daily_by_venue_coordinates,Lumen Field,47.5952,-122.3316,49.6,40.6,47.0,41.3,46.6,33.5,41.3,1.083,0.0,0.0,36.0,185.0,1.72,63.0
2017_REG_11_BAL_GB_20171119,WTH_00694,29.2,0.0,13.8,WMO_3,0,2017-11-19 12:00:00,open_meteo_daily_by_venue_coordinates,Lambeau Field,44.5013,-88.0622,36.3,24.4,29.2,18.8,27.6,13.5,18.8,0.0,0.0,0.0,27.7,300.0,8.91,3.0
2017_REG_11_BUF_LAC_20171119,WTH_00695,60.9,0.0,10.3,WMO_3,0,2017-11-19 12:00:00,open_meteo_daily_by_venue_coordinates,StubHub Center,33.8644,-118.2611,76.3,48.8,60.9,55.9,70.1,41.8,55.9,0.0,0.0,0.0,18.1,316.0,13.56,3.0
2017_REG_11_CIN_DEN_20171119,WTH_00696,38.0,0.0,9.3,WMO_3,0,2017-11-19 12:00:00,open_meteo_daily_by_venue_coordinates,Empower Field at Mile High,39.7439,-105.0201,60.5,24.0,38.0,29.9,53.9,16.4,29.9,0.0,0.0,0.0,17.7,159.0,11.33,3.0
2017_REG_11_DET_CHI_20171119,WTH_00697,33.6,0.0,19.4,WMO_3,0,2017-11-19 12:00:00,open_meteo_daily_by_venue_coordinates,Soldier Field,41.8623,-87.6167,39.1,27.3,33.6,22.2,27.9,16.0,22.2,0.0,0.0,0.0,31.1,301.0,9.92,3.0
2017_REG_11_JAX_CLE_20171119,WTH_00698,40.8,0.839,28.2,WMO_73|SNOW|WINDY,1,2017-11-19 12:00:00,open_meteo_daily_by_venue_coordinates,Huntington Bank Field,41.5061,-81.6995,56.4,36.9,40.8,27.5,51.1,22.2,27.5,0.791,0.331,0.0,49.2,301.0,5.01,73.0
2017_REG_11_KC_NYG_20171119,WTH_00699,50.9,0.35,22.9,WMO_63|PRECIP|WINDY,1,2017-11-19 12:00:00,open_meteo_daily_by_venue_coordinates,MetLife Stadium,40.8135,-74.0745,57.5,42.4,50.9,42.3,49.4,33.8,42.3,0.35,0.0,0.0,47.9,252.0,7.87,63.0
2017_REG_11_LAR_MIN_20171119,WTH_00700,70.0,0.0,0.0,INDOOR,0,2017-11-19 12:00:00,open_meteo_indoor_controlled_daily_values,U.S. Bank Stadium,44.9738,-93.2575,70.0,70.0,70.0,70.0,70.0,70.0,70.0,0.0,0.0,0.0,0.0,,,
2017_REG_11_NE_LV_20171119,WTH_00701,55.2,0.008,12.8,WMO_51|PRECIP,0,2017-11-19 12:00:00,open_meteo_daily_by_venue_coordinates,Estadio Azteca,19.3029,-99.1505,65.0,44.5,55.2,49.3,60.4,37.5,49.3,0.008,0.0,0.0,30.2,301.0,14.95,51.0
2017_REG_11_PHI_DAL_20171119,WTH_00702,70.0,0.0,0.0,INDOOR,0,2017-11-19 12:00:00,open_meteo_indoor_controlled_daily_values,AT&T Stadium,32.7473,-97.0945,70.0,70.0,70.0,70.0,70.0,70.0,70.0,0.0,0.0,0.0,0.0,,,
2017_REG_11_TB_MIA_20171119,WTH_00703,71.1,0.0,6.0,WMO_2,0,2017-11-19 12:00:00,open_meteo_daily_by_venue_coordinates,Hard Rock Stadium,25.958,-80.2389,80.3,61.9,71.1,74.4,82.9,63.6,74.4,0.0,0.0,0.0,13.9,281.0,17.02,2.0
2017_REG_11_TEN_PIT_20171116,WTH_00704,43.3,0.134,15.5,WMO_53|PRECIP,0,2017-11-16 12:00:00,open_meteo_daily_by_venue_coordinates,Acrisure Stadium,40.4468,-80.0158,46.2,39.5,43.3,35.5,40.5,30.7,35.5,0.134,0.0,0.0,31.5,252.0,4.49,53.0
2017_REG_11_WSH_NO_20171119,WTH_00705,70.0,0.0,0.0,INDOOR,0,2017-11-19 12:00:00,open_meteo_indoor_controlled_daily_values,Caesars Superdome,29.9511,-90.0812,70.0,70.0,70.0,70.0,70.0,70.0,70.0,0.0,0.0,0.0,0.0,,,
2017_REG_12_BUF_KC_20171126,WTH_00706,48.5,0.0,10.3,WMO_3,0,2017-11-26 12:00:00,open_meteo_daily_by_venue_coordinates,Arrowhead Stadium,39.0489,-94.4839,60.2,40.5,48.5,42.9,53.0,34.3,42.9,0.0,0.0,0.0,22.1,210.0,8.69,3.0
2017_REG_12_CAR_NYJ_20171126,WTH_00707,45.1,0.0,15.4,WMO_3,0,2017-11-26 12:00:00,open_meteo_daily_by_venue_coordinates,MetLife Stadium,40.8135,-74.0745,48.8,39.5,45.1,37.0,43.4,31.8,37.0,0.0,0.0,0.0,30.0,295.0,9.55,3.0
2017_REG_12_CHI_PHI_20171126,WTH_00708,46.0,0.0,13.2,WMO_3,0,2017-11-26 12:00:00,open_meteo_daily_by_venue_coordinates,Lincoln Financial Field,39.9008,-75.1675,51.7,39.0,46.0,38.6,44.1,32.4,38.6,0.0,0.0,0.0,25.3,292.0,10.11,3.0
2017_REG_12_CLE_CIN_20171126,WTH_00709,39.3,0.0,7.9,WMO_3,0,2017-11-26 12:00:00,open_meteo_daily_by_venue_coordinates,Paycor Stadium,39.0955,-84.516,49.0,29.0,39.3,33.1,41.8,23.2,33.1,0.0,0.0,0.0,17.4,289.0,10.61,3.0
2017_REG_12_DEN_LV_20171126,WTH_00710,62.2,0.339,14.6,WMO_61|PRECIP,0,2017-11-26 12:00:00,open_meteo_daily_by_venue_coordinates,Oakland Coliseum,37.7516,-122.2005,71.5,59.7,62.2,61.2,73.3,57.6,61.2,0.339,0.0,0.0,30.4,167.0,2.07,61.0
2017_REG_12_GB_PIT_20171126,WTH_00711,39.9,0.0,9.2,WMO_3,0,2017-11-26 12:00:00,open_meteo_daily_by_venue_coordinates,Acrisure Stadium,40.4468,-80.0158,46.8,35.3,39.9,32.3,40.4,27.0,32.3,0.0,0.0,0.0,20.4,295.0,8.38,3.0
2017_REG_12_HOU_BAL_20171127,WTH_00712,43.9,0.0,11.7,WMO_3,0,2017-11-27 12:00:00,open_meteo_daily_by_venue_coordinates,M&T Bank Stadium,39.278,-76.6227,54.1,36.4,43.9,36.1,47.0,30.3,36.1,0.0,0.0,0.0,20.6,280.0,10.17,3.0
2017_REG_12_JAX_ARI_20171126,WTH_00713,70.0,0.0,0.0,INDOOR,0,2017-11-26 12:00:00,open_meteo_indoor_controlled_daily_values,State Farm Stadium,33.5276,-112.2626,70.0,70.0,70.0,70.0,70.0,70.0,70.0,0.0,0.0,0.0,0.0,,,
2017_REG_12_LAC_DAL_20171123,WTH_00714,70.0,0.0,0.0,INDOOR,0,2017-11-23 12:00:00,open_meteo_indoor_controlled_daily_values,AT&T Stadium,32.7473,-97.0945,70.0,70.0,70.0,70.0,70.0,70.0,70.0,0.0,0.0,0.0,0.0,,,
2017_REG_12_MIA_NE_20171126,WTH_00715,43.9,0.008,15.9,WMO_51|PRECIP,1,2017-11-26 12:00:00,open_meteo_daily_by_venue_coordinates,Gillette Stadium,42.0909,-71.2643,46.6,34.9,43.9,36.0,41.5,26.9,36.0,0.008,0.0,0.0,36.9,279.0,8.49,51.0
2017_REG_12_MIN_DET_20171123,WTH_00716,70.0,0.0,0.0,INDOOR,0,2017-11-23 12:00:00,open_meteo_indoor_controlled_daily_values,Ford Field,42.34,-83.0456,70.0,70.0,70.0,70.0,70.0,70.0,70.0,0.0,0.0,0.0,0.0,,,
2017_REG_12_NO_LAR_20171126,WTH_00717,61.9,0.0,13.0,WMO_3,0,2017-11-26 12:00:00,open_meteo_daily_by_venue_coordinates,Los Angeles Memorial Coliseum,34.0141,-118.2879,74.9,55.0,61.9,62.6,74.3,55.5,62.6,0.0,0.0,0.0,21.7,208.0,11.73,3.0
2017_REG_12_NYG_WSH_20171123,WTH_00718,36.8,0.0,9.2,WMO_0,0,2017-11-23 12:00:00,open_meteo_daily_by_venue_coordinates,Northwest Stadium,38.9078,-76.8644,43.1,29.7,36.8,29.6,36.5,22.2,29.6,0.0,0.0,0.0,19.2,305.0,11.22,0.0
2017_REG_12_SEA_SF_20171126,WTH_00719,62.5,0.161,13.5,WMO_55|PRECIP,0,2017-11-26 12:00:00,open_meteo_daily_by_venue_coordinates,Levi's Stadium,37.403,-121.97,71.3,58.5,62.5,60.4,71.0,56.3,60.4,0.161,0.0,0.0,25.1,140.0,2.18,55.0
2017_REG_12_TB_ATL_20171126,WTH_00720,70.0,0.0,0.0,INDOOR,0,2017-11-26 12:00:00,open_meteo_indoor_controlled_daily_values,Mercedes-Benz Stadium,33.7554,-84.4009,70.0,70.0,70.0,70.0,70.0,70.0,70.0,0.0,0.0,0.0,0.0,,,
2017_REG_12_TEN_IND_20171126,WTH_00721,70.0,0.0,0.0,INDOOR,0,2017-11-26 12:00:00,open_meteo_indoor_controlled_daily_values,Lucas Oil Stadium,39.7601,-86.1639,70.0,70.0,70.0,70.0,70.0,70.0,70.0,0.0,0.0,0.0,0.0,,,
2017_REG_13_CAR_NO_20171203,WTH_00722,70.0,0.0,0.0,INDOOR,0,2017-12-03 12:00:00,open_meteo_indoor_controlled_daily_values,Caesars Superdome,29.9511,-90.0812,70.0,70.0,70.0,70.0,70.0,70.0,70.0,0.0,0.0,0.0,0.0,,,
2017_REG_13_CLE_LAC_20171203,WTH_00723,60.4,0.0,7.6,WMO_3,0,2017-12-03 12:00:00,open_meteo_daily_by_venue_coordinates,StubHub Center,33.8644,-118.2611,68.3,55.0,60.4,60.9,66.1,54.9,60.9,0.0,0.0,0.0,17.7,271.0,9.27,3.0
2017_REG_13_DEN_MIA_20171203,WTH_00724,70.3,0.0,8.3,WMO_2,0,2017-12-03 12:00:00,open_meteo_daily_by_venue_coordinates,Hard Rock Stadium,25.958,-80.2389,78.3,63.7,70.3,72.9,80.3,66.1,72.9,0.0,0.0,0.0,17.4,37.0,13.2,2.0
2017_REG_13_DET_BAL_20171203,WTH_00725,43.6,0.039,7.6,WMO_53|PRECIP,0,2017-12-03 12:00:00,open_meteo_daily_by_venue_coordinates,M&T Bank Stadium,39.278,-76.6227,54.5,35.2,43.6,39.1,50.1,30.4,39.1,0.039,0.0,0.0,15.4,329.0,8.49,53.0
2017_REG_13_HOU_TEN_20171203,WTH_00726,48.9,0.0,6.6,WMO_3,0,2017-12-03 12:00:00,open_meteo_daily_by_venue_coordinates,Nissan Stadium,36.1665,-86.7713,62.4,41.1,48.9,45.1,59.0,37.4,45.1,0.0,0.0,0.0,11.4,28.0,10.58,3.0
2017_REG_13_IND_JAX_20171203,WTH_00727,64.7,0.008,9.7,WMO_51|PRECIP,0,2017-12-03 12:00:00,open_meteo_daily_by_venue_coordinates,EverBank Stadium,30.3239,-81.6373,69.9,58.8,64.7,66.5,73.1,60.4,66.5,0.008,0.0,0.0,17.9,10.0,10.67,51.0
2017_REG_13_KC_NYJ_20171203,WTH_00728,41.1,0.0,5.3,WMO_3,0,2017-12-03 12:00:00,open_meteo_daily_by_venue_coordinates,MetLife Stadium,40.8135,-74.0745,49.9,34.2,41.1,36.4,45.7,28.7,36.4,0.0,0.0,0.0,9.2,43.0,5.14,3.0
2017_REG_13_LAR_ARI_20171203,WTH_00729,70.0,0.0,0.0,INDOOR,0,2017-12-03 12:00:00,open_meteo_indoor_controlled_daily_values,State Farm Stadium,33.5276,-112.2626,70.0,70.0,70.0,70.0,70.0,70.0,70.0,0.0,0.0,0.0,0.0,,,
2017_REG_13_MIN_ATL_20171203,WTH_00730,70.0,0.0,0.0,INDOOR,0,2017-12-03 12:00:00,open_meteo_indoor_controlled_daily_values,Mercedes-Benz Stadium,33.7554,-84.4009,70.0,70.0,70.0,70.0,70.0,70.0,70.0,0.0,0.0,0.0,0.0,,,
2017_REG_13_NE_BUF_20171203,WTH_00731,39.7,0.0,14.1,WMO_3,0,2017-12-03 12:00:00,open_meteo_daily_by_venue_coordinates,Highmark Stadium,42.7738,-78.7868,46.0,35.3,39.7,32.7,37.9,28.0,32.7,0.0,0.0,0.0,29.3,209.0,7.32,3.0
2017_REG_13_NYG_LV_20171203,WTH_00732,52.8,0.02,10.0,WMO_51|PRECIP,0,2017-12-03 12:00:00,open_meteo_daily_by_venue_coordinates,Oakland Coliseum,37.7516,-122.2005,56.7,45.0,52.8,49.5,56.6,41.1,49.5,0.02,0.0,0.0,23.5,285.0,10.42,51.0
2017_REG_13_PHI_SEA_20171203,WTH_00733,42.2,0.307,10.0,WMO_61|PRECIP,0,2017-12-03 12:00:00,open_meteo_daily_by_venue_coordinates,Lumen Field,47.5952,-122.3316,45.0,37.4,42.2,37.7,41.9,32.5,37.7,0.307,0.0,0.0,19.7,160.0,3.64,61.0
2017_REG_13_PIT_CIN_20171204,WTH_00734,46.4,0.0,12.5,WMO_3,0,2017-12-04 12:00:00,open_meteo_daily_by_venue_coordinates,Paycor Stadium,39.0955,-84.516,62.2,37.9,46.4,39.8,56.0,30.8,39.8,0.0,0.0,0.0,25.7,161.0,8.27,3.0
2017_REG_13_SF_CHI_20171203,WTH_00735,40.2,0.0,10.7,WMO_3,0,2017-12-03 12:00:00,open_meteo_daily_by_venue_coordinates,Soldier Field,41.8623,-87.6167,53.0,30.1,40.2,34.3,46.7,23.8,34.3,0.0,0.0,0.0,14.3,228.0,8.48,3.0
2017_REG_13_TB_GB_20171203,WTH_00736,35.8,0.0,7.5,WMO_3,0,2017-12-03 12:00:00,open_meteo_daily_by_venue_coordinates,Lambeau Field,44.5013,-88.0622,47.7,25.7,35.8,29.2,41.0,19.2,29.2,0.0,0.0,0.0,13.0,230.0,6.33,3.0
2017_REG_13_WSH_DAL_20171130,WTH_00737,70.0,0.0,0.0,INDOOR,0,2017-11-30 12:00:00,open_meteo_indoor_controlled_daily_values,AT&T Stadium,32.7473,-97.0945,70.0,70.0,70.0,70.0,70.0,70.0,70.0,0.0,0.0,0.0,0.0,,,
2017_REG_14_BAL_PIT_20171210,WTH_00738,28.8,0.008,13.9,WMO_71|SNOW,1,2017-12-10 12:00:00,open_meteo_daily_by_venue_coordinates,Acrisure Stadium,40.4468,-80.0158,31.8,25.8,28.8,19.0,21.7,16.6,19.0,0.0,0.055,0.0,29.8,250.0,3.6,71.0
2017_REG_14_CHI_CIN_20171210,WTH_00739,28.3,0.004,14.7,WMO_71|SNOW,1,2017-12-10 12:00:00,open_meteo_daily_by_venue_coordinates,Paycor Stadium,39.0955,-84.516,37.6,21.3,28.3,18.2,26.5,12.2,18.2,0.0,0.028,0.033,30.2,249.0,8.36,71.0
2017_REG_14_DAL_NYG_20171210,WTH_00740,31.5,0.091,11.2,WMO_73|SNOW,1,2017-12-10 12:00:00,open_meteo_daily_by_venue_coordinates,MetLife Stadium,40.8135,-74.0745,36.9,26.6,31.5,23.2,28.6,17.9,23.2,0.0,0.634,0.197,21.9,277.0,8.35,73.0
2017_REG_14_DET_TB_20171210,WTH_00741,50.0,0.0,15.4,WMO_3,0,2017-12-10 12:00:00,open_meteo_daily_by_venue_coordinates,Raymond James Stadium,27.9759,-82.5033,55.8,43.5,50.0,42.3,49.6,34.0,42.3,0.0,0.0,0.0,29.5,358.0,15.43,3.0
2017_REG_14_GB_CLE_20171210,WTH_00742,29.8,0.087,19.7,WMO_73|SNOW,1,2017-12-10 12:00:00,open_meteo_daily_by_venue_coordinates,Huntington Bank Field,41.5061,-81.6995,31.8,26.4,29.8,18.4,21.7,15.0,18.4,0.0,0.606,0.066,31.8,250.0,3.51,73.0
2017_REG_14_IND_BUF_20171210,WTH_00743,29.6,0.425,21.5,WMO_75|SNOW|WINDY,1,2017-12-10 12:00:00,open_meteo_daily_by_venue_coordinates,Highmark Stadium,42.7738,-78.7868,32.5,27.0,29.6,19.3,22.8,15.6,19.3,0.0,2.976,0.164,45.9,263.0,2.83,75.0
2017_REG_14_LV_KC_20171210,WTH_00744,37.0,0.0,11.2,WMO_3,0,2017-12-10 12:00:00,open_meteo_daily_by_venue_coordinates,Arrowhead Stadium,39.0489,-94.4839,51.3,28.0,37.0,28.2,41.6,20.3,28.2,0.0,0.0,0.0,25.1,264.0,9.52,3.0
2017_REG_14_MIN_CAR_20171210,WTH_00745,34.3,0.035,12.5,WMO_71|SNOW,1,2017-12-10 12:00:00,open_meteo_daily_by_venue_coordinates,Bank of America Stadium,35.2258,-80.8528,43.6,26.0,34.3,26.0,35.3,17.1,26.0,0.028,0.055,0.164,22.1,276.0,11.85,71.0
2017_REG_14_NE_MIA_20171211,WTH_00746,53.4,0.0,9.1,WMO_1,0,2017-12-11 12:00:00,open_meteo_daily_by_venue_coordinates,Hard Rock Stadium,25.958,-80.2389,64.1,45.6,53.4,47.9,60.6,39.5,47.9,0.0,0.0,0.0,16.8,337.0,16.42,1.0
2017_REG_14_NO_ATL_20171207,WTH_00747,70.0,0.0,0.0,INDOOR,0,2017-12-07 12:00:00,open_meteo_indoor_controlled_daily_values,Mercedes-Benz Stadium,33.7554,-84.4009,70.0,70.0,70.0,70.0,70.0,70.0,70.0,0.0,0.0,0.0,0.0,,,
2017_REG_14_NYJ_DEN_20171210,WTH_00748,41.2,0.0,9.3,WMO_0,0,2017-12-10 12:00:00,open_meteo_daily_by_venue_coordinates,Empower Field at Mile High,39.7439,-105.0201,58.6,29.8,41.2,31.9,51.6,19.5,31.9,0.0,0.0,0.0,14.1,232.0,10.05,0.0
2017_REG_14_PHI_LAR_20171210,WTH_00749,64.1,0.0,7.1,WMO_3,0,2017-12-10 12:00:00,open_meteo_daily_by_venue_coordinates,Los Angeles Memorial Coliseum,34.0141,-118.2879,81.9,52.3,64.1,56.5,73.2,44.3,56.5,0.0,0.0,0.0,13.0,326.0,10.58,3.0
2017_REG_14_SEA_JAX_20171210,WTH_00750,42.1,0.0,12.2,WMO_1,0,2017-12-10 12:00:00,open_meteo_daily_by_venue_coordinates,EverBank Stadium,30.3239,-81.6373,51.1,36.3,42.1,35.0,44.7,28.7,35.0,0.0,0.0,0.0,21.7,302.0,14.37,1.0
2017_REG_14_SF_HOU_20171210,WTH_00751,70.0,0.0,0.0,INDOOR,0,2017-12-10 12:00:00,open_meteo_indoor_controlled_daily_values,NRG Stadium,29.6847,-95.4107,70.0,70.0,70.0,70.0,70.0,70.0,70.0,0.0,0.0,0.0,0.0,,,
2017_REG_14_TEN_ARI_20171210,WTH_00752,70.0,0.0,0.0,INDOOR,0,2017-12-10 12:00:00,open_meteo_indoor_controlled_daily_values,State Farm Stadium,33.5276,-112.2626,70.0,70.0,70.0,70.0,70.0,70.0,70.0,0.0,0.0,0.0,0.0,,,
2017_REG_14_WSH_LAC_20171210,WTH_00753,64.2,0.0,6.0,WMO_3,0,2017-12-10 12:00:00,open_meteo_daily_by_venue_coordinates,StubHub Center,33.8644,-118.2611,82.5,49.3,64.2,56.3,74.5,41.0,56.3,0.0,0.0,0.0,12.8,24.0,10.43,3.0
2017_REG_15_ARI_WSH_20171217,WTH_00754,36.7,0.0,8.4,WMO_3,0,2017-12-17 12:00:00,open_meteo_daily_by_venue_coordinates,Northwest Stadium,38.9078,-76.8644,49.6,27.8,36.7,30.7,45.3,20.9,30.7,0.0,0.0,0.131,15.9,226.0,6.43,3.0
2017_REG_15_ATL_TB_20171218,WTH_00755,69.4,0.0,7.0,WMO_3,0,2017-12-18 12:00:00,open_meteo_daily_by_venue_coordinates,Raymond James Stadium,27.9759,-82.5033,79.5,62.1,69.4,72.5,83.7,63.6,72.5,0.0,0.0,0.0,12.8,212.0,12.33,3.0
2017_REG_15_BAL_CLE_20171217,WTH_00756,31.2,0.0,8.7,WMO_3,0,2017-12-17 12:00:00,open_meteo_daily_by_venue_coordinates,Huntington Bank Field,41.5061,-81.6995,39.5,24.5,31.2,24.1,33.5,16.7,24.1,0.0,0.0,0.394,13.2,132.0,4.09,3.0
2017_REG_15_CHI_DET_20171216,WTH_00757,70.0,0.0,0.0,INDOOR,0,2017-12-16 12:00:00,open_meteo_indoor_controlled_daily_values,Ford Field,42.34,-83.0456,70.0,70.0,70.0,70.0,70.0,70.0,70.0,0.0,0.0,0.0,0.0,,,
2017_REG_15_CIN_MIN_20171217,WTH_00758,70.0,0.0,0.0,INDOOR,0,2017-12-17 12:00:00,open_meteo_indoor_controlled_daily_values,U.S. Bank Stadium,44.9738,-93.2575,70.0,70.0,70.0,70.0,70.0,70.0,70.0,0.0,0.0,0.0,0.0,,,
2017_REG_15_DAL_LV_20171217,WTH_00759,54.4,0.0,14.6,WMO_3,0,2017-12-17 12:00:00,open_meteo_daily_by_venue_coordinates,Oakland Coliseum,37.7516,-122.2005,62.6,47.2,54.4,45.3,55.6,39.9,45.3,0.0,0.0,0.0,32.2,12.0,10.14,3.0
2017_REG_15_DEN_IND_20171214,WTH_00760,70.0,0.0,0.0,INDOOR,0,2017-12-14 12:00:00,open_meteo_indoor_controlled_daily_values,Lucas Oil Stadium,39.7601,-86.1639,70.0,70.0,70.0,70.0,70.0,70.0,70.0,0.0,0.0,0.0,0.0,,,
2017_REG_15_GB_CAR_20171217,WTH_00761,39.9,0.0,6.8,WMO_3,0,2017-12-17 12:00:00,open_meteo_daily_by_venue_coordinates,Bank of America Stadium,35.2258,-80.8528,50.6,31.5,39.9,33.7,43.6,24.5,33.7,0.0,0.0,0.0,15.4,223.0,5.94,3.0
2017_REG_15_HOU_JAX_20171217,WTH_00762,56.4,0.0,7.4,WMO_3,0,2017-12-17 12:00:00,open_meteo_daily_by_venue_coordinates,EverBank Stadium,30.3239,-81.6373,71.3,46.3,56.4,54.7,73.0,42.2,54.7,0.0,0.0,0.0,15.4,72.0,11.36,3.0
2017_REG_15_LAC_KC_20171216,WTH_00763,43.7,0.0,13.8,WMO_0,0,2017-12-16 12:00:00,open_meteo_daily_by_venue_coordinates,Arrowhead Stadium,39.0489,-94.4839,54.8,38.6,43.7,34.2,47.4,29.0,34.2,0.0,0.0,0.0,27.3,211.0,9.58,0.0
2017_REG_15_LAR_SEA_20171217,WTH_00764,43.7,0.374,21.3,WMO_55|PRECIP|WINDY,1,2017-12-17 12:00:00,open_meteo_daily_by_venue_coordinates,Lumen Field,47.5952,-122.3316,47.3,42.2,43.7,36.6,39.1,35.1,36.6,0.374,0.0,0.0,38.3,185.0,0.36,55.0
2017_REG_15_MIA_BUF_20171217,WTH_00765,21.0,0.0,8.1,WMO_3,0,2017-12-17 12:00:00,open_meteo_daily_by_venue_coordinates,Highmark Stadium,42.7738,-78.7868,27.4,16.6,21.0,12.6,19.4,7.5,12.6,0.0,0.0,0.656,15.4,74.0,5.63,3.0
2017_REG_15_NE_PIT_20171217,WTH_00766,33.9,0.016,7.6,WMO_51|PRECIP,0,2017-12-17 12:00:00,open_meteo_daily_by_venue_coordinates,Acrisure Stadium,40.4468,-80.0158,42.4,28.5,33.9,27.4,36.7,21.4,27.4,0.016,0.0,0.131,14.1,211.0,3.78,51.0
2017_REG_15_NYJ_NO_20171217,WTH_00767,70.0,0.0,0.0,INDOOR,0,2017-12-17 12:00:00,open_meteo_indoor_controlled_daily_values,Caesars Superdome,29.9511,-90.0812,70.0,70.0,70.0,70.0,70.0,70.0,70.0,0.0,0.0,0.0,0.0,,,
2017_REG_15_PHI_NYG_20171217,WTH_00768,32.5,0.0,7.5,WMO_3,0,2017-12-17 12:00:00,open_meteo_daily_by_venue_coordinates,MetLife Stadium,40.8135,-74.0745,35.9,28.9,32.5,25.5,30.5,20.4,25.5,0.0,0.0,0.197,17.0,357.0,3.97,3.0
2017_REG_15_TEN_SF_20171217,WTH_00769,51.6,0.0,14.3,WMO_3,0,2017-12-17 12:00:00,open_meteo_daily_by_venue_coordinates,Levi's Stadium,37.403,-121.97,62.2,43.0,51.6,43.6,55.6,36.2,43.6,0.0,0.0,0.0,28.0,331.0,10.38,3.0
2017_REG_16_ATL_NO_20171224,WTH_00770,70.0,0.0,0.0,INDOOR,0,2017-12-24 12:00:00,open_meteo_indoor_controlled_daily_values,Caesars Superdome,29.9511,-90.0812,70.0,70.0,70.0,70.0,70.0,70.0,70.0,0.0,0.0,0.0,0.0,,,
2017_REG_16_BUF_NE_20171224,WTH_00771,34.6,0.075,10.9,WMO_55|PRECIP,0,2017-12-24 12:00:00,open_meteo_daily_by_venue_coordinates,Gillette Stadium,42.0909,-71.2643,44.2,29.0,34.6,27.3,39.9,20.7,27.3,0.075,0.0,0.098,29.3,329.0,5.5,55.0
2017_REG_16_CLE_CHI_20171224,WTH_00772,23.6,0.26,14.1,WMO_73|SNOW,1,2017-12-24 12:00:00,open_meteo_daily_by_venue_coordinates,Soldier Field,41.8623,-87.6167,26.0,21.5,23.6,14.4,19.9,10.4,14.4,0.0,1.819,0.131,21.9,325.0,2.3,73.0
2017_REG_16_DEN_WSH_20171224,WTH_00773,41.8,0.126,14.6,WMO_63|PRECIP,1,2017-12-24 12:00:00,open_meteo_daily_by_venue_coordinates,Northwest Stadium,38.9078,-76.8644,55.0,35.3,41.8,35.2,50.3,28.5,35.2,0.126,0.0,0.0,47.0,358.0,4.93,63.0
2017_REG_16_DET_CIN_20171224,WTH_00774,33.7,0.047,7.8,WMO_73|SNOW,1,2017-12-24 12:00:00,open_meteo_daily_by_venue_coordinates,Paycor Stadium,39.0955,-84.516,39.5,29.8,33.7,27.0,32.2,23.0,27.0,0.0,0.331,0.033,18.1,304.0,6.25,73.0
2017_REG_16_IND_BAL_20171223,WTH_00775,49.5,0.524,20.9,WMO_61|PRECIP|WINDY,1,2017-12-23 12:00:00,open_meteo_daily_by_venue_coordinates,M&T Bank Stadium,39.278,-76.6227,60.7,42.7,49.5,45.1,55.7,38.4,45.1,0.524,0.0,0.0,40.9,191.0,1.32,61.0
2017_REG_16_JAX_SF_20171224,WTH_00776,48.9,0.0,5.2,WMO_3,0,2017-12-24 12:00:00,open_meteo_daily_by_venue_coordinates,Levi's Stadium,37.403,-121.97,54.4,44.7,48.9,45.2,51.6,40.4,45.2,0.0,0.0,0.0,9.6,3.0,5.11,3.0
2017_REG_16_LAC_NYJ_20171224,WTH_00777,38.4,0.079,14.8,WMO_55|PRECIP,0,2017-12-24 12:00:00,open_meteo_daily_by_venue_coordinates,MetLife Stadium,40.8135,-74.0745,47.9,33.7,38.4,30.6,41.5,25.4,30.6,0.079,0.0,0.0,29.1,354.0,6.25,55.0
2017_REG_16_LAR_TEN_20171224,WTH_00778,41.0,0.016,14.1,WMO_51|PRECIP,0,2017-12-24 12:00:00,open_meteo_daily_by_venue_coordinates,Nissan Stadium,36.1665,-86.7713,44.4,39.4,41.0,34.6,37.8,30.9,34.6,0.016,0.0,0.0,26.2,309.0,2.82,51.0
2017_REG_16_LV_PHI_20171225,WTH_00779,36.6,0.154,22.3,WMO_71|SNOW|WINDY,1,2017-12-25 12:00:00,open_meteo_daily_by_venue_coordinates,Lincoln Financial Field,39.9008,-75.1675,40.5,30.6,36.6,26.8,36.5,18.7,26.8,0.15,0.028,0.0,44.3,281.0,9.09,71.0
2017_REG_16_MIA_KC_20171224,WTH_00780,24.7,0.106,16.1,WMO_73|SNOW,1,2017-12-24 12:00:00,open_meteo_daily_by_venue_coordinates,Arrowhead Stadium,39.0489,-94.4839,27.9,21.7,24.7,15.1,19.3,12.0,15.1,0.0,0.744,0.033,33.8,330.0,4.94,73.0
2017_REG_16_MIN_GB_20171223,WTH_00781,16.8,0.0,9.9,WMO_3,1,2017-12-23 12:00:00,open_meteo_daily_by_venue_coordinates,Lambeau Field,44.5013,-88.0622,26.3,9.6,16.8,7.9,19.2,-0.1,7.9,0.0,0.0,0.459,20.8,283.0,7.07,3.0
2017_REG_16_NYG_ARI_20171224,WTH_00782,70.0,0.0,0.0,INDOOR,0,2017-12-24 12:00:00,open_meteo_indoor_controlled_daily_values,State Farm Stadium,33.5276,-112.2626,70.0,70.0,70.0,70.0,70.0,70.0,70.0,0.0,0.0,0.0,0.0,,,
2017_REG_16_PIT_HOU_20171225,WTH_00783,70.0,0.0,0.0,INDOOR,0,2017-12-25 12:00:00,open_meteo_indoor_controlled_daily_values,NRG Stadium,29.6847,-95.4107,70.0,70.0,70.0,70.0,70.0,70.0,70.0,0.0,0.0,0.0,0.0,,,
2017_REG_16_SEA_DAL_20171224,WTH_00784,70.0,0.0,0.0,INDOOR,0,2017-12-24 12:00:00,open_meteo_indoor_controlled_daily_values,AT&T Stadium,32.7473,-97.0945,70.0,70.0,70.0,70.0,70.0,70.0,70.0,0.0,0.0,0.0,0.0,,,
2017_REG_16_TB_CAR_20171224,WTH_00785,54.0,0.028,13.1,WMO_53|PRECIP,0,2017-12-24 12:00:00,open_meteo_daily_by_venue_coordinates,Bank of America Stadium,35.2258,-80.8528,63.9,45.8,54.0,50.1,62.8,39.5,50.1,0.028,0.0,0.0,25.9,16.0,7.48,53.0
2017_REG_17_ARI_SEA_20171231,WTH_00786,39.8,0.0,10.1,WMO_3,0,2017-12-31 12:00:00,open_meteo_daily_by_venue_coordinates,Lumen Field,47.5952,-122.3316,43.6,34.2,39.8,33.7,37.8,27.2,33.7,0.0,0.0,0.0,18.8,19.0,5.04,3.0
2017_REG_17_BUF_MIA_20171231,WTH_00787,60.1,0.0,8.1,WMO_3,0,2017-12-31 12:00:00,open_meteo_daily_by_venue_coordinates,Hard Rock Stadium,25.958,-80.2389,70.9,52.5,60.1,58.9,69.5,50.5,58.9,0.0,0.0,0.0,16.8,6.0,15.33,3.0
2017_REG_17_CAR_ATL_20171231,WTH_00788,70.0,0.0,0.0,INDOOR,0,2017-12-31 12:00:00,open_meteo_indoor_controlled_daily_values,Mercedes-Benz Stadium,33.7554,-84.4009,70.0,70.0,70.0,70.0,70.0,70.0,70.0,0.0,0.0,0.0,0.0,,,
2017_REG_17_CHI_MIN_20171231,WTH_00789,70.0,0.0,0.0,INDOOR,0,2017-12-31 12:00:00,open_meteo_indoor_controlled_daily_values,U.S. Bank Stadium,44.9738,-93.2575,70.0,70.0,70.0,70.0,70.0,70.0,70.0,0.0,0.0,0.0,0.0,,,
2017_REG_17_CIN_BAL_20171231,WTH_00790,18.9,0.012,13.3,WMO_71|SNOW,1,2017-12-31 12:00:00,open_meteo_daily_by_venue_coordinates,M&T Bank Stadium,39.278,-76.6227,25.5,14.6,18.9,7.8,15.2,3.9,7.8,0.004,0.055,0.033,25.1,311.0,6.35,71.0
2017_REG_17_CLE_PIT_20171231,WTH_00791,8.5,0.012,11.7,WMO_71|SNOW,1,2017-12-31 12:00:00,open_meteo_daily_by_venue_coordinates,Acrisure Stadium,40.4468,-80.0158,16.8,-3.1,8.5,-0.7,7.4,-12.9,-0.7,0.0,0.083,0.197,23.9,295.0,5.31,71.0
2017_REG_17_DAL_PHI_20171231,WTH_00792,17.9,0.008,11.6,WMO_71|SNOW,1,2017-12-31 12:00:00,open_meteo_daily_by_venue_coordinates,Lincoln Financial Field,39.9008,-75.1675,23.1,14.0,17.9,7.0,13.8,3.0,7.0,0.0,0.055,0.066,23.0,303.0,7.19,71.0
2017_REG_17_GB_DET_20171231,WTH_00793,70.0,0.0,0.0,INDOOR,0,2017-12-31 12:00:00,open_meteo_indoor_controlled_daily_values,Ford Field,42.34,-83.0456,70.0,70.0,70.0,70.0,70.0,70.0,70.0,0.0,0.0,0.0,0.0,,,
2017_REG_17_HOU_IND_20171231,WTH_00794,70.0,0.0,0.0,INDOOR,0,2017-12-31 12:00:00,open_meteo_indoor_controlled_daily_values,Lucas Oil Stadium,39.7601,-86.1639,70.0,70.0,70.0,70.0,70.0,70.0,70.0,0.0,0.0,0.0,0.0,,,
2017_REG_17_JAX_TEN_20171231,WTH_00795,21.0,0.0,11.7,WMO_1,0,2017-12-31 12:00:00,open_meteo_daily_by_venue_coordinates,Nissan Stadium,36.1665,-86.7713,26.5,15.4,21.0,10.7,17.3,4.4,10.7,0.0,0.0,0.0,22.6,1.0,11.1,1.0
2017_REG_17_KC_DEN_20171231,WTH_00796,19.3,0.0,19.3,WMO_2,1,2017-12-31 12:00:00,open_meteo_daily_by_venue_coordinates,Empower Field at Mile High,39.7439,-105.0201,24.6,14.0,19.3,9.6,14.4,0.7,9.6,0.0,0.0,0.066,34.4,44.0,8.67,2.0
2017_REG_17_LV_LAC_20171231,WTH_00797,56.6,0.0,8.8,WMO_3,0,2017-12-31 12:00:00,open_meteo_daily_by_venue_coordinates,StubHub Center,33.8644,-118.2611,67.4,51.3,56.6,56.0,65.6,50.4,56.0,0.0,0.0,0.0,15.7,318.0,10.77,3.0
2017_REG_17_NO_TB_20171231,WTH_00798,58.2,0.0,6.9,WMO_3,0,2017-12-31 12:00:00,open_meteo_daily_by_venue_coordinates,Raymond James Stadium,27.9759,-82.5033,69.9,50.5,58.2,56.4,69.4,48.2,56.4,0.0,0.0,0.0,17.4,10.0,14.32,3.0
2017_REG_17_NYJ_NE_20171231,WTH_00799,10.9,0.0,12.1,WMO_3,1,2017-12-31 12:00:00,open_meteo_daily_by_venue_coordinates,Gillette Stadium,42.0909,-71.2643,17.3,6.4,10.9,0.6,9.9,-4.6,0.6,0.0,0.0,0.164,29.8,306.0,8.45,3.0
2017_REG_17_SF_LAR_20171231,WTH_00800,55.0,0.0,9.9,WMO_3,0,2017-12-31 12:00:00,open_meteo_daily_by_venue_coordinates,Los Angeles Memorial Coliseum,34.0141,-118.2879,66.9,49.5,55.0,53.9,64.2,47.6,53.9,0.0,0.0,0.0,17.0,224.0,10.91,3.0
2017_REG_17_WSH_NYG_20171231,WTH_00801,15.9,0.0,15.6,WMO_3,1,2017-12-31 12:00:00,open_meteo_daily_by_venue_coordinates,MetLife Stadium,40.8135,-74.0745,19.6,12.6,15.9,4.5,10.9,0.0,4.5,0.0,0.0,0.066,30.6,304.0,8.09,3.0
2018_CON_20_LAR_NO_20190120,WTH_00802,70.0,0.0,0.0,INDOOR,0,2019-01-20 12:00:00,open_meteo_indoor_controlled_daily_values,Caesars Superdome,29.9511,-90.0812,70.0,70.0,70.0,70.0,70.0,70.0,70.0,0.0,0.0,0.0,0.0,,,
2018_CON_20_NE_KC_20190120,WTH_00803,12.1,0.0,12.5,WMO_3,1,2019-01-20 12:00:00,open_meteo_daily_by_venue_coordinates,Arrowhead Stadium,39.0489,-94.4839,22.8,4.0,12.1,3.2,14.1,-4.5,3.2,0.0,0.0,0.328,25.5,24.0,6.77,3.0
2018_POST_18_IND_HOU_20190105,WTH_00804,70.0,0.0,0.0,INDOOR,0,2019-01-05 12:00:00,open_meteo_indoor_controlled_daily_values,NRG Stadium,29.6847,-95.4107,70.0,70.0,70.0,70.0,70.0,70.0,70.0,0.0,0.0,0.0,0.0,,,
2018_POST_18_LAC_BAL_20190106,WTH_00805,44.8,0.0,14.4,WMO_3,0,2019-01-06 12:00:00,open_meteo_daily_by_venue_coordinates,M&T Bank Stadium,39.278,-76.6227,50.2,40.5,44.8,37.1,43.2,33.3,37.1,0.0,0.0,0.0,26.6,293.0,8.93,3.0
2018_POST_18_PHI_CHI_20190106,WTH_00806,37.2,0.0,14.1,WMO_3,0,2019-01-06 12:00:00,open_meteo_daily_by_venue_coordinates,Soldier Field,41.8623,-87.6167,41.1,34.8,37.2,28.7,33.7,26.5,28.7,0.0,0.0,0.033,22.4,40.0,4.94,3.0
2018_POST_18_SEA_DAL_20190105,WTH_00807,70.0,0.0,0.0,INDOOR,0,2019-01-05 12:00:00,open_meteo_indoor_controlled_daily_values,AT&T Stadium,32.7473,-97.0945,70.0,70.0,70.0,70.0,70.0,70.0,70.0,0.0,0.0,0.0,0.0,,,
2018_POST_19_DAL_LAR_20190112,WTH_00808,53.7,0.606,16.9,WMO_63|PRECIP,1,2019-01-12 12:00:00,open_meteo_daily_by_venue_coordinates,Los Angeles Memorial Coliseum,34.0141,-118.2879,60.7,49.3,53.7,50.7,58.2,45.9,50.7,0.606,0.0,0.0,26.2,117.0,6.48,63.0
2018_POST_19_IND_KC_20190112,WTH_00809,32.2,0.949,10.3,WMO_75|SNOW,1,2019-01-12 12:00:00,open_meteo_daily_by_venue_coordinates,Arrowhead Stadium,39.0489,-94.4839,33.4,30.8,32.2,24.9,27.0,23.1,24.9,0.024,6.476,0.591,20.8,57.0,1.98,75.0
2018_POST_19_LAC_NE_20190113,WTH_00810,20.9,0.0,7.7,WMO_3,0,2019-01-13 12:00:00,open_meteo_daily_by_venue_coordinates,Gillette Stadium,42.0909,-71.2643,27.9,15.7,20.9,11.9,19.2,6.6,11.9,0.0,0.0,0.0,18.6,347.0,8.78,3.0
2018_POST_19_PHI_NO_20190113,WTH_00811,70.0,0.0,0.0,INDOOR,0,2019-01-13 12:00:00,open_meteo_indoor_controlled_daily_values,Caesars Superdome,29.9511,-90.0812,70.0,70.0,70.0,70.0,70.0,70.0,70.0,0.0,0.0,0.0,0.0,,,
2018_POST_21_NE_LAR_20190203,WTH_00812,70.0,0.0,0.0,INDOOR,0,2019-02-03 12:00:00,open_meteo_indoor_controlled_daily_values,Mercedes-Benz Stadium,33.7554,-84.4009,70.0,70.0,70.0,70.0,70.0,70.0,70.0,0.0,0.0,0.0,0.0,,,
2018_REG_01_ATL_PHI_20180906,WTH_00813,82.4,0.059,7.6,WMO_53|PRECIP,0,2018-09-06 12:00:00,open_meteo_daily_by_venue_coordinates,Lincoln Financial Field,39.9008,-75.1675,90.3,76.3,82.4,91.7,99.4,85.7,91.7,0.059,0.0,0.0,15.7,212.0,18.95,53.0
2018_REG_01_BUF_BAL_20180909,WTH_00814,61.9,1.661,19.2,WMO_63|PRECIP,1,2018-09-09 12:00:00,open_meteo_daily_by_venue_coordinates,M&T Bank Stadium,39.278,-76.6227,65.9,59.2,61.9,58.7,62.5,55.6,58.7,1.661,0.0,0.0,34.0,54.0,3.33,63.0
2018_REG_01_CHI_GB_20180909,WTH_00815,59.0,0.0,10.6,WMO_3,0,2018-09-09 12:00:00,open_meteo_daily_by_venue_coordinates,Lambeau Field,44.5013,-88.0622,65.9,51.8,59.0,56.1,63.4,49.5,56.1,0.0,0.0,0.0,24.4,65.0,21.09,3.0
2018_REG_01_CIN_IND_20180909,WTH_00816,70.0,0.0,0.0,INDOOR,0,2018-09-09 12:00:00,open_meteo_indoor_controlled_daily_values,Lucas Oil Stadium,39.7601,-86.1639,70.0,70.0,70.0,70.0,70.0,70.0,70.0,0.0,0.0,0.0,0.0,,,
2018_REG_01_DAL_CAR_20180909,WTH_00817,79.7,0.256,8.2,WMO_63|PRECIP,0,2018-09-09 12:00:00,open_meteo_daily_by_venue_coordinates,Bank of America Stadium,35.2258,-80.8528,85.6,72.8,79.7,85.0,92.2,78.7,85.0,0.256,0.0,0.0,19.2,153.0,17.1,63.0
2018_REG_01_HOU_NE_20180909,WTH_00818,58.8,0.004,10.8,WMO_51|PRECIP,0,2018-09-09 12:00:00,open_meteo_daily_by_venue_coordinates,Gillette Stadium,42.0909,-71.2643,62.6,55.5,58.8,54.2,59.7,50.2,54.2,0.004,0.0,0.0,25.9,26.0,9.93,51.0
2018_REG_01_JAX_NYG_20180909,WTH_00819,59.8,0.496,11.2,WMO_55|PRECIP,0,2018-09-09 12:00:00,open_meteo_daily_by_venue_coordinates,MetLife Stadium,40.8135,-74.0745,63.0,56.7,59.8,57.1,62.1,52.0,57.1,0.496,0.0,0.0,20.8,35.0,3.84,55.0
2018_REG_01_KC_LAC_20180909,WTH_00820,72.9,0.0,11.0,WMO_3,0,2018-09-09 12:00:00,open_meteo_daily_by_venue_coordinates,StubHub Center,33.8644,-118.2611,88.4,63.5,72.9,76.4,92.3,68.0,76.4,0.0,0.0,0.0,22.4,226.0,22.69,3.0
2018_REG_01_LAR_LV_20180910,WTH_00821,62.9,0.0,7.4,WMO_3,0,2018-09-10 12:00:00,open_meteo_daily_by_venue_coordinates,Oakland Coliseum,37.7516,-122.2005,74.5,55.8,62.9,62.5,76.5,54.3,62.5,0.0,0.0,0.0,17.7,188.0,23.33,3.0
2018_REG_01_NYJ_DET_20180910,WTH_00822,70.0,0.0,0.0,INDOOR,0,2018-09-10 12:00:00,open_meteo_indoor_controlled_daily_values,Ford Field,42.34,-83.0456,70.0,70.0,70.0,70.0,70.0,70.0,70.0,0.0,0.0,0.0,0.0,,,
2018_REG_01_PIT_CLE_20180909,WTH_00823,59.6,0.744,17.6,WMO_63|PRECIP,1,2018-09-09 12:00:00,open_meteo_daily_by_venue_coordinates,Huntington Bank Field,41.5061,-81.6995,64.4,56.1,59.6,55.3,61.6,50.0,55.3,0.744,0.0,0.0,28.9,78.0,4.51,63.0
2018_REG_01_SEA_DEN_20180909,WTH_00824,69.3,0.0,14.9,WMO_3,0,2018-09-09 12:00:00,open_meteo_daily_by_venue_coordinates,Empower Field at Mile High,39.7439,-105.0201,83.9,54.1,69.3,66.1,82.0,50.7,66.1,0.0,0.0,0.0,24.6,295.0,20.78,3.0
2018_REG_01_SF_MIN_20180909,WTH_00825,70.0,0.0,0.0,INDOOR,0,2018-09-09 12:00:00,open_meteo_indoor_controlled_daily_values,U.S. Bank Stadium,44.9738,-93.2575,70.0,70.0,70.0,70.0,70.0,70.0,70.0,0.0,0.0,0.0,0.0,,,
2018_REG_01_TB_NO_20180909,WTH_00826,70.0,0.0,0.0,INDOOR,0,2018-09-09 12:00:00,open_meteo_indoor_controlled_daily_values,Caesars Superdome,29.9511,-90.0812,70.0,70.0,70.0,70.0,70.0,70.0,70.0,0.0,0.0,0.0,0.0,,,
2018_REG_01_TEN_MIA_20180909,WTH_00827,77.6,0.48,9.9,WMO_63|PRECIP,0,2018-09-09 12:00:00,open_meteo_daily_by_venue_coordinates,Hard Rock Stadium,25.958,-80.2389,87.1,72.4,77.6,86.4,98.8,79.9,86.4,0.48,0.0,0.0,20.8,222.0,17.68,63.0
2018_REG_01_WSH_ARI_20180909,WTH_00828,70.0,0.0,0.0,INDOOR,0,2018-09-09 12:00:00,open_meteo_indoor_controlled_daily_values,State Farm Stadium,33.5276,-112.2626,70.0,70.0,70.0,70.0,70.0,70.0,70.0,0.0,0.0,0.0,0.0,,,
2018_REG_02_ARI_LAR_20180916,WTH_00829,70.4,0.0,13.4,WMO_0,0,2018-09-16 12:00:00,open_meteo_daily_by_venue_coordinates,Los Angeles Memorial Coliseum,34.0141,-118.2879,84.1,59.1,70.4,70.7,86.2,60.1,70.7,0.0,0.0,0.0,24.4,220.0,23.02,0.0
2018_REG_02_BAL_CIN_20180913,WTH_00830,71.7,0.0,5.0,WMO_3,0,2018-09-13 12:00:00,open_meteo_daily_by_venue_coordinates,Paycor Stadium,39.0955,-84.516,82.8,63.0,71.7,75.6,89.2,66.0,75.6,0.0,0.0,0.0,10.1,32.0,18.6,3.0
2018_REG_02_CAR_ATL_20180916,WTH_00831,70.0,0.0,0.0,INDOOR,0,2018-09-16 12:00:00,open_meteo_indoor_controlled_daily_values,Mercedes-Benz Stadium,33.7554,-84.4009,70.0,70.0,70.0,70.0,70.0,70.0,70.0,0.0,0.0,0.0,0.0,,,
2018_REG_02_CLE_NO_20180916,WTH_00832,70.0,0.0,0.0,INDOOR,0,2018-09-16 12:00:00,open_meteo_indoor_controlled_daily_values,Caesars Superdome,29.9511,-90.0812,70.0,70.0,70.0,70.0,70.0,70.0,70.0,0.0,0.0,0.0,0.0,,,
2018_REG_02_DET_SF_20180916,WTH_00833,62.4,0.0,14.2,WMO_3,0,2018-09-16 12:00:00,open_meteo_daily_by_venue_coordinates,Levi's Stadium,37.403,-121.97,74.4,52.5,62.4,60.6,70.8,51.1,60.6,0.0,0.0,0.0,27.1,306.0,22.74,3.0
2018_REG_02_HOU_TEN_20180916,WTH_00834,77.3,0.0,11.9,WMO_3,0,2018-09-16 12:00:00,open_meteo_daily_by_venue_coordinates,Nissan Stadium,36.1665,-86.7713,83.7,70.8,77.3,81.5,87.7,74.8,81.5,0.0,0.0,0.0,24.4,40.0,14.38,3.0
2018_REG_02_IND_WSH_20180916,WTH_00835,71.9,0.051,9.5,WMO_53|PRECIP,0,2018-09-16 12:00:00,open_meteo_daily_by_venue_coordinates,Northwest Stadium,38.9078,-76.8644,79.2,65.9,71.9,75.6,82.5,68.1,75.6,0.051,0.0,0.0,21.9,74.0,11.66,53.0
2018_REG_02_KC_PIT_20180916,WTH_00836,72.0,0.0,9.7,WMO_3,0,2018-09-16 12:00:00,open_meteo_daily_by_venue_coordinates,Acrisure Stadium,40.4468,-80.0158,79.3,64.3,72.0,75.0,80.8,66.7,75.0,0.0,0.0,0.0,21.3,94.0,14.24,3.0
2018_REG_02_LAC_BUF_20180916,WTH_00837,74.7,0.004,5.5,WMO_51|PRECIP,0,2018-09-16 12:00:00,open_meteo_daily_by_venue_coordinates,Highmark Stadium,42.7738,-78.7868,84.3,66.7,74.7,79.6,89.8,69.8,79.6,0.004,0.0,0.0,10.1,161.0,18.26,51.0
2018_REG_02_LV_DEN_20180916,WTH_00838,75.8,0.0,11.8,WMO_3,0,2018-09-16 12:00:00,open_meteo_daily_by_venue_coordinates,Empower Field at Mile High,39.7439,-105.0201,92.0,59.0,75.8,70.4,87.7,53.1,70.4,0.0,0.0,0.0,21.5,157.0,19.67,3.0
2018_REG_02_MIA_NYJ_20180916,WTH_00839,71.0,0.0,8.8,WMO_3,0,2018-09-16 12:00:00,open_meteo_daily_by_venue_coordinates,MetLife Stadium,40.8135,-74.0745,81.2,64.7,71.0,76.5,89.6,69.3,76.5,0.0,0.0,0.0,17.7,177.0,17.97,3.0
2018_REG_02_MIN_GB_20180916,WTH_00840,71.9,0.012,9.2,WMO_51|PRECIP,0,2018-09-16 12:00:00,open_meteo_daily_by_venue_coordinates,Lambeau Field,44.5013,-88.0622,82.4,62.4,71.9,74.4,85.2,63.4,74.4,0.012,0.0,0.0,19.7,169.0,16.06,51.0
2018_REG_02_NE_JAX_20180916,WTH_00841,83.8,0.012,12.1,WMO_51|PRECIP,0,2018-09-16 12:00:00,open_meteo_daily_by_venue_coordinates,TIAA Bank Stadium,30.3239,-81.6373,92.4,75.9,83.8,90.7,98.5,82.5,90.7,0.012,0.0,0.0,25.5,226.0,20.7,51.0
2018_REG_02_NYG_DAL_20180916,WTH_00842,70.0,0.0,0.0,INDOOR,0,2018-09-16 12:00:00,open_meteo_indoor_controlled_daily_values,AT&T Stadium,32.7473,-97.0945,70.0,70.0,70.0,70.0,70.0,70.0,70.0,0.0,0.0,0.0,0.0,,,
2018_REG_02_PHI_TB_20180916,WTH_00843,83.1,0.047,8.9,WMO_51|PRECIP,0,2018-09-16 12:00:00,open_meteo_daily_by_venue_coordinates,Raymond James Stadium,27.9759,-82.5033,87.2,80.6,83.1,92.9,95.6,91.1,92.9,0.047,0.0,0.0,17.4,235.0,16.91,51.0
2018_REG_02_SEA_CHI_20180917,WTH_00844,76.4,0.004,10.9,WMO_51|PRECIP,0,2018-09-17 12:00:00,open_meteo_daily_by_venue_coordinates,Soldier Field,41.8623,-87.6167,85.9,68.2,76.4,80.5,91.9,72.4,80.5,0.004,0.0,0.0,15.9,144.0,17.67,51.0
2018_REG_03_BUF_MIN_20180923,WTH_00845,70.0,0.0,0.0,INDOOR,0,2018-09-23 12:00:00,open_meteo_indoor_controlled_daily_values,U.S. Bank Stadium,44.9738,-93.2575,70.0,70.0,70.0,70.0,70.0,70.0,70.0,0.0,0.0,0.0,0.0,,,
2018_REG_03_CHI_ARI_20180923,WTH_00846,70.0,0.0,0.0,INDOOR,0,2018-09-23 12:00:00,open_meteo_indoor_controlled_daily_values,State Farm Stadium,33.5276,-112.2626,70.0,70.0,70.0,70.0,70.0,70.0,70.0,0.0,0.0,0.0,0.0,,,
2018_REG_03_CIN_CAR_20180923,WTH_00847,74.7,0.035,6.5,WMO_51|PRECIP,0,2018-09-23 12:00:00,open_meteo_daily_by_venue_coordinates,Bank of America Stadium,35.2258,-80.8528,80.8,67.0,74.7,80.2,88.0,71.0,80.2,0.035,0.0,0.0,12.5,172.0,15.98,51.0
2018_REG_03_DAL_SEA_20180923,WTH_00848,57.1,0.0,17.4,WMO_2,0,2018-09-23 12:00:00,open_meteo_daily_by_venue_coordinates,Lumen Field,47.5952,-122.3316,63.9,52.4,57.1,53.4,60.6,49.8,53.4,0.0,0.0,0.0,32.2,189.0,11.02,2.0
2018_REG_03_DEN_BAL_20180923,WTH_00849,62.0,1.106,8.3,WMO_63|PRECIP,1,2018-09-23 12:00:00,open_meteo_daily_by_venue_coordinates,M&T Bank Stadium,39.278,-76.6227,64.9,59.5,62.0,61.8,66.0,58.4,61.8,1.106,0.0,0.0,15.4,30.0,3.52,63.0
2018_REG_03_GB_WSH_20180923,WTH_00850,62.3,1.197,8.6,WMO_63|PRECIP,1,2018-09-23 12:00:00,open_meteo_daily_by_venue_coordinates,Northwest Stadium,38.9078,-76.8644,66.0,58.3,62.3,62.6,67.7,57.9,62.6,1.197,0.0,0.0,19.5,35.0,3.81,63.0
2018_REG_03_IND_PHI_20180923,WTH_00851,61.6,0.291,7.2,WMO_61|PRECIP,0,2018-09-23 12:00:00,open_meteo_daily_by_venue_coordinates,Lincoln Financial Field,39.9008,-75.1675,65.4,59.6,61.6,61.7,64.9,59.2,61.7,0.291,0.0,0.0,13.9,27.0,3.18,61.0
2018_REG_03_LAC_LAR_20180923,WTH_00852,69.9,0.0,15.8,WMO_1,0,2018-09-23 12:00:00,open_meteo_daily_by_venue_coordinates,Los Angeles Memorial Coliseum,34.0141,-118.2879,78.3,62.3,69.9,69.9,80.4,63.3,69.9,0.0,0.0,0.0,28.2,206.0,20.96,1.0
2018_REG_03_LV_MIA_20180923,WTH_00853,80.5,0.126,9.2,WMO_61|PRECIP,0,2018-09-23 12:00:00,open_meteo_daily_by_venue_coordinates,Hard Rock Stadium,25.958,-80.2389,86.4,75.1,80.5,89.5,96.2,83.3,89.5,0.126,0.0,0.0,19.2,76.0,19.36,61.0
2018_REG_03_NE_DET_20180923,WTH_00854,70.0,0.0,0.0,INDOOR,0,2018-09-23 12:00:00,open_meteo_indoor_controlled_daily_values,Ford Field,42.34,-83.0456,70.0,70.0,70.0,70.0,70.0,70.0,70.0,0.0,0.0,0.0,0.0,,,
2018_REG_03_NO_ATL_20180923,WTH_00855,70.0,0.0,0.0,INDOOR,0,2018-09-23 12:00:00,open_meteo_indoor_controlled_daily_values,Mercedes-Benz Stadium,33.7554,-84.4009,70.0,70.0,70.0,70.0,70.0,70.0,70.0,0.0,0.0,0.0,0.0,,,
2018_REG_03_NYG_HOU_20180923,WTH_00856,70.0,0.0,0.0,INDOOR,0,2018-09-23 12:00:00,open_meteo_indoor_controlled_daily_values,NRG Stadium,29.6847,-95.4107,70.0,70.0,70.0,70.0,70.0,70.0,70.0,0.0,0.0,0.0,0.0,,,
2018_REG_03_NYJ_CLE_20180920,WTH_00857,69.6,0.043,9.7,WMO_53|PRECIP,0,2018-09-20 12:00:00,open_meteo_daily_by_venue_coordinates,Huntington Bank Field,41.5061,-81.6995,81.5,59.8,69.6,72.7,88.6,61.0,72.7,0.043,0.0,0.0,18.8,143.0,14.71,53.0
2018_REG_03_PIT_TB_20180924,WTH_00858,80.4,0.126,7.8,WMO_61|PRECIP,0,2018-09-24 12:00:00,open_meteo_daily_by_venue_coordinates,Raymond James Stadium,27.9759,-82.5033,87.6,75.3,80.4,89.0,97.8,83.4,89.0,0.126,0.0,0.0,15.4,74.0,20.1,61.0
2018_REG_03_SF_KC_20180923,WTH_00859,64.8,0.0,6.1,WMO_0,0,2018-09-23 12:00:00,open_meteo_daily_by_venue_coordinates,Arrowhead Stadium,39.0489,-94.4839,76.2,54.5,64.8,65.0,77.2,54.0,65.0,0.0,0.0,0.0,16.3,114.0,20.46,0.0
2018_REG_03_TEN_JAX_20180923,WTH_00860,80.0,0.051,11.1,WMO_51|PRECIP,0,2018-09-23 12:00:00,open_meteo_daily_by_venue_coordinates,TIAA Bank Stadium,30.3239,-81.6373,86.4,74.9,80.0,87.2,91.6,83.3,87.2,0.051,0.0,0.0,19.9,90.0,17.97,51.0
2018_REG_04_BAL_PIT_20180930,WTH_00861,59.7,0.0,6.3,WMO_2,0,2018-09-30 12:00:00,open_meteo_daily_by_venue_coordinates,Acrisure Stadium,40.4468,-80.0158,75.1,49.0,59.7,59.3,76.6,46.0,59.3,0.0,0.0,0.0,14.8,103.0,17.51,2.0
2018_REG_04_BUF_GB_20180930,WTH_00862,47.3,0.012,5.1,WMO_51|PRECIP,0,2018-09-30 12:00:00,open_meteo_daily_by_venue_coordinates,Lambeau Field,44.5013,-88.0622,51.6,45.0,47.3,43.0,47.9,40.5,43.0,0.012,0.0,0.0,12.3,56.0,4.77,51.0
2018_REG_04_CIN_ATL_20180930,WTH_00863,70.0,0.0,0.0,INDOOR,0,2018-09-30 12:00:00,open_meteo_indoor_controlled_daily_values,Mercedes-Benz Stadium,33.7554,-84.4009,70.0,70.0,70.0,70.0,70.0,70.0,70.0,0.0,0.0,0.0,0.0,,,
2018_REG_04_CLE_LV_20180930,WTH_00864,64.0,0.0,11.4,WMO_3,0,2018-09-30 12:00:00,open_meteo_daily_by_venue_coordinates,Oakland Coliseum,37.7516,-122.2005,72.5,58.3,64.0,64.3,71.2,58.9,64.3,0.0,0.0,0.0,25.9,239.0,18.09,3.0
2018_REG_04_DET_DAL_20180930,WTH_00865,70.0,0.0,0.0,INDOOR,0,2018-09-30 12:00:00,open_meteo_indoor_controlled_daily_values,AT&T Stadium,32.7473,-97.0945,70.0,70.0,70.0,70.0,70.0,70.0,70.0,0.0,0.0,0.0,0.0,,,
2018_REG_04_HOU_IND_20180930,WTH_00866,70.0,0.0,0.0,INDOOR,0,2018-09-30 12:00:00,open_meteo_indoor_controlled_daily_values,Lucas Oil Stadium,39.7601,-86.1639,70.0,70.0,70.0,70.0,70.0,70.0,70.0,0.0,0.0,0.0,0.0,,,
2018_REG_04_KC_DEN_20181001,WTH_00867,50.1,0.0,8.4,WMO_3,0,2018-10-01 12:00:00,open_meteo_daily_by_venue_coordinates,Empower Field at Mile High,39.7439,-105.0201,67.2,40.0,50.1,46.7,63.4,35.7,46.7,0.0,0.0,0.0,17.4,15.0,10.66,3.0
2018_REG_04_MIA_NE_20180930,WTH_00868,57.3,0.0,7.1,WMO_3,0,2018-09-30 12:00:00,open_meteo_daily_by_venue_coordinates,Gillette Stadium,42.0909,-71.2643,66.3,49.4,57.3,54.0,63.2,45.1,54.0,0.0,0.0,0.0,16.8,301.0,17.48,3.0
2018_REG_04_MIN_LAR_20180927,WTH_00869,70.0,0.0,12.1,WMO_3,0,2018-09-27 12:00:00,open_meteo_daily_by_venue_coordinates,Los Angeles Memorial Coliseum,34.0141,-118.2879,81.6,64.0,70.0,72.0,84.0,66.2,72.0,0.0,0.0,0.0,23.0,235.0,20.15,3.0
2018_REG_04_NO_NYG_20180930,WTH_00870,60.9,0.0,8.4,WMO_3,0,2018-09-30 12:00:00,open_meteo_daily_by_venue_coordinates,MetLife Stadium,40.8135,-74.0745,68.4,54.0,60.9,59.7,68.0,51.6,59.7,0.0,0.0,0.0,16.3,357.0,17.73,3.0
2018_REG_04_NYJ_JAX_20180930,WTH_00871,79.2,0.315,11.3,WMO_61|PRECIP,0,2018-09-30 12:00:00,open_meteo_daily_by_venue_coordinates,TIAA Bank Stadium,30.3239,-81.6373,83.4,75.4,79.2,87.5,91.7,84.5,87.5,0.315,0.0,0.0,21.3,65.0,14.61,61.0
2018_REG_04_PHI_TEN_20180930,WTH_00872,68.9,0.0,5.4,WMO_3,0,2018-09-30 12:00:00,open_meteo_daily_by_venue_coordinates,Nissan Stadium,36.1665,-86.7713,81.2,59.5,68.9,72.6,88.9,60.3,72.6,0.0,0.0,0.0,10.1,59.0,18.52,3.0
2018_REG_04_SEA_ARI_20180930,WTH_00873,70.0,0.0,0.0,INDOOR,0,2018-09-30 12:00:00,open_meteo_indoor_controlled_daily_values,State Farm Stadium,33.5276,-112.2626,70.0,70.0,70.0,70.0,70.0,70.0,70.0,0.0,0.0,0.0,0.0,,,
2018_REG_04_SF_LAC_20180930,WTH_00874,67.9,0.0,11.6,WMO_3,0,2018-09-30 12:00:00,open_meteo_daily_by_venue_coordinates,StubHub Center,33.8644,-118.2611,82.9,59.0,67.9,69.0,84.3,60.3,69.0,0.0,0.0,0.0,22.1,260.0,19.26,3.0
2018_REG_04_TB_CHI_20180930,WTH_00875,58.6,0.315,12.8,WMO_61|PRECIP,0,2018-09-30 12:00:00,open_meteo_daily_by_venue_coordinates,Soldier Field,41.8623,-87.6167,66.5,54.7,58.6,56.2,68.2,49.2,56.2,0.315,0.0,0.0,29.3,85.0,6.31,61.0
2018_REG_05_ARI_SF_20181007,WTH_00876,65.9,0.0,14.2,WMO_2,0,2018-10-07 12:00:00,open_meteo_daily_by_venue_coordinates,Levi's Stadium,37.403,-121.97,81.2,56.3,65.9,62.6,72.6,52.9,62.6,0.0,0.0,0.0,24.4,326.0,18.93,2.0
2018_REG_05_ATL_PIT_20181007,WTH_00877,73.2,0.016,6.1,WMO_51|PRECIP,0,2018-10-07 12:00:00,open_meteo_daily_by_venue_coordinates,Acrisure Stadium,40.4468,-80.0158,82.5,65.6,73.2,78.5,88.6,70.1,78.5,0.016,0.0,0.0,18.3,203.0,14.15,51.0
2018_REG_05_BAL_CLE_20181007,WTH_00878,67.8,0.37,11.9,WMO_61|PRECIP,0,2018-10-07 12:00:00,open_meteo_daily_by_venue_coordinates,Huntington Bank Field,41.5061,-81.6995,73.3,63.2,67.8,69.9,77.8,63.6,69.9,0.37,0.0,0.0,24.2,11.0,8.45,61.0
2018_REG_05_DAL_HOU_20181007,WTH_00879,70.0,0.0,0.0,INDOOR,0,2018-10-07 12:00:00,open_meteo_indoor_controlled_daily_values,NRG Stadium,29.6847,-95.4107,70.0,70.0,70.0,70.0,70.0,70.0,70.0,0.0,0.0,0.0,0.0,,,
2018_REG_05_DEN_NYJ_20181007,WTH_00880,71.2,0.004,10.0,WMO_51|PRECIP,0,2018-10-07 12:00:00,open_meteo_daily_by_venue_coordinates,MetLife Stadium,40.8135,-74.0745,79.7,66.3,71.2,74.3,85.3,67.2,74.3,0.004,0.0,0.0,18.6,223.0,7.29,51.0
2018_REG_05_GB_DET_20181007,WTH_00881,70.0,0.0,0.0,INDOOR,0,2018-10-07 12:00:00,open_meteo_indoor_controlled_daily_values,Ford Field,42.34,-83.0456,70.0,70.0,70.0,70.0,70.0,70.0,70.0,0.0,0.0,0.0,0.0,,,
2018_REG_05_IND_NE_20181004,WTH_00882,62.3,0.043,12.8,WMO_53|PRECIP,0,2018-10-04 12:00:00,open_meteo_daily_by_venue_coordinates,Gillette Stadium,42.0909,-71.2643,70.2,56.6,62.3,62.5,71.4,56.5,62.5,0.043,0.0,0.0,28.4,192.0,7.3,53.0
2018_REG_05_JAX_KC_20181007,WTH_00883,59.4,1.173,8.2,WMO_63|PRECIP,1,2018-10-07 12:00:00,open_meteo_daily_by_venue_coordinates,Arrowhead Stadium,39.0489,-94.4839,71.6,53.0,59.4,59.5,75.8,50.1,59.5,1.173,0.0,0.0,21.9,67.0,4.22,63.0
2018_REG_05_LAR_SEA_20181007,WTH_00884,51.7,0.091,7.0,WMO_51|PRECIP,0,2018-10-07 12:00:00,open_meteo_daily_by_venue_coordinates,Lumen Field,47.5952,-122.3316,56.2,48.7,51.7,48.5,52.8,45.3,48.5,0.091,0.0,0.0,14.5,175.0,4.54,51.0
2018_REG_05_LV_LAC_20181007,WTH_00885,66.1,0.0,10.3,WMO_3,0,2018-10-07 12:00:00,open_meteo_daily_by_venue_coordinates,StubHub Center,33.8644,-118.2611,73.0,61.2,66.1,68.4,75.6,63.2,68.4,0.0,0.0,0.0,19.2,167.0,17.9,3.0
2018_REG_05_MIA_CIN_20181007,WTH_00886,75.8,0.008,7.6,WMO_51|PRECIP,0,2018-10-07 12:00:00,open_meteo_daily_by_venue_coordinates,Paycor Stadium,39.0955,-84.516,84.1,67.6,75.8,81.2,88.5,72.4,81.2,0.008,0.0,0.0,17.4,201.0,14.26,51.0
2018_REG_05_MIN_PHI_20181007,WTH_00887,73.2,0.0,8.7,WMO_3,0,2018-10-07 12:00:00,open_meteo_daily_by_venue_coordinates,Lincoln Financial Field,39.9008,-75.1675,81.3,68.9,73.2,77.6,86.8,72.6,77.6,0.0,0.0,0.0,17.0,212.0,8.56,3.0
2018_REG_05_NYG_CAR_20181007,WTH_00888,74.7,0.02,4.9,WMO_51|PRECIP,0,2018-10-07 12:00:00,open_meteo_daily_by_venue_coordinates,Bank of America Stadium,35.2258,-80.8528,80.8,69.9,74.7,81.9,88.5,76.3,81.9,0.02,0.0,0.0,11.6,80.0,10.53,51.0
2018_REG_05_TEN_BUF_20181007,WTH_00889,65.6,0.594,11.9,WMO_63|PRECIP,1,2018-10-07 12:00:00,open_meteo_daily_by_venue_coordinates,Highmark Stadium,42.7738,-78.7868,72.1,59.5,65.6,67.2,74.7,59.0,67.2,0.594,0.0,0.0,25.9,327.0,6.3,63.0
2018_REG_05_WSH_NO_20181008,WTH_00890,70.0,0.0,0.0,INDOOR,0,2018-10-08 12:00:00,open_meteo_indoor_controlled_daily_values,Caesars Superdome,29.9511,-90.0812,70.0,70.0,70.0,70.0,70.0,70.0,70.0,0.0,0.0,0.0,0.0,,,
2018_REG_06_ARI_MIN_20181014,WTH_00891,70.0,0.0,0.0,INDOOR,0,2018-10-14 12:00:00,open_meteo_indoor_controlled_daily_values,U.S. Bank Stadium,44.9738,-93.2575,70.0,70.0,70.0,70.0,70.0,70.0,70.0,0.0,0.0,0.0,0.0,,,
2018_REG_06_BAL_TEN_20181014,WTH_00892,59.8,0.657,9.2,WMO_63|PRECIP,1,2018-10-14 12:00:00,open_meteo_daily_by_venue_coordinates,Nissan Stadium,36.1665,-86.7713,70.5,53.1,59.8,59.1,73.3,50.9,59.1,0.657,0.0,0.0,25.1,146.0,4.6,63.0
2018_REG_06_BUF_HOU_20181014,WTH_00893,70.0,0.0,0.0,INDOOR,0,2018-10-14 12:00:00,open_meteo_indoor_controlled_daily_values,NRG Stadium,29.6847,-95.4107,70.0,70.0,70.0,70.0,70.0,70.0,70.0,0.0,0.0,0.0,0.0,,,
2018_REG_06_CAR_WSH_20181014,WTH_00894,51.5,0.012,7.3,WMO_51|PRECIP,0,2018-10-14 12:00:00,open_meteo_daily_by_venue_coordinates,Northwest Stadium,38.9078,-76.8644,61.0,45.2,51.5,48.3,58.6,40.8,48.3,0.012,0.0,0.0,15.2,301.0,6.85,51.0
2018_REG_06_CHI_MIA_20181014,WTH_00895,80.0,0.098,7.9,WMO_53|PRECIP,0,2018-10-14 12:00:00,open_meteo_daily_by_venue_coordinates,Hard Rock Stadium,25.958,-80.2389,86.2,75.0,80.0,89.0,96.1,83.7,89.0,0.098,0.0,0.0,16.1,100.0,17.36,53.0
2018_REG_06_IND_NYJ_20181014,WTH_00896,51.4,0.0,9.1,WMO_3,0,2018-10-14 12:00:00,open_meteo_daily_by_venue_coordinates,MetLife Stadium,40.8135,-74.0745,58.2,44.2,51.4,47.2,52.9,40.1,47.2,0.0,0.0,0.0,18.3,254.0,11.3,3.0
2018_REG_06_JAX_DAL_20181014,WTH_00897,70.0,0.0,0.0,INDOOR,0,2018-10-14 12:00:00,open_meteo_indoor_controlled_daily_values,AT&T Stadium,32.7473,-97.0945,70.0,70.0,70.0,70.0,70.0,70.0,70.0,0.0,0.0,0.0,0.0,,,
2018_REG_06_KC_NE_20181014,WTH_00898,47.7,0.0,8.1,WMO_3,0,2018-10-14 12:00:00,open_meteo_daily_by_venue_coordinates,Gillette Stadium,42.0909,-71.2643,57.4,40.5,47.7,42.4,52.0,34.8,42.4,0.0,0.0,0.0,19.2,267.0,14.3,3.0
2018_REG_06_LAC_CLE_20181014,WTH_00899,48.7,0.0,11.2,WMO_3,0,2018-10-14 12:00:00,open_meteo_daily_by_venue_coordinates,Huntington Bank Field,41.5061,-81.6995,58.9,43.3,48.7,42.6,53.7,36.5,42.6,0.0,0.0,0.0,18.3,173.0,14.39,3.0
2018_REG_06_LAR_DEN_20181014,WTH_00900,30.7,0.303,23.6,WMO_73|SNOW|WINDY,1,2018-10-14 12:00:00,open_meteo_daily_by_venue_coordinates,Empower Field at Mile High,39.7439,-105.0201,56.4,22.5,30.7,21.4,50.2,11.3,21.4,0.043,1.819,0.164,45.0,356.0,9.22,73.0
2018_REG_06_PHI_NYG_20181011,WTH_00901,72.3,0.272,18.8,WMO_61|PRECIP,0,2018-10-11 12:00:00,open_meteo_daily_by_venue_coordinates,MetLife Stadium,40.8135,-74.0745,77.3,69.4,72.3,76.4,79.9,73.0,76.4,0.272,0.0,0.0,34.7,197.0,4.27,61.0
2018_REG_06_PIT_CIN_20181014,WTH_00902,49.0,0.106,8.3,WMO_53|PRECIP,0,2018-10-14 12:00:00,open_meteo_daily_by_venue_coordinates,Paycor Stadium,39.0955,-84.516,55.8,45.5,49.0,45.0,53.3,41.6,45.0,0.106,0.0,0.0,20.8,130.0,4.34,53.0
2018_REG_06_SEA_LV_20181014,WTH_00903,55.4,0.681,14.5,WMO_61|PRECIP,1,2018-10-14 12:00:00,open_meteo_daily_by_venue_coordinates,Wembley Stadium,51.556,-0.2796,63.5,50.4,55.4,51.9,62.6,44.2,51.9,0.681,0.0,0.0,29.1,6.0,2.28,61.0
2018_REG_06_SF_GB_20181015,WTH_00904,37.5,0.165,17.9,WMO_61|PRECIP,1,2018-10-15 12:00:00,open_meteo_daily_by_venue_coordinates,Lambeau Field,44.5013,-88.0622,40.8,34.0,37.5,28.5,35.4,24.6,28.5,0.165,0.0,0.0,36.0,289.0,10.96,61.0
2018_REG_06_TB_ATL_20181014,WTH_00905,70.0,0.0,0.0,INDOOR,0,2018-10-14 12:00:00,open_meteo_indoor_controlled_daily_values,Mercedes-Benz Stadium,33.7554,-84.4009,70.0,70.0,70.0,70.0,70.0,70.0,70.0,0.0,0.0,0.0,0.0,,,
2018_REG_07_BUF_IND_20181021,WTH_00906,70.0,0.0,0.0,INDOOR,0,2018-10-21 12:00:00,open_meteo_indoor_controlled_daily_values,Lucas Oil Stadium,39.7601,-86.1639,70.0,70.0,70.0,70.0,70.0,70.0,70.0,0.0,0.0,0.0,0.0,,,
2018_REG_07_CAR_PHI_20181021,WTH_00907,48.5,0.008,19.3,WMO_51|PRECIP,1,2018-10-21 12:00:00,open_meteo_daily_by_venue_coordinates,Lincoln Financial Field,39.9008,-75.1675,54.9,45.2,48.5,40.3,50.3,35.3,40.3,0.008,0.0,0.0,36.0,308.0,13.28,51.0
2018_REG_07_CIN_KC_20181021,WTH_00908,46.2,0.0,10.7,WMO_0,0,2018-10-21 12:00:00,open_meteo_daily_by_venue_coordinates,Arrowhead Stadium,39.0489,-94.4839,60.0,34.8,46.2,39.5,53.1,27.5,39.5,0.0,0.0,0.0,23.0,156.0,15.69,0.0
2018_REG_07_CLE_TB_20181021,WTH_00909,77.7,0.0,11.8,WMO_3,0,2018-10-21 12:00:00,open_meteo_daily_by_venue_coordinates,Raymond James Stadium,27.9759,-82.5033,81.9,73.9,77.7,82.9,88.7,74.6,82.9,0.0,0.0,0.0,20.8,12.0,17.87,3.0
2018_REG_07_DAL_WSH_20181021,WTH_00910,50.3,0.016,17.5,WMO_51|PRECIP,1,2018-10-21 12:00:00,open_meteo_daily_by_venue_coordinates,Northwest Stadium,38.9078,-76.8644,58.9,44.9,50.3,41.4,57.6,34.3,41.4,0.016,0.0,0.0,41.4,304.0,14.27,51.0
2018_REG_07_DEN_ARI_20181018,WTH_00911,70.0,0.0,0.0,INDOOR,0,2018-10-18 12:00:00,open_meteo_indoor_controlled_daily_values,State Farm Stadium,33.5276,-112.2626,70.0,70.0,70.0,70.0,70.0,70.0,70.0,0.0,0.0,0.0,0.0,,,
2018_REG_07_DET_MIA_20181021,WTH_00912,78.7,0.012,11.4,WMO_51|PRECIP,0,2018-10-21 12:00:00,open_meteo_daily_by_venue_coordinates,Hard Rock Stadium,25.958,-80.2389,87.5,72.0,78.7,85.2,93.7,78.5,85.2,0.012,0.0,0.0,22.4,358.0,19.61,51.0
2018_REG_07_HOU_JAX_20181021,WTH_00913,69.6,0.02,15.1,WMO_51|PRECIP,0,2018-10-21 12:00:00,open_meteo_daily_by_venue_coordinates,TIAA Bank Stadium,30.3239,-81.6373,80.7,61.5,69.6,68.1,85.8,55.8,68.1,0.02,0.0,0.0,26.8,353.0,17.58,51.0
2018_REG_07_LAR_SF_20181021,WTH_00914,59.3,0.0,8.7,WMO_3,0,2018-10-21 12:00:00,open_meteo_daily_by_venue_coordinates,Levi's Stadium,37.403,-121.97,72.1,51.9,59.3,58.4,70.0,51.2,58.4,0.0,0.0,0.0,17.2,325.0,14.16,3.0
2018_REG_07_MIN_NYJ_20181021,WTH_00915,46.8,0.012,20.5,WMO_51|PRECIP|WINDY,1,2018-10-21 12:00:00,open_meteo_daily_by_venue_coordinates,MetLife Stadium,40.8135,-74.0745,54.8,41.9,46.8,38.1,50.7,30.7,38.1,0.012,0.0,0.0,39.1,317.0,9.96,51.0
2018_REG_07_NE_CHI_20181021,WTH_00916,37.5,0.0,18.6,WMO_0,1,2018-10-21 12:00:00,open_meteo_daily_by_venue_coordinates,Soldier Field,41.8623,-87.6167,47.7,30.0,37.5,27.8,37.4,21.4,27.8,0.0,0.0,0.0,35.1,280.0,14.67,0.0
2018_REG_07_NO_BAL_20181021,WTH_00917,49.8,0.012,22.3,WMO_51|PRECIP|WINDY,1,2018-10-21 12:00:00,open_meteo_daily_by_venue_coordinates,M&T Bank Stadium,39.278,-76.6227,58.1,44.2,49.8,40.2,52.3,32.7,40.2,0.012,0.0,0.0,39.1,308.0,13.18,51.0
2018_REG_07_NYG_ATL_20181022,WTH_00918,70.0,0.0,0.0,INDOOR,0,2018-10-22 12:00:00,open_meteo_indoor_controlled_daily_values,Mercedes-Benz Stadium,33.7554,-84.4009,70.0,70.0,70.0,70.0,70.0,70.0,70.0,0.0,0.0,0.0,0.0,,,
2018_REG_07_TEN_LAC_20181021,WTH_00919,53.3,0.008,13.7,WMO_51|PRECIP,0,2018-10-21 12:00:00,open_meteo_daily_by_venue_coordinates,Wembley Stadium,51.556,-0.2796,61.9,45.3,53.3,50.4,59.6,42.1,50.4,0.008,0.0,0.0,26.4,283.0,9.44,51.0
2018_REG_08_BAL_CAR_20181028,WTH_00920,52.9,0.0,14.7,WMO_1,0,2018-10-28 12:00:00,open_meteo_daily_by_venue_coordinates,Bank of America Stadium,35.2258,-80.8528,63.5,44.1,52.9,47.5,58.1,38.1,47.5,0.0,0.0,0.0,25.9,253.0,16.02,1.0
2018_REG_08_CLE_PIT_20181028,WTH_00921,45.4,0.209,13.1,WMO_53|PRECIP,0,2018-10-28 12:00:00,open_meteo_daily_by_venue_coordinates,Acrisure Stadium,40.4468,-80.0158,51.7,41.6,45.4,40.0,45.6,34.4,40.0,0.209,0.0,0.0,31.8,249.0,5.28,53.0
2018_REG_08_DEN_KC_20181028,WTH_00922,57.4,0.0,12.0,WMO_3,0,2018-10-28 12:00:00,open_meteo_daily_by_venue_coordinates,Arrowhead Stadium,39.0489,-94.4839,61.7,50.2,57.4,51.8,56.2,43.2,51.8,0.0,0.0,0.0,23.9,288.0,14.37,3.0
2018_REG_08_GB_LAR_20181028,WTH_00923,64.7,0.0,10.5,WMO_3,0,2018-10-28 12:00:00,open_meteo_daily_by_venue_coordinates,Los Angeles Memorial Coliseum,34.0141,-118.2879,77.2,56.7,64.7,65.6,77.0,58.2,65.6,0.0,0.0,0.0,20.1,230.0,15.22,3.0
2018_REG_08_IND_LV_20181028,WTH_00924,61.7,0.0,10.1,WMO_3,0,2018-10-28 12:00:00,open_meteo_daily_by_venue_coordinates,Oakland Coliseum,37.7516,-122.2005,67.3,58.7,61.7,62.0,66.8,58.7,62.0,0.0,0.0,0.0,23.5,246.0,12.05,3.0
2018_REG_08_MIA_HOU_20181025,WTH_00925,70.0,0.0,0.0,INDOOR,0,2018-10-25 12:00:00,open_meteo_indoor_controlled_daily_values,NRG Stadium,29.6847,-95.4107,70.0,70.0,70.0,70.0,70.0,70.0,70.0,0.0,0.0,0.0,0.0,,,
2018_REG_08_NE_BUF_20181029,WTH_00926,43.0,0.24,18.0,WMO_53|PRECIP,1,2018-10-29 12:00:00,open_meteo_daily_by_venue_coordinates,Highmark Stadium,42.7738,-78.7868,46.1,40.8,43.0,35.6,38.3,33.2,35.6,0.24,0.0,0.0,37.4,269.0,2.57,53.0
2018_REG_08_NO_MIN_20181028,WTH_00927,70.0,0.0,0.0,INDOOR,0,2018-10-28 12:00:00,open_meteo_indoor_controlled_daily_values,U.S. Bank Stadium,44.9738,-93.2575,70.0,70.0,70.0,70.0,70.0,70.0,70.0,0.0,0.0,0.0,0.0,,,
2018_REG_08_NYJ_CHI_20181028,WTH_00928,47.1,0.276,26.2,WMO_61|PRECIP|WINDY,1,2018-10-28 12:00:00,open_meteo_daily_by_venue_coordinates,Soldier Field,41.8623,-87.6167,52.2,43.2,47.1,39.4,45.8,35.5,39.4,0.276,0.0,0.0,39.6,254.0,4.94,61.0
2018_REG_08_PHI_JAX_20181028,WTH_00929,42.5,0.004,16.2,WMO_51|PRECIP,0,2018-10-28 12:00:00,open_meteo_daily_by_venue_coordinates,Wembley Stadium,51.556,-0.2796,48.3,37.8,42.5,33.8,39.0,29.1,33.8,0.004,0.0,0.0,33.1,23.0,7.09,51.0
2018_REG_08_SEA_DET_20181028,WTH_00930,70.0,0.0,0.0,INDOOR,0,2018-10-28 12:00:00,open_meteo_indoor_controlled_daily_values,Ford Field,42.34,-83.0456,70.0,70.0,70.0,70.0,70.0,70.0,70.0,0.0,0.0,0.0,0.0,,,
2018_REG_08_SF_ARI_20181028,WTH_00931,70.0,0.0,0.0,INDOOR,0,2018-10-28 12:00:00,open_meteo_indoor_controlled_daily_values,State Farm Stadium,33.5276,-112.2626,70.0,70.0,70.0,70.0,70.0,70.0,70.0,0.0,0.0,0.0,0.0,,,
2018_REG_08_TB_CIN_20181028,WTH_00932,50.8,0.059,20.9,WMO_53|PRECIP|WINDY,1,2018-10-28 12:00:00,open_meteo_daily_by_venue_coordinates,Paycor Stadium,39.0955,-84.516,63.0,42.5,50.8,44.3,54.0,36.2,44.3,0.059,0.0,0.0,46.8,246.0,9.2,53.0
2018_REG_08_WSH_NYG_20181028,WTH_00933,48.5,0.102,12.2,WMO_55|PRECIP,0,2018-10-28 12:00:00,open_meteo_daily_by_venue_coordinates,MetLife Stadium,40.8135,-74.0745,52.9,44.2,48.5,43.3,47.6,39.2,43.3,0.102,0.0,0.0,28.2,269.0,7.18,55.0
2018_REG_09_ATL_WSH_20181104,WTH_00934,46.7,0.0,6.5,WMO_1,0,2018-11-04 12:00:00,open_meteo_daily_by_venue_coordinates,Northwest Stadium,38.9078,-76.8644,54.6,39.0,46.7,41.5,49.4,33.3,41.5,0.0,0.0,0.0,16.8,42.0,13.36,1.0
2018_REG_09_CHI_BUF_20181104,WTH_00935,43.0,0.0,15.2,WMO_3,0,2018-11-04 12:00:00,open_meteo_daily_by_venue_coordinates,Highmark Stadium,42.7738,-78.7868,52.2,35.3,43.0,36.2,45.1,29.7,36.2,0.0,0.0,0.0,31.8,37.0,10.73,3.0
2018_REG_09_DET_MIN_20181104,WTH_00936,70.0,0.0,0.0,INDOOR,0,2018-11-04 12:00:00,open_meteo_indoor_controlled_daily_values,U.S. Bank Stadium,44.9738,-93.2575,70.0,70.0,70.0,70.0,70.0,70.0,70.0,0.0,0.0,0.0,0.0,,,
2018_REG_09_GB_NE_20181104,WTH_00937,45.4,0.0,16.1,WMO_3,1,2018-11-04 12:00:00,open_meteo_daily_by_venue_coordinates,Gillette Stadium,42.0909,-71.2643,51.5,40.3,45.4,37.8,45.5,32.3,37.8,0.0,0.0,0.0,35.8,284.0,11.87,3.0
2018_REG_09_HOU_DEN_20181104,WTH_00938,38.1,0.047,7.7,WMO_51|PRECIP,0,2018-11-04 12:00:00,open_meteo_daily_by_venue_coordinates,Empower Field at Mile High,39.7439,-105.0201,52.7,26.9,38.1,31.6,46.9,19.9,31.6,0.047,0.0,0.033,15.9,187.0,6.48,51.0
2018_REG_09_KC_CLE_20181104,WTH_00939,46.6,0.0,14.4,WMO_3,0,2018-11-04 12:00:00,open_meteo_daily_by_venue_coordinates,Huntington Bank Field,41.5061,-81.6995,55.9,39.9,46.6,39.9,47.5,34.3,39.9,0.0,0.0,0.0,24.2,139.0,10.02,3.0
2018_REG_09_LAC_SEA_20181104,WTH_00940,53.7,0.846,25.8,WMO_63|PRECIP|WINDY,1,2018-11-04 12:00:00,open_meteo_daily_by_venue_coordinates,Lumen Field,47.5952,-122.3316,56.0,52.1,53.7,48.7,55.3,42.1,48.7,0.846,0.0,0.0,45.9,182.0,4.02,63.0
2018_REG_09_LAR_NO_20181104,WTH_00941,70.0,0.0,0.0,INDOOR,0,2018-11-04 12:00:00,open_meteo_indoor_controlled_daily_values,Caesars Superdome,29.9511,-90.0812,70.0,70.0,70.0,70.0,70.0,70.0,70.0,0.0,0.0,0.0,0.0,,,
2018_REG_09_LV_SF_20181101,WTH_00942,67.6,0.0,9.8,WMO_3,0,2018-11-01 12:00:00,open_meteo_daily_by_venue_coordinates,Levi's Stadium,37.403,-121.97,83.6,57.6,67.6,65.3,79.3,56.0,65.3,0.0,0.0,0.0,17.4,306.0,13.18,3.0
2018_REG_09_NYJ_MIA_20181104,WTH_00943,77.2,0.067,11.7,WMO_51|PRECIP,0,2018-11-04 12:00:00,open_meteo_daily_by_venue_coordinates,Hard Rock Stadium,25.958,-80.2389,82.7,73.6,77.2,83.7,89.1,79.5,83.7,0.067,0.0,0.0,24.2,104.0,14.23,51.0
2018_REG_09_PIT_BAL_20181104,WTH_00944,45.4,0.0,6.5,WMO_1,0,2018-11-04 12:00:00,open_meteo_daily_by_venue_coordinates,M&T Bank Stadium,39.278,-76.6227,52.6,38.5,45.4,40.3,47.6,33.6,40.3,0.0,0.0,0.0,14.5,21.0,13.2,1.0
2018_REG_09_TB_CAR_20181104,WTH_00945,50.4,0.0,9.4,WMO_3,0,2018-11-04 12:00:00,open_meteo_daily_by_venue_coordinates,Bank of America Stadium,35.2258,-80.8528,62.8,41.5,50.4,45.4,59.1,34.6,45.4,0.0,0.0,0.0,18.6,71.0,13.31,3.0
2018_REG_09_TEN_DAL_20181105,WTH_00946,70.0,0.0,0.0,INDOOR,0,2018-11-05 12:00:00,open_meteo_indoor_controlled_daily_values,AT&T Stadium,32.7473,-97.0945,70.0,70.0,70.0,70.0,70.0,70.0,70.0,0.0,0.0,0.0,0.0,,,
2018_REG_10_ARI_KC_20181111,WTH_00947,35.5,0.0,9.0,WMO_3,0,2018-11-11 12:00:00,open_meteo_daily_by_venue_coordinates,Arrowhead Stadium,39.0489,-94.4839,45.1,29.7,35.5,28.4,39.3,22.0,28.4,0.0,0.0,0.066,17.2,192.0,10.53,3.0
2018_REG_10_ATL_CLE_20181111,WTH_00948,32.7,0.008,15.7,WMO_71|SNOW,1,2018-11-11 12:00:00,open_meteo_daily_by_venue_coordinates,Huntington Bank Field,41.5061,-81.6995,42.2,26.9,32.7,23.3,33.6,18.4,23.3,0.0,0.055,0.131,28.9,217.0,9.71,71.0
2018_REG_10_BUF_NYJ_20181111,WTH_00949,37.7,0.0,10.8,WMO_0,0,2018-11-11 12:00:00,open_meteo_daily_by_venue_coordinates,MetLife Stadium,40.8135,-74.0745,45.7,32.2,37.7,29.2,37.4,24.7,29.2,0.0,0.0,0.0,22.6,285.0,11.64,0.0
2018_REG_10_CAR_PIT_20181108,WTH_00950,39.6,0.0,7.2,WMO_3,0,2018-11-08 12:00:00,open_meteo_daily_by_venue_coordinates,Acrisure Stadium,40.4468,-80.0158,46.0,32.2,39.6,34.0,40.2,26.3,34.0,0.0,0.0,0.0,15.9,311.0,9.58,3.0
2018_REG_10_DAL_PHI_20181111,WTH_00951,36.6,0.0,8.7,WMO_0,0,2018-11-11 12:00:00,open_meteo_daily_by_venue_coordinates,Lincoln Financial Field,39.9008,-75.1675,46.4,28.6,36.6,29.3,38.9,21.9,29.3,0.0,0.0,0.0,17.7,275.0,12.09,0.0
2018_REG_10_DET_CHI_20181111,WTH_00952,31.7,0.0,14.6,WMO_3,0,2018-11-11 12:00:00,open_meteo_daily_by_venue_coordinates,Soldier Field,41.8623,-87.6167,40.7,26.8,31.7,21.9,31.6,16.1,21.9,0.0,0.0,0.033,23.3,205.0,8.94,3.0
2018_REG_10_JAX_IND_20181111,WTH_00953,70.0,0.0,0.0,INDOOR,0,2018-11-11 12:00:00,open_meteo_indoor_controlled_daily_values,Lucas Oil Stadium,39.7601,-86.1639,70.0,70.0,70.0,70.0,70.0,70.0,70.0,0.0,0.0,0.0,0.0,,,
2018_REG_10_LAC_LV_20181111,WTH_00954,55.6,0.0,12.0,WMO_2,0,2018-11-11 12:00:00,open_meteo_daily_by_venue_coordinates,Oakland Coliseum,37.7516,-122.2005,70.2,44.3,55.6,47.9,60.3,37.5,47.9,0.0,0.0,0.0,26.4,46.0,13.54,2.0
2018_REG_10_MIA_GB_20181111,WTH_00955,27.7,0.055,8.4,WMO_73|SNOW,1,2018-11-11 12:00:00,open_meteo_daily_by_venue_coordinates,Lambeau Field,44.5013,-88.0622,34.3,23.6,27.7,20.0,26.9,16.4,20.0,0.0,0.386,0.098,19.2,211.0,7.78,73.0
2018_REG_10_NE_TEN_20181111,WTH_00956,35.7,0.0,5.0,WMO_3,0,2018-11-11 12:00:00,open_meteo_daily_by_venue_coordinates,Nissan Stadium,36.1665,-86.7713,50.1,26.9,35.7,29.8,46.1,19.8,29.8,0.0,0.0,0.0,9.4,54.0,10.44,3.0
2018_REG_10_NO_CIN_20181111,WTH_00957,30.8,0.0,6.0,WMO_3,0,2018-11-11 12:00:00,open_meteo_daily_by_venue_coordinates,Paycor Stadium,39.0955,-84.516,42.0,24.3,30.8,23.8,35.1,17.7,23.8,0.0,0.0,0.0,15.2,140.0,10.03,3.0
2018_REG_10_NYG_SF_20181112,WTH_00958,58.4,0.0,6.0,WMO_0,0,2018-11-12 12:00:00,open_meteo_daily_by_venue_coordinates,Levi's Stadium,37.403,-121.97,72.2,49.1,58.4,54.3,65.4,46.3,54.3,0.0,0.0,0.0,11.4,331.0,13.5,0.0
2018_REG_10_SEA_LAR_20181111,WTH_00959,59.7,0.0,11.3,WMO_0,0,2018-11-11 12:00:00,open_meteo_daily_by_venue_coordinates,Los Angeles Memorial Coliseum,34.0141,-118.2879,76.1,47.5,59.7,54.3,69.4,39.4,54.3,0.0,0.0,0.0,20.8,276.0,15.07,0.0
2018_REG_10_WSH_TB_20181111,WTH_00960,73.8,0.0,13.7,WMO_3,0,2018-11-11 12:00:00,open_meteo_daily_by_venue_coordinates,Raymond James Stadium,27.9759,-82.5033,81.7,67.7,73.8,75.5,85.4,66.6,75.5,0.0,0.0,0.0,23.3,49.0,13.13,3.0
2018_REG_11_CAR_DET_20181118,WTH_00961,70.0,0.0,0.0,INDOOR,0,2018-11-18 12:00:00,open_meteo_indoor_controlled_daily_values,Ford Field,42.34,-83.0456,70.0,70.0,70.0,70.0,70.0,70.0,70.0,0.0,0.0,0.0,0.0,,,
2018_REG_11_CIN_BAL_20181118,WTH_00962,38.7,0.0,8.4,WMO_3,0,2018-11-18 12:00:00,open_meteo_daily_by_venue_coordinates,M&T Bank Stadium,39.278,-76.6227,48.4,31.2,38.7,33.0,41.9,25.2,33.0,0.0,0.0,0.098,17.0,121.0,8.62,3.0
2018_REG_11_DAL_ATL_20181118,WTH_00963,70.0,0.0,0.0,INDOOR,0,2018-11-18 12:00:00,open_meteo_indoor_controlled_daily_values,Mercedes-Benz Stadium,33.7554,-84.4009,70.0,70.0,70.0,70.0,70.0,70.0,70.0,0.0,0.0,0.0,0.0,,,
2018_REG_11_DEN_LAC_20181118,WTH_00964,60.4,0.0,8.2,WMO_3,0,2018-11-18 12:00:00,open_meteo_daily_by_venue_coordinates,StubHub Center,33.8644,-118.2611,71.0,53.2,60.4,60.0,68.5,53.2,60.0,0.0,0.0,0.0,17.0,261.0,12.87,3.0
2018_REG_11_GB_SEA_20181115,WTH_00965,50.6,0.031,10.2,WMO_51|PRECIP,0,2018-11-15 12:00:00,open_meteo_daily_by_venue_coordinates,Lumen Field,47.5952,-122.3316,54.0,48.7,50.6,46.7,50.0,44.8,46.7,0.031,0.0,0.0,19.7,190.0,3.15,51.0
2018_REG_11_HOU_WSH_20181118,WTH_00966,40.5,0.0,7.1,WMO_3,0,2018-11-18 12:00:00,open_meteo_daily_by_venue_coordinates,Northwest Stadium,38.9078,-76.8644,51.3,31.9,40.5,34.9,45.7,25.6,34.9,0.0,0.0,0.033,15.9,105.0,8.93,3.0
2018_REG_11_KC_LAR_20181119,WTH_00967,61.0,0.0,7.6,WMO_3,0,2018-11-19 12:00:00,open_meteo_daily_by_venue_coordinates,Los Angeles Memorial Coliseum,34.0141,-118.2879,73.8,50.4,61.0,56.8,67.7,44.1,56.8,0.0,0.0,0.0,15.9,293.0,9.61,3.0
2018_REG_11_LV_ARI_20181118,WTH_00968,70.0,0.0,0.0,INDOOR,0,2018-11-18 12:00:00,open_meteo_indoor_controlled_daily_values,State Farm Stadium,33.5276,-112.2626,70.0,70.0,70.0,70.0,70.0,70.0,70.0,0.0,0.0,0.0,0.0,,,
2018_REG_11_MIN_CHI_20181118,WTH_00969,34.7,0.071,11.2,WMO_71|SNOW,1,2018-11-18 12:00:00,open_meteo_daily_by_venue_coordinates,Soldier Field,41.8623,-87.6167,36.1,32.0,34.7,27.0,28.9,24.7,27.0,0.035,0.248,0.098,19.9,351.0,4.7,71.0
2018_REG_11_PHI_NO_20181118,WTH_00970,70.0,0.0,0.0,INDOOR,0,2018-11-18 12:00:00,open_meteo_indoor_controlled_daily_values,Caesars Superdome,29.9511,-90.0812,70.0,70.0,70.0,70.0,70.0,70.0,70.0,0.0,0.0,0.0,0.0,,,
2018_REG_11_PIT_JAX_20181118,WTH_00971,62.2,0.043,7.4,WMO_51|PRECIP,0,2018-11-18 12:00:00,open_meteo_daily_by_venue_coordinates,TIAA Bank Stadium,30.3239,-81.6373,72.1,56.5,62.2,62.5,73.9,55.7,62.5,0.043,0.0,0.0,15.2,18.0,12.0,51.0
2018_REG_11_TB_NYG_20181118,WTH_00972,38.5,0.016,8.7,WMO_71|SNOW,1,2018-11-18 12:00:00,open_meteo_daily_by_venue_coordinates,MetLife Stadium,40.8135,-74.0745,42.0,34.1,38.5,32.2,36.8,27.1,32.2,0.008,0.055,0.098,18.8,303.0,4.19,71.0
2018_REG_11_TEN_IND_20181118,WTH_00973,70.0,0.0,0.0,INDOOR,0,2018-11-18 12:00:00,open_meteo_indoor_controlled_daily_values,Lucas Oil Stadium,39.7601,-86.1639,70.0,70.0,70.0,70.0,70.0,70.0,70.0,0.0,0.0,0.0,0.0,,,
2018_REG_12_ARI_LAC_20181125,WTH_00974,59.6,0.0,7.4,WMO_3,0,2018-11-25 12:00:00,open_meteo_daily_by_venue_coordinates,StubHub Center,33.8644,-118.2611,72.1,51.9,59.6,59.5,73.1,51.2,59.5,0.0,0.0,0.0,11.6,54.0,10.81,3.0
2018_REG_12_ATL_NO_20181122,WTH_00975,70.0,0.0,0.0,INDOOR,0,2018-11-22 12:00:00,open_meteo_indoor_controlled_daily_values,Caesars Superdome,29.9511,-90.0812,70.0,70.0,70.0,70.0,70.0,70.0,70.0,0.0,0.0,0.0,0.0,,,
2018_REG_12_CHI_DET_20181122,WTH_00976,70.0,0.0,0.0,INDOOR,0,2018-11-22 12:00:00,open_meteo_indoor_controlled_daily_values,Ford Field,42.34,-83.0456,70.0,70.0,70.0,70.0,70.0,70.0,70.0,0.0,0.0,0.0,0.0,,,
2018_REG_12_CLE_CIN_20181125,WTH_00977,47.5,0.0,11.5,WMO_3,0,2018-11-25 12:00:00,open_meteo_daily_by_venue_coordinates,Paycor Stadium,39.0955,-84.516,60.1,37.8,47.5,42.8,54.3,33.3,42.8,0.0,0.0,0.0,22.1,188.0,10.28,3.0
2018_REG_12_GB_MIN_20181125,WTH_00978,70.0,0.0,0.0,INDOOR,0,2018-11-25 12:00:00,open_meteo_indoor_controlled_daily_values,U.S. Bank Stadium,44.9738,-93.2575,70.0,70.0,70.0,70.0,70.0,70.0,70.0,0.0,0.0,0.0,0.0,,,
2018_REG_12_JAX_BUF_20181125,WTH_00979,42.2,0.059,15.1,WMO_51|PRECIP,0,2018-11-25 12:00:00,open_meteo_daily_by_venue_coordinates,Highmark Stadium,42.7738,-78.7868,43.6,38.2,42.2,34.2,36.0,31.5,34.2,0.059,0.0,0.262,30.4,224.0,3.56,51.0
2018_REG_12_LV_BAL_20181125,WTH_00980,46.2,0.642,15.1,WMO_65|PRECIP,1,2018-11-25 12:00:00,open_meteo_daily_by_venue_coordinates,M&T Bank Stadium,39.278,-76.6227,58.3,39.2,46.2,40.5,53.8,31.8,40.5,0.642,0.0,0.0,25.9,302.0,7.52,65.0
2018_REG_12_MIA_IND_20181125,WTH_00981,70.0,0.0,0.0,INDOOR,0,2018-11-25 12:00:00,open_meteo_indoor_controlled_daily_values,Lucas Oil Stadium,39.7601,-86.1639,70.0,70.0,70.0,70.0,70.0,70.0,70.0,0.0,0.0,0.0,0.0,,,
2018_REG_12_NE_NYJ_20181125,WTH_00982,46.3,1.516,20.7,WMO_65|PRECIP|WINDY,1,2018-11-25 12:00:00,open_meteo_daily_by_venue_coordinates,MetLife Stadium,40.8135,-74.0745,54.0,39.5,46.3,39.7,49.7,31.6,39.7,1.516,0.0,0.0,37.1,353.0,7.91,65.0
2018_REG_12_NYG_PHI_20181125,WTH_00983,46.9,1.646,15.2,WMO_65|PRECIP,1,2018-11-25 12:00:00,open_meteo_daily_by_venue_coordinates,Lincoln Financial Field,39.9008,-75.1675,56.8,38.8,46.9,40.9,51.1,32.1,40.9,1.646,0.0,0.0,26.6,321.0,9.5,65.0
2018_REG_12_PIT_DEN_20181125,WTH_00984,32.5,0.012,22.7,WMO_71|SNOW|WINDY,1,2018-11-25 12:00:00,open_meteo_daily_by_venue_coordinates,Empower Field at Mile High,39.7439,-105.0201,39.1,23.5,32.5,22.3,31.3,16.0,22.3,0.0,0.083,0.164,41.2,333.0,10.91,71.0
2018_REG_12_SEA_CAR_20181125,WTH_00985,44.8,0.0,5.6,WMO_3,0,2018-11-25 12:00:00,open_meteo_daily_by_venue_coordinates,Bank of America Stadium,35.2258,-80.8528,56.3,38.4,44.8,41.4,53.9,34.6,41.4,0.0,0.0,0.0,9.6,238.0,9.96,3.0
2018_REG_12_SF_TB_20181125,WTH_00986,70.3,0.059,7.2,WMO_53|PRECIP,0,2018-11-25 12:00:00,open_meteo_daily_by_venue_coordinates,Raymond James Stadium,27.9759,-82.5033,76.6,65.5,70.3,74.0,78.2,69.3,74.0,0.059,0.0,0.0,15.0,277.0,13.9,53.0
2018_REG_12_TEN_HOU_20181126,WTH_00987,70.0,0.0,0.0,INDOOR,0,2018-11-26 12:00:00,open_meteo_indoor_controlled_daily_values,NRG Stadium,29.6847,-95.4107,70.0,70.0,70.0,70.0,70.0,70.0,70.0,0.0,0.0,0.0,0.0,,,
2018_REG_12_WSH_DAL_20181122,WTH_00988,70.0,0.0,0.0,INDOOR,0,2018-11-22 12:00:00,open_meteo_indoor_controlled_daily_values,AT&T Stadium,32.7473,-97.0945,70.0,70.0,70.0,70.0,70.0,70.0,70.0,0.0,0.0,0.0,0.0,,,
2018_REG_13_ARI_GB_20181202,WTH_00989,33.8,0.717,20.0,WMO_75|SNOW|WINDY,1,2018-12-02 12:00:00,open_meteo_daily_by_venue_coordinates,Lambeau Field,44.5013,-88.0622,34.5,32.5,33.8,22.8,23.8,21.6,22.8,0.134,4.079,0.361,37.8,35.0,1.39,75.0
2018_REG_13_BAL_ATL_20181202,WTH_00990,70.0,0.0,0.0,INDOOR,0,2018-12-02 12:00:00,open_meteo_indoor_controlled_daily_values,Mercedes-Benz Stadium,33.7554,-84.4009,70.0,70.0,70.0,70.0,70.0,70.0,70.0,0.0,0.0,0.0,0.0,,,
2018_REG_13_BUF_MIA_20181202,WTH_00991,77.5,0.043,13.7,WMO_53|PRECIP,0,2018-12-02 12:00:00,open_meteo_daily_by_venue_coordinates,Hard Rock Stadium,25.958,-80.2389,85.1,72.9,77.5,82.1,88.5,77.3,82.1,0.043,0.0,0.0,28.0,171.0,13.11,53.0
2018_REG_13_CAR_TB_20181202,WTH_00992,75.1,0.0,18.3,WMO_2,0,2018-12-02 12:00:00,open_meteo_daily_by_venue_coordinates,Raymond James Stadium,27.9759,-82.5033,81.0,71.5,75.1,77.1,82.9,72.9,77.1,0.0,0.0,0.0,31.8,181.0,12.07,2.0
2018_REG_13_CHI_NYG_20181202,WTH_00993,48.5,0.673,11.2,WMO_63|PRECIP,1,2018-12-02 12:00:00,open_meteo_daily_by_venue_coordinates,MetLife Stadium,40.8135,-74.0745,58.2,39.4,48.5,44.5,57.8,33.7,44.5,0.673,0.0,0.0,20.4,117.0,1.49,63.0
2018_REG_13_CLE_HOU_20181202,WTH_00994,70.0,0.0,0.0,INDOOR,0,2018-12-02 12:00:00,open_meteo_indoor_controlled_daily_values,NRG Stadium,29.6847,-95.4107,70.0,70.0,70.0,70.0,70.0,70.0,70.0,0.0,0.0,0.0,0.0,,,
2018_REG_13_DEN_CIN_20181202,WTH_00995,56.1,0.354,19.8,WMO_63|PRECIP,1,2018-12-02 12:00:00,open_meteo_daily_by_venue_coordinates,Paycor Stadium,39.0955,-84.516,64.3,49.4,56.1,50.1,54.6,44.2,50.1,0.354,0.0,0.0,51.9,197.0,9.45,63.0
2018_REG_13_IND_JAX_20181202,WTH_00996,71.0,0.169,17.8,WMO_61|PRECIP,0,2018-12-02 12:00:00,open_meteo_daily_by_venue_coordinates,TIAA Bank Stadium,30.3239,-81.6373,80.7,66.3,71.0,72.7,82.4,67.9,72.7,0.169,0.0,0.0,30.4,202.0,8.44,61.0
2018_REG_13_KC_LV_20181202,WTH_00997,48.3,0.0,9.5,WMO_2,0,2018-12-02 12:00:00,open_meteo_daily_by_venue_coordinates,Oakland Coliseum,37.7516,-122.2005,54.9,40.5,48.3,43.9,51.3,36.3,43.9,0.0,0.0,0.0,23.7,307.0,9.99,2.0
2018_REG_13_LAC_PIT_20181202,WTH_00998,49.6,0.311,13.3,WMO_63|PRECIP,0,2018-12-02 12:00:00,open_meteo_daily_by_venue_coordinates,Acrisure Stadium,40.4468,-80.0158,61.3,41.6,49.6,44.3,57.0,34.3,44.3,0.311,0.0,0.033,31.8,168.0,7.54,63.0
2018_REG_13_LAR_DET_20181202,WTH_00999,70.0,0.0,0.0,INDOOR,0,2018-12-02 12:00:00,open_meteo_indoor_controlled_daily_values,Ford Field,42.34,-83.0456,70.0,70.0,70.0,70.0,70.0,70.0,70.0,0.0,0.0,0.0,0.0,,,
2018_REG_13_MIN_NE_20181202,WTH_01000,41.9,0.614,12.1,WMO_63|PRECIP,1,2018-12-02 12:00:00,open_meteo_daily_by_venue_coordinates,Gillette Stadium,42.0909,-71.2643,55.7,32.1,41.9,36.8,52.9,25.6,36.8,0.614,0.0,0.0,28.6,140.0,1.21,63.0
2018_REG_13_NO_DAL_20181129,WTH_01001,70.0,0.0,0.0,INDOOR,0,2018-11-29 12:00:00,open_meteo_indoor_controlled_daily_values,AT&T Stadium,32.7473,-97.0945,70.0,70.0,70.0,70.0,70.0,70.0,70.0,0.0,0.0,0.0,0.0,,,
2018_REG_13_NYJ_TEN_20181202,WTH_01002,58.0,0.016,16.1,WMO_51|PRECIP,1,2018-12-02 12:00:00,open_meteo_daily_by_venue_coordinates,Nissan Stadium,36.1665,-86.7713,65.7,48.9,58.0,53.6,60.4,44.9,53.6,0.016,0.0,0.0,35.3,206.0,11.4,51.0
2018_REG_13_SF_SEA_20181202,WTH_01003,42.6,0.126,4.5,WMO_53|PRECIP,0,2018-12-02 12:00:00,open_meteo_daily_by_venue_coordinates,Lumen Field,47.5952,-122.3316,45.1,37.9,42.6,38.9,42.3,33.2,38.9,0.126,0.0,0.0,8.9,169.0,2.7,53.0
2018_REG_13_WSH_PHI_20181203,WTH_01004,54.0,0.047,16.5,WMO_53|PRECIP,0,2018-12-03 12:00:00,open_meteo_daily_by_venue_coordinates,Lincoln Financial Field,39.9008,-75.1675,58.6,49.3,54.0,48.6,56.7,41.8,48.6,0.047,0.0,0.0,29.1,267.0,8.73,53.0
2018_REG_14_ATL_GB_20181209,WTH_01005,21.2,0.0,9.1,WMO_3,0,2018-12-09 12:00:00,open_meteo_daily_by_venue_coordinates,Lambeau Field,44.5013,-88.0622,25.9,17.6,21.2,12.4,16.7,9.1,12.4,0.0,0.0,0.361,19.2,239.0,6.87,3.0
2018_REG_14_BAL_KC_20181209,WTH_01006,25.6,0.0,7.5,WMO_3,0,2018-12-09 12:00:00,open_meteo_daily_by_venue_coordinates,Arrowhead Stadium,39.0489,-94.4839,36.7,17.9,25.6,18.1,29.9,10.6,18.1,0.0,0.0,0.066,14.1,52.0,9.86,3.0
2018_REG_14_CAR_CLE_20181209,WTH_01007,24.0,0.0,6.7,WMO_3,0,2018-12-09 12:00:00,open_meteo_daily_by_venue_coordinates,Huntington Bank Field,41.5061,-81.6995,30.4,19.0,24.0,16.4,24.2,11.2,16.4,0.0,0.0,0.164,11.0,148.0,9.06,3.0
2018_REG_14_CIN_LAC_20181209,WTH_01008,55.7,0.0,7.7,WMO_3,0,2018-12-09 12:00:00,open_meteo_daily_by_venue_coordinates,StubHub Center,33.8644,-118.2611,70.1,46.5,55.7,53.5,68.6,43.6,53.5,0.0,0.0,0.0,11.0,350.0,10.17,3.0
2018_REG_14_DEN_SF_20181209,WTH_01009,52.7,0.0,6.6,WMO_3,0,2018-12-09 12:00:00,open_meteo_daily_by_venue_coordinates,Levi's Stadium,37.403,-121.97,59.0,49.2,52.7,50.6,59.0,46.5,50.6,0.0,0.0,0.0,12.5,357.0,6.58,3.0
2018_REG_14_DET_ARI_20181209,WTH_01010,70.0,0.0,0.0,INDOOR,0,2018-12-09 12:00:00,open_meteo_indoor_controlled_daily_values,State Farm Stadium,33.5276,-112.2626,70.0,70.0,70.0,70.0,70.0,70.0,70.0,0.0,0.0,0.0,0.0,,,
2018_REG_14_IND_HOU_20181209,WTH_01011,70.0,0.0,0.0,INDOOR,0,2018-12-09 12:00:00,open_meteo_indoor_controlled_daily_values,NRG Stadium,29.6847,-95.4107,70.0,70.0,70.0,70.0,70.0,70.0,70.0,0.0,0.0,0.0,0.0,,,
2018_REG_14_JAX_TEN_20181206,WTH_01012,33.6,0.0,6.8,WMO_3,0,2018-12-06 12:00:00,open_meteo_daily_by_venue_coordinates,Nissan Stadium,36.1665,-86.7713,43.9,25.9,33.6,26.9,37.9,18.9,26.9,0.0,0.0,0.0,14.3,202.0,6.1,3.0
2018_REG_14_LAR_CHI_20181209,WTH_01013,24.6,0.0,6.1,WMO_3,0,2018-12-09 12:00:00,open_meteo_daily_by_venue_coordinates,Soldier Field,41.8623,-87.6167,31.7,17.6,24.6,17.6,24.4,10.1,17.6,0.0,0.0,0.098,11.6,306.0,5.98,3.0
2018_REG_14_MIN_SEA_20181210,WTH_01014,43.8,0.209,16.1,WMO_55|PRECIP,0,2018-12-10 12:00:00,open_meteo_daily_by_venue_coordinates,Lumen Field,47.5952,-122.3316,47.3,41.8,43.8,36.8,39.5,35.2,36.8,0.209,0.0,0.0,29.8,187.0,3.32,55.0
2018_REG_14_NE_MIA_20181209,WTH_01015,75.3,0.098,18.1,WMO_53|PRECIP,0,2018-12-09 12:00:00,open_meteo_daily_by_venue_coordinates,Hard Rock Stadium,25.958,-80.2389,83.6,70.3,75.3,78.7,85.2,75.4,78.7,0.098,0.0,0.0,34.4,195.0,10.23,53.0
2018_REG_14_NO_TB_20181209,WTH_01016,68.5,1.413,25.4,WMO_65|PRECIP|WINDY,1,2018-12-09 12:00:00,open_meteo_daily_by_venue_coordinates,Raymond James Stadium,27.9759,-82.5033,71.4,65.5,68.5,69.0,72.0,66.6,69.0,1.413,0.0,0.0,47.0,201.0,5.44,65.0
2018_REG_14_NYG_WSH_20181209,WTH_01017,30.2,0.008,6.6,WMO_71|SNOW,1,2018-12-09 12:00:00,open_meteo_daily_by_venue_coordinates,Northwest Stadium,38.9078,-76.8644,34.0,27.2,30.2,22.8,26.5,19.7,22.8,0.0,0.055,0.033,15.9,24.0,2.91,71.0
2018_REG_14_NYJ_BUF_20181209,WTH_01018,25.4,0.0,10.4,WMO_3,0,2018-12-09 12:00:00,open_meteo_daily_by_venue_coordinates,Highmark Stadium,42.7738,-78.7868,31.8,20.3,25.4,16.8,22.0,12.2,16.8,0.0,0.0,0.295,22.4,232.0,6.65,3.0
2018_REG_14_PHI_DAL_20181209,WTH_01019,70.0,0.0,0.0,INDOOR,0,2018-12-09 12:00:00,open_meteo_indoor_controlled_daily_values,AT&T Stadium,32.7473,-97.0945,70.0,70.0,70.0,70.0,70.0,70.0,70.0,0.0,0.0,0.0,0.0,,,
2018_REG_14_PIT_LV_20181209,WTH_01020,50.2,0.0,9.2,WMO_3,0,2018-12-09 12:00:00,open_meteo_daily_by_venue_coordinates,Oakland Coliseum,37.7516,-122.2005,57.4,44.1,50.2,47.0,55.7,40.1,47.0,0.0,0.0,0.0,17.7,64.0,6.11,3.0
2018_REG_15_ARI_ATL_20181216,WTH_01021,70.0,0.0,0.0,INDOOR,0,2018-12-16 12:00:00,open_meteo_indoor_controlled_daily_values,Mercedes-Benz Stadium,33.7554,-84.4009,70.0,70.0,70.0,70.0,70.0,70.0,70.0,0.0,0.0,0.0,0.0,,,
2018_REG_15_CLE_DEN_20181215,WTH_01022,36.0,0.0,5.7,WMO_3,0,2018-12-15 12:00:00,open_meteo_daily_by_venue_coordinates,Empower Field at Mile High,39.7439,-105.0201,51.5,26.5,36.0,29.1,46.1,18.8,29.1,0.0,0.0,0.033,9.2,192.0,4.48,3.0
2018_REG_15_DAL_IND_20181216,WTH_01023,70.0,0.0,0.0,INDOOR,0,2018-12-16 12:00:00,open_meteo_indoor_controlled_daily_values,Lucas Oil Stadium,39.7601,-86.1639,70.0,70.0,70.0,70.0,70.0,70.0,70.0,0.0,0.0,0.0,0.0,,,
2018_REG_15_DET_BUF_20181216,WTH_01024,33.8,0.138,11.2,WMO_53|PRECIP,0,2018-12-16 12:00:00,open_meteo_daily_by_venue_coordinates,Highmark Stadium,42.7738,-78.7868,37.6,31.6,33.8,27.1,32.2,24.5,27.1,0.138,0.0,0.131,21.7,59.0,1.97,53.0
2018_REG_15_GB_CHI_20181216,WTH_01025,35.4,0.0,11.2,WMO_3,0,2018-12-16 12:00:00,open_meteo_daily_by_venue_coordinates,Soldier Field,41.8623,-87.6167,48.0,24.9,35.4,28.0,39.6,18.2,28.0,0.0,0.0,0.033,17.2,304.0,8.09,3.0
2018_REG_15_HOU_NYJ_20181215,WTH_01026,45.4,0.232,11.9,WMO_53|PRECIP,0,2018-12-15 12:00:00,open_meteo_daily_by_venue_coordinates,MetLife Stadium,40.8135,-74.0745,49.2,42.6,45.4,41.3,43.6,38.6,41.3,0.232,0.0,0.0,22.1,21.0,1.65,53.0
2018_REG_15_LAC_KC_20181213,WTH_01027,41.4,0.067,10.2,WMO_53|PRECIP,0,2018-12-13 12:00:00,open_meteo_daily_by_venue_coordinates,Arrowhead Stadium,39.0489,-94.4839,45.3,38.4,41.4,36.2,41.5,30.9,36.2,0.067,0.0,0.0,20.8,81.0,2.11,53.0
2018_REG_15_LV_CIN_20181216,WTH_01028,45.0,0.055,11.2,WMO_53|PRECIP,0,2018-12-16 12:00:00,open_meteo_daily_by_venue_coordinates,Paycor Stadium,39.0955,-84.516,52.7,39.8,45.0,40.0,48.0,33.7,40.0,0.055,0.0,0.0,22.4,320.0,7.03,53.0
2018_REG_15_MIA_MIN_20181216,WTH_01029,70.0,0.0,0.0,INDOOR,0,2018-12-16 12:00:00,open_meteo_indoor_controlled_daily_values,U.S. Bank Stadium,44.9738,-93.2575,70.0,70.0,70.0,70.0,70.0,70.0,70.0,0.0,0.0,0.0,0.0,,,
2018_REG_15_NE_PIT_20181216,WTH_01030,40.3,0.642,11.5,WMO_61|PRECIP,1,2018-12-16 12:00:00,open_meteo_daily_by_venue_coordinates,Acrisure Stadium,40.4468,-80.0158,45.0,37.0,40.3,34.2,38.8,30.3,34.2,0.642,0.0,0.0,23.9,46.0,1.7,61.0
2018_REG_15_NO_CAR_20181217,WTH_01031,48.3,0.0,9.5,WMO_1,0,2018-12-17 12:00:00,open_meteo_daily_by_venue_coordinates,Bank of America Stadium,35.2258,-80.8528,58.3,42.0,48.3,43.0,52.2,36.6,43.0,0.0,0.0,0.0,17.9,297.0,11.54,1.0
2018_REG_15_PHI_LAR_20181216,WTH_01032,54.3,0.0,9.7,WMO_2,0,2018-12-16 12:00:00,open_meteo_daily_by_venue_coordinates,Los Angeles Memorial Coliseum,34.0141,-118.2879,67.0,43.0,54.3,50.8,63.2,37.9,50.8,0.0,0.0,0.0,16.3,283.0,11.66,2.0
2018_REG_15_SEA_SF_20181216,WTH_01033,55.1,0.051,15.3,WMO_53|PRECIP,0,2018-12-16 12:00:00,open_meteo_daily_by_venue_coordinates,Levi's Stadium,37.403,-121.97,61.2,49.3,55.1,50.9,58.8,45.8,50.9,0.051,0.0,0.0,25.5,139.0,3.68,53.0
2018_REG_15_TB_BAL_20181216,WTH_01034,44.6,2.075,15.5,WMO_63|PRECIP,1,2018-12-16 12:00:00,open_meteo_daily_by_venue_coordinates,M&T Bank Stadium,39.278,-76.6227,49.9,40.1,44.6,37.6,44.1,32.1,37.6,2.075,0.0,0.0,38.0,23.0,1.21,63.0
2018_REG_15_TEN_NYG_20181216,WTH_01035,41.1,0.654,17.4,WMO_63|PRECIP,1,2018-12-16 12:00:00,open_meteo_daily_by_venue_coordinates,MetLife Stadium,40.8135,-74.0745,46.2,38.3,41.1,31.6,39.3,28.0,31.6,0.654,0.0,0.0,31.8,43.0,1.3,63.0
2018_REG_15_WSH_JAX_20181216,WTH_01036,58.3,0.0,11.7,WMO_3,0,2018-12-16 12:00:00,open_meteo_daily_by_venue_coordinates,TIAA Bank Stadium,30.3239,-81.6373,64.6,51.1,58.3,55.9,62.3,49.6,55.9,0.0,0.0,0.0,21.7,272.0,12.74,3.0
2018_REG_16_ATL_CAR_20181223,WTH_01037,41.3,0.008,10.5,WMO_51|PRECIP,0,2018-12-23 12:00:00,open_meteo_daily_by_venue_coordinates,Bank of America Stadium,35.2258,-80.8528,54.1,31.3,41.3,35.6,47.7,25.1,35.6,0.008,0.0,0.0,18.1,208.0,10.34,51.0
2018_REG_16_BAL_LAC_20181222,WTH_01038,56.1,0.0,5.4,WMO_3,0,2018-12-22 12:00:00,open_meteo_daily_by_venue_coordinates,StubHub Center,33.8644,-118.2611,67.6,49.7,56.1,55.7,67.0,48.4,55.7,0.0,0.0,0.0,10.7,151.0,10.0,3.0
2018_REG_16_BUF_NE_20181223,WTH_01039,33.6,0.0,15.0,WMO_3,0,2018-12-23 12:00:00,open_meteo_daily_by_venue_coordinates,Gillette Stadium,42.0909,-71.2643,38.3,28.9,33.6,24.2,29.3,19.8,24.2,0.0,0.0,0.0,34.2,285.0,8.14,3.0
2018_REG_16_CHI_SF_20181223,WTH_01040,51.7,0.0,7.3,WMO_3,0,2018-12-23 12:00:00,open_meteo_daily_by_venue_coordinates,Levi's Stadium,37.403,-121.97,58.2,47.0,51.7,49.2,54.9,44.1,49.2,0.0,0.0,0.0,13.9,282.0,8.94,3.0
2018_REG_16_CIN_CLE_20181223,WTH_01041,33.9,0.0,10.0,WMO_3,0,2018-12-23 12:00:00,open_meteo_daily_by_venue_coordinates,Huntington Bank Field,41.5061,-81.6995,39.8,28.7,33.9,26.4,32.9,20.4,26.4,0.0,0.0,0.066,15.7,218.0,3.68,3.0
2018_REG_16_DEN_LV_20181224,WTH_01042,52.4,0.256,17.7,WMO_61|PRECIP,0,2018-12-24 12:00:00,open_meteo_daily_by_venue_coordinates,Oakland Coliseum,37.7516,-122.2005,57.5,47.7,52.4,49.7,55.0,45.2,49.7,0.256,0.0,0.0,34.4,158.0,2.41,61.0
2018_REG_16_GB_NYJ_20181223,WTH_01043,37.8,0.0,15.3,WMO_3,0,2018-12-23 12:00:00,open_meteo_daily_by_venue_coordinates,MetLife Stadium,40.8135,-74.0745,42.5,31.7,37.8,29.3,35.2,24.5,29.3,0.0,0.0,0.0,28.0,288.0,8.35,3.0
2018_REG_16_HOU_PHI_20181223,WTH_01044,39.2,0.0,9.8,WMO_3,0,2018-12-23 12:00:00,open_meteo_daily_by_venue_coordinates,Lincoln Financial Field,39.9008,-75.1675,45.0,33.6,39.2,32.1,38.4,26.6,32.1,0.0,0.0,0.0,21.5,271.0,8.48,3.0
2018_REG_16_JAX_MIA_20181223,WTH_01045,59.4,0.0,7.6,WMO_3,0,2018-12-23 12:00:00,open_meteo_daily_by_venue_coordinates,Hard Rock Stadium,25.958,-80.2389,70.7,49.1,59.4,57.5,70.3,46.0,57.5,0.0,0.0,0.0,15.2,12.0,13.71,3.0
2018_REG_16_KC_SEA_20181223,WTH_01046,43.2,0.461,15.0,WMO_73|SNOW,1,2018-12-23 12:00:00,open_meteo_daily_by_venue_coordinates,Lumen Field,47.5952,-122.3316,47.6,39.3,43.2,36.2,40.6,32.2,36.2,0.441,0.138,0.0,28.0,171.0,2.71,73.0
2018_REG_16_LAR_ARI_20181223,WTH_01047,70.0,0.0,0.0,INDOOR,0,2018-12-23 12:00:00,open_meteo_indoor_controlled_daily_values,State Farm Stadium,33.5276,-112.2626,70.0,70.0,70.0,70.0,70.0,70.0,70.0,0.0,0.0,0.0,0.0,,,
2018_REG_16_MIN_DET_20181223,WTH_01048,70.0,0.0,0.0,INDOOR,0,2018-12-23 12:00:00,open_meteo_indoor_controlled_daily_values,Ford Field,42.34,-83.0456,70.0,70.0,70.0,70.0,70.0,70.0,70.0,0.0,0.0,0.0,0.0,,,
2018_REG_16_NYG_IND_20181223,WTH_01049,70.0,0.0,0.0,INDOOR,0,2018-12-23 12:00:00,open_meteo_indoor_controlled_daily_values,Lucas Oil Stadium,39.7601,-86.1639,70.0,70.0,70.0,70.0,70.0,70.0,70.0,0.0,0.0,0.0,0.0,,,
2018_REG_16_PIT_NO_20181223,WTH_01050,70.0,0.0,0.0,INDOOR,0,2018-12-23 12:00:00,open_meteo_indoor_controlled_daily_values,Caesars Superdome,29.9511,-90.0812,70.0,70.0,70.0,70.0,70.0,70.0,70.0,0.0,0.0,0.0,0.0,,,
2018_REG_16_TB_DAL_20181223,WTH_01051,70.0,0.0,0.0,INDOOR,0,2018-12-23 12:00:00,open_meteo_indoor_controlled_daily_values,AT&T Stadium,32.7473,-97.0945,70.0,70.0,70.0,70.0,70.0,70.0,70.0,0.0,0.0,0.0,0.0,,,
2018_REG_16_WSH_TEN_20181222,WTH_01052,38.2,0.0,10.0,WMO_3,0,2018-12-22 12:00:00,open_meteo_daily_by_venue_coordinates,Nissan Stadium,36.1665,-86.7713,49.7,28.6,38.2,32.0,44.2,22.2,32.0,0.0,0.0,0.0,20.4,250.0,9.95,3.0
2018_REG_17_ARI_SEA_20181230,WTH_01053,43.5,0.35,17.3,WMO_61|PRECIP,0,2018-12-30 12:00:00,open_meteo_daily_by_venue_coordinates,Lumen Field,47.5952,-122.3316,50.0,37.8,43.5,38.5,42.7,31.8,38.5,0.35,0.0,0.0,30.9,190.0,3.86,61.0
2018_REG_17_ATL_TB_20181230,WTH_01054,72.0,0.0,6.5,WMO_3,0,2018-12-30 12:00:00,open_meteo_daily_by_venue_coordinates,Raymond James Stadium,27.9759,-82.5033,79.2,68.4,72.0,77.6,85.9,73.2,77.6,0.0,0.0,0.0,12.1,128.0,11.03,3.0
2018_REG_17_CAR_NO_20181230,WTH_01055,70.0,0.0,0.0,INDOOR,0,2018-12-30 12:00:00,open_meteo_indoor_controlled_daily_values,Caesars Superdome,29.9511,-90.0812,70.0,70.0,70.0,70.0,70.0,70.0,70.0,0.0,0.0,0.0,0.0,,,
2018_REG_17_CHI_MIN_20181230,WTH_01056,70.0,0.0,0.0,INDOOR,0,2018-12-30 12:00:00,open_meteo_indoor_controlled_daily_values,U.S. Bank Stadium,44.9738,-93.2575,70.0,70.0,70.0,70.0,70.0,70.0,70.0,0.0,0.0,0.0,0.0,,,
2018_REG_17_CIN_PIT_20181230,WTH_01057,34.9,0.0,8.7,WMO_3,0,2018-12-30 12:00:00,open_meteo_daily_by_venue_coordinates,Acrisure Stadium,40.4468,-80.0158,43.5,29.8,34.9,27.6,36.1,22.8,27.6,0.0,0.0,0.0,20.6,227.0,7.93,3.0
2018_REG_17_CLE_BAL_20181230,WTH_01058,38.0,0.004,7.7,WMO_51|PRECIP,0,2018-12-30 12:00:00,open_meteo_daily_by_venue_coordinates,M&T Bank Stadium,39.278,-76.6227,46.6,31.5,38.0,32.6,41.8,25.6,32.6,0.004,0.0,0.0,13.2,283.0,7.16,51.0
2018_REG_17_DAL_NYG_20181230,WTH_01059,35.7,0.012,9.1,WMO_71|SNOW,1,2018-12-30 12:00:00,open_meteo_daily_by_venue_coordinates,MetLife Stadium,40.8135,-74.0745,41.4,30.8,35.7,28.9,35.1,22.9,28.9,0.0,0.083,0.0,16.6,315.0,4.28,71.0
2018_REG_17_DET_GB_20181230,WTH_01060,23.3,0.0,13.0,WMO_3,0,2018-12-30 12:00:00,open_meteo_daily_by_venue_coordinates,Lambeau Field,44.5013,-88.0622,31.1,17.7,23.3,13.1,21.5,6.9,13.1,0.0,0.0,0.066,25.9,213.0,3.19,3.0
2018_REG_17_IND_TEN_20181230,WTH_01061,42.3,0.0,6.5,WMO_3,0,2018-12-30 12:00:00,open_meteo_daily_by_venue_coordinates,Nissan Stadium,36.1665,-86.7713,55.6,36.2,42.3,37.5,53.0,30.0,37.5,0.0,0.0,0.0,11.6,84.0,7.69,3.0
2018_REG_17_JAX_HOU_20181230,WTH_01062,70.0,0.0,0.0,INDOOR,0,2018-12-30 12:00:00,open_meteo_indoor_controlled_daily_values,NRG Stadium,29.6847,-95.4107,70.0,70.0,70.0,70.0,70.0,70.0,70.0,0.0,0.0,0.0,0.0,,,
2018_REG_17_LAC_DEN_20181230,WTH_01063,34.6,0.0,13.2,WMO_3,0,2018-12-30 12:00:00,open_meteo_daily_by_venue_coordinates,Empower Field at Mile High,39.7439,-105.0201,51.5,27.0,34.6,25.4,44.5,17.3,25.4,0.0,0.0,0.098,22.4,245.0,7.43,3.0
2018_REG_17_LV_KC_20181230,WTH_01064,28.4,0.0,12.0,WMO_3,0,2018-12-30 12:00:00,open_meteo_daily_by_venue_coordinates,Arrowhead Stadium,39.0489,-94.4839,44.4,21.8,28.4,19.1,35.3,12.5,19.1,0.0,0.0,0.0,26.6,200.0,9.49,3.0
2018_REG_17_MIA_BUF_20181230,WTH_01065,30.6,0.165,15.3,WMO_73|SNOW,1,2018-12-30 12:00:00,open_meteo_daily_by_venue_coordinates,Highmark Stadium,42.7738,-78.7868,34.7,26.7,30.6,22.5,24.2,19.3,22.5,0.0,1.157,0.098,34.4,241.0,2.8,73.0
2018_REG_17_NYJ_NE_20181230,WTH_01066,30.3,0.004,10.8,WMO_71|SNOW,1,2018-12-30 12:00:00,open_meteo_daily_by_venue_coordinates,Gillette Stadium,42.0909,-71.2643,38.5,22.6,30.3,22.6,29.3,14.3,22.6,0.0,0.028,0.0,24.2,322.0,6.57,71.0
2018_REG_17_PHI_WSH_20181230,WTH_01067,39.1,0.0,6.0,WMO_3,0,2018-12-30 12:00:00,open_meteo_daily_by_venue_coordinates,Northwest Stadium,38.9078,-76.8644,45.7,33.4,39.1,34.0,41.0,27.8,34.0,0.0,0.0,0.0,11.9,304.0,5.86,3.0
2018_REG_17_SF_LAR_20181230,WTH_01068,50.2,0.0,6.7,WMO_3,0,2018-12-30 12:00:00,open_meteo_daily_by_venue_coordinates,Los Angeles Memorial Coliseum,34.0141,-118.2879,63.2,39.9,50.2,43.6,57.4,32.6,43.6,0.0,0.0,0.0,13.2,21.0,11.96,3.0
2019_CON_20_GB_SF_20200119,WTH_01069,46.6,0.0,4.0,WMO_3,0,2020-01-19 12:00:00,open_meteo_daily_by_venue_coordinates,Levi's Stadium,37.403,-121.97,56.8,41.3,46.6,43.5,53.6,37.0,43.5,0.0,0.0,0.0,7.8,244.0,6.92,3.0
2019_CON_20_TEN_KC_20200119,WTH_01070,19.8,0.0,11.3,WMO_1,1,2020-01-19 12:00:00,open_meteo_daily_by_venue_coordinates,Arrowhead Stadium,39.0489,-94.4839,26.4,11.8,19.8,8.8,15.4,0.8,8.8,0.0,0.0,0.033,25.7,321.0,11.3,1.0
2019_POST_18_BUF_HOU_20200104,WTH_01071,70.0,0.0,0.0,INDOOR,0,2020-01-04 12:00:00,open_meteo_indoor_controlled_daily_values,NRG Stadium,29.6847,-95.4107,70.0,70.0,70.0,70.0,70.0,70.0,70.0,0.0,0.0,0.0,0.0,,,
2019_POST_18_MIN_NO_20200105,WTH_01072,70.0,0.0,0.0,INDOOR,0,2020-01-05 12:00:00,open_meteo_indoor_controlled_daily_values,Caesars Superdome,29.9511,-90.0812,70.0,70.0,70.0,70.0,70.0,70.0,70.0,0.0,0.0,0.0,0.0,,,
2019_POST_18_SEA_PHI_20200105,WTH_01073,40.6,0.13,19.5,WMO_55|PRECIP,1,2020-01-05 12:00:00,open_meteo_daily_by_venue_coordinates,Lincoln Financial Field,39.9008,-75.1675,49.1,37.2,40.6,30.5,45.9,24.9,30.5,0.13,0.0,0.0,36.7,311.0,6.85,55.0
2019_POST_18_TEN_NE_20200104,WTH_01074,43.2,0.201,5.9,WMO_55|PRECIP,0,2020-01-04 12:00:00,open_meteo_daily_by_venue_coordinates,Gillette Stadium,42.0909,-71.2643,44.7,41.2,43.2,39.6,41.7,37.9,39.6,0.201,0.0,0.0,12.5,323.0,1.29,55.0
2019_POST_19_HOU_KC_20200112,WTH_01075,25.0,0.004,9.7,WMO_51|PRECIP,0,2020-01-12 12:00:00,open_meteo_daily_by_venue_coordinates,Arrowhead Stadium,39.0489,-94.4839,38.2,19.0,25.0,17.3,30.8,10.8,17.3,0.004,0.0,0.131,22.4,145.0,8.45,51.0
2019_POST_19_MIN_SF_20200111,WTH_01076,49.6,0.035,12.2,WMO_51|PRECIP,0,2020-01-11 12:00:00,open_meteo_daily_by_venue_coordinates,Levi's Stadium,37.403,-121.97,56.6,43.2,49.6,45.9,54.0,39.4,45.9,0.035,0.0,0.0,21.3,298.0,8.52,51.0
2019_POST_19_SEA_GB_20200112,WTH_01077,20.2,0.0,15.5,WMO_3,0,2020-01-12 12:00:00,open_meteo_daily_by_venue_coordinates,Lambeau Field,44.5013,-88.0622,25.7,16.4,20.2,10.6,18.0,6.7,10.6,0.0,0.0,0.23,33.6,18.0,6.91,3.0
2019_POST_19_TEN_BAL_20200111,WTH_01078,57.4,0.0,16.8,WMO_3,0,2020-01-11 12:00:00,open_meteo_daily_by_venue_coordinates,M&T Bank Stadium,39.278,-76.6227,68.2,47.1,57.4,53.8,64.2,43.1,53.8,0.0,0.0,0.066,29.3,197.0,5.57,3.0
2019_POST_21_SF_KC_20200202,WTH_01079,61.0,0.043,11.4,WMO_55|PRECIP,0,2020-02-02 12:00:00,open_meteo_daily_by_venue_coordinates,Hard Rock Stadium,25.958,-80.2389,68.3,52.8,61.0,57.9,70.1,48.2,57.9,0.043,0.0,0.0,22.8,322.0,19.03,55.0
2019_REG_01_ATL_MIN_20190908,WTH_01080,70.0,0.0,0.0,INDOOR,0,2019-09-08 12:00:00,open_meteo_indoor_controlled_daily_values,U.S. Bank Stadium,44.9738,-93.2575,70.0,70.0,70.0,70.0,70.0,70.0,70.0,0.0,0.0,0.0,0.0,,,
2019_REG_01_BAL_MIA_20190908,WTH_01081,82.7,0.067,7.2,WMO_51|PRECIP,0,2019-09-08 12:00:00,open_meteo_daily_by_venue_coordinates,Hard Rock Stadium,25.958,-80.2389,89.8,74.8,82.7,91.9,100.2,82.6,91.9,0.067,0.0,0.0,14.1,179.0,20.59,51.0
2019_REG_01_BUF_NYJ_20190908,WTH_01082,67.4,0.0,8.7,WMO_3,0,2019-09-08 12:00:00,open_meteo_daily_by_venue_coordinates,MetLife Stadium,40.8135,-74.0745,78.3,59.8,67.4,67.3,77.1,59.4,67.3,0.0,0.0,0.0,17.2,283.0,17.26,3.0
2019_REG_01_CIN_SEA_20190908,WTH_01083,62.7,0.323,13.2,WMO_63|PRECIP,0,2019-09-08 12:00:00,open_meteo_daily_by_venue_coordinates,Lumen Field,47.5952,-122.3316,68.4,59.9,62.7,61.2,66.5,57.2,61.2,0.323,0.0,0.0,26.6,194.0,10.65,63.0
2019_REG_01_DEN_LV_20190909,WTH_01084,64.9,0.0,14.5,WMO_3,0,2019-09-09 12:00:00,open_meteo_daily_by_venue_coordinates,Ring Central Coliseum,37.7516,-122.2005,74.4,58.5,64.9,65.7,75.3,59.8,65.7,0.0,0.0,0.0,32.2,234.0,22.75,3.0
2019_REG_01_DET_ARI_20190908,WTH_01085,70.0,0.0,0.0,INDOOR,0,2019-09-08 12:00:00,open_meteo_indoor_controlled_daily_values,State Farm Stadium,33.5276,-112.2626,70.0,70.0,70.0,70.0,70.0,70.0,70.0,0.0,0.0,0.0,0.0,,,
2019_REG_01_GB_CHI_20190905,WTH_01086,63.3,0.0,10.0,WMO_3,0,2019-09-05 12:00:00,open_meteo_daily_by_venue_coordinates,Soldier Field,41.8623,-87.6167,69.3,58.5,63.3,63.3,71.1,58.1,63.3,0.0,0.0,0.0,15.4,45.0,18.59,3.0
2019_REG_01_HOU_NO_20190909,WTH_01087,70.0,0.0,0.0,INDOOR,0,2019-09-09 12:00:00,open_meteo_indoor_controlled_daily_values,Caesars Superdome,29.9511,-90.0812,70.0,70.0,70.0,70.0,70.0,70.0,70.0,0.0,0.0,0.0,0.0,,,
2019_REG_01_IND_LAC_20190908,WTH_01088,70.7,0.0,14.8,WMO_0,0,2019-09-08 12:00:00,open_meteo_daily_by_venue_coordinates,StubHub Center,33.8644,-118.2611,80.2,62.4,70.7,71.0,79.4,64.3,71.0,0.0,0.0,0.0,28.6,225.0,24.06,0.0
2019_REG_01_KC_JAX_20190908,WTH_01089,81.5,0.0,10.1,WMO_0,0,2019-09-08 12:00:00,open_meteo_daily_by_venue_coordinates,TIAA Bank Stadium,30.3239,-81.6373,92.8,71.9,81.5,89.4,101.7,78.9,89.4,0.0,0.0,0.0,18.8,174.0,24.29,0.0
2019_REG_01_LAR_CAR_20190908,WTH_01090,79.9,0.0,10.3,WMO_1,0,2019-09-08 12:00:00,open_meteo_daily_by_venue_coordinates,Bank of America Stadium,35.2258,-80.8528,90.7,69.6,79.9,82.1,97.4,67.4,82.1,0.0,0.0,0.0,18.8,48.0,22.94,1.0
2019_REG_01_NYG_DAL_20190908,WTH_01091,70.0,0.0,0.0,INDOOR,0,2019-09-08 12:00:00,open_meteo_indoor_controlled_daily_values,AT&T Stadium,32.7473,-97.0945,70.0,70.0,70.0,70.0,70.0,70.0,70.0,0.0,0.0,0.0,0.0,,,
2019_REG_01_PIT_NE_20190908,WTH_01092,65.0,0.0,10.5,WMO_3,0,2019-09-08 12:00:00,open_meteo_daily_by_venue_coordinates,Gillette Stadium,42.0909,-71.2643,75.2,55.9,65.0,61.8,71.5,53.1,61.8,0.0,0.0,0.0,24.4,280.0,19.49,3.0
2019_REG_01_SF_TB_20190908,WTH_01093,81.5,0.004,9.6,WMO_51|PRECIP,0,2019-09-08 12:00:00,open_meteo_daily_by_venue_coordinates,Raymond James Stadium,27.9759,-82.5033,90.0,72.6,81.5,90.8,100.5,80.0,90.8,0.004,0.0,0.0,17.0,321.0,22.68,51.0
2019_REG_01_TEN_CLE_20190908,WTH_01094,65.8,0.016,11.2,WMO_51|PRECIP,0,2019-09-08 12:00:00,open_meteo_daily_by_venue_coordinates,Huntington Bank Field,41.5061,-81.6995,68.3,63.1,65.8,65.7,67.5,63.4,65.7,0.016,0.0,0.0,20.1,10.0,13.27,51.0
2019_REG_01_WSH_PHI_20190908,WTH_01095,69.9,0.0,7.1,WMO_3,0,2019-09-08 12:00:00,open_meteo_daily_by_venue_coordinates,Lincoln Financial Field,39.9008,-75.1675,82.8,58.2,69.9,70.2,81.4,57.7,70.2,0.0,0.0,0.0,16.6,272.0,20.25,3.0
2019_REG_02_ARI_BAL_20190915,WTH_01096,75.8,0.079,6.3,WMO_53|PRECIP,0,2019-09-15 12:00:00,open_meteo_daily_by_venue_coordinates,M&T Bank Stadium,39.278,-76.6227,85.4,69.5,75.8,80.4,88.4,75.2,80.4,0.079,0.0,0.0,15.9,319.0,21.05,53.0
2019_REG_02_BUF_NYG_20190915,WTH_01097,72.1,0.02,6.6,WMO_51|PRECIP,0,2019-09-15 12:00:00,open_meteo_daily_by_venue_coordinates,MetLife Stadium,40.8135,-74.0745,80.5,66.5,72.1,75.6,82.2,70.8,75.6,0.02,0.0,0.0,18.3,270.0,20.17,51.0
2019_REG_02_CHI_DEN_20190915,WTH_01098,69.8,0.0,12.7,WMO_3,0,2019-09-15 12:00:00,open_meteo_daily_by_venue_coordinates,Empower Field at Mile High,39.7439,-105.0201,91.0,52.3,69.8,64.3,85.0,46.6,64.3,0.0,0.0,0.0,23.5,136.0,21.36,3.0
2019_REG_02_CLE_NYJ_20190916,WTH_01099,70.4,0.031,6.5,WMO_51|PRECIP,0,2019-09-16 12:00:00,open_meteo_daily_by_venue_coordinates,MetLife Stadium,40.8135,-74.0745,75.7,66.5,70.4,72.4,78.9,68.5,72.4,0.031,0.0,0.0,20.4,339.0,10.29,51.0
2019_REG_02_DAL_WSH_20190915,WTH_01100,76.5,0.043,6.6,WMO_53|PRECIP,0,2019-09-15 12:00:00,open_meteo_daily_by_venue_coordinates,Northwest Stadium,38.9078,-76.8644,87.1,69.0,76.5,81.1,90.5,75.4,81.1,0.043,0.0,0.0,15.2,233.0,19.55,53.0
2019_REG_02_IND_TEN_20190915,WTH_01101,80.8,0.0,5.8,WMO_1,0,2019-09-15 12:00:00,open_meteo_daily_by_venue_coordinates,Nissan Stadium,36.1665,-86.7713,94.6,68.7,80.8,83.8,101.1,69.7,83.8,0.0,0.0,0.0,10.7,59.0,20.41,1.0
2019_REG_02_JAX_HOU_20190915,WTH_01102,70.0,0.0,0.0,INDOOR,0,2019-09-15 12:00:00,open_meteo_indoor_controlled_daily_values,NRG Stadium,29.6847,-95.4107,70.0,70.0,70.0,70.0,70.0,70.0,70.0,0.0,0.0,0.0,0.0,,,
2019_REG_02_KC_LV_20190915,WTH_01103,62.7,0.0,14.3,WMO_3,0,2019-09-15 12:00:00,open_meteo_daily_by_venue_coordinates,Ring Central Coliseum,37.7516,-122.2005,69.5,58.6,62.7,61.9,69.6,57.4,61.9,0.0,0.0,0.0,32.0,224.0,21.37,3.0
2019_REG_02_LAC_DET_20190915,WTH_01104,70.0,0.0,0.0,INDOOR,0,2019-09-15 12:00:00,open_meteo_indoor_controlled_daily_values,Ford Field,42.34,-83.0456,70.0,70.0,70.0,70.0,70.0,70.0,70.0,0.0,0.0,0.0,0.0,,,
2019_REG_02_MIN_GB_20190915,WTH_01105,68.0,0.063,7.9,WMO_53|PRECIP,0,2019-09-15 12:00:00,open_meteo_daily_by_venue_coordinates,Lambeau Field,44.5013,-88.0622,76.5,62.2,68.0,70.1,80.0,62.8,70.1,0.063,0.0,0.0,16.8,188.0,11.23,53.0
2019_REG_02_NE_MIA_20190915,WTH_01106,81.4,0.169,9.3,WMO_55|PRECIP,0,2019-09-15 12:00:00,open_meteo_daily_by_venue_coordinates,Hard Rock Stadium,25.958,-80.2389,89.4,75.7,81.4,91.3,100.8,84.1,91.3,0.169,0.0,0.0,22.6,276.0,20.35,55.0
2019_REG_02_NO_LAR_20190915,WTH_01107,73.1,0.0,12.4,WMO_3,0,2019-09-15 12:00:00,open_meteo_daily_by_venue_coordinates,Los Angeles Memorial Coliseum,34.0141,-118.2879,87.0,62.6,73.1,75.2,88.6,65.8,75.2,0.0,0.0,0.0,23.3,218.0,19.38,3.0
2019_REG_02_PHI_ATL_20190915,WTH_01108,70.0,0.0,0.0,INDOOR,0,2019-09-15 12:00:00,open_meteo_indoor_controlled_daily_values,Mercedes-Benz Stadium,33.7554,-84.4009,70.0,70.0,70.0,70.0,70.0,70.0,70.0,0.0,0.0,0.0,0.0,,,
2019_REG_02_SEA_PIT_20190915,WTH_01109,67.4,0.0,5.7,WMO_3,0,2019-09-15 12:00:00,open_meteo_daily_by_venue_coordinates,Acrisure Stadium,40.4468,-80.0158,80.8,55.9,67.4,68.6,83.0,56.2,68.6,0.0,0.0,0.0,11.4,268.0,19.62,3.0
2019_REG_02_SF_CIN_20190915,WTH_01110,72.2,0.0,6.7,WMO_3,0,2019-09-15 12:00:00,open_meteo_daily_by_venue_coordinates,Paycor Stadium,39.0955,-84.516,86.3,61.6,72.2,71.9,85.6,61.1,71.9,0.0,0.0,0.0,16.8,182.0,17.0,3.0
2019_REG_02_TB_CAR_20190912,WTH_01111,84.1,0.0,7.0,WMO_1,0,2019-09-12 12:00:00,open_meteo_daily_by_venue_coordinates,Bank of America Stadium,35.2258,-80.8528,95.2,73.6,84.1,90.5,101.5,80.0,90.5,0.0,0.0,0.0,12.1,204.0,20.57,1.0
2019_REG_03_ATL_IND_20190922,WTH_01112,70.0,0.0,0.0,INDOOR,0,2019-09-22 12:00:00,open_meteo_indoor_controlled_daily_values,Lucas Oil Stadium,39.7601,-86.1639,70.0,70.0,70.0,70.0,70.0,70.0,70.0,0.0,0.0,0.0,0.0,,,
2019_REG_03_BAL_KC_20190922,WTH_01113,74.6,1.677,15.6,WMO_65|PRECIP,1,2019-09-22 12:00:00,open_meteo_daily_by_venue_coordinates,Arrowhead Stadium,39.0489,-94.4839,78.3,69.3,74.6,77.6,83.1,73.8,77.6,1.677,0.0,0.0,31.3,204.0,8.68,65.0
2019_REG_03_CAR_ARI_20190922,WTH_01114,70.0,0.0,0.0,INDOOR,0,2019-09-22 12:00:00,open_meteo_indoor_controlled_daily_values,State Farm Stadium,33.5276,-112.2626,70.0,70.0,70.0,70.0,70.0,70.0,70.0,0.0,0.0,0.0,0.0,,,
2019_REG_03_CHI_WSH_20190923,WTH_01115,80.5,0.0,10.6,WMO_3,0,2019-09-23 12:00:00,open_meteo_daily_by_venue_coordinates,Northwest Stadium,38.9078,-76.8644,91.3,72.1,80.5,81.5,90.7,73.7,81.5,0.0,0.0,0.0,26.6,216.0,18.27,3.0
2019_REG_03_CIN_BUF_20190922,WTH_01116,74.2,0.0,14.9,WMO_3,0,2019-09-22 12:00:00,open_meteo_daily_by_venue_coordinates,Highmark Stadium,42.7738,-78.7868,82.1,69.0,74.2,75.7,82.6,69.7,75.7,0.0,0.0,0.0,29.8,210.0,15.99,3.0
2019_REG_03_DEN_GB_20190922,WTH_01117,70.3,1.386,15.9,WMO_65|PRECIP,1,2019-09-22 12:00:00,open_meteo_daily_by_venue_coordinates,Lambeau Field,44.5013,-88.0622,74.0,64.6,70.3,71.9,75.1,64.3,71.9,1.386,0.0,0.0,30.9,222.0,2.58,65.0
2019_REG_03_DET_PHI_20190922,WTH_01118,73.1,0.0,7.6,WMO_2,0,2019-09-22 12:00:00,open_meteo_daily_by_venue_coordinates,Lincoln Financial Field,39.9008,-75.1675,87.8,61.2,73.1,75.6,90.5,62.2,75.6,0.0,0.0,0.0,15.9,209.0,18.35,2.0
2019_REG_03_HOU_LAC_20190922,WTH_01119,72.8,0.0,15.2,WMO_3,0,2019-09-22 12:00:00,open_meteo_daily_by_venue_coordinates,StubHub Center,33.8644,-118.2611,88.1,61.8,72.8,74.2,89.7,64.9,74.2,0.0,0.0,0.0,26.2,208.0,18.95,3.0
2019_REG_03_LAR_CLE_20190922,WTH_01120,77.5,0.0,14.6,WMO_3,0,2019-09-22 12:00:00,open_meteo_daily_by_venue_coordinates,Huntington Bank Field,41.5061,-81.6995,85.2,72.3,77.5,79.2,84.8,73.6,79.2,0.0,0.0,0.0,22.4,203.0,18.16,3.0
2019_REG_03_LV_MIN_20190922,WTH_01121,70.0,0.0,0.0,INDOOR,0,2019-09-22 12:00:00,open_meteo_indoor_controlled_daily_values,U.S. Bank Stadium,44.9738,-93.2575,70.0,70.0,70.0,70.0,70.0,70.0,70.0,0.0,0.0,0.0,0.0,,,
2019_REG_03_MIA_DAL_20190922,WTH_01122,70.0,0.0,0.0,INDOOR,0,2019-09-22 12:00:00,open_meteo_indoor_controlled_daily_values,AT&T Stadium,32.7473,-97.0945,70.0,70.0,70.0,70.0,70.0,70.0,70.0,0.0,0.0,0.0,0.0,,,
2019_REG_03_NO_SEA_20190922,WTH_01123,62.4,0.26,8.7,WMO_55|PRECIP,0,2019-09-22 12:00:00,open_meteo_daily_by_venue_coordinates,Lumen Field,47.5952,-122.3316,65.6,60.3,62.4,62.4,66.3,59.8,62.4,0.26,0.0,0.0,18.8,167.0,4.75,55.0
2019_REG_03_NYG_TB_20190922,WTH_01124,79.3,0.0,15.4,WMO_1,0,2019-09-22 12:00:00,open_meteo_daily_by_venue_coordinates,Raymond James Stadium,27.9759,-82.5033,88.3,72.0,79.3,80.9,90.9,74.1,80.9,0.0,0.0,0.0,29.1,68.0,23.37,1.0
2019_REG_03_NYJ_NE_20190922,WTH_01125,69.5,0.0,9.8,WMO_3,0,2019-09-22 12:00:00,open_meteo_daily_by_venue_coordinates,Gillette Stadium,42.0909,-71.2643,84.7,58.5,69.5,69.8,83.8,58.2,69.8,0.0,0.0,0.0,23.7,209.0,19.37,3.0
2019_REG_03_PIT_SF_20190922,WTH_01126,71.5,0.0,15.9,WMO_3,0,2019-09-22 12:00:00,open_meteo_daily_by_venue_coordinates,Levi's Stadium,37.403,-121.97,85.9,62.6,71.5,70.3,82.1,61.9,70.3,0.0,0.0,0.0,28.0,333.0,19.23,3.0
2019_REG_03_TEN_JAX_20190919,WTH_01127,77.2,0.043,17.6,WMO_51|PRECIP,0,2019-09-19 12:00:00,open_meteo_daily_by_venue_coordinates,TIAA Bank Stadium,30.3239,-81.6373,81.5,73.3,77.2,78.3,82.1,74.1,78.3,0.043,0.0,0.0,30.6,55.0,17.68,51.0
2019_REG_04_CAR_HOU_20190929,WTH_01128,70.0,0.0,0.0,INDOOR,0,2019-09-29 12:00:00,open_meteo_indoor_controlled_daily_values,NRG Stadium,29.6847,-95.4107,70.0,70.0,70.0,70.0,70.0,70.0,70.0,0.0,0.0,0.0,0.0,,,
2019_REG_04_CIN_PIT_20190930,WTH_01129,70.5,0.323,6.0,WMO_61|PRECIP,0,2019-09-30 12:00:00,open_meteo_daily_by_venue_coordinates,Acrisure Stadium,40.4468,-80.0158,78.3,66.6,70.5,74.6,83.5,70.7,74.6,0.323,0.0,0.0,21.5,151.0,8.05,61.0
2019_REG_04_CLE_BAL_20190929,WTH_01130,76.7,0.008,8.1,WMO_51|PRECIP,0,2019-09-29 12:00:00,open_meteo_daily_by_venue_coordinates,M&T Bank Stadium,39.278,-76.6227,84.4,68.7,76.7,81.3,87.2,72.2,81.3,0.008,0.0,0.0,25.3,18.0,15.62,51.0
2019_REG_04_DAL_NO_20190929,WTH_01131,70.0,0.0,0.0,INDOOR,0,2019-09-29 12:00:00,open_meteo_indoor_controlled_daily_values,Caesars Superdome,29.9511,-90.0812,70.0,70.0,70.0,70.0,70.0,70.0,70.0,0.0,0.0,0.0,0.0,,,
2019_REG_04_JAX_DEN_20190929,WTH_01132,66.2,0.0,18.3,WMO_0,1,2019-09-29 12:00:00,open_meteo_daily_by_venue_coordinates,Empower Field at Mile High,39.7439,-105.0201,87.0,50.6,66.2,60.7,76.1,48.1,60.7,0.0,0.0,0.0,37.6,202.0,19.85,0.0
2019_REG_04_KC_DET_20190929,WTH_01133,70.0,0.0,0.0,INDOOR,0,2019-09-29 12:00:00,open_meteo_indoor_controlled_daily_values,Ford Field,42.34,-83.0456,70.0,70.0,70.0,70.0,70.0,70.0,70.0,0.0,0.0,0.0,0.0,,,
2019_REG_04_LAC_MIA_20190929,WTH_01134,81.0,0.039,15.9,WMO_51|PRECIP,0,2019-09-29 12:00:00,open_meteo_daily_by_venue_coordinates,Hard Rock Stadium,25.958,-80.2389,87.3,76.2,81.0,86.1,92.2,81.8,86.1,0.039,0.0,0.0,32.0,54.0,18.79,51.0
2019_REG_04_LV_IND_20190929,WTH_01135,70.0,0.0,0.0,INDOOR,0,2019-09-29 12:00:00,open_meteo_indoor_controlled_daily_values,Lucas Oil Stadium,39.7601,-86.1639,70.0,70.0,70.0,70.0,70.0,70.0,70.0,0.0,0.0,0.0,0.0,,,
2019_REG_04_MIN_CHI_20190929,WTH_01136,62.0,0.52,15.7,WMO_63|PRECIP,1,2019-09-29 12:00:00,open_meteo_daily_by_venue_coordinates,Soldier Field,41.8623,-87.6167,66.5,58.8,62.0,60.2,68.3,53.8,60.2,0.52,0.0,0.0,24.6,76.0,5.32,63.0
2019_REG_04_NE_BUF_20190929,WTH_01137,60.1,0.024,10.6,WMO_51|PRECIP,0,2019-09-29 12:00:00,open_meteo_daily_by_venue_coordinates,Highmark Stadium,42.7738,-78.7868,65.1,55.4,60.1,57.9,64.6,51.7,57.9,0.024,0.0,0.0,21.7,47.0,12.99,51.0
2019_REG_04_PHI_GB_20190926,WTH_01138,60.4,0.0,13.7,WMO_3,0,2019-09-26 12:00:00,open_meteo_daily_by_venue_coordinates,Lambeau Field,44.5013,-88.0622,66.6,52.5,60.4,54.5,61.3,47.4,54.5,0.0,0.0,0.0,28.2,265.0,17.87,3.0
2019_REG_04_SEA_ARI_20190929,WTH_01139,70.0,0.0,0.0,INDOOR,0,2019-09-29 12:00:00,open_meteo_indoor_controlled_daily_values,State Farm Stadium,33.5276,-112.2626,70.0,70.0,70.0,70.0,70.0,70.0,70.0,0.0,0.0,0.0,0.0,,,
2019_REG_04_TB_LAR_20190929,WTH_01140,65.1,0.004,15.5,WMO_51|PRECIP,0,2019-09-29 12:00:00,open_meteo_daily_by_venue_coordinates,Los Angeles Memorial Coliseum,34.0141,-118.2879,74.8,57.2,65.1,63.5,73.8,55.3,63.5,0.004,0.0,0.0,28.0,214.0,19.94,51.0
2019_REG_04_TEN_ATL_20190929,WTH_01141,70.0,0.0,0.0,INDOOR,0,2019-09-29 12:00:00,open_meteo_indoor_controlled_daily_values,Mercedes-Benz Stadium,33.7554,-84.4009,70.0,70.0,70.0,70.0,70.0,70.0,70.0,0.0,0.0,0.0,0.0,,,
2019_REG_04_WSH_NYG_20190929,WTH_01142,70.6,0.0,10.9,WMO_3,0,2019-09-29 12:00:00,open_meteo_daily_by_venue_coordinates,MetLife Stadium,40.8135,-74.0745,75.7,65.8,70.6,71.7,78.7,62.0,71.7,0.0,0.0,0.0,21.9,356.0,16.99,3.0
2019_REG_05_ARI_CIN_20191006,WTH_01143,69.4,0.098,8.8,WMO_53|PRECIP,0,2019-10-06 12:00:00,open_meteo_daily_by_venue_coordinates,Paycor Stadium,39.0955,-84.516,79.0,65.2,69.4,69.5,81.3,63.3,69.5,0.098,0.0,0.0,29.1,214.0,7.62,53.0
2019_REG_05_ATL_HOU_20191006,WTH_01144,70.0,0.0,0.0,INDOOR,0,2019-10-06 12:00:00,open_meteo_indoor_controlled_daily_values,NRG Stadium,29.6847,-95.4107,70.0,70.0,70.0,70.0,70.0,70.0,70.0,0.0,0.0,0.0,0.0,,,
2019_REG_05_BAL_PIT_20191006,WTH_01145,63.1,0.008,11.4,WMO_51|PRECIP,0,2019-10-06 12:00:00,open_meteo_daily_by_venue_coordinates,Acrisure Stadium,40.4468,-80.0158,72.1,55.8,63.1,61.0,74.9,51.3,61.0,0.008,0.0,0.0,24.2,176.0,7.89,51.0
2019_REG_05_BUF_TEN_20191006,WTH_01146,74.6,0.346,14.0,WMO_63|PRECIP,0,2019-10-06 12:00:00,open_meteo_daily_by_venue_coordinates,Nissan Stadium,36.1665,-86.7713,81.1,69.2,74.6,77.2,84.1,71.7,77.2,0.346,0.0,0.0,25.7,179.0,7.44,63.0
2019_REG_05_CHI_LV_20191006,WTH_01147,55.9,0.429,16.3,WMO_61|PRECIP,1,2019-10-06 12:00:00,open_meteo_daily_by_venue_coordinates,Tottenham Hotspur Stadium,51.6043,-0.0664,60.5,52.5,55.9,51.1,54.5,48.3,51.1,0.429,0.0,0.0,38.0,298.0,9.6,61.0
2019_REG_05_CLE_SF_20191007,WTH_01148,73.2,0.0,10.4,WMO_3,0,2019-10-07 12:00:00,open_meteo_daily_by_venue_coordinates,Levi's Stadium,37.403,-121.97,88.7,62.5,73.2,70.3,83.1,61.3,70.3,0.0,0.0,0.0,19.0,301.0,17.38,3.0
2019_REG_05_DEN_LAC_20191006,WTH_01149,66.7,0.0,10.7,WMO_3,0,2019-10-06 12:00:00,open_meteo_daily_by_venue_coordinates,StubHub Center,33.8644,-118.2611,85.3,55.0,66.7,67.3,86.3,54.7,67.3,0.0,0.0,0.0,20.1,271.0,20.05,3.0
2019_REG_05_GB_DAL_20191006,WTH_01150,70.0,0.0,0.0,INDOOR,0,2019-10-06 12:00:00,open_meteo_indoor_controlled_daily_values,AT&T Stadium,32.7473,-97.0945,70.0,70.0,70.0,70.0,70.0,70.0,70.0,0.0,0.0,0.0,0.0,,,
2019_REG_05_IND_KC_20191006,WTH_01151,58.1,0.012,8.7,WMO_51|PRECIP,0,2019-10-06 12:00:00,open_meteo_daily_by_venue_coordinates,Arrowhead Stadium,39.0489,-94.4839,65.8,49.1,58.1,55.9,65.3,45.9,55.9,0.012,0.0,0.0,17.2,2.0,7.3,51.0
2019_REG_05_JAX_CAR_20191006,WTH_01152,66.2,0.067,8.5,WMO_53|PRECIP,0,2019-10-06 12:00:00,open_meteo_daily_by_venue_coordinates,Bank of America Stadium,35.2258,-80.8528,77.7,58.2,66.2,65.9,79.0,57.5,65.9,0.067,0.0,0.0,17.7,65.0,12.9,53.0
2019_REG_05_LAR_SEA_20191003,WTH_01153,55.2,0.051,14.4,WMO_51|PRECIP,0,2019-10-03 12:00:00,open_meteo_daily_by_venue_coordinates,Lumen Field,47.5952,-122.3316,60.3,51.9,55.2,50.6,55.8,45.3,50.6,0.051,0.0,0.0,30.4,187.0,11.37,51.0
2019_REG_05_MIN_NYG_20191006,WTH_01154,61.4,0.043,14.3,WMO_51|PRECIP,0,2019-10-06 12:00:00,open_meteo_daily_by_venue_coordinates,MetLife Stadium,40.8135,-74.0745,69.3,50.1,61.4,58.8,67.4,46.5,58.8,0.043,0.0,0.0,25.7,173.0,4.19,51.0
2019_REG_05_NE_WSH_20191006,WTH_01155,65.8,0.075,14.3,WMO_53|PRECIP,0,2019-10-06 12:00:00,open_meteo_daily_by_venue_coordinates,Northwest Stadium,38.9078,-76.8644,75.5,58.9,65.8,65.0,75.5,54.6,65.0,0.075,0.0,0.0,33.6,167.0,7.19,53.0
2019_REG_05_NYJ_PHI_20191006,WTH_01156,63.8,0.004,16.4,WMO_51|PRECIP,0,2019-10-06 12:00:00,open_meteo_daily_by_venue_coordinates,Lincoln Financial Field,39.9008,-75.1675,74.8,52.5,63.8,61.0,71.8,49.7,61.0,0.004,0.0,0.0,30.9,166.0,6.57,51.0
2019_REG_05_TB_NO_20191006,WTH_01157,70.0,0.0,0.0,INDOOR,0,2019-10-06 12:00:00,open_meteo_indoor_controlled_daily_values,Caesars Superdome,29.9511,-90.0812,70.0,70.0,70.0,70.0,70.0,70.0,70.0,0.0,0.0,0.0,0.0,,,
2019_REG_06_ATL_ARI_20191013,WTH_01158,70.0,0.0,0.0,INDOOR,0,2019-10-13 12:00:00,open_meteo_indoor_controlled_daily_values,State Farm Stadium,33.5276,-112.2626,70.0,70.0,70.0,70.0,70.0,70.0,70.0,0.0,0.0,0.0,0.0,,,
2019_REG_06_CAR_TB_20191013,WTH_01159,55.3,0.26,18.2,WMO_55|PRECIP,1,2019-10-13 12:00:00,open_meteo_daily_by_venue_coordinates,Tottenham Hotspur Stadium,51.6043,-0.0664,61.5,49.4,55.3,51.3,56.8,46.8,51.3,0.26,0.0,0.0,38.0,206.0,3.75,55.0
2019_REG_06_CIN_BAL_20191013,WTH_01160,58.2,0.071,9.2,WMO_55|PRECIP,0,2019-10-13 12:00:00,open_meteo_daily_by_venue_coordinates,M&T Bank Stadium,39.278,-76.6227,63.6,53.5,58.2,54.0,62.6,47.5,54.0,0.071,0.0,0.0,15.9,3.0,9.31,55.0
2019_REG_06_DAL_NYJ_20191013,WTH_01161,58.1,0.0,9.3,WMO_3,0,2019-10-13 12:00:00,open_meteo_daily_by_venue_coordinates,MetLife Stadium,40.8135,-74.0745,63.8,50.5,58.1,55.6,61.8,47.4,55.6,0.0,0.0,0.0,16.8,314.0,13.65,3.0
2019_REG_06_DET_GB_20191014,WTH_01162,40.2,0.0,12.2,WMO_2,0,2019-10-14 12:00:00,open_meteo_daily_by_venue_coordinates,Lambeau Field,44.5013,-88.0622,49.2,33.8,40.2,32.4,41.4,26.8,32.4,0.0,0.0,0.0,24.2,254.0,13.6,2.0
2019_REG_06_HOU_KC_20191013,WTH_01163,53.5,0.0,14.6,WMO_0,0,2019-10-13 12:00:00,open_meteo_daily_by_venue_coordinates,Arrowhead Stadium,39.0489,-94.4839,62.2,42.3,53.5,47.3,57.5,36.9,47.3,0.0,0.0,0.0,29.3,238.0,17.44,0.0
2019_REG_06_NO_JAX_20191013,WTH_01164,75.2,0.0,12.3,WMO_3,0,2019-10-13 12:00:00,open_meteo_daily_by_venue_coordinates,TIAA Bank Stadium,30.3239,-81.6373,82.8,68.3,75.2,79.8,88.2,73.2,79.8,0.0,0.0,0.0,21.0,159.0,16.06,3.0
2019_REG_06_NYG_NE_20191010,WTH_01165,52.1,0.201,16.2,WMO_61|PRECIP,1,2019-10-10 12:00:00,open_meteo_daily_by_venue_coordinates,Gillette Stadium,42.0909,-71.2643,54.0,48.7,52.1,45.1,46.6,41.7,45.1,0.201,0.0,0.0,37.1,21.0,3.08,61.0
2019_REG_06_PHI_MIN_20191013,WTH_01166,70.0,0.0,0.0,INDOOR,0,2019-10-13 12:00:00,open_meteo_indoor_controlled_daily_values,U.S. Bank Stadium,44.9738,-93.2575,70.0,70.0,70.0,70.0,70.0,70.0,70.0,0.0,0.0,0.0,0.0,,,
2019_REG_06_PIT_LAC_20191013,WTH_01167,64.3,0.0,11.0,WMO_0,0,2019-10-13 12:00:00,open_meteo_daily_by_venue_coordinates,StubHub Center,33.8644,-118.2611,74.6,52.6,64.3,63.6,74.6,50.2,63.6,0.0,0.0,0.0,19.2,223.0,18.54,0.0
2019_REG_06_SEA_CLE_20191013,WTH_01168,52.5,0.0,17.3,WMO_0,0,2019-10-13 12:00:00,open_meteo_daily_by_venue_coordinates,Huntington Bank Field,41.5061,-81.6995,64.8,44.9,52.5,43.6,54.9,36.2,43.6,0.0,0.0,0.0,27.5,193.0,16.55,0.0
2019_REG_06_SF_LAR_20191013,WTH_01169,64.2,0.0,13.4,WMO_0,0,2019-10-13 12:00:00,open_meteo_daily_by_venue_coordinates,Los Angeles Memorial Coliseum,34.0141,-118.2879,74.7,53.2,64.2,63.5,74.5,52.5,63.5,0.0,0.0,0.0,23.7,235.0,18.63,0.0
2019_REG_06_TEN_DEN_20191013,WTH_01170,44.5,0.0,7.9,WMO_0,0,2019-10-13 12:00:00,open_meteo_daily_by_venue_coordinates,Empower Field at Mile High,39.7439,-105.0201,69.6,25.2,44.5,37.1,63.3,16.1,37.1,0.0,0.0,0.098,15.0,221.0,18.4,0.0
2019_REG_06_WSH_MIA_20191013,WTH_01171,78.9,0.098,10.1,WMO_53|PRECIP,0,2019-10-13 12:00:00,open_meteo_daily_by_venue_coordinates,Hard Rock Stadium,25.958,-80.2389,83.1,75.8,78.9,84.2,89.0,80.7,84.2,0.098,0.0,0.0,20.4,88.0,12.93,53.0
2019_REG_07_ARI_NYG_20191020,WTH_01172,52.6,0.362,6.5,WMO_61|PRECIP,0,2019-10-20 12:00:00,open_meteo_daily_by_venue_coordinates,MetLife Stadium,40.8135,-74.0745,59.0,44.7,52.6,50.1,58.1,41.1,50.1,0.362,0.0,0.0,11.9,115.0,3.66,61.0
2019_REG_07_BAL_SEA_20191020,WTH_01173,49.0,0.051,15.9,WMO_51|PRECIP,0,2019-10-20 12:00:00,open_meteo_daily_by_venue_coordinates,Lumen Field,47.5952,-122.3316,54.1,46.4,49.0,44.0,48.8,41.4,44.0,0.051,0.0,0.0,27.3,162.0,3.4,51.0
2019_REG_07_HOU_IND_20191020,WTH_01174,70.0,0.0,0.0,INDOOR,0,2019-10-20 12:00:00,open_meteo_indoor_controlled_daily_values,Lucas Oil Stadium,39.7601,-86.1639,70.0,70.0,70.0,70.0,70.0,70.0,70.0,0.0,0.0,0.0,0.0,,,
2019_REG_07_JAX_CIN_20191020,WTH_01175,61.2,0.0,8.3,WMO_3,0,2019-10-20 12:00:00,open_meteo_daily_by_venue_coordinates,Paycor Stadium,39.0955,-84.516,72.1,52.8,61.2,59.8,72.3,51.3,59.8,0.0,0.0,0.0,16.1,180.0,14.06,3.0
2019_REG_07_KC_DEN_20191017,WTH_01176,56.3,0.0,7.5,WMO_3,0,2019-10-17 12:00:00,open_meteo_daily_by_venue_coordinates,Empower Field at Mile High,39.7439,-105.0201,79.3,38.4,56.3,49.7,74.0,30.4,49.7,0.0,0.0,0.0,12.1,207.0,15.71,3.0
2019_REG_07_LAC_TEN_20191020,WTH_01177,62.6,0.008,5.3,WMO_51|PRECIP,0,2019-10-20 12:00:00,open_meteo_daily_by_venue_coordinates,Nissan Stadium,36.1665,-86.7713,72.1,56.7,62.6,63.9,73.2,57.0,63.9,0.008,0.0,0.0,11.0,116.0,13.65,51.0
2019_REG_07_LAR_ATL_20191020,WTH_01178,70.0,0.0,0.0,INDOOR,0,2019-10-20 12:00:00,open_meteo_indoor_controlled_daily_values,Mercedes-Benz Stadium,33.7554,-84.4009,70.0,70.0,70.0,70.0,70.0,70.0,70.0,0.0,0.0,0.0,0.0,,,
2019_REG_07_LV_GB_20191020,WTH_01179,51.0,0.043,5.2,WMO_51|PRECIP,0,2019-10-20 12:00:00,open_meteo_daily_by_venue_coordinates,Lambeau Field,44.5013,-88.0622,62.3,40.4,51.0,48.2,59.1,35.7,48.2,0.043,0.0,0.0,11.2,249.0,13.59,51.0
2019_REG_07_MIA_BUF_20191020,WTH_01180,54.5,0.0,10.1,WMO_3,0,2019-10-20 12:00:00,open_meteo_daily_by_venue_coordinates,Highmark Stadium,42.7738,-78.7868,63.3,48.7,54.5,49.7,60.4,42.1,49.7,0.0,0.0,0.0,19.2,179.0,12.23,3.0
2019_REG_07_MIN_DET_20191020,WTH_01181,70.0,0.0,0.0,INDOOR,0,2019-10-20 12:00:00,open_meteo_indoor_controlled_daily_values,Ford Field,42.34,-83.0456,70.0,70.0,70.0,70.0,70.0,70.0,70.0,0.0,0.0,0.0,0.0,,,
2019_REG_07_NE_NYJ_20191021,WTH_01182,55.5,0.146,11.2,WMO_55|PRECIP,0,2019-10-21 12:00:00,open_meteo_daily_by_venue_coordinates,MetLife Stadium,40.8135,-74.0745,65.4,48.8,55.5,51.6,62.8,43.3,51.6,0.146,0.0,0.0,21.0,24.0,14.63,55.0
2019_REG_07_NO_CHI_20191020,WTH_01183,53.5,0.004,11.8,WMO_51|PRECIP,0,2019-10-20 12:00:00,open_meteo_daily_by_venue_coordinates,Soldier Field,41.8623,-87.6167,58.5,48.0,53.5,50.3,53.7,44.7,50.3,0.004,0.0,0.0,16.6,311.0,12.29,51.0
2019_REG_07_PHI_DAL_20191020,WTH_01184,70.0,0.0,0.0,INDOOR,0,2019-10-20 12:00:00,open_meteo_indoor_controlled_daily_values,AT&T Stadium,32.7473,-97.0945,70.0,70.0,70.0,70.0,70.0,70.0,70.0,0.0,0.0,0.0,0.0,,,
2019_REG_07_SF_WSH_20191020,WTH_01185,54.0,1.24,13.7,WMO_63|PRECIP,1,2019-10-20 12:00:00,open_meteo_daily_by_venue_coordinates,Northwest Stadium,38.9078,-76.8644,56.5,52.0,54.0,51.0,54.0,48.1,51.0,1.24,0.0,0.0,29.3,61.0,2.24,63.0
2019_REG_08_ARI_NO_20191027,WTH_01186,70.0,0.0,0.0,INDOOR,0,2019-10-27 12:00:00,open_meteo_indoor_controlled_daily_values,Caesars Superdome,29.9511,-90.0812,70.0,70.0,70.0,70.0,70.0,70.0,70.0,0.0,0.0,0.0,0.0,,,
2019_REG_08_CAR_SF_20191027,WTH_01187,62.7,0.0,19.1,WMO_0,0,2019-10-27 12:00:00,open_meteo_daily_by_venue_coordinates,Levi's Stadium,37.403,-121.97,76.6,54.5,62.7,55.9,72.3,45.6,55.9,0.0,0.0,0.0,33.1,347.0,16.16,0.0
2019_REG_08_CIN_LAR_20191027,WTH_01188,44.2,0.0,7.3,WMO_3,0,2019-10-27 12:00:00,open_meteo_daily_by_venue_coordinates,Wembley Stadium,51.556,-0.2796,52.2,39.0,44.2,39.2,47.9,33.8,39.2,0.0,0.0,0.0,14.5,302.0,8.69,3.0
2019_REG_08_CLE_NE_20191027,WTH_01189,48.6,0.768,16.0,WMO_63|PRECIP,1,2019-10-27 12:00:00,open_meteo_daily_by_venue_coordinates,Gillette Stadium,42.0909,-71.2643,54.8,44.5,48.6,43.7,51.0,40.3,43.7,0.768,0.0,0.0,38.5,124.0,1.53,63.0
2019_REG_08_DEN_IND_20191027,WTH_01190,70.0,0.0,0.0,INDOOR,0,2019-10-27 12:00:00,open_meteo_indoor_controlled_daily_values,Lucas Oil Stadium,39.7601,-86.1639,70.0,70.0,70.0,70.0,70.0,70.0,70.0,0.0,0.0,0.0,0.0,,,
2019_REG_08_GB_KC_20191027,WTH_01191,50.3,0.0,7.9,WMO_3,0,2019-10-27 12:00:00,open_meteo_daily_by_venue_coordinates,Arrowhead Stadium,39.0489,-94.4839,58.1,42.1,50.3,46.6,55.4,38.3,46.6,0.0,0.0,0.0,14.3,254.0,14.2,3.0
2019_REG_08_LAC_CHI_20191027,WTH_01192,49.4,1.252,28.5,WMO_65|PRECIP|WINDY,1,2019-10-27 12:00:00,open_meteo_daily_by_venue_coordinates,Soldier Field,41.8623,-87.6167,57.4,44.1,49.4,41.2,51.1,33.5,41.2,1.252,0.0,0.0,41.6,308.0,13.22,65.0
2019_REG_08_LV_HOU_20191027,WTH_01193,70.0,0.0,0.0,INDOOR,0,2019-10-27 12:00:00,open_meteo_indoor_controlled_daily_values,NRG Stadium,29.6847,-95.4107,70.0,70.0,70.0,70.0,70.0,70.0,70.0,0.0,0.0,0.0,0.0,,,
2019_REG_08_MIA_PIT_20191028,WTH_01194,52.4,0.0,6.0,WMO_3,0,2019-10-28 12:00:00,open_meteo_daily_by_venue_coordinates,Acrisure Stadium,40.4468,-80.0158,66.3,41.9,52.4,49.8,64.8,38.2,49.8,0.0,0.0,0.0,13.2,201.0,13.9,3.0
2019_REG_08_NYG_DET_20191027,WTH_01195,70.0,0.0,0.0,INDOOR,0,2019-10-27 12:00:00,open_meteo_indoor_controlled_daily_values,Ford Field,42.34,-83.0456,70.0,70.0,70.0,70.0,70.0,70.0,70.0,0.0,0.0,0.0,0.0,,,
2019_REG_08_NYJ_JAX_20191027,WTH_01196,77.6,0.126,14.3,WMO_61|PRECIP,0,2019-10-27 12:00:00,open_meteo_daily_by_venue_coordinates,TIAA Bank Stadium,30.3239,-81.6373,83.9,74.3,77.6,83.9,91.0,79.6,83.9,0.126,0.0,0.0,25.5,205.0,12.46,61.0
2019_REG_08_PHI_BUF_20191027,WTH_01197,55.2,0.996,26.6,WMO_63|PRECIP|WINDY,1,2019-10-27 12:00:00,open_meteo_daily_by_venue_coordinates,Highmark Stadium,42.7738,-78.7868,63.0,52.5,55.2,46.9,56.4,41.7,46.9,0.996,0.0,0.0,55.9,197.0,4.62,63.0
2019_REG_08_SEA_ATL_20191027,WTH_01198,70.0,0.0,0.0,INDOOR,0,2019-10-27 12:00:00,open_meteo_indoor_controlled_daily_values,Mercedes-Benz Stadium,33.7554,-84.4009,70.0,70.0,70.0,70.0,70.0,70.0,70.0,0.0,0.0,0.0,0.0,,,
2019_REG_08_TB_TEN_20191027,WTH_01199,59.8,0.043,12.9,WMO_51|PRECIP,0,2019-10-27 12:00:00,open_meteo_daily_by_venue_coordinates,Nissan Stadium,36.1665,-86.7713,68.5,55.2,59.8,59.0,69.7,53.7,59.0,0.043,0.0,0.0,26.4,248.0,7.42,51.0
2019_REG_08_WSH_MIN_20191024,WTH_01200,70.0,0.0,0.0,INDOOR,0,2019-10-24 12:00:00,open_meteo_indoor_controlled_daily_values,U.S. Bank Stadium,44.9738,-93.2575,70.0,70.0,70.0,70.0,70.0,70.0,70.0,0.0,0.0,0.0,0.0,,,
2019_REG_09_CHI_PHI_20191103,WTH_01201,44.2,0.0,11.7,WMO_1,0,2019-11-03 12:00:00,open_meteo_daily_by_venue_coordinates,Lincoln Financial Field,39.9008,-75.1675,51.9,37.4,44.2,37.6,42.6,31.8,37.6,0.0,0.0,0.0,23.0,276.0,12.91,1.0
2019_REG_09_CLE_DEN_20191103,WTH_01202,25.4,0.0,8.5,WMO_2,0,2019-11-03 12:00:00,open_meteo_daily_by_venue_coordinates,Empower Field at Mile High,39.7439,-105.0201,49.0,9.0,25.4,17.6,43.0,-0.7,17.6,0.0,0.0,0.427,10.1,188.0,14.5,2.0
2019_REG_09_DAL_NYG_20191104,WTH_01203,45.7,0.0,12.2,WMO_3,0,2019-11-04 12:00:00,open_meteo_daily_by_venue_coordinates,MetLife Stadium,40.8135,-74.0745,54.4,36.3,45.7,39.4,46.4,31.0,39.4,0.0,0.0,0.0,21.9,216.0,12.02,3.0
2019_REG_09_DET_LV_20191103,WTH_01204,61.2,0.0,7.4,WMO_0,0,2019-11-03 12:00:00,open_meteo_daily_by_venue_coordinates,Ring Central Coliseum,37.7516,-122.2005,75.9,47.8,61.2,56.1,71.4,42.3,56.1,0.0,0.0,0.0,16.3,39.0,14.26,0.0
2019_REG_09_GB_LAC_20191103,WTH_01205,61.9,0.0,9.4,WMO_2,0,2019-11-03 12:00:00,open_meteo_daily_by_venue_coordinates,StubHub Center,33.8644,-118.2611,80.0,46.8,61.9,57.3,74.1,40.8,57.3,0.0,0.0,0.0,16.8,275.0,15.93,2.0
2019_REG_09_HOU_JAX_20191103,WTH_01206,47.0,0.091,10.0,WMO_61|PRECIP,0,2019-11-03 12:00:00,open_meteo_daily_by_venue_coordinates,Wembley Stadium,51.556,-0.2796,52.7,40.7,47.0,43.2,49.4,36.7,43.2,0.091,0.0,0.0,22.6,224.0,3.77,61.0
2019_REG_09_IND_PIT_20191103,WTH_01207,40.7,0.004,11.0,WMO_51|PRECIP,0,2019-11-03 12:00:00,open_meteo_daily_by_venue_coordinates,Acrisure Stadium,40.4468,-80.0158,47.3,35.4,40.7,33.0,37.8,28.4,33.0,0.004,0.0,0.0,24.6,258.0,12.6,51.0
2019_REG_09_MIN_KC_20191103,WTH_01208,46.3,0.0,13.3,WMO_2,0,2019-11-03 12:00:00,open_meteo_daily_by_venue_coordinates,Arrowhead Stadium,39.0489,-94.4839,58.7,39.0,46.3,38.1,50.6,31.4,38.1,0.0,0.0,0.066,27.1,210.0,12.61,2.0
2019_REG_09_NE_BAL_20191103,WTH_01209,44.5,0.0,11.7,WMO_1,0,2019-11-03 12:00:00,open_meteo_daily_by_venue_coordinates,M&T Bank Stadium,39.278,-76.6227,52.4,39.0,44.5,37.2,43.4,31.3,37.2,0.0,0.0,0.0,22.6,284.0,13.47,1.0
2019_REG_09_NYJ_MIA_20191103,WTH_01210,76.8,0.465,12.7,WMO_63|PRECIP,0,2019-11-03 12:00:00,open_meteo_daily_by_venue_coordinates,Hard Rock Stadium,25.958,-80.2389,82.1,73.9,76.8,84.4,90.4,79.6,84.4,0.465,0.0,0.0,24.8,13.0,9.86,63.0
2019_REG_09_SF_ARI_20191031,WTH_01211,70.0,0.0,0.0,INDOOR,0,2019-10-31 12:00:00,open_meteo_indoor_controlled_daily_values,State Farm Stadium,33.5276,-112.2626,70.0,70.0,70.0,70.0,70.0,70.0,70.0,0.0,0.0,0.0,0.0,,,
2019_REG_09_TB_SEA_20191103,WTH_01212,45.4,0.0,5.7,WMO_3,0,2019-11-03 12:00:00,open_meteo_daily_by_venue_coordinates,Lumen Field,47.5952,-122.3316,52.6,38.3,45.4,41.8,50.1,33.4,41.8,0.0,0.0,0.0,13.2,29.0,6.24,3.0
2019_REG_09_TEN_CAR_20191103,WTH_01213,47.6,0.0,10.9,WMO_0,0,2019-11-03 12:00:00,open_meteo_daily_by_venue_coordinates,Bank of America Stadium,35.2258,-80.8528,56.1,38.4,47.6,41.4,52.5,31.3,41.4,0.0,0.0,0.0,20.8,3.0,15.67,0.0
2019_REG_09_WSH_BUF_20191103,WTH_01214,40.1,0.236,19.6,WMO_71|SNOW,1,2019-11-03 12:00:00,open_meteo_daily_by_venue_coordinates,Highmark Stadium,42.7738,-78.7868,42.3,37.9,40.1,30.3,35.5,28.4,30.3,0.232,0.028,0.0,40.7,257.0,9.51,71.0
2019_REG_10_ARI_TB_20191110,WTH_01215,66.0,0.0,11.7,WMO_0,0,2019-11-10 12:00:00,open_meteo_daily_by_venue_coordinates,Raymond James Stadium,27.9759,-82.5033,77.1,58.0,66.0,64.8,77.4,55.3,64.8,0.0,0.0,0.0,19.2,42.0,16.92,0.0
2019_REG_10_ATL_NO_20191110,WTH_01216,70.0,0.0,0.0,INDOOR,0,2019-11-10 12:00:00,open_meteo_indoor_controlled_daily_values,Caesars Superdome,29.9511,-90.0812,70.0,70.0,70.0,70.0,70.0,70.0,70.0,0.0,0.0,0.0,0.0,,,
2019_REG_10_BAL_CIN_20191110,WTH_01217,45.2,0.0,10.5,WMO_3,0,2019-11-10 12:00:00,open_meteo_daily_by_venue_coordinates,Paycor Stadium,39.0955,-84.516,59.5,38.2,45.2,37.8,53.8,30.1,37.8,0.0,0.0,0.0,23.0,219.0,11.6,3.0
2019_REG_10_BUF_CLE_20191110,WTH_01218,41.7,0.012,15.3,WMO_51|PRECIP,0,2019-11-10 12:00:00,open_meteo_daily_by_venue_coordinates,Huntington Bank Field,41.5061,-81.6995,49.4,35.8,41.7,33.0,42.5,24.9,33.0,0.012,0.0,0.033,23.0,219.0,7.65,51.0
2019_REG_10_CAR_GB_20191110,WTH_01219,33.0,0.043,9.7,WMO_71|SNOW,1,2019-11-10 12:00:00,open_meteo_daily_by_venue_coordinates,Lambeau Field,44.5013,-88.0622,35.8,29.9,33.0,25.2,27.7,20.8,25.2,0.02,0.165,0.098,18.6,310.0,3.15,71.0
2019_REG_10_DET_CHI_20191110,WTH_01220,38.9,0.004,14.5,WMO_51|PRECIP,0,2019-11-10 12:00:00,open_meteo_daily_by_venue_coordinates,Soldier Field,41.8623,-87.6167,41.1,34.4,38.9,31.3,33.6,27.8,31.3,0.004,0.0,0.0,21.9,329.0,4.64,51.0
2019_REG_10_KC_TEN_20191110,WTH_01221,48.3,0.0,10.1,WMO_2,0,2019-11-10 12:00:00,open_meteo_daily_by_venue_coordinates,Nissan Stadium,36.1665,-86.7713,63.7,39.0,48.3,42.1,58.2,32.6,42.1,0.0,0.0,0.0,19.7,205.0,13.72,2.0
2019_REG_10_LAC_LV_20191107,WTH_01222,55.1,0.0,8.4,WMO_3,0,2019-11-07 12:00:00,open_meteo_daily_by_venue_coordinates,Ring Central Coliseum,37.7516,-122.2005,68.5,48.6,55.1,54.0,68.2,47.0,54.0,0.0,0.0,0.0,19.0,270.0,12.68,3.0
2019_REG_10_LAR_PIT_20191110,WTH_01223,40.7,0.0,9.4,WMO_3,0,2019-11-10 12:00:00,open_meteo_daily_by_venue_coordinates,Acrisure Stadium,40.4468,-80.0158,52.1,32.5,40.7,33.2,45.3,24.6,33.2,0.0,0.0,0.0,21.5,216.0,9.65,3.0
2019_REG_10_MIA_IND_20191110,WTH_01224,70.0,0.0,0.0,INDOOR,0,2019-11-10 12:00:00,open_meteo_indoor_controlled_daily_values,Lucas Oil Stadium,39.7601,-86.1639,70.0,70.0,70.0,70.0,70.0,70.0,70.0,0.0,0.0,0.0,0.0,,,
2019_REG_10_MIN_DAL_20191110,WTH_01225,70.0,0.0,0.0,INDOOR,0,2019-11-10 12:00:00,open_meteo_indoor_controlled_daily_values,AT&T Stadium,32.7473,-97.0945,70.0,70.0,70.0,70.0,70.0,70.0,70.0,0.0,0.0,0.0,0.0,,,
2019_REG_10_NYG_NYJ_20191110,WTH_01226,39.6,0.0,9.3,WMO_3,0,2019-11-10 12:00:00,open_meteo_daily_by_venue_coordinates,MetLife Stadium,40.8135,-74.0745,51.3,31.8,39.6,32.9,43.9,25.5,32.9,0.0,0.0,0.0,18.8,225.0,7.8,3.0
2019_REG_10_SEA_SF_20191111,WTH_01227,60.5,0.0,7.9,WMO_3,0,2019-11-11 12:00:00,open_meteo_daily_by_venue_coordinates,Levi's Stadium,37.403,-121.97,74.0,52.4,60.5,57.8,69.3,50.6,57.8,0.0,0.0,0.0,15.7,261.0,12.82,3.0
2019_REG_11_ARI_SF_20191117,WTH_01228,61.1,0.0,9.1,WMO_3,0,2019-11-17 12:00:00,open_meteo_daily_by_venue_coordinates,Levi's Stadium,37.403,-121.97,76.7,55.2,61.1,59.8,72.0,53.7,59.8,0.0,0.0,0.0,17.7,281.0,12.14,3.0
2019_REG_11_ATL_CAR_20191117,WTH_01229,44.4,0.0,16.5,WMO_3,0,2019-11-17 12:00:00,open_meteo_daily_by_venue_coordinates,Bank of America Stadium,35.2258,-80.8528,54.5,37.2,44.4,34.9,47.9,25.9,34.9,0.0,0.0,0.0,30.2,26.0,12.32,3.0
2019_REG_11_BUF_MIA_20191117,WTH_01230,61.5,0.0,10.2,WMO_3,0,2019-11-17 12:00:00,open_meteo_daily_by_venue_coordinates,Hard Rock Stadium,25.958,-80.2389,70.7,54.7,61.5,60.1,70.1,52.2,60.1,0.0,0.0,0.0,20.8,333.0,16.86,3.0
2019_REG_11_CHI_LAR_20191117,WTH_01231,67.2,0.0,9.1,WMO_0,0,2019-11-17 12:00:00,open_meteo_daily_by_venue_coordinates,Los Angeles Memorial Coliseum,34.0141,-118.2879,90.3,52.1,67.2,63.0,84.5,45.9,63.0,0.0,0.0,0.0,19.0,24.0,14.1,0.0
2019_REG_11_CIN_LV_20191117,WTH_01232,60.6,0.0,7.0,WMO_3,0,2019-11-17 12:00:00,open_meteo_daily_by_venue_coordinates,Ring Central Coliseum,37.7516,-122.2005,75.4,52.5,60.6,59.0,71.6,49.7,59.0,0.0,0.0,0.0,16.3,14.0,11.84,3.0
2019_REG_11_DAL_DET_20191117,WTH_01233,70.0,0.0,0.0,INDOOR,0,2019-11-17 12:00:00,open_meteo_indoor_controlled_daily_values,Ford Field,42.34,-83.0456,70.0,70.0,70.0,70.0,70.0,70.0,70.0,0.0,0.0,0.0,0.0,,,
2019_REG_11_DEN_MIN_20191117,WTH_01234,70.0,0.0,0.0,INDOOR,0,2019-11-17 12:00:00,open_meteo_indoor_controlled_daily_values,U.S. Bank Stadium,44.9738,-93.2575,70.0,70.0,70.0,70.0,70.0,70.0,70.0,0.0,0.0,0.0,0.0,,,
2019_REG_11_HOU_BAL_20191117,WTH_01235,37.3,0.0,13.2,WMO_3,0,2019-11-17 12:00:00,open_meteo_daily_by_venue_coordinates,M&T Bank Stadium,39.278,-76.6227,43.8,32.1,37.3,27.5,35.9,22.2,27.5,0.0,0.0,0.0,22.8,31.0,3.92,3.0
2019_REG_11_JAX_IND_20191117,WTH_01236,70.0,0.0,0.0,INDOOR,0,2019-11-17 12:00:00,open_meteo_indoor_controlled_daily_values,Lucas Oil Stadium,39.7601,-86.1639,70.0,70.0,70.0,70.0,70.0,70.0,70.0,0.0,0.0,0.0,0.0,,,
2019_REG_11_KC_LAC_20191118,WTH_01237,60.0,0.008,7.2,WMO_51|PRECIP,0,2019-11-18 12:00:00,open_meteo_daily_by_venue_coordinates,Estadio Azteca,19.3029,-99.1505,72.2,47.5,60.0,57.1,71.0,43.6,57.1,0.008,0.0,0.0,19.2,305.0,16.98,51.0
2019_REG_11_NE_PHI_20191117,WTH_01238,34.6,0.0,13.5,WMO_3,0,2019-11-17 12:00:00,open_meteo_daily_by_venue_coordinates,Lincoln Financial Field,39.9008,-75.1675,41.6,30.2,34.6,24.2,32.1,18.6,24.2,0.0,0.0,0.033,26.2,31.0,4.2,3.0
2019_REG_11_NO_TB_20191117,WTH_01239,54.0,0.0,13.8,WMO_3,0,2019-11-17 12:00:00,open_meteo_daily_by_venue_coordinates,Raymond James Stadium,27.9759,-82.5033,59.5,49.9,54.0,49.5,56.5,45.0,49.5,0.0,0.0,0.0,24.4,355.0,8.94,3.0
2019_REG_11_NYJ_WSH_20191117,WTH_01240,38.0,0.0,11.5,WMO_3,0,2019-11-17 12:00:00,open_meteo_daily_by_venue_coordinates,Northwest Stadium,38.9078,-76.8644,43.2,33.2,38.0,28.9,36.0,23.8,28.9,0.0,0.0,0.0,25.7,34.0,4.36,3.0
2019_REG_11_PIT_CLE_20191114,WTH_01241,32.1,0.02,16.0,WMO_73|SNOW,1,2019-11-14 12:00:00,open_meteo_daily_by_venue_coordinates,Huntington Bank Field,41.5061,-81.6995,38.9,26.1,32.1,21.6,29.5,13.9,21.6,0.0,0.138,0.295,25.9,208.0,8.21,73.0
2019_REG_12_BAL_LAR_20191125,WTH_01242,57.2,0.0,11.2,WMO_1,0,2019-11-25 12:00:00,open_meteo_daily_by_venue_coordinates,Los Angeles Memorial Coliseum,34.0141,-118.2879,67.9,46.0,57.2,52.8,66.5,40.4,52.8,0.0,0.0,0.0,20.1,87.0,12.07,1.0
2019_REG_12_CAR_NO_20191124,WTH_01243,70.0,0.0,0.0,INDOOR,0,2019-11-24 12:00:00,open_meteo_indoor_controlled_daily_values,Caesars Superdome,29.9511,-90.0812,70.0,70.0,70.0,70.0,70.0,70.0,70.0,0.0,0.0,0.0,0.0,,,
2019_REG_12_DAL_NE_20191124,WTH_01244,39.3,1.063,19.6,WMO_63|PRECIP,1,2019-11-24 12:00:00,open_meteo_daily_by_venue_coordinates,Gillette Stadium,42.0909,-71.2643,46.1,34.1,39.3,32.3,39.3,26.2,32.3,1.063,0.0,0.0,43.4,21.0,1.11,63.0
2019_REG_12_DEN_BUF_20191124,WTH_01245,38.0,0.012,18.8,WMO_51|PRECIP,1,2019-11-24 12:00:00,open_meteo_daily_by_venue_coordinates,Highmark Stadium,42.7738,-78.7868,40.8,34.7,38.0,29.7,31.7,28.4,29.7,0.012,0.0,0.066,39.4,244.0,6.83,51.0
2019_REG_12_DET_WSH_20191124,WTH_01246,43.2,0.72,16.7,WMO_63|PRECIP,1,2019-11-24 12:00:00,open_meteo_daily_by_venue_coordinates,Northwest Stadium,38.9078,-76.8644,50.4,39.7,43.2,36.4,40.8,33.4,36.4,0.72,0.0,0.0,38.9,297.0,7.96,63.0
2019_REG_12_GB_SF_20191124,WTH_01247,57.1,0.0,8.7,WMO_3,0,2019-11-24 12:00:00,open_meteo_daily_by_venue_coordinates,Levi's Stadium,37.403,-121.97,68.7,47.4,57.1,53.6,62.6,43.2,53.6,0.0,0.0,0.0,17.9,260.0,11.65,3.0
2019_REG_12_IND_HOU_20191121,WTH_01248,70.0,0.0,0.0,INDOOR,0,2019-11-21 12:00:00,open_meteo_indoor_controlled_daily_values,NRG Stadium,29.6847,-95.4107,70.0,70.0,70.0,70.0,70.0,70.0,70.0,0.0,0.0,0.0,0.0,,,
2019_REG_12_JAX_TEN_20191124,WTH_01249,42.7,0.008,9.2,WMO_51|PRECIP,0,2019-11-24 12:00:00,open_meteo_daily_by_venue_coordinates,Nissan Stadium,36.1665,-86.7713,52.5,34.8,42.7,36.8,46.9,29.6,36.8,0.008,0.0,0.0,20.1,264.0,12.28,51.0
2019_REG_12_LV_NYJ_20191124,WTH_01250,41.9,1.008,17.0,WMO_63|PRECIP,1,2019-11-24 12:00:00,open_meteo_daily_by_venue_coordinates,MetLife Stadium,40.8135,-74.0745,45.0,40.0,41.9,34.7,37.9,30.1,34.7,1.008,0.0,0.0,32.2,348.0,1.68,63.0
2019_REG_12_MIA_CLE_20191124,WTH_01251,38.3,0.146,16.4,WMO_71|SNOW,1,2019-11-24 12:00:00,open_meteo_daily_by_venue_coordinates,Huntington Bank Field,41.5061,-81.6995,45.1,32.7,38.3,29.6,35.7,23.3,29.6,0.142,0.028,0.033,28.6,261.0,8.51,71.0
2019_REG_12_NYG_CHI_20191124,WTH_01252,37.2,0.0,15.0,WMO_3,0,2019-11-24 12:00:00,open_meteo_daily_by_venue_coordinates,Soldier Field,41.8623,-87.6167,48.8,31.6,37.2,28.3,40.3,22.0,28.3,0.0,0.0,0.0,23.7,241.0,7.96,3.0
2019_REG_12_PIT_CIN_20191124,WTH_01253,37.7,0.051,11.7,WMO_73|SNOW,1,2019-11-24 12:00:00,open_meteo_daily_by_venue_coordinates,Paycor Stadium,39.0955,-84.516,48.3,31.2,37.7,30.1,40.7,23.3,30.1,0.031,0.138,0.0,26.2,256.0,9.78,73.0
2019_REG_12_SEA_PHI_20191124,WTH_01254,41.5,0.894,15.7,WMO_63|PRECIP,1,2019-11-24 12:00:00,open_meteo_daily_by_venue_coordinates,Lincoln Financial Field,39.9008,-75.1675,45.1,38.5,41.5,34.6,40.4,29.6,34.6,0.894,0.0,0.0,34.7,305.0,2.27,63.0
2019_REG_12_TB_ATL_20191124,WTH_01255,70.0,0.0,0.0,INDOOR,0,2019-11-24 12:00:00,open_meteo_indoor_controlled_daily_values,Mercedes-Benz Stadium,33.7554,-84.4009,70.0,70.0,70.0,70.0,70.0,70.0,70.0,0.0,0.0,0.0,0.0,,,
2019_REG_13_BUF_DAL_20191128,WTH_01256,70.0,0.0,0.0,INDOOR,0,2019-11-28 12:00:00,open_meteo_indoor_controlled_daily_values,AT&T Stadium,32.7473,-97.0945,70.0,70.0,70.0,70.0,70.0,70.0,70.0,0.0,0.0,0.0,0.0,,,
2019_REG_13_CHI_DET_20191128,WTH_01257,70.0,0.0,0.0,INDOOR,0,2019-11-28 12:00:00,open_meteo_indoor_controlled_daily_values,Ford Field,42.34,-83.0456,70.0,70.0,70.0,70.0,70.0,70.0,70.0,0.0,0.0,0.0,0.0,,,
2019_REG_13_CLE_PIT_20191201,WTH_01258,41.2,0.693,12.7,WMO_63|PRECIP,1,2019-12-01 12:00:00,open_meteo_daily_by_venue_coordinates,Acrisure Stadium,40.4468,-80.0158,47.1,37.8,41.2,34.4,43.3,30.5,34.4,0.693,0.0,0.0,35.3,117.0,2.74,63.0
2019_REG_13_GB_NYG_20191201,WTH_01259,30.9,0.457,17.4,WMO_73|SNOW,1,2019-12-01 12:00:00,open_meteo_daily_by_venue_coordinates,MetLife Stadium,40.8135,-74.0745,37.3,26.4,30.9,22.4,27.1,17.5,22.4,0.287,1.185,0.098,30.9,48.0,1.25,73.0
2019_REG_13_LAC_DEN_20191201,WTH_01260,15.7,0.0,8.4,WMO_3,1,2019-12-01 12:00:00,open_meteo_daily_by_venue_coordinates,Empower Field at Mile High,39.7439,-105.0201,29.6,3.0,15.7,7.1,22.4,-7.0,7.1,0.0,0.0,0.722,12.8,179.0,11.33,3.0
2019_REG_13_LAR_ARI_20191201,WTH_01261,70.0,0.0,0.0,INDOOR,0,2019-12-01 12:00:00,open_meteo_indoor_controlled_daily_values,State Farm Stadium,33.5276,-112.2626,70.0,70.0,70.0,70.0,70.0,70.0,70.0,0.0,0.0,0.0,0.0,,,
2019_REG_13_LV_KC_20191201,WTH_01262,37.7,0.012,23.3,WMO_51|PRECIP|WINDY,1,2019-12-01 12:00:00,open_meteo_daily_by_venue_coordinates,Arrowhead Stadium,39.0489,-94.4839,51.8,33.9,37.7,24.8,38.0,20.6,24.8,0.012,0.0,0.0,47.2,286.0,3.73,51.0
2019_REG_13_MIN_SEA_20191202,WTH_01263,40.0,0.028,4.8,WMO_51|PRECIP,0,2019-12-02 12:00:00,open_meteo_daily_by_venue_coordinates,Lumen Field,47.5952,-122.3316,44.5,36.8,40.0,35.7,40.4,31.9,35.7,0.028,0.0,0.0,9.4,94.0,3.02,51.0
2019_REG_13_NE_HOU_20191201,WTH_01264,70.0,0.0,0.0,INDOOR,0,2019-12-01 12:00:00,open_meteo_indoor_controlled_daily_values,NRG Stadium,29.6847,-95.4107,70.0,70.0,70.0,70.0,70.0,70.0,70.0,0.0,0.0,0.0,0.0,,,
2019_REG_13_NO_ATL_20191128,WTH_01265,70.0,0.0,0.0,INDOOR,0,2019-11-28 12:00:00,open_meteo_indoor_controlled_daily_values,Mercedes-Benz Stadium,33.7554,-84.4009,70.0,70.0,70.0,70.0,70.0,70.0,70.0,0.0,0.0,0.0,0.0,,,
2019_REG_13_NYJ_CIN_20191201,WTH_01266,47.8,0.181,17.7,WMO_55|PRECIP,1,2019-12-01 12:00:00,open_meteo_daily_by_venue_coordinates,Paycor Stadium,39.0955,-84.516,55.8,39.7,47.8,41.0,52.1,31.0,41.0,0.181,0.0,0.0,40.0,220.0,6.23,55.0
2019_REG_13_PHI_MIA_20191201,WTH_01267,72.0,0.0,11.9,WMO_3,0,2019-12-01 12:00:00,open_meteo_daily_by_venue_coordinates,Hard Rock Stadium,25.958,-80.2389,83.8,63.4,72.0,73.9,84.8,64.6,73.9,0.0,0.0,0.0,25.7,193.0,14.72,3.0
2019_REG_13_SF_BAL_20191201,WTH_01268,41.6,0.815,13.6,WMO_63|PRECIP,1,2019-12-01 12:00:00,open_meteo_daily_by_venue_coordinates,M&T Bank Stadium,39.278,-76.6227,46.8,38.8,41.6,35.3,41.8,31.1,35.3,0.815,0.0,0.0,23.9,93.0,1.57,63.0
2019_REG_13_TB_JAX_20191201,WTH_01269,68.4,0.201,21.9,WMO_63|PRECIP|WINDY,1,2019-12-01 12:00:00,open_meteo_daily_by_venue_coordinates,TIAA Bank Stadium,30.3239,-81.6373,79.7,63.4,68.4,68.1,76.4,63.4,68.1,0.201,0.0,0.0,41.2,220.0,8.2,63.0
2019_REG_13_TEN_IND_20191201,WTH_01270,70.0,0.0,0.0,INDOOR,0,2019-12-01 12:00:00,open_meteo_indoor_controlled_daily_values,Lucas Oil Stadium,39.7601,-86.1639,70.0,70.0,70.0,70.0,70.0,70.0,70.0,0.0,0.0,0.0,0.0,,,
2019_REG_13_WSH_CAR_20191201,WTH_01271,56.1,0.492,20.2,WMO_63|PRECIP|WINDY,1,2019-12-01 12:00:00,open_meteo_daily_by_venue_coordinates,Bank of America Stadium,35.2258,-80.8528,65.0,50.6,56.1,51.7,60.0,47.3,51.7,0.492,0.0,0.0,38.0,203.0,6.4,63.0
2019_REG_14_BAL_BUF_20191208,WTH_01272,33.2,0.0,18.3,WMO_3,1,2019-12-08 12:00:00,open_meteo_daily_by_venue_coordinates,Highmark Stadium,42.7738,-78.7868,44.9,24.7,33.2,22.2,34.5,14.2,22.2,0.0,0.0,0.164,36.0,177.0,6.9,3.0
2019_REG_14_CAR_ATL_20191208,WTH_01273,70.0,0.0,0.0,INDOOR,0,2019-12-08 12:00:00,open_meteo_indoor_controlled_daily_values,Mercedes-Benz Stadium,33.7554,-84.4009,70.0,70.0,70.0,70.0,70.0,70.0,70.0,0.0,0.0,0.0,0.0,,,
2019_REG_14_CIN_CLE_20191208,WTH_01274,37.7,0.0,18.1,WMO_3,0,2019-12-08 12:00:00,open_meteo_daily_by_venue_coordinates,Huntington Bank Field,41.5061,-81.6995,49.9,30.7,37.7,27.6,39.7,20.6,27.6,0.0,0.0,0.066,28.2,175.0,6.97,3.0
2019_REG_14_DAL_CHI_20191205,WTH_01275,34.5,0.0,12.8,WMO_3,0,2019-12-05 12:00:00,open_meteo_daily_by_venue_coordinates,Soldier Field,41.8623,-87.6167,45.0,26.2,34.5,26.7,37.1,19.1,26.7,0.0,0.0,0.0,19.2,246.0,8.17,3.0
2019_REG_14_DEN_HOU_20191208,WTH_01276,70.0,0.0,0.0,INDOOR,0,2019-12-08 12:00:00,open_meteo_indoor_controlled_daily_values,NRG Stadium,29.6847,-95.4107,70.0,70.0,70.0,70.0,70.0,70.0,70.0,0.0,0.0,0.0,0.0,,,
2019_REG_14_DET_MIN_20191208,WTH_01277,70.0,0.0,0.0,INDOOR,0,2019-12-08 12:00:00,open_meteo_indoor_controlled_daily_values,U.S. Bank Stadium,44.9738,-93.2575,70.0,70.0,70.0,70.0,70.0,70.0,70.0,0.0,0.0,0.0,0.0,,,
2019_REG_14_IND_TB_20191208,WTH_01278,66.5,0.0,9.1,WMO_3,0,2019-12-08 12:00:00,open_meteo_daily_by_venue_coordinates,Raymond James Stadium,27.9759,-82.5033,78.4,57.8,66.5,65.7,79.0,57.1,65.7,0.0,0.0,0.0,18.1,81.0,10.68,3.0
2019_REG_14_KC_NE_20191208,WTH_01279,20.7,0.0,8.9,WMO_3,0,2019-12-08 12:00:00,open_meteo_daily_by_venue_coordinates,Gillette Stadium,42.0909,-71.2643,34.2,7.2,20.7,12.3,25.1,-1.9,12.3,0.0,0.0,0.656,21.9,250.0,8.59,3.0
2019_REG_14_LAC_JAX_20191208,WTH_01280,62.2,0.012,16.0,WMO_51|PRECIP,0,2019-12-08 12:00:00,open_meteo_daily_by_venue_coordinates,TIAA Bank Stadium,30.3239,-81.6373,69.5,58.1,62.2,60.1,67.4,54.6,60.1,0.012,0.0,0.0,28.0,43.0,9.78,51.0
2019_REG_14_MIA_NYJ_20191208,WTH_01281,30.6,0.0,11.2,WMO_3,0,2019-12-08 12:00:00,open_meteo_daily_by_venue_coordinates,MetLife Stadium,40.8135,-74.0745,39.8,23.4,30.6,23.1,30.4,16.7,23.1,0.0,0.0,0.197,21.9,195.0,8.02,3.0
2019_REG_14_NYG_PHI_20191209,WTH_01282,44.4,0.398,13.3,WMO_61|PRECIP,0,2019-12-09 12:00:00,open_meteo_daily_by_venue_coordinates,Lincoln Financial Field,39.9008,-75.1675,50.7,33.0,44.4,39.8,45.9,26.2,39.8,0.398,0.0,0.0,23.3,187.0,1.99,61.0
2019_REG_14_PIT_ARI_20191208,WTH_01283,70.0,0.0,0.0,INDOOR,0,2019-12-08 12:00:00,open_meteo_indoor_controlled_daily_values,State Farm Stadium,33.5276,-112.2626,70.0,70.0,70.0,70.0,70.0,70.0,70.0,0.0,0.0,0.0,0.0,,,
2019_REG_14_SEA_LAR_20191208,WTH_01284,59.1,0.142,13.7,WMO_53|PRECIP,0,2019-12-08 12:00:00,open_meteo_daily_by_venue_coordinates,Los Angeles Memorial Coliseum,34.0141,-118.2879,61.9,56.3,59.1,59.4,64.0,56.0,59.4,0.142,0.0,0.0,24.6,228.0,5.53,53.0
2019_REG_14_SF_NO_20191208,WTH_01285,70.0,0.0,0.0,INDOOR,0,2019-12-08 12:00:00,open_meteo_indoor_controlled_daily_values,Caesars Superdome,29.9511,-90.0812,70.0,70.0,70.0,70.0,70.0,70.0,70.0,0.0,0.0,0.0,0.0,,,
2019_REG_14_TEN_LV_20191208,WTH_01286,55.6,0.594,13.6,WMO_63|PRECIP,1,2019-12-08 12:00:00,open_meteo_daily_by_venue_coordinates,Ring Central Coliseum,37.7516,-122.2005,58.5,53.4,55.6,53.9,57.1,51.6,53.9,0.594,0.0,0.0,36.9,208.0,6.06,63.0
2019_REG_14_WSH_GB_20191208,WTH_01287,35.2,0.0,17.0,WMO_3,0,2019-12-08 12:00:00,open_meteo_daily_by_venue_coordinates,Lambeau Field,44.5013,-88.0622,40.4,29.6,35.2,25.6,33.7,21.9,25.6,0.0,0.0,0.459,32.4,212.0,6.3,3.0
2019_REG_15_ATL_SF_20191215,WTH_01288,50.4,0.047,10.5,WMO_53|PRECIP,0,2019-12-15 12:00:00,open_meteo_daily_by_venue_coordinates,Levi's Stadium,37.403,-121.97,54.6,46.1,50.4,46.4,50.2,42.7,46.4,0.047,0.0,0.0,22.8,303.0,9.32,53.0
2019_REG_15_BUF_PIT_20191215,WTH_01289,34.2,0.059,16.0,WMO_71|SNOW,1,2019-12-15 12:00:00,open_meteo_daily_by_venue_coordinates,Acrisure Stadium,40.4468,-80.0158,37.0,30.2,34.2,25.3,29.4,21.3,25.3,0.055,0.028,0.033,32.7,270.0,3.47,71.0
2019_REG_15_CHI_GB_20191215,WTH_01290,16.0,0.008,10.3,WMO_71|SNOW,1,2019-12-15 12:00:00,open_meteo_daily_by_venue_coordinates,Lambeau Field,44.5013,-88.0622,23.5,3.8,16.0,7.2,14.6,-5.2,7.2,0.0,0.055,0.525,19.0,277.0,7.36,71.0
2019_REG_15_CLE_ARI_20191215,WTH_01291,70.0,0.0,0.0,INDOOR,0,2019-12-15 12:00:00,open_meteo_indoor_controlled_daily_values,State Farm Stadium,33.5276,-112.2626,70.0,70.0,70.0,70.0,70.0,70.0,70.0,0.0,0.0,0.0,0.0,,,
2019_REG_15_DEN_KC_20191215,WTH_01292,24.5,0.398,9.6,WMO_75|SNOW,1,2019-12-15 12:00:00,open_meteo_daily_by_venue_coordinates,Arrowhead Stadium,39.0489,-94.4839,25.8,22.9,24.5,16.3,17.5,15.3,16.3,0.0,2.811,0.131,21.0,53.0,1.45,75.0
2019_REG_15_HOU_TEN_20191215,WTH_01293,44.9,0.0,6.5,WMO_3,0,2019-12-15 12:00:00,open_meteo_daily_by_venue_coordinates,Nissan Stadium,36.1665,-86.7713,51.7,40.1,44.9,40.5,47.1,35.0,40.5,0.0,0.0,0.0,14.1,32.0,6.09,3.0
2019_REG_15_IND_NO_20191216,WTH_01294,70.0,0.0,0.0,INDOOR,0,2019-12-16 12:00:00,open_meteo_indoor_controlled_daily_values,Caesars Superdome,29.9511,-90.0812,70.0,70.0,70.0,70.0,70.0,70.0,70.0,0.0,0.0,0.0,0.0,,,
2019_REG_15_JAX_LV_20191215,WTH_01295,49.2,0.035,11.9,WMO_53|PRECIP,0,2019-12-15 12:00:00,open_meteo_daily_by_venue_coordinates,Ring Central Coliseum,37.7516,-122.2005,54.8,42.0,49.2,44.5,51.8,38.0,44.5,0.035,0.0,0.0,28.0,298.0,9.88,53.0
2019_REG_15_LAR_DAL_20191215,WTH_01296,70.0,0.0,0.0,INDOOR,0,2019-12-15 12:00:00,open_meteo_indoor_controlled_daily_values,AT&T Stadium,32.7473,-97.0945,70.0,70.0,70.0,70.0,70.0,70.0,70.0,0.0,0.0,0.0,0.0,,,
2019_REG_15_MIA_NYG_20191215,WTH_01297,43.6,0.0,19.8,WMO_3,1,2019-12-15 12:00:00,open_meteo_daily_by_venue_coordinates,MetLife Stadium,40.8135,-74.0745,50.0,38.6,43.6,33.5,43.6,28.8,33.5,0.0,0.0,0.0,36.7,265.0,7.09,3.0
2019_REG_15_MIN_LAC_20191215,WTH_01298,54.8,0.0,25.4,WMO_3|WINDY,1,2019-12-15 12:00:00,open_meteo_daily_by_venue_coordinates,StubHub Center,33.8644,-118.2611,59.5,50.4,54.8,47.0,57.6,40.3,47.0,0.0,0.0,0.0,40.0,315.0,11.92,3.0
2019_REG_15_NE_CIN_20191215,WTH_01299,34.6,0.02,12.2,WMO_73|SNOW,1,2019-12-15 12:00:00,open_meteo_daily_by_venue_coordinates,Paycor Stadium,39.0955,-84.516,39.8,29.8,34.6,26.9,32.9,20.0,26.9,0.0,0.138,0.0,25.5,273.0,7.35,73.0
2019_REG_15_NYJ_BAL_20191212,WTH_01300,29.8,0.0,10.6,WMO_3,0,2019-12-12 12:00:00,open_meteo_daily_by_venue_coordinates,M&T Bank Stadium,39.278,-76.6227,35.2,24.4,29.8,22.0,27.5,16.6,22.0,0.0,0.0,0.033,19.5,345.0,9.71,3.0
2019_REG_15_PHI_WSH_20191215,WTH_01301,43.8,0.004,14.1,WMO_51|PRECIP,0,2019-12-15 12:00:00,open_meteo_daily_by_venue_coordinates,Northwest Stadium,38.9078,-76.8644,50.5,38.7,43.8,35.4,41.9,31.4,35.4,0.004,0.0,0.0,34.7,272.0,8.34,51.0
2019_REG_15_SEA_CAR_20191215,WTH_01302,44.8,0.0,8.4,WMO_1,0,2019-12-15 12:00:00,open_meteo_daily_by_venue_coordinates,Bank of America Stadium,35.2258,-80.8528,56.3,36.3,44.8,39.5,51.3,30.7,39.5,0.0,0.0,0.0,23.3,250.0,11.25,1.0
2019_REG_15_TB_DET_20191215,WTH_01303,70.0,0.0,0.0,INDOOR,0,2019-12-15 12:00:00,open_meteo_indoor_controlled_daily_values,Ford Field,42.34,-83.0456,70.0,70.0,70.0,70.0,70.0,70.0,70.0,0.0,0.0,0.0,0.0,,,
2019_REG_16_ARI_SEA_20191222,WTH_01304,42.8,0.008,12.3,WMO_51|PRECIP,0,2019-12-22 12:00:00,open_meteo_daily_by_venue_coordinates,Lumen Field,47.5952,-122.3316,44.9,39.0,42.8,38.1,39.9,34.8,38.1,0.008,0.0,0.0,21.7,108.0,2.14,51.0
2019_REG_16_BAL_CLE_20191222,WTH_01305,38.4,0.0,11.2,WMO_0,0,2019-12-22 12:00:00,open_meteo_daily_by_venue_coordinates,Huntington Bank Field,41.5061,-81.6995,50.9,32.8,38.4,30.6,44.4,24.9,30.6,0.0,0.0,0.197,18.1,210.0,8.2,0.0
2019_REG_16_BUF_NE_20191221,WTH_01306,24.6,0.0,8.6,WMO_3,0,2019-12-21 12:00:00,open_meteo_daily_by_venue_coordinates,Gillette Stadium,42.0909,-71.2643,36.0,17.7,24.6,16.6,28.9,9.9,16.6,0.0,0.0,0.164,17.7,323.0,6.52,3.0
2019_REG_16_CAR_IND_20191222,WTH_01307,70.0,0.0,0.0,INDOOR,0,2019-12-22 12:00:00,open_meteo_indoor_controlled_daily_values,Lucas Oil Stadium,39.7601,-86.1639,70.0,70.0,70.0,70.0,70.0,70.0,70.0,0.0,0.0,0.0,0.0,,,
2019_REG_16_CIN_MIA_20191222,WTH_01308,73.6,0.067,15.5,WMO_51|PRECIP,0,2019-12-22 12:00:00,open_meteo_daily_by_venue_coordinates,Hard Rock Stadium,25.958,-80.2389,76.3,71.4,73.6,73.8,76.8,72.3,73.8,0.067,0.0,0.0,28.9,105.0,3.77,51.0
2019_REG_16_DAL_PHI_20191222,WTH_01309,31.2,0.0,9.3,WMO_3,0,2019-12-22 12:00:00,open_meteo_daily_by_venue_coordinates,Lincoln Financial Field,39.9008,-75.1675,47.8,23.0,31.2,23.9,40.1,15.7,23.9,0.0,0.0,0.0,19.0,241.0,9.19,3.0
2019_REG_16_DET_DEN_20191222,WTH_01310,35.1,0.0,8.1,WMO_3,0,2019-12-22 12:00:00,open_meteo_daily_by_venue_coordinates,Empower Field at Mile High,39.7439,-105.0201,55.8,24.3,35.1,27.3,49.1,14.9,27.3,0.0,0.0,0.23,10.7,179.0,8.85,3.0
2019_REG_16_GB_MIN_20191223,WTH_01311,70.0,0.0,0.0,INDOOR,0,2019-12-23 12:00:00,open_meteo_indoor_controlled_daily_values,U.S. Bank Stadium,44.9738,-93.2575,70.0,70.0,70.0,70.0,70.0,70.0,70.0,0.0,0.0,0.0,0.0,,,
2019_REG_16_HOU_TB_20191221,WTH_01312,68.1,0.028,17.0,WMO_53|PRECIP,0,2019-12-21 12:00:00,open_meteo_daily_by_venue_coordinates,Raymond James Stadium,27.9759,-82.5033,75.0,63.2,68.1,65.6,72.3,61.0,65.6,0.028,0.0,0.0,30.4,79.0,8.7,53.0
2019_REG_16_JAX_ATL_20191222,WTH_01313,70.0,0.0,0.0,INDOOR,0,2019-12-22 12:00:00,open_meteo_indoor_controlled_daily_values,Mercedes-Benz Stadium,33.7554,-84.4009,70.0,70.0,70.0,70.0,70.0,70.0,70.0,0.0,0.0,0.0,0.0,,,
2019_REG_16_KC_CHI_20191222,WTH_01314,37.9,0.0,13.4,WMO_3,0,2019-12-22 12:00:00,open_meteo_daily_by_venue_coordinates,Soldier Field,41.8623,-87.6167,49.4,32.5,37.9,28.8,40.4,23.1,28.8,0.0,0.0,0.0,20.4,216.0,7.98,3.0
2019_REG_16_LAR_SF_20191221,WTH_01315,54.2,0.0,9.3,WMO_3,0,2019-12-21 12:00:00,open_meteo_daily_by_venue_coordinates,Levi's Stadium,37.403,-121.97,62.6,46.4,54.2,51.2,58.1,42.0,51.2,0.0,0.0,0.0,15.9,144.0,6.93,3.0
2019_REG_16_LV_LAC_20191222,WTH_01316,55.9,0.0,13.4,WMO_3,0,2019-12-22 12:00:00,open_meteo_daily_by_venue_coordinates,StubHub Center,33.8644,-118.2611,64.4,47.6,55.9,51.6,60.2,41.8,51.6,0.0,0.0,0.0,21.7,131.0,10.36,3.0
2019_REG_16_NO_TEN_20191222,WTH_01317,44.0,0.051,8.3,WMO_53|PRECIP,0,2019-12-22 12:00:00,open_meteo_daily_by_venue_coordinates,Nissan Stadium,36.1665,-86.7713,49.5,40.3,44.0,39.5,45.0,35.8,39.5,0.051,0.0,0.0,14.1,62.0,3.63,53.0
2019_REG_16_NYG_WSH_20191222,WTH_01318,33.0,0.0,7.0,WMO_3,0,2019-12-22 12:00:00,open_meteo_daily_by_venue_coordinates,Northwest Stadium,38.9078,-76.8644,47.5,26.3,33.0,26.5,41.3,19.6,26.5,0.0,0.0,0.0,15.2,213.0,8.93,3.0
2019_REG_16_PIT_NYJ_20191222,WTH_01319,32.2,0.0,10.6,WMO_2,0,2019-12-22 12:00:00,open_meteo_daily_by_venue_coordinates,MetLife Stadium,40.8135,-74.0745,47.8,24.4,32.2,24.6,38.7,17.3,24.6,0.0,0.0,0.066,20.1,244.0,8.68,2.0
2019_REG_17_ARI_LAR_20191229,WTH_01320,49.6,0.0,6.6,WMO_3,0,2019-12-29 12:00:00,open_meteo_daily_by_venue_coordinates,Los Angeles Memorial Coliseum,34.0141,-118.2879,57.7,43.4,49.6,46.3,55.7,39.0,46.3,0.0,0.0,0.0,11.9,66.0,7.79,3.0
2019_REG_17_ATL_TB_20191229,WTH_01321,73.4,0.295,14.3,WMO_61|PRECIP,0,2019-12-29 12:00:00,open_meteo_daily_by_venue_coordinates,Raymond James Stadium,27.9759,-82.5033,79.7,70.2,73.4,77.4,83.8,73.7,77.4,0.295,0.0,0.0,23.0,150.0,11.88,61.0
2019_REG_17_CHI_MIN_20191229,WTH_01322,70.0,0.0,0.0,INDOOR,0,2019-12-29 12:00:00,open_meteo_indoor_controlled_daily_values,U.S. Bank Stadium,44.9738,-93.2575,70.0,70.0,70.0,70.0,70.0,70.0,70.0,0.0,0.0,0.0,0.0,,,
2019_REG_17_CLE_CIN_20191229,WTH_01323,56.7,0.953,13.4,WMO_63|PRECIP,1,2019-12-29 12:00:00,open_meteo_daily_by_venue_coordinates,Paycor Stadium,39.0955,-84.516,62.1,53.0,56.7,54.5,62.7,49.0,54.5,0.953,0.0,0.0,36.0,156.0,1.66,63.0
2019_REG_17_GB_DET_20191229,WTH_01324,70.0,0.0,0.0,INDOOR,0,2019-12-29 12:00:00,open_meteo_indoor_controlled_daily_values,Ford Field,42.34,-83.0456,70.0,70.0,70.0,70.0,70.0,70.0,70.0,0.0,0.0,0.0,0.0,,,
2019_REG_17_IND_JAX_20191229,WTH_01325,69.7,0.484,11.6,WMO_63|PRECIP,0,2019-12-29 12:00:00,open_meteo_daily_by_venue_coordinates,TIAA Bank Stadium,30.3239,-81.6373,73.7,67.6,69.7,72.8,77.1,70.6,72.8,0.484,0.0,0.0,25.9,147.0,5.26,63.0
2019_REG_17_LAC_KC_20191229,WTH_01326,46.4,0.646,13.9,WMO_65|PRECIP,1,2019-12-29 12:00:00,open_meteo_daily_by_venue_coordinates,Arrowhead Stadium,39.0489,-94.4839,54.6,38.5,46.4,39.9,52.8,28.2,39.9,0.646,0.0,0.0,30.6,226.0,3.53,65.0
2019_REG_17_LV_DEN_20191229,WTH_01327,20.4,0.024,16.0,WMO_71|SNOW,1,2019-12-29 12:00:00,open_meteo_daily_by_venue_coordinates,Empower Field at Mile High,39.7439,-105.0201,29.1,13.5,20.4,11.5,20.3,3.3,11.5,0.0,0.165,0.23,26.4,300.0,9.68,71.0
2019_REG_17_MIA_NE_20191229,WTH_01328,34.7,0.0,8.8,WMO_3,0,2019-12-29 12:00:00,open_meteo_daily_by_venue_coordinates,Gillette Stadium,42.0909,-71.2643,42.0,29.8,34.7,27.6,36.6,21.7,27.6,0.0,0.0,0.0,17.4,305.0,7.43,3.0
2019_REG_17_NO_CAR_20191229,WTH_01329,61.4,0.307,14.5,WMO_63|PRECIP,0,2019-12-29 12:00:00,open_meteo_daily_by_venue_coordinates,Bank of America Stadium,35.2258,-80.8528,68.1,57.4,61.4,61.3,69.2,56.9,61.3,0.307,0.0,0.0,26.6,155.0,3.35,63.0
2019_REG_17_NYJ_BUF_20191229,WTH_01330,38.2,0.402,8.7,WMO_63|PRECIP,0,2019-12-29 12:00:00,open_meteo_daily_by_venue_coordinates,Highmark Stadium,42.7738,-78.7868,45.9,30.6,38.2,32.3,42.4,25.2,32.3,0.402,0.0,0.0,16.6,109.0,1.4,63.0
2019_REG_17_PHI_NYG_20191229,WTH_01331,36.6,0.055,6.4,WMO_53|PRECIP,0,2019-12-29 12:00:00,open_meteo_daily_by_venue_coordinates,MetLife Stadium,40.8135,-74.0745,41.5,30.5,36.6,30.5,36.1,23.5,30.5,0.055,0.0,0.0,13.2,28.0,3.97,53.0
2019_REG_17_PIT_BAL_20191229,WTH_01332,43.2,0.472,7.9,WMO_63|PRECIP,0,2019-12-29 12:00:00,open_meteo_daily_by_venue_coordinates,M&T Bank Stadium,39.278,-76.6227,48.3,38.5,43.2,38.7,44.6,33.3,38.7,0.472,0.0,0.0,15.4,86.0,1.41,63.0
2019_REG_17_SF_SEA_20191229,WTH_01333,43.1,0.004,6.0,WMO_51|PRECIP,0,2019-12-29 12:00:00,open_meteo_daily_by_venue_coordinates,Lumen Field,47.5952,-122.3316,46.7,38.8,43.1,38.9,43.6,33.6,38.9,0.004,0.0,0.0,11.6,158.0,2.65,51.0
2019_REG_17_TEN_HOU_20191229,WTH_01334,70.0,0.0,0.0,INDOOR,0,2019-12-29 12:00:00,open_meteo_indoor_controlled_daily_values,NRG Stadium,29.6847,-95.4107,70.0,70.0,70.0,70.0,70.0,70.0,70.0,0.0,0.0,0.0,0.0,,,
2019_REG_17_WSH_DAL_20191229,WTH_01335,70.0,0.0,0.0,INDOOR,0,2019-12-29 12:00:00,open_meteo_indoor_controlled_daily_values,AT&T Stadium,32.7473,-97.0945,70.0,70.0,70.0,70.0,70.0,70.0,70.0,0.0,0.0,0.0,0.0,,,
2020_CON_20_BUF_KC_20210124,WTH_01336,37.5,0.02,8.3,WMO_51|PRECIP,0,2021-01-24 12:00:00,open_meteo_daily_by_venue_coordinates,Arrowhead Stadium,39.0489,-94.4839,39.6,35.3,37.5,31.2,33.9,28.4,31.2,0.02,0.0,0.033,17.9,125.0,2.81,51.0
2020_CON_20_TB_GB_20210124,WTH_01337,25.6,0.15,9.1,WMO_73|SNOW,1,2021-01-24 12:00:00,open_meteo_daily_by_venue_coordinates,Lambeau Field,44.5013,-88.0622,32.0,18.5,25.6,17.3,23.2,9.3,17.3,0.0,1.047,0.295,19.7,216.0,4.89,73.0
2020_POST_18_BAL_TEN_20210110,WTH_01338,31.7,0.0,4.9,WMO_3,0,2021-01-10 12:00:00,open_meteo_daily_by_venue_coordinates,Nissan Stadium,36.1665,-86.7713,37.6,27.7,31.7,25.3,32.0,20.9,25.3,0.0,0.0,0.0,11.0,31.0,10.31,3.0
2020_POST_18_CHI_NO_20210110,WTH_01339,70.0,0.0,0.0,INDOOR,0,2021-01-10 12:00:00,open_meteo_indoor_controlled_daily_values,Caesars Superdome,29.9511,-90.0812,70.0,70.0,70.0,70.0,70.0,70.0,70.0,0.0,0.0,0.0,0.0,,,
2020_POST_18_CLE_PIT_20210110,WTH_01340,30.6,0.0,6.6,WMO_3,0,2021-01-10 12:00:00,open_meteo_daily_by_venue_coordinates,Acrisure Stadium,40.4468,-80.0158,39.9,25.6,30.6,24.0,34.1,18.0,24.0,0.0,0.0,0.033,13.6,279.0,8.6,3.0
2020_POST_18_IND_BUF_20210109,WTH_01341,26.0,0.0,8.4,WMO_3,0,2021-01-09 12:00:00,open_meteo_daily_by_venue_coordinates,Highmark Stadium,42.7738,-78.7868,34.1,20.4,26.0,18.8,26.3,12.6,18.8,0.0,0.0,0.262,18.1,321.0,6.59,3.0
2020_POST_18_LAR_SEA_20210109,WTH_01342,39.8,0.0,7.6,WMO_3,0,2021-01-09 12:00:00,open_meteo_daily_by_venue_coordinates,Lumen Field,47.5952,-122.3316,46.1,32.0,39.8,35.6,42.7,25.8,35.6,0.0,0.0,0.0,13.2,86.0,5.24,3.0
2020_POST_18_TB_WSH_20210109,WTH_01343,33.0,0.0,11.5,WMO_3,0,2021-01-09 12:00:00,open_meteo_daily_by_venue_coordinates,Northwest Stadium,38.9078,-76.8644,43.2,25.5,33.0,23.7,33.2,15.7,23.7,0.0,0.0,0.0,27.1,336.0,10.49,3.0
2020_POST_19_BAL_BUF_20210116,WTH_01344,33.8,0.114,14.5,WMO_73|SNOW,1,2021-01-16 12:00:00,open_meteo_daily_by_venue_coordinates,Highmark Stadium,42.7738,-78.7868,38.5,29.6,33.8,26.0,29.7,23.1,26.0,0.079,0.248,0.164,29.3,228.0,6.15,73.0
2020_POST_19_CLE_KC_20210117,WTH_01345,31.7,0.0,15.4,WMO_3,0,2021-01-17 12:00:00,open_meteo_daily_by_venue_coordinates,Arrowhead Stadium,39.0489,-94.4839,41.1,25.0,31.7,23.4,31.2,16.8,23.4,0.0,0.0,0.098,32.9,295.0,8.67,3.0
2020_POST_19_LAR_GB_20210116,WTH_01346,34.1,0.205,12.9,WMO_73|SNOW,1,2021-01-16 12:00:00,open_meteo_daily_by_venue_coordinates,Lambeau Field,44.5013,-88.0622,38.0,33.2,34.1,25.9,29.2,24.1,25.9,0.059,1.02,0.23,24.6,356.0,4.11,73.0
2020_POST_19_TB_NO_20210117,WTH_01347,70.0,0.0,0.0,INDOOR,0,2021-01-17 12:00:00,open_meteo_indoor_controlled_daily_values,Caesars Superdome,29.9511,-90.0812,70.0,70.0,70.0,70.0,70.0,70.0,70.0,0.0,0.0,0.0,0.0,,,
2020_POST_21_KC_TB_20210207,WTH_01348,67.5,0.976,16.0,WMO_63|PRECIP,1,2021-02-07 12:00:00,open_meteo_daily_by_venue_coordinates,Raymond James Stadium,27.9759,-82.5033,71.2,61.8,67.5,68.2,72.6,59.7,68.2,0.976,0.0,0.0,29.3,247.0,15.74,63.0
2020_REG_01_ARI_SF_20200913,WTH_01349,65.1,0.0,13.2,WMO_3,0,2020-09-13 12:00:00,open_meteo_daily_by_venue_coordinates,Levi's Stadium,37.403,-121.97,80.8,55.8,65.1,65.0,77.9,56.2,65.0,0.0,0.0,0.0,26.2,334.0,21.33,3.0
2020_REG_01_CHI_DET_20200913,WTH_01350,70.0,0.0,0.0,INDOOR,0,2020-09-13 12:00:00,open_meteo_indoor_controlled_daily_values,Ford Field,42.34,-83.0456,70.0,70.0,70.0,70.0,70.0,70.0,70.0,0.0,0.0,0.0,0.0,,,
2020_REG_01_CLE_BAL_20200913,WTH_01351,68.1,0.02,9.1,WMO_51|PRECIP,0,2020-09-13 12:00:00,open_meteo_daily_by_venue_coordinates,M&T Bank Stadium,39.278,-76.6227,77.2,60.4,68.1,70.5,81.3,61.5,70.5,0.02,0.0,0.0,18.6,110.0,12.18,51.0
2020_REG_01_DAL_LAR_20200913,WTH_01352,70.0,0.0,0.0,INDOOR,0,2020-09-13 12:00:00,open_meteo_indoor_controlled_daily_values,SoFi Stadium,33.9535,-118.3392,70.0,70.0,70.0,70.0,70.0,70.0,70.0,0.0,0.0,0.0,0.0,,,
2020_REG_01_GB_MIN_20200913,WTH_01353,70.0,0.0,0.0,INDOOR,0,2020-09-13 12:00:00,open_meteo_indoor_controlled_daily_values,U.S. Bank Stadium,44.9738,-93.2575,70.0,70.0,70.0,70.0,70.0,70.0,70.0,0.0,0.0,0.0,0.0,,,
2020_REG_01_HOU_KC_20200910,WTH_01354,56.6,0.681,10.1,WMO_61|PRECIP,1,2020-09-10 12:00:00,open_meteo_daily_by_venue_coordinates,Arrowhead Stadium,39.0489,-94.4839,60.4,54.2,56.6,54.6,59.4,52.0,54.6,0.681,0.0,0.0,21.0,17.0,4.06,61.0
2020_REG_01_IND_JAX_20200913,WTH_01355,80.9,0.157,15.5,WMO_53|PRECIP,0,2020-09-13 12:00:00,open_meteo_daily_by_venue_coordinates,TIAA Bank Stadium,30.3239,-81.6373,87.4,76.3,80.9,87.1,91.6,83.1,87.1,0.157,0.0,0.0,27.1,102.0,17.32,53.0
2020_REG_01_LAC_CIN_20200913,WTH_01356,75.6,0.823,8.6,WMO_63|PRECIP,1,2020-09-13 12:00:00,open_meteo_daily_by_venue_coordinates,Paycor Stadium,39.0955,-84.516,82.2,70.8,75.6,80.8,87.2,75.8,80.8,0.823,0.0,0.0,17.9,244.0,16.25,63.0
2020_REG_01_LV_CAR_20200913,WTH_01357,73.8,0.008,10.1,WMO_51|PRECIP,0,2020-09-13 12:00:00,open_meteo_daily_by_venue_coordinates,Bank of America Stadium,35.2258,-80.8528,84.7,65.2,73.8,77.9,91.3,68.1,77.9,0.008,0.0,0.0,17.2,74.0,18.22,51.0
2020_REG_01_MIA_NE_20200913,WTH_01358,61.8,0.0,11.9,WMO_3,0,2020-09-13 12:00:00,open_meteo_daily_by_venue_coordinates,Gillette Stadium,42.0909,-71.2643,73.4,53.3,61.8,60.2,71.5,50.7,60.2,0.0,0.0,0.0,28.4,154.0,18.62,3.0
2020_REG_01_NYJ_BUF_20200913,WTH_01359,68.1,0.492,18.8,WMO_65|PRECIP,1,2020-09-13 12:00:00,open_meteo_daily_by_venue_coordinates,Highmark Stadium,42.7738,-78.7868,71.8,65.7,68.1,65.1,69.5,62.6,65.1,0.492,0.0,0.0,36.9,193.0,11.51,65.0
2020_REG_01_PHI_WSH_20200913,WTH_01360,68.3,0.004,7.7,WMO_51|PRECIP,0,2020-09-13 12:00:00,open_meteo_daily_by_venue_coordinates,Northwest Stadium,38.9078,-76.8644,79.7,60.6,68.3,70.6,84.8,61.4,70.6,0.004,0.0,0.0,16.6,99.0,11.7,51.0
2020_REG_01_PIT_NYG_20200914,WTH_01361,70.5,0.0,12.9,WMO_3,0,2020-09-14 12:00:00,open_meteo_daily_by_venue_coordinates,MetLife Stadium,40.8135,-74.0745,76.9,65.3,70.5,70.3,75.3,64.6,70.3,0.0,0.0,0.0,24.6,315.0,20.33,3.0
2020_REG_01_SEA_ATL_20200913,WTH_01362,70.0,0.0,0.0,INDOOR,0,2020-09-13 12:00:00,open_meteo_indoor_controlled_daily_values,Mercedes-Benz Stadium,33.7554,-84.4009,70.0,70.0,70.0,70.0,70.0,70.0,70.0,0.0,0.0,0.0,0.0,,,
2020_REG_01_TB_NO_20200913,WTH_01363,70.0,0.0,0.0,INDOOR,0,2020-09-13 12:00:00,open_meteo_indoor_controlled_daily_values,Caesars Superdome,29.9511,-90.0812,70.0,70.0,70.0,70.0,70.0,70.0,70.0,0.0,0.0,0.0,0.0,,,
2020_REG_01_TEN_DEN_20200914,WTH_01364,63.9,0.0,6.2,WMO_0,0,2020-09-14 12:00:00,open_meteo_daily_by_venue_coordinates,Empower Field at Mile High,39.7439,-105.0201,84.9,46.8,63.9,60.4,82.5,42.4,60.4,0.0,0.0,0.0,11.4,248.0,22.53,0.0
2020_REG_02_ATL_DAL_20200920,WTH_01365,70.0,0.0,0.0,INDOOR,0,2020-09-20 12:00:00,open_meteo_indoor_controlled_daily_values,AT&T Stadium,32.7473,-97.0945,70.0,70.0,70.0,70.0,70.0,70.0,70.0,0.0,0.0,0.0,0.0,,,
2020_REG_02_BAL_HOU_20200920,WTH_01366,70.0,0.0,0.0,INDOOR,0,2020-09-20 12:00:00,open_meteo_indoor_controlled_daily_values,NRG Stadium,29.6847,-95.4107,70.0,70.0,70.0,70.0,70.0,70.0,70.0,0.0,0.0,0.0,0.0,,,
2020_REG_02_BUF_MIA_20200920,WTH_01367,81.5,0.433,4.9,WMO_63|PRECIP,0,2020-09-20 12:00:00,open_meteo_daily_by_venue_coordinates,Hard Rock Stadium,25.958,-80.2389,88.7,76.3,81.5,93.0,101.8,87.1,93.0,0.433,0.0,0.0,16.3,51.0,17.98,63.0
2020_REG_02_CAR_TB_20200920,WTH_01368,78.1,1.157,20.6,WMO_65|PRECIP|WINDY,1,2020-09-20 12:00:00,open_meteo_daily_by_venue_coordinates,Raymond James Stadium,27.9759,-82.5033,82.8,75.7,78.1,82.5,87.1,79.2,82.5,1.157,0.0,0.0,33.8,35.0,8.63,65.0
2020_REG_02_CIN_CLE_20200917,WTH_01369,64.1,0.0,15.4,WMO_3,0,2020-09-17 12:00:00,open_meteo_daily_by_venue_coordinates,Huntington Bank Field,41.5061,-81.6995,69.0,63.1,64.1,61.6,67.6,58.6,61.6,0.0,0.0,0.0,25.3,24.0,15.97,3.0
2020_REG_02_DEN_PIT_20200920,WTH_01370,54.0,0.0,6.3,WMO_1,0,2020-09-20 12:00:00,open_meteo_daily_by_venue_coordinates,Acrisure Stadium,40.4468,-80.0158,66.4,42.5,54.0,49.3,62.3,37.1,49.3,0.0,0.0,0.0,15.9,59.0,21.06,1.0
2020_REG_02_DET_GB_20200920,WTH_01371,56.5,0.0,11.3,WMO_3,0,2020-09-20 12:00:00,open_meteo_daily_by_venue_coordinates,Lambeau Field,44.5013,-88.0622,69.2,46.8,56.5,52.2,65.0,42.9,52.2,0.0,0.0,0.0,23.0,179.0,18.46,3.0
2020_REG_02_JAX_TEN_20200920,WTH_01372,64.4,0.0,6.3,WMO_2,0,2020-09-20 12:00:00,open_meteo_daily_by_venue_coordinates,Nissan Stadium,36.1665,-86.7713,75.7,55.0,64.4,64.1,76.3,53.9,64.1,0.0,0.0,0.0,15.4,44.0,19.53,2.0
2020_REG_02_KC_LAC_20200920,WTH_01373,70.0,0.0,0.0,INDOOR,0,2020-09-20 12:00:00,open_meteo_indoor_controlled_daily_values,SoFi Stadium,33.9535,-118.3392,70.0,70.0,70.0,70.0,70.0,70.0,70.0,0.0,0.0,0.0,0.0,,,
2020_REG_02_LAR_PHI_20200920,WTH_01374,55.1,0.0,10.9,WMO_0,0,2020-09-20 12:00:00,open_meteo_daily_by_venue_coordinates,Lincoln Financial Field,39.9008,-75.1675,64.7,47.7,55.1,49.4,58.9,41.6,49.4,0.0,0.0,0.0,21.5,39.0,20.99,0.0
2020_REG_02_MIN_IND_20200920,WTH_01375,70.0,0.0,0.0,INDOOR,0,2020-09-20 12:00:00,open_meteo_indoor_controlled_daily_values,Lucas Oil Stadium,39.7601,-86.1639,70.0,70.0,70.0,70.0,70.0,70.0,70.0,0.0,0.0,0.0,0.0,,,
2020_REG_02_NE_SEA_20200920,WTH_01376,62.8,0.091,6.2,WMO_51|PRECIP,0,2020-09-20 12:00:00,open_meteo_daily_by_venue_coordinates,Lumen Field,47.5952,-122.3316,69.0,58.8,62.8,63.8,69.6,60.3,63.8,0.091,0.0,0.0,14.5,226.0,12.83,51.0
2020_REG_02_NO_LV_20200921,WTH_01377,70.0,0.0,0.0,INDOOR,0,2020-09-21 12:00:00,open_meteo_indoor_controlled_daily_values,Allegiant Stadium,36.0908,-115.183,70.0,70.0,70.0,70.0,70.0,70.0,70.0,0.0,0.0,0.0,0.0,,,
2020_REG_02_NYG_CHI_20200920,WTH_01378,58.3,0.0,11.6,WMO_2,0,2020-09-20 12:00:00,open_meteo_daily_by_venue_coordinates,Soldier Field,41.8623,-87.6167,69.3,49.9,58.3,53.8,63.2,45.0,53.8,0.0,0.0,0.0,20.4,142.0,20.1,2.0
2020_REG_02_SF_NYJ_20200920,WTH_01379,55.2,0.0,11.2,WMO_3,0,2020-09-20 12:00:00,open_meteo_daily_by_venue_coordinates,MetLife Stadium,40.8135,-74.0745,62.8,48.8,55.2,48.7,56.2,42.1,48.7,0.0,0.0,0.0,23.0,29.0,19.59,3.0
2020_REG_02_WSH_ARI_20200920,WTH_01380,70.0,0.0,0.0,INDOOR,0,2020-09-20 12:00:00,open_meteo_indoor_controlled_daily_values,State Farm Stadium,33.5276,-112.2626,70.0,70.0,70.0,70.0,70.0,70.0,70.0,0.0,0.0,0.0,0.0,,,
2020_REG_03_CAR_LAC_20200927,WTH_01381,70.0,0.0,0.0,INDOOR,0,2020-09-27 12:00:00,open_meteo_indoor_controlled_daily_values,SoFi Stadium,33.9535,-118.3392,70.0,70.0,70.0,70.0,70.0,70.0,70.0,0.0,0.0,0.0,0.0,,,
2020_REG_03_CHI_ATL_20200927,WTH_01382,70.0,0.0,0.0,INDOOR,0,2020-09-27 12:00:00,open_meteo_indoor_controlled_daily_values,Mercedes-Benz Stadium,33.7554,-84.4009,70.0,70.0,70.0,70.0,70.0,70.0,70.0,0.0,0.0,0.0,0.0,,,
2020_REG_03_CIN_PHI_20200927,WTH_01383,71.2,0.012,6.8,WMO_51|PRECIP,0,2020-09-27 12:00:00,open_meteo_daily_by_venue_coordinates,Lincoln Financial Field,39.9008,-75.1675,78.6,65.9,71.2,75.9,83.7,70.4,75.9,0.012,0.0,0.0,12.1,114.0,8.28,51.0
2020_REG_03_DAL_SEA_20200927,WTH_01384,57.6,0.0,8.1,WMO_3,0,2020-09-27 12:00:00,open_meteo_daily_by_venue_coordinates,Lumen Field,47.5952,-122.3316,64.0,53.8,57.6,57.0,62.9,52.9,57.0,0.0,0.0,0.0,26.6,197.0,13.77,3.0
2020_REG_03_DET_ARI_20200927,WTH_01385,70.0,0.0,0.0,INDOOR,0,2020-09-27 12:00:00,open_meteo_indoor_controlled_daily_values,State Farm Stadium,33.5276,-112.2626,70.0,70.0,70.0,70.0,70.0,70.0,70.0,0.0,0.0,0.0,0.0,,,
2020_REG_03_GB_NO_20200927,WTH_01386,70.0,0.0,0.0,INDOOR,0,2020-09-27 12:00:00,open_meteo_indoor_controlled_daily_values,Caesars Superdome,29.9511,-90.0812,70.0,70.0,70.0,70.0,70.0,70.0,70.0,0.0,0.0,0.0,0.0,,,
2020_REG_03_HOU_PIT_20200927,WTH_01387,68.1,0.0,10.2,WMO_3,0,2020-09-27 12:00:00,open_meteo_daily_by_venue_coordinates,Acrisure Stadium,40.4468,-80.0158,80.0,58.3,68.1,67.7,79.0,58.1,67.7,0.0,0.0,0.0,22.6,193.0,16.13,3.0
2020_REG_03_KC_BAL_20200928,WTH_01388,70.9,0.024,12.2,WMO_51|PRECIP,0,2020-09-28 12:00:00,open_meteo_daily_by_venue_coordinates,M&T Bank Stadium,39.278,-76.6227,79.6,64.5,70.9,74.7,84.8,67.7,74.7,0.024,0.0,0.0,26.2,180.0,14.5,51.0
2020_REG_03_LAR_BUF_20200927,WTH_01389,69.4,0.0,15.7,WMO_3,0,2020-09-27 12:00:00,open_meteo_daily_by_venue_coordinates,Highmark Stadium,42.7738,-78.7868,78.4,63.6,69.4,67.8,78.6,60.0,67.8,0.0,0.0,0.0,30.6,200.0,17.8,3.0
2020_REG_03_LV_NE_20200927,WTH_01390,68.3,0.028,10.5,WMO_51|PRECIP,0,2020-09-27 12:00:00,open_meteo_daily_by_venue_coordinates,Gillette Stadium,42.0909,-71.2643,77.4,63.0,68.3,70.7,79.0,65.1,70.7,0.028,0.0,0.0,24.8,181.0,10.11,51.0
2020_REG_03_MIA_JAX_20200924,WTH_01391,75.1,0.012,11.6,WMO_51|PRECIP,0,2020-09-24 12:00:00,open_meteo_daily_by_venue_coordinates,TIAA Bank Stadium,30.3239,-81.6373,82.5,69.5,75.1,79.2,86.4,73.6,79.2,0.012,0.0,0.0,21.0,132.0,16.19,51.0
2020_REG_03_NYJ_IND_20200927,WTH_01392,70.0,0.0,0.0,INDOOR,0,2020-09-27 12:00:00,open_meteo_indoor_controlled_daily_values,Lucas Oil Stadium,39.7601,-86.1639,70.0,70.0,70.0,70.0,70.0,70.0,70.0,0.0,0.0,0.0,0.0,,,
2020_REG_03_SF_NYG_20200927,WTH_01393,69.4,0.004,10.5,WMO_51|PRECIP,0,2020-09-27 12:00:00,open_meteo_daily_by_venue_coordinates,MetLife Stadium,40.8135,-74.0745,77.3,64.1,69.4,73.3,81.2,67.7,73.3,0.004,0.0,0.0,19.9,137.0,12.23,51.0
2020_REG_03_TB_DEN_20200927,WTH_01394,59.0,0.0,15.5,WMO_3,0,2020-09-27 12:00:00,open_meteo_daily_by_venue_coordinates,Empower Field at Mile High,39.7439,-105.0201,79.3,49.1,59.0,52.3,68.9,40.2,52.3,0.0,0.0,0.0,31.5,33.0,9.37,3.0
2020_REG_03_TEN_MIN_20200927,WTH_01395,70.0,0.0,0.0,INDOOR,0,2020-09-27 12:00:00,open_meteo_indoor_controlled_daily_values,U.S. Bank Stadium,44.9738,-93.2575,70.0,70.0,70.0,70.0,70.0,70.0,70.0,0.0,0.0,0.0,0.0,,,
2020_REG_03_WSH_CLE_20200927,WTH_01396,71.6,0.0,15.2,WMO_3,0,2020-09-27 12:00:00,open_meteo_daily_by_venue_coordinates,Huntington Bank Field,41.5061,-81.6995,80.8,64.8,71.6,69.8,79.2,62.9,69.8,0.0,0.0,0.0,24.6,194.0,18.26,3.0
2020_REG_04_ARI_CAR_20201004,WTH_01397,58.3,0.0,7.5,WMO_3,0,2020-10-04 12:00:00,open_meteo_daily_by_venue_coordinates,Bank of America Stadium,35.2258,-80.8528,69.9,48.2,58.3,55.8,69.1,44.0,55.8,0.0,0.0,0.0,16.6,50.0,19.32,3.0
2020_REG_04_ATL_GB_20201005,WTH_01398,47.2,0.0,17.2,WMO_2,0,2020-10-05 12:00:00,open_meteo_daily_by_venue_coordinates,Lambeau Field,44.5013,-88.0622,59.9,38.7,47.2,39.7,49.5,33.0,39.7,0.0,0.0,0.0,34.7,202.0,15.89,2.0
2020_REG_04_BAL_WSH_20201004,WTH_01399,54.8,0.0,5.8,WMO_3,0,2020-10-04 12:00:00,open_meteo_daily_by_venue_coordinates,Northwest Stadium,38.9078,-76.8644,66.2,44.2,54.8,52.4,64.7,40.7,52.4,0.0,0.0,0.0,15.7,34.0,17.75,3.0
2020_REG_04_BUF_LV_20201004,WTH_01400,70.0,0.0,0.0,INDOOR,0,2020-10-04 12:00:00,open_meteo_indoor_controlled_daily_values,Allegiant Stadium,36.0908,-115.183,70.0,70.0,70.0,70.0,70.0,70.0,70.0,0.0,0.0,0.0,0.0,,,
2020_REG_04_CLE_DAL_20201004,WTH_01401,70.0,0.0,0.0,INDOOR,0,2020-10-04 12:00:00,open_meteo_indoor_controlled_daily_values,AT&T Stadium,32.7473,-97.0945,70.0,70.0,70.0,70.0,70.0,70.0,70.0,0.0,0.0,0.0,0.0,,,
2020_REG_04_DEN_NYJ_20201001,WTH_01402,63.8,0.0,12.6,WMO_3,0,2020-10-01 12:00:00,open_meteo_daily_by_venue_coordinates,MetLife Stadium,40.8135,-74.0745,71.4,57.4,63.8,60.5,67.8,55.4,60.5,0.0,0.0,0.0,22.6,237.0,15.3,3.0
2020_REG_04_IND_CHI_20201004,WTH_01403,48.8,0.189,16.9,WMO_53|PRECIP,0,2020-10-04 12:00:00,open_meteo_daily_by_venue_coordinates,Soldier Field,41.8623,-87.6167,53.1,43.4,48.8,41.9,49.1,35.3,41.9,0.189,0.0,0.0,26.8,334.0,12.83,53.0
2020_REG_04_JAX_CIN_20201004,WTH_01404,56.0,0.161,10.5,WMO_63|PRECIP,0,2020-10-04 12:00:00,open_meteo_daily_by_venue_coordinates,Paycor Stadium,39.0955,-84.516,64.6,51.3,56.0,52.7,60.8,48.5,52.7,0.161,0.0,0.0,23.0,217.0,6.88,63.0
2020_REG_04_LAC_TB_20201004,WTH_01405,72.8,1.004,12.7,WMO_63|PRECIP,1,2020-10-04 12:00:00,open_meteo_daily_by_venue_coordinates,Raymond James Stadium,27.9759,-82.5033,75.7,70.8,72.8,76.9,81.0,73.3,76.9,1.004,0.0,0.0,21.3,43.0,3.9,63.0
2020_REG_04_MIN_HOU_20201004,WTH_01406,70.0,0.0,0.0,INDOOR,0,2020-10-04 12:00:00,open_meteo_indoor_controlled_daily_values,NRG Stadium,29.6847,-95.4107,70.0,70.0,70.0,70.0,70.0,70.0,70.0,0.0,0.0,0.0,0.0,,,
2020_REG_04_NE_KC_20201005,WTH_01407,55.8,0.0,13.7,WMO_0,0,2020-10-05 12:00:00,open_meteo_daily_by_venue_coordinates,Arrowhead Stadium,39.0489,-94.4839,71.7,46.8,55.8,49.8,65.5,40.0,49.8,0.0,0.0,0.0,29.3,168.0,18.13,0.0
2020_REG_04_NO_DET_20201004,WTH_01408,70.0,0.0,0.0,INDOOR,0,2020-10-04 12:00:00,open_meteo_indoor_controlled_daily_values,Ford Field,42.34,-83.0456,70.0,70.0,70.0,70.0,70.0,70.0,70.0,0.0,0.0,0.0,0.0,,,
2020_REG_04_NYG_LAR_20201004,WTH_01409,70.0,0.0,0.0,INDOOR,0,2020-10-04 12:00:00,open_meteo_indoor_controlled_daily_values,SoFi Stadium,33.9535,-118.3392,70.0,70.0,70.0,70.0,70.0,70.0,70.0,0.0,0.0,0.0,0.0,,,
2020_REG_04_PHI_SF_20201004,WTH_01410,70.7,0.0,12.4,WMO_3,0,2020-10-04 12:00:00,open_meteo_daily_by_venue_coordinates,Levi's Stadium,37.403,-121.97,89.1,59.8,70.7,71.1,84.7,62.6,71.1,0.0,0.0,0.0,22.4,336.0,19.45,3.0
2020_REG_04_SEA_MIA_20201004,WTH_01411,81.5,0.11,13.0,WMO_61|PRECIP,0,2020-10-04 12:00:00,open_meteo_daily_by_venue_coordinates,Hard Rock Stadium,25.958,-80.2389,86.5,77.4,81.5,89.7,95.2,86.3,89.7,0.11,0.0,0.0,25.7,118.0,18.37,61.0
2020_REG_05_ARI_NYJ_20201011,WTH_01412,64.0,0.0,12.9,WMO_3,0,2020-10-11 12:00:00,open_meteo_daily_by_venue_coordinates,MetLife Stadium,40.8135,-74.0745,67.3,61.3,64.0,62.2,65.2,58.9,62.2,0.0,0.0,0.0,22.6,327.0,7.51,3.0
2020_REG_05_BUF_TEN_20201013,WTH_01413,60.9,0.146,11.0,WMO_61|PRECIP,0,2020-10-13 12:00:00,open_meteo_daily_by_venue_coordinates,Nissan Stadium,36.1665,-86.7713,70.6,49.9,60.9,59.8,74.5,47.2,59.8,0.146,0.0,0.0,26.6,357.0,18.41,61.0
2020_REG_05_CAR_ATL_20201011,WTH_01414,70.0,0.0,0.0,INDOOR,0,2020-10-11 12:00:00,open_meteo_indoor_controlled_daily_values,Mercedes-Benz Stadium,33.7554,-84.4009,70.0,70.0,70.0,70.0,70.0,70.0,70.0,0.0,0.0,0.0,0.0,,,
2020_REG_05_CIN_BAL_20201011,WTH_01415,65.4,0.15,10.3,WMO_55|PRECIP,0,2020-10-11 12:00:00,open_meteo_daily_by_venue_coordinates,M&T Bank Stadium,39.278,-76.6227,68.7,60.9,65.4,67.5,72.8,62.6,67.5,0.15,0.0,0.0,18.8,215.0,4.12,55.0
2020_REG_05_IND_CLE_20201011,WTH_01416,60.5,0.055,16.7,WMO_53|PRECIP,0,2020-10-11 12:00:00,open_meteo_daily_by_venue_coordinates,Huntington Bank Field,41.5061,-81.6995,66.2,56.3,60.5,56.9,67.9,53.2,56.9,0.055,0.0,0.0,27.3,46.0,12.97,53.0
2020_REG_05_JAX_HOU_20201011,WTH_01417,70.0,0.0,0.0,INDOOR,0,2020-10-11 12:00:00,open_meteo_indoor_controlled_daily_values,NRG Stadium,29.6847,-95.4107,70.0,70.0,70.0,70.0,70.0,70.0,70.0,0.0,0.0,0.0,0.0,,,
2020_REG_05_LAC_NO_20201012,WTH_01418,70.0,0.0,0.0,INDOOR,0,2020-10-12 12:00:00,open_meteo_indoor_controlled_daily_values,Caesars Superdome,29.9511,-90.0812,70.0,70.0,70.0,70.0,70.0,70.0,70.0,0.0,0.0,0.0,0.0,,,
2020_REG_05_LAR_WSH_20201011,WTH_01419,65.6,0.169,10.2,WMO_55|PRECIP,0,2020-10-11 12:00:00,open_meteo_daily_by_venue_coordinates,Northwest Stadium,38.9078,-76.8644,69.1,62.7,65.6,68.1,74.1,64.4,68.1,0.169,0.0,0.0,22.4,207.0,4.14,55.0
2020_REG_05_LV_KC_20201011,WTH_01420,72.0,0.0,14.6,WMO_0,0,2020-10-11 12:00:00,open_meteo_daily_by_venue_coordinates,Arrowhead Stadium,39.0489,-94.4839,84.0,64.1,72.0,72.8,82.0,64.8,72.8,0.0,0.0,0.0,30.6,152.0,16.73,0.0
2020_REG_05_MIA_SF_20201011,WTH_01421,66.5,0.0,14.4,WMO_3,0,2020-10-11 12:00:00,open_meteo_daily_by_venue_coordinates,Levi's Stadium,37.403,-121.97,79.2,57.0,66.5,65.7,74.6,57.6,65.7,0.0,0.0,0.0,25.9,313.0,16.86,3.0
2020_REG_05_MIN_SEA_20201011,WTH_01422,53.4,0.512,20.0,WMO_63|PRECIP|WINDY,1,2020-10-11 12:00:00,open_meteo_daily_by_venue_coordinates,Lumen Field,47.5952,-122.3316,56.7,51.6,53.4,48.6,55.1,46.1,48.6,0.512,0.0,0.0,34.9,184.0,3.27,63.0
2020_REG_05_NYG_DAL_20201011,WTH_01423,70.0,0.0,0.0,INDOOR,0,2020-10-11 12:00:00,open_meteo_indoor_controlled_daily_values,AT&T Stadium,32.7473,-97.0945,70.0,70.0,70.0,70.0,70.0,70.0,70.0,0.0,0.0,0.0,0.0,,,
2020_REG_05_PHI_PIT_20201011,WTH_01424,64.2,0.024,8.2,WMO_51|PRECIP,0,2020-10-11 12:00:00,open_meteo_daily_by_venue_coordinates,Acrisure Stadium,40.4468,-80.0158,71.2,58.8,64.2,65.7,72.5,60.4,65.7,0.024,0.0,0.0,18.1,116.0,5.42,51.0
2020_REG_05_TB_CHI_20201008,WTH_01425,56.7,0.0,12.9,WMO_0,0,2020-10-08 12:00:00,open_meteo_daily_by_venue_coordinates,Soldier Field,41.8623,-87.6167,64.7,47.3,56.7,53.7,62.5,43.9,53.7,0.0,0.0,0.0,22.1,73.0,16.51,0.0
2020_REG_06_ARI_DAL_20201019,WTH_01426,70.0,0.0,0.0,INDOOR,0,2020-10-19 12:00:00,open_meteo_indoor_controlled_daily_values,AT&T Stadium,32.7473,-97.0945,70.0,70.0,70.0,70.0,70.0,70.0,70.0,0.0,0.0,0.0,0.0,,,
2020_REG_06_ATL_MIN_20201018,WTH_01427,70.0,0.0,0.0,INDOOR,0,2020-10-18 12:00:00,open_meteo_indoor_controlled_daily_values,U.S. Bank Stadium,44.9738,-93.2575,70.0,70.0,70.0,70.0,70.0,70.0,70.0,0.0,0.0,0.0,0.0,,,
2020_REG_06_BAL_PHI_20201018,WTH_01428,52.6,0.0,9.3,WMO_3,0,2020-10-18 12:00:00,open_meteo_daily_by_venue_coordinates,Lincoln Financial Field,39.9008,-75.1675,66.2,39.6,52.6,48.6,62.1,34.6,48.6,0.0,0.0,0.0,17.4,137.0,14.14,3.0
2020_REG_06_CHI_CAR_20201018,WTH_01429,53.4,0.0,7.3,WMO_1,0,2020-10-18 12:00:00,open_meteo_daily_by_venue_coordinates,Bank of America Stadium,35.2258,-80.8528,65.1,44.1,53.4,49.8,64.2,38.8,49.8,0.0,0.0,0.0,13.9,80.0,17.63,1.0
2020_REG_06_CIN_IND_20201018,WTH_01430,70.0,0.0,0.0,INDOOR,0,2020-10-18 12:00:00,open_meteo_indoor_controlled_daily_values,Lucas Oil Stadium,39.7601,-86.1639,70.0,70.0,70.0,70.0,70.0,70.0,70.0,0.0,0.0,0.0,0.0,,,
2020_REG_06_CLE_PIT_20201018,WTH_01431,50.3,0.012,10.7,WMO_51|PRECIP,0,2020-10-18 12:00:00,open_meteo_daily_by_venue_coordinates,Acrisure Stadium,40.4468,-80.0158,62.6,41.9,50.3,43.8,55.3,35.5,43.8,0.012,0.0,0.0,23.9,173.0,10.12,51.0
2020_REG_06_DEN_NE_20201018,WTH_01432,48.7,0.0,7.6,WMO_3,0,2020-10-18 12:00:00,open_meteo_daily_by_venue_coordinates,Gillette Stadium,42.0909,-71.2643,59.7,40.5,48.7,44.0,54.5,35.8,44.0,0.0,0.0,0.0,17.4,128.0,14.45,3.0
2020_REG_06_DET_JAX_20201018,WTH_01433,73.8,0.091,17.3,WMO_53|PRECIP,0,2020-10-18 12:00:00,open_meteo_daily_by_venue_coordinates,TIAA Bank Stadium,30.3239,-81.6373,78.6,71.1,73.8,76.1,80.1,71.5,76.1,0.091,0.0,0.0,30.0,34.0,13.85,53.0
2020_REG_06_GB_TB_20201018,WTH_01434,77.0,0.024,17.5,WMO_51|PRECIP,0,2020-10-18 12:00:00,open_meteo_daily_by_venue_coordinates,Raymond James Stadium,27.9759,-82.5033,85.9,71.8,77.0,80.1,88.9,75.4,80.1,0.024,0.0,0.0,31.1,49.0,17.18,51.0
2020_REG_06_HOU_TEN_20201018,WTH_01435,58.9,0.012,9.8,WMO_51|PRECIP,0,2020-10-18 12:00:00,open_meteo_daily_by_venue_coordinates,Nissan Stadium,36.1665,-86.7713,71.8,51.9,58.9,55.1,71.6,46.4,55.1,0.012,0.0,0.0,17.4,168.0,10.51,51.0
2020_REG_06_KC_BUF_20201019,WTH_01436,52.3,0.335,15.9,WMO_61|PRECIP,0,2020-10-19 12:00:00,open_meteo_daily_by_venue_coordinates,Highmark Stadium,42.7738,-78.7868,56.8,47.2,52.3,48.5,52.6,44.0,48.5,0.335,0.0,0.0,31.8,173.0,2.86,61.0
2020_REG_06_LAR_SF_20201018,WTH_01437,75.6,0.0,10.4,WMO_0,0,2020-10-18 12:00:00,open_meteo_daily_by_venue_coordinates,Levi's Stadium,37.403,-121.97,92.6,67.6,75.6,72.7,86.3,65.0,72.7,0.0,0.0,0.0,19.5,322.0,16.98,0.0
2020_REG_06_NYJ_MIA_20201018,WTH_01438,78.9,0.24,13.3,WMO_63|PRECIP,0,2020-10-18 12:00:00,open_meteo_daily_by_venue_coordinates,Hard Rock Stadium,25.958,-80.2389,84.3,75.6,78.9,84.4,90.9,82.4,84.4,0.24,0.0,0.0,26.8,54.0,15.48,63.0
2020_REG_06_WSH_NYG_20201018,WTH_01439,53.7,0.0,14.7,WMO_3,0,2020-10-18 12:00:00,open_meteo_daily_by_venue_coordinates,MetLife Stadium,40.8135,-74.0745,62.6,46.8,53.7,49.5,55.8,42.8,49.5,0.0,0.0,0.0,28.4,132.0,12.69,3.0
2020_REG_07_BUF_NYJ_20201025,WTH_01440,49.1,0.004,12.8,WMO_51|PRECIP,0,2020-10-25 12:00:00,open_meteo_daily_by_venue_coordinates,MetLife Stadium,40.8135,-74.0745,57.0,44.6,49.1,42.1,50.2,36.7,42.1,0.004,0.0,0.0,23.3,13.0,6.8,51.0
2020_REG_07_CAR_NO_20201025,WTH_01441,70.0,0.0,0.0,INDOOR,0,2020-10-25 12:00:00,open_meteo_indoor_controlled_daily_values,Caesars Superdome,29.9511,-90.0812,70.0,70.0,70.0,70.0,70.0,70.0,70.0,0.0,0.0,0.0,0.0,,,
2020_REG_07_CHI_LAR_20201026,WTH_01442,70.0,0.0,0.0,INDOOR,0,2020-10-26 12:00:00,open_meteo_indoor_controlled_daily_values,SoFi Stadium,33.9535,-118.3392,70.0,70.0,70.0,70.0,70.0,70.0,70.0,0.0,0.0,0.0,0.0,,,
2020_REG_07_CLE_CIN_20201025,WTH_01443,47.0,0.087,8.7,WMO_55|PRECIP,0,2020-10-25 12:00:00,open_meteo_daily_by_venue_coordinates,Paycor Stadium,39.0955,-84.516,52.2,44.0,47.0,41.1,47.0,38.2,41.1,0.087,0.0,0.0,19.0,53.0,6.09,55.0
2020_REG_07_DAL_WSH_20201025,WTH_01444,51.3,0.528,10.0,WMO_63|PRECIP,1,2020-10-25 12:00:00,open_meteo_daily_by_venue_coordinates,Northwest Stadium,38.9078,-76.8644,63.5,45.2,51.3,46.8,62.0,41.3,46.8,0.528,0.0,0.0,22.4,25.0,2.27,63.0
2020_REG_07_DET_ATL_20201025,WTH_01445,70.0,0.0,0.0,INDOOR,0,2020-10-25 12:00:00,open_meteo_indoor_controlled_daily_values,Mercedes-Benz Stadium,33.7554,-84.4009,70.0,70.0,70.0,70.0,70.0,70.0,70.0,0.0,0.0,0.0,0.0,,,
2020_REG_07_GB_HOU_20201025,WTH_01446,70.0,0.0,0.0,INDOOR,0,2020-10-25 12:00:00,open_meteo_indoor_controlled_daily_values,NRG Stadium,29.6847,-95.4107,70.0,70.0,70.0,70.0,70.0,70.0,70.0,0.0,0.0,0.0,0.0,,,
2020_REG_07_JAX_LAC_20201025,WTH_01447,70.0,0.0,0.0,INDOOR,0,2020-10-25 12:00:00,open_meteo_indoor_controlled_daily_values,SoFi Stadium,33.9535,-118.3392,70.0,70.0,70.0,70.0,70.0,70.0,70.0,0.0,0.0,0.0,0.0,,,
2020_REG_07_KC_DEN_20201025,WTH_01448,26.2,0.157,13.1,WMO_73|SNOW,1,2020-10-25 12:00:00,open_meteo_daily_by_venue_coordinates,Empower Field at Mile High,39.7439,-105.0201,47.5,15.4,26.2,16.5,40.6,4.0,16.5,0.004,1.075,0.098,25.9,359.0,5.05,73.0
2020_REG_07_NYG_PHI_20201022,WTH_01449,67.3,0.0,5.7,WMO_3,0,2020-10-22 12:00:00,open_meteo_daily_by_venue_coordinates,Lincoln Financial Field,39.9008,-75.1675,75.5,63.4,67.3,71.5,80.2,66.6,71.5,0.0,0.0,0.0,8.9,211.0,7.37,3.0
2020_REG_07_PIT_TEN_20201025,WTH_01450,56.1,0.028,7.0,WMO_53|PRECIP,0,2020-10-25 12:00:00,open_meteo_daily_by_venue_coordinates,Nissan Stadium,36.1665,-86.7713,66.4,51.8,56.1,54.9,67.3,48.6,54.9,0.028,0.0,0.0,13.9,11.0,10.07,53.0
2020_REG_07_SEA_ARI_20201025,WTH_01451,70.0,0.0,0.0,INDOOR,0,2020-10-25 12:00:00,open_meteo_indoor_controlled_daily_values,State Farm Stadium,33.5276,-112.2626,70.0,70.0,70.0,70.0,70.0,70.0,70.0,0.0,0.0,0.0,0.0,,,
2020_REG_07_SF_NE_20201025,WTH_01452,46.7,0.0,12.0,WMO_3,0,2020-10-25 12:00:00,open_meteo_daily_by_venue_coordinates,Gillette Stadium,42.0909,-71.2643,59.8,40.5,46.7,40.0,54.3,33.0,40.0,0.0,0.0,0.0,26.8,4.0,7.95,3.0
2020_REG_07_TB_LV_20201025,WTH_01453,70.0,0.0,0.0,INDOOR,0,2020-10-25 12:00:00,open_meteo_indoor_controlled_daily_values,Allegiant Stadium,36.0908,-115.183,70.0,70.0,70.0,70.0,70.0,70.0,70.0,0.0,0.0,0.0,0.0,,,
2020_REG_08_ATL_CAR_20201029,WTH_01454,72.4,0.213,30.0,WMO_61|PRECIP|WINDY,1,2020-10-29 12:00:00,open_meteo_daily_by_venue_coordinates,Bank of America Stadium,35.2258,-80.8528,81.5,67.6,72.4,72.9,81.8,68.2,72.9,0.213,0.0,0.0,66.9,197.0,9.93,61.0
2020_REG_08_DAL_PHI_20201101,WTH_01455,47.4,0.374,15.9,WMO_63|PRECIP,0,2020-11-01 12:00:00,open_meteo_daily_by_venue_coordinates,Lincoln Financial Field,39.9008,-75.1675,58.7,37.4,47.4,42.5,52.9,31.9,42.5,0.374,0.0,0.0,28.6,180.0,4.43,63.0
2020_REG_08_IND_DET_20201101,WTH_01456,70.0,0.0,0.0,INDOOR,0,2020-11-01 12:00:00,open_meteo_indoor_controlled_daily_values,Ford Field,42.34,-83.0456,70.0,70.0,70.0,70.0,70.0,70.0,70.0,0.0,0.0,0.0,0.0,,,
2020_REG_08_LAC_DEN_20201101,WTH_01457,42.5,0.0,11.1,WMO_0,0,2020-11-01 12:00:00,open_meteo_daily_by_venue_coordinates,Empower Field at Mile High,39.7439,-105.0201,65.3,26.7,42.5,35.9,59.0,19.5,35.9,0.0,0.0,0.033,20.8,198.0,14.2,0.0
2020_REG_08_LAR_MIA_20201101,WTH_01458,78.3,0.177,7.9,WMO_53|PRECIP,0,2020-11-01 12:00:00,open_meteo_daily_by_venue_coordinates,Hard Rock Stadium,25.958,-80.2389,83.8,75.7,78.3,86.3,93.0,82.8,86.3,0.177,0.0,0.0,17.7,71.0,12.67,53.0
2020_REG_08_LV_CLE_20201101,WTH_01459,46.1,0.189,29.7,WMO_73|SNOW|WINDY,1,2020-11-01 12:00:00,open_meteo_daily_by_venue_coordinates,Huntington Bank Field,41.5061,-81.6995,53.0,39.1,46.1,33.9,43.4,22.6,33.9,0.165,0.165,0.0,52.3,240.0,5.62,73.0
2020_REG_08_MIN_GB_20201101,WTH_01460,38.5,0.043,24.4,WMO_53|PRECIP|WINDY,1,2020-11-01 12:00:00,open_meteo_daily_by_venue_coordinates,Lambeau Field,44.5013,-88.0622,54.0,29.8,38.5,26.0,43.4,16.1,26.0,0.043,0.0,0.0,50.3,290.0,7.9,53.0
2020_REG_08_NE_BUF_20201101,WTH_01461,43.9,0.319,21.1,WMO_71|SNOW|WINDY,1,2020-11-01 12:00:00,open_meteo_daily_by_venue_coordinates,Highmark Stadium,42.7738,-78.7868,49.6,38.4,43.9,32.7,39.3,25.3,32.7,0.315,0.028,0.0,47.4,209.0,3.08,71.0
2020_REG_08_NO_CHI_20201101,WTH_01462,43.0,0.0,25.6,WMO_3|WINDY,1,2020-11-01 12:00:00,open_meteo_daily_by_venue_coordinates,Soldier Field,41.8623,-87.6167,52.9,35.7,43.0,29.4,42.4,20.6,29.4,0.0,0.0,0.0,38.7,278.0,8.28,3.0
2020_REG_08_NYJ_KC_20201101,WTH_01463,48.7,0.0,13.5,WMO_1,0,2020-11-01 12:00:00,open_meteo_daily_by_venue_coordinates,Arrowhead Stadium,39.0489,-94.4839,58.2,39.0,48.7,40.5,53.4,29.9,40.5,0.0,0.0,0.0,26.8,321.0,14.08,1.0
2020_REG_08_PIT_BAL_20201101,WTH_01464,50.0,0.374,16.0,WMO_63|PRECIP,0,2020-11-01 12:00:00,open_meteo_daily_by_venue_coordinates,M&T Bank Stadium,39.278,-76.6227,57.3,46.0,50.0,45.1,54.2,40.9,45.1,0.374,0.0,0.0,28.6,204.0,4.78,63.0
2020_REG_08_SF_SEA_20201101,WTH_01465,48.1,0.0,9.4,WMO_3,0,2020-11-01 12:00:00,open_meteo_daily_by_venue_coordinates,Lumen Field,47.5952,-122.3316,56.1,44.2,48.1,44.1,54.2,39.7,44.1,0.0,0.0,0.0,18.1,14.0,9.43,3.0
2020_REG_08_TB_NYG_20201102,WTH_01466,42.3,0.035,25.4,WMO_53|PRECIP|WINDY,1,2020-11-02 12:00:00,open_meteo_daily_by_venue_coordinates,MetLife Stadium,40.8135,-74.0745,52.0,37.4,42.3,31.1,43.9,26.3,31.1,0.035,0.0,0.0,48.1,291.0,11.42,53.0
2020_REG_08_TEN_CIN_20201101,WTH_01467,49.1,0.008,19.7,WMO_51|PRECIP,1,2020-11-01 12:00:00,open_meteo_daily_by_venue_coordinates,Paycor Stadium,39.0955,-84.516,53.5,39.2,49.1,39.7,45.8,26.8,39.7,0.008,0.0,0.0,41.2,257.0,13.15,51.0
2020_REG_09_BAL_IND_20201108,WTH_01468,70.0,0.0,0.0,INDOOR,0,2020-11-08 12:00:00,open_meteo_indoor_controlled_daily_values,Lucas Oil Stadium,39.7601,-86.1639,70.0,70.0,70.0,70.0,70.0,70.0,70.0,0.0,0.0,0.0,0.0,,,
2020_REG_09_CAR_KC_20201108,WTH_01469,64.8,0.0,18.1,WMO_3,1,2020-11-08 12:00:00,open_meteo_daily_by_venue_coordinates,Arrowhead Stadium,39.0489,-94.4839,73.3,60.1,64.8,61.3,69.3,55.8,61.3,0.0,0.0,0.0,38.5,171.0,7.1,3.0
2020_REG_09_CHI_TEN_20201108,WTH_01470,65.4,0.0,8.9,WMO_3,0,2020-11-08 12:00:00,open_meteo_daily_by_venue_coordinates,Nissan Stadium,36.1665,-86.7713,77.4,55.4,65.4,65.9,78.0,54.3,65.9,0.0,0.0,0.0,17.9,120.0,12.64,3.0
2020_REG_09_DEN_ATL_20201108,WTH_01471,70.0,0.0,0.0,INDOOR,0,2020-11-08 12:00:00,open_meteo_indoor_controlled_daily_values,Mercedes-Benz Stadium,33.7554,-84.4009,70.0,70.0,70.0,70.0,70.0,70.0,70.0,0.0,0.0,0.0,0.0,,,
2020_REG_09_DET_MIN_20201108,WTH_01472,70.0,0.0,0.0,INDOOR,0,2020-11-08 12:00:00,open_meteo_indoor_controlled_daily_values,U.S. Bank Stadium,44.9738,-93.2575,70.0,70.0,70.0,70.0,70.0,70.0,70.0,0.0,0.0,0.0,0.0,,,
2020_REG_09_GB_SF_20201105,WTH_01473,64.9,0.0,10.1,WMO_0,0,2020-11-05 12:00:00,open_meteo_daily_by_venue_coordinates,Levi's Stadium,37.403,-121.97,76.2,55.6,64.9,64.9,72.9,55.2,64.9,0.0,0.0,0.0,19.9,300.0,13.86,0.0
2020_REG_09_HOU_JAX_20201108,WTH_01474,74.8,0.047,19.9,WMO_51|PRECIP,0,2020-11-08 12:00:00,open_meteo_daily_by_venue_coordinates,TIAA Bank Stadium,30.3239,-81.6373,79.8,71.4,74.8,76.0,80.7,73.8,76.0,0.047,0.0,0.0,33.6,73.0,11.02,51.0
2020_REG_09_LV_LAC_20201108,WTH_01475,70.0,0.0,0.0,INDOOR,0,2020-11-08 12:00:00,open_meteo_indoor_controlled_daily_values,SoFi Stadium,33.9535,-118.3392,70.0,70.0,70.0,70.0,70.0,70.0,70.0,0.0,0.0,0.0,0.0,,,
2020_REG_09_MIA_ARI_20201108,WTH_01476,70.0,0.0,0.0,INDOOR,0,2020-11-08 12:00:00,open_meteo_indoor_controlled_daily_values,State Farm Stadium,33.5276,-112.2626,70.0,70.0,70.0,70.0,70.0,70.0,70.0,0.0,0.0,0.0,0.0,,,
2020_REG_09_NE_NYJ_20201109,WTH_01477,55.7,0.0,5.6,WMO_0,0,2020-11-09 12:00:00,open_meteo_daily_by_venue_coordinates,MetLife Stadium,40.8135,-74.0745,70.3,45.8,55.7,53.8,70.5,41.8,53.8,0.0,0.0,0.0,9.4,278.0,11.55,0.0
2020_REG_09_NO_TB_20201108,WTH_01478,76.2,0.047,22.9,WMO_51|PRECIP|WINDY,1,2020-11-08 12:00:00,open_meteo_daily_by_venue_coordinates,Raymond James Stadium,27.9759,-82.5033,82.3,73.2,76.2,76.2,80.2,74.3,76.2,0.047,0.0,0.0,39.6,64.0,8.15,51.0
2020_REG_09_NYG_WSH_20201108,WTH_01479,57.8,0.0,5.3,WMO_0,0,2020-11-08 12:00:00,open_meteo_daily_by_venue_coordinates,Northwest Stadium,38.9078,-76.8644,71.9,46.0,57.8,57.2,74.1,42.5,57.2,0.0,0.0,0.0,11.0,239.0,12.3,0.0
2020_REG_09_PIT_DAL_20201108,WTH_01480,70.0,0.0,0.0,INDOOR,0,2020-11-08 12:00:00,open_meteo_indoor_controlled_daily_values,AT&T Stadium,32.7473,-97.0945,70.0,70.0,70.0,70.0,70.0,70.0,70.0,0.0,0.0,0.0,0.0,,,
2020_REG_09_SEA_BUF_20201108,WTH_01481,56.9,0.0,9.7,WMO_1,0,2020-11-08 12:00:00,open_meteo_daily_by_venue_coordinates,Highmark Stadium,42.7738,-78.7868,65.8,51.3,56.9,52.8,63.3,46.2,52.8,0.0,0.0,0.0,18.1,201.0,10.91,1.0
2020_REG_10_BAL_NE_20201115,WTH_01482,38.9,0.0,12.9,WMO_3,0,2020-11-15 12:00:00,open_meteo_daily_by_venue_coordinates,Gillette Stadium,42.0909,-71.2643,49.9,31.5,38.9,32.0,42.6,25.0,32.0,0.0,0.0,0.0,28.2,198.0,8.79,3.0
2020_REG_10_BUF_ARI_20201115,WTH_01483,70.0,0.0,0.0,INDOOR,0,2020-11-15 12:00:00,open_meteo_indoor_controlled_daily_values,State Farm Stadium,33.5276,-112.2626,70.0,70.0,70.0,70.0,70.0,70.0,70.0,0.0,0.0,0.0,0.0,,,
2020_REG_10_CIN_PIT_20201115,WTH_01484,50.3,0.146,24.5,WMO_61|PRECIP|WINDY,1,2020-11-15 12:00:00,open_meteo_daily_by_venue_coordinates,Acrisure Stadium,40.4468,-80.0158,61.8,41.2,50.3,42.1,53.9,33.8,42.1,0.146,0.0,0.0,56.4,189.0,2.29,61.0
2020_REG_10_DEN_LV_20201115,WTH_01485,70.0,0.0,0.0,INDOOR,0,2020-11-15 12:00:00,open_meteo_indoor_controlled_daily_values,Allegiant Stadium,36.0908,-115.183,70.0,70.0,70.0,70.0,70.0,70.0,70.0,0.0,0.0,0.0,0.0,,,
2020_REG_10_HOU_CLE_20201115,WTH_01486,49.6,0.358,31.6,WMO_61|PRECIP|WINDY,1,2020-11-15 12:00:00,open_meteo_daily_by_venue_coordinates,Huntington Bank Field,41.5061,-81.6995,57.3,45.0,49.6,37.4,44.9,30.7,37.4,0.358,0.0,0.0,54.1,191.0,2.98,61.0
2020_REG_10_IND_TEN_20201112,WTH_01487,52.0,0.0,7.4,WMO_2,0,2020-11-12 12:00:00,open_meteo_daily_by_venue_coordinates,Nissan Stadium,36.1665,-86.7713,61.3,45.0,52.0,46.9,56.4,39.1,46.9,0.0,0.0,0.0,15.4,10.0,13.77,2.0
2020_REG_10_JAX_GB_20201115,WTH_01488,41.4,0.48,26.0,WMO_61|PRECIP|WINDY,1,2020-11-15 12:00:00,open_meteo_daily_by_venue_coordinates,Lambeau Field,44.5013,-88.0622,47.1,35.7,41.4,31.8,43.1,21.7,31.8,0.48,0.0,0.0,50.6,236.0,2.92,61.0
2020_REG_10_LAC_MIA_20201115,WTH_01489,77.0,0.028,8.7,WMO_51|PRECIP,0,2020-11-15 12:00:00,open_meteo_daily_by_venue_coordinates,Hard Rock Stadium,25.958,-80.2389,83.2,72.7,77.0,83.9,89.3,78.6,83.9,0.028,0.0,0.0,18.6,106.0,14.51,51.0
2020_REG_10_MIN_CHI_20201116,WTH_01490,36.9,0.031,26.4,WMO_53|PRECIP|WINDY,1,2020-11-16 12:00:00,open_meteo_daily_by_venue_coordinates,Soldier Field,41.8623,-87.6167,46.0,30.9,36.9,26.4,38.5,20.4,26.4,0.031,0.0,0.0,38.5,261.0,9.57,53.0
2020_REG_10_PHI_NYG_20201115,WTH_01491,46.4,0.0,24.2,WMO_3|WINDY,1,2020-11-15 12:00:00,open_meteo_daily_by_venue_coordinates,MetLife Stadium,40.8135,-74.0745,59.6,37.1,46.4,39.4,50.3,31.7,39.4,0.0,0.0,0.0,42.1,144.0,6.17,3.0
2020_REG_10_SEA_LAR_20201115,WTH_01492,70.0,0.0,0.0,INDOOR,0,2020-11-15 12:00:00,open_meteo_indoor_controlled_daily_values,SoFi Stadium,33.9535,-118.3392,70.0,70.0,70.0,70.0,70.0,70.0,70.0,0.0,0.0,0.0,0.0,,,
2020_REG_10_SF_NO_20201115,WTH_01493,70.0,0.0,0.0,INDOOR,0,2020-11-15 12:00:00,open_meteo_indoor_controlled_daily_values,Caesars Superdome,29.9511,-90.0812,70.0,70.0,70.0,70.0,70.0,70.0,70.0,0.0,0.0,0.0,0.0,,,
2020_REG_10_TB_CAR_20201115,WTH_01494,62.6,0.028,19.4,WMO_51|PRECIP,1,2020-11-15 12:00:00,open_meteo_daily_by_venue_coordinates,Bank of America Stadium,35.2258,-80.8528,73.2,55.8,62.6,60.2,69.2,52.8,60.2,0.028,0.0,0.0,37.1,187.0,7.78,51.0
2020_REG_10_WSH_DET_20201115,WTH_01495,70.0,0.0,0.0,INDOOR,0,2020-11-15 12:00:00,open_meteo_indoor_controlled_daily_values,Ford Field,42.34,-83.0456,70.0,70.0,70.0,70.0,70.0,70.0,70.0,0.0,0.0,0.0,0.0,,,
2020_REG_11_ARI_SEA_20201119,WTH_01496,45.6,0.063,18.3,WMO_53|PRECIP,0,2020-11-19 12:00:00,open_meteo_daily_by_venue_coordinates,Lumen Field,47.5952,-122.3316,48.1,43.8,45.6,37.4,39.2,36.7,37.4,0.063,0.0,0.0,34.2,196.0,5.12,53.0
2020_REG_11_ATL_NO_20201122,WTH_01497,70.0,0.0,0.0,INDOOR,0,2020-11-22 12:00:00,open_meteo_indoor_controlled_daily_values,Caesars Superdome,29.9511,-90.0812,70.0,70.0,70.0,70.0,70.0,70.0,70.0,0.0,0.0,0.0,0.0,,,
2020_REG_11_CIN_WSH_20201122,WTH_01498,53.0,0.0,9.1,WMO_3,0,2020-11-22 12:00:00,open_meteo_daily_by_venue_coordinates,Northwest Stadium,38.9078,-76.8644,58.5,48.0,53.0,48.6,56.4,41.0,48.6,0.0,0.0,0.0,20.4,62.0,5.46,3.0
2020_REG_11_DAL_MIN_20201122,WTH_01499,70.0,0.0,0.0,INDOOR,0,2020-11-22 12:00:00,open_meteo_indoor_controlled_daily_values,U.S. Bank Stadium,44.9738,-93.2575,70.0,70.0,70.0,70.0,70.0,70.0,70.0,0.0,0.0,0.0,0.0,,,
2020_REG_11_DET_CAR_20201122,WTH_01500,53.2,0.118,6.6,WMO_53|PRECIP,0,2020-11-22 12:00:00,open_meteo_daily_by_venue_coordinates,Bank of America Stadium,35.2258,-80.8528,60.3,44.8,53.2,51.8,59.9,42.2,51.8,0.118,0.0,0.0,9.6,133.0,3.33,53.0
2020_REG_11_GB_IND_20201122,WTH_01501,70.0,0.0,0.0,INDOOR,0,2020-11-22 12:00:00,open_meteo_indoor_controlled_daily_values,Lucas Oil Stadium,39.7601,-86.1639,70.0,70.0,70.0,70.0,70.0,70.0,70.0,0.0,0.0,0.0,0.0,,,
2020_REG_11_KC_LV_20201122,WTH_01502,70.0,0.0,0.0,INDOOR,0,2020-11-22 12:00:00,open_meteo_indoor_controlled_daily_values,Allegiant Stadium,36.0908,-115.183,70.0,70.0,70.0,70.0,70.0,70.0,70.0,0.0,0.0,0.0,0.0,,,
2020_REG_11_LAR_TB_20201123,WTH_01503,69.7,0.02,12.9,WMO_51|PRECIP,0,2020-11-23 12:00:00,open_meteo_daily_by_venue_coordinates,Raymond James Stadium,27.9759,-82.5033,75.0,66.3,69.7,71.6,76.4,67.9,71.6,0.02,0.0,0.0,23.0,16.0,14.25,51.0
2020_REG_11_MIA_DEN_20201122,WTH_01504,35.0,0.0,10.6,WMO_3,0,2020-11-22 12:00:00,open_meteo_daily_by_venue_coordinates,Empower Field at Mile High,39.7439,-105.0201,45.2,24.9,35.0,27.7,36.4,17.2,27.7,0.0,0.0,0.0,19.2,247.0,11.42,3.0
2020_REG_11_NE_HOU_20201122,WTH_01505,70.0,0.0,0.0,INDOOR,0,2020-11-22 12:00:00,open_meteo_indoor_controlled_daily_values,NRG Stadium,29.6847,-95.4107,70.0,70.0,70.0,70.0,70.0,70.0,70.0,0.0,0.0,0.0,0.0,,,
2020_REG_11_NYJ_LAC_20201122,WTH_01506,70.0,0.0,0.0,INDOOR,0,2020-11-22 12:00:00,open_meteo_indoor_controlled_daily_values,SoFi Stadium,33.9535,-118.3392,70.0,70.0,70.0,70.0,70.0,70.0,70.0,0.0,0.0,0.0,0.0,,,
2020_REG_11_PHI_CLE_20201122,WTH_01507,40.1,0.74,11.2,WMO_71|SNOW,1,2020-11-22 12:00:00,open_meteo_daily_by_venue_coordinates,Huntington Bank Field,41.5061,-81.6995,43.7,37.7,40.1,33.4,39.9,29.4,33.4,0.732,0.055,0.0,18.3,71.0,1.0,71.0
2020_REG_11_PIT_JAX_20201122,WTH_01508,68.3,0.094,10.0,WMO_51|PRECIP,0,2020-11-22 12:00:00,open_meteo_daily_by_venue_coordinates,TIAA Bank Stadium,30.3239,-81.6373,74.5,64.8,68.3,70.4,77.7,66.7,70.4,0.094,0.0,0.0,17.9,23.0,8.01,51.0
2020_REG_11_TEN_BAL_20201122,WTH_01509,51.1,0.0,9.7,WMO_3,0,2020-11-22 12:00:00,open_meteo_daily_by_venue_coordinates,M&T Bank Stadium,39.278,-76.6227,55.4,46.9,51.1,45.8,52.4,39.1,45.8,0.0,0.0,0.0,17.2,54.0,4.8,3.0
2020_REG_12_ARI_NE_20201129,WTH_01510,41.2,0.0,8.1,WMO_0,0,2020-11-29 12:00:00,open_meteo_daily_by_venue_coordinates,Gillette Stadium,42.0909,-71.2643,51.5,35.2,41.2,34.5,44.7,28.1,34.5,0.0,0.0,0.0,17.7,255.0,8.89,0.0
2020_REG_12_BAL_PIT_20201202,WTH_01511,32.3,0.071,14.8,WMO_73|SNOW,1,2020-12-02 12:00:00,open_meteo_daily_by_venue_coordinates,Acrisure Stadium,40.4468,-80.0158,38.4,28.4,32.3,22.7,29.3,18.4,22.7,0.0,0.496,0.23,30.9,255.0,8.72,73.0
2020_REG_12_CAR_MIN_20201129,WTH_01512,70.0,0.0,0.0,INDOOR,0,2020-11-29 12:00:00,open_meteo_indoor_controlled_daily_values,U.S. Bank Stadium,44.9738,-93.2575,70.0,70.0,70.0,70.0,70.0,70.0,70.0,0.0,0.0,0.0,0.0,,,
2020_REG_12_CHI_GB_20201129,WTH_01513,38.5,0.0,14.8,WMO_3,0,2020-11-29 12:00:00,open_meteo_daily_by_venue_coordinates,Lambeau Field,44.5013,-88.0622,44.9,33.9,38.5,30.2,35.7,26.2,30.2,0.0,0.0,0.033,29.5,259.0,7.24,3.0
2020_REG_12_CLE_JAX_20201129,WTH_01514,66.1,0.0,8.5,WMO_3,0,2020-11-29 12:00:00,open_meteo_daily_by_venue_coordinates,TIAA Bank Stadium,30.3239,-81.6373,72.6,62.1,66.1,68.1,76.9,62.3,68.1,0.0,0.0,0.0,14.3,358.0,6.41,3.0
2020_REG_12_HOU_DET_20201126,WTH_01515,70.0,0.0,0.0,INDOOR,0,2020-11-26 12:00:00,open_meteo_indoor_controlled_daily_values,Ford Field,42.34,-83.0456,70.0,70.0,70.0,70.0,70.0,70.0,70.0,0.0,0.0,0.0,0.0,,,
2020_REG_12_KC_TB_20201129,WTH_01516,70.7,0.0,7.4,WMO_3,0,2020-11-29 12:00:00,open_meteo_daily_by_venue_coordinates,Raymond James Stadium,27.9759,-82.5033,78.0,64.2,70.7,74.8,80.5,67.5,74.8,0.0,0.0,0.0,14.8,149.0,13.42,3.0
2020_REG_12_LAC_BUF_20201129,WTH_01517,41.0,0.0,13.2,WMO_3,0,2020-11-29 12:00:00,open_meteo_daily_by_venue_coordinates,Highmark Stadium,42.7738,-78.7868,49.8,36.0,41.0,31.9,42.8,26.1,31.9,0.0,0.0,0.0,25.5,205.0,8.31,3.0
2020_REG_12_LV_ATL_20201129,WTH_01518,70.0,0.0,0.0,INDOOR,0,2020-11-29 12:00:00,open_meteo_indoor_controlled_daily_values,Mercedes-Benz Stadium,33.7554,-84.4009,70.0,70.0,70.0,70.0,70.0,70.0,70.0,0.0,0.0,0.0,0.0,,,
2020_REG_12_MIA_NYJ_20201129,WTH_01519,42.6,0.0,7.4,WMO_2,0,2020-11-29 12:00:00,open_meteo_daily_by_venue_coordinates,MetLife Stadium,40.8135,-74.0745,51.6,35.5,42.6,36.6,44.8,29.6,36.6,0.0,0.0,0.0,17.9,263.0,9.59,2.0
2020_REG_12_NO_DEN_20201129,WTH_01520,32.4,0.0,9.9,WMO_1,0,2020-11-29 12:00:00,open_meteo_daily_by_venue_coordinates,Empower Field at Mile High,39.7439,-105.0201,37.8,25.2,32.4,24.6,30.6,16.6,24.6,0.0,0.0,0.033,13.0,303.0,10.5,1.0
2020_REG_12_NYG_CIN_20201129,WTH_01521,40.0,0.0,5.6,WMO_3,0,2020-11-29 12:00:00,open_meteo_daily_by_venue_coordinates,Paycor Stadium,39.0955,-84.516,54.3,30.1,40.0,34.3,49.5,23.5,34.3,0.0,0.0,0.0,14.5,171.0,9.97,3.0
2020_REG_12_SEA_PHI_20201130,WTH_01522,53.1,1.224,24.6,WMO_65|PRECIP|WINDY,1,2020-11-30 12:00:00,open_meteo_daily_by_venue_coordinates,Lincoln Financial Field,39.9008,-75.1675,63.6,41.6,53.1,48.6,60.6,36.3,48.6,1.224,0.0,0.0,48.8,152.0,1.22,65.0
2020_REG_12_SF_LAR_20201129,WTH_01523,70.0,0.0,0.0,INDOOR,0,2020-11-29 12:00:00,open_meteo_indoor_controlled_daily_values,SoFi Stadium,33.9535,-118.3392,70.0,70.0,70.0,70.0,70.0,70.0,70.0,0.0,0.0,0.0,0.0,,,
2020_REG_12_TEN_IND_20201129,WTH_01524,70.0,0.0,0.0,INDOOR,0,2020-11-29 12:00:00,open_meteo_indoor_controlled_daily_values,Lucas Oil Stadium,39.7601,-86.1639,70.0,70.0,70.0,70.0,70.0,70.0,70.0,0.0,0.0,0.0,0.0,,,
2020_REG_12_WSH_DAL_20201126,WTH_01525,70.0,0.0,0.0,INDOOR,0,2020-11-26 12:00:00,open_meteo_indoor_controlled_daily_values,AT&T Stadium,32.7473,-97.0945,70.0,70.0,70.0,70.0,70.0,70.0,70.0,0.0,0.0,0.0,0.0,,,
2020_REG_13_BUF_SF_20201207,WTH_01526,70.0,0.0,0.0,INDOOR,0,2020-12-07 12:00:00,open_meteo_indoor_controlled_daily_values,State Farm Stadium,33.5276,-112.2626,70.0,70.0,70.0,70.0,70.0,70.0,70.0,0.0,0.0,0.0,0.0,,,
2020_REG_13_CIN_MIA_20201206,WTH_01527,72.4,0.028,6.6,WMO_51|PRECIP,0,2020-12-06 12:00:00,open_meteo_daily_by_venue_coordinates,Hard Rock Stadium,25.958,-80.2389,81.8,64.9,72.4,77.4,87.2,69.2,77.4,0.028,0.0,0.0,12.8,268.0,13.21,51.0
2020_REG_13_CLE_TEN_20201206,WTH_01528,42.9,0.0,4.8,WMO_3,0,2020-12-06 12:00:00,open_meteo_daily_by_venue_coordinates,Nissan Stadium,36.1665,-86.7713,54.0,33.1,42.9,39.0,51.0,28.1,39.0,0.0,0.0,0.0,9.8,125.0,9.37,3.0
2020_REG_13_DAL_BAL_20201208,WTH_01529,35.5,0.0,14.7,WMO_3,0,2020-12-08 12:00:00,open_meteo_daily_by_venue_coordinates,M&T Bank Stadium,39.278,-76.6227,43.5,31.0,35.5,25.5,33.0,21.1,25.5,0.0,0.0,0.0,26.8,311.0,9.73,3.0
2020_REG_13_DEN_KC_20201206,WTH_01530,37.5,0.0,8.2,WMO_3,0,2020-12-06 12:00:00,open_meteo_daily_by_venue_coordinates,Arrowhead Stadium,39.0489,-94.4839,45.0,31.8,37.5,30.7,37.9,24.3,30.7,0.0,0.0,0.0,18.6,326.0,9.82,3.0
2020_REG_13_DET_CHI_20201206,WTH_01531,34.7,0.004,7.7,WMO_51|PRECIP,0,2020-12-06 12:00:00,open_meteo_daily_by_venue_coordinates,Soldier Field,41.8623,-87.6167,36.0,33.6,34.7,28.8,30.7,27.4,28.8,0.004,0.0,0.0,12.3,54.0,2.35,51.0
2020_REG_13_IND_HOU_20201206,WTH_01532,70.0,0.0,0.0,INDOOR,0,2020-12-06 12:00:00,open_meteo_indoor_controlled_daily_values,NRG Stadium,29.6847,-95.4107,70.0,70.0,70.0,70.0,70.0,70.0,70.0,0.0,0.0,0.0,0.0,,,
2020_REG_13_JAX_MIN_20201206,WTH_01533,70.0,0.0,0.0,INDOOR,0,2020-12-06 12:00:00,open_meteo_indoor_controlled_daily_values,U.S. Bank Stadium,44.9738,-93.2575,70.0,70.0,70.0,70.0,70.0,70.0,70.0,0.0,0.0,0.0,0.0,,,
2020_REG_13_LAR_ARI_20201206,WTH_01534,70.0,0.0,0.0,INDOOR,0,2020-12-06 12:00:00,open_meteo_indoor_controlled_daily_values,State Farm Stadium,33.5276,-112.2626,70.0,70.0,70.0,70.0,70.0,70.0,70.0,0.0,0.0,0.0,0.0,,,
2020_REG_13_LV_NYJ_20201206,WTH_01535,37.2,0.0,18.3,WMO_3,1,2020-12-06 12:00:00,open_meteo_daily_by_venue_coordinates,MetLife Stadium,40.8135,-74.0745,40.9,33.9,37.2,25.7,29.6,23.9,25.7,0.0,0.0,0.0,35.1,304.0,8.72,3.0
2020_REG_13_NE_LAC_20201206,WTH_01536,70.0,0.0,0.0,INDOOR,0,2020-12-06 12:00:00,open_meteo_indoor_controlled_daily_values,SoFi Stadium,33.9535,-118.3392,70.0,70.0,70.0,70.0,70.0,70.0,70.0,0.0,0.0,0.0,0.0,,,
2020_REG_13_NO_ATL_20201206,WTH_01537,70.0,0.0,0.0,INDOOR,0,2020-12-06 12:00:00,open_meteo_indoor_controlled_daily_values,Mercedes-Benz Stadium,33.7554,-84.4009,70.0,70.0,70.0,70.0,70.0,70.0,70.0,0.0,0.0,0.0,0.0,,,
2020_REG_13_NYG_SEA_20201206,WTH_01538,47.2,0.004,11.7,WMO_51|PRECIP,0,2020-12-06 12:00:00,open_meteo_daily_by_venue_coordinates,Lumen Field,47.5952,-122.3316,52.8,41.9,47.2,40.8,48.4,35.5,40.8,0.004,0.0,0.0,20.8,165.0,3.37,51.0
2020_REG_13_PHI_GB_20201206,WTH_01539,29.6,0.0,7.0,WMO_3,0,2020-12-06 12:00:00,open_meteo_daily_by_venue_coordinates,Lambeau Field,44.5013,-88.0622,36.2,26.1,29.6,23.0,28.8,19.5,23.0,0.0,0.0,0.0,15.4,309.0,7.05,3.0
2020_REG_13_WSH_PIT_20201207,WTH_01540,30.1,0.004,9.4,WMO_71|SNOW,1,2020-12-07 12:00:00,open_meteo_daily_by_venue_coordinates,Acrisure Stadium,40.4468,-80.0158,32.4,28.1,30.1,22.7,24.2,21.1,22.7,0.0,0.028,0.098,20.4,336.0,3.7,71.0
2020_REG_14_ARI_NYG_20201213,WTH_01541,50.7,0.067,12.2,WMO_55|PRECIP,0,2020-12-13 12:00:00,open_meteo_daily_by_venue_coordinates,MetLife Stadium,40.8135,-74.0745,58.2,46.8,50.7,46.2,54.2,41.3,46.2,0.067,0.0,0.0,22.6,231.0,7.36,55.0
2020_REG_14_ATL_LAC_20201213,WTH_01542,70.0,0.0,0.0,INDOOR,0,2020-12-13 12:00:00,open_meteo_indoor_controlled_daily_values,SoFi Stadium,33.9535,-118.3392,70.0,70.0,70.0,70.0,70.0,70.0,70.0,0.0,0.0,0.0,0.0,,,
2020_REG_14_BAL_CLE_20201214,WTH_01543,35.0,0.0,20.0,WMO_3|WINDY,1,2020-12-14 12:00:00,open_meteo_daily_by_venue_coordinates,Huntington Bank Field,41.5061,-81.6995,37.0,32.9,35.0,25.8,30.4,19.5,25.8,0.0,0.0,0.066,32.4,273.0,2.52,3.0
2020_REG_14_DAL_CIN_20201213,WTH_01544,42.5,0.0,11.7,WMO_3,0,2020-12-13 12:00:00,open_meteo_daily_by_venue_coordinates,Paycor Stadium,39.0955,-84.516,46.5,40.1,42.5,36.6,40.1,34.0,36.6,0.0,0.0,0.0,24.4,276.0,4.47,3.0
2020_REG_14_DEN_CAR_20201213,WTH_01545,57.7,0.039,8.9,WMO_51|PRECIP,0,2020-12-13 12:00:00,open_meteo_daily_by_venue_coordinates,Bank of America Stadium,35.2258,-80.8528,64.2,53.2,57.7,54.7,62.7,50.1,54.7,0.039,0.0,0.0,18.3,217.0,7.99,51.0
2020_REG_14_GB_DET_20201213,WTH_01546,70.0,0.0,0.0,INDOOR,0,2020-12-13 12:00:00,open_meteo_indoor_controlled_daily_values,Ford Field,42.34,-83.0456,70.0,70.0,70.0,70.0,70.0,70.0,70.0,0.0,0.0,0.0,0.0,,,
2020_REG_14_HOU_CHI_20201213,WTH_01547,31.7,0.02,15.2,WMO_71|SNOW,1,2020-12-13 12:00:00,open_meteo_daily_by_venue_coordinates,Soldier Field,41.8623,-87.6167,36.1,27.3,31.7,23.4,28.6,19.5,23.4,0.004,0.11,0.0,28.0,308.0,6.04,71.0
2020_REG_14_IND_LV_20201213,WTH_01548,70.0,0.0,0.0,INDOOR,0,2020-12-13 12:00:00,open_meteo_indoor_controlled_daily_values,Allegiant Stadium,36.0908,-115.183,70.0,70.0,70.0,70.0,70.0,70.0,70.0,0.0,0.0,0.0,0.0,,,
2020_REG_14_KC_MIA_20201213,WTH_01549,71.1,0.004,6.0,WMO_51|PRECIP,0,2020-12-13 12:00:00,open_meteo_daily_by_venue_coordinates,Hard Rock Stadium,25.958,-80.2389,80.6,59.8,71.1,75.3,84.7,62.4,75.3,0.004,0.0,0.0,11.6,130.0,12.69,51.0
2020_REG_14_MIN_TB_20201213,WTH_01550,66.7,0.0,6.0,WMO_3,0,2020-12-13 12:00:00,open_meteo_daily_by_venue_coordinates,Raymond James Stadium,27.9759,-82.5033,75.5,59.7,66.7,70.2,80.3,61.1,70.2,0.0,0.0,0.0,11.9,138.0,12.19,3.0
2020_REG_14_NE_LAR_20201210,WTH_01551,70.0,0.0,0.0,INDOOR,0,2020-12-10 12:00:00,open_meteo_indoor_controlled_daily_values,SoFi Stadium,33.9535,-118.3392,70.0,70.0,70.0,70.0,70.0,70.0,70.0,0.0,0.0,0.0,0.0,,,
2020_REG_14_NO_PHI_20201213,WTH_01552,52.7,0.0,11.2,WMO_3,0,2020-12-13 12:00:00,open_meteo_daily_by_venue_coordinates,Lincoln Financial Field,39.9008,-75.1675,60.8,46.9,52.7,47.7,56.9,41.9,47.7,0.0,0.0,0.0,21.7,236.0,8.25,3.0
2020_REG_14_NYJ_SEA_20201213,WTH_01553,40.4,0.189,11.4,WMO_61|PRECIP,0,2020-12-13 12:00:00,open_meteo_daily_by_venue_coordinates,Lumen Field,47.5952,-122.3316,44.1,37.3,40.4,33.9,40.8,29.9,33.9,0.189,0.0,0.0,21.9,119.0,1.0,61.0
2020_REG_14_PIT_BUF_20201213,WTH_01554,41.5,0.071,21.4,WMO_51|PRECIP|WINDY,1,2020-12-13 12:00:00,open_meteo_daily_by_venue_coordinates,Highmark Stadium,42.7738,-78.7868,53.2,36.0,41.5,31.5,46.0,25.4,31.5,0.071,0.0,0.033,41.8,248.0,2.4,51.0
2020_REG_14_TEN_JAX_20201213,WTH_01555,62.0,0.02,5.5,WMO_51|PRECIP,0,2020-12-13 12:00:00,open_meteo_daily_by_venue_coordinates,TIAA Bank Stadium,30.3239,-81.6373,70.3,54.0,62.0,63.9,73.8,53.1,63.9,0.02,0.0,0.0,11.0,209.0,9.9,51.0
2020_REG_14_WSH_SF_20201213,WTH_01556,70.0,0.0,0.0,INDOOR,0,2020-12-13 12:00:00,open_meteo_indoor_controlled_daily_values,State Farm Stadium,33.5276,-112.2626,70.0,70.0,70.0,70.0,70.0,70.0,70.0,0.0,0.0,0.0,0.0,,,
2020_REG_15_BUF_DEN_20201219,WTH_01557,25.5,0.0,16.0,WMO_3,0,2020-12-19 12:00:00,open_meteo_daily_by_venue_coordinates,Empower Field at Mile High,39.7439,-105.0201,44.2,13.0,25.5,16.5,32.7,3.8,16.5,0.0,0.0,0.164,28.4,142.0,9.11,3.0
2020_REG_15_CAR_GB_20201219,WTH_01558,32.9,0.075,10.9,WMO_73|SNOW,1,2020-12-19 12:00:00,open_meteo_daily_by_venue_coordinates,Lambeau Field,44.5013,-88.0622,37.9,29.8,32.9,26.6,32.8,20.5,26.6,0.0,0.524,0.131,20.4,187.0,5.25,73.0
2020_REG_15_CHI_MIN_20201220,WTH_01559,70.0,0.0,0.0,INDOOR,0,2020-12-20 12:00:00,open_meteo_indoor_controlled_daily_values,U.S. Bank Stadium,44.9738,-93.2575,70.0,70.0,70.0,70.0,70.0,70.0,70.0,0.0,0.0,0.0,0.0,,,
2020_REG_15_CLE_NYG_20201220,WTH_01560,27.9,0.028,5.5,WMO_71|SNOW,1,2020-12-20 12:00:00,open_meteo_daily_by_venue_coordinates,MetLife Stadium,40.8135,-74.0745,36.9,18.4,27.9,21.7,32.5,10.4,21.7,0.0,0.193,0.656,8.1,229.0,4.0,71.0
2020_REG_15_DET_TEN_20201220,WTH_01561,44.6,0.551,7.2,WMO_63|PRECIP,1,2020-12-20 12:00:00,open_meteo_daily_by_venue_coordinates,Nissan Stadium,36.1665,-86.7713,49.2,42.5,44.6,40.3,45.1,37.8,40.3,0.551,0.0,0.0,14.3,219.0,4.46,63.0
2020_REG_15_HOU_IND_20201220,WTH_01562,70.0,0.0,0.0,INDOOR,0,2020-12-20 12:00:00,open_meteo_indoor_controlled_daily_values,Lucas Oil Stadium,39.7601,-86.1639,70.0,70.0,70.0,70.0,70.0,70.0,70.0,0.0,0.0,0.0,0.0,,,
2020_REG_15_JAX_BAL_20201220,WTH_01563,34.6,0.02,10.0,WMO_51|PRECIP,0,2020-12-20 12:00:00,open_meteo_daily_by_venue_coordinates,M&T Bank Stadium,39.278,-76.6227,42.6,27.8,34.6,28.3,37.5,20.6,28.3,0.02,0.0,0.098,19.9,187.0,4.82,51.0
2020_REG_15_KC_NO_20201220,WTH_01564,70.0,0.0,0.0,INDOOR,0,2020-12-20 12:00:00,open_meteo_indoor_controlled_daily_values,Caesars Superdome,29.9511,-90.0812,70.0,70.0,70.0,70.0,70.0,70.0,70.0,0.0,0.0,0.0,0.0,,,
2020_REG_15_LAC_LV_20201217,WTH_01565,70.0,0.0,0.0,INDOOR,0,2020-12-17 12:00:00,open_meteo_indoor_controlled_daily_values,Allegiant Stadium,36.0908,-115.183,70.0,70.0,70.0,70.0,70.0,70.0,70.0,0.0,0.0,0.0,0.0,,,
2020_REG_15_NE_MIA_20201220,WTH_01566,69.8,0.024,9.4,WMO_51|PRECIP,0,2020-12-20 12:00:00,open_meteo_daily_by_venue_coordinates,Hard Rock Stadium,25.958,-80.2389,78.8,61.9,69.8,71.3,80.2,60.7,71.3,0.024,0.0,0.0,20.1,163.0,11.01,51.0
2020_REG_15_NYJ_LAR_20201220,WTH_01567,70.0,0.0,0.0,INDOOR,0,2020-12-20 12:00:00,open_meteo_indoor_controlled_daily_values,SoFi Stadium,33.9535,-118.3392,70.0,70.0,70.0,70.0,70.0,70.0,70.0,0.0,0.0,0.0,0.0,,,
2020_REG_15_PHI_ARI_20201220,WTH_01568,70.0,0.0,0.0,INDOOR,0,2020-12-20 12:00:00,open_meteo_indoor_controlled_daily_values,State Farm Stadium,33.5276,-112.2626,70.0,70.0,70.0,70.0,70.0,70.0,70.0,0.0,0.0,0.0,0.0,,,
2020_REG_15_PIT_CIN_20201221,WTH_01569,37.2,0.091,13.7,WMO_55|PRECIP,1,2020-12-21 12:00:00,open_meteo_daily_by_venue_coordinates,Paycor Stadium,39.0955,-84.516,43.6,33.3,37.2,29.8,36.5,25.7,29.8,0.091,0.0,0.033,38.3,221.0,4.41,55.0
2020_REG_15_SEA_WSH_20201220,WTH_01570,35.0,0.043,9.8,WMO_51|PRECIP,0,2020-12-20 12:00:00,open_meteo_daily_by_venue_coordinates,Northwest Stadium,38.9078,-76.8644,41.6,30.1,35.0,28.5,36.8,22.9,28.5,0.043,0.0,0.033,24.4,174.0,4.04,51.0
2020_REG_15_SF_DAL_20201220,WTH_01571,70.0,0.0,0.0,INDOOR,0,2020-12-20 12:00:00,open_meteo_indoor_controlled_daily_values,AT&T Stadium,32.7473,-97.0945,70.0,70.0,70.0,70.0,70.0,70.0,70.0,0.0,0.0,0.0,0.0,,,
2020_REG_15_TB_ATL_20201220,WTH_01572,70.0,0.0,0.0,INDOOR,0,2020-12-20 12:00:00,open_meteo_indoor_controlled_daily_values,Mercedes-Benz Stadium,33.7554,-84.4009,70.0,70.0,70.0,70.0,70.0,70.0,70.0,0.0,0.0,0.0,0.0,,,
2020_REG_16_ATL_KC_20201227,WTH_01573,44.4,0.0,13.2,WMO_3,0,2020-12-27 12:00:00,open_meteo_daily_by_venue_coordinates,Arrowhead Stadium,39.0489,-94.4839,49.8,40.1,44.4,35.8,42.1,31.4,35.8,0.0,0.0,0.0,29.1,232.0,9.11,3.0
2020_REG_16_BUF_NE_20201228,WTH_01574,35.8,0.0,13.1,WMO_3,0,2020-12-28 12:00:00,open_meteo_daily_by_venue_coordinates,Gillette Stadium,42.0909,-71.2643,48.0,27.5,35.8,28.8,40.4,20.0,28.8,0.0,0.0,0.0,29.3,187.0,3.96,3.0
2020_REG_16_CAR_WSH_20201227,WTH_01575,30.2,0.0,7.9,WMO_3,0,2020-12-27 12:00:00,open_meteo_daily_by_venue_coordinates,Northwest Stadium,38.9078,-76.8644,40.7,23.7,30.2,23.1,33.9,17.1,23.1,0.0,0.0,0.0,14.8,64.0,9.76,3.0
2020_REG_16_CHI_JAX_20201227,WTH_01576,42.7,0.0,7.3,WMO_3,0,2020-12-27 12:00:00,open_meteo_daily_by_venue_coordinates,TIAA Bank Stadium,30.3239,-81.6373,56.6,31.9,42.7,37.5,52.6,25.3,37.5,0.0,0.0,0.0,13.9,15.0,13.85,3.0
2020_REG_16_CIN_HOU_20201227,WTH_01577,70.0,0.0,0.0,INDOOR,0,2020-12-27 12:00:00,open_meteo_indoor_controlled_daily_values,NRG Stadium,29.6847,-95.4107,70.0,70.0,70.0,70.0,70.0,70.0,70.0,0.0,0.0,0.0,0.0,,,
2020_REG_16_CLE_NYJ_20201227,WTH_01578,28.7,0.0,11.3,WMO_3,0,2020-12-27 12:00:00,open_meteo_daily_by_venue_coordinates,MetLife Stadium,40.8135,-74.0745,37.2,23.9,28.7,20.3,29.8,14.2,20.3,0.0,0.0,0.0,21.7,256.0,8.61,3.0
2020_REG_16_DEN_LAC_20201227,WTH_01579,70.0,0.0,0.0,INDOOR,0,2020-12-27 12:00:00,open_meteo_indoor_controlled_daily_values,SoFi Stadium,33.9535,-118.3392,70.0,70.0,70.0,70.0,70.0,70.0,70.0,0.0,0.0,0.0,0.0,,,
2020_REG_16_IND_PIT_20201227,WTH_01580,21.0,0.0,7.2,WMO_3,0,2020-12-27 12:00:00,open_meteo_daily_by_venue_coordinates,Acrisure Stadium,40.4468,-80.0158,40.9,6.4,21.0,13.1,34.1,-2.5,13.1,0.0,0.0,0.328,16.1,181.0,8.26,3.0
2020_REG_16_LAR_SEA_20201227,WTH_01581,43.3,0.205,11.4,WMO_61|PRECIP,0,2020-12-27 12:00:00,open_meteo_daily_by_venue_coordinates,Lumen Field,47.5952,-122.3316,45.6,42.1,43.3,38.1,41.2,36.3,38.1,0.205,0.0,0.0,27.3,149.0,2.15,61.0
2020_REG_16_MIA_LV_20201226,WTH_01582,70.0,0.0,0.0,INDOOR,0,2020-12-26 12:00:00,open_meteo_indoor_controlled_daily_values,Allegiant Stadium,36.0908,-115.183,70.0,70.0,70.0,70.0,70.0,70.0,70.0,0.0,0.0,0.0,0.0,,,
2020_REG_16_MIN_NO_20201225,WTH_01583,70.0,0.0,0.0,INDOOR,0,2020-12-25 12:00:00,open_meteo_indoor_controlled_daily_values,Caesars Superdome,29.9511,-90.0812,70.0,70.0,70.0,70.0,70.0,70.0,70.0,0.0,0.0,0.0,0.0,,,
2020_REG_16_NYG_BAL_20201227,WTH_01584,28.6,0.0,7.6,WMO_3,0,2020-12-27 12:00:00,open_meteo_daily_by_venue_coordinates,M&T Bank Stadium,39.278,-76.6227,36.9,23.0,28.6,21.3,29.5,15.6,21.3,0.0,0.0,0.0,15.4,271.0,9.56,3.0
2020_REG_16_PHI_DAL_20201227,WTH_01585,70.0,0.0,0.0,INDOOR,0,2020-12-27 12:00:00,open_meteo_indoor_controlled_daily_values,AT&T Stadium,32.7473,-97.0945,70.0,70.0,70.0,70.0,70.0,70.0,70.0,0.0,0.0,0.0,0.0,,,
2020_REG_16_SF_ARI_20201226,WTH_01586,70.0,0.0,0.0,INDOOR,0,2020-12-26 12:00:00,open_meteo_indoor_controlled_daily_values,State Farm Stadium,33.5276,-112.2626,70.0,70.0,70.0,70.0,70.0,70.0,70.0,0.0,0.0,0.0,0.0,,,
2020_REG_16_TB_DET_20201226,WTH_01587,70.0,0.0,0.0,INDOOR,0,2020-12-26 12:00:00,open_meteo_indoor_controlled_daily_values,Ford Field,42.34,-83.0456,70.0,70.0,70.0,70.0,70.0,70.0,70.0,0.0,0.0,0.0,0.0,,,
2020_REG_16_TEN_GB_20201227,WTH_01588,24.5,0.106,10.7,WMO_73|SNOW,1,2020-12-27 12:00:00,open_meteo_daily_by_venue_coordinates,Lambeau Field,44.5013,-88.0622,32.9,19.9,24.5,17.0,25.0,12.8,17.0,0.004,0.717,0.098,19.9,69.0,1.58,73.0
2020_REG_17_ARI_LAR_20210103,WTH_01589,70.0,0.0,0.0,INDOOR,0,2021-01-03 12:00:00,open_meteo_indoor_controlled_daily_values,SoFi Stadium,33.9535,-118.3392,70.0,70.0,70.0,70.0,70.0,70.0,70.0,0.0,0.0,0.0,0.0,,,
2020_REG_17_ATL_TB_20210103,WTH_01590,66.6,0.303,14.4,WMO_63|PRECIP,0,2021-01-03 12:00:00,open_meteo_daily_by_venue_coordinates,Raymond James Stadium,27.9759,-82.5033,71.2,60.3,66.6,66.8,75.1,57.3,66.8,0.303,0.0,0.0,31.3,235.0,5.44,63.0
2020_REG_17_BAL_CIN_20210103,WTH_01591,37.4,0.043,11.2,WMO_71|SNOW,1,2021-01-03 12:00:00,open_meteo_daily_by_venue_coordinates,Paycor Stadium,39.0955,-84.516,38.7,36.3,37.4,31.3,33.8,29.0,31.3,0.039,0.028,0.0,23.0,269.0,2.83,71.0
2020_REG_17_DAL_NYG_20210103,WTH_01592,34.7,0.161,14.5,WMO_73|SNOW,1,2021-01-03 12:00:00,open_meteo_daily_by_venue_coordinates,MetLife Stadium,40.8135,-74.0745,38.7,29.5,34.7,26.9,30.7,22.1,26.9,0.146,0.11,0.033,26.2,30.0,1.36,73.0
2020_REG_17_GB_CHI_20210103,WTH_01593,33.3,0.13,7.7,WMO_73|SNOW,1,2021-01-03 12:00:00,open_meteo_daily_by_venue_coordinates,Soldier Field,41.8623,-87.6167,36.3,31.5,33.3,26.7,29.6,24.6,26.7,0.0,0.909,0.262,13.4,293.0,4.51,73.0
2020_REG_17_JAX_IND_20210103,WTH_01594,70.0,0.0,0.0,INDOOR,0,2021-01-03 12:00:00,open_meteo_indoor_controlled_daily_values,Lucas Oil Stadium,39.7601,-86.1639,70.0,70.0,70.0,70.0,70.0,70.0,70.0,0.0,0.0,0.0,0.0,,,
2020_REG_17_LAC_KC_20210103,WTH_01595,29.2,0.0,7.0,WMO_3,0,2021-01-03 12:00:00,open_meteo_daily_by_venue_coordinates,Arrowhead Stadium,39.0489,-94.4839,40.9,19.4,29.2,22.3,35.8,11.1,22.3,0.0,0.0,0.459,16.1,199.0,9.41,3.0
2020_REG_17_LV_DEN_20210103,WTH_01596,33.5,0.0,9.0,WMO_3,0,2021-01-03 12:00:00,open_meteo_daily_by_venue_coordinates,Empower Field at Mile High,39.7439,-105.0201,49.2,25.4,33.5,24.9,39.6,15.8,24.9,0.0,0.0,0.098,16.3,126.0,9.0,3.0
2020_REG_17_MIA_BUF_20210103,WTH_01597,32.3,0.11,7.1,WMO_73|SNOW,1,2021-01-03 12:00:00,open_meteo_daily_by_venue_coordinates,Highmark Stadium,42.7738,-78.7868,37.0,27.0,32.3,26.3,31.8,19.5,26.3,0.051,0.413,0.295,13.0,131.0,1.4,73.0
2020_REG_17_MIN_DET_20210103,WTH_01598,70.0,0.0,0.0,INDOOR,0,2021-01-03 12:00:00,open_meteo_indoor_controlled_daily_values,Ford Field,42.34,-83.0456,70.0,70.0,70.0,70.0,70.0,70.0,70.0,0.0,0.0,0.0,0.0,,,
2020_REG_17_NO_CAR_20210103,WTH_01599,52.7,0.264,11.5,WMO_61|PRECIP,0,2021-01-03 12:00:00,open_meteo_daily_by_venue_coordinates,Bank of America Stadium,35.2258,-80.8528,55.0,51.2,52.7,50.6,52.9,47.9,50.6,0.264,0.0,0.0,22.1,262.0,4.91,61.0
2020_REG_17_NYJ_NE_20210103,WTH_01600,31.9,0.047,11.8,WMO_73|SNOW,1,2021-01-03 12:00:00,open_meteo_daily_by_venue_coordinates,Gillette Stadium,42.0909,-71.2643,37.3,25.7,31.9,24.3,31.1,17.9,24.3,0.0,0.331,0.033,29.5,9.0,2.49,73.0
2020_REG_17_PIT_CLE_20210103,WTH_01601,35.9,0.083,13.5,WMO_73|SNOW,1,2021-01-03 12:00:00,open_meteo_daily_by_venue_coordinates,Huntington Bank Field,41.5061,-81.6995,37.8,34.3,35.9,29.6,31.4,28.0,29.6,0.067,0.11,0.164,22.4,297.0,2.95,73.0
2020_REG_17_SEA_SF_20210103,WTH_01602,70.0,0.0,0.0,INDOOR,0,2021-01-03 12:00:00,open_meteo_indoor_controlled_daily_values,State Farm Stadium,33.5276,-112.2626,70.0,70.0,70.0,70.0,70.0,70.0,70.0,0.0,0.0,0.0,0.0,,,
2020_REG_17_TEN_HOU_20210103,WTH_01603,70.0,0.0,0.0,INDOOR,0,2021-01-03 12:00:00,open_meteo_indoor_controlled_daily_values,NRG Stadium,29.6847,-95.4107,70.0,70.0,70.0,70.0,70.0,70.0,70.0,0.0,0.0,0.0,0.0,,,
2020_REG_17_WSH_PHI_20210103,WTH_01604,37.3,0.303,10.0,WMO_61|PRECIP,0,2021-01-03 12:00:00,open_meteo_daily_by_venue_coordinates,Lincoln Financial Field,39.9008,-75.1675,43.4,32.7,37.3,30.6,37.0,25.9,30.6,0.303,0.0,0.0,22.1,32.0,2.61,61.0
2021_CON_21_CIN_KC_20220130,WTH_01605,35.2,0.0,8.1,WMO_3,0,2022-01-30 12:00:00,open_meteo_daily_by_venue_coordinates,Arrowhead Stadium,39.0489,-94.4839,40.7,28.8,35.2,27.6,34.5,20.8,27.6,0.0,0.0,0.033,15.2,302.0,11.21,3.0
2021_CON_21_SF_LAR_20220130,WTH_01606,70.0,0.0,0.0,INDOOR,0,2022-01-30 12:00:00,open_meteo_indoor_controlled_daily_values,SoFi Stadium,33.9535,-118.3392,70.0,70.0,70.0,70.0,70.0,70.0,70.0,0.0,0.0,0.0,0.0,,,
2021_POST_19_ARI_LAR_20220117,WTH_01607,70.0,0.0,0.0,INDOOR,0,2022-01-17 12:00:00,open_meteo_indoor_controlled_daily_values,SoFi Stadium,33.9535,-118.3392,70.0,70.0,70.0,70.0,70.0,70.0,70.0,0.0,0.0,0.0,0.0,,,
2021_POST_19_LV_CIN_20220115,WTH_01608,29.6,0.028,11.0,WMO_73|SNOW,1,2022-01-15 12:00:00,open_meteo_daily_by_venue_coordinates,Paycor Stadium,39.0955,-84.516,34.1,24.6,29.6,20.9,27.5,15.1,20.9,0.0,0.22,0.033,23.3,51.0,8.18,73.0
2021_POST_19_NE_BUF_20220115,WTH_01609,8.3,0.0,12.1,WMO_3,1,2022-01-15 12:00:00,open_meteo_daily_by_venue_coordinates,Highmark Stadium,42.7738,-78.7868,14.2,3.9,8.3,-2.5,3.4,-6.8,-2.5,0.0,0.0,0.23,24.2,42.0,8.34,3.0
2021_POST_19_PHI_TB_20220116,WTH_01610,65.2,0.531,24.1,WMO_65|PRECIP|WINDY,1,2022-01-16 12:00:00,open_meteo_daily_by_venue_coordinates,Raymond James Stadium,27.9759,-82.5033,67.2,62.5,65.2,59.4,64.9,54.0,59.4,0.531,0.0,0.0,45.6,223.0,7.58,65.0
2021_POST_19_PIT_KC_20220116,WTH_01611,22.1,0.0,9.3,WMO_3,0,2022-01-16 12:00:00,open_meteo_daily_by_venue_coordinates,Arrowhead Stadium,39.0489,-94.4839,35.2,15.2,22.1,14.2,27.2,8.4,14.2,0.0,0.0,0.262,22.4,283.0,8.18,3.0
2021_POST_19_SF_DAL_20220116,WTH_01612,70.0,0.0,0.0,INDOOR,0,2022-01-16 12:00:00,open_meteo_indoor_controlled_daily_values,AT&T Stadium,32.7473,-97.0945,70.0,70.0,70.0,70.0,70.0,70.0,70.0,0.0,0.0,0.0,0.0,,,
2021_POST_20_BUF_KC_20220123,WTH_01613,35.8,0.0,15.0,WMO_3,0,2022-01-23 12:00:00,open_meteo_daily_by_venue_coordinates,Arrowhead Stadium,39.0489,-94.4839,37.8,32.7,35.8,26.8,29.5,23.6,26.8,0.0,0.0,0.098,28.6,263.0,10.03,3.0
2021_POST_20_CIN_TEN_20220122,WTH_01614,24.2,0.0,6.1,WMO_2,0,2022-01-22 12:00:00,open_meteo_daily_by_venue_coordinates,Nissan Stadium,36.1665,-86.7713,37.5,16.5,24.2,16.7,29.4,9.3,16.7,0.0,0.0,0.066,10.7,359.0,13.38,2.0
2021_POST_20_LAR_TB_20220123,WTH_01615,48.5,0.0,13.0,WMO_3,0,2022-01-23 12:00:00,open_meteo_daily_by_venue_coordinates,Raymond James Stadium,27.9759,-82.5033,53.2,44.9,48.5,42.5,48.9,38.8,42.5,0.0,0.0,0.0,22.8,350.0,9.91,3.0
2021_POST_20_SF_GB_20220122,WTH_01616,16.1,0.039,16.9,WMO_73|SNOW,1,2022-01-22 12:00:00,open_meteo_daily_by_venue_coordinates,Lambeau Field,44.5013,-88.0622,23.0,11.4,16.1,3.9,11.7,-0.1,3.9,0.0,0.276,0.459,32.4,234.0,7.62,73.0
2021_POST_22_LAR_CIN_20220213,WTH_01617,70.0,0.0,0.0,INDOOR,0,2022-02-13 12:00:00,open_meteo_indoor_controlled_daily_values,SoFi Stadium,33.9535,-118.3392,70.0,70.0,70.0,70.0,70.0,70.0,70.0,0.0,0.0,0.0,0.0,,,
2021_REG_01_ARI_TEN_20210912,WTH_01618,75.0,0.0,7.0,WMO_2,0,2021-09-12 12:00:00,open_meteo_daily_by_venue_coordinates,Nissan Stadium,36.1665,-86.7713,87.6,65.1,75.0,78.6,93.0,67.5,78.6,0.0,0.0,0.0,15.7,202.0,20.91,2.0
2021_REG_01_BAL_LV_20210913,WTH_01619,70.0,0.0,0.0,INDOOR,0,2021-09-13 12:00:00,open_meteo_indoor_controlled_daily_values,Allegiant Stadium,36.0908,-115.183,70.0,70.0,70.0,70.0,70.0,70.0,70.0,0.0,0.0,0.0,0.0,,,
2021_REG_01_CHI_LAR_20210912,WTH_01620,70.0,0.0,0.0,INDOOR,0,2021-09-12 12:00:00,open_meteo_indoor_controlled_daily_values,SoFi Stadium,33.9535,-118.3392,70.0,70.0,70.0,70.0,70.0,70.0,70.0,0.0,0.0,0.0,0.0,,,
2021_REG_01_CLE_KC_20210912,WTH_01621,81.1,0.0,13.5,WMO_1,0,2021-09-12 12:00:00,open_meteo_daily_by_venue_coordinates,Arrowhead Stadium,39.0489,-94.4839,90.6,72.9,81.1,80.1,93.4,69.3,80.1,0.0,0.0,0.0,26.4,207.0,21.9,1.0
2021_REG_01_DAL_TB_20210909,WTH_01622,80.7,0.52,13.1,WMO_63|PRECIP,1,2021-09-09 12:00:00,open_meteo_daily_by_venue_coordinates,Raymond James Stadium,27.9759,-82.5033,83.6,78.0,80.7,88.2,90.4,83.8,88.2,0.52,0.0,0.0,29.3,244.0,17.85,63.0
2021_REG_01_DEN_NYG_20210912,WTH_01623,72.1,0.0,15.1,WMO_3,0,2021-09-12 12:00:00,open_meteo_daily_by_venue_coordinates,MetLife Stadium,40.8135,-74.0745,84.1,65.2,72.1,71.6,83.5,63.2,71.6,0.0,0.0,0.0,29.1,230.0,19.31,3.0
2021_REG_01_GB_NO_20210912,WTH_01624,79.0,0.02,10.7,WMO_51|PRECIP,0,2021-09-12 12:00:00,open_meteo_daily_by_venue_coordinates,TIAA Bank Stadium,30.3239,-81.6373,84.7,74.8,79.0,84.6,90.3,80.8,84.6,0.02,0.0,0.0,20.6,53.0,20.21,51.0
2021_REG_01_JAX_HOU_20210912,WTH_01625,70.0,0.0,0.0,INDOOR,0,2021-09-12 12:00:00,open_meteo_indoor_controlled_daily_values,NRG Stadium,29.6847,-95.4107,70.0,70.0,70.0,70.0,70.0,70.0,70.0,0.0,0.0,0.0,0.0,,,
2021_REG_01_LAC_WSH_20210912,WTH_01626,73.7,0.0,10.7,WMO_1,0,2021-09-12 12:00:00,open_meteo_daily_by_venue_coordinates,Northwest Stadium,38.9078,-76.8644,87.2,64.2,73.7,73.9,88.2,63.9,73.9,0.0,0.0,0.0,25.5,205.0,21.15,1.0
2021_REG_01_MIA_NE_20210912,WTH_01627,69.0,0.0,16.5,WMO_3,1,2021-09-12 12:00:00,open_meteo_daily_by_venue_coordinates,Gillette Stadium,42.0909,-71.2643,79.6,61.6,69.0,69.0,79.8,61.5,69.0,0.0,0.0,0.0,37.8,221.0,18.39,3.0
2021_REG_01_MIN_CIN_20210912,WTH_01628,76.7,0.0,14.2,WMO_1,0,2021-09-12 12:00:00,open_meteo_daily_by_venue_coordinates,Paycor Stadium,39.0955,-84.516,89.0,68.6,76.7,75.8,89.1,67.3,75.8,0.0,0.0,0.0,29.3,222.0,21.33,1.0
2021_REG_01_NYJ_CAR_20210912,WTH_01629,73.6,0.0,8.4,WMO_0,0,2021-09-12 12:00:00,open_meteo_daily_by_venue_coordinates,Bank of America Stadium,35.2258,-80.8528,87.3,62.2,73.6,74.0,90.3,62.3,74.0,0.0,0.0,0.0,16.6,214.0,22.69,0.0
2021_REG_01_PHI_ATL_20210912,WTH_01630,70.0,0.0,0.0,INDOOR,0,2021-09-12 12:00:00,open_meteo_indoor_controlled_daily_values,Mercedes-Benz Stadium,33.7554,-84.4009,70.0,70.0,70.0,70.0,70.0,70.0,70.0,0.0,0.0,0.0,0.0,,,
2021_REG_01_PIT_BUF_20210912,WTH_01631,70.4,0.169,17.8,WMO_61|PRECIP,1,2021-09-12 12:00:00,open_meteo_daily_by_venue_coordinates,Highmark Stadium,42.7738,-78.7868,73.2,68.4,70.4,67.9,72.2,63.6,67.9,0.169,0.0,0.0,36.0,229.0,9.42,61.0
2021_REG_01_SEA_IND_20210912,WTH_01632,70.0,0.0,0.0,INDOOR,0,2021-09-12 12:00:00,open_meteo_indoor_controlled_daily_values,Lucas Oil Stadium,39.7601,-86.1639,70.0,70.0,70.0,70.0,70.0,70.0,70.0,0.0,0.0,0.0,0.0,,,
2021_REG_01_SF_DET_20210912,WTH_01633,70.0,0.0,0.0,INDOOR,0,2021-09-12 12:00:00,open_meteo_indoor_controlled_daily_values,Ford Field,42.34,-83.0456,70.0,70.0,70.0,70.0,70.0,70.0,70.0,0.0,0.0,0.0,0.0,,,
2021_REG_02_ATL_TB_20210919,WTH_01634,78.1,0.528,7.4,WMO_63|PRECIP,1,2021-09-19 12:00:00,open_meteo_daily_by_venue_coordinates,Raymond James Stadium,27.9759,-82.5033,82.4,74.7,78.1,87.5,93.2,83.4,87.5,0.528,0.0,0.0,15.0,269.0,13.95,63.0
2021_REG_02_BUF_MIA_20210919,WTH_01635,79.3,0.248,6.3,WMO_63|PRECIP,0,2021-09-19 12:00:00,open_meteo_daily_by_venue_coordinates,Hard Rock Stadium,25.958,-80.2389,87.6,72.8,79.3,88.8,99.5,80.6,88.8,0.248,0.0,0.0,16.3,27.0,19.14,63.0
2021_REG_02_CIN_CHI_20210919,WTH_01636,72.2,0.012,10.5,WMO_51|PRECIP,0,2021-09-19 12:00:00,open_meteo_daily_by_venue_coordinates,Soldier Field,41.8623,-87.6167,83.4,64.9,72.2,74.2,85.1,67.1,74.2,0.012,0.0,0.0,19.0,89.0,16.48,51.0
2021_REG_02_DAL_LAC_20210919,WTH_01637,70.0,0.0,0.0,INDOOR,0,2021-09-19 12:00:00,open_meteo_indoor_controlled_daily_values,SoFi Stadium,33.9535,-118.3392,70.0,70.0,70.0,70.0,70.0,70.0,70.0,0.0,0.0,0.0,0.0,,,
2021_REG_02_DEN_JAX_20210919,WTH_01638,77.0,2.453,7.7,WMO_65|PRECIP,1,2021-09-19 12:00:00,open_meteo_daily_by_venue_coordinates,TIAA Bank Stadium,30.3239,-81.6373,79.8,75.1,77.0,86.1,88.8,84.2,86.1,2.453,0.0,0.0,16.1,88.0,6.74,65.0
2021_REG_02_DET_GB_20210920,WTH_01639,72.4,0.047,15.8,WMO_51|PRECIP,0,2021-09-20 12:00:00,open_meteo_daily_by_venue_coordinates,Lambeau Field,44.5013,-88.0622,77.7,69.2,72.4,73.5,78.2,70.6,73.5,0.047,0.0,0.0,32.2,168.0,9.76,51.0
2021_REG_02_HOU_CLE_20210919,WTH_01640,69.1,0.0,12.8,WMO_0,0,2021-09-19 12:00:00,open_meteo_daily_by_venue_coordinates,Huntington Bank Field,41.5061,-81.6995,75.7,61.0,69.1,70.9,78.0,62.4,70.9,0.0,0.0,0.0,21.7,55.0,19.75,0.0
2021_REG_02_KC_BAL_20210919,WTH_01641,72.6,0.0,6.8,WMO_3,0,2021-09-19 12:00:00,open_meteo_daily_by_venue_coordinates,M&T Bank Stadium,39.278,-76.6227,79.8,66.3,72.6,75.9,81.7,68.7,75.9,0.0,0.0,0.0,14.3,4.0,20.45,3.0
2021_REG_02_LAR_IND_20210919,WTH_01642,70.0,0.0,0.0,INDOOR,0,2021-09-19 12:00:00,open_meteo_indoor_controlled_daily_values,Lucas Oil Stadium,39.7601,-86.1639,70.0,70.0,70.0,70.0,70.0,70.0,70.0,0.0,0.0,0.0,0.0,,,
2021_REG_02_LV_PIT_20210919,WTH_01643,70.1,0.0,7.6,WMO_3,0,2021-09-19 12:00:00,open_meteo_daily_by_venue_coordinates,Acrisure Stadium,40.4468,-80.0158,79.2,62.0,70.1,72.4,82.5,63.1,72.4,0.0,0.0,0.0,14.3,39.0,19.5,3.0
2021_REG_02_MIN_ARI_20210919,WTH_01644,70.0,0.0,0.0,INDOOR,0,2021-09-19 12:00:00,open_meteo_indoor_controlled_daily_values,State Farm Stadium,33.5276,-112.2626,70.0,70.0,70.0,70.0,70.0,70.0,70.0,0.0,0.0,0.0,0.0,,,
2021_REG_02_NE_NYJ_20210919,WTH_01645,70.2,0.0,10.9,WMO_2,0,2021-09-19 12:00:00,open_meteo_daily_by_venue_coordinates,MetLife Stadium,40.8135,-74.0745,74.7,62.4,70.2,70.2,81.1,61.6,70.2,0.0,0.0,0.0,22.1,356.0,20.31,2.0
2021_REG_02_NO_CAR_20210919,WTH_01646,77.6,0.004,9.1,WMO_51|PRECIP,0,2021-09-19 12:00:00,open_meteo_daily_by_venue_coordinates,Bank of America Stadium,35.2258,-80.8528,86.5,68.1,77.6,81.7,90.8,73.2,81.7,0.004,0.0,0.0,21.9,105.0,16.87,51.0
2021_REG_02_NYG_WSH_20210916,WTH_01647,74.8,0.268,9.7,WMO_63|PRECIP,0,2021-09-16 12:00:00,open_meteo_daily_by_venue_coordinates,Northwest Stadium,38.9078,-76.8644,81.6,69.6,74.8,80.9,88.8,75.3,80.9,0.268,0.0,0.0,21.7,59.0,11.12,63.0
2021_REG_02_SF_PHI_20210919,WTH_01648,72.6,0.0,10.7,WMO_0,0,2021-09-19 12:00:00,open_meteo_daily_by_venue_coordinates,Lincoln Financial Field,39.9008,-75.1675,78.6,63.8,72.6,72.5,80.8,63.1,72.5,0.0,0.0,0.0,21.3,353.0,21.01,0.0
2021_REG_02_TEN_SEA_20210919,WTH_01649,57.1,0.177,15.9,WMO_61|PRECIP,0,2021-09-19 12:00:00,open_meteo_daily_by_venue_coordinates,Lumen Field,47.5952,-122.3316,63.7,53.8,57.1,53.0,58.3,49.6,53.0,0.177,0.0,0.0,31.8,187.0,12.36,61.0
2021_REG_03_ARI_JAX_20210926,WTH_01650,73.2,0.0,11.1,WMO_1,0,2021-09-26 12:00:00,open_meteo_daily_by_venue_coordinates,TIAA Bank Stadium,30.3239,-81.6373,81.8,65.7,73.2,76.6,85.8,68.5,76.6,0.0,0.0,0.0,19.7,43.0,21.92,1.0
2021_REG_03_ATL_NYG_20210926,WTH_01651,65.6,0.0,14.6,WMO_3,0,2021-09-26 12:00:00,open_meteo_daily_by_venue_coordinates,MetLife Stadium,40.8135,-74.0745,70.8,60.3,65.6,62.6,69.0,56.2,62.6,0.0,0.0,0.0,28.0,297.0,18.19,3.0
2021_REG_03_BAL_DET_20210926,WTH_01652,70.0,0.0,0.0,INDOOR,0,2021-09-26 12:00:00,open_meteo_indoor_controlled_daily_values,Ford Field,42.34,-83.0456,70.0,70.0,70.0,70.0,70.0,70.0,70.0,0.0,0.0,0.0,0.0,,,
2021_REG_03_CAR_HOU_20210923,WTH_01653,70.0,0.0,0.0,INDOOR,0,2021-09-23 12:00:00,open_meteo_indoor_controlled_daily_values,NRG Stadium,29.6847,-95.4107,70.0,70.0,70.0,70.0,70.0,70.0,70.0,0.0,0.0,0.0,0.0,,,
2021_REG_03_CHI_CLE_20210926,WTH_01654,60.7,0.0,15.7,WMO_2,0,2021-09-26 12:00:00,open_meteo_daily_by_venue_coordinates,Huntington Bank Field,41.5061,-81.6995,71.2,52.6,60.7,56.3,68.8,48.1,56.3,0.0,0.0,0.0,25.9,238.0,17.91,2.0
2021_REG_03_CIN_PIT_20210926,WTH_01655,59.2,0.008,12.4,WMO_51|PRECIP,0,2021-09-26 12:00:00,open_meteo_daily_by_venue_coordinates,Acrisure Stadium,40.4468,-80.0158,70.9,48.7,59.2,55.7,64.9,45.1,55.7,0.008,0.0,0.0,27.1,255.0,19.12,51.0
2021_REG_03_GB_SF_20210926,WTH_01656,62.4,0.0,12.8,WMO_3,0,2021-09-26 12:00:00,open_meteo_daily_by_venue_coordinates,Levi's Stadium,37.403,-121.97,71.2,57.5,62.4,61.0,69.5,56.2,61.0,0.0,0.0,0.0,25.1,336.0,20.17,3.0
2021_REG_03_IND_TEN_20210926,WTH_01657,64.7,0.0,5.5,WMO_3,0,2021-09-26 12:00:00,open_meteo_daily_by_venue_coordinates,Nissan Stadium,36.1665,-86.7713,76.0,57.2,64.7,67.1,79.7,56.5,67.1,0.0,0.0,0.0,8.5,49.0,18.66,3.0
2021_REG_03_LAC_KC_20210926,WTH_01658,71.8,0.0,17.6,WMO_1,1,2021-09-26 12:00:00,open_meteo_daily_by_venue_coordinates,Arrowhead Stadium,39.0489,-94.4839,88.3,62.4,71.8,67.0,83.0,56.8,67.0,0.0,0.0,0.0,36.9,196.0,19.63,1.0
2021_REG_03_MIA_LV_20210926,WTH_01659,70.0,0.0,0.0,INDOOR,0,2021-09-26 12:00:00,open_meteo_indoor_controlled_daily_values,Allegiant Stadium,36.0908,-115.183,70.0,70.0,70.0,70.0,70.0,70.0,70.0,0.0,0.0,0.0,0.0,,,
2021_REG_03_NO_NE_20210926,WTH_01660,65.3,0.366,12.0,WMO_63|PRECIP,0,2021-09-26 12:00:00,open_meteo_daily_by_venue_coordinates,Gillette Stadium,42.0909,-71.2643,71.9,61.4,65.3,65.5,70.3,58.2,65.5,0.366,0.0,0.0,28.2,302.0,16.87,63.0
2021_REG_03_NYJ_DEN_20210926,WTH_01661,69.6,0.0,8.9,WMO_1,0,2021-09-26 12:00:00,open_meteo_daily_by_venue_coordinates,Empower Field at Mile High,39.7439,-105.0201,87.7,51.0,69.6,63.1,81.6,43.9,63.1,0.0,0.0,0.0,17.7,162.0,20.49,1.0
2021_REG_03_PHI_DAL_20210927,WTH_01662,70.0,0.0,0.0,INDOOR,0,2021-09-27 12:00:00,open_meteo_indoor_controlled_daily_values,AT&T Stadium,32.7473,-97.0945,70.0,70.0,70.0,70.0,70.0,70.0,70.0,0.0,0.0,0.0,0.0,,,
2021_REG_03_SEA_MIN_20210926,WTH_01663,70.0,0.0,0.0,INDOOR,0,2021-09-26 12:00:00,open_meteo_indoor_controlled_daily_values,U.S. Bank Stadium,44.9738,-93.2575,70.0,70.0,70.0,70.0,70.0,70.0,70.0,0.0,0.0,0.0,0.0,,,
2021_REG_03_TB_LAR_20210926,WTH_01664,70.0,0.0,0.0,INDOOR,0,2021-09-26 12:00:00,open_meteo_indoor_controlled_daily_values,SoFi Stadium,33.9535,-118.3392,70.0,70.0,70.0,70.0,70.0,70.0,70.0,0.0,0.0,0.0,0.0,,,
2021_REG_03_WSH_BUF_20210926,WTH_01665,58.4,0.016,18.6,WMO_51|PRECIP,1,2021-09-26 12:00:00,open_meteo_daily_by_venue_coordinates,Highmark Stadium,42.7738,-78.7868,63.5,53.8,58.4,53.6,57.6,49.4,53.6,0.016,0.0,0.0,39.1,240.0,16.99,51.0
2021_REG_04_ARI_LAR_20211003,WTH_01666,70.0,0.0,0.0,INDOOR,0,2021-10-03 12:00:00,open_meteo_indoor_controlled_daily_values,SoFi Stadium,33.9535,-118.3392,70.0,70.0,70.0,70.0,70.0,70.0,70.0,0.0,0.0,0.0,0.0,,,
2021_REG_04_BAL_DEN_20211003,WTH_01667,59.3,0.0,11.9,WMO_2,0,2021-10-03 12:00:00,open_meteo_daily_by_venue_coordinates,Empower Field at Mile High,39.7439,-105.0201,76.6,44.1,59.3,54.8,71.4,39.0,54.8,0.0,0.0,0.0,19.5,224.0,18.98,2.0
2021_REG_04_CAR_DAL_20211003,WTH_01668,70.0,0.0,0.0,INDOOR,0,2021-10-03 12:00:00,open_meteo_indoor_controlled_daily_values,AT&T Stadium,32.7473,-97.0945,70.0,70.0,70.0,70.0,70.0,70.0,70.0,0.0,0.0,0.0,0.0,,,
2021_REG_04_CLE_MIN_20211003,WTH_01669,70.0,0.0,0.0,INDOOR,0,2021-10-03 12:00:00,open_meteo_indoor_controlled_daily_values,U.S. Bank Stadium,44.9738,-93.2575,70.0,70.0,70.0,70.0,70.0,70.0,70.0,0.0,0.0,0.0,0.0,,,
2021_REG_04_DET_CHI_20211003,WTH_01670,68.8,1.039,10.9,WMO_63|PRECIP,1,2021-10-03 12:00:00,open_meteo_daily_by_venue_coordinates,Soldier Field,41.8623,-87.6167,74.1,65.6,68.8,71.9,78.8,65.6,71.9,1.039,0.0,0.0,17.9,224.0,11.0,63.0
2021_REG_04_HOU_BUF_20211003,WTH_01671,64.4,1.0,11.3,WMO_63|PRECIP,1,2021-10-03 12:00:00,open_meteo_daily_by_venue_coordinates,Highmark Stadium,42.7738,-78.7868,68.1,61.4,64.4,64.2,71.6,58.6,64.2,1.0,0.0,0.0,25.7,209.0,4.86,63.0
2021_REG_04_IND_MIA_20211003,WTH_01672,79.4,0.035,10.3,WMO_51|PRECIP,0,2021-10-03 12:00:00,open_meteo_daily_by_venue_coordinates,Hard Rock Stadium,25.958,-80.2389,83.8,75.6,79.4,83.1,87.0,79.6,83.1,0.035,0.0,0.0,21.7,73.0,15.29,51.0
2021_REG_04_JAX_CIN_20210930,WTH_01673,67.2,0.0,4.8,WMO_3,0,2021-09-30 12:00:00,open_meteo_daily_by_venue_coordinates,Paycor Stadium,39.0955,-84.516,78.7,55.9,67.2,66.7,78.6,54.3,66.7,0.0,0.0,0.0,11.9,74.0,17.37,3.0
2021_REG_04_KC_PHI_20211003,WTH_01674,67.8,0.004,6.7,WMO_51|PRECIP,0,2021-10-03 12:00:00,open_meteo_daily_by_venue_coordinates,Lincoln Financial Field,39.9008,-75.1675,82.2,57.2,67.8,69.5,84.3,57.3,69.5,0.004,0.0,0.0,15.0,228.0,15.19,51.0
2021_REG_04_LV_LAC_20211004,WTH_01675,70.0,0.0,0.0,INDOOR,0,2021-10-04 12:00:00,open_meteo_indoor_controlled_daily_values,SoFi Stadium,33.9535,-118.3392,70.0,70.0,70.0,70.0,70.0,70.0,70.0,0.0,0.0,0.0,0.0,,,
2021_REG_04_NYG_NO_20211003,WTH_01676,70.0,0.0,0.0,INDOOR,0,2021-10-03 12:00:00,open_meteo_indoor_controlled_daily_values,Caesars Superdome,29.9511,-90.0812,70.0,70.0,70.0,70.0,70.0,70.0,70.0,0.0,0.0,0.0,0.0,,,
2021_REG_04_PIT_GB_20211003,WTH_01677,66.3,0.276,7.4,WMO_63|PRECIP,0,2021-10-03 12:00:00,open_meteo_daily_by_venue_coordinates,Lambeau Field,44.5013,-88.0622,71.2,61.2,66.3,69.6,75.9,63.2,69.6,0.276,0.0,0.0,14.5,91.0,6.74,63.0
2021_REG_04_SEA_SF_20211003,WTH_01678,73.8,0.0,12.0,WMO_0,0,2021-10-03 12:00:00,open_meteo_daily_by_venue_coordinates,Levi's Stadium,37.403,-121.97,89.6,62.5,73.8,71.8,84.3,61.6,71.8,0.0,0.0,0.0,21.5,323.0,19.8,0.0
2021_REG_04_TB_NE_20211003,WTH_01679,63.0,0.0,8.4,WMO_3,0,2021-10-03 12:00:00,open_meteo_daily_by_venue_coordinates,Gillette Stadium,42.0909,-71.2643,74.9,55.4,63.0,63.2,77.8,54.9,63.2,0.0,0.0,0.0,16.3,256.0,14.11,3.0
2021_REG_04_TEN_NYJ_20211003,WTH_01680,65.6,0.0,7.4,WMO_3,0,2021-10-03 12:00:00,open_meteo_daily_by_venue_coordinates,MetLife Stadium,40.8135,-74.0745,78.8,55.3,65.6,65.7,78.8,54.7,65.7,0.0,0.0,0.0,15.0,231.0,16.65,3.0
2021_REG_04_WSH_ATL_20211003,WTH_01681,70.0,0.0,0.0,INDOOR,0,2021-10-03 12:00:00,open_meteo_indoor_controlled_daily_values,Mercedes-Benz Stadium,33.7554,-84.4009,70.0,70.0,70.0,70.0,70.0,70.0,70.0,0.0,0.0,0.0,0.0,,,
2021_REG_05_BUF_KC_20211010,WTH_01682,77.2,0.138,17.8,WMO_63|PRECIP,1,2021-10-10 12:00:00,open_meteo_daily_by_venue_coordinates,Arrowhead Stadium,39.0489,-94.4839,82.8,71.2,77.2,74.2,82.5,68.1,74.2,0.138,0.0,0.0,35.6,204.0,10.74,63.0
2021_REG_05_CHI_LV_20211010,WTH_01683,70.0,0.0,0.0,INDOOR,0,2021-10-10 12:00:00,open_meteo_indoor_controlled_daily_values,Allegiant Stadium,36.0908,-115.183,70.0,70.0,70.0,70.0,70.0,70.0,70.0,0.0,0.0,0.0,0.0,,,
2021_REG_05_CLE_LAC_20211010,WTH_01684,70.0,0.0,0.0,INDOOR,0,2021-10-10 12:00:00,open_meteo_indoor_controlled_daily_values,SoFi Stadium,33.9535,-118.3392,70.0,70.0,70.0,70.0,70.0,70.0,70.0,0.0,0.0,0.0,0.0,,,
2021_REG_05_DEN_PIT_20211010,WTH_01685,65.9,0.016,8.1,WMO_51|PRECIP,0,2021-10-10 12:00:00,open_meteo_daily_by_venue_coordinates,Acrisure Stadium,40.4468,-80.0158,77.4,59.3,65.9,66.4,78.1,60.1,66.4,0.016,0.0,0.0,16.1,134.0,14.82,51.0
2021_REG_05_DET_MIN_20211010,WTH_01686,70.0,0.0,0.0,INDOOR,0,2021-10-10 12:00:00,open_meteo_indoor_controlled_daily_values,U.S. Bank Stadium,44.9738,-93.2575,70.0,70.0,70.0,70.0,70.0,70.0,70.0,0.0,0.0,0.0,0.0,,,
2021_REG_05_GB_CIN_20211010,WTH_01687,72.9,0.0,10.3,WMO_3,0,2021-10-10 12:00:00,open_meteo_daily_by_venue_coordinates,Paycor Stadium,39.0955,-84.516,83.9,64.7,72.9,73.9,84.5,65.7,73.9,0.0,0.0,0.0,22.8,168.0,16.22,3.0
2021_REG_05_IND_BAL_20211011,WTH_01688,66.6,0.012,9.3,WMO_51|PRECIP,0,2021-10-11 12:00:00,open_meteo_daily_by_venue_coordinates,M&T Bank Stadium,39.278,-76.6227,74.4,60.7,66.6,67.0,75.1,60.7,67.0,0.012,0.0,0.0,18.1,25.0,8.96,51.0
2021_REG_05_LAR_SEA_20211007,WTH_01689,51.3,0.094,6.0,WMO_53|PRECIP,0,2021-10-07 12:00:00,open_meteo_daily_by_venue_coordinates,Lumen Field,47.5952,-122.3316,55.8,47.2,51.3,48.5,52.1,44.9,48.5,0.094,0.0,0.0,21.7,4.0,12.14,53.0
2021_REG_05_MIA_TB_20211010,WTH_01690,75.8,0.039,8.4,WMO_51|PRECIP,0,2021-10-10 12:00:00,open_meteo_daily_by_venue_coordinates,Raymond James Stadium,27.9759,-82.5033,82.3,70.0,75.8,81.2,87.5,74.4,81.2,0.039,0.0,0.0,15.2,27.0,17.01,51.0
2021_REG_05_NE_HOU_20211010,WTH_01691,70.0,0.0,0.0,INDOOR,0,2021-10-10 12:00:00,open_meteo_indoor_controlled_daily_values,NRG Stadium,29.6847,-95.4107,70.0,70.0,70.0,70.0,70.0,70.0,70.0,0.0,0.0,0.0,0.0,,,
2021_REG_05_NO_WSH_20211010,WTH_01692,67.1,0.118,12.9,WMO_53|PRECIP,0,2021-10-10 12:00:00,open_meteo_daily_by_venue_coordinates,Northwest Stadium,38.9078,-76.8644,71.3,64.5,67.1,67.8,72.0,64.5,67.8,0.118,0.0,0.0,29.5,40.0,6.27,53.0
2021_REG_05_NYG_DAL_20211010,WTH_01693,70.0,0.0,0.0,INDOOR,0,2021-10-10 12:00:00,open_meteo_indoor_controlled_daily_values,AT&T Stadium,32.7473,-97.0945,70.0,70.0,70.0,70.0,70.0,70.0,70.0,0.0,0.0,0.0,0.0,,,
2021_REG_05_NYJ_ATL_20211010,WTH_01694,55.4,0.008,9.8,WMO_51|PRECIP,0,2021-10-10 12:00:00,open_meteo_daily_by_venue_coordinates,Tottenham Hotspur Stadium,51.6043,-0.0664,63.4,46.9,55.4,53.1,61.5,44.2,53.1,0.008,0.0,0.0,19.2,338.0,5.45,51.0
2021_REG_05_PHI_CAR_20211010,WTH_01695,67.3,0.0,10.7,WMO_2,0,2021-10-10 12:00:00,open_meteo_daily_by_venue_coordinates,Bank of America Stadium,35.2258,-80.8528,78.6,59.6,67.3,67.1,78.5,58.4,67.1,0.0,0.0,0.0,21.9,21.0,17.3,2.0
2021_REG_05_SF_ARI_20211010,WTH_01696,70.0,0.0,0.0,INDOOR,0,2021-10-10 12:00:00,open_meteo_indoor_controlled_daily_values,State Farm Stadium,33.5276,-112.2626,70.0,70.0,70.0,70.0,70.0,70.0,70.0,0.0,0.0,0.0,0.0,,,
2021_REG_05_TEN_JAX_20211010,WTH_01697,72.4,0.012,11.3,WMO_51|PRECIP,0,2021-10-10 12:00:00,open_meteo_daily_by_venue_coordinates,TIAA Bank Stadium,30.3239,-81.6373,79.8,66.3,72.4,75.7,82.7,69.0,75.7,0.012,0.0,0.0,21.0,14.0,17.14,51.0
2021_REG_06_ARI_CLE_20211017,WTH_01698,54.4,0.181,22.2,WMO_53|PRECIP|WINDY,1,2021-10-17 12:00:00,open_meteo_daily_by_venue_coordinates,Huntington Bank Field,41.5061,-81.6995,57.3,51.3,54.4,45.5,51.0,41.1,45.5,0.181,0.0,0.0,35.1,285.0,11.04,53.0
2021_REG_06_BUF_TEN_20211018,WTH_01699,55.3,0.0,6.5,WMO_3,0,2021-10-18 12:00:00,open_meteo_daily_by_venue_coordinates,Nissan Stadium,36.1665,-86.7713,68.0,46.8,55.3,53.5,68.4,42.9,53.5,0.0,0.0,0.0,8.1,273.0,17.36,3.0
2021_REG_06_CIN_DET_20211017,WTH_01700,70.0,0.0,0.0,INDOOR,0,2021-10-17 12:00:00,open_meteo_indoor_controlled_daily_values,Ford Field,42.34,-83.0456,70.0,70.0,70.0,70.0,70.0,70.0,70.0,0.0,0.0,0.0,0.0,,,
2021_REG_06_DAL_NE_20211017,WTH_01701,59.8,0.346,13.3,WMO_63|PRECIP,0,2021-10-17 12:00:00,open_meteo_daily_by_venue_coordinates,Gillette Stadium,42.0909,-71.2643,68.7,52.4,59.8,56.9,68.6,49.0,56.9,0.346,0.0,0.0,31.1,276.0,14.09,63.0
2021_REG_06_GB_CHI_20211017,WTH_01702,52.7,0.0,13.7,WMO_1,0,2021-10-17 12:00:00,open_meteo_daily_by_venue_coordinates,Soldier Field,41.8623,-87.6167,63.6,44.5,52.7,45.7,56.1,37.0,45.7,0.0,0.0,0.0,21.0,276.0,15.17,1.0
2021_REG_06_HOU_IND_20211017,WTH_01703,70.0,0.0,0.0,INDOOR,0,2021-10-17 12:00:00,open_meteo_indoor_controlled_daily_values,Lucas Oil Stadium,39.7601,-86.1639,70.0,70.0,70.0,70.0,70.0,70.0,70.0,0.0,0.0,0.0,0.0,,,
2021_REG_06_KC_WSH_20211017,WTH_01704,57.3,0.0,15.5,WMO_3,1,2021-10-17 12:00:00,open_meteo_daily_by_venue_coordinates,Northwest Stadium,38.9078,-76.8644,63.1,51.6,57.3,51.2,56.4,45.5,51.2,0.0,0.0,0.0,36.2,296.0,12.65,3.0
2021_REG_06_LAC_BAL_20211017,WTH_01705,57.0,0.0,15.9,WMO_3,0,2021-10-17 12:00:00,open_meteo_daily_by_venue_coordinates,M&T Bank Stadium,39.278,-76.6227,63.0,51.4,57.0,51.2,57.9,45.2,51.2,0.0,0.0,0.0,28.9,294.0,12.64,3.0
2021_REG_06_LAR_NYG_20211017,WTH_01706,58.4,0.496,14.9,WMO_63|PRECIP,0,2021-10-17 12:00:00,open_meteo_daily_by_venue_coordinates,MetLife Stadium,40.8135,-74.0745,66.3,52.2,58.4,53.3,67.8,47.6,53.3,0.496,0.0,0.0,27.3,297.0,14.48,63.0
2021_REG_06_LV_DEN_20211017,WTH_01707,50.0,0.0,8.2,WMO_0,0,2021-10-17 12:00:00,open_meteo_daily_by_venue_coordinates,Empower Field at Mile High,39.7439,-105.0201,71.7,32.5,50.0,43.9,64.8,26.2,43.9,0.0,0.0,0.033,16.1,332.0,16.69,0.0
2021_REG_06_MIA_JAX_20211017,WTH_01708,54.5,0.016,10.1,WMO_51|PRECIP,0,2021-10-17 12:00:00,open_meteo_daily_by_venue_coordinates,Tottenham Hotspur Stadium,51.6043,-0.0664,60.4,49.2,54.5,52.2,58.0,47.0,52.2,0.016,0.0,0.0,22.8,191.0,4.73,51.0
2021_REG_06_MIN_CAR_20211017,WTH_01709,58.7,0.0,11.9,WMO_0,0,2021-10-17 12:00:00,open_meteo_daily_by_venue_coordinates,Bank of America Stadium,35.2258,-80.8528,67.6,47.6,58.7,52.9,61.1,43.1,52.9,0.0,0.0,0.0,20.6,332.0,18.29,0.0
2021_REG_06_SEA_PIT_20211017,WTH_01710,52.7,0.0,17.0,WMO_3,0,2021-10-17 12:00:00,open_meteo_daily_by_venue_coordinates,Acrisure Stadium,40.4468,-80.0158,57.6,48.5,52.7,45.5,49.2,42.2,45.5,0.0,0.0,0.0,34.4,283.0,10.17,3.0
2021_REG_06_TB_PHI_20211014,WTH_01711,67.3,0.0,8.1,WMO_3,0,2021-10-14 12:00:00,open_meteo_daily_by_venue_coordinates,Lincoln Financial Field,39.9008,-75.1675,78.9,59.0,67.3,68.8,78.3,60.0,68.8,0.0,0.0,0.0,16.6,311.0,14.93,3.0
2021_REG_07_ATL_MIA_20211024,WTH_01712,77.8,0.15,8.8,WMO_63|PRECIP,0,2021-10-24 12:00:00,open_meteo_daily_by_venue_coordinates,Hard Rock Stadium,25.958,-80.2389,84.3,73.1,77.8,85.8,94.2,81.2,85.8,0.15,0.0,0.0,17.4,95.0,11.7,63.0
2021_REG_07_CAR_NYG_20211024,WTH_01713,53.1,0.004,8.1,WMO_51|PRECIP,0,2021-10-24 12:00:00,open_meteo_daily_by_venue_coordinates,MetLife Stadium,40.8135,-74.0745,60.2,45.9,53.1,49.5,55.5,42.8,49.5,0.004,0.0,0.0,14.8,273.0,10.97,51.0
2021_REG_07_CHI_TB_20211024,WTH_01714,77.3,0.15,10.1,WMO_63|PRECIP,0,2021-10-24 12:00:00,open_meteo_daily_by_venue_coordinates,Raymond James Stadium,27.9759,-82.5033,84.6,72.4,77.3,82.4,88.9,77.0,82.4,0.15,0.0,0.0,21.5,67.0,6.93,63.0
2021_REG_07_CIN_BAL_20211024,WTH_01715,55.1,0.02,9.4,WMO_51|PRECIP,0,2021-10-24 12:00:00,open_meteo_daily_by_venue_coordinates,M&T Bank Stadium,39.278,-76.6227,63.3,49.3,55.1,52.9,59.1,46.8,52.9,0.02,0.0,0.0,18.6,145.0,9.34,51.0
2021_REG_07_DEN_CLE_20211021,WTH_01716,61.1,0.957,22.4,WMO_63|PRECIP|WINDY,1,2021-10-21 12:00:00,open_meteo_daily_by_venue_coordinates,Huntington Bank Field,41.5061,-81.6995,63.9,57.6,61.1,56.7,62.1,48.2,56.7,0.957,0.0,0.0,35.8,211.0,4.67,63.0
2021_REG_07_DET_LAR_20211024,WTH_01717,70.0,0.0,0.0,INDOOR,0,2021-10-24 12:00:00,open_meteo_indoor_controlled_daily_values,SoFi Stadium,33.9535,-118.3392,70.0,70.0,70.0,70.0,70.0,70.0,70.0,0.0,0.0,0.0,0.0,,,
2021_REG_07_HOU_ARI_20211024,WTH_01718,70.0,0.0,0.0,INDOOR,0,2021-10-24 12:00:00,open_meteo_indoor_controlled_daily_values,State Farm Stadium,33.5276,-112.2626,70.0,70.0,70.0,70.0,70.0,70.0,70.0,0.0,0.0,0.0,0.0,,,
2021_REG_07_IND_SF_20211024,WTH_01719,62.1,0.98,18.5,WMO_63|PRECIP,1,2021-10-24 12:00:00,open_meteo_daily_by_venue_coordinates,Levi's Stadium,37.403,-121.97,67.3,59.6,62.1,58.0,65.4,55.7,58.0,0.98,0.0,0.0,36.9,147.0,2.1,63.0
2021_REG_07_KC_TEN_20211024,WTH_01720,65.4,0.213,12.6,WMO_63|PRECIP,0,2021-10-24 12:00:00,open_meteo_daily_by_venue_coordinates,Nissan Stadium,36.1665,-86.7713,78.2,57.8,65.4,63.4,76.4,55.6,63.4,0.213,0.0,0.0,23.5,182.0,14.5,63.0
2021_REG_07_NO_SEA_20211025,WTH_01721,55.1,0.165,25.8,WMO_63|PRECIP|WINDY,1,2021-10-25 12:00:00,open_meteo_daily_by_venue_coordinates,Lumen Field,47.5952,-122.3316,57.0,52.9,55.1,44.9,48.1,43.2,44.9,0.165,0.0,0.0,46.5,168.0,3.87,63.0
2021_REG_07_NYJ_NE_20211024,WTH_01722,48.9,0.0,8.4,WMO_3,0,2021-10-24 12:00:00,open_meteo_daily_by_venue_coordinates,Gillette Stadium,42.0909,-71.2643,56.8,41.3,48.9,43.4,50.1,35.9,43.4,0.0,0.0,0.0,19.0,295.0,13.65,3.0
2021_REG_07_PHI_LV_20211024,WTH_01723,70.0,0.0,0.0,INDOOR,0,2021-10-24 12:00:00,open_meteo_indoor_controlled_daily_values,Allegiant Stadium,36.0908,-115.183,70.0,70.0,70.0,70.0,70.0,70.0,70.0,0.0,0.0,0.0,0.0,,,
2021_REG_07_WSH_GB_20211024,WTH_01724,41.2,0.0,10.8,WMO_3,0,2021-10-24 12:00:00,open_meteo_daily_by_venue_coordinates,Lambeau Field,44.5013,-88.0622,49.4,33.1,41.2,34.9,42.4,26.7,34.9,0.0,0.0,0.0,20.8,13.0,10.17,3.0
2021_REG_08_CAR_ATL_20211031,WTH_01725,70.0,0.0,0.0,INDOOR,0,2021-10-31 12:00:00,open_meteo_indoor_controlled_daily_values,Mercedes-Benz Stadium,33.7554,-84.4009,70.0,70.0,70.0,70.0,70.0,70.0,70.0,0.0,0.0,0.0,0.0,,,
2021_REG_08_CIN_NYJ_20211031,WTH_01726,58.6,0.201,14.2,WMO_55|PRECIP,0,2021-10-31 12:00:00,open_meteo_daily_by_venue_coordinates,MetLife Stadium,40.8135,-74.0745,65.1,54.7,58.6,56.2,59.7,51.9,56.2,0.201,0.0,0.0,25.5,272.0,11.09,55.0
2021_REG_08_DAL_MIN_20211031,WTH_01727,70.0,0.0,0.0,INDOOR,0,2021-10-31 12:00:00,open_meteo_indoor_controlled_daily_values,U.S. Bank Stadium,44.9738,-93.2575,70.0,70.0,70.0,70.0,70.0,70.0,70.0,0.0,0.0,0.0,0.0,,,
2021_REG_08_GB_ARI_20211028,WTH_01728,70.0,0.0,0.0,INDOOR,0,2021-10-28 12:00:00,open_meteo_indoor_controlled_daily_values,State Farm Stadium,33.5276,-112.2626,70.0,70.0,70.0,70.0,70.0,70.0,70.0,0.0,0.0,0.0,0.0,,,
2021_REG_08_JAX_SEA_20211031,WTH_01729,45.3,0.0,11.9,WMO_0,0,2021-10-31 12:00:00,open_meteo_daily_by_venue_coordinates,Lumen Field,47.5952,-122.3316,55.6,36.9,45.3,39.6,50.1,30.3,39.6,0.0,0.0,0.0,23.9,13.0,9.89,0.0
2021_REG_08_LAR_HOU_20211031,WTH_01730,70.0,0.0,0.0,INDOOR,0,2021-10-31 12:00:00,open_meteo_indoor_controlled_daily_values,NRG Stadium,29.6847,-95.4107,70.0,70.0,70.0,70.0,70.0,70.0,70.0,0.0,0.0,0.0,0.0,,,
2021_REG_08_MIA_BUF_20211031,WTH_01731,50.7,0.079,20.1,WMO_51|PRECIP|WINDY,1,2021-10-31 12:00:00,open_meteo_daily_by_venue_coordinates,Highmark Stadium,42.7738,-78.7868,54.1,48.6,50.7,46.4,49.2,44.0,46.4,0.079,0.0,0.0,38.5,267.0,3.66,51.0
2021_REG_08_NE_LAC_20211031,WTH_01732,70.0,0.0,0.0,INDOOR,0,2021-10-31 12:00:00,open_meteo_indoor_controlled_daily_values,SoFi Stadium,33.9535,-118.3392,70.0,70.0,70.0,70.0,70.0,70.0,70.0,0.0,0.0,0.0,0.0,,,
2021_REG_08_NYG_KC_20211101,WTH_01733,42.9,0.043,7.9,WMO_53|PRECIP,0,2021-11-01 12:00:00,open_meteo_daily_by_venue_coordinates,Arrowhead Stadium,39.0489,-94.4839,48.1,41.3,42.9,37.1,42.1,35.1,37.1,0.043,0.0,0.0,16.8,29.0,3.57,53.0
2021_REG_08_PHI_DET_20211031,WTH_01734,70.0,0.0,0.0,INDOOR,0,2021-10-31 12:00:00,open_meteo_indoor_controlled_daily_values,Ford Field,42.34,-83.0456,70.0,70.0,70.0,70.0,70.0,70.0,70.0,0.0,0.0,0.0,0.0,,,
2021_REG_08_PIT_CLE_20211031,WTH_01735,54.1,0.154,19.1,WMO_53|PRECIP,0,2021-10-31 12:00:00,open_meteo_daily_by_venue_coordinates,Huntington Bank Field,41.5061,-81.6995,57.0,52.0,54.1,48.3,51.7,45.5,48.3,0.154,0.0,0.0,30.4,295.0,8.66,53.0
2021_REG_08_SF_CHI_20211031,WTH_01736,49.1,0.0,17.3,WMO_3,0,2021-10-31 12:00:00,open_meteo_daily_by_venue_coordinates,Soldier Field,41.8623,-87.6167,53.4,45.3,49.1,43.0,48.4,38.1,43.0,0.0,0.0,0.0,25.9,295.0,8.55,3.0
2021_REG_08_TB_NO_20211031,WTH_01737,70.0,0.0,0.0,INDOOR,0,2021-10-31 12:00:00,open_meteo_indoor_controlled_daily_values,Caesars Superdome,29.9511,-90.0812,70.0,70.0,70.0,70.0,70.0,70.0,70.0,0.0,0.0,0.0,0.0,,,
2021_REG_08_TEN_IND_20211031,WTH_01738,70.0,0.0,0.0,INDOOR,0,2021-10-31 12:00:00,open_meteo_indoor_controlled_daily_values,Lucas Oil Stadium,39.7601,-86.1639,70.0,70.0,70.0,70.0,70.0,70.0,70.0,0.0,0.0,0.0,0.0,,,
2021_REG_08_WSH_DEN_20211031,WTH_01739,43.3,0.0,9.4,WMO_3,0,2021-10-31 12:00:00,open_meteo_daily_by_venue_coordinates,Empower Field at Mile High,39.7439,-105.0201,58.1,36.9,43.3,37.1,51.6,29.2,37.1,0.0,0.0,0.0,15.2,0.0,5.19,3.0
2021_REG_09_ARI_SF_20211107,WTH_01740,54.6,0.0,12.7,WMO_3,0,2021-11-07 12:00:00,open_meteo_daily_by_venue_coordinates,Levi's Stadium,37.403,-121.97,61.7,45.4,54.6,51.2,59.1,41.6,51.2,0.0,0.0,0.0,20.6,311.0,13.49,3.0
2021_REG_09_ATL_NO_20211107,WTH_01741,70.0,0.0,0.0,INDOOR,0,2021-11-07 12:00:00,open_meteo_indoor_controlled_daily_values,Caesars Superdome,29.9511,-90.0812,70.0,70.0,70.0,70.0,70.0,70.0,70.0,0.0,0.0,0.0,0.0,,,
2021_REG_09_BUF_JAX_20211107,WTH_01742,54.1,0.122,16.7,WMO_53|PRECIP,0,2021-11-07 12:00:00,open_meteo_daily_by_venue_coordinates,TIAA Bank Stadium,30.3239,-81.6373,65.3,48.0,54.1,48.2,60.4,40.2,48.2,0.122,0.0,0.0,29.5,329.0,12.74,53.0
2021_REG_09_CHI_PIT_20211108,WTH_01743,46.0,0.0,7.6,WMO_2,0,2021-11-08 12:00:00,open_meteo_daily_by_venue_coordinates,Acrisure Stadium,40.4468,-80.0158,62.8,35.4,46.0,41.3,58.7,30.3,41.3,0.0,0.0,0.0,13.4,222.0,11.87,2.0
2021_REG_09_CLE_CIN_20211107,WTH_01744,46.1,0.0,6.4,WMO_1,0,2021-11-07 12:00:00,open_meteo_daily_by_venue_coordinates,Paycor Stadium,39.0955,-84.516,59.5,35.4,46.1,41.3,54.9,30.1,41.3,0.0,0.0,0.0,10.3,231.0,12.72,1.0
2021_REG_09_DEN_DAL_20211107,WTH_01745,70.0,0.0,0.0,INDOOR,0,2021-11-07 12:00:00,open_meteo_indoor_controlled_daily_values,AT&T Stadium,32.7473,-97.0945,70.0,70.0,70.0,70.0,70.0,70.0,70.0,0.0,0.0,0.0,0.0,,,
2021_REG_09_GB_KC_20211107,WTH_01746,54.4,0.0,14.8,WMO_3,0,2021-11-07 12:00:00,open_meteo_daily_by_venue_coordinates,Arrowhead Stadium,39.0489,-94.4839,65.8,47.4,54.4,48.7,60.7,41.1,48.7,0.0,0.0,0.0,29.1,183.0,12.16,3.0
2021_REG_09_HOU_MIA_20211107,WTH_01747,63.7,0.0,12.5,WMO_0,0,2021-11-07 12:00:00,open_meteo_daily_by_venue_coordinates,Hard Rock Stadium,25.958,-80.2389,73.6,54.4,63.7,62.5,73.2,51.6,62.5,0.0,0.0,0.0,25.1,302.0,18.4,0.0
2021_REG_09_LAC_PHI_20211107,WTH_01748,43.1,0.0,7.0,WMO_3,0,2021-11-07 12:00:00,open_meteo_daily_by_venue_coordinates,Lincoln Financial Field,39.9008,-75.1675,55.1,35.7,43.1,37.3,49.1,30.0,37.3,0.0,0.0,0.0,14.5,21.0,11.42,3.0
2021_REG_09_LV_NYG_20211107,WTH_01749,44.3,0.0,6.2,WMO_3,0,2021-11-07 12:00:00,open_meteo_daily_by_venue_coordinates,MetLife Stadium,40.8135,-74.0745,54.0,37.0,44.3,39.4,49.6,31.6,39.4,0.0,0.0,0.0,12.8,8.0,11.83,3.0
2021_REG_09_MIN_BAL_20211107,WTH_01750,45.1,0.0,8.8,WMO_3,0,2021-11-07 12:00:00,open_meteo_daily_by_venue_coordinates,M&T Bank Stadium,39.278,-76.6227,55.3,37.5,45.1,39.2,49.8,30.8,39.2,0.0,0.0,0.0,17.4,10.0,11.96,3.0
2021_REG_09_NE_CAR_20211107,WTH_01751,52.0,0.0,15.4,WMO_3,0,2021-11-07 12:00:00,open_meteo_daily_by_venue_coordinates,Bank of America Stadium,35.2258,-80.8528,62.2,46.8,52.0,43.4,54.5,37.5,43.4,0.0,0.0,0.0,27.1,18.0,14.1,3.0
2021_REG_09_NYJ_IND_20211104,WTH_01752,70.0,0.0,0.0,INDOOR,0,2021-11-04 12:00:00,open_meteo_indoor_controlled_daily_values,Lucas Oil Stadium,39.7601,-86.1639,70.0,70.0,70.0,70.0,70.0,70.0,70.0,0.0,0.0,0.0,0.0,,,
2021_REG_09_TEN_LAR_20211107,WTH_01753,70.0,0.0,0.0,INDOOR,0,2021-11-07 12:00:00,open_meteo_indoor_controlled_daily_values,SoFi Stadium,33.9535,-118.3392,70.0,70.0,70.0,70.0,70.0,70.0,70.0,0.0,0.0,0.0,0.0,,,
2021_REG_10_ATL_DAL_20211114,WTH_01754,70.0,0.0,0.0,INDOOR,0,2021-11-14 12:00:00,open_meteo_indoor_controlled_daily_values,AT&T Stadium,32.7473,-97.0945,70.0,70.0,70.0,70.0,70.0,70.0,70.0,0.0,0.0,0.0,0.0,,,
2021_REG_10_BAL_MIA_20211111,WTH_01755,74.0,0.173,10.1,WMO_61|PRECIP,0,2021-11-11 12:00:00,open_meteo_daily_by_venue_coordinates,Hard Rock Stadium,25.958,-80.2389,80.6,68.7,74.0,78.4,85.4,71.5,78.4,0.173,0.0,0.0,20.4,116.0,10.27,61.0
2021_REG_10_BUF_NYJ_20211114,WTH_01756,42.4,0.0,15.5,WMO_3,0,2021-11-14 12:00:00,open_meteo_daily_by_venue_coordinates,MetLife Stadium,40.8135,-74.0745,47.3,37.5,42.4,34.4,40.7,30.0,34.4,0.0,0.0,0.0,29.1,245.0,7.55,3.0
2021_REG_10_CAR_ARI_20211114,WTH_01757,70.0,0.0,0.0,INDOOR,0,2021-11-14 12:00:00,open_meteo_indoor_controlled_daily_values,State Farm Stadium,33.5276,-112.2626,70.0,70.0,70.0,70.0,70.0,70.0,70.0,0.0,0.0,0.0,0.0,,,
2021_REG_10_CLE_NE_20211114,WTH_01758,42.7,0.035,16.6,WMO_53|PRECIP,1,2021-11-14 12:00:00,open_meteo_daily_by_venue_coordinates,Gillette Stadium,42.0909,-71.2643,49.4,36.5,42.7,34.8,42.7,29.0,34.8,0.035,0.0,0.0,36.7,260.0,8.33,53.0
2021_REG_10_DET_PIT_20211114,WTH_01759,36.2,0.126,12.5,WMO_73|SNOW,1,2021-11-14 12:00:00,open_meteo_daily_by_venue_coordinates,Acrisure Stadium,40.4468,-80.0158,39.4,33.4,36.2,28.0,30.4,26.0,28.0,0.059,0.469,0.066,27.1,222.0,2.03,73.0
2021_REG_10_JAX_IND_20211114,WTH_01760,70.0,0.0,0.0,INDOOR,0,2021-11-14 12:00:00,open_meteo_indoor_controlled_daily_values,Lucas Oil Stadium,39.7601,-86.1639,70.0,70.0,70.0,70.0,70.0,70.0,70.0,0.0,0.0,0.0,0.0,,,
2021_REG_10_KC_LV_20211114,WTH_01761,70.0,0.0,0.0,INDOOR,0,2021-11-14 12:00:00,open_meteo_indoor_controlled_daily_values,Allegiant Stadium,36.0908,-115.183,70.0,70.0,70.0,70.0,70.0,70.0,70.0,0.0,0.0,0.0,0.0,,,
2021_REG_10_LAR_SF_20211115,WTH_01762,58.1,0.0,10.1,WMO_3,0,2021-11-15 12:00:00,open_meteo_daily_by_venue_coordinates,Levi's Stadium,37.403,-121.97,66.2,52.8,58.1,57.8,67.8,50.1,57.8,0.0,0.0,0.0,17.4,323.0,9.05,3.0
2021_REG_10_MIN_LAC_20211114,WTH_01763,70.0,0.0,0.0,INDOOR,0,2021-11-14 12:00:00,open_meteo_indoor_controlled_daily_values,SoFi Stadium,33.9535,-118.3392,70.0,70.0,70.0,70.0,70.0,70.0,70.0,0.0,0.0,0.0,0.0,,,
2021_REG_10_NO_TEN_20211114,WTH_01764,42.3,0.0,12.6,WMO_3,0,2021-11-14 12:00:00,open_meteo_daily_by_venue_coordinates,Nissan Stadium,36.1665,-86.7713,56.5,33.8,42.3,35.6,48.5,27.7,35.6,0.0,0.0,0.0,23.3,241.0,10.99,3.0
2021_REG_10_PHI_DEN_20211114,WTH_01765,47.6,0.0,7.9,WMO_3,0,2021-11-14 12:00:00,open_meteo_daily_by_venue_coordinates,Empower Field at Mile High,39.7439,-105.0201,69.1,30.4,47.6,41.5,62.8,24.3,41.5,0.0,0.0,0.0,16.6,132.0,10.84,3.0
2021_REG_10_SEA_GB_20211114,WTH_01766,33.6,0.244,14.1,WMO_73|SNOW,1,2021-11-14 12:00:00,open_meteo_daily_by_venue_coordinates,Lambeau Field,44.5013,-88.0622,38.0,30.6,33.6,25.4,27.9,21.6,25.4,0.004,1.681,0.098,27.7,331.0,4.54,73.0
2021_REG_10_TB_WSH_20211114,WTH_01767,41.9,0.0,10.0,WMO_3,0,2021-11-14 12:00:00,open_meteo_daily_by_venue_coordinates,Northwest Stadium,38.9078,-76.8644,47.8,35.8,41.9,34.3,39.7,28.6,34.3,0.0,0.0,0.0,21.5,245.0,7.19,3.0
2021_REG_11_ARI_SEA_20211121,WTH_01768,40.9,0.0,4.7,WMO_3,0,2021-11-21 12:00:00,open_meteo_daily_by_venue_coordinates,Lumen Field,47.5952,-122.3316,47.6,36.0,40.9,36.7,44.9,30.7,36.7,0.0,0.0,0.0,8.3,71.0,4.52,3.0
2021_REG_11_BAL_CHI_20211121,WTH_01769,41.5,0.012,20.2,WMO_51|PRECIP|WINDY,1,2021-11-21 12:00:00,open_meteo_daily_by_venue_coordinates,Soldier Field,41.8623,-87.6167,52.7,34.6,41.5,34.4,42.5,28.2,34.4,0.012,0.0,0.0,29.5,237.0,7.73,51.0
2021_REG_11_CIN_LV_20211121,WTH_01770,70.0,0.0,0.0,INDOOR,0,2021-11-21 12:00:00,open_meteo_indoor_controlled_daily_values,Allegiant Stadium,36.0908,-115.183,70.0,70.0,70.0,70.0,70.0,70.0,70.0,0.0,0.0,0.0,0.0,,,
2021_REG_11_DAL_KC_20211121,WTH_01771,47.0,0.0,12.2,WMO_3,0,2021-11-21 12:00:00,open_meteo_daily_by_venue_coordinates,Arrowhead Stadium,39.0489,-94.4839,54.4,40.6,47.0,41.1,46.1,34.7,41.1,0.0,0.0,0.0,25.7,351.0,10.72,3.0
2021_REG_11_DET_CLE_20211121,WTH_01772,41.2,0.157,14.0,WMO_61|PRECIP,0,2021-11-21 12:00:00,open_meteo_daily_by_venue_coordinates,Huntington Bank Field,41.5061,-81.6995,45.0,35.3,41.2,33.9,37.4,29.3,33.9,0.157,0.0,0.0,21.7,191.0,1.82,61.0
2021_REG_11_GB_MIN_20211121,WTH_01773,70.0,0.0,0.0,INDOOR,0,2021-11-21 12:00:00,open_meteo_indoor_controlled_daily_values,U.S. Bank Stadium,44.9738,-93.2575,70.0,70.0,70.0,70.0,70.0,70.0,70.0,0.0,0.0,0.0,0.0,,,
2021_REG_11_HOU_TEN_20211121,WTH_01774,48.8,0.902,10.7,WMO_63|PRECIP,1,2021-11-21 12:00:00,open_meteo_daily_by_venue_coordinates,Nissan Stadium,36.1665,-86.7713,54.8,43.1,48.8,44.1,52.7,36.9,44.1,0.902,0.0,0.0,19.5,182.0,2.88,63.0
2021_REG_11_IND_BUF_20211121,WTH_01775,42.3,0.224,16.2,WMO_61|PRECIP,0,2021-11-21 12:00:00,open_meteo_daily_by_venue_coordinates,Highmark Stadium,42.7738,-78.7868,49.7,38.8,42.3,33.7,41.5,30.4,33.7,0.224,0.0,0.0,31.3,190.0,4.56,61.0
2021_REG_11_MIA_NYJ_20211121,WTH_01776,45.8,0.0,9.7,WMO_3,0,2021-11-21 12:00:00,open_meteo_daily_by_venue_coordinates,MetLife Stadium,40.8135,-74.0745,53.4,41.2,45.8,40.4,47.3,35.6,40.4,0.0,0.0,0.0,16.3,206.0,9.52,3.0
2021_REG_11_NE_ATL_20211118,WTH_01777,70.0,0.0,0.0,INDOOR,0,2021-11-18 12:00:00,open_meteo_indoor_controlled_daily_values,Mercedes-Benz Stadium,33.7554,-84.4009,70.0,70.0,70.0,70.0,70.0,70.0,70.0,0.0,0.0,0.0,0.0,,,
2021_REG_11_NO_PHI_20211121,WTH_01778,44.3,0.0,7.6,WMO_3,0,2021-11-21 12:00:00,open_meteo_daily_by_venue_coordinates,Lincoln Financial Field,39.9008,-75.1675,56.0,35.4,44.3,39.5,50.2,29.3,39.5,0.0,0.0,0.0,15.0,206.0,8.97,3.0
2021_REG_11_NYG_TB_20211122,WTH_01779,69.5,0.197,13.5,WMO_61|PRECIP,0,2021-11-22 12:00:00,open_meteo_daily_by_venue_coordinates,Raymond James Stadium,27.9759,-82.5033,74.8,66.7,69.5,72.0,75.1,68.6,72.0,0.197,0.0,0.0,24.2,353.0,9.98,61.0
2021_REG_11_PIT_LAC_20211121,WTH_01780,70.0,0.0,0.0,INDOOR,0,2021-11-21 12:00:00,open_meteo_indoor_controlled_daily_values,SoFi Stadium,33.9535,-118.3392,70.0,70.0,70.0,70.0,70.0,70.0,70.0,0.0,0.0,0.0,0.0,,,
2021_REG_11_SF_JAX_20211121,WTH_01781,64.3,0.008,12.2,WMO_51|PRECIP,0,2021-11-21 12:00:00,open_meteo_daily_by_venue_coordinates,TIAA Bank Stadium,30.3239,-81.6373,71.8,59.5,64.3,63.9,72.1,58.7,63.9,0.008,0.0,0.0,20.6,19.0,12.2,51.0
2021_REG_11_WSH_CAR_20211121,WTH_01782,45.2,0.0,7.5,WMO_3,0,2021-11-21 12:00:00,open_meteo_daily_by_venue_coordinates,Bank of America Stadium,35.2258,-80.8528,62.6,33.1,45.2,39.8,58.0,27.1,39.8,0.0,0.0,0.0,15.4,65.0,10.36,3.0
2021_REG_12_ATL_JAX_20211128,WTH_01783,52.3,0.0,6.9,WMO_3,0,2021-11-28 12:00:00,open_meteo_daily_by_venue_coordinates,TIAA Bank Stadium,30.3239,-81.6373,61.4,45.5,52.3,49.0,56.8,41.8,49.0,0.0,0.0,0.0,11.9,274.0,5.85,3.0
2021_REG_12_BUF_NO_20211125,WTH_01784,70.0,0.0,0.0,INDOOR,0,2021-11-25 12:00:00,open_meteo_indoor_controlled_daily_values,Caesars Superdome,29.9511,-90.0812,70.0,70.0,70.0,70.0,70.0,70.0,70.0,0.0,0.0,0.0,0.0,,,
2021_REG_12_CAR_MIA_20211128,WTH_01785,64.1,0.0,6.5,WMO_3,0,2021-11-28 12:00:00,open_meteo_daily_by_venue_coordinates,Hard Rock Stadium,25.958,-80.2389,76.1,55.0,64.1,65.4,79.5,55.0,65.4,0.0,0.0,0.0,15.0,349.0,15.66,3.0
2021_REG_12_CHI_DET_20211125,WTH_01786,70.0,0.0,0.0,INDOOR,0,2021-11-25 12:00:00,open_meteo_indoor_controlled_daily_values,Ford Field,42.34,-83.0456,70.0,70.0,70.0,70.0,70.0,70.0,70.0,0.0,0.0,0.0,0.0,,,
2021_REG_12_CLE_BAL_20211128,WTH_01787,42.0,0.008,11.0,WMO_51|PRECIP,0,2021-11-28 12:00:00,open_meteo_daily_by_venue_coordinates,M&T Bank Stadium,39.278,-76.6227,53.6,34.2,42.0,36.1,47.2,28.4,36.1,0.008,0.0,0.0,19.5,238.0,9.84,51.0
2021_REG_12_LAC_DEN_20211128,WTH_01788,43.0,0.0,8.7,WMO_3,0,2021-11-28 12:00:00,open_meteo_daily_by_venue_coordinates,Empower Field at Mile High,39.7439,-105.0201,66.7,27.0,43.0,36.0,60.9,20.0,36.0,0.0,0.0,0.0,15.0,166.0,9.9,3.0
2021_REG_12_LAR_GB_20211128,WTH_01789,30.8,0.0,14.9,WMO_3,0,2021-11-28 12:00:00,open_meteo_daily_by_venue_coordinates,Lambeau Field,44.5013,-88.0622,37.1,27.7,30.8,21.1,25.8,17.9,21.1,0.0,0.0,0.066,29.5,298.0,7.89,3.0
2021_REG_12_LV_DAL_20211125,WTH_01790,70.0,0.0,0.0,INDOOR,0,2021-11-25 12:00:00,open_meteo_indoor_controlled_daily_values,AT&T Stadium,32.7473,-97.0945,70.0,70.0,70.0,70.0,70.0,70.0,70.0,0.0,0.0,0.0,0.0,,,
2021_REG_12_MIN_SF_20211128,WTH_01791,59.2,0.0,5.8,WMO_3,0,2021-11-28 12:00:00,open_meteo_daily_by_venue_coordinates,Levi's Stadium,37.403,-121.97,67.7,52.5,59.2,57.8,65.3,51.0,57.8,0.0,0.0,0.0,13.9,247.0,10.92,3.0
2021_REG_12_NYJ_HOU_20211128,WTH_01792,70.0,0.0,0.0,INDOOR,0,2021-11-28 12:00:00,open_meteo_indoor_controlled_daily_values,NRG Stadium,29.6847,-95.4107,70.0,70.0,70.0,70.0,70.0,70.0,70.0,0.0,0.0,0.0,0.0,,,
2021_REG_12_PHI_NYG_20211128,WTH_01793,35.1,0.055,7.4,WMO_73|SNOW,1,2021-11-28 12:00:00,open_meteo_daily_by_venue_coordinates,MetLife Stadium,40.8135,-74.0745,40.1,32.3,35.1,28.9,35.7,24.3,28.9,0.0,0.386,0.033,16.1,253.0,3.47,73.0
2021_REG_12_PIT_CIN_20211128,WTH_01794,39.9,0.0,13.8,WMO_3,0,2021-11-28 12:00:00,open_meteo_daily_by_venue_coordinates,Paycor Stadium,39.0955,-84.516,44.5,34.4,39.9,31.8,36.7,27.5,31.8,0.0,0.0,0.0,27.3,275.0,10.41,3.0
2021_REG_12_SEA_WSH_20211129,WTH_01795,40.7,0.0,15.3,WMO_3,0,2021-11-29 12:00:00,open_meteo_daily_by_venue_coordinates,Northwest Stadium,38.9078,-76.8644,45.7,33.6,40.7,32.1,40.7,24.5,32.1,0.0,0.0,0.0,34.2,314.0,8.04,3.0
2021_REG_12_TB_IND_20211128,WTH_01796,70.0,0.0,0.0,INDOOR,0,2021-11-28 12:00:00,open_meteo_indoor_controlled_daily_values,Lucas Oil Stadium,39.7601,-86.1639,70.0,70.0,70.0,70.0,70.0,70.0,70.0,0.0,0.0,0.0,0.0,,,
2021_REG_12_TEN_NE_20211128,WTH_01797,31.1,0.0,10.1,WMO_3,0,2021-11-28 12:00:00,open_meteo_daily_by_venue_coordinates,Gillette Stadium,42.0909,-71.2643,38.0,25.4,31.1,23.0,30.6,16.4,23.0,0.0,0.0,0.033,21.0,257.0,6.04,3.0
2021_REG_13_ARI_CHI_20211205,WTH_01798,37.9,0.157,17.1,WMO_61|PRECIP,0,2021-12-05 12:00:00,open_meteo_daily_by_venue_coordinates,Soldier Field,41.8623,-87.6167,47.4,34.5,37.9,29.3,42.7,24.0,29.3,0.157,0.0,0.0,25.1,142.0,1.24,61.0
2021_REG_13_BAL_PIT_20211205,WTH_01799,38.5,0.0,11.0,WMO_3,0,2021-12-05 12:00:00,open_meteo_daily_by_venue_coordinates,Acrisure Stadium,40.4468,-80.0158,50.1,30.6,38.5,31.6,42.4,24.8,31.6,0.0,0.0,0.0,21.7,122.0,5.78,3.0
2021_REG_13_DAL_NO_20211202,WTH_01800,70.0,0.0,0.0,INDOOR,0,2021-12-02 12:00:00,open_meteo_indoor_controlled_daily_values,Caesars Superdome,29.9511,-90.0812,70.0,70.0,70.0,70.0,70.0,70.0,70.0,0.0,0.0,0.0,0.0,,,
2021_REG_13_DEN_KC_20211205,WTH_01801,51.7,0.0,16.1,WMO_3,0,2021-12-05 12:00:00,open_meteo_daily_by_venue_coordinates,Arrowhead Stadium,39.0489,-94.4839,63.4,42.1,51.7,45.6,57.3,34.3,45.6,0.0,0.0,0.0,32.4,178.0,8.62,3.0
2021_REG_13_IND_HOU_20211205,WTH_01802,70.0,0.0,0.0,INDOOR,0,2021-12-05 12:00:00,open_meteo_indoor_controlled_daily_values,NRG Stadium,29.6847,-95.4107,70.0,70.0,70.0,70.0,70.0,70.0,70.0,0.0,0.0,0.0,0.0,,,
2021_REG_13_JAX_LAR_20211205,WTH_01803,70.0,0.0,0.0,INDOOR,0,2021-12-05 12:00:00,open_meteo_indoor_controlled_daily_values,SoFi Stadium,33.9535,-118.3392,70.0,70.0,70.0,70.0,70.0,70.0,70.0,0.0,0.0,0.0,0.0,,,
2021_REG_13_LAC_CIN_20211205,WTH_01804,42.5,0.012,13.7,WMO_51|PRECIP,0,2021-12-05 12:00:00,open_meteo_daily_by_venue_coordinates,Paycor Stadium,39.0955,-84.516,60.9,32.5,42.5,35.6,55.4,24.8,35.6,0.012,0.0,0.0,25.5,108.0,8.37,51.0
2021_REG_13_MIN_DET_20211205,WTH_01805,70.0,0.0,0.0,INDOOR,0,2021-12-05 12:00:00,open_meteo_indoor_controlled_daily_values,Ford Field,42.34,-83.0456,70.0,70.0,70.0,70.0,70.0,70.0,70.0,0.0,0.0,0.0,0.0,,,
2021_REG_13_NE_BUF_20211206,WTH_01806,46.1,0.539,31.2,WMO_71|SNOW|WINDY,1,2021-12-06 12:00:00,open_meteo_daily_by_venue_coordinates,Highmark Stadium,42.7738,-78.7868,51.6,36.7,46.1,34.0,43.7,20.1,34.0,0.531,0.055,0.066,58.8,205.0,1.11,71.0
2021_REG_13_NYG_MIA_20211205,WTH_01807,71.3,0.0,8.2,WMO_2,0,2021-12-05 12:00:00,open_meteo_daily_by_venue_coordinates,Hard Rock Stadium,25.958,-80.2389,81.4,63.6,71.3,74.1,85.4,65.5,74.1,0.0,0.0,0.0,17.2,67.0,14.08,2.0
2021_REG_13_PHI_NYJ_20211205,WTH_01808,39.3,0.0,9.4,WMO_3,0,2021-12-05 12:00:00,open_meteo_daily_by_venue_coordinates,MetLife Stadium,40.8135,-74.0745,45.9,32.3,39.3,33.0,40.4,25.8,33.0,0.0,0.0,0.0,16.8,274.0,8.34,3.0
2021_REG_13_SF_SEA_20211205,WTH_01809,40.5,0.094,10.7,WMO_55|PRECIP,0,2021-12-05 12:00:00,open_meteo_daily_by_venue_coordinates,Lumen Field,47.5952,-122.3316,43.2,37.0,40.5,34.9,39.0,31.7,34.9,0.094,0.0,0.0,18.8,31.0,4.22,55.0
2021_REG_13_TB_ATL_20211205,WTH_01810,70.0,0.0,0.0,INDOOR,0,2021-12-05 12:00:00,open_meteo_indoor_controlled_daily_values,Mercedes-Benz Stadium,33.7554,-84.4009,70.0,70.0,70.0,70.0,70.0,70.0,70.0,0.0,0.0,0.0,0.0,,,
2021_REG_13_WSH_LV_20211205,WTH_01811,70.0,0.0,0.0,INDOOR,0,2021-12-05 12:00:00,open_meteo_indoor_controlled_daily_values,Allegiant Stadium,36.0908,-115.183,70.0,70.0,70.0,70.0,70.0,70.0,70.0,0.0,0.0,0.0,0.0,,,
2021_REG_14_ATL_CAR_20211212,WTH_01812,49.8,0.232,14.9,WMO_63|PRECIP,0,2021-12-12 12:00:00,open_meteo_daily_by_venue_coordinates,Bank of America Stadium,35.2258,-80.8528,62.8,41.4,49.8,42.7,61.5,31.8,42.7,0.232,0.0,0.0,27.7,348.0,12.02,63.0
2021_REG_14_BAL_CLE_20211212,WTH_01813,38.6,0.004,25.4,WMO_51|PRECIP|WINDY,1,2021-12-12 12:00:00,open_meteo_daily_by_venue_coordinates,Huntington Bank Field,41.5061,-81.6995,46.2,32.9,38.6,27.2,34.6,22.8,27.2,0.004,0.0,0.0,41.2,241.0,8.63,51.0
2021_REG_14_BUF_TB_20211212,WTH_01814,72.4,0.02,8.6,WMO_51|PRECIP,0,2021-12-12 12:00:00,open_meteo_daily_by_venue_coordinates,Raymond James Stadium,27.9759,-82.5033,80.1,66.7,72.4,77.7,84.9,71.0,77.7,0.02,0.0,0.0,16.1,241.0,10.45,51.0
2021_REG_14_CHI_GB_20211212,WTH_01815,29.3,0.0,14.8,WMO_3,0,2021-12-12 12:00:00,open_meteo_daily_by_venue_coordinates,Lambeau Field,44.5013,-88.0622,38.0,23.2,29.3,18.9,27.1,12.6,18.9,0.0,0.0,0.525,29.1,231.0,7.29,3.0
2021_REG_14_DAL_WSH_20211212,WTH_01816,46.4,0.213,17.0,WMO_61|PRECIP,1,2021-12-12 12:00:00,open_meteo_daily_by_venue_coordinates,Northwest Stadium,38.9078,-76.8644,65.0,39.4,46.4,38.1,61.1,29.7,38.1,0.213,0.0,0.0,39.1,284.0,9.94,61.0
2021_REG_14_DET_DEN_20211212,WTH_01817,39.7,0.0,6.7,WMO_3,0,2021-12-12 12:00:00,open_meteo_daily_by_venue_coordinates,Empower Field at Mile High,39.7439,-105.0201,59.2,28.3,39.7,31.8,51.7,20.4,31.8,0.0,0.0,0.066,12.5,199.0,9.12,3.0
2021_REG_14_JAX_TEN_20211212,WTH_01818,39.5,0.0,7.3,WMO_3,0,2021-12-12 12:00:00,open_meteo_daily_by_venue_coordinates,Nissan Stadium,36.1665,-86.7713,47.7,31.8,39.5,33.8,42.3,26.4,33.8,0.0,0.0,0.0,16.6,13.0,11.31,3.0
2021_REG_14_LAR_ARI_20211213,WTH_01819,70.0,0.0,0.0,INDOOR,0,2021-12-13 12:00:00,open_meteo_indoor_controlled_daily_values,State Farm Stadium,33.5276,-112.2626,70.0,70.0,70.0,70.0,70.0,70.0,70.0,0.0,0.0,0.0,0.0,,,
2021_REG_14_LV_KC_20211212,WTH_01820,41.2,0.0,13.1,WMO_2,0,2021-12-12 12:00:00,open_meteo_daily_by_venue_coordinates,Arrowhead Stadium,39.0489,-94.4839,51.8,36.0,41.2,31.5,41.7,26.6,31.5,0.0,0.0,0.0,27.3,203.0,9.71,2.0
2021_REG_14_NO_NYJ_20211212,WTH_01821,48.0,0.161,21.8,WMO_63|PRECIP|WINDY,1,2021-12-12 12:00:00,open_meteo_daily_by_venue_coordinates,MetLife Stadium,40.8135,-74.0745,63.4,40.5,48.0,38.8,58.3,30.9,38.8,0.161,0.0,0.0,41.6,274.0,8.97,63.0
2021_REG_14_NYG_LAC_20211212,WTH_01822,70.0,0.0,0.0,INDOOR,0,2021-12-12 12:00:00,open_meteo_indoor_controlled_daily_values,SoFi Stadium,33.9535,-118.3392,70.0,70.0,70.0,70.0,70.0,70.0,70.0,0.0,0.0,0.0,0.0,,,
2021_REG_14_PIT_MIN_20211209,WTH_01823,70.0,0.0,0.0,INDOOR,0,2021-12-09 12:00:00,open_meteo_indoor_controlled_daily_values,U.S. Bank Stadium,44.9738,-93.2575,70.0,70.0,70.0,70.0,70.0,70.0,70.0,0.0,0.0,0.0,0.0,,,
2021_REG_14_SEA_HOU_20211212,WTH_01824,70.0,0.0,0.0,INDOOR,0,2021-12-12 12:00:00,open_meteo_indoor_controlled_daily_values,NRG Stadium,29.6847,-95.4107,70.0,70.0,70.0,70.0,70.0,70.0,70.0,0.0,0.0,0.0,0.0,,,
2021_REG_14_SF_CIN_20211212,WTH_01825,36.7,0.0,13.2,WMO_1,0,2021-12-12 12:00:00,open_meteo_daily_by_venue_coordinates,Paycor Stadium,39.0955,-84.516,47.1,30.2,36.7,28.7,38.4,22.5,28.7,0.0,0.0,0.0,25.1,240.0,9.82,1.0
2021_REG_15_ARI_DET_20211219,WTH_01826,70.0,0.0,0.0,INDOOR,0,2021-12-19 12:00:00,open_meteo_indoor_controlled_daily_values,Ford Field,42.34,-83.0456,70.0,70.0,70.0,70.0,70.0,70.0,70.0,0.0,0.0,0.0,0.0,,,
2021_REG_15_ATL_SF_20211219,WTH_01827,46.4,0.0,9.8,WMO_3,0,2021-12-19 12:00:00,open_meteo_daily_by_venue_coordinates,Levi's Stadium,37.403,-121.97,55.3,40.9,46.4,43.5,50.1,37.9,43.5,0.0,0.0,0.0,17.0,177.0,8.77,3.0
2021_REG_15_CAR_BUF_20211219,WTH_01828,28.9,0.071,10.3,WMO_73|SNOW,1,2021-12-19 12:00:00,open_meteo_daily_by_venue_coordinates,Highmark Stadium,42.7738,-78.7868,31.9,25.4,28.9,20.3,23.6,18.0,20.3,0.008,0.441,0.098,20.6,345.0,5.29,73.0
2021_REG_15_CIN_DEN_20211219,WTH_01829,34.8,0.0,8.1,WMO_3,0,2021-12-19 12:00:00,open_meteo_daily_by_venue_coordinates,Empower Field at Mile High,39.7439,-105.0201,57.7,23.6,34.8,26.0,50.1,14.2,26.0,0.0,0.0,0.0,15.7,178.0,8.65,3.0
2021_REG_15_DAL_NYG_20211219,WTH_01830,40.7,0.02,16.4,WMO_51|PRECIP,0,2021-12-19 12:00:00,open_meteo_daily_by_venue_coordinates,MetLife Stadium,40.8135,-74.0745,45.0,33.7,40.7,32.7,40.7,23.6,32.7,0.02,0.0,0.0,29.5,328.0,6.55,51.0
2021_REG_15_GB_BAL_20211219,WTH_01831,45.7,0.051,14.6,WMO_53|PRECIP,0,2021-12-19 12:00:00,open_meteo_daily_by_venue_coordinates,M&T Bank Stadium,39.278,-76.6227,55.1,37.3,45.7,38.4,53.0,28.5,38.4,0.051,0.0,0.0,26.4,327.0,5.9,53.0
2021_REG_15_HOU_JAX_20211219,WTH_01832,70.7,0.039,14.6,WMO_51|PRECIP,0,2021-12-19 12:00:00,open_meteo_daily_by_venue_coordinates,TIAA Bank Stadium,30.3239,-81.6373,78.3,65.8,70.7,73.8,79.4,68.7,73.8,0.039,0.0,0.0,24.8,222.0,9.08,51.0
2021_REG_15_KC_LAC_20211216,WTH_01833,70.0,0.0,0.0,INDOOR,0,2021-12-16 12:00:00,open_meteo_indoor_controlled_daily_values,SoFi Stadium,33.9535,-118.3392,70.0,70.0,70.0,70.0,70.0,70.0,70.0,0.0,0.0,0.0,0.0,,,
2021_REG_15_LV_CLE_20211220,WTH_01834,33.2,0.0,12.5,WMO_3,0,2021-12-20 12:00:00,open_meteo_daily_by_venue_coordinates,Huntington Bank Field,41.5061,-81.6995,42.1,27.8,33.2,24.8,32.6,19.8,24.8,0.0,0.0,0.0,20.8,201.0,8.31,3.0
2021_REG_15_MIN_CHI_20211220,WTH_01835,32.8,0.0,16.8,WMO_3,0,2021-12-20 12:00:00,open_meteo_daily_by_venue_coordinates,Soldier Field,41.8623,-87.6167,41.0,28.9,32.8,22.3,31.2,17.3,22.3,0.0,0.0,0.0,25.5,212.0,7.78,3.0
2021_REG_15_NE_IND_20211218,WTH_01836,70.0,0.0,0.0,INDOOR,0,2021-12-18 12:00:00,open_meteo_indoor_controlled_daily_values,Lucas Oil Stadium,39.7601,-86.1639,70.0,70.0,70.0,70.0,70.0,70.0,70.0,0.0,0.0,0.0,0.0,,,
2021_REG_15_NO_TB_20211219,WTH_01837,72.2,0.165,12.8,WMO_55|PRECIP,0,2021-12-19 12:00:00,open_meteo_daily_by_venue_coordinates,Raymond James Stadium,27.9759,-82.5033,78.6,68.5,72.2,76.9,82.4,72.3,76.9,0.165,0.0,0.0,22.1,196.0,9.65,55.0
2021_REG_15_NYJ_MIA_20211219,WTH_01838,73.3,0.606,9.0,WMO_63|PRECIP,1,2021-12-19 12:00:00,open_meteo_daily_by_venue_coordinates,Hard Rock Stadium,25.958,-80.2389,81.8,67.8,73.3,78.8,87.4,72.6,78.8,0.606,0.0,0.0,23.7,166.0,11.26,63.0
2021_REG_15_SEA_LAR_20211221,WTH_01839,70.0,0.0,0.0,INDOOR,0,2021-12-21 12:00:00,open_meteo_indoor_controlled_daily_values,SoFi Stadium,33.9535,-118.3392,70.0,70.0,70.0,70.0,70.0,70.0,70.0,0.0,0.0,0.0,0.0,,,
2021_REG_15_TEN_PIT_20211219,WTH_01840,35.8,0.13,12.7,WMO_63|PRECIP,0,2021-12-19 12:00:00,open_meteo_daily_by_venue_coordinates,Acrisure Stadium,40.4468,-80.0158,51.3,29.9,35.8,27.5,46.7,21.1,27.5,0.13,0.0,0.0,26.6,330.0,5.35,63.0
2021_REG_15_WSH_PHI_20211221,WTH_01841,32.5,0.0,5.0,WMO_3,0,2021-12-21 12:00:00,open_meteo_daily_by_venue_coordinates,Lincoln Financial Field,39.9008,-75.1675,41.1,27.3,32.5,26.1,34.9,20.3,26.1,0.0,0.0,0.0,9.6,213.0,5.72,3.0
2021_REG_16_BAL_CIN_20211226,WTH_01842,47.3,0.0,6.3,WMO_3,0,2021-12-26 12:00:00,open_meteo_daily_by_venue_coordinates,Paycor Stadium,39.0955,-84.516,54.8,40.2,47.3,44.4,53.8,36.3,44.4,0.0,0.0,0.0,16.8,333.0,8.65,3.0
2021_REG_16_BUF_NE_20211226,WTH_01843,34.6,0.28,12.9,WMO_73|SNOW,1,2021-12-26 12:00:00,open_meteo_daily_by_venue_coordinates,Gillette Stadium,42.0909,-71.2643,39.7,31.6,34.6,27.0,30.3,24.8,27.0,0.252,0.193,0.066,29.1,326.0,5.4,73.0
2021_REG_16_CHI_SEA_20211226,WTH_01844,31.2,0.441,18.0,WMO_75|SNOW,1,2021-12-26 12:00:00,open_meteo_daily_by_venue_coordinates,Lumen Field,47.5952,-122.3316,36.7,24.6,31.2,21.8,28.9,11.6,21.8,0.008,3.031,0.197,32.4,227.0,1.61,75.0
2021_REG_16_CLE_GB_20211225,WTH_01845,34.2,0.004,10.9,WMO_51|PRECIP,0,2021-12-25 12:00:00,open_meteo_daily_by_venue_coordinates,Lambeau Field,44.5013,-88.0622,38.8,27.3,34.2,27.2,33.9,19.5,27.2,0.004,0.0,0.033,19.7,329.0,6.82,51.0
2021_REG_16_DEN_LV_20211226,WTH_01846,70.0,0.0,0.0,INDOOR,0,2021-12-26 12:00:00,open_meteo_indoor_controlled_daily_values,Allegiant Stadium,36.0908,-115.183,70.0,70.0,70.0,70.0,70.0,70.0,70.0,0.0,0.0,0.0,0.0,,,
2021_REG_16_DET_ATL_20211226,WTH_01847,70.0,0.0,0.0,INDOOR,0,2021-12-26 12:00:00,open_meteo_indoor_controlled_daily_values,Mercedes-Benz Stadium,33.7554,-84.4009,70.0,70.0,70.0,70.0,70.0,70.0,70.0,0.0,0.0,0.0,0.0,,,
2021_REG_16_IND_ARI_20211225,WTH_01848,70.0,0.0,0.0,INDOOR,0,2021-12-25 12:00:00,open_meteo_indoor_controlled_daily_values,State Farm Stadium,33.5276,-112.2626,70.0,70.0,70.0,70.0,70.0,70.0,70.0,0.0,0.0,0.0,0.0,,,
2021_REG_16_JAX_NYJ_20211226,WTH_01849,45.0,0.0,13.6,WMO_3,0,2021-12-26 12:00:00,open_meteo_daily_by_venue_coordinates,MetLife Stadium,40.8135,-74.0745,48.2,40.5,45.0,37.9,43.6,32.0,37.9,0.0,0.0,0.033,24.2,315.0,6.49,3.0
2021_REG_16_LAC_HOU_20211226,WTH_01850,70.0,0.0,0.0,INDOOR,0,2021-12-26 12:00:00,open_meteo_indoor_controlled_daily_values,NRG Stadium,29.6847,-95.4107,70.0,70.0,70.0,70.0,70.0,70.0,70.0,0.0,0.0,0.0,0.0,,,
2021_REG_16_LAR_MIN_20211226,WTH_01851,70.0,0.0,0.0,INDOOR,0,2021-12-26 12:00:00,open_meteo_indoor_controlled_daily_values,U.S. Bank Stadium,44.9738,-93.2575,70.0,70.0,70.0,70.0,70.0,70.0,70.0,0.0,0.0,0.0,0.0,,,
2021_REG_16_MIA_NO_20211227,WTH_01852,70.0,0.0,0.0,INDOOR,0,2021-12-27 12:00:00,open_meteo_indoor_controlled_daily_values,Caesars Superdome,29.9511,-90.0812,70.0,70.0,70.0,70.0,70.0,70.0,70.0,0.0,0.0,0.0,0.0,,,
2021_REG_16_NYG_PHI_20211226,WTH_01853,49.7,0.067,11.6,WMO_53|PRECIP,0,2021-12-26 12:00:00,open_meteo_daily_by_venue_coordinates,Lincoln Financial Field,39.9008,-75.1675,54.5,43.4,49.7,44.8,52.6,37.2,44.8,0.067,0.0,0.0,20.4,302.0,9.04,53.0
2021_REG_16_PIT_KC_20211226,WTH_01854,46.5,0.012,18.5,WMO_51|PRECIP,1,2021-12-26 12:00:00,open_meteo_daily_by_venue_coordinates,Arrowhead Stadium,39.0489,-94.4839,64.0,37.3,46.5,41.2,59.1,32.3,41.2,0.012,0.0,0.0,36.0,135.0,4.17,51.0
2021_REG_16_SF_TEN_20211223,WTH_01855,38.0,0.0,9.3,WMO_2,0,2021-12-23 12:00:00,open_meteo_daily_by_venue_coordinates,Nissan Stadium,36.1665,-86.7713,55.4,26.9,38.0,31.3,48.0,18.7,31.3,0.0,0.0,0.0,16.3,185.0,11.02,2.0
2021_REG_16_TB_CAR_20211226,WTH_01856,62.8,0.008,15.8,WMO_51|PRECIP,0,2021-12-26 12:00:00,open_meteo_daily_by_venue_coordinates,Bank of America Stadium,35.2258,-80.8528,72.1,54.9,62.8,61.7,71.9,53.7,61.7,0.008,0.0,0.0,28.0,258.0,10.02,51.0
2021_REG_16_WSH_DAL_20211226,WTH_01857,70.0,0.0,0.0,INDOOR,0,2021-12-26 12:00:00,open_meteo_indoor_controlled_daily_values,AT&T Stadium,32.7473,-97.0945,70.0,70.0,70.0,70.0,70.0,70.0,70.0,0.0,0.0,0.0,0.0,,,
2021_REG_17_ARI_DAL_20220102,WTH_01858,70.0,0.0,0.0,INDOOR,0,2022-01-02 12:00:00,open_meteo_indoor_controlled_daily_values,AT&T Stadium,32.7473,-97.0945,70.0,70.0,70.0,70.0,70.0,70.0,70.0,0.0,0.0,0.0,0.0,,,
2021_REG_17_ATL_BUF_20220102,WTH_01859,29.1,0.496,11.7,WMO_75|SNOW,1,2022-01-02 12:00:00,open_meteo_daily_by_venue_coordinates,Highmark Stadium,42.7738,-78.7868,36.8,22.6,29.1,20.6,30.7,14.1,20.6,0.134,2.535,0.23,23.9,18.0,2.24,75.0
2021_REG_17_CAR_NO_20220102,WTH_01860,70.0,0.0,0.0,INDOOR,0,2022-01-02 12:00:00,open_meteo_indoor_controlled_daily_values,Caesars Superdome,29.9511,-90.0812,70.0,70.0,70.0,70.0,70.0,70.0,70.0,0.0,0.0,0.0,0.0,,,
2021_REG_17_CLE_PIT_20220103,WTH_01861,27.1,0.0,11.2,WMO_3,0,2022-01-03 12:00:00,open_meteo_daily_by_venue_coordinates,Acrisure Stadium,40.4468,-80.0158,31.4,22.6,27.1,17.9,22.9,12.0,17.9,0.0,0.0,0.0,23.9,342.0,8.85,3.0
2021_REG_17_DEN_LAC_20220102,WTH_01862,70.0,0.0,0.0,INDOOR,0,2022-01-02 12:00:00,open_meteo_indoor_controlled_daily_values,SoFi Stadium,33.9535,-118.3392,70.0,70.0,70.0,70.0,70.0,70.0,70.0,0.0,0.0,0.0,0.0,,,
2021_REG_17_DET_SEA_20220102,WTH_01863,34.9,0.213,13.8,WMO_75|SNOW,1,2022-01-02 12:00:00,open_meteo_daily_by_venue_coordinates,Lumen Field,47.5952,-122.3316,39.2,29.8,34.9,25.8,31.4,20.8,25.8,0.102,0.772,0.361,25.1,161.0,1.88,75.0
2021_REG_17_HOU_SF_20220102,WTH_01864,45.8,0.0,9.7,WMO_1,0,2022-01-02 12:00:00,open_meteo_daily_by_venue_coordinates,Levi's Stadium,37.403,-121.97,58.5,37.4,45.8,41.0,51.9,32.2,41.0,0.0,0.0,0.0,16.6,144.0,10.56,1.0
2021_REG_17_JAX_NE_20220102,WTH_01865,46.5,0.39,8.6,WMO_63|PRECIP,0,2022-01-02 12:00:00,open_meteo_daily_by_venue_coordinates,Gillette Stadium,42.0909,-71.2643,50.8,41.3,46.5,43.4,48.0,35.4,43.4,0.39,0.0,0.0,18.3,340.0,1.8,63.0
2021_REG_17_KC_CIN_20220102,WTH_01866,41.5,0.323,10.6,WMO_61|PRECIP,0,2022-01-02 12:00:00,open_meteo_daily_by_venue_coordinates,Paycor Stadium,39.0955,-84.516,52.4,32.1,41.5,35.7,51.1,22.3,35.7,0.323,0.0,0.0,22.4,340.0,3.86,61.0
2021_REG_17_LAR_BAL_20220102,WTH_01867,57.2,0.524,16.9,WMO_63|PRECIP,1,2022-01-02 12:00:00,open_meteo_daily_by_venue_coordinates,M&T Bank Stadium,39.278,-76.6227,64.3,52.9,57.2,55.4,63.0,44.9,55.4,0.524,0.0,0.0,28.4,269.0,4.17,63.0
2021_REG_17_LV_IND_20220102,WTH_01868,70.0,0.0,0.0,INDOOR,0,2022-01-02 12:00:00,open_meteo_indoor_controlled_daily_values,Lucas Oil Stadium,39.7601,-86.1639,70.0,70.0,70.0,70.0,70.0,70.0,70.0,0.0,0.0,0.0,0.0,,,
2021_REG_17_MIA_TEN_20220102,WTH_01869,49.6,0.744,11.4,WMO_73|SNOW,1,2022-01-02 12:00:00,open_meteo_daily_by_venue_coordinates,Nissan Stadium,36.1665,-86.7713,58.4,35.1,49.6,46.1,58.8,27.7,46.1,0.724,0.138,0.0,22.8,327.0,1.86,73.0
2021_REG_17_MIN_GB_20220102,WTH_01870,9.9,0.0,10.3,WMO_3,1,2022-01-02 12:00:00,open_meteo_daily_by_venue_coordinates,Lambeau Field,44.5013,-88.0622,16.4,2.1,9.9,0.7,8.4,-6.9,0.7,0.0,0.0,0.328,20.4,335.0,7.55,3.0
2021_REG_17_NYG_CHI_20220102,WTH_01871,26.2,0.276,26.5,WMO_75|SNOW|WINDY,1,2022-01-02 12:00:00,open_meteo_daily_by_venue_coordinates,Soldier Field,41.8623,-87.6167,31.2,20.3,26.2,13.3,16.8,8.2,13.3,0.0,1.929,0.197,38.7,11.0,4.06,75.0
2021_REG_17_PHI_WSH_20220102,WTH_01872,59.1,0.665,14.1,WMO_63|PRECIP,1,2022-01-02 12:00:00,open_meteo_daily_by_venue_coordinates,Northwest Stadium,38.9078,-76.8644,65.0,55.2,59.1,58.1,64.0,48.5,58.1,0.665,0.0,0.0,32.2,243.0,4.14,63.0
2021_REG_17_TB_NYJ_20220102,WTH_01873,51.0,0.98,13.3,WMO_65|PRECIP,1,2022-01-02 12:00:00,open_meteo_daily_by_venue_coordinates,MetLife Stadium,40.8135,-74.0745,55.8,45.4,51.0,47.8,52.3,36.5,47.8,0.98,0.0,0.0,32.7,324.0,2.22,65.0
2021_REG_18_CAR_TB_20220109,WTH_01874,70.7,0.004,12.9,WMO_51|PRECIP,0,2022-01-09 12:00:00,open_meteo_daily_by_venue_coordinates,Raymond James Stadium,27.9759,-82.5033,82.9,63.0,70.7,70.6,83.7,62.5,70.6,0.004,0.0,0.0,22.8,104.0,13.74,51.0
2021_REG_18_CHI_MIN_20220109,WTH_01875,70.0,0.0,0.0,INDOOR,0,2022-01-09 12:00:00,open_meteo_indoor_controlled_daily_values,U.S. Bank Stadium,44.9738,-93.2575,70.0,70.0,70.0,70.0,70.0,70.0,70.0,0.0,0.0,0.0,0.0,,,
2021_REG_18_CIN_CLE_20220109,WTH_01876,37.6,0.22,26.4,WMO_61|PRECIP|WINDY,1,2022-01-09 12:00:00,open_meteo_daily_by_venue_coordinates,Huntington Bank Field,41.5061,-81.6995,40.8,30.0,37.6,26.2,31.3,12.9,26.2,0.22,0.0,0.131,41.6,237.0,3.12,61.0
2021_REG_18_DAL_PHI_20220108,WTH_01877,22.5,0.0,13.7,WMO_0,0,2022-01-08 12:00:00,open_meteo_daily_by_venue_coordinates,Lincoln Financial Field,39.9008,-75.1675,30.3,14.8,22.5,13.5,24.3,6.1,13.5,0.0,0.0,0.295,23.7,288.0,10.31,0.0
2021_REG_18_GB_DET_20220109,WTH_01878,70.0,0.0,0.0,INDOOR,0,2022-01-09 12:00:00,open_meteo_indoor_controlled_daily_values,Ford Field,42.34,-83.0456,70.0,70.0,70.0,70.0,70.0,70.0,70.0,0.0,0.0,0.0,0.0,,,
2021_REG_18_IND_JAX_20220109,WTH_01879,66.1,0.0,12.2,WMO_3,0,2022-01-09 12:00:00,open_meteo_daily_by_venue_coordinates,TIAA Bank Stadium,30.3239,-81.6373,75.9,57.7,66.1,66.4,77.3,57.1,66.4,0.0,0.0,0.0,21.5,141.0,13.28,3.0
2021_REG_18_KC_DEN_20220108,WTH_01880,28.9,0.0,9.7,WMO_3,0,2022-01-08 12:00:00,open_meteo_daily_by_venue_coordinates,Empower Field at Mile High,39.7439,-105.0201,41.3,15.2,28.9,21.2,35.4,5.5,21.2,0.0,0.0,0.328,16.1,223.0,8.38,3.0
2021_REG_18_LAC_LV_20220109,WTH_01881,70.0,0.0,0.0,INDOOR,0,2022-01-09 12:00:00,open_meteo_indoor_controlled_daily_values,Allegiant Stadium,36.0908,-115.183,70.0,70.0,70.0,70.0,70.0,70.0,70.0,0.0,0.0,0.0,0.0,,,
2021_REG_18_NE_MIA_20220109,WTH_01882,71.8,0.386,11.9,WMO_63|PRECIP,0,2022-01-09 12:00:00,open_meteo_daily_by_venue_coordinates,Hard Rock Stadium,25.958,-80.2389,75.1,69.6,71.8,74.2,77.8,70.9,74.2,0.386,0.0,0.0,23.9,84.0,6.51,63.0
2021_REG_18_NO_ATL_20220109,WTH_01883,70.0,0.0,0.0,INDOOR,0,2022-01-09 12:00:00,open_meteo_indoor_controlled_daily_values,Mercedes-Benz Stadium,33.7554,-84.4009,70.0,70.0,70.0,70.0,70.0,70.0,70.0,0.0,0.0,0.0,0.0,,,
2021_REG_18_NYJ_BUF_20220109,WTH_01884,36.2,0.272,21.0,WMO_71|SNOW|WINDY,1,2022-01-09 12:00:00,open_meteo_daily_by_venue_coordinates,Highmark Stadium,42.7738,-78.7868,40.8,29.4,36.2,24.5,29.6,18.1,24.5,0.256,0.11,0.262,40.9,224.0,1.69,71.0
2021_REG_18_PIT_BAL_20220109,WTH_01885,33.6,0.232,14.3,WMO_55|PRECIP,0,2022-01-09 12:00:00,open_meteo_daily_by_venue_coordinates,M&T Bank Stadium,39.278,-76.6227,46.3,24.6,33.6,25.7,40.1,16.9,25.7,0.232,0.0,0.295,24.2,200.0,3.05,55.0
2021_REG_18_SEA_ARI_20220109,WTH_01886,70.0,0.0,0.0,INDOOR,0,2022-01-09 12:00:00,open_meteo_indoor_controlled_daily_values,State Farm Stadium,33.5276,-112.2626,70.0,70.0,70.0,70.0,70.0,70.0,70.0,0.0,0.0,0.0,0.0,,,
2021_REG_18_SF_LAR_20220109,WTH_01887,70.0,0.0,0.0,INDOOR,0,2022-01-09 12:00:00,open_meteo_indoor_controlled_daily_values,SoFi Stadium,33.9535,-118.3392,70.0,70.0,70.0,70.0,70.0,70.0,70.0,0.0,0.0,0.0,0.0,,,
2021_REG_18_TEN_HOU_20220109,WTH_01888,70.0,0.0,0.0,INDOOR,0,2022-01-09 12:00:00,open_meteo_indoor_controlled_daily_values,NRG Stadium,29.6847,-95.4107,70.0,70.0,70.0,70.0,70.0,70.0,70.0,0.0,0.0,0.0,0.0,,,
2021_REG_18_WSH_NYG_20220109,WTH_01889,30.2,0.114,14.8,WMO_53|PRECIP,0,2022-01-09 12:00:00,open_meteo_daily_by_venue_coordinates,MetLife Stadium,40.8135,-74.0745,39.0,21.8,30.2,21.4,32.5,13.3,21.4,0.114,0.0,0.197,26.2,212.0,2.96,53.0
2022_CON_21_CIN_KC_20230129,WTH_01890,21.8,0.0,13.0,WMO_3,0,2023-01-29 12:00:00,open_meteo_daily_by_venue_coordinates,Arrowhead Stadium,39.0489,-94.4839,41.4,13.5,21.8,11.2,33.9,2.2,11.2,0.0,0.0,0.066,25.7,355.0,8.34,3.0
2022_CON_21_SF_PHI_20230129,WTH_01891,41.4,0.012,11.9,WMO_51|PRECIP,0,2023-01-29 12:00:00,open_meteo_daily_by_venue_coordinates,Lincoln Financial Field,39.9008,-75.1675,51.4,33.3,41.4,34.9,45.4,26.4,34.9,0.012,0.0,0.0,21.5,208.0,4.7,51.0
2022_POST_19_BAL_CIN_20230115,WTH_01892,28.8,0.0,6.6,WMO_3,0,2023-01-15 12:00:00,open_meteo_daily_by_venue_coordinates,Paycor Stadium,39.0955,-84.516,40.9,22.5,28.8,21.5,33.2,15.5,21.5,0.0,0.0,0.0,16.3,108.0,9.35,3.0
2022_POST_19_DAL_TB_20230116,WTH_01893,48.0,0.0,6.3,WMO_0,0,2023-01-16 12:00:00,open_meteo_daily_by_venue_coordinates,Raymond James Stadium,27.9759,-82.5033,62.4,37.3,48.0,43.4,58.9,31.9,43.4,0.0,0.0,0.0,13.0,58.0,16.35,0.0
2022_POST_19_LAC_JAX_20230114,WTH_01894,44.2,0.0,18.7,WMO_3,0,2023-01-14 12:00:00,open_meteo_daily_by_venue_coordinates,TIAA Bank Stadium,30.3239,-81.6373,49.6,38.5,44.2,33.7,39.1,28.3,33.7,0.0,0.0,0.0,32.0,307.0,15.15,3.0
2022_POST_19_MIA_BUF_20230115,WTH_01895,24.5,0.0,8.1,WMO_3,0,2023-01-15 12:00:00,open_meteo_daily_by_venue_coordinates,Highmark Stadium,42.7738,-78.7868,30.5,18.9,24.5,17.0,23.3,12.1,17.0,0.0,0.0,0.164,16.3,355.0,8.26,3.0
2022_POST_19_NYG_MIN_20230115,WTH_01896,70.0,0.0,0.0,INDOOR,0,2023-01-15 12:00:00,open_meteo_indoor_controlled_daily_values,U.S. Bank Stadium,44.9738,-93.2575,70.0,70.0,70.0,70.0,70.0,70.0,70.0,0.0,0.0,0.0,0.0,,,
2022_POST_19_SEA_SF_20230114,WTH_01897,55.1,1.012,16.5,WMO_63|PRECIP,1,2023-01-14 12:00:00,open_meteo_daily_by_venue_coordinates,Levi's Stadium,37.403,-121.97,58.1,52.4,55.1,51.3,57.3,47.7,51.3,1.012,0.0,0.0,32.2,140.0,3.04,63.0
2022_POST_20_CIN_BUF_20230122,WTH_01898,32.3,0.118,6.5,WMO_73|SNOW,1,2023-01-22 12:00:00,open_meteo_daily_by_venue_coordinates,Highmark Stadium,42.7738,-78.7868,36.1,29.3,32.3,25.9,31.1,21.6,25.9,0.0,0.827,0.164,13.9,178.0,2.91,73.0
2022_POST_20_DAL_SF_20230122,WTH_01899,47.3,0.0,14.1,WMO_3,0,2023-01-22 12:00:00,open_meteo_daily_by_venue_coordinates,Levi's Stadium,37.403,-121.97,57.1,40.3,47.3,42.3,48.8,35.0,42.3,0.0,0.0,0.0,23.3,311.0,12.23,3.0
2022_POST_20_JAX_KC_20230121,WTH_01900,31.5,0.083,5.7,WMO_73|SNOW,1,2023-01-21 12:00:00,open_meteo_daily_by_venue_coordinates,Arrowhead Stadium,39.0489,-94.4839,37.5,26.4,31.5,25.5,32.1,19.6,25.5,0.035,0.331,0.033,9.4,143.0,2.91,73.0
2022_POST_20_NYG_PHI_20230121,WTH_01901,39.2,0.0,12.7,WMO_3,0,2023-01-21 12:00:00,open_meteo_daily_by_venue_coordinates,Lincoln Financial Field,39.9008,-75.1675,42.3,34.5,39.2,30.9,34.6,27.7,30.9,0.0,0.0,0.0,23.3,305.0,6.9,3.0
2022_POST_22_KC_PHI_20230212,WTH_01902,70.0,0.0,0.0,INDOOR,0,2023-02-12 12:00:00,open_meteo_indoor_controlled_daily_values,State Farm Stadium,33.5276,-112.2626,70.0,70.0,70.0,70.0,70.0,70.0,70.0,0.0,0.0,0.0,0.0,,,
2022_REG_01_BAL_NYJ_20220911,WTH_01903,70.2,0.35,6.7,WMO_61|PRECIP,0,2022-09-11 12:00:00,open_meteo_daily_by_venue_coordinates,MetLife Stadium,40.8135,-74.0745,76.3,66.2,70.2,73.4,79.6,68.4,73.4,0.35,0.0,0.0,13.6,224.0,6.31,61.0
2022_REG_01_BUF_LAR_20220908,WTH_01904,70.0,0.0,0.0,INDOOR,0,2022-09-08 12:00:00,open_meteo_indoor_controlled_daily_values,SoFi Stadium,33.9535,-118.3392,70.0,70.0,70.0,70.0,70.0,70.0,70.0,0.0,0.0,0.0,0.0,,,
2022_REG_01_CLE_CAR_20220911,WTH_01905,74.6,0.283,7.9,WMO_61|PRECIP,0,2022-09-11 12:00:00,open_meteo_daily_by_venue_coordinates,Bank of America Stadium,35.2258,-80.8528,84.3,69.8,74.6,80.8,90.6,75.3,80.8,0.283,0.0,0.0,16.6,171.0,15.46,61.0
2022_REG_01_DEN_SEA_20220912,WTH_01906,66.4,0.0,11.4,WMO_3,0,2022-09-12 12:00:00,open_meteo_daily_by_venue_coordinates,Lumen Field,47.5952,-122.3316,75.0,60.2,66.4,65.5,74.9,59.2,65.5,0.0,0.0,0.0,18.8,190.0,15.37,3.0
2022_REG_01_GB_MIN_20220911,WTH_01907,70.0,0.0,0.0,INDOOR,0,2022-09-11 12:00:00,open_meteo_indoor_controlled_daily_values,U.S. Bank Stadium,44.9738,-93.2575,70.0,70.0,70.0,70.0,70.0,70.0,70.0,0.0,0.0,0.0,0.0,,,
2022_REG_01_IND_HOU_20220911,WTH_01908,70.0,0.0,0.0,INDOOR,0,2022-09-11 12:00:00,open_meteo_indoor_controlled_daily_values,NRG Stadium,29.6847,-95.4107,70.0,70.0,70.0,70.0,70.0,70.0,70.0,0.0,0.0,0.0,0.0,,,
2022_REG_01_JAX_WSH_20220911,WTH_01909,72.8,0.957,8.0,WMO_63|PRECIP,1,2022-09-11 12:00:00,open_meteo_daily_by_venue_coordinates,Northwest Stadium,38.9078,-76.8644,80.9,68.5,72.8,78.4,87.0,72.8,78.4,0.957,0.0,0.0,19.2,142.0,8.84,63.0
2022_REG_01_KC_ARI_20220911,WTH_01910,70.0,0.0,0.0,INDOOR,0,2022-09-11 12:00:00,open_meteo_indoor_controlled_daily_values,State Farm Stadium,33.5276,-112.2626,70.0,70.0,70.0,70.0,70.0,70.0,70.0,0.0,0.0,0.0,0.0,,,
2022_REG_01_LV_LAC_20220911,WTH_01911,70.0,0.0,0.0,INDOOR,0,2022-09-11 12:00:00,open_meteo_indoor_controlled_daily_values,SoFi Stadium,33.9535,-118.3392,70.0,70.0,70.0,70.0,70.0,70.0,70.0,0.0,0.0,0.0,0.0,,,
2022_REG_01_NE_MIA_20220911,WTH_01912,81.5,0.437,8.3,WMO_63|PRECIP,0,2022-09-11 12:00:00,open_meteo_daily_by_venue_coordinates,Hard Rock Stadium,25.958,-80.2389,91.4,75.4,81.5,90.8,102.4,84.1,90.8,0.437,0.0,0.0,18.1,137.0,20.71,63.0
2022_REG_01_NO_ATL_20220911,WTH_01913,70.0,0.0,0.0,INDOOR,0,2022-09-11 12:00:00,open_meteo_indoor_controlled_daily_values,Mercedes-Benz Stadium,33.7554,-84.4009,70.0,70.0,70.0,70.0,70.0,70.0,70.0,0.0,0.0,0.0,0.0,,,
2022_REG_01_NYG_TEN_20220911,WTH_01914,71.5,0.803,7.9,WMO_65|PRECIP,1,2022-09-11 12:00:00,open_meteo_daily_by_venue_coordinates,Nissan Stadium,36.1665,-86.7713,78.8,67.3,71.5,76.6,84.6,72.1,76.6,0.803,0.0,0.0,21.0,210.0,11.11,65.0
2022_REG_01_PHI_DET_20220911,WTH_01915,70.0,0.0,0.0,INDOOR,0,2022-09-11 12:00:00,open_meteo_indoor_controlled_daily_values,Ford Field,42.34,-83.0456,70.0,70.0,70.0,70.0,70.0,70.0,70.0,0.0,0.0,0.0,0.0,,,
2022_REG_01_PIT_CIN_20220911,WTH_01916,69.8,0.713,9.9,WMO_63|PRECIP,1,2022-09-11 12:00:00,open_meteo_daily_by_venue_coordinates,Paycor Stadium,39.0955,-84.516,75.9,65.6,69.8,73.6,78.6,69.7,73.6,0.713,0.0,0.0,22.4,170.0,8.91,63.0
2022_REG_01_SF_CHI_20220911,WTH_01917,68.9,1.524,33.5,WMO_65|PRECIP|WINDY,1,2022-09-11 12:00:00,open_meteo_daily_by_venue_coordinates,Soldier Field,41.8623,-87.6167,76.7,60.5,68.9,71.8,81.2,48.4,71.8,1.524,0.0,0.0,50.1,345.0,5.52,65.0
2022_REG_01_TB_DAL_20220911,WTH_01918,70.0,0.0,0.0,INDOOR,0,2022-09-11 12:00:00,open_meteo_indoor_controlled_daily_values,AT&T Stadium,32.7473,-97.0945,70.0,70.0,70.0,70.0,70.0,70.0,70.0,0.0,0.0,0.0,0.0,,,
2022_REG_02_ARI_LV_20220918,WTH_01919,70.0,0.0,0.0,INDOOR,0,2022-09-18 12:00:00,open_meteo_indoor_controlled_daily_values,Allegiant Stadium,36.0908,-115.183,70.0,70.0,70.0,70.0,70.0,70.0,70.0,0.0,0.0,0.0,0.0,,,
2022_REG_02_ATL_LAR_20220918,WTH_01920,70.0,0.0,0.0,INDOOR,0,2022-09-18 12:00:00,open_meteo_indoor_controlled_daily_values,SoFi Stadium,33.9535,-118.3392,70.0,70.0,70.0,70.0,70.0,70.0,70.0,0.0,0.0,0.0,0.0,,,
2022_REG_02_CAR_NYG_20220918,WTH_01921,71.6,0.0,12.5,WMO_3,0,2022-09-18 12:00:00,open_meteo_daily_by_venue_coordinates,MetLife Stadium,40.8135,-74.0745,83.9,63.0,71.6,72.2,83.4,62.9,72.2,0.0,0.0,0.0,22.8,225.0,19.8,3.0
2022_REG_02_CHI_GB_20220918,WTH_01922,72.8,0.0,12.8,WMO_3,0,2022-09-18 12:00:00,open_meteo_daily_by_venue_coordinates,Lambeau Field,44.5013,-88.0622,80.9,65.4,72.8,73.6,80.7,66.3,73.6,0.0,0.0,0.0,25.7,232.0,14.66,3.0
2022_REG_02_CIN_DAL_20220918,WTH_01923,70.0,0.0,0.0,INDOOR,0,2022-09-18 12:00:00,open_meteo_indoor_controlled_daily_values,AT&T Stadium,32.7473,-97.0945,70.0,70.0,70.0,70.0,70.0,70.0,70.0,0.0,0.0,0.0,0.0,,,
2022_REG_02_HOU_DEN_20220918,WTH_01924,65.4,0.0,9.1,WMO_3,0,2022-09-18 12:00:00,open_meteo_daily_by_venue_coordinates,Empower Field at Mile High,39.7439,-105.0201,89.0,49.4,65.4,62.3,82.0,46.2,62.3,0.0,0.0,0.0,20.4,338.0,21.09,3.0
2022_REG_02_IND_JAX_20220918,WTH_01925,76.1,0.512,11.9,WMO_63|PRECIP,1,2022-09-18 12:00:00,open_meteo_daily_by_venue_coordinates,TIAA Bank Stadium,30.3239,-81.6373,80.8,72.1,76.1,81.7,86.9,77.5,81.7,0.512,0.0,0.0,22.4,35.0,14.72,63.0
2022_REG_02_LAC_KC_20220915,WTH_01926,74.3,0.0,12.0,WMO_3,0,2022-09-15 12:00:00,open_meteo_daily_by_venue_coordinates,Arrowhead Stadium,39.0489,-94.4839,83.8,65.4,74.3,72.4,80.7,63.6,72.4,0.0,0.0,0.0,26.2,166.0,18.27,3.0
2022_REG_02_MIA_BAL_20220918,WTH_01927,69.6,0.0,6.3,WMO_3,0,2022-09-18 12:00:00,open_meteo_daily_by_venue_coordinates,M&T Bank Stadium,39.278,-76.6227,83.4,58.5,69.6,71.1,86.0,59.0,71.1,0.0,0.0,0.0,13.2,217.0,19.58,3.0
2022_REG_02_MIN_PHI_20220919,WTH_01928,74.5,0.0,13.5,WMO_3,0,2022-09-19 12:00:00,open_meteo_daily_by_venue_coordinates,Lincoln Financial Field,39.9008,-75.1675,85.1,65.8,74.5,76.0,84.8,68.7,76.0,0.0,0.0,0.0,26.2,230.0,17.48,3.0
2022_REG_02_NE_PIT_20220918,WTH_01929,70.4,0.0,10.8,WMO_3,0,2022-09-18 12:00:00,open_meteo_daily_by_venue_coordinates,Acrisure Stadium,40.4468,-80.0158,81.0,62.0,70.4,71.4,79.6,62.9,71.4,0.0,0.0,0.0,23.0,225.0,16.24,3.0
2022_REG_02_NYJ_CLE_20220918,WTH_01930,73.7,0.0,13.3,WMO_3,0,2022-09-18 12:00:00,open_meteo_daily_by_venue_coordinates,Huntington Bank Field,41.5061,-81.6995,80.8,66.9,73.7,73.2,80.0,66.2,73.2,0.0,0.0,0.0,20.8,211.0,15.3,3.0
2022_REG_02_SEA_SF_20220918,WTH_01931,65.5,0.37,19.7,WMO_63|PRECIP,0,2022-09-18 12:00:00,open_meteo_daily_by_venue_coordinates,Levi's Stadium,37.403,-121.97,72.1,61.8,65.5,62.0,66.5,57.7,62.0,0.37,0.0,0.0,33.8,157.0,12.34,63.0
2022_REG_02_TB_NO_20220918,WTH_01932,70.0,0.0,0.0,INDOOR,0,2022-09-18 12:00:00,open_meteo_indoor_controlled_daily_values,Caesars Superdome,29.9511,-90.0812,70.0,70.0,70.0,70.0,70.0,70.0,70.0,0.0,0.0,0.0,0.0,,,
2022_REG_02_TEN_BUF_20220919,WTH_01933,68.8,0.894,17.0,WMO_65|PRECIP,1,2022-09-19 12:00:00,open_meteo_daily_by_venue_coordinates,Highmark Stadium,42.7738,-78.7868,72.0,66.0,68.8,68.5,73.5,65.3,68.5,0.894,0.0,0.0,34.7,235.0,8.62,65.0
2022_REG_02_WSH_DET_20220918,WTH_01934,70.0,0.0,0.0,INDOOR,0,2022-09-18 12:00:00,open_meteo_indoor_controlled_daily_values,Ford Field,42.34,-83.0456,70.0,70.0,70.0,70.0,70.0,70.0,70.0,0.0,0.0,0.0,0.0,,,
2022_REG_03_ATL_SEA_20220925,WTH_01935,61.7,0.0,11.9,WMO_3,0,2022-09-25 12:00:00,open_meteo_daily_by_venue_coordinates,Lumen Field,47.5952,-122.3316,72.9,54.0,61.7,59.5,70.1,52.8,59.5,0.0,0.0,0.0,25.3,3.0,15.36,3.0
2022_REG_03_BAL_NE_20220925,WTH_01936,57.6,0.024,10.8,WMO_51|PRECIP,0,2022-09-25 12:00:00,open_meteo_daily_by_venue_coordinates,Gillette Stadium,42.0909,-71.2643,68.1,48.9,57.6,54.8,65.3,45.5,54.8,0.024,0.0,0.0,25.1,225.0,11.34,51.0
2022_REG_03_BUF_MIA_20220925,WTH_01937,80.3,0.248,6.3,WMO_63|PRECIP,0,2022-09-25 12:00:00,open_meteo_daily_by_venue_coordinates,Hard Rock Stadium,25.958,-80.2389,89.4,73.8,80.3,89.4,99.0,82.0,89.4,0.248,0.0,0.0,15.7,80.0,20.78,63.0
2022_REG_03_CIN_NYJ_20220925,WTH_01938,62.4,0.0,13.8,WMO_3,0,2022-09-25 12:00:00,open_meteo_daily_by_venue_coordinates,MetLife Stadium,40.8135,-74.0745,75.0,53.5,62.4,60.0,73.0,51.2,60.0,0.0,0.0,0.0,23.7,216.0,9.51,3.0
2022_REG_03_DAL_NYG_20220926,WTH_01939,64.8,0.012,15.5,WMO_51|PRECIP,0,2022-09-26 12:00:00,open_meteo_daily_by_venue_coordinates,MetLife Stadium,40.8135,-74.0745,74.8,55.9,64.8,61.6,68.8,53.4,61.6,0.012,0.0,0.0,28.4,234.0,17.58,51.0
2022_REG_03_DET_MIN_20220925,WTH_01940,70.0,0.0,0.0,INDOOR,0,2022-09-25 12:00:00,open_meteo_indoor_controlled_daily_values,U.S. Bank Stadium,44.9738,-93.2575,70.0,70.0,70.0,70.0,70.0,70.0,70.0,0.0,0.0,0.0,0.0,,,
2022_REG_03_GB_TB_20220925,WTH_01941,77.7,0.067,11.4,WMO_53|PRECIP,0,2022-09-25 12:00:00,open_meteo_daily_by_venue_coordinates,Raymond James Stadium,27.9759,-82.5033,82.8,72.6,77.7,83.3,90.0,77.9,83.3,0.067,0.0,0.0,18.1,58.0,12.1,53.0
2022_REG_03_HOU_CHI_20220925,WTH_01942,61.7,0.39,17.3,WMO_63|PRECIP,0,2022-09-25 12:00:00,open_meteo_daily_by_venue_coordinates,Soldier Field,41.8623,-87.6167,67.5,57.4,61.7,58.5,64.4,51.9,58.5,0.39,0.0,0.0,29.5,288.0,12.11,63.0
2022_REG_03_JAX_LAC_20220925,WTH_01943,70.0,0.0,0.0,INDOOR,0,2022-09-25 12:00:00,open_meteo_indoor_controlled_daily_values,SoFi Stadium,33.9535,-118.3392,70.0,70.0,70.0,70.0,70.0,70.0,70.0,0.0,0.0,0.0,0.0,,,
2022_REG_03_KC_IND_20220925,WTH_01944,70.0,0.0,0.0,INDOOR,0,2022-09-25 12:00:00,open_meteo_indoor_controlled_daily_values,Lucas Oil Stadium,39.7601,-86.1639,70.0,70.0,70.0,70.0,70.0,70.0,70.0,0.0,0.0,0.0,0.0,,,
2022_REG_03_LAR_ARI_20220925,WTH_01945,70.0,0.0,0.0,INDOOR,0,2022-09-25 12:00:00,open_meteo_indoor_controlled_daily_values,State Farm Stadium,33.5276,-112.2626,70.0,70.0,70.0,70.0,70.0,70.0,70.0,0.0,0.0,0.0,0.0,,,
2022_REG_03_LV_TEN_20220925,WTH_01946,72.4,0.201,14.7,WMO_63|PRECIP,0,2022-09-25 12:00:00,open_meteo_daily_by_venue_coordinates,Nissan Stadium,36.1665,-86.7713,79.5,66.9,72.4,73.6,80.7,68.4,73.6,0.201,0.0,0.0,27.7,236.0,12.63,63.0
2022_REG_03_NO_CAR_20220925,WTH_01947,67.6,0.0,13.8,WMO_3,0,2022-09-25 12:00:00,open_meteo_daily_by_venue_coordinates,Bank of America Stadium,35.2258,-80.8528,76.5,60.7,67.6,64.5,75.5,55.9,64.5,0.0,0.0,0.0,25.5,219.0,9.5,3.0
2022_REG_03_PHI_WSH_20220925,WTH_01948,65.8,0.209,11.4,WMO_63|PRECIP,0,2022-09-25 12:00:00,open_meteo_daily_by_venue_coordinates,Northwest Stadium,38.9078,-76.8644,81.9,58.5,65.8,64.3,80.0,55.0,64.3,0.209,0.0,0.0,31.1,209.0,14.43,63.0
2022_REG_03_PIT_CLE_20220922,WTH_01949,64.4,0.083,21.7,WMO_51|PRECIP|WINDY,1,2022-09-22 12:00:00,open_meteo_daily_by_venue_coordinates,Huntington Bank Field,41.5061,-81.6995,77.4,58.0,64.4,59.0,77.8,48.9,59.0,0.083,0.0,0.0,35.6,317.0,14.08,51.0
2022_REG_03_SF_DEN_20220925,WTH_01950,60.8,0.0,11.5,WMO_0,0,2022-09-25 12:00:00,open_meteo_daily_by_venue_coordinates,Empower Field at Mile High,39.7439,-105.0201,76.5,45.1,60.8,55.9,69.8,40.5,55.9,0.0,0.0,0.0,19.7,342.0,20.16,0.0
2022_REG_04_ARI_CAR_20221002,WTH_01951,59.6,0.0,14.0,WMO_3,0,2022-10-02 12:00:00,open_meteo_daily_by_venue_coordinates,Bank of America Stadium,35.2258,-80.8528,66.6,51.8,59.6,56.7,63.6,48.0,56.7,0.0,0.0,0.0,27.3,351.0,12.71,3.0
2022_REG_04_BUF_BAL_20221002,WTH_01952,57.3,1.295,15.6,WMO_63|PRECIP,1,2022-10-02 12:00:00,open_meteo_daily_by_venue_coordinates,M&T Bank Stadium,39.278,-76.6227,59.5,53.6,57.3,53.8,59.6,47.7,53.8,1.295,0.0,0.0,27.3,26.0,2.09,63.0
2022_REG_04_CHI_NYG_20221002,WTH_01953,56.6,0.303,19.2,WMO_61|PRECIP,1,2022-10-02 12:00:00,open_meteo_daily_by_venue_coordinates,MetLife Stadium,40.8135,-74.0745,59.0,52.6,56.6,49.6,55.4,43.6,49.6,0.303,0.0,0.0,36.2,33.0,2.49,61.0
2022_REG_04_CLE_ATL_20221002,WTH_01954,70.0,0.0,0.0,INDOOR,0,2022-10-02 12:00:00,open_meteo_indoor_controlled_daily_values,Mercedes-Benz Stadium,33.7554,-84.4009,70.0,70.0,70.0,70.0,70.0,70.0,70.0,0.0,0.0,0.0,0.0,,,
2022_REG_04_DEN_LV_20221002,WTH_01955,70.0,0.0,0.0,INDOOR,0,2022-10-02 12:00:00,open_meteo_indoor_controlled_daily_values,Allegiant Stadium,36.0908,-115.183,70.0,70.0,70.0,70.0,70.0,70.0,70.0,0.0,0.0,0.0,0.0,,,
2022_REG_04_JAX_PHI_20221002,WTH_01956,57.3,1.343,18.2,WMO_63|PRECIP,1,2022-10-02 12:00:00,open_meteo_daily_by_venue_coordinates,Lincoln Financial Field,39.9008,-75.1675,60.7,50.5,57.3,51.9,57.4,42.9,51.9,1.343,0.0,0.0,32.7,40.0,2.02,63.0
2022_REG_04_KC_TB_20221002,WTH_01957,73.1,0.0,10.9,WMO_0,0,2022-10-02 12:00:00,open_meteo_daily_by_venue_coordinates,Raymond James Stadium,27.9759,-82.5033,81.5,65.8,73.1,76.0,86.0,68.0,76.0,0.0,0.0,0.0,19.2,323.0,22.45,0.0
2022_REG_04_LAC_HOU_20221002,WTH_01958,70.0,0.0,0.0,INDOOR,0,2022-10-02 12:00:00,open_meteo_indoor_controlled_daily_values,NRG Stadium,29.6847,-95.4107,70.0,70.0,70.0,70.0,70.0,70.0,70.0,0.0,0.0,0.0,0.0,,,
2022_REG_04_LAR_SF_20221003,WTH_01959,63.5,0.0,15.0,WMO_3,0,2022-10-03 12:00:00,open_meteo_daily_by_venue_coordinates,Levi's Stadium,37.403,-121.97,74.3,56.0,63.5,62.4,73.0,55.8,62.4,0.0,0.0,0.0,25.9,332.0,19.08,3.0
2022_REG_04_MIA_CIN_20220929,WTH_01960,54.6,0.0,11.7,WMO_3,0,2022-09-29 12:00:00,open_meteo_daily_by_venue_coordinates,Paycor Stadium,39.0955,-84.516,66.6,45.9,54.6,49.9,60.8,41.8,49.9,0.0,0.0,0.0,24.8,46.0,16.62,3.0
2022_REG_04_MIN_NO_20221002,WTH_01961,56.7,0.0,10.4,WMO_3,0,2022-10-02 12:00:00,open_meteo_daily_by_venue_coordinates,Tottenham Hotspur Stadium,51.6043,-0.0664,63.4,48.8,56.7,53.7,59.1,46.0,53.7,0.0,0.0,0.0,19.0,301.0,10.25,3.0
2022_REG_04_NE_GB_20221002,WTH_01962,56.9,0.0,8.9,WMO_3,0,2022-10-02 12:00:00,open_meteo_daily_by_venue_coordinates,Lambeau Field,44.5013,-88.0622,62.8,51.9,56.9,54.2,59.3,50.3,54.2,0.0,0.0,0.0,19.9,43.0,14.63,3.0
2022_REG_04_NYJ_PIT_20221002,WTH_01963,55.6,0.272,11.9,WMO_63|PRECIP,0,2022-10-02 12:00:00,open_meteo_daily_by_venue_coordinates,Acrisure Stadium,40.4468,-80.0158,63.3,52.2,55.6,51.4,59.2,47.3,51.4,0.272,0.0,0.0,25.5,28.0,7.79,63.0
2022_REG_04_SEA_DET_20221002,WTH_01964,70.0,0.0,0.0,INDOOR,0,2022-10-02 12:00:00,open_meteo_indoor_controlled_daily_values,Ford Field,42.34,-83.0456,70.0,70.0,70.0,70.0,70.0,70.0,70.0,0.0,0.0,0.0,0.0,,,
2022_REG_04_TEN_IND_20221002,WTH_01965,70.0,0.0,0.0,INDOOR,0,2022-10-02 12:00:00,open_meteo_indoor_controlled_daily_values,Lucas Oil Stadium,39.7601,-86.1639,70.0,70.0,70.0,70.0,70.0,70.0,70.0,0.0,0.0,0.0,0.0,,,
2022_REG_04_WSH_DAL_20221002,WTH_01966,70.0,0.0,0.0,INDOOR,0,2022-10-02 12:00:00,open_meteo_indoor_controlled_daily_values,AT&T Stadium,32.7473,-97.0945,70.0,70.0,70.0,70.0,70.0,70.0,70.0,0.0,0.0,0.0,0.0,,,
2022_REG_05_ATL_TB_20221009,WTH_01967,74.5,0.0,11.5,WMO_2,0,2022-10-09 12:00:00,open_meteo_daily_by_venue_coordinates,Raymond James Stadium,27.9759,-82.5033,85.8,65.7,74.5,77.7,91.9,67.5,77.7,0.0,0.0,0.0,19.0,49.0,20.19,2.0
2022_REG_05_CHI_MIN_20221009,WTH_01968,70.0,0.0,0.0,INDOOR,0,2022-10-09 12:00:00,open_meteo_indoor_controlled_daily_values,U.S. Bank Stadium,44.9738,-93.2575,70.0,70.0,70.0,70.0,70.0,70.0,70.0,0.0,0.0,0.0,0.0,,,
2022_REG_05_CIN_BAL_20221009,WTH_01969,50.0,0.0,10.1,WMO_0,0,2022-10-09 12:00:00,open_meteo_daily_by_venue_coordinates,M&T Bank Stadium,39.278,-76.6227,61.4,41.4,50.0,44.8,55.3,36.1,44.8,0.0,0.0,0.0,18.8,261.0,17.92,0.0
2022_REG_05_DAL_LAR_20221009,WTH_01970,70.0,0.0,0.0,INDOOR,0,2022-10-09 12:00:00,open_meteo_indoor_controlled_daily_values,SoFi Stadium,33.9535,-118.3392,70.0,70.0,70.0,70.0,70.0,70.0,70.0,0.0,0.0,0.0,0.0,,,
2022_REG_05_DET_NE_20221009,WTH_01971,48.9,0.0,11.3,WMO_1,0,2022-10-09 12:00:00,open_meteo_daily_by_venue_coordinates,Gillette Stadium,42.0909,-71.2643,60.2,39.6,48.9,42.3,53.6,32.8,42.3,0.0,0.0,0.0,26.8,264.0,16.45,1.0
2022_REG_05_HOU_JAX_20221009,WTH_01972,71.3,0.0,8.8,WMO_3,0,2022-10-09 12:00:00,open_meteo_daily_by_venue_coordinates,TIAA Bank Stadium,30.3239,-81.6373,81.6,62.9,71.3,74.8,86.8,65.0,74.8,0.0,0.0,0.0,15.0,49.0,18.96,3.0
2022_REG_05_IND_DEN_20221006,WTH_01973,56.2,0.0,5.5,WMO_1,0,2022-10-06 12:00:00,open_meteo_daily_by_venue_coordinates,Empower Field at Mile High,39.7439,-105.0201,72.4,42.1,56.2,52.1,68.2,37.4,52.1,0.0,0.0,0.0,13.4,151.0,17.96,1.0
2022_REG_05_LAC_CLE_20221009,WTH_01974,50.9,0.0,14.1,WMO_3,0,2022-10-09 12:00:00,open_meteo_daily_by_venue_coordinates,Huntington Bank Field,41.5061,-81.6995,60.7,44.2,50.9,43.2,53.6,36.0,43.2,0.0,0.0,0.0,22.8,235.0,16.51,3.0
2022_REG_05_LV_KC_20221010,WTH_01975,64.3,0.0,6.5,WMO_3,0,2022-10-10 12:00:00,open_meteo_daily_by_venue_coordinates,Arrowhead Stadium,39.0489,-94.4839,79.5,49.1,64.3,62.6,77.9,47.0,62.6,0.0,0.0,0.0,14.1,215.0,17.28,3.0
2022_REG_05_MIA_NYJ_20221009,WTH_01976,50.8,0.0,12.1,WMO_2,0,2022-10-09 12:00:00,open_meteo_daily_by_venue_coordinates,MetLife Stadium,40.8135,-74.0745,61.8,42.9,50.8,45.3,54.3,37.6,45.3,0.0,0.0,0.0,23.0,263.0,16.6,2.0
2022_REG_05_NYG_GB_20221009,WTH_01977,52.6,0.0,11.7,WMO_3,0,2022-10-09 12:00:00,open_meteo_daily_by_venue_coordinates,Tottenham Hotspur Stadium,51.6043,-0.0664,62.7,42.3,52.6,48.1,57.4,38.1,48.1,0.0,0.0,0.0,23.7,168.0,12.18,3.0
2022_REG_05_PHI_ARI_20221009,WTH_01978,70.0,0.0,0.0,INDOOR,0,2022-10-09 12:00:00,open_meteo_indoor_controlled_daily_values,State Farm Stadium,33.5276,-112.2626,70.0,70.0,70.0,70.0,70.0,70.0,70.0,0.0,0.0,0.0,0.0,,,
2022_REG_05_PIT_BUF_20221009,WTH_01979,51.8,0.047,20.8,WMO_53|PRECIP|WINDY,1,2022-10-09 12:00:00,open_meteo_daily_by_venue_coordinates,Highmark Stadium,42.7738,-78.7868,55.5,48.8,51.8,42.8,46.1,39.2,42.8,0.047,0.0,0.0,40.9,252.0,13.68,53.0
2022_REG_05_SEA_NO_20221009,WTH_01980,70.0,0.0,0.0,INDOOR,0,2022-10-09 12:00:00,open_meteo_indoor_controlled_daily_values,Caesars Superdome,29.9511,-90.0812,70.0,70.0,70.0,70.0,70.0,70.0,70.0,0.0,0.0,0.0,0.0,,,
2022_REG_05_SF_CAR_20221009,WTH_01981,57.3,0.0,9.4,WMO_3,0,2022-10-09 12:00:00,open_meteo_daily_by_venue_coordinates,Bank of America Stadium,35.2258,-80.8528,66.2,48.6,57.3,53.3,64.4,42.1,53.3,0.0,0.0,0.0,16.8,67.0,15.4,3.0
2022_REG_05_TEN_WSH_20221009,WTH_01982,50.9,0.0,7.6,WMO_0,0,2022-10-09 12:00:00,open_meteo_daily_by_venue_coordinates,Northwest Stadium,38.9078,-76.8644,61.5,41.9,50.9,45.7,56.7,36.4,45.7,0.0,0.0,0.0,18.8,258.0,18.05,0.0
2022_REG_06_ARI_SEA_20221016,WTH_01983,64.8,0.0,11.0,WMO_0,0,2022-10-16 12:00:00,open_meteo_daily_by_venue_coordinates,Lumen Field,47.5952,-122.3316,81.8,52.5,64.8,61.4,77.7,48.3,61.4,0.0,0.0,0.0,21.5,8.0,12.44,0.0
2022_REG_06_BAL_NYG_20221016,WTH_01984,56.1,0.0,10.5,WMO_3,0,2022-10-16 12:00:00,open_meteo_daily_by_venue_coordinates,MetLife Stadium,40.8135,-74.0745,64.0,50.0,56.1,53.4,61.9,46.1,53.4,0.0,0.0,0.0,21.0,269.0,13.12,3.0
2022_REG_06_BUF_KC_20221016,WTH_01985,57.8,0.0,14.4,WMO_3,0,2022-10-16 12:00:00,open_meteo_daily_by_venue_coordinates,Arrowhead Stadium,39.0489,-94.4839,64.3,46.8,57.8,52.1,58.0,42.2,52.1,0.0,0.0,0.0,30.0,311.0,15.67,3.0
2022_REG_06_CAR_LAR_20221016,WTH_01986,70.0,0.0,0.0,INDOOR,0,2022-10-16 12:00:00,open_meteo_indoor_controlled_daily_values,SoFi Stadium,33.9535,-118.3392,70.0,70.0,70.0,70.0,70.0,70.0,70.0,0.0,0.0,0.0,0.0,,,
2022_REG_06_CIN_NO_20221016,WTH_01987,70.0,0.0,0.0,INDOOR,0,2022-10-16 12:00:00,open_meteo_indoor_controlled_daily_values,Caesars Superdome,29.9511,-90.0812,70.0,70.0,70.0,70.0,70.0,70.0,70.0,0.0,0.0,0.0,0.0,,,
2022_REG_06_DAL_PHI_20221016,WTH_01988,57.6,0.004,7.4,WMO_51|PRECIP,0,2022-10-16 12:00:00,open_meteo_daily_by_venue_coordinates,Lincoln Financial Field,39.9008,-75.1675,67.4,50.0,57.6,54.8,64.0,47.2,54.8,0.004,0.0,0.0,12.3,262.0,12.42,51.0
2022_REG_06_DEN_LAC_20221017,WTH_01989,70.0,0.0,0.0,INDOOR,0,2022-10-17 12:00:00,open_meteo_indoor_controlled_daily_values,SoFi Stadium,33.9535,-118.3392,70.0,70.0,70.0,70.0,70.0,70.0,70.0,0.0,0.0,0.0,0.0,,,
2022_REG_06_JAX_IND_20221016,WTH_01990,70.0,0.0,0.0,INDOOR,0,2022-10-16 12:00:00,open_meteo_indoor_controlled_daily_values,Lucas Oil Stadium,39.7601,-86.1639,70.0,70.0,70.0,70.0,70.0,70.0,70.0,0.0,0.0,0.0,0.0,,,
2022_REG_06_MIN_MIA_20221016,WTH_01991,77.5,0.028,11.0,WMO_51|PRECIP,0,2022-10-16 12:00:00,open_meteo_daily_by_venue_coordinates,Hard Rock Stadium,25.958,-80.2389,83.7,72.7,77.5,83.8,89.8,79.4,83.8,0.028,0.0,0.0,22.1,65.0,18.07,51.0
2022_REG_06_NE_CLE_20221016,WTH_01992,51.7,0.0,12.4,WMO_3,0,2022-10-16 12:00:00,open_meteo_daily_by_venue_coordinates,Huntington Bank Field,41.5061,-81.6995,62.4,44.7,51.7,46.0,57.3,38.8,46.0,0.0,0.0,0.0,20.4,216.0,14.96,3.0
2022_REG_06_NYJ_GB_20221016,WTH_01993,43.9,0.063,11.7,WMO_55|PRECIP,0,2022-10-16 12:00:00,open_meteo_daily_by_venue_coordinates,Lambeau Field,44.5013,-88.0622,49.2,39.4,43.9,37.1,42.3,32.5,37.1,0.063,0.0,0.0,23.9,277.0,5.89,55.0
2022_REG_06_SF_ATL_20221016,WTH_01994,70.0,0.0,0.0,INDOOR,0,2022-10-16 12:00:00,open_meteo_indoor_controlled_daily_values,Mercedes-Benz Stadium,33.7554,-84.4009,70.0,70.0,70.0,70.0,70.0,70.0,70.0,0.0,0.0,0.0,0.0,,,
2022_REG_06_TB_PIT_20221016,WTH_01995,51.0,0.0,10.0,WMO_3,0,2022-10-16 12:00:00,open_meteo_daily_by_venue_coordinates,Acrisure Stadium,40.4468,-80.0158,65.0,40.8,51.0,45.6,58.4,35.3,45.6,0.0,0.0,0.0,21.3,221.0,14.92,3.0
2022_REG_06_WSH_CHI_20221013,WTH_01996,49.2,0.024,26.3,WMO_51|PRECIP|WINDY,1,2022-10-13 12:00:00,open_meteo_daily_by_venue_coordinates,Soldier Field,41.8623,-87.6167,53.9,44.1,49.2,39.5,50.1,33.9,39.5,0.024,0.0,0.0,38.7,256.0,13.83,51.0
2022_REG_07_ATL_CIN_20221023,WTH_01997,64.5,0.0,9.3,WMO_3,0,2022-10-23 12:00:00,open_meteo_daily_by_venue_coordinates,Paycor Stadium,39.0955,-84.516,75.8,54.8,64.5,61.0,72.1,51.6,61.0,0.0,0.0,0.0,20.1,170.0,14.48,3.0
2022_REG_07_CHI_NE_20221024,WTH_01998,54.8,0.287,9.8,WMO_63|PRECIP,0,2022-10-24 12:00:00,open_meteo_daily_by_venue_coordinates,Gillette Stadium,42.0909,-71.2643,61.6,50.9,54.8,53.1,62.2,47.0,53.1,0.287,0.0,0.0,20.1,24.0,3.35,63.0
2022_REG_07_CLE_BAL_20221023,WTH_01999,53.3,0.083,9.0,WMO_53|PRECIP,0,2022-10-23 12:00:00,open_meteo_daily_by_venue_coordinates,M&T Bank Stadium,39.278,-76.6227,62.3,45.5,53.3,49.9,59.9,41.5,49.9,0.083,0.0,0.0,15.0,10.0,4.2,53.0
2022_REG_07_DET_DAL_20221023,WTH_02000,70.0,0.0,0.0,INDOOR,0,2022-10-23 12:00:00,open_meteo_indoor_controlled_daily_values,AT&T Stadium,32.7473,-97.0945,70.0,70.0,70.0,70.0,70.0,70.0,70.0,0.0,0.0,0.0,0.0,,,
2022_REG_07_GB_WSH_20221023,WTH_02001,53.2,0.146,8.6,WMO_61|PRECIP,0,2022-10-23 12:00:00,open_meteo_daily_by_venue_coordinates,Northwest Stadium,38.9078,-76.8644,61.1,46.7,53.2,49.9,59.1,41.9,49.9,0.146,0.0,0.0,16.8,21.0,4.14,61.0
2022_REG_07_HOU_LV_20221023,WTH_02002,70.0,0.0,0.0,INDOOR,0,2022-10-23 12:00:00,open_meteo_indoor_controlled_daily_values,Allegiant Stadium,36.0908,-115.183,70.0,70.0,70.0,70.0,70.0,70.0,70.0,0.0,0.0,0.0,0.0,,,
2022_REG_07_IND_TEN_20221023,WTH_02003,65.9,0.0,11.2,WMO_3,0,2022-10-23 12:00:00,open_meteo_daily_by_venue_coordinates,Nissan Stadium,36.1665,-86.7713,77.0,56.5,65.9,62.3,72.2,53.2,62.3,0.0,0.0,0.0,22.8,172.0,15.39,3.0
2022_REG_07_KC_SF_20221023,WTH_02004,58.3,0.0,15.4,WMO_2,0,2022-10-23 12:00:00,open_meteo_daily_by_venue_coordinates,Levi's Stadium,37.403,-121.97,71.0,49.9,58.3,54.0,61.2,46.8,54.0,0.0,0.0,0.0,25.9,297.0,16.23,2.0
2022_REG_07_NO_ARI_20221020,WTH_02005,70.0,0.0,0.0,INDOOR,0,2022-10-20 12:00:00,open_meteo_indoor_controlled_daily_values,State Farm Stadium,33.5276,-112.2626,70.0,70.0,70.0,70.0,70.0,70.0,70.0,0.0,0.0,0.0,0.0,,,
2022_REG_07_NYG_JAX_20221023,WTH_02006,62.8,0.0,10.7,WMO_1,0,2022-10-23 12:00:00,open_meteo_daily_by_venue_coordinates,TIAA Bank Stadium,30.3239,-81.6373,75.4,54.0,62.8,62.4,78.3,52.0,62.4,0.0,0.0,0.0,18.8,18.0,18.39,1.0
2022_REG_07_NYJ_DEN_20221023,WTH_02007,58.1,0.0,19.4,WMO_3,0,2022-10-23 12:00:00,open_meteo_daily_by_venue_coordinates,Empower Field at Mile High,39.7439,-105.0201,69.0,49.3,58.1,49.2,60.0,39.8,49.2,0.0,0.0,0.0,34.4,206.0,13.73,3.0
2022_REG_07_PIT_MIA_20221023,WTH_02008,71.9,0.004,10.8,WMO_51|PRECIP,0,2022-10-23 12:00:00,open_meteo_daily_by_venue_coordinates,Hard Rock Stadium,25.958,-80.2389,81.6,63.0,71.9,74.1,84.7,64.7,74.1,0.004,0.0,0.0,21.5,20.0,17.86,51.0
2022_REG_07_SEA_LAC_20221023,WTH_02009,70.0,0.0,0.0,INDOOR,0,2022-10-23 12:00:00,open_meteo_indoor_controlled_daily_values,SoFi Stadium,33.9535,-118.3392,70.0,70.0,70.0,70.0,70.0,70.0,70.0,0.0,0.0,0.0,0.0,,,
2022_REG_07_TB_CAR_20221023,WTH_02010,56.4,0.0,6.6,WMO_3,0,2022-10-23 12:00:00,open_meteo_daily_by_venue_coordinates,Bank of America Stadium,35.2258,-80.8528,70.3,45.0,56.4,52.7,67.7,40.2,52.7,0.0,0.0,0.0,13.0,27.0,16.98,3.0
2022_REG_08_ARI_MIN_20221030,WTH_02011,70.0,0.0,0.0,INDOOR,0,2022-10-30 12:00:00,open_meteo_indoor_controlled_daily_values,U.S. Bank Stadium,44.9738,-93.2575,70.0,70.0,70.0,70.0,70.0,70.0,70.0,0.0,0.0,0.0,0.0,,,
2022_REG_08_BAL_TB_20221027,WTH_02012,75.0,0.079,7.2,WMO_53|PRECIP,0,2022-10-27 12:00:00,open_meteo_daily_by_venue_coordinates,Raymond James Stadium,27.9759,-82.5033,83.1,69.1,75.0,81.2,90.6,74.7,81.2,0.079,0.0,0.0,13.9,244.0,15.39,53.0
2022_REG_08_CAR_ATL_20221030,WTH_02013,70.0,0.0,0.0,INDOOR,0,2022-10-30 12:00:00,open_meteo_indoor_controlled_daily_values,Mercedes-Benz Stadium,33.7554,-84.4009,70.0,70.0,70.0,70.0,70.0,70.0,70.0,0.0,0.0,0.0,0.0,,,
2022_REG_08_CHI_DAL_20221030,WTH_02014,70.0,0.0,0.0,INDOOR,0,2022-10-30 12:00:00,open_meteo_indoor_controlled_daily_values,AT&T Stadium,32.7473,-97.0945,70.0,70.0,70.0,70.0,70.0,70.0,70.0,0.0,0.0,0.0,0.0,,,
2022_REG_08_CIN_CLE_20221031,WTH_02015,58.9,0.228,14.7,WMO_63|PRECIP,0,2022-10-31 12:00:00,open_meteo_daily_by_venue_coordinates,Huntington Bank Field,41.5061,-81.6995,67.0,53.9,58.9,55.9,65.2,49.6,55.9,0.228,0.0,0.0,22.4,184.0,8.13,63.0
2022_REG_08_DEN_JAX_20221030,WTH_02016,57.0,0.043,14.5,WMO_53|PRECIP,0,2022-10-30 12:00:00,open_meteo_daily_by_venue_coordinates,Wembley Stadium,51.556,-0.2796,59.4,53.1,57.0,53.8,57.1,50.1,53.8,0.043,0.0,0.0,25.9,200.0,2.7,53.0
2022_REG_08_GB_BUF_20221030,WTH_02017,49.3,0.0,9.6,WMO_3,0,2022-10-30 12:00:00,open_meteo_daily_by_venue_coordinates,Highmark Stadium,42.7738,-78.7868,61.2,40.6,49.3,43.6,58.0,33.5,43.6,0.0,0.0,0.0,17.7,168.0,12.55,3.0
2022_REG_08_LV_NO_20221030,WTH_02018,70.0,0.0,0.0,INDOOR,0,2022-10-30 12:00:00,open_meteo_indoor_controlled_daily_values,Caesars Superdome,29.9511,-90.0812,70.0,70.0,70.0,70.0,70.0,70.0,70.0,0.0,0.0,0.0,0.0,,,
2022_REG_08_MIA_DET_20221030,WTH_02019,70.0,0.0,0.0,INDOOR,0,2022-10-30 12:00:00,open_meteo_indoor_controlled_daily_values,Ford Field,42.34,-83.0456,70.0,70.0,70.0,70.0,70.0,70.0,70.0,0.0,0.0,0.0,0.0,,,
2022_REG_08_NE_NYJ_20221030,WTH_02020,48.9,0.0,5.9,WMO_3,0,2022-10-30 12:00:00,open_meteo_daily_by_venue_coordinates,MetLife Stadium,40.8135,-74.0745,61.3,39.3,48.9,44.8,57.3,34.0,44.8,0.0,0.0,0.0,11.2,2.0,13.63,3.0
2022_REG_08_NYG_SEA_20221030,WTH_02021,52.3,0.146,18.8,WMO_61|PRECIP,0,2022-10-30 12:00:00,open_meteo_daily_by_venue_coordinates,Lumen Field,47.5952,-122.3316,56.0,50.2,52.3,45.5,51.1,42.9,45.5,0.146,0.0,0.0,32.4,188.0,1.79,61.0
2022_REG_08_PIT_PHI_20221030,WTH_02022,50.3,0.0,6.3,WMO_3,0,2022-10-30 12:00:00,open_meteo_daily_by_venue_coordinates,Lincoln Financial Field,39.9008,-75.1675,62.0,41.0,50.3,47.0,60.5,36.4,47.0,0.0,0.0,0.0,8.7,26.0,13.62,3.0
2022_REG_08_SF_LAR_20221030,WTH_02023,70.0,0.0,0.0,INDOOR,0,2022-10-30 12:00:00,open_meteo_indoor_controlled_daily_values,SoFi Stadium,33.9535,-118.3392,70.0,70.0,70.0,70.0,70.0,70.0,70.0,0.0,0.0,0.0,0.0,,,
2022_REG_08_TEN_HOU_20221030,WTH_02024,70.0,0.0,0.0,INDOOR,0,2022-10-30 12:00:00,open_meteo_indoor_controlled_daily_values,NRG Stadium,29.6847,-95.4107,70.0,70.0,70.0,70.0,70.0,70.0,70.0,0.0,0.0,0.0,0.0,,,
2022_REG_08_WSH_IND_20221030,WTH_02025,70.0,0.0,0.0,INDOOR,0,2022-10-30 12:00:00,open_meteo_indoor_controlled_daily_values,Lucas Oil Stadium,39.7601,-86.1639,70.0,70.0,70.0,70.0,70.0,70.0,70.0,0.0,0.0,0.0,0.0,,,
2022_REG_09_BAL_NO_20221107,WTH_02026,70.0,0.0,0.0,INDOOR,0,2022-11-07 12:00:00,open_meteo_indoor_controlled_daily_values,Caesars Superdome,29.9511,-90.0812,70.0,70.0,70.0,70.0,70.0,70.0,70.0,0.0,0.0,0.0,0.0,,,
2022_REG_09_BUF_NYJ_20221106,WTH_02027,67.5,0.122,13.7,WMO_63|PRECIP,0,2022-11-06 12:00:00,open_meteo_daily_by_venue_coordinates,MetLife Stadium,40.8135,-74.0745,74.1,63.7,67.5,66.7,74.5,62.0,66.7,0.122,0.0,0.0,25.7,190.0,6.2,63.0
2022_REG_09_CAR_CIN_20221106,WTH_02028,63.0,0.02,15.4,WMO_51|PRECIP,0,2022-11-06 12:00:00,open_meteo_daily_by_venue_coordinates,Paycor Stadium,39.0955,-84.516,70.4,54.1,63.0,59.8,65.0,51.2,59.8,0.02,0.0,0.0,30.4,227.0,12.52,51.0
2022_REG_09_GB_DET_20221106,WTH_02029,70.0,0.0,0.0,INDOOR,0,2022-11-06 12:00:00,open_meteo_indoor_controlled_daily_values,Ford Field,42.34,-83.0456,70.0,70.0,70.0,70.0,70.0,70.0,70.0,0.0,0.0,0.0,0.0,,,
2022_REG_09_IND_NE_20221106,WTH_02030,67.7,0.0,15.0,WMO_3,0,2022-11-06 12:00:00,open_meteo_daily_by_venue_coordinates,Gillette Stadium,42.0909,-71.2643,74.7,63.0,67.7,66.4,72.8,62.0,66.4,0.0,0.0,0.0,33.3,200.0,8.1,3.0
2022_REG_09_LAC_ATL_20221106,WTH_02031,70.0,0.0,0.0,INDOOR,0,2022-11-06 12:00:00,open_meteo_indoor_controlled_daily_values,Mercedes-Benz Stadium,33.7554,-84.4009,70.0,70.0,70.0,70.0,70.0,70.0,70.0,0.0,0.0,0.0,0.0,,,
2022_REG_09_LAR_TB_20221106,WTH_02032,76.5,0.031,14.4,WMO_51|PRECIP,0,2022-11-06 12:00:00,open_meteo_daily_by_venue_coordinates,Raymond James Stadium,27.9759,-82.5033,86.9,70.8,76.5,81.2,90.7,74.9,81.2,0.031,0.0,0.0,24.6,64.0,14.93,51.0
2022_REG_09_LV_JAX_20221106,WTH_02033,74.5,0.102,11.9,WMO_53|PRECIP,0,2022-11-06 12:00:00,open_meteo_daily_by_venue_coordinates,TIAA Bank Stadium,30.3239,-81.6373,80.6,71.1,74.5,79.8,85.3,75.4,79.8,0.102,0.0,0.0,21.5,91.0,10.95,53.0
2022_REG_09_MIA_CHI_20221106,WTH_02034,50.4,0.0,23.3,WMO_3|WINDY,1,2022-11-06 12:00:00,open_meteo_daily_by_venue_coordinates,Soldier Field,41.8623,-87.6167,60.3,44.4,50.4,41.2,52.1,34.8,41.2,0.0,0.0,0.0,40.0,213.0,10.63,3.0
2022_REG_09_MIN_WSH_20221106,WTH_02035,68.9,0.61,12.8,WMO_63|PRECIP,1,2022-11-06 12:00:00,open_meteo_daily_by_venue_coordinates,Northwest Stadium,38.9078,-76.8644,76.2,64.7,68.9,69.8,77.7,65.2,69.8,0.61,0.0,0.0,26.2,180.0,6.54,63.0
2022_REG_09_PHI_HOU_20221103,WTH_02036,70.0,0.0,0.0,INDOOR,0,2022-11-03 12:00:00,open_meteo_indoor_controlled_daily_values,NRG Stadium,29.6847,-95.4107,70.0,70.0,70.0,70.0,70.0,70.0,70.0,0.0,0.0,0.0,0.0,,,
2022_REG_09_SEA_ARI_20221106,WTH_02037,70.0,0.0,0.0,INDOOR,0,2022-11-06 12:00:00,open_meteo_indoor_controlled_daily_values,State Farm Stadium,33.5276,-112.2626,70.0,70.0,70.0,70.0,70.0,70.0,70.0,0.0,0.0,0.0,0.0,,,
2022_REG_09_TEN_KC_20221106,WTH_02038,53.1,0.0,15.0,WMO_3,0,2022-11-06 12:00:00,open_meteo_daily_by_venue_coordinates,Arrowhead Stadium,39.0489,-94.4839,61.2,47.8,53.1,46.8,57.8,40.6,46.8,0.0,0.0,0.0,29.1,208.0,12.61,3.0
2022_REG_10_ARI_LAR_20221113,WTH_02039,70.0,0.0,0.0,INDOOR,0,2022-11-13 12:00:00,open_meteo_indoor_controlled_daily_values,SoFi Stadium,33.9535,-118.3392,70.0,70.0,70.0,70.0,70.0,70.0,70.0,0.0,0.0,0.0,0.0,,,
2022_REG_10_ATL_CAR_20221110,WTH_02040,56.2,0.244,15.6,WMO_61|PRECIP,0,2022-11-10 12:00:00,open_meteo_daily_by_venue_coordinates,Bank of America Stadium,35.2258,-80.8528,61.9,50.0,56.2,50.4,57.5,43.2,50.4,0.244,0.0,0.0,32.0,41.0,3.41,61.0
2022_REG_10_CLE_MIA_20221113,WTH_02041,73.7,0.268,5.7,WMO_63|PRECIP,0,2022-11-13 12:00:00,open_meteo_daily_by_venue_coordinates,Hard Rock Stadium,25.958,-80.2389,83.0,67.8,73.7,79.9,89.2,73.3,79.9,0.268,0.0,0.0,13.2,340.0,15.88,63.0
2022_REG_10_DAL_GB_20221113,WTH_02042,29.7,0.0,9.4,WMO_3,0,2022-11-13 12:00:00,open_meteo_daily_by_venue_coordinates,Lambeau Field,44.5013,-88.0622,35.1,25.7,29.7,20.7,26.6,16.6,20.7,0.0,0.0,0.0,19.7,323.0,8.68,3.0
2022_REG_10_DEN_TEN_20221113,WTH_02043,34.6,0.0,9.8,WMO_3,0,2022-11-13 12:00:00,open_meteo_daily_by_venue_coordinates,Nissan Stadium,36.1665,-86.7713,40.9,30.4,34.6,26.1,33.8,21.3,26.1,0.0,0.0,0.0,18.3,343.0,10.72,3.0
2022_REG_10_DET_CHI_20221113,WTH_02044,32.7,0.0,13.3,WMO_3,0,2022-11-13 12:00:00,open_meteo_daily_by_venue_coordinates,Soldier Field,41.8623,-87.6167,37.0,28.1,32.7,22.9,27.9,18.1,22.9,0.0,0.0,0.0,20.4,301.0,8.85,3.0
2022_REG_10_HOU_NYG_20221113,WTH_02045,53.1,0.138,16.3,WMO_61|PRECIP,0,2022-11-13 12:00:00,open_meteo_daily_by_venue_coordinates,MetLife Stadium,40.8135,-74.0745,59.3,47.4,53.1,48.0,59.2,38.0,48.0,0.138,0.0,0.0,30.9,323.0,5.94,61.0
2022_REG_10_IND_LV_20221113,WTH_02046,70.0,0.0,0.0,INDOOR,0,2022-11-13 12:00:00,open_meteo_indoor_controlled_daily_values,Allegiant Stadium,36.0908,-115.183,70.0,70.0,70.0,70.0,70.0,70.0,70.0,0.0,0.0,0.0,0.0,,,
2022_REG_10_JAX_KC_20221113,WTH_02047,27.7,0.0,7.5,WMO_3,0,2022-11-13 12:00:00,open_meteo_daily_by_venue_coordinates,Arrowhead Stadium,39.0489,-94.4839,37.8,19.8,27.7,20.6,29.9,12.6,20.6,0.0,0.0,0.0,16.6,147.0,12.18,3.0
2022_REG_10_LAC_SF_20221113,WTH_02048,50.9,0.0,9.2,WMO_3,0,2022-11-13 12:00:00,open_meteo_daily_by_venue_coordinates,Levi's Stadium,37.403,-121.97,58.8,43.7,50.9,47.3,53.0,40.3,47.3,0.0,0.0,0.0,17.7,311.0,13.19,3.0
2022_REG_10_MIN_BUF_20221113,WTH_02049,38.2,0.28,13.2,WMO_75|SNOW,1,2022-11-13 12:00:00,open_meteo_daily_by_venue_coordinates,Highmark Stadium,42.7738,-78.7868,40.5,36.0,38.2,30.2,31.7,27.0,30.2,0.146,0.937,0.0,26.6,277.0,4.44,75.0
2022_REG_10_NO_PIT_20221113,WTH_02050,37.3,0.004,13.2,WMO_51|PRECIP,0,2022-11-13 12:00:00,open_meteo_daily_by_venue_coordinates,Acrisure Stadium,40.4468,-80.0158,39.5,35.2,37.3,28.3,30.7,26.2,28.3,0.004,0.0,0.0,27.7,277.0,7.27,51.0
2022_REG_10_SEA_TB_20221113,WTH_02051,41.9,0.0,7.6,WMO_3,0,2022-11-13 12:00:00,open_meteo_daily_by_venue_coordinates,Allianz Arena,48.2188,11.6247,52.0,34.4,41.9,36.7,47.9,29.4,36.7,0.0,0.0,0.0,16.3,78.0,7.84,3.0
2022_REG_10_WSH_PHI_20221114,WTH_02052,41.1,0.0,11.9,WMO_0,0,2022-11-14 12:00:00,open_meteo_daily_by_venue_coordinates,Lincoln Financial Field,39.9008,-75.1675,46.5,35.6,41.1,33.0,38.5,28.9,33.0,0.0,0.0,0.0,20.8,310.0,11.78,0.0
2022_REG_11_CAR_BAL_20221120,WTH_02053,32.7,0.0,15.3,WMO_1,0,2022-11-20 12:00:00,open_meteo_daily_by_venue_coordinates,M&T Bank Stadium,39.278,-76.6227,35.2,29.4,32.7,22.4,26.2,18.5,22.4,0.0,0.0,0.0,27.7,285.0,11.64,1.0
2022_REG_11_CHI_ATL_20221120,WTH_02054,70.0,0.0,0.0,INDOOR,0,2022-11-20 12:00:00,open_meteo_indoor_controlled_daily_values,Mercedes-Benz Stadium,33.7554,-84.4009,70.0,70.0,70.0,70.0,70.0,70.0,70.0,0.0,0.0,0.0,0.0,,,
2022_REG_11_CIN_PIT_20221120,WTH_02055,25.4,0.0,15.3,WMO_3,0,2022-11-20 12:00:00,open_meteo_daily_by_venue_coordinates,Acrisure Stadium,40.4468,-80.0158,30.0,19.9,25.4,14.2,19.5,8.6,14.2,0.0,0.0,0.098,30.9,258.0,10.68,3.0
2022_REG_11_CLE_BUF_20221120,WTH_02056,70.0,0.0,0.0,INDOOR,0,2022-11-20 12:00:00,open_meteo_indoor_controlled_daily_values,Ford Field,42.34,-83.0456,70.0,70.0,70.0,70.0,70.0,70.0,70.0,0.0,0.0,0.0,0.0,,,
2022_REG_11_DAL_MIN_20221120,WTH_02057,70.0,0.0,0.0,INDOOR,0,2022-11-20 12:00:00,open_meteo_indoor_controlled_daily_values,U.S. Bank Stadium,44.9738,-93.2575,70.0,70.0,70.0,70.0,70.0,70.0,70.0,0.0,0.0,0.0,0.0,,,
2022_REG_11_DET_NYG_20221120,WTH_02058,34.0,0.008,20.4,WMO_71|SNOW|WINDY,1,2022-11-20 12:00:00,open_meteo_daily_by_venue_coordinates,MetLife Stadium,40.8135,-74.0745,36.0,31.5,34.0,23.4,28.6,20.4,23.4,0.0,0.055,0.0,37.8,275.0,10.58,71.0
2022_REG_11_KC_LAC_20221120,WTH_02059,70.0,0.0,0.0,INDOOR,0,2022-11-20 12:00:00,open_meteo_indoor_controlled_daily_values,SoFi Stadium,33.9535,-118.3392,70.0,70.0,70.0,70.0,70.0,70.0,70.0,0.0,0.0,0.0,0.0,,,
2022_REG_11_LAR_NO_20221120,WTH_02060,70.0,0.0,0.0,INDOOR,0,2022-11-20 12:00:00,open_meteo_indoor_controlled_daily_values,Caesars Superdome,29.9511,-90.0812,70.0,70.0,70.0,70.0,70.0,70.0,70.0,0.0,0.0,0.0,0.0,,,
2022_REG_11_LV_DEN_20221120,WTH_02061,30.0,0.0,6.3,WMO_0,0,2022-11-20 12:00:00,open_meteo_daily_by_venue_coordinates,Empower Field at Mile High,39.7439,-105.0201,49.5,19.1,30.0,21.4,40.3,9.8,21.4,0.0,0.0,0.23,12.5,172.0,11.54,0.0
2022_REG_11_NYJ_NE_20221120,WTH_02062,31.7,0.0,18.5,WMO_3,1,2022-11-20 12:00:00,open_meteo_daily_by_venue_coordinates,Gillette Stadium,42.0909,-71.2643,36.0,27.9,31.7,21.4,23.9,17.9,21.4,0.0,0.0,0.0,41.2,265.0,10.3,3.0
2022_REG_11_PHI_IND_20221120,WTH_02063,70.0,0.0,0.0,INDOOR,0,2022-11-20 12:00:00,open_meteo_indoor_controlled_daily_values,Lucas Oil Stadium,39.7601,-86.1639,70.0,70.0,70.0,70.0,70.0,70.0,70.0,0.0,0.0,0.0,0.0,,,
2022_REG_11_SF_ARI_20221121,WTH_02064,57.1,0.315,7.6,WMO_63|PRECIP,0,2022-11-21 12:00:00,open_meteo_daily_by_venue_coordinates,Estadio Azteca,19.3029,-99.1505,70.7,46.9,57.1,54.9,70.2,44.7,54.9,0.315,0.0,0.0,18.6,304.0,15.65,63.0
2022_REG_11_TEN_GB_20221117,WTH_02065,27.0,0.028,12.6,WMO_73|SNOW,1,2022-11-17 12:00:00,open_meteo_daily_by_venue_coordinates,Lambeau Field,44.5013,-88.0622,28.9,24.5,27.0,18.3,21.3,14.5,18.3,0.0,0.193,0.164,24.6,259.0,4.99,73.0
2022_REG_11_WSH_HOU_20221120,WTH_02066,70.0,0.0,0.0,INDOOR,0,2022-11-20 12:00:00,open_meteo_indoor_controlled_daily_values,NRG Stadium,29.6847,-95.4107,70.0,70.0,70.0,70.0,70.0,70.0,70.0,0.0,0.0,0.0,0.0,,,
2022_REG_12_ATL_WSH_20221127,WTH_02067,50.4,0.28,15.9,WMO_61|PRECIP,0,2022-11-27 12:00:00,open_meteo_daily_by_venue_coordinates,Northwest Stadium,38.9078,-76.8644,61.8,45.5,50.4,45.0,60.2,38.3,45.0,0.28,0.0,0.0,32.7,196.0,1.73,61.0
2022_REG_12_BAL_JAX_20221127,WTH_02068,71.3,0.031,18.6,WMO_51|PRECIP,0,2022-11-27 12:00:00,open_meteo_daily_by_venue_coordinates,TIAA Bank Stadium,30.3239,-81.6373,79.8,64.3,71.3,73.4,80.9,67.3,73.4,0.031,0.0,0.0,34.2,211.0,10.76,51.0
2022_REG_12_BUF_DET_20221124,WTH_02069,70.0,0.0,0.0,INDOOR,0,2022-11-24 12:00:00,open_meteo_indoor_controlled_daily_values,Ford Field,42.34,-83.0456,70.0,70.0,70.0,70.0,70.0,70.0,70.0,0.0,0.0,0.0,0.0,,,
2022_REG_12_CHI_NYJ_20221127,WTH_02070,46.8,0.299,15.8,WMO_63|PRECIP,0,2022-11-27 12:00:00,open_meteo_daily_by_venue_coordinates,MetLife Stadium,40.8135,-74.0745,56.1,41.5,46.8,40.4,50.9,35.3,40.4,0.299,0.0,0.0,31.5,217.0,2.76,63.0
2022_REG_12_CIN_TEN_20221127,WTH_02071,56.1,0.803,17.8,WMO_65|PRECIP,1,2022-11-27 12:00:00,open_meteo_daily_by_venue_coordinates,Nissan Stadium,36.1665,-86.7713,58.5,53.4,56.1,50.5,54.7,45.2,50.5,0.803,0.0,0.0,32.9,201.0,5.65,65.0
2022_REG_12_DEN_CAR_20221127,WTH_02072,57.9,0.563,19.3,WMO_63|PRECIP,1,2022-11-27 12:00:00,open_meteo_daily_by_venue_coordinates,Bank of America Stadium,35.2258,-80.8528,68.2,49.5,57.9,54.2,65.0,45.3,54.2,0.563,0.0,0.0,37.4,195.0,4.12,63.0
2022_REG_12_GB_PHI_20221127,WTH_02073,47.0,0.358,15.7,WMO_63|PRECIP,0,2022-11-27 12:00:00,open_meteo_daily_by_venue_coordinates,Lincoln Financial Field,39.9008,-75.1675,59.6,40.7,47.0,41.5,55.4,34.9,41.5,0.358,0.0,0.0,26.8,203.0,1.9,63.0
2022_REG_12_HOU_MIA_20221127,WTH_02074,76.8,0.087,8.2,WMO_53|PRECIP,0,2022-11-27 12:00:00,open_meteo_daily_by_venue_coordinates,Hard Rock Stadium,25.958,-80.2389,83.5,72.1,76.8,84.1,91.0,78.4,84.1,0.087,0.0,0.0,18.6,179.0,13.25,53.0
2022_REG_12_LAC_ARI_20221127,WTH_02075,70.0,0.0,0.0,INDOOR,0,2022-11-27 12:00:00,open_meteo_indoor_controlled_daily_values,State Farm Stadium,33.5276,-112.2626,70.0,70.0,70.0,70.0,70.0,70.0,70.0,0.0,0.0,0.0,0.0,,,
2022_REG_12_LAR_KC_20221127,WTH_02076,44.0,0.988,13.2,WMO_63|PRECIP,1,2022-11-27 12:00:00,open_meteo_daily_by_venue_coordinates,Arrowhead Stadium,39.0489,-94.4839,46.8,40.8,44.0,37.4,41.3,33.5,37.4,0.988,0.0,0.0,26.4,339.0,6.4,63.0
2022_REG_12_LV_SEA_20221127,WTH_02077,44.5,0.256,25.8,WMO_61|PRECIP|WINDY,1,2022-11-27 12:00:00,open_meteo_daily_by_venue_coordinates,Lumen Field,47.5952,-122.3316,47.9,39.7,44.5,36.1,40.3,32.2,36.1,0.256,0.0,0.0,45.2,195.0,5.39,61.0
2022_REG_12_NE_MIN_20221124,WTH_02078,70.0,0.0,0.0,INDOOR,0,2022-11-24 12:00:00,open_meteo_indoor_controlled_daily_values,U.S. Bank Stadium,44.9738,-93.2575,70.0,70.0,70.0,70.0,70.0,70.0,70.0,0.0,0.0,0.0,0.0,,,
2022_REG_12_NO_SF_20221127,WTH_02079,52.7,0.0,8.5,WMO_3,0,2022-11-27 12:00:00,open_meteo_daily_by_venue_coordinates,Levi's Stadium,37.403,-121.97,65.2,42.8,52.7,49.0,60.7,37.5,49.0,0.0,0.0,0.0,14.5,191.0,11.16,3.0
2022_REG_12_NYG_DAL_20221124,WTH_02080,70.0,0.0,0.0,INDOOR,0,2022-11-24 12:00:00,open_meteo_indoor_controlled_daily_values,AT&T Stadium,32.7473,-97.0945,70.0,70.0,70.0,70.0,70.0,70.0,70.0,0.0,0.0,0.0,0.0,,,
2022_REG_12_PIT_IND_20221128,WTH_02081,70.0,0.0,0.0,INDOOR,0,2022-11-28 12:00:00,open_meteo_indoor_controlled_daily_values,Lucas Oil Stadium,39.7601,-86.1639,70.0,70.0,70.0,70.0,70.0,70.0,70.0,0.0,0.0,0.0,0.0,,,
2022_REG_12_TB_CLE_20221127,WTH_02082,47.4,0.39,17.9,WMO_63|PRECIP,0,2022-11-27 12:00:00,open_meteo_daily_by_venue_coordinates,Huntington Bank Field,41.5061,-81.6995,55.8,43.6,47.4,40.3,50.1,35.7,40.3,0.39,0.0,0.033,30.2,186.0,3.35,63.0
2022_REG_13_BUF_NE_20221201,WTH_02083,40.0,0.583,19.6,WMO_63|PRECIP,1,2022-12-01 12:00:00,open_meteo_daily_by_venue_coordinates,Gillette Stadium,42.0909,-71.2643,55.7,32.4,40.0,29.8,51.9,23.0,29.8,0.583,0.0,0.0,46.1,277.0,7.94,63.0
2022_REG_13_CLE_HOU_20221204,WTH_02084,70.0,0.0,0.0,INDOOR,0,2022-12-04 12:00:00,open_meteo_indoor_controlled_daily_values,NRG Stadium,29.6847,-95.4107,70.0,70.0,70.0,70.0,70.0,70.0,70.0,0.0,0.0,0.0,0.0,,,
2022_REG_13_DEN_BAL_20221204,WTH_02085,40.7,0.0,12.5,WMO_3,0,2022-12-04 12:00:00,open_meteo_daily_by_venue_coordinates,M&T Bank Stadium,39.278,-76.6227,53.0,32.6,40.7,33.9,49.4,25.4,33.9,0.0,0.0,0.0,21.0,315.0,10.05,3.0
2022_REG_13_GB_CHI_20221204,WTH_02086,27.0,0.0,15.4,WMO_1,0,2022-12-04 12:00:00,open_meteo_daily_by_venue_coordinates,Soldier Field,41.8623,-87.6167,38.1,20.7,27.0,16.0,26.2,10.1,16.0,0.0,0.0,0.0,23.9,237.0,9.0,1.0
2022_REG_13_IND_DAL_20221204,WTH_02087,70.0,0.0,0.0,INDOOR,0,2022-12-04 12:00:00,open_meteo_indoor_controlled_daily_values,AT&T Stadium,32.7473,-97.0945,70.0,70.0,70.0,70.0,70.0,70.0,70.0,0.0,0.0,0.0,0.0,,,
2022_REG_13_JAX_DET_20221204,WTH_02088,70.0,0.0,0.0,INDOOR,0,2022-12-04 12:00:00,open_meteo_indoor_controlled_daily_values,Ford Field,42.34,-83.0456,70.0,70.0,70.0,70.0,70.0,70.0,70.0,0.0,0.0,0.0,0.0,,,
2022_REG_13_KC_CIN_20221204,WTH_02089,30.0,0.0,6.5,WMO_3,0,2022-12-04 12:00:00,open_meteo_daily_by_venue_coordinates,Paycor Stadium,39.0955,-84.516,41.1,22.2,30.0,22.7,33.7,15.5,22.7,0.0,0.0,0.0,13.9,270.0,10.4,3.0
2022_REG_13_LAC_LV_20221204,WTH_02090,70.0,0.0,0.0,INDOOR,0,2022-12-04 12:00:00,open_meteo_indoor_controlled_daily_values,Allegiant Stadium,36.0908,-115.183,70.0,70.0,70.0,70.0,70.0,70.0,70.0,0.0,0.0,0.0,0.0,,,
2022_REG_13_MIA_SF_20221204,WTH_02091,51.6,0.331,9.2,WMO_55|PRECIP,0,2022-12-04 12:00:00,open_meteo_daily_by_venue_coordinates,Levi's Stadium,37.403,-121.97,58.7,46.8,51.6,48.3,55.8,42.5,48.3,0.331,0.0,0.0,16.8,151.0,7.79,55.0
2022_REG_13_NO_TB_20221205,WTH_02092,68.1,0.0,6.0,WMO_3,0,2022-12-05 12:00:00,open_meteo_daily_by_venue_coordinates,Raymond James Stadium,27.9759,-82.5033,76.8,61.6,68.1,70.9,80.1,63.6,70.9,0.0,0.0,0.0,10.7,350.0,12.81,3.0
2022_REG_13_NYJ_MIN_20221204,WTH_02093,70.0,0.0,0.0,INDOOR,0,2022-12-04 12:00:00,open_meteo_indoor_controlled_daily_values,U.S. Bank Stadium,44.9738,-93.2575,70.0,70.0,70.0,70.0,70.0,70.0,70.0,0.0,0.0,0.0,0.0,,,
2022_REG_13_PIT_ATL_20221204,WTH_02094,70.0,0.0,0.0,INDOOR,0,2022-12-04 12:00:00,open_meteo_indoor_controlled_daily_values,Mercedes-Benz Stadium,33.7554,-84.4009,70.0,70.0,70.0,70.0,70.0,70.0,70.0,0.0,0.0,0.0,0.0,,,
2022_REG_13_SEA_LAR_20221204,WTH_02095,70.0,0.0,0.0,INDOOR,0,2022-12-04 12:00:00,open_meteo_indoor_controlled_daily_values,SoFi Stadium,33.9535,-118.3392,70.0,70.0,70.0,70.0,70.0,70.0,70.0,0.0,0.0,0.0,0.0,,,
2022_REG_13_TEN_PHI_20221204,WTH_02096,41.6,0.004,16.9,WMO_51|PRECIP,0,2022-12-04 12:00:00,open_meteo_daily_by_venue_coordinates,Lincoln Financial Field,39.9008,-75.1675,53.1,34.2,41.6,34.1,49.8,26.5,34.1,0.004,0.0,0.0,29.8,305.0,9.78,51.0
2022_REG_13_WSH_NYG_20221204,WTH_02097,41.3,0.004,16.3,WMO_51|PRECIP,0,2022-12-04 12:00:00,open_meteo_daily_by_venue_coordinates,MetLife Stadium,40.8135,-74.0745,52.8,34.8,41.3,33.1,44.6,27.0,33.1,0.004,0.0,0.0,28.4,303.0,9.08,51.0
2022_REG_14_BAL_PIT_20221211,WTH_02098,41.0,0.035,9.4,WMO_51|PRECIP,0,2022-12-11 12:00:00,open_meteo_daily_by_venue_coordinates,Acrisure Stadium,40.4468,-80.0158,45.4,36.5,41.0,35.5,38.1,31.1,35.5,0.035,0.0,0.0,19.9,261.0,3.44,51.0
2022_REG_14_CAR_SEA_20221211,WTH_02099,42.5,0.087,9.8,WMO_53|PRECIP,0,2022-12-11 12:00:00,open_meteo_daily_by_venue_coordinates,Lumen Field,47.5952,-122.3316,45.3,39.5,42.5,37.8,39.7,35.3,37.8,0.087,0.0,0.033,17.2,67.0,1.86,53.0
2022_REG_14_CLE_CIN_20221211,WTH_02100,43.9,0.0,7.7,WMO_3,0,2022-12-11 12:00:00,open_meteo_daily_by_venue_coordinates,Paycor Stadium,39.0955,-84.516,46.4,40.1,43.9,39.0,42.5,34.0,39.0,0.0,0.0,0.0,15.9,300.0,3.91,3.0
2022_REG_14_HOU_DAL_20221211,WTH_02101,70.0,0.0,0.0,INDOOR,0,2022-12-11 12:00:00,open_meteo_indoor_controlled_daily_values,AT&T Stadium,32.7473,-97.0945,70.0,70.0,70.0,70.0,70.0,70.0,70.0,0.0,0.0,0.0,0.0,,,
2022_REG_14_JAX_TEN_20221211,WTH_02102,50.5,0.004,8.9,WMO_51|PRECIP,0,2022-12-11 12:00:00,open_meteo_daily_by_venue_coordinates,Nissan Stadium,36.1665,-86.7713,56.1,47.8,50.5,47.6,52.5,44.6,47.6,0.004,0.0,0.0,17.2,26.0,5.24,51.0
2022_REG_14_KC_DEN_20221211,WTH_02103,36.6,0.0,13.2,WMO_3,0,2022-12-11 12:00:00,open_meteo_daily_by_venue_coordinates,Empower Field at Mile High,39.7439,-105.0201,58.6,25.2,36.6,27.9,47.0,17.2,27.9,0.0,0.0,0.0,21.7,208.0,9.65,3.0
2022_REG_14_LV_LAR_20221208,WTH_02104,70.0,0.0,0.0,INDOOR,0,2022-12-08 12:00:00,open_meteo_indoor_controlled_daily_values,SoFi Stadium,33.9535,-118.3392,70.0,70.0,70.0,70.0,70.0,70.0,70.0,0.0,0.0,0.0,0.0,,,
2022_REG_14_MIA_LAC_20221211,WTH_02105,70.0,0.0,0.0,INDOOR,0,2022-12-11 12:00:00,open_meteo_indoor_controlled_daily_values,SoFi Stadium,33.9535,-118.3392,70.0,70.0,70.0,70.0,70.0,70.0,70.0,0.0,0.0,0.0,0.0,,,
2022_REG_14_MIN_DET_20221211,WTH_02106,70.0,0.0,0.0,INDOOR,0,2022-12-11 12:00:00,open_meteo_indoor_controlled_daily_values,Ford Field,42.34,-83.0456,70.0,70.0,70.0,70.0,70.0,70.0,70.0,0.0,0.0,0.0,0.0,,,
2022_REG_14_NE_ARI_20221212,WTH_02107,70.0,0.0,0.0,INDOOR,0,2022-12-12 12:00:00,open_meteo_indoor_controlled_daily_values,State Farm Stadium,33.5276,-112.2626,70.0,70.0,70.0,70.0,70.0,70.0,70.0,0.0,0.0,0.0,0.0,,,
2022_REG_14_NYJ_BUF_20221211,WTH_02108,35.6,0.217,13.8,WMO_73|SNOW,1,2022-12-11 12:00:00,open_meteo_daily_by_venue_coordinates,Highmark Stadium,42.7738,-78.7868,37.8,33.3,35.6,28.0,29.7,25.4,28.0,0.102,0.799,0.066,25.9,222.0,1.25,73.0
2022_REG_14_PHI_NYG_20221211,WTH_02109,37.4,0.173,11.2,WMO_71|SNOW,1,2022-12-11 12:00:00,open_meteo_daily_by_venue_coordinates,MetLife Stadium,40.8135,-74.0745,39.5,35.9,37.4,30.3,32.7,29.0,30.3,0.169,0.028,0.0,20.8,66.0,1.2,71.0
2022_REG_14_TB_SF_20221211,WTH_02110,49.9,1.016,9.2,WMO_63|PRECIP,1,2022-12-11 12:00:00,open_meteo_daily_by_venue_coordinates,Levi's Stadium,37.403,-121.97,57.1,43.7,49.9,45.9,54.1,39.6,45.9,1.016,0.0,0.0,18.8,195.0,6.62,63.0
2022_REG_15_ARI_DEN_20221218,WTH_02111,25.4,0.0,8.2,WMO_3,0,2022-12-18 12:00:00,open_meteo_daily_by_venue_coordinates,Empower Field at Mile High,39.7439,-105.0201,39.7,17.4,25.4,16.9,31.1,8.3,16.9,0.0,0.0,0.164,10.7,181.0,9.04,3.0
2022_REG_15_ATL_NO_20221218,WTH_02112,70.0,0.0,0.0,INDOOR,0,2022-12-18 12:00:00,open_meteo_indoor_controlled_daily_values,Caesars Superdome,29.9511,-90.0812,70.0,70.0,70.0,70.0,70.0,70.0,70.0,0.0,0.0,0.0,0.0,,,
2022_REG_15_BAL_CLE_20221217,WTH_02113,31.5,0.02,15.5,WMO_73|SNOW,1,2022-12-17 12:00:00,open_meteo_daily_by_venue_coordinates,Huntington Bank Field,41.5061,-81.6995,35.7,27.5,31.5,21.1,27.3,18.0,21.1,0.0,0.138,0.033,25.1,231.0,6.73,73.0
2022_REG_15_CIN_TB_20221218,WTH_02114,60.8,0.091,12.3,WMO_61|PRECIP,0,2022-12-18 12:00:00,open_meteo_daily_by_venue_coordinates,Raymond James Stadium,27.9759,-82.5033,65.8,55.4,60.8,57.9,65.5,49.8,57.9,0.091,0.0,0.0,19.9,12.0,10.37,61.0
2022_REG_15_DAL_JAX_20221218,WTH_02115,51.9,0.0,11.2,WMO_3,0,2022-12-18 12:00:00,open_meteo_daily_by_venue_coordinates,TIAA Bank Stadium,30.3239,-81.6373,58.5,45.4,51.9,46.6,56.9,36.9,46.6,0.0,0.0,0.0,17.7,318.0,14.26,3.0
2022_REG_15_DET_NYJ_20221218,WTH_02116,33.8,0.0,13.5,WMO_3,0,2022-12-18 12:00:00,open_meteo_daily_by_venue_coordinates,MetLife Stadium,40.8135,-74.0745,39.2,27.6,33.8,25.1,28.7,20.2,25.1,0.0,0.0,0.0,25.1,283.0,7.03,3.0
2022_REG_15_IND_MIN_20221217,WTH_02117,70.0,0.0,0.0,INDOOR,0,2022-12-17 12:00:00,open_meteo_indoor_controlled_daily_values,U.S. Bank Stadium,44.9738,-93.2575,70.0,70.0,70.0,70.0,70.0,70.0,70.0,0.0,0.0,0.0,0.0,,,
2022_REG_15_KC_HOU_20221218,WTH_02118,70.0,0.0,0.0,INDOOR,0,2022-12-18 12:00:00,open_meteo_indoor_controlled_daily_values,NRG Stadium,29.6847,-95.4107,70.0,70.0,70.0,70.0,70.0,70.0,70.0,0.0,0.0,0.0,0.0,,,
2022_REG_15_LAR_GB_20221219,WTH_02119,8.3,0.0,9.8,WMO_3,1,2022-12-19 12:00:00,open_meteo_daily_by_venue_coordinates,Lambeau Field,44.5013,-88.0622,16.6,-0.8,8.3,-0.5,9.2,-9.9,-0.5,0.0,0.0,0.394,19.2,257.0,6.77,3.0
2022_REG_15_MIA_BUF_20221217,WTH_02120,32.1,0.358,17.0,WMO_75|SNOW,1,2022-12-17 12:00:00,open_meteo_daily_by_venue_coordinates,Highmark Stadium,42.7738,-78.7868,34.8,30.6,32.1,22.8,28.2,19.9,22.8,0.004,2.48,0.098,34.0,240.0,2.7,75.0
2022_REG_15_NE_LV_20221218,WTH_02121,70.0,0.0,0.0,INDOOR,0,2022-12-18 12:00:00,open_meteo_indoor_controlled_daily_values,Allegiant Stadium,36.0908,-115.183,70.0,70.0,70.0,70.0,70.0,70.0,70.0,0.0,0.0,0.0,0.0,,,
2022_REG_15_NYG_WSH_20221218,WTH_02122,35.0,0.0,14.4,WMO_3,0,2022-12-18 12:00:00,open_meteo_daily_by_venue_coordinates,Northwest Stadium,38.9078,-76.8644,40.5,29.8,35.0,26.8,30.3,22.6,26.8,0.0,0.0,0.0,32.0,301.0,7.01,3.0
2022_REG_15_PHI_CHI_20221218,WTH_02123,21.0,0.0,17.7,WMO_3,0,2022-12-18 12:00:00,open_meteo_daily_by_venue_coordinates,Soldier Field,41.8623,-87.6167,24.1,15.8,21.0,8.8,12.2,3.3,8.8,0.0,0.0,0.0,25.9,258.0,7.19,3.0
2022_REG_15_PIT_CAR_20221218,WTH_02124,38.1,0.0,10.8,WMO_0,0,2022-12-18 12:00:00,open_meteo_daily_by_venue_coordinates,Bank of America Stadium,35.2258,-80.8528,46.0,28.0,38.1,30.7,37.5,20.3,30.7,0.0,0.0,0.0,19.9,286.0,11.85,0.0
2022_REG_15_SF_SEA_20221215,WTH_02125,37.6,0.0,8.4,WMO_3,0,2022-12-15 12:00:00,open_meteo_daily_by_venue_coordinates,Lumen Field,47.5952,-122.3316,42.0,33.4,37.6,31.6,36.4,27.5,31.6,0.0,0.0,0.0,16.1,28.0,5.27,3.0
2022_REG_15_TEN_LAC_20221218,WTH_02126,70.0,0.0,0.0,INDOOR,0,2022-12-18 12:00:00,open_meteo_indoor_controlled_daily_values,SoFi Stadium,33.9535,-118.3392,70.0,70.0,70.0,70.0,70.0,70.0,70.0,0.0,0.0,0.0,0.0,,,
2022_REG_16_ATL_BAL_20221224,WTH_02127,11.8,0.0,19.7,WMO_3,1,2022-12-24 12:00:00,open_meteo_daily_by_venue_coordinates,M&T Bank Stadium,39.278,-76.6227,21.1,6.0,11.8,-2.1,7.4,-7.8,-2.1,0.0,0.0,0.0,38.7,267.0,9.79,3.0
2022_REG_16_BUF_CHI_20221224,WTH_02128,4.0,0.008,26.9,WMO_71|SNOW|WINDY,1,2022-12-24 12:00:00,open_meteo_daily_by_venue_coordinates,Soldier Field,41.8623,-87.6167,15.0,-1.7,4.0,-12.3,-1.5,-20.0,-12.3,0.0,0.055,0.131,42.1,267.0,8.7,71.0
2022_REG_16_CIN_NE_20221224,WTH_02129,16.2,0.0,21.7,WMO_3|WINDY,1,2022-12-24 12:00:00,open_meteo_daily_by_venue_coordinates,Gillette Stadium,42.0909,-71.2643,34.4,9.0,16.2,3.7,19.9,-3.1,3.7,0.0,0.0,0.0,47.0,238.0,8.48,3.0
2022_REG_16_DEN_LAR_20221225,WTH_02130,70.0,0.0,0.0,INDOOR,0,2022-12-25 12:00:00,open_meteo_indoor_controlled_daily_values,SoFi Stadium,33.9535,-118.3392,70.0,70.0,70.0,70.0,70.0,70.0,70.0,0.0,0.0,0.0,0.0,,,
2022_REG_16_DET_CAR_20221224,WTH_02131,17.8,0.0,14.3,WMO_1,1,2022-12-24 12:00:00,open_meteo_daily_by_venue_coordinates,Bank of America Stadium,35.2258,-80.8528,29.5,10.0,17.8,6.2,17.9,-1.6,6.2,0.0,0.0,0.0,28.6,269.0,12.03,1.0
2022_REG_16_GB_MIA_20221225,WTH_02132,45.8,0.232,10.9,WMO_61|PRECIP,0,2022-12-25 12:00:00,open_meteo_daily_by_venue_coordinates,Hard Rock Stadium,25.958,-80.2389,48.5,43.4,45.8,38.4,41.6,36.4,38.4,0.232,0.0,0.0,20.1,332.0,2.55,61.0
2022_REG_16_HOU_TEN_20221224,WTH_02133,12.8,0.0,12.3,WMO_3,1,2022-12-24 12:00:00,open_meteo_daily_by_venue_coordinates,Nissan Stadium,36.1665,-86.7713,26.1,3.9,12.8,1.7,14.5,-8.2,1.7,0.0,0.0,0.066,22.8,262.0,11.42,3.0
2022_REG_16_JAX_NYJ_20221222,WTH_02134,35.9,0.165,15.5,WMO_53|PRECIP,0,2022-12-22 12:00:00,open_meteo_daily_by_venue_coordinates,MetLife Stadium,40.8135,-74.0745,42.8,27.4,35.9,29.0,35.6,20.7,29.0,0.165,0.0,0.0,26.2,63.0,2.02,53.0
2022_REG_16_LAC_IND_20221226,WTH_02135,70.0,0.0,0.0,INDOOR,0,2022-12-26 12:00:00,open_meteo_indoor_controlled_daily_values,Lucas Oil Stadium,39.7601,-86.1639,70.0,70.0,70.0,70.0,70.0,70.0,70.0,0.0,0.0,0.0,0.0,,,
2022_REG_16_LV_PIT_20221224,WTH_02136,1.9,0.008,22.2,WMO_71|SNOW|WINDY,1,2022-12-24 12:00:00,open_meteo_daily_by_venue_coordinates,Acrisure Stadium,40.4468,-80.0158,10.6,-3.4,1.9,-13.0,-1.6,-19.8,-13.0,0.0,0.055,0.098,47.9,241.0,7.69,71.0
2022_REG_16_NO_CLE_20221224,WTH_02137,3.1,0.035,32.7,WMO_71|SNOW|WINDY,1,2022-12-24 12:00:00,open_meteo_daily_by_venue_coordinates,Huntington Bank Field,41.5061,-81.6995,10.0,-0.9,3.1,-15.8,-6.5,-21.6,-15.8,0.0,0.248,0.295,54.6,228.0,7.62,71.0
2022_REG_16_NYG_MIN_20221224,WTH_02138,70.0,0.0,0.0,INDOOR,0,2022-12-24 12:00:00,open_meteo_indoor_controlled_daily_values,U.S. Bank Stadium,44.9738,-93.2575,70.0,70.0,70.0,70.0,70.0,70.0,70.0,0.0,0.0,0.0,0.0,,,
2022_REG_16_PHI_DAL_20221224,WTH_02139,70.0,0.0,0.0,INDOOR,0,2022-12-24 12:00:00,open_meteo_indoor_controlled_daily_values,AT&T Stadium,32.7473,-97.0945,70.0,70.0,70.0,70.0,70.0,70.0,70.0,0.0,0.0,0.0,0.0,,,
2022_REG_16_SEA_KC_20221224,WTH_02140,10.7,0.0,15.3,WMO_3,1,2022-12-24 12:00:00,open_meteo_daily_by_venue_coordinates,Arrowhead Stadium,39.0489,-94.4839,21.2,4.7,10.7,-1.4,9.9,-7.1,-1.4,0.0,0.0,0.131,29.5,293.0,9.63,3.0
2022_REG_16_TB_ARI_20221225,WTH_02141,70.0,0.0,0.0,INDOOR,0,2022-12-25 12:00:00,open_meteo_indoor_controlled_daily_values,State Farm Stadium,33.5276,-112.2626,70.0,70.0,70.0,70.0,70.0,70.0,70.0,0.0,0.0,0.0,0.0,,,
2022_REG_16_WSH_SF_20221224,WTH_02142,50.0,0.0,6.9,WMO_3,0,2022-12-24 12:00:00,open_meteo_daily_by_venue_coordinates,Levi's Stadium,37.403,-121.97,58.9,43.8,50.0,48.0,56.5,40.9,48.0,0.0,0.0,0.0,11.9,253.0,8.61,3.0
2022_REG_17_ARI_ATL_20230101,WTH_02143,70.0,0.0,0.0,INDOOR,0,2023-01-01 12:00:00,open_meteo_indoor_controlled_daily_values,Mercedes-Benz Stadium,33.7554,-84.4009,70.0,70.0,70.0,70.0,70.0,70.0,70.0,0.0,0.0,0.0,0.0,,,
2022_REG_17_CAR_TB_20230101,WTH_02144,70.3,0.024,11.9,WMO_51|PRECIP,0,2023-01-01 12:00:00,open_meteo_daily_by_venue_coordinates,Raymond James Stadium,27.9759,-82.5033,75.8,66.7,70.3,75.2,81.6,69.6,75.2,0.024,0.0,0.0,18.3,208.0,9.08,51.0
2022_REG_17_CHI_DET_20230101,WTH_02145,70.0,0.0,0.0,INDOOR,0,2023-01-01 12:00:00,open_meteo_indoor_controlled_daily_values,Ford Field,42.34,-83.0456,70.0,70.0,70.0,70.0,70.0,70.0,70.0,0.0,0.0,0.0,0.0,,,
2022_REG_17_CLE_WSH_20230101,WTH_02146,53.0,0.217,10.2,WMO_61|PRECIP,0,2023-01-01 12:00:00,open_meteo_daily_by_venue_coordinates,Northwest Stadium,38.9078,-76.8644,59.8,47.2,53.0,50.4,57.3,43.6,50.4,0.217,0.0,0.0,19.9,268.0,9.42,61.0
2022_REG_17_DAL_TEN_20221229,WTH_02147,49.4,0.165,14.1,WMO_63|PRECIP,0,2022-12-29 12:00:00,open_meteo_daily_by_venue_coordinates,Nissan Stadium,36.1665,-86.7713,56.1,42.7,49.4,42.0,49.8,35.2,42.0,0.165,0.0,0.066,25.7,176.0,4.45,63.0
2022_REG_17_DEN_KC_20230101,WTH_02148,43.1,0.0,7.8,WMO_3,0,2023-01-01 12:00:00,open_meteo_daily_by_venue_coordinates,Arrowhead Stadium,39.0489,-94.4839,53.3,32.8,43.1,38.6,50.0,27.6,38.6,0.0,0.0,0.0,15.0,158.0,8.91,3.0
2022_REG_17_IND_NYG_20230101,WTH_02149,49.9,0.248,10.7,WMO_61|PRECIP,0,2023-01-01 12:00:00,open_meteo_daily_by_venue_coordinates,MetLife Stadium,40.8135,-74.0745,52.7,41.6,49.9,45.3,50.0,36.4,45.3,0.248,0.0,0.0,20.4,275.0,7.87,61.0
2022_REG_17_JAX_HOU_20230101,WTH_02150,70.0,0.0,0.0,INDOOR,0,2023-01-01 12:00:00,open_meteo_indoor_controlled_daily_values,NRG Stadium,29.6847,-95.4107,70.0,70.0,70.0,70.0,70.0,70.0,70.0,0.0,0.0,0.0,0.0,,,
2022_REG_17_LAR_LAC_20230101,WTH_02151,70.0,0.0,0.0,INDOOR,0,2023-01-01 12:00:00,open_meteo_indoor_controlled_daily_values,SoFi Stadium,33.9535,-118.3392,70.0,70.0,70.0,70.0,70.0,70.0,70.0,0.0,0.0,0.0,0.0,,,
2022_REG_17_MIA_NE_20230101,WTH_02152,50.1,0.433,13.2,WMO_61|PRECIP,0,2023-01-01 12:00:00,open_meteo_daily_by_venue_coordinates,Gillette Stadium,42.0909,-71.2643,52.2,42.8,50.1,45.3,49.8,36.0,45.3,0.433,0.0,0.0,29.3,265.0,7.71,61.0
2022_REG_17_MIN_GB_20230101,WTH_02153,33.0,0.02,10.4,WMO_71|SNOW,1,2023-01-01 12:00:00,open_meteo_daily_by_venue_coordinates,Lambeau Field,44.5013,-88.0622,39.8,27.4,33.0,26.0,32.3,20.6,26.0,0.0,0.138,0.131,21.3,217.0,6.56,71.0
2022_REG_17_NO_PHI_20230101,WTH_02154,51.2,0.449,8.8,WMO_63|PRECIP,0,2023-01-01 12:00:00,open_meteo_daily_by_venue_coordinates,Lincoln Financial Field,39.9008,-75.1675,56.3,44.0,51.2,47.5,51.9,39.3,47.5,0.449,0.0,0.0,17.7,262.0,8.92,63.0
2022_REG_17_NYJ_SEA_20230101,WTH_02155,41.6,0.028,5.0,WMO_53|PRECIP,0,2023-01-01 12:00:00,open_meteo_daily_by_venue_coordinates,Lumen Field,47.5952,-122.3316,45.8,37.4,41.6,37.8,43.0,32.5,37.8,0.028,0.0,0.0,8.5,149.0,3.36,53.0
2022_REG_17_PIT_BAL_20230101,WTH_02156,51.9,0.264,10.9,WMO_63|PRECIP,0,2023-01-01 12:00:00,open_meteo_daily_by_venue_coordinates,M&T Bank Stadium,39.278,-76.6227,59.0,45.3,51.9,48.4,55.1,41.1,48.4,0.264,0.0,0.0,19.0,276.0,9.12,63.0
2022_REG_17_SF_LV_20230101,WTH_02157,70.0,0.0,0.0,INDOOR,0,2023-01-01 12:00:00,open_meteo_indoor_controlled_daily_values,Allegiant Stadium,36.0908,-115.183,70.0,70.0,70.0,70.0,70.0,70.0,70.0,0.0,0.0,0.0,0.0,,,
2022_REG_18_ARI_SF_20230108,WTH_02158,55.3,1.004,19.2,WMO_63|PRECIP,1,2023-01-08 12:00:00,open_meteo_daily_by_venue_coordinates,Levi's Stadium,37.403,-121.97,63.0,52.4,55.3,49.5,58.6,44.9,49.5,1.004,0.0,0.0,37.4,137.0,8.71,63.0
2022_REG_18_BAL_CIN_20230108,WTH_02159,33.1,0.024,6.5,WMO_51|PRECIP,0,2023-01-08 12:00:00,open_meteo_daily_by_venue_coordinates,Paycor Stadium,39.0955,-84.516,38.7,28.2,33.1,26.2,33.1,20.8,26.2,0.024,0.0,0.0,12.8,62.0,2.98,51.0
2022_REG_18_CAR_NO_20230108,WTH_02160,70.0,0.0,0.0,INDOOR,0,2023-01-08 12:00:00,open_meteo_indoor_controlled_daily_values,Caesars Superdome,29.9511,-90.0812,70.0,70.0,70.0,70.0,70.0,70.0,70.0,0.0,0.0,0.0,0.0,,,
2022_REG_18_CLE_PIT_20230108,WTH_02161,33.1,0.0,5.8,WMO_3,0,2023-01-08 12:00:00,open_meteo_daily_by_venue_coordinates,Acrisure Stadium,40.4468,-80.0158,41.1,25.9,33.1,26.8,35.2,19.6,26.8,0.0,0.0,0.0,14.3,36.0,7.14,3.0
2022_REG_18_DAL_WSH_20230108,WTH_02162,36.4,0.0,9.2,WMO_3,0,2023-01-08 12:00:00,open_meteo_daily_by_venue_coordinates,Northwest Stadium,38.9078,-76.8644,43.0,29.3,36.4,29.7,36.7,22.7,29.7,0.0,0.0,0.0,17.7,288.0,6.79,3.0
2022_REG_18_DET_GB_20230108,WTH_02163,21.4,0.0,9.2,WMO_3,0,2023-01-08 12:00:00,open_meteo_daily_by_venue_coordinates,Lambeau Field,44.5013,-88.0622,31.0,16.7,21.4,13.4,21.9,9.2,13.4,0.0,0.0,0.131,18.8,225.0,6.88,3.0
2022_REG_18_HOU_IND_20230108,WTH_02164,70.0,0.0,0.0,INDOOR,0,2023-01-08 12:00:00,open_meteo_indoor_controlled_daily_values,Lucas Oil Stadium,39.7601,-86.1639,70.0,70.0,70.0,70.0,70.0,70.0,70.0,0.0,0.0,0.0,0.0,,,
2022_REG_18_KC_LV_20230107,WTH_02165,70.0,0.0,0.0,INDOOR,0,2023-01-07 12:00:00,open_meteo_indoor_controlled_daily_values,Allegiant Stadium,36.0908,-115.183,70.0,70.0,70.0,70.0,70.0,70.0,70.0,0.0,0.0,0.0,0.0,,,
2022_REG_18_LAC_DEN_20230108,WTH_02166,20.8,0.0,9.1,WMO_3,0,2023-01-08 12:00:00,open_meteo_daily_by_venue_coordinates,Empower Field at Mile High,39.7439,-105.0201,43.2,8.0,20.8,12.5,35.7,-2.3,12.5,0.0,0.0,0.427,10.7,198.0,8.63,3.0
2022_REG_18_LAR_SEA_20230108,WTH_02167,44.2,0.268,17.5,WMO_55|PRECIP,0,2023-01-08 12:00:00,open_meteo_daily_by_venue_coordinates,Lumen Field,47.5952,-122.3316,47.8,39.3,44.2,38.9,42.5,34.1,38.9,0.268,0.0,0.0,28.9,126.0,1.08,55.0
2022_REG_18_MIN_CHI_20230108,WTH_02168,30.9,0.0,7.3,WMO_3,0,2023-01-08 12:00:00,open_meteo_daily_by_venue_coordinates,Soldier Field,41.8623,-87.6167,34.6,28.0,30.9,24.9,27.4,21.7,24.9,0.0,0.0,0.033,11.9,287.0,4.69,3.0
2022_REG_18_NE_BUF_20230108,WTH_02169,28.8,0.0,7.7,WMO_3,0,2023-01-08 12:00:00,open_meteo_daily_by_venue_coordinates,Highmark Stadium,42.7738,-78.7868,33.7,25.5,28.8,21.9,26.7,18.9,21.9,0.0,0.0,0.033,15.4,307.0,5.68,3.0
2022_REG_18_NYG_PHI_20230108,WTH_02170,36.4,0.0,7.6,WMO_3,0,2023-01-08 12:00:00,open_meteo_daily_by_venue_coordinates,Lincoln Financial Field,39.9008,-75.1675,42.0,27.8,36.4,29.8,36.3,20.8,29.8,0.0,0.0,0.0,13.2,303.0,8.8,3.0
2022_REG_18_NYJ_MIA_20230108,WTH_02171,68.1,0.0,7.7,WMO_3,0,2023-01-08 12:00:00,open_meteo_daily_by_venue_coordinates,Hard Rock Stadium,25.958,-80.2389,77.5,61.0,68.1,69.1,78.8,60.8,69.1,0.0,0.0,0.0,16.8,64.0,14.21,3.0
2022_REG_18_TB_ATL_20230108,WTH_02172,70.0,0.0,0.0,INDOOR,0,2023-01-08 12:00:00,open_meteo_indoor_controlled_daily_values,Mercedes-Benz Stadium,33.7554,-84.4009,70.0,70.0,70.0,70.0,70.0,70.0,70.0,0.0,0.0,0.0,0.0,,,
2022_REG_18_TEN_JAX_20230107,WTH_02173,50.9,0.0,6.7,WMO_0,0,2023-01-07 12:00:00,open_meteo_daily_by_venue_coordinates,TIAA Bank Stadium,30.3239,-81.6373,63.1,41.9,50.9,46.7,60.2,37.2,46.7,0.0,0.0,0.0,11.6,343.0,14.1,0.0
2023_CON_21_DET_SF_20240128,WTH_02174,56.5,0.0,6.2,WMO_3,0,2024-01-28 12:00:00,open_meteo_daily_by_venue_coordinates,Levi's Stadium,37.403,-121.97,67.2,49.3,56.5,56.1,69.6,46.2,56.1,0.0,0.0,0.0,10.5,282.0,10.04,3.0
2023_CON_21_KC_BAL_20240128,WTH_02175,43.1,1.15,15.0,WMO_63|PRECIP,1,2024-01-28 12:00:00,open_meteo_daily_by_venue_coordinates,M&T Bank Stadium,39.278,-76.6227,50.3,40.5,43.1,36.4,44.7,31.5,36.4,1.15,0.0,0.0,29.5,54.0,2.39,63.0
2023_POST_19_CLE_HOU_20240113,WTH_02176,70.0,0.0,0.0,INDOOR,0,2024-01-13 12:00:00,open_meteo_indoor_controlled_daily_values,NRG Stadium,29.6847,-95.4107,70.0,70.0,70.0,70.0,70.0,70.0,70.0,0.0,0.0,0.0,0.0,,,
2023_POST_19_GB_DAL_20240114,WTH_02177,70.0,0.0,0.0,INDOOR,0,2024-01-14 12:00:00,open_meteo_indoor_controlled_daily_values,AT&T Stadium,32.7473,-97.0945,70.0,70.0,70.0,70.0,70.0,70.0,70.0,0.0,0.0,0.0,0.0,,,
2023_POST_19_LAR_DET_20240114,WTH_02178,70.0,0.0,0.0,INDOOR,0,2024-01-14 12:00:00,open_meteo_indoor_controlled_daily_values,Ford Field,42.34,-83.0456,70.0,70.0,70.0,70.0,70.0,70.0,70.0,0.0,0.0,0.0,0.0,,,
2023_POST_19_MIA_KC_20240113,WTH_02179,5.3,0.051,17.1,WMO_73|SNOW,1,2024-01-13 12:00:00,open_meteo_daily_by_venue_coordinates,Arrowhead Stadium,39.0489,-94.4839,11.2,-3.8,5.3,-7.2,-2.4,-17.1,-7.2,0.0,0.386,0.558,34.7,302.0,5.04,73.0
2023_POST_19_PHI_TB_20240115,WTH_02180,61.1,0.035,9.7,WMO_53|PRECIP,0,2024-01-15 12:00:00,open_meteo_daily_by_venue_coordinates,Raymond James Stadium,27.9759,-82.5033,71.3,52.3,61.1,61.3,75.1,49.6,61.3,0.035,0.0,0.0,17.0,61.0,7.02,53.0
2023_POST_19_PIT_BUF_20240115,WTH_02181,16.0,0.236,21.5,WMO_73|SNOW|WINDY,1,2024-01-15 12:00:00,open_meteo_daily_by_venue_coordinates,Highmark Stadium,42.7738,-78.7868,18.7,12.5,16.0,3.9,7.0,0.1,3.9,0.0,1.654,0.295,41.6,232.0,4.57,73.0
2023_POST_20_GB_SF_20240120,WTH_02182,56.8,0.295,12.4,WMO_63|PRECIP,0,2024-01-20 12:00:00,open_meteo_daily_by_venue_coordinates,Levi's Stadium,37.403,-121.97,60.6,54.4,56.8,53.0,57.4,50.4,53.0,0.295,0.0,0.0,22.4,145.0,5.05,63.0
2023_POST_20_HOU_BAL_20240120,WTH_02183,20.6,0.0,16.9,WMO_3,0,2024-01-20 12:00:00,open_meteo_daily_by_venue_coordinates,M&T Bank Stadium,39.278,-76.6227,28.0,12.0,20.6,9.8,18.9,3.7,9.8,0.0,0.0,0.361,33.6,296.0,10.79,3.0
2023_POST_20_KC_BUF_20240121,WTH_02184,19.2,0.008,13.9,WMO_71|SNOW,1,2024-01-21 12:00:00,open_meteo_daily_by_venue_coordinates,Highmark Stadium,42.7738,-78.7868,26.0,14.6,19.2,8.5,14.7,5.0,8.5,0.0,0.055,0.689,29.5,283.0,8.04,71.0
2023_POST_20_TB_DET_20240121,WTH_02185,70.0,0.0,0.0,INDOOR,0,2024-01-21 12:00:00,open_meteo_indoor_controlled_daily_values,Ford Field,42.34,-83.0456,70.0,70.0,70.0,70.0,70.0,70.0,70.0,0.0,0.0,0.0,0.0,,,
2023_POST_22_SF_KC_20240211,WTH_02186,70.0,0.0,0.0,INDOOR,0,2024-02-11 12:00:00,open_meteo_indoor_controlled_daily_values,Allegiant Stadium,36.0908,-115.183,70.0,70.0,70.0,70.0,70.0,70.0,70.0,0.0,0.0,0.0,0.0,,,
2023_REG_01_ARI_WSH_20230910,WTH_02187,71.1,1.402,6.3,WMO_65|PRECIP,1,2023-09-10 12:00:00,open_meteo_daily_by_venue_coordinates,Northwest Stadium,38.9078,-76.8644,79.2,67.8,71.1,77.3,86.3,73.0,77.3,1.402,0.0,0.0,16.6,133.0,9.66,65.0
2023_REG_01_BUF_NYJ_20230911,WTH_02188,72.9,0.717,7.4,WMO_65|PRECIP,1,2023-09-11 12:00:00,open_meteo_daily_by_venue_coordinates,MetLife Stadium,40.8135,-74.0745,82.0,68.0,72.9,78.4,88.0,72.9,78.4,0.717,0.0,0.0,15.0,40.0,16.24,65.0
2023_REG_01_CAR_ATL_20230910,WTH_02189,70.0,0.0,0.0,INDOOR,0,2023-09-10 12:00:00,open_meteo_indoor_controlled_daily_values,Mercedes-Benz Stadium,33.7554,-84.4009,70.0,70.0,70.0,70.0,70.0,70.0,70.0,0.0,0.0,0.0,0.0,,,
2023_REG_01_CIN_CLE_20230910,WTH_02190,66.6,0.083,10.5,WMO_51|PRECIP,0,2023-09-10 12:00:00,open_meteo_daily_by_venue_coordinates,Huntington Bank Field,41.5061,-81.6995,69.3,65.2,66.6,67.4,69.6,65.6,67.4,0.083,0.0,0.0,15.0,356.0,13.32,51.0
2023_REG_01_DAL_NYG_20230910,WTH_02191,71.6,0.484,6.2,WMO_65|PRECIP,0,2023-09-10 12:00:00,open_meteo_daily_by_venue_coordinates,MetLife Stadium,40.8135,-74.0745,75.7,67.5,71.6,77.4,82.3,73.2,77.4,0.484,0.0,0.0,16.3,53.0,7.23,65.0
2023_REG_01_DET_KC_20230907,WTH_02192,70.4,0.0,5.8,WMO_1,0,2023-09-07 12:00:00,open_meteo_daily_by_venue_coordinates,Arrowhead Stadium,39.0489,-94.4839,81.8,58.4,70.4,71.0,82.9,58.9,71.0,0.0,0.0,0.0,17.4,26.0,23.1,1.0
2023_REG_01_GB_CHI_20230910,WTH_02193,65.0,0.0,9.3,WMO_3,0,2023-09-10 12:00:00,open_meteo_daily_by_venue_coordinates,Soldier Field,41.8623,-87.6167,73.8,56.0,65.0,65.9,76.6,55.8,65.9,0.0,0.0,0.0,16.6,69.0,20.8,3.0
2023_REG_01_HOU_BAL_20230910,WTH_02194,72.6,0.512,7.4,WMO_63|PRECIP,1,2023-09-10 12:00:00,open_meteo_daily_by_venue_coordinates,M&T Bank Stadium,39.278,-76.6227,78.5,69.3,72.6,77.6,83.8,73.7,77.6,0.512,0.0,0.0,14.3,190.0,9.78,63.0
2023_REG_01_JAX_IND_20230910,WTH_02195,70.0,0.0,0.0,INDOOR,0,2023-09-10 12:00:00,open_meteo_indoor_controlled_daily_values,Lucas Oil Stadium,39.7601,-86.1639,70.0,70.0,70.0,70.0,70.0,70.0,70.0,0.0,0.0,0.0,0.0,,,
2023_REG_01_LAR_SEA_20230910,WTH_02196,64.6,0.0,9.6,WMO_3,0,2023-09-10 12:00:00,open_meteo_daily_by_venue_coordinates,Lumen Field,47.5952,-122.3316,80.8,55.5,64.6,63.7,77.5,54.6,63.7,0.0,0.0,0.0,17.7,203.0,17.4,3.0
2023_REG_01_LV_DEN_20230910,WTH_02197,64.5,0.059,13.2,WMO_53|PRECIP,0,2023-09-10 12:00:00,open_meteo_daily_by_venue_coordinates,Empower Field at Mile High,39.7439,-105.0201,84.7,54.6,64.5,61.6,79.1,52.4,61.6,0.059,0.0,0.0,22.8,5.0,14.24,53.0
2023_REG_01_MIA_LAC_20230910,WTH_02198,70.0,0.0,0.0,INDOOR,0,2023-09-10 12:00:00,open_meteo_indoor_controlled_daily_values,SoFi Stadium,33.9535,-118.3392,70.0,70.0,70.0,70.0,70.0,70.0,70.0,0.0,0.0,0.0,0.0,,,
2023_REG_01_PHI_NE_20230910,WTH_02199,71.4,0.433,6.2,WMO_63|PRECIP,0,2023-09-10 12:00:00,open_meteo_daily_by_venue_coordinates,Gillette Stadium,42.0909,-71.2643,77.0,69.7,71.4,77.9,84.4,74.7,77.9,0.433,0.0,0.0,19.7,190.0,6.81,63.0
2023_REG_01_SF_PIT_20230910,WTH_02200,68.6,0.563,5.6,WMO_63|PRECIP,1,2023-09-10 12:00:00,open_meteo_daily_by_venue_coordinates,Acrisure Stadium,40.4468,-80.0158,75.5,62.8,68.6,71.8,77.8,65.1,71.8,0.563,0.0,0.0,14.1,348.0,11.76,63.0
2023_REG_01_TB_MIN_20230910,WTH_02201,70.0,0.0,0.0,INDOOR,0,2023-09-10 12:00:00,open_meteo_indoor_controlled_daily_values,U.S. Bank Stadium,44.9738,-93.2575,70.0,70.0,70.0,70.0,70.0,70.0,70.0,0.0,0.0,0.0,0.0,,,
2023_REG_01_TEN_NO_20230910,WTH_02202,70.0,0.0,0.0,INDOOR,0,2023-09-10 12:00:00,open_meteo_indoor_controlled_daily_values,Caesars Superdome,29.9511,-90.0812,70.0,70.0,70.0,70.0,70.0,70.0,70.0,0.0,0.0,0.0,0.0,,,
2023_REG_02_BAL_CIN_20230917,WTH_02203,66.0,0.102,5.4,WMO_61|PRECIP,0,2023-09-17 12:00:00,open_meteo_daily_by_venue_coordinates,Paycor Stadium,39.0955,-84.516,74.7,57.8,66.0,65.8,74.5,57.8,65.8,0.102,0.0,0.0,13.0,344.0,18.39,61.0
2023_REG_02_CHI_TB_20230917,WTH_02204,83.7,0.059,12.5,WMO_55|PRECIP,0,2023-09-17 12:00:00,open_meteo_daily_by_venue_coordinates,Raymond James Stadium,27.9759,-82.5033,93.5,77.1,83.7,91.4,101.3,86.3,91.4,0.059,0.0,0.0,24.2,322.0,21.32,55.0
2023_REG_02_CLE_PIT_20230918,WTH_02205,61.4,0.02,9.9,WMO_51|PRECIP,0,2023-09-18 12:00:00,open_meteo_daily_by_venue_coordinates,Acrisure Stadium,40.4468,-80.0158,70.5,54.4,61.4,60.4,67.8,53.5,60.4,0.02,0.0,0.0,21.0,310.0,17.95,51.0
2023_REG_02_GB_ATL_20230917,WTH_02206,70.0,0.0,0.0,INDOOR,0,2023-09-17 12:00:00,open_meteo_indoor_controlled_daily_values,Mercedes-Benz Stadium,33.7554,-84.4009,70.0,70.0,70.0,70.0,70.0,70.0,70.0,0.0,0.0,0.0,0.0,,,
2023_REG_02_IND_HOU_20230917,WTH_02207,70.0,0.0,0.0,INDOOR,0,2023-09-17 12:00:00,open_meteo_indoor_controlled_daily_values,NRG Stadium,29.6847,-95.4107,70.0,70.0,70.0,70.0,70.0,70.0,70.0,0.0,0.0,0.0,0.0,,,
2023_REG_02_KC_JAX_20230917,WTH_02208,78.7,0.634,9.4,WMO_65|PRECIP,1,2023-09-17 12:00:00,open_meteo_daily_by_venue_coordinates,TIAA Bank Stadium,30.3239,-81.6373,85.4,73.9,78.7,86.2,93.2,80.7,86.2,0.634,0.0,0.0,20.4,178.0,16.65,65.0
2023_REG_02_LAC_TEN_20230917,WTH_02209,67.4,0.047,8.9,WMO_55|PRECIP,0,2023-09-17 12:00:00,open_meteo_daily_by_venue_coordinates,Nissan Stadium,36.1665,-86.7713,76.2,59.7,67.4,69.2,78.9,61.0,69.2,0.047,0.0,0.0,18.1,300.0,18.15,55.0
2023_REG_02_LV_BUF_20230917,WTH_02210,63.2,0.0,7.2,WMO_3,0,2023-09-17 12:00:00,open_meteo_daily_by_venue_coordinates,Highmark Stadium,42.7738,-78.7868,72.1,55.4,63.2,62.6,72.9,54.1,62.6,0.0,0.0,0.0,14.5,210.0,15.81,3.0
2023_REG_02_MIA_NE_20230917,WTH_02211,64.9,0.0,13.2,WMO_3,0,2023-09-17 12:00:00,open_meteo_daily_by_venue_coordinates,Gillette Stadium,42.0909,-71.2643,76.3,54.4,64.9,62.3,75.1,51.4,62.3,0.0,0.0,0.0,27.5,277.0,20.88,3.0
2023_REG_02_MIN_PHI_20230914,WTH_02212,70.5,0.0,10.2,WMO_3,0,2023-09-14 12:00:00,open_meteo_daily_by_venue_coordinates,Lincoln Financial Field,39.9008,-75.1675,78.3,63.0,70.5,69.3,76.5,62.2,69.3,0.0,0.0,0.0,20.6,339.0,21.65,3.0
2023_REG_02_NO_CAR_20230918,WTH_02213,68.7,0.035,8.5,WMO_51|PRECIP,0,2023-09-18 12:00:00,open_meteo_daily_by_venue_coordinates,Bank of America Stadium,35.2258,-80.8528,78.4,59.6,68.7,69.6,78.8,59.7,69.6,0.035,0.0,0.0,17.2,323.0,19.87,51.0
2023_REG_02_NYG_ARI_20230917,WTH_02214,70.0,0.0,0.0,INDOOR,0,2023-09-17 12:00:00,open_meteo_indoor_controlled_daily_values,State Farm Stadium,33.5276,-112.2626,70.0,70.0,70.0,70.0,70.0,70.0,70.0,0.0,0.0,0.0,0.0,,,
2023_REG_02_NYJ_DAL_20230917,WTH_02215,70.0,0.0,0.0,INDOOR,0,2023-09-17 12:00:00,open_meteo_indoor_controlled_daily_values,AT&T Stadium,32.7473,-97.0945,70.0,70.0,70.0,70.0,70.0,70.0,70.0,0.0,0.0,0.0,0.0,,,
2023_REG_02_SEA_DET_20230917,WTH_02216,70.0,0.0,0.0,INDOOR,0,2023-09-17 12:00:00,open_meteo_indoor_controlled_daily_values,Ford Field,42.34,-83.0456,70.0,70.0,70.0,70.0,70.0,70.0,70.0,0.0,0.0,0.0,0.0,,,
2023_REG_02_SF_LAR_20230917,WTH_02217,70.0,0.0,0.0,INDOOR,0,2023-09-17 12:00:00,open_meteo_indoor_controlled_daily_values,SoFi Stadium,33.9535,-118.3392,70.0,70.0,70.0,70.0,70.0,70.0,70.0,0.0,0.0,0.0,0.0,,,
2023_REG_02_WSH_DEN_20230917,WTH_02218,59.2,0.0,6.5,WMO_1,0,2023-09-17 12:00:00,open_meteo_daily_by_venue_coordinates,Empower Field at Mile High,39.7439,-105.0201,80.5,43.2,59.2,55.6,78.2,39.4,55.6,0.0,0.0,0.0,13.4,177.0,21.94,1.0
2023_REG_03_ATL_DET_20230924,WTH_02219,70.0,0.0,0.0,INDOOR,0,2023-09-24 12:00:00,open_meteo_indoor_controlled_daily_values,Ford Field,42.34,-83.0456,70.0,70.0,70.0,70.0,70.0,70.0,70.0,0.0,0.0,0.0,0.0,,,
2023_REG_03_BUF_WSH_20230924,WTH_02220,64.5,0.539,17.5,WMO_61|PRECIP,1,2023-09-24 12:00:00,open_meteo_daily_by_venue_coordinates,Northwest Stadium,38.9078,-76.8644,69.7,60.8,64.5,65.7,72.5,57.1,65.7,0.539,0.0,0.0,38.9,59.0,5.25,61.0
2023_REG_03_CAR_SEA_20230924,WTH_02221,57.2,0.031,10.1,WMO_51|PRECIP,0,2023-09-24 12:00:00,open_meteo_daily_by_venue_coordinates,Lumen Field,47.5952,-122.3316,64.0,53.2,57.2,56.7,64.7,52.6,56.7,0.031,0.0,0.0,19.0,174.0,7.9,51.0
2023_REG_03_CHI_KC_20230924,WTH_02222,71.1,0.004,8.4,WMO_51|PRECIP,0,2023-09-24 12:00:00,open_meteo_daily_by_venue_coordinates,Arrowhead Stadium,39.0489,-94.4839,79.8,63.8,71.1,74.2,81.0,66.9,74.2,0.004,0.0,0.0,15.4,278.0,20.04,51.0
2023_REG_03_DAL_ARI_20230924,WTH_02223,70.0,0.0,0.0,INDOOR,0,2023-09-24 12:00:00,open_meteo_indoor_controlled_daily_values,State Farm Stadium,33.5276,-112.2626,70.0,70.0,70.0,70.0,70.0,70.0,70.0,0.0,0.0,0.0,0.0,,,
2023_REG_03_DEN_MIA_20230924,WTH_02224,78.4,0.244,6.6,WMO_63|PRECIP,0,2023-09-24 12:00:00,open_meteo_daily_by_venue_coordinates,Hard Rock Stadium,25.958,-80.2389,86.3,72.7,78.4,86.2,97.6,79.0,86.2,0.244,0.0,0.0,13.9,70.0,18.26,63.0
2023_REG_03_HOU_JAX_20230924,WTH_02225,76.9,0.0,12.3,WMO_2,0,2023-09-24 12:00:00,open_meteo_daily_by_venue_coordinates,TIAA Bank Stadium,30.3239,-81.6373,88.2,66.2,76.9,79.3,90.9,68.7,79.3,0.0,0.0,0.0,20.8,196.0,21.59,2.0
2023_REG_03_IND_BAL_20230924,WTH_02226,64.2,1.469,20.1,WMO_65|PRECIP|WINDY,1,2023-09-24 12:00:00,open_meteo_daily_by_venue_coordinates,M&T Bank Stadium,39.278,-76.6227,67.6,60.7,64.2,63.8,70.9,55.2,63.8,1.469,0.0,0.0,41.4,58.0,3.24,65.0
2023_REG_03_LAC_MIN_20230924,WTH_02227,70.0,0.0,0.0,INDOOR,0,2023-09-24 12:00:00,open_meteo_indoor_controlled_daily_values,U.S. Bank Stadium,44.9738,-93.2575,70.0,70.0,70.0,70.0,70.0,70.0,70.0,0.0,0.0,0.0,0.0,,,
2023_REG_03_LAR_CIN_20230925,WTH_02228,67.2,0.0,7.3,WMO_3,0,2023-09-25 12:00:00,open_meteo_daily_by_venue_coordinates,Paycor Stadium,39.0955,-84.516,76.3,59.9,67.2,68.2,76.9,60.8,68.2,0.0,0.0,0.0,15.4,44.0,13.16,3.0
2023_REG_03_NE_NYJ_20230924,WTH_02229,62.1,0.516,20.6,WMO_63|PRECIP|WINDY,1,2023-09-24 12:00:00,open_meteo_daily_by_venue_coordinates,MetLife Stadium,40.8135,-74.0745,66.1,59.0,62.1,57.7,61.4,53.7,57.7,0.516,0.0,0.0,38.9,57.0,3.03,63.0
2023_REG_03_NO_GB_20230924,WTH_02230,64.4,0.0,10.6,WMO_3,0,2023-09-24 12:00:00,open_meteo_daily_by_venue_coordinates,Lambeau Field,44.5013,-88.0622,70.8,58.5,64.4,62.3,67.9,57.7,62.3,0.0,0.0,0.0,22.6,117.0,13.98,3.0
2023_REG_03_NYG_SF_20230921,WTH_02231,64.8,0.0,11.7,WMO_1,0,2023-09-21 12:00:00,open_meteo_daily_by_venue_coordinates,Levi's Stadium,37.403,-121.97,78.6,54.4,64.8,63.2,75.7,52.8,63.2,0.0,0.0,0.0,23.9,236.0,21.56,1.0
2023_REG_03_PHI_TB_20230925,WTH_02232,79.7,0.185,9.9,WMO_63|PRECIP,0,2023-09-25 12:00:00,open_meteo_daily_by_venue_coordinates,Raymond James Stadium,27.9759,-82.5033,86.9,73.7,79.7,85.5,96.0,80.0,85.5,0.185,0.0,0.0,21.5,114.0,17.81,63.0
2023_REG_03_PIT_LV_20230924,WTH_02233,70.0,0.0,0.0,INDOOR,0,2023-09-24 12:00:00,open_meteo_indoor_controlled_daily_values,Allegiant Stadium,36.0908,-115.183,70.0,70.0,70.0,70.0,70.0,70.0,70.0,0.0,0.0,0.0,0.0,,,
2023_REG_03_TEN_CLE_20230924,WTH_02234,60.9,0.0,15.1,WMO_3,0,2023-09-24 12:00:00,open_meteo_daily_by_venue_coordinates,Huntington Bank Field,41.5061,-81.6995,63.4,58.0,60.9,57.6,61.5,54.4,57.6,0.0,0.0,0.0,20.4,45.0,10.93,3.0
2023_REG_04_ARI_SF_20231001,WTH_02235,61.5,0.016,9.8,WMO_51|PRECIP,0,2023-10-01 12:00:00,open_meteo_daily_by_venue_coordinates,Levi's Stadium,37.403,-121.97,73.6,53.1,61.5,60.3,71.2,51.9,60.3,0.016,0.0,0.0,18.6,270.0,19.26,51.0
2023_REG_04_ATL_JAX_20231001,WTH_02236,64.3,0.0,13.1,WMO_3,0,2023-10-01 12:00:00,open_meteo_daily_by_venue_coordinates,Wembley Stadium,51.556,-0.2796,71.2,59.5,64.3,63.9,70.9,57.0,63.9,0.0,0.0,0.0,25.5,217.0,6.5,3.0
2023_REG_04_BAL_CLE_20231001,WTH_02237,63.1,0.0,9.2,WMO_3,0,2023-10-01 12:00:00,open_meteo_daily_by_venue_coordinates,Huntington Bank Field,41.5061,-81.6995,69.8,56.6,63.1,64.8,72.0,56.8,64.8,0.0,0.0,0.0,13.6,74.0,17.02,3.0
2023_REG_04_CIN_TEN_20231001,WTH_02238,72.7,0.0,5.0,WMO_0,0,2023-10-01 12:00:00,open_meteo_daily_by_venue_coordinates,Nissan Stadium,36.1665,-86.7713,84.7,61.6,72.7,75.3,89.6,62.9,75.3,0.0,0.0,0.0,10.7,58.0,19.18,0.0
2023_REG_04_DEN_CHI_20231001,WTH_02239,68.7,0.0,8.6,WMO_0,0,2023-10-01 12:00:00,open_meteo_daily_by_venue_coordinates,Soldier Field,41.8623,-87.6167,76.5,60.6,68.7,70.6,81.6,60.8,70.6,0.0,0.0,0.0,13.9,142.0,17.44,0.0
2023_REG_04_DET_GB_20230928,WTH_02240,62.4,0.0,8.9,WMO_2,0,2023-09-28 12:00:00,open_meteo_daily_by_venue_coordinates,Lambeau Field,44.5013,-88.0622,70.9,53.9,62.4,61.8,69.5,52.6,61.8,0.0,0.0,0.0,19.2,56.0,14.67,2.0
2023_REG_04_KC_NYJ_20231001,WTH_02241,65.3,0.0,11.0,WMO_1,0,2023-10-01 12:00:00,open_meteo_daily_by_venue_coordinates,MetLife Stadium,40.8135,-74.0745,76.7,57.9,65.3,64.4,75.7,55.2,64.4,0.0,0.0,0.0,21.7,356.0,17.96,1.0
2023_REG_04_LAR_IND_20231001,WTH_02242,70.0,0.0,0.0,INDOOR,0,2023-10-01 12:00:00,open_meteo_indoor_controlled_daily_values,Lucas Oil Stadium,39.7601,-86.1639,70.0,70.0,70.0,70.0,70.0,70.0,70.0,0.0,0.0,0.0,0.0,,,
2023_REG_04_LV_LAC_20231001,WTH_02243,70.0,0.0,0.0,INDOOR,0,2023-10-01 12:00:00,open_meteo_indoor_controlled_daily_values,SoFi Stadium,33.9535,-118.3392,70.0,70.0,70.0,70.0,70.0,70.0,70.0,0.0,0.0,0.0,0.0,,,
2023_REG_04_MIA_BUF_20231001,WTH_02244,63.8,0.0,5.8,WMO_3,0,2023-10-01 12:00:00,open_meteo_daily_by_venue_coordinates,Highmark Stadium,42.7738,-78.7868,71.8,57.7,63.8,65.6,73.9,58.7,65.6,0.0,0.0,0.0,14.3,241.0,15.7,3.0
2023_REG_04_MIN_CAR_20231001,WTH_02245,69.1,0.0,8.5,WMO_3,0,2023-10-01 12:00:00,open_meteo_daily_by_venue_coordinates,Bank of America Stadium,35.2258,-80.8528,79.8,59.1,69.1,69.3,78.6,59.3,69.3,0.0,0.0,0.0,18.3,50.0,15.13,3.0
2023_REG_04_NE_DAL_20231001,WTH_02246,70.0,0.0,0.0,INDOOR,0,2023-10-01 12:00:00,open_meteo_indoor_controlled_daily_values,AT&T Stadium,32.7473,-97.0945,70.0,70.0,70.0,70.0,70.0,70.0,70.0,0.0,0.0,0.0,0.0,,,
2023_REG_04_PIT_HOU_20231001,WTH_02247,70.0,0.0,0.0,INDOOR,0,2023-10-01 12:00:00,open_meteo_indoor_controlled_daily_values,NRG Stadium,29.6847,-95.4107,70.0,70.0,70.0,70.0,70.0,70.0,70.0,0.0,0.0,0.0,0.0,,,
2023_REG_04_SEA_NYG_20231002,WTH_02248,68.1,0.0,9.2,WMO_3,0,2023-10-02 12:00:00,open_meteo_daily_by_venue_coordinates,MetLife Stadium,40.8135,-74.0745,76.9,60.7,68.1,68.2,77.9,59.9,68.2,0.0,0.0,0.0,17.9,2.0,15.66,3.0
2023_REG_04_TB_NO_20231001,WTH_02249,70.0,0.0,0.0,INDOOR,0,2023-10-01 12:00:00,open_meteo_indoor_controlled_daily_values,Caesars Superdome,29.9511,-90.0812,70.0,70.0,70.0,70.0,70.0,70.0,70.0,0.0,0.0,0.0,0.0,,,
2023_REG_04_WSH_PHI_20231001,WTH_02250,67.1,0.0,9.0,WMO_0,0,2023-10-01 12:00:00,open_meteo_daily_by_venue_coordinates,Lincoln Financial Field,39.9008,-75.1675,79.7,58.1,67.1,67.2,79.2,57.4,67.2,0.0,0.0,0.0,18.1,353.0,18.24,0.0
2023_REG_05_BAL_PIT_20231008,WTH_02251,49.5,0.004,16.3,WMO_51|PRECIP,0,2023-10-08 12:00:00,open_meteo_daily_by_venue_coordinates,Acrisure Stadium,40.4468,-80.0158,55.5,44.3,49.5,41.3,44.6,37.2,41.3,0.004,0.0,0.0,34.0,273.0,11.83,51.0
2023_REG_05_CAR_DET_20231008,WTH_02252,70.0,0.0,0.0,INDOOR,0,2023-10-08 12:00:00,open_meteo_indoor_controlled_daily_values,Ford Field,42.34,-83.0456,70.0,70.0,70.0,70.0,70.0,70.0,70.0,0.0,0.0,0.0,0.0,,,
2023_REG_05_CHI_WSH_20231005,WTH_02253,66.6,0.008,9.1,WMO_51|PRECIP,0,2023-10-05 12:00:00,open_meteo_daily_by_venue_coordinates,Northwest Stadium,38.9078,-76.8644,78.8,55.7,66.6,66.6,79.1,55.7,66.6,0.008,0.0,0.0,20.8,152.0,13.72,51.0
2023_REG_05_CIN_ARI_20231008,WTH_02254,70.0,0.0,0.0,INDOOR,0,2023-10-08 12:00:00,open_meteo_indoor_controlled_daily_values,State Farm Stadium,33.5276,-112.2626,70.0,70.0,70.0,70.0,70.0,70.0,70.0,0.0,0.0,0.0,0.0,,,
2023_REG_05_DAL_SF_20231008,WTH_02255,71.5,0.0,12.0,WMO_0,0,2023-10-08 12:00:00,open_meteo_daily_by_venue_coordinates,Levi's Stadium,37.403,-121.97,90.7,60.6,71.5,71.4,86.8,61.9,71.4,0.0,0.0,0.0,22.6,338.0,18.39,0.0
2023_REG_05_GB_LV_20231009,WTH_02256,70.0,0.0,0.0,INDOOR,0,2023-10-09 12:00:00,open_meteo_indoor_controlled_daily_values,Allegiant Stadium,36.0908,-115.183,70.0,70.0,70.0,70.0,70.0,70.0,70.0,0.0,0.0,0.0,0.0,,,
2023_REG_05_HOU_ATL_20231008,WTH_02257,70.0,0.0,0.0,INDOOR,0,2023-10-08 12:00:00,open_meteo_indoor_controlled_daily_values,Mercedes-Benz Stadium,33.7554,-84.4009,70.0,70.0,70.0,70.0,70.0,70.0,70.0,0.0,0.0,0.0,0.0,,,
2023_REG_05_JAX_BUF_20231008,WTH_02258,62.1,0.0,7.6,WMO_3,0,2023-10-08 12:00:00,open_meteo_daily_by_venue_coordinates,Tottenham Hotspur Stadium,51.6043,-0.0664,72.0,55.5,62.1,61.2,71.0,54.7,61.2,0.0,0.0,0.0,14.5,246.0,10.86,3.0
2023_REG_05_KC_MIN_20231008,WTH_02259,70.0,0.0,0.0,INDOOR,0,2023-10-08 12:00:00,open_meteo_indoor_controlled_daily_values,U.S. Bank Stadium,44.9738,-93.2575,70.0,70.0,70.0,70.0,70.0,70.0,70.0,0.0,0.0,0.0,0.0,,,
2023_REG_05_NO_NE_20231008,WTH_02260,57.5,0.047,13.0,WMO_53|PRECIP,0,2023-10-08 12:00:00,open_meteo_daily_by_venue_coordinates,Gillette Stadium,42.0909,-71.2643,63.7,49.9,57.5,53.3,65.0,43.3,53.3,0.047,0.0,0.0,28.4,259.0,16.62,53.0
2023_REG_05_NYG_MIA_20231008,WTH_02261,78.0,0.949,9.7,WMO_65|PRECIP,1,2023-10-08 12:00:00,open_meteo_daily_by_venue_coordinates,Hard Rock Stadium,25.958,-80.2389,86.3,72.9,78.0,87.3,96.8,81.0,87.3,0.949,0.0,0.0,21.7,282.0,14.17,65.0
2023_REG_05_NYJ_DEN_20231008,WTH_02262,56.6,0.0,7.0,WMO_0,0,2023-10-08 12:00:00,open_meteo_daily_by_venue_coordinates,Empower Field at Mile High,39.7439,-105.0201,76.6,39.4,56.6,51.0,70.0,33.6,51.0,0.0,0.0,0.0,15.4,147.0,18.23,0.0
2023_REG_05_PHI_LAR_20231008,WTH_02263,70.0,0.0,0.0,INDOOR,0,2023-10-08 12:00:00,open_meteo_indoor_controlled_daily_values,SoFi Stadium,33.9535,-118.3392,70.0,70.0,70.0,70.0,70.0,70.0,70.0,0.0,0.0,0.0,0.0,,,
2023_REG_05_TEN_IND_20231008,WTH_02264,70.0,0.0,0.0,INDOOR,0,2023-10-08 12:00:00,open_meteo_indoor_controlled_daily_values,Lucas Oil Stadium,39.7601,-86.1639,70.0,70.0,70.0,70.0,70.0,70.0,70.0,0.0,0.0,0.0,0.0,,,
2023_REG_06_ARI_LAR_20231015,WTH_02265,70.0,0.0,0.0,INDOOR,0,2023-10-15 12:00:00,open_meteo_indoor_controlled_daily_values,SoFi Stadium,33.9535,-118.3392,70.0,70.0,70.0,70.0,70.0,70.0,70.0,0.0,0.0,0.0,0.0,,,
2023_REG_06_BAL_TEN_20231015,WTH_02266,44.4,0.0,10.2,WMO_3,0,2023-10-15 12:00:00,open_meteo_daily_by_venue_coordinates,Tottenham Hotspur Stadium,51.6043,-0.0664,50.1,40.3,44.4,38.4,43.8,33.9,38.4,0.0,0.0,0.0,19.5,332.0,11.46,3.0
2023_REG_06_CAR_MIA_20231015,WTH_02267,79.3,0.0,10.9,WMO_3,0,2023-10-15 12:00:00,open_meteo_daily_by_venue_coordinates,Hard Rock Stadium,25.958,-80.2389,87.2,71.1,79.3,85.1,92.2,75.7,85.1,0.0,0.0,0.0,21.0,278.0,18.12,3.0
2023_REG_06_DAL_LAC_20231016,WTH_02268,70.0,0.0,0.0,INDOOR,0,2023-10-16 12:00:00,open_meteo_indoor_controlled_daily_values,SoFi Stadium,33.9535,-118.3392,70.0,70.0,70.0,70.0,70.0,70.0,70.0,0.0,0.0,0.0,0.0,,,
2023_REG_06_DEN_KC_20231012,WTH_02269,68.4,0.0,18.6,WMO_3,1,2023-10-12 12:00:00,open_meteo_daily_by_venue_coordinates,Arrowhead Stadium,39.0489,-94.4839,76.9,61.2,68.4,64.5,72.0,57.3,64.5,0.0,0.0,0.0,37.8,170.0,13.41,3.0
2023_REG_06_DET_TB_20231015,WTH_02270,74.2,0.0,14.5,WMO_3,0,2023-10-15 12:00:00,open_meteo_daily_by_venue_coordinates,Raymond James Stadium,27.9759,-82.5033,77.0,70.2,74.2,75.8,78.6,67.3,75.8,0.0,0.0,0.0,26.8,300.0,19.8,3.0
2023_REG_06_IND_JAX_20231015,WTH_02271,68.3,0.0,11.3,WMO_3,0,2023-10-15 12:00:00,open_meteo_daily_by_venue_coordinates,TIAA Bank Stadium,30.3239,-81.6373,72.7,61.7,68.3,68.4,75.0,59.4,68.4,0.0,0.0,0.0,21.3,285.0,19.79,3.0
2023_REG_06_MIN_CHI_20231015,WTH_02272,51.6,0.063,18.7,WMO_51|PRECIP,0,2023-10-15 12:00:00,open_meteo_daily_by_venue_coordinates,Soldier Field,41.8623,-87.6167,56.8,46.3,51.6,43.8,49.9,37.5,43.8,0.063,0.0,0.0,28.9,359.0,12.21,51.0
2023_REG_06_NE_LV_20231015,WTH_02273,70.0,0.0,0.0,INDOOR,0,2023-10-15 12:00:00,open_meteo_indoor_controlled_daily_values,Allegiant Stadium,36.0908,-115.183,70.0,70.0,70.0,70.0,70.0,70.0,70.0,0.0,0.0,0.0,0.0,,,
2023_REG_06_NO_HOU_20231015,WTH_02274,70.0,0.0,0.0,INDOOR,0,2023-10-15 12:00:00,open_meteo_indoor_controlled_daily_values,NRG Stadium,29.6847,-95.4107,70.0,70.0,70.0,70.0,70.0,70.0,70.0,0.0,0.0,0.0,0.0,,,
2023_REG_06_NYG_BUF_20231015,WTH_02275,47.2,0.094,13.0,WMO_53|PRECIP,0,2023-10-15 12:00:00,open_meteo_daily_by_venue_coordinates,Highmark Stadium,42.7738,-78.7868,50.2,44.4,47.2,41.7,45.6,39.3,41.7,0.094,0.0,0.0,26.4,344.0,4.89,53.0
2023_REG_06_PHI_NYJ_20231015,WTH_02276,53.6,0.071,15.0,WMO_51|PRECIP,0,2023-10-15 12:00:00,open_meteo_daily_by_venue_coordinates,MetLife Stadium,40.8135,-74.0745,61.6,49.5,53.6,47.1,53.6,42.7,47.1,0.071,0.0,0.0,28.9,349.0,13.4,51.0
2023_REG_06_SEA_CIN_20231015,WTH_02277,52.4,0.008,13.5,WMO_51|PRECIP,0,2023-10-15 12:00:00,open_meteo_daily_by_venue_coordinates,Paycor Stadium,39.0955,-84.516,57.7,46.1,52.4,46.0,50.2,41.3,46.0,0.008,0.0,0.0,26.4,346.0,12.55,51.0
2023_REG_06_SF_CLE_20231015,WTH_02278,52.3,0.177,21.7,WMO_55|PRECIP|WINDY,1,2023-10-15 12:00:00,open_meteo_daily_by_venue_coordinates,Huntington Bank Field,41.5061,-81.6995,53.7,50.7,52.3,43.5,46.4,41.3,43.5,0.177,0.0,0.0,31.5,357.0,8.82,55.0
2023_REG_06_WSH_ATL_20231015,WTH_02279,70.0,0.0,0.0,INDOOR,0,2023-10-15 12:00:00,open_meteo_indoor_controlled_daily_values,Mercedes-Benz Stadium,33.7554,-84.4009,70.0,70.0,70.0,70.0,70.0,70.0,70.0,0.0,0.0,0.0,0.0,,,
2023_REG_07_ARI_SEA_20231022,WTH_02280,53.1,0.039,8.3,WMO_53|PRECIP,0,2023-10-22 12:00:00,open_meteo_daily_by_venue_coordinates,Lumen Field,47.5952,-122.3316,57.6,51.1,53.1,50.8,55.1,48.2,50.8,0.039,0.0,0.0,16.1,352.0,5.8,53.0
2023_REG_07_ATL_TB_20231022,WTH_02281,71.6,0.004,9.2,WMO_51|PRECIP,0,2023-10-22 12:00:00,open_meteo_daily_by_venue_coordinates,Raymond James Stadium,27.9759,-82.5033,84.3,59.7,71.6,73.1,85.3,59.5,73.1,0.004,0.0,0.0,16.6,344.0,17.88,51.0
2023_REG_07_BUF_NE_20231022,WTH_02282,53.0,0.091,16.0,WMO_55|PRECIP,0,2023-10-22 12:00:00,open_meteo_daily_by_venue_coordinates,Gillette Stadium,42.0909,-71.2643,57.4,49.6,53.0,46.0,49.6,42.5,46.0,0.091,0.0,0.0,32.7,277.0,12.4,55.0
2023_REG_07_CLE_IND_20231022,WTH_02283,70.0,0.0,0.0,INDOOR,0,2023-10-22 12:00:00,open_meteo_indoor_controlled_daily_values,Lucas Oil Stadium,39.7601,-86.1639,70.0,70.0,70.0,70.0,70.0,70.0,70.0,0.0,0.0,0.0,0.0,,,
2023_REG_07_DET_BAL_20231022,WTH_02284,53.8,0.291,16.4,WMO_63|PRECIP,0,2023-10-22 12:00:00,open_meteo_daily_by_venue_coordinates,M&T Bank Stadium,39.278,-76.6227,59.8,48.4,53.8,47.2,50.7,43.3,47.2,0.291,0.0,0.0,31.5,289.0,13.45,63.0
2023_REG_07_GB_DEN_20231022,WTH_02285,58.4,0.0,7.1,WMO_2,0,2023-10-22 12:00:00,open_meteo_daily_by_venue_coordinates,Empower Field at Mile High,39.7439,-105.0201,74.7,44.3,58.4,52.0,67.9,38.2,52.0,0.0,0.0,0.0,18.1,309.0,15.05,2.0
2023_REG_07_JAX_NO_20231019,WTH_02286,70.0,0.0,0.0,INDOOR,0,2023-10-19 12:00:00,open_meteo_indoor_controlled_daily_values,Caesars Superdome,29.9511,-90.0812,70.0,70.0,70.0,70.0,70.0,70.0,70.0,0.0,0.0,0.0,0.0,,,
2023_REG_07_LAC_KC_20231022,WTH_02287,59.1,0.0,10.1,WMO_3,0,2023-10-22 12:00:00,open_meteo_daily_by_venue_coordinates,Arrowhead Stadium,39.0489,-94.4839,69.9,48.7,59.1,54.2,64.3,44.0,54.2,0.0,0.0,0.0,21.3,84.0,14.81,3.0
2023_REG_07_LV_CHI_20231022,WTH_02288,48.2,0.091,18.1,WMO_55|PRECIP,0,2023-10-22 12:00:00,open_meteo_daily_by_venue_coordinates,Soldier Field,41.8623,-87.6167,52.9,42.4,48.2,41.4,47.1,35.2,41.4,0.091,0.0,0.0,29.5,344.0,13.21,55.0
2023_REG_07_MIA_PHI_20231022,WTH_02289,55.1,0.0,16.7,WMO_3,0,2023-10-22 12:00:00,open_meteo_daily_by_venue_coordinates,Lincoln Financial Field,39.9008,-75.1675,61.2,49.2,55.1,47.2,51.2,42.9,47.2,0.0,0.0,0.0,32.9,284.0,14.1,3.0
2023_REG_07_PIT_LAR_20231022,WTH_02290,70.0,0.0,0.0,INDOOR,0,2023-10-22 12:00:00,open_meteo_indoor_controlled_daily_values,SoFi Stadium,33.9535,-118.3392,70.0,70.0,70.0,70.0,70.0,70.0,70.0,0.0,0.0,0.0,0.0,,,
2023_REG_07_SF_MIN_20231023,WTH_02291,70.0,0.0,0.0,INDOOR,0,2023-10-23 12:00:00,open_meteo_indoor_controlled_daily_values,U.S. Bank Stadium,44.9738,-93.2575,70.0,70.0,70.0,70.0,70.0,70.0,70.0,0.0,0.0,0.0,0.0,,,
2023_REG_07_WSH_NYG_20231022,WTH_02292,53.9,0.0,16.8,WMO_3,0,2023-10-22 12:00:00,open_meteo_daily_by_venue_coordinates,MetLife Stadium,40.8135,-74.0745,57.6,50.4,53.9,46.1,49.9,41.5,46.1,0.0,0.0,0.0,32.4,284.0,9.61,3.0
2023_REG_08_ATL_TEN_20231029,WTH_02293,72.2,0.457,10.1,WMO_63|PRECIP,0,2023-10-29 12:00:00,open_meteo_daily_by_venue_coordinates,Nissan Stadium,36.1665,-86.7713,77.0,65.8,72.2,74.1,81.1,67.6,74.1,0.457,0.0,0.0,19.0,223.0,6.59,63.0
2023_REG_08_BAL_ARI_20231029,WTH_02294,70.0,0.0,0.0,INDOOR,0,2023-10-29 12:00:00,open_meteo_indoor_controlled_daily_values,State Farm Stadium,33.5276,-112.2626,70.0,70.0,70.0,70.0,70.0,70.0,70.0,0.0,0.0,0.0,0.0,,,
2023_REG_08_CHI_LAC_20231029,WTH_02295,70.0,0.0,0.0,INDOOR,0,2023-10-29 12:00:00,open_meteo_indoor_controlled_daily_values,SoFi Stadium,33.9535,-118.3392,70.0,70.0,70.0,70.0,70.0,70.0,70.0,0.0,0.0,0.0,0.0,,,
2023_REG_08_CIN_SF_20231029,WTH_02296,56.0,0.0,11.0,WMO_0,0,2023-10-29 12:00:00,open_meteo_daily_by_venue_coordinates,Levi's Stadium,37.403,-121.97,73.9,40.8,56.0,50.0,65.8,34.2,50.0,0.0,0.0,0.0,18.3,334.0,15.83,0.0
2023_REG_08_CLE_SEA_20231029,WTH_02297,41.1,0.0,8.3,WMO_1,0,2023-10-29 12:00:00,open_meteo_daily_by_venue_coordinates,Lumen Field,47.5952,-122.3316,51.8,33.3,41.1,35.3,44.7,27.4,35.3,0.0,0.0,0.0,15.4,27.0,10.34,1.0
2023_REG_08_HOU_CAR_20231029,WTH_02298,68.1,0.0,12.0,WMO_0,0,2023-10-29 12:00:00,open_meteo_daily_by_venue_coordinates,Bank of America Stadium,35.2258,-80.8528,80.2,58.0,68.1,67.6,78.8,57.0,67.6,0.0,0.0,0.0,24.2,224.0,15.61,0.0
2023_REG_08_JAX_PIT_20231029,WTH_02299,55.6,0.878,6.2,WMO_63|PRECIP,1,2023-10-29 12:00:00,open_meteo_daily_by_venue_coordinates,Acrisure Stadium,40.4468,-80.0158,60.0,52.3,55.6,54.6,59.2,51.1,54.6,0.878,0.0,0.0,16.8,7.0,1.83,63.0
2023_REG_08_KC_DEN_20231029,WTH_02300,22.9,0.354,7.1,WMO_75|SNOW,1,2023-10-29 12:00:00,open_meteo_daily_by_venue_coordinates,Empower Field at Mile High,39.7439,-105.0201,28.8,20.3,22.9,15.6,20.7,12.8,15.6,0.004,2.453,0.262,13.6,48.0,12.57,75.0
2023_REG_08_LAR_DAL_20231029,WTH_02301,70.0,0.0,0.0,INDOOR,0,2023-10-29 12:00:00,open_meteo_indoor_controlled_daily_values,AT&T Stadium,32.7473,-97.0945,70.0,70.0,70.0,70.0,70.0,70.0,70.0,0.0,0.0,0.0,0.0,,,
2023_REG_08_LV_DET_20231030,WTH_02302,70.0,0.0,0.0,INDOOR,0,2023-10-30 12:00:00,open_meteo_indoor_controlled_daily_values,Ford Field,42.34,-83.0456,70.0,70.0,70.0,70.0,70.0,70.0,70.0,0.0,0.0,0.0,0.0,,,
2023_REG_08_MIN_GB_20231029,WTH_02303,38.1,0.024,6.9,WMO_71|SNOW,1,2023-10-29 12:00:00,open_meteo_daily_by_venue_coordinates,Lambeau Field,44.5013,-88.0622,40.2,36.0,38.1,30.8,33.4,28.6,30.8,0.008,0.11,0.0,14.5,318.0,5.22,71.0
2023_REG_08_NE_MIA_20231029,WTH_02304,78.8,0.016,15.0,WMO_51|PRECIP,0,2023-10-29 12:00:00,open_meteo_daily_by_venue_coordinates,Hard Rock Stadium,25.958,-80.2389,83.7,75.3,78.8,81.0,85.9,78.3,81.0,0.016,0.0,0.0,29.1,62.0,14.82,51.0
2023_REG_08_NO_IND_20231029,WTH_02305,70.0,0.0,0.0,INDOOR,0,2023-10-29 12:00:00,open_meteo_indoor_controlled_daily_values,Lucas Oil Stadium,39.7601,-86.1639,70.0,70.0,70.0,70.0,70.0,70.0,70.0,0.0,0.0,0.0,0.0,,,
2023_REG_08_NYJ_NYG_20231029,WTH_02306,56.9,1.315,11.7,WMO_65|PRECIP,1,2023-10-29 12:00:00,open_meteo_daily_by_venue_coordinates,MetLife Stadium,40.8135,-74.0745,69.4,51.8,56.9,52.9,68.1,47.9,52.9,1.315,0.0,0.0,23.7,20.0,3.61,65.0
2023_REG_08_PHI_WSH_20231029,WTH_02307,68.1,0.0,7.0,WMO_3,0,2023-10-29 12:00:00,open_meteo_daily_by_venue_coordinates,Northwest Stadium,38.9078,-76.8644,78.2,61.9,68.1,70.0,82.2,62.4,70.0,0.0,0.0,0.0,15.4,55.0,11.21,3.0
2023_REG_08_TB_BUF_20231026,WTH_02308,62.9,0.22,10.9,WMO_61|PRECIP,0,2023-10-26 12:00:00,open_meteo_daily_by_venue_coordinates,Highmark Stadium,42.7738,-78.7868,69.9,58.5,62.9,61.2,68.9,55.7,61.2,0.22,0.0,0.0,22.1,219.0,9.28,61.0
2023_REG_09_ARI_CLE_20231105,WTH_02309,49.6,0.0,11.3,WMO_3,0,2023-11-05 12:00:00,open_meteo_daily_by_venue_coordinates,Huntington Bank Field,41.5061,-81.6995,51.3,46.7,49.6,45.8,47.9,43.8,45.8,0.0,0.0,0.0,15.0,1.0,11.82,3.0
2023_REG_09_BUF_CIN_20231105,WTH_02310,50.8,0.0,6.2,WMO_3,0,2023-11-05 12:00:00,open_meteo_daily_by_venue_coordinates,Paycor Stadium,39.0955,-84.516,59.2,41.9,50.8,46.5,54.5,36.9,46.5,0.0,0.0,0.0,12.1,323.0,13.28,3.0
2023_REG_09_CHI_NO_20231105,WTH_02311,70.0,0.0,0.0,INDOOR,0,2023-11-05 12:00:00,open_meteo_indoor_controlled_daily_values,Caesars Superdome,29.9511,-90.0812,70.0,70.0,70.0,70.0,70.0,70.0,70.0,0.0,0.0,0.0,0.0,,,
2023_REG_09_DAL_PHI_20231105,WTH_02312,53.8,0.0,8.0,WMO_3,0,2023-11-05 12:00:00,open_meteo_daily_by_venue_coordinates,Lincoln Financial Field,39.9008,-75.1675,67.6,40.2,53.8,49.8,62.1,36.2,49.8,0.0,0.0,0.0,15.7,316.0,11.95,3.0
2023_REG_09_IND_CAR_20231105,WTH_02313,54.6,0.0,6.4,WMO_3,0,2023-11-05 12:00:00,open_meteo_daily_by_venue_coordinates,Bank of America Stadium,35.2258,-80.8528,71.6,42.9,54.6,49.3,68.4,36.2,49.3,0.0,0.0,0.0,12.5,331.0,13.77,3.0
2023_REG_09_LAC_NYJ_20231106,WTH_02314,46.7,0.0,8.1,WMO_3,0,2023-11-06 12:00:00,open_meteo_daily_by_venue_coordinates,MetLife Stadium,40.8135,-74.0745,53.8,39.3,46.7,41.2,49.8,33.0,41.2,0.0,0.0,0.0,14.1,11.0,10.96,3.0
2023_REG_09_LAR_GB_20231105,WTH_02315,40.2,0.024,6.7,WMO_51|PRECIP,0,2023-11-05 12:00:00,open_meteo_daily_by_venue_coordinates,Lambeau Field,44.5013,-88.0622,49.8,31.5,40.2,34.9,46.0,24.4,34.9,0.024,0.0,0.0,9.6,210.0,4.41,51.0
2023_REG_09_MIA_KC_20231105,WTH_02316,50.4,0.181,19.5,WMO_55|PRECIP,1,2023-11-05 12:00:00,open_meteo_daily_by_venue_coordinates,Deutsche Bank Park,50.0686,8.6455,53.9,48.4,50.4,42.7,46.8,40.6,42.7,0.181,0.0,0.0,37.6,220.0,3.66,55.0
2023_REG_09_MIN_ATL_20231105,WTH_02317,70.0,0.0,0.0,INDOOR,0,2023-11-05 12:00:00,open_meteo_indoor_controlled_daily_values,Mercedes-Benz Stadium,33.7554,-84.4009,70.0,70.0,70.0,70.0,70.0,70.0,70.0,0.0,0.0,0.0,0.0,,,
2023_REG_09_NYG_LV_20231105,WTH_02318,70.0,0.0,0.0,INDOOR,0,2023-11-05 12:00:00,open_meteo_indoor_controlled_daily_values,Allegiant Stadium,36.0908,-115.183,70.0,70.0,70.0,70.0,70.0,70.0,70.0,0.0,0.0,0.0,0.0,,,
2023_REG_09_SEA_BAL_20231105,WTH_02319,54.7,0.0,8.6,WMO_3,0,2023-11-05 12:00:00,open_meteo_daily_by_venue_coordinates,M&T Bank Stadium,39.278,-76.6227,71.0,43.5,54.7,49.9,65.5,37.9,49.9,0.0,0.0,0.0,17.4,293.0,12.27,3.0
2023_REG_09_TB_HOU_20231105,WTH_02320,70.0,0.0,0.0,INDOOR,0,2023-11-05 12:00:00,open_meteo_indoor_controlled_daily_values,NRG Stadium,29.6847,-95.4107,70.0,70.0,70.0,70.0,70.0,70.0,70.0,0.0,0.0,0.0,0.0,,,
2023_REG_09_TEN_PIT_20231102,WTH_02321,36.2,0.0,8.2,WMO_2,0,2023-11-02 12:00:00,open_meteo_daily_by_venue_coordinates,Acrisure Stadium,40.4468,-80.0158,46.8,28.2,36.2,29.0,38.4,21.2,29.0,0.0,0.0,0.0,19.0,219.0,13.02,2.0
2023_REG_09_WSH_NE_20231105,WTH_02322,50.1,0.0,6.9,WMO_3,0,2023-11-05 12:00:00,open_meteo_daily_by_venue_coordinates,Gillette Stadium,42.0909,-71.2643,60.8,43.1,50.1,45.8,55.9,38.8,45.8,0.0,0.0,0.0,16.3,277.0,10.74,3.0
2023_REG_10_ATL_ARI_20231112,WTH_02323,70.0,0.0,0.0,INDOOR,0,2023-11-12 12:00:00,open_meteo_indoor_controlled_daily_values,State Farm Stadium,33.5276,-112.2626,70.0,70.0,70.0,70.0,70.0,70.0,70.0,0.0,0.0,0.0,0.0,,,
2023_REG_10_CAR_CHI_20231109,WTH_02324,47.5,0.039,17.2,WMO_53|PRECIP,0,2023-11-09 12:00:00,open_meteo_daily_by_venue_coordinates,Soldier Field,41.8623,-87.6167,53.8,39.6,47.5,40.0,47.1,31.6,40.0,0.039,0.0,0.0,29.1,286.0,11.65,53.0
2023_REG_10_CLE_BAL_20231112,WTH_02325,44.9,0.0,8.7,WMO_3,0,2023-11-12 12:00:00,open_meteo_daily_by_venue_coordinates,M&T Bank Stadium,39.278,-76.6227,51.0,38.8,44.9,38.7,45.1,31.6,38.7,0.0,0.0,0.0,16.3,21.0,8.62,3.0
2023_REG_10_DEN_BUF_20231113,WTH_02326,41.2,0.024,19.0,WMO_51|PRECIP,1,2023-11-13 12:00:00,open_meteo_daily_by_venue_coordinates,Highmark Stadium,42.7738,-78.7868,50.4,33.5,41.2,32.7,40.7,26.3,32.7,0.024,0.0,0.0,40.5,204.0,9.33,51.0
2023_REG_10_DET_LAC_20231112,WTH_02327,70.0,0.0,0.0,INDOOR,0,2023-11-12 12:00:00,open_meteo_indoor_controlled_daily_values,SoFi Stadium,33.9535,-118.3392,70.0,70.0,70.0,70.0,70.0,70.0,70.0,0.0,0.0,0.0,0.0,,,
2023_REG_10_GB_PIT_20231112,WTH_02328,41.4,0.0,6.0,WMO_3,0,2023-11-12 12:00:00,open_meteo_daily_by_venue_coordinates,Acrisure Stadium,40.4468,-80.0158,50.5,32.7,41.4,35.5,45.3,26.2,35.5,0.0,0.0,0.0,11.9,32.0,10.76,3.0
2023_REG_10_HOU_CIN_20231112,WTH_02329,43.5,0.0,7.4,WMO_3,0,2023-11-12 12:00:00,open_meteo_daily_by_venue_coordinates,Paycor Stadium,39.0955,-84.516,54.3,36.7,43.5,37.5,49.2,30.7,37.5,0.0,0.0,0.0,17.2,68.0,12.11,3.0
2023_REG_10_IND_NE_20231112,WTH_02330,42.3,0.0,6.7,WMO_3,0,2023-11-12 12:00:00,open_meteo_daily_by_venue_coordinates,Deutsche Bank Park,50.0686,8.6455,47.7,37.5,42.3,38.2,43.7,31.6,38.2,0.0,0.0,0.0,13.0,207.0,3.0,3.0
2023_REG_10_NO_MIN_20231112,WTH_02331,70.0,0.0,0.0,INDOOR,0,2023-11-12 12:00:00,open_meteo_indoor_controlled_daily_values,U.S. Bank Stadium,44.9738,-93.2575,70.0,70.0,70.0,70.0,70.0,70.0,70.0,0.0,0.0,0.0,0.0,,,
2023_REG_10_NYG_DAL_20231112,WTH_02332,70.0,0.0,0.0,INDOOR,0,2023-11-12 12:00:00,open_meteo_indoor_controlled_daily_values,AT&T Stadium,32.7473,-97.0945,70.0,70.0,70.0,70.0,70.0,70.0,70.0,0.0,0.0,0.0,0.0,,,
2023_REG_10_NYJ_LV_20231112,WTH_02333,70.0,0.0,0.0,INDOOR,0,2023-11-12 12:00:00,open_meteo_indoor_controlled_daily_values,Allegiant Stadium,36.0908,-115.183,70.0,70.0,70.0,70.0,70.0,70.0,70.0,0.0,0.0,0.0,0.0,,,
2023_REG_10_SF_JAX_20231112,WTH_02334,64.3,0.0,12.8,WMO_3,0,2023-11-12 12:00:00,open_meteo_daily_by_venue_coordinates,TIAA Bank Stadium,30.3239,-81.6373,67.3,60.0,64.3,63.2,66.9,58.3,63.2,0.0,0.0,0.0,23.5,18.0,7.28,3.0
2023_REG_10_TEN_TB_20231112,WTH_02335,76.9,0.031,11.4,WMO_53|PRECIP,0,2023-11-12 12:00:00,open_meteo_daily_by_venue_coordinates,Raymond James Stadium,27.9759,-82.5033,86.4,70.1,76.9,81.7,91.7,75.0,81.7,0.031,0.0,0.0,21.3,40.0,13.49,53.0
2023_REG_10_WSH_SEA_20231112,WTH_02336,48.5,0.047,18.1,WMO_53|PRECIP,0,2023-11-12 12:00:00,open_meteo_daily_by_venue_coordinates,Lumen Field,47.5952,-122.3316,53.9,45.3,48.5,43.6,51.6,39.2,43.6,0.047,0.0,0.0,33.3,180.0,3.53,53.0
2023_REG_11_ARI_HOU_20231119,WTH_02337,70.0,0.0,0.0,INDOOR,0,2023-11-19 12:00:00,open_meteo_indoor_controlled_daily_values,NRG Stadium,29.6847,-95.4107,70.0,70.0,70.0,70.0,70.0,70.0,70.0,0.0,0.0,0.0,0.0,,,
2023_REG_11_CHI_DET_20231119,WTH_02338,70.0,0.0,0.0,INDOOR,0,2023-11-19 12:00:00,open_meteo_indoor_controlled_daily_values,Ford Field,42.34,-83.0456,70.0,70.0,70.0,70.0,70.0,70.0,70.0,0.0,0.0,0.0,0.0,,,
2023_REG_11_CIN_BAL_20231116,WTH_02339,49.7,0.0,7.4,WMO_3,0,2023-11-16 12:00:00,open_meteo_daily_by_venue_coordinates,M&T Bank Stadium,39.278,-76.6227,65.6,37.4,49.7,44.8,60.9,31.9,44.8,0.0,0.0,0.0,13.6,212.0,11.48,3.0
2023_REG_11_DAL_CAR_20231119,WTH_02340,52.9,0.0,11.2,WMO_0,0,2023-11-19 12:00:00,open_meteo_daily_by_venue_coordinates,Bank of America Stadium,35.2258,-80.8528,62.7,42.4,52.9,45.9,57.5,35.0,45.9,0.0,0.0,0.0,19.9,43.0,13.23,0.0
2023_REG_11_LAC_GB_20231119,WTH_02341,38.0,0.0,8.7,WMO_3,0,2023-11-19 12:00:00,open_meteo_daily_by_venue_coordinates,Lambeau Field,44.5013,-88.0622,43.2,28.9,38.0,31.4,37.4,22.0,31.4,0.0,0.0,0.0,15.2,332.0,8.85,3.0
2023_REG_11_LV_MIA_20231119,WTH_02342,71.5,0.004,8.4,WMO_51|PRECIP,0,2023-11-19 12:00:00,open_meteo_daily_by_venue_coordinates,Hard Rock Stadium,25.958,-80.2389,79.9,64.3,71.5,74.0,83.3,65.8,74.0,0.004,0.0,0.0,17.7,344.0,15.99,51.0
2023_REG_11_MIN_DEN_20231119,WTH_02343,43.1,0.012,8.0,WMO_51|PRECIP,0,2023-11-19 12:00:00,open_meteo_daily_by_venue_coordinates,Empower Field at Mile High,39.7439,-105.0201,57.1,29.4,43.1,36.7,50.2,23.0,36.7,0.012,0.0,0.0,13.2,272.0,10.56,51.0
2023_REG_11_NYG_WSH_20231119,WTH_02344,46.6,0.0,8.3,WMO_0,0,2023-11-19 12:00:00,open_meteo_daily_by_venue_coordinates,Northwest Stadium,38.9078,-76.8644,57.1,38.8,46.6,39.6,50.0,32.0,39.6,0.0,0.0,0.0,17.7,297.0,11.47,0.0
2023_REG_11_NYJ_BUF_20231119,WTH_02345,43.2,0.016,15.8,WMO_51|PRECIP,0,2023-11-19 12:00:00,open_meteo_daily_by_venue_coordinates,Highmark Stadium,42.7738,-78.7868,46.6,37.2,43.2,34.6,37.2,30.1,34.6,0.016,0.0,0.0,30.4,275.0,8.47,51.0
2023_REG_11_PHI_KC_20231120,WTH_02346,45.5,0.413,13.0,WMO_63|PRECIP,0,2023-11-20 12:00:00,open_meteo_daily_by_venue_coordinates,Arrowhead Stadium,39.0489,-94.4839,49.8,42.3,45.5,39.0,44.2,35.6,39.0,0.413,0.0,0.0,25.5,82.0,1.86,63.0
2023_REG_11_PIT_CLE_20231119,WTH_02347,43.8,0.0,13.9,WMO_1,0,2023-11-19 12:00:00,open_meteo_daily_by_venue_coordinates,Huntington Bank Field,41.5061,-81.6995,46.5,41.0,43.8,35.6,40.1,32.2,35.6,0.0,0.0,0.0,19.0,253.0,10.23,1.0
2023_REG_11_SEA_LAR_20231119,WTH_02348,70.0,0.0,0.0,INDOOR,0,2023-11-19 12:00:00,open_meteo_indoor_controlled_daily_values,SoFi Stadium,33.9535,-118.3392,70.0,70.0,70.0,70.0,70.0,70.0,70.0,0.0,0.0,0.0,0.0,,,
2023_REG_11_TB_SF_20231119,WTH_02349,56.1,0.205,12.0,WMO_63|PRECIP,0,2023-11-19 12:00:00,open_meteo_daily_by_venue_coordinates,Levi's Stadium,37.403,-121.97,62.3,47.8,56.1,53.2,62.4,44.6,53.2,0.205,0.0,0.0,21.3,309.0,11.74,63.0
2023_REG_11_TEN_JAX_20231119,WTH_02350,65.3,0.0,6.8,WMO_3,0,2023-11-19 12:00:00,open_meteo_daily_by_venue_coordinates,TIAA Bank Stadium,30.3239,-81.6373,74.1,57.7,65.3,67.3,76.3,58.2,67.3,0.0,0.0,0.0,14.3,11.0,14.46,3.0
2023_REG_12_BAL_LAC_20231126,WTH_02351,70.0,0.0,0.0,INDOOR,0,2023-11-26 12:00:00,open_meteo_indoor_controlled_daily_values,SoFi Stadium,33.9535,-118.3392,70.0,70.0,70.0,70.0,70.0,70.0,70.0,0.0,0.0,0.0,0.0,,,
2023_REG_12_BUF_PHI_20231126,WTH_02352,36.7,0.079,6.8,WMO_55|PRECIP,0,2023-11-26 12:00:00,open_meteo_daily_by_venue_coordinates,Lincoln Financial Field,39.9008,-75.1675,48.3,28.0,36.7,30.7,44.3,20.4,30.7,0.079,0.0,0.0,13.0,69.0,4.86,55.0
2023_REG_12_CAR_TEN_20231126,WTH_02353,47.4,0.039,13.6,WMO_53|PRECIP,0,2023-11-26 12:00:00,open_meteo_daily_by_venue_coordinates,Nissan Stadium,36.1665,-86.7713,52.9,41.2,47.4,42.4,48.2,36.2,42.4,0.039,0.0,0.0,23.7,198.0,2.71,53.0
2023_REG_12_CHI_MIN_20231127,WTH_02354,70.0,0.0,0.0,INDOOR,0,2023-11-27 12:00:00,open_meteo_indoor_controlled_daily_values,U.S. Bank Stadium,44.9738,-93.2575,70.0,70.0,70.0,70.0,70.0,70.0,70.0,0.0,0.0,0.0,0.0,,,
2023_REG_12_CLE_DEN_20231126,WTH_02355,24.4,0.0,4.6,WMO_3,0,2023-11-26 12:00:00,open_meteo_daily_by_venue_coordinates,Empower Field at Mile High,39.7439,-105.0201,38.6,17.0,24.4,16.7,30.5,9.0,16.7,0.0,0.0,0.164,11.6,187.0,10.93,3.0
2023_REG_12_GB_DET_20231123,WTH_02356,70.0,0.0,0.0,INDOOR,0,2023-11-23 12:00:00,open_meteo_indoor_controlled_daily_values,Ford Field,42.34,-83.0456,70.0,70.0,70.0,70.0,70.0,70.0,70.0,0.0,0.0,0.0,0.0,,,
2023_REG_12_JAX_HOU_20231126,WTH_02357,70.0,0.0,0.0,INDOOR,0,2023-11-26 12:00:00,open_meteo_indoor_controlled_daily_values,NRG Stadium,29.6847,-95.4107,70.0,70.0,70.0,70.0,70.0,70.0,70.0,0.0,0.0,0.0,0.0,,,
2023_REG_12_KC_LV_20231126,WTH_02358,70.0,0.0,0.0,INDOOR,0,2023-11-26 12:00:00,open_meteo_indoor_controlled_daily_values,Allegiant Stadium,36.0908,-115.183,70.0,70.0,70.0,70.0,70.0,70.0,70.0,0.0,0.0,0.0,0.0,,,
2023_REG_12_LAR_ARI_20231126,WTH_02359,70.0,0.0,0.0,INDOOR,0,2023-11-26 12:00:00,open_meteo_indoor_controlled_daily_values,State Farm Stadium,33.5276,-112.2626,70.0,70.0,70.0,70.0,70.0,70.0,70.0,0.0,0.0,0.0,0.0,,,
2023_REG_12_MIA_NYJ_20231124,WTH_02360,43.0,0.0,12.4,WMO_3,0,2023-11-24 12:00:00,open_meteo_daily_by_venue_coordinates,MetLife Stadium,40.8135,-74.0745,49.2,37.4,43.0,35.6,40.5,29.3,35.6,0.0,0.0,0.0,21.5,301.0,9.72,3.0
2023_REG_12_NE_NYG_20231126,WTH_02361,36.5,0.043,12.5,WMO_53|PRECIP,0,2023-11-26 12:00:00,open_meteo_daily_by_venue_coordinates,MetLife Stadium,40.8135,-74.0745,49.6,27.5,36.5,30.1,42.9,19.9,30.1,0.043,0.0,0.0,21.5,107.0,5.7,53.0
2023_REG_12_NO_ATL_20231126,WTH_02362,70.0,0.0,0.0,INDOOR,0,2023-11-26 12:00:00,open_meteo_indoor_controlled_daily_values,Mercedes-Benz Stadium,33.7554,-84.4009,70.0,70.0,70.0,70.0,70.0,70.0,70.0,0.0,0.0,0.0,0.0,,,
2023_REG_12_PIT_CIN_20231126,WTH_02363,39.9,0.13,11.3,WMO_55|PRECIP,0,2023-11-26 12:00:00,open_meteo_daily_by_venue_coordinates,Paycor Stadium,39.0955,-84.516,46.5,34.3,39.9,33.6,40.5,28.0,33.6,0.13,0.0,0.0,24.2,190.0,2.57,55.0
2023_REG_12_SF_SEA_20231123,WTH_02364,43.8,0.0,13.9,WMO_3,0,2023-11-23 12:00:00,open_meteo_daily_by_venue_coordinates,Lumen Field,47.5952,-122.3316,46.4,42.3,43.8,37.2,40.5,34.0,37.2,0.0,0.0,0.0,24.2,6.0,6.3,3.0
2023_REG_12_TB_IND_20231126,WTH_02365,70.0,0.0,0.0,INDOOR,0,2023-11-26 12:00:00,open_meteo_indoor_controlled_daily_values,Lucas Oil Stadium,39.7601,-86.1639,70.0,70.0,70.0,70.0,70.0,70.0,70.0,0.0,0.0,0.0,0.0,,,
2023_REG_12_WSH_DAL_20231123,WTH_02366,70.0,0.0,0.0,INDOOR,0,2023-11-23 12:00:00,open_meteo_indoor_controlled_daily_values,AT&T Stadium,32.7473,-97.0945,70.0,70.0,70.0,70.0,70.0,70.0,70.0,0.0,0.0,0.0,0.0,,,
2023_REG_13_ARI_PIT_20231203,WTH_02367,50.2,0.89,12.9,WMO_63|PRECIP,1,2023-12-03 12:00:00,open_meteo_daily_by_venue_coordinates,Acrisure Stadium,40.4468,-80.0158,59.3,46.6,50.2,47.0,55.9,40.2,47.0,0.89,0.0,0.0,33.3,235.0,7.0,63.0
2023_REG_13_ATL_NYJ_20231203,WTH_02368,47.0,0.591,11.5,WMO_63|PRECIP,1,2023-12-03 12:00:00,open_meteo_daily_by_venue_coordinates,MetLife Stadium,40.8135,-74.0745,49.9,42.3,47.0,43.0,46.0,39.0,43.0,0.591,0.0,0.0,20.6,69.0,1.16,63.0
2023_REG_13_CAR_TB_20231203,WTH_02369,74.1,0.098,11.4,WMO_61|PRECIP,0,2023-12-03 12:00:00,open_meteo_daily_by_venue_coordinates,Raymond James Stadium,27.9759,-82.5033,81.4,71.3,74.1,79.3,85.0,76.0,79.3,0.098,0.0,0.0,22.6,210.0,11.48,61.0
2023_REG_13_CIN_JAX_20231204,WTH_02370,69.4,0.004,10.5,WMO_51|PRECIP,0,2023-12-04 12:00:00,open_meteo_daily_by_venue_coordinates,TIAA Bank Stadium,30.3239,-81.6373,73.7,64.4,69.4,71.7,74.4,62.1,71.7,0.004,0.0,0.0,19.5,254.0,9.86,51.0
2023_REG_13_CLE_LAR_20231203,WTH_02371,70.0,0.0,0.0,INDOOR,0,2023-12-03 12:00:00,open_meteo_indoor_controlled_daily_values,SoFi Stadium,33.9535,-118.3392,70.0,70.0,70.0,70.0,70.0,70.0,70.0,0.0,0.0,0.0,0.0,,,
2023_REG_13_DEN_HOU_20231203,WTH_02372,70.0,0.0,0.0,INDOOR,0,2023-12-03 12:00:00,open_meteo_indoor_controlled_daily_values,NRG Stadium,29.6847,-95.4107,70.0,70.0,70.0,70.0,70.0,70.0,70.0,0.0,0.0,0.0,0.0,,,
2023_REG_13_DET_NO_20231203,WTH_02373,70.0,0.0,0.0,INDOOR,0,2023-12-03 12:00:00,open_meteo_indoor_controlled_daily_values,Caesars Superdome,29.9511,-90.0812,70.0,70.0,70.0,70.0,70.0,70.0,70.0,0.0,0.0,0.0,0.0,,,
2023_REG_13_IND_TEN_20231203,WTH_02374,53.3,0.051,12.2,WMO_53|PRECIP,0,2023-12-03 12:00:00,open_meteo_daily_by_venue_coordinates,Nissan Stadium,36.1665,-86.7713,59.7,46.1,53.3,50.4,57.2,43.3,50.4,0.051,0.0,0.0,24.2,271.0,10.63,53.0
2023_REG_13_KC_GB_20231203,WTH_02375,32.6,0.374,10.4,WMO_75|SNOW,1,2023-12-03 12:00:00,open_meteo_daily_by_venue_coordinates,Lambeau Field,44.5013,-88.0622,35.2,28.8,32.6,25.2,27.3,22.1,25.2,0.024,2.453,0.197,21.5,43.0,1.9,75.0
2023_REG_13_LAC_NE_20231203,WTH_02376,42.5,0.461,10.6,WMO_61|PRECIP,0,2023-12-03 12:00:00,open_meteo_daily_by_venue_coordinates,Gillette Stadium,42.0909,-71.2643,45.3,40.1,42.5,37.6,42.2,35.0,37.6,0.461,0.0,0.0,22.8,51.0,0.96,61.0
2023_REG_13_MIA_WSH_20231203,WTH_02377,53.5,0.823,8.4,WMO_63|PRECIP,1,2023-12-03 12:00:00,open_meteo_daily_by_venue_coordinates,Northwest Stadium,38.9078,-76.8644,59.9,48.6,53.5,52.1,61.0,46.1,52.1,0.823,0.0,0.0,17.7,119.0,2.97,63.0
2023_REG_13_SEA_DAL_20231130,WTH_02378,70.0,0.0,0.0,INDOOR,0,2023-11-30 12:00:00,open_meteo_indoor_controlled_daily_values,AT&T Stadium,32.7473,-97.0945,70.0,70.0,70.0,70.0,70.0,70.0,70.0,0.0,0.0,0.0,0.0,,,
2023_REG_13_SF_PHI_20231203,WTH_02379,50.6,0.685,9.2,WMO_63|PRECIP,1,2023-12-03 12:00:00,open_meteo_daily_by_venue_coordinates,Lincoln Financial Field,39.9008,-75.1675,52.8,48.5,50.6,48.3,52.2,46.1,48.3,0.685,0.0,0.0,16.1,76.0,1.44,63.0
2023_REG_14_BUF_KC_20231210,WTH_02380,35.7,0.0,13.3,WMO_3,0,2023-12-10 12:00:00,open_meteo_daily_by_venue_coordinates,Arrowhead Stadium,39.0489,-94.4839,43.2,28.0,35.7,26.8,35.8,19.8,26.8,0.0,0.0,0.0,26.2,298.0,9.72,3.0
2023_REG_14_CAR_NO_20231210,WTH_02381,70.0,0.0,0.0,INDOOR,0,2023-12-10 12:00:00,open_meteo_indoor_controlled_daily_values,Caesars Superdome,29.9511,-90.0812,70.0,70.0,70.0,70.0,70.0,70.0,70.0,0.0,0.0,0.0,0.0,,,
2023_REG_14_DEN_LAC_20231210,WTH_02382,70.0,0.0,0.0,INDOOR,0,2023-12-10 12:00:00,open_meteo_indoor_controlled_daily_values,SoFi Stadium,33.9535,-118.3392,70.0,70.0,70.0,70.0,70.0,70.0,70.0,0.0,0.0,0.0,0.0,,,
2023_REG_14_DET_CHI_20231210,WTH_02383,35.4,0.0,18.3,WMO_3,0,2023-12-10 12:00:00,open_meteo_daily_by_venue_coordinates,Soldier Field,41.8623,-87.6167,41.6,32.9,35.4,24.9,31.1,21.4,24.9,0.0,0.0,0.0,26.2,271.0,2.87,3.0
2023_REG_14_GB_NYG_20231211,WTH_02384,46.2,1.492,19.7,WMO_63|PRECIP,1,2023-12-11 12:00:00,open_meteo_daily_by_venue_coordinates,MetLife Stadium,40.8135,-74.0745,60.1,38.8,46.2,37.9,57.7,29.7,37.9,1.492,0.0,0.0,38.5,303.0,6.87,63.0
2023_REG_14_HOU_NYJ_20231210,WTH_02385,51.2,0.752,14.4,WMO_63|PRECIP,1,2023-12-10 12:00:00,open_meteo_daily_by_venue_coordinates,MetLife Stadium,40.8135,-74.0745,61.8,42.7,51.2,48.2,61.4,38.8,48.2,0.752,0.0,0.0,26.6,190.0,3.18,63.0
2023_REG_14_IND_CIN_20231210,WTH_02386,41.4,0.209,10.9,WMO_61|PRECIP,0,2023-12-10 12:00:00,open_meteo_daily_by_venue_coordinates,Paycor Stadium,39.0955,-84.516,56.9,34.7,41.4,34.5,55.3,27.0,34.5,0.209,0.0,0.0,24.8,292.0,5.52,61.0
2023_REG_14_JAX_CLE_20231210,WTH_02387,42.6,0.618,15.4,WMO_63|PRECIP,1,2023-12-10 12:00:00,open_meteo_daily_by_venue_coordinates,Huntington Bank Field,41.5061,-81.6995,52.7,38.7,42.6,34.2,46.4,28.5,34.2,0.618,0.0,0.0,20.4,260.0,3.88,63.0
2023_REG_14_LAR_BAL_20231210,WTH_02388,52.7,1.205,8.0,WMO_63|PRECIP,1,2023-12-10 12:00:00,open_meteo_daily_by_venue_coordinates,M&T Bank Stadium,39.278,-76.6227,58.1,45.1,52.7,50.9,58.7,41.1,50.9,1.205,0.0,0.0,17.4,185.0,1.3,63.0
2023_REG_14_MIN_LV_20231210,WTH_02389,70.0,0.0,0.0,INDOOR,0,2023-12-10 12:00:00,open_meteo_indoor_controlled_daily_values,Allegiant Stadium,36.0908,-115.183,70.0,70.0,70.0,70.0,70.0,70.0,70.0,0.0,0.0,0.0,0.0,,,
2023_REG_14_NE_PIT_20231207,WTH_02390,35.5,0.0,11.4,WMO_3,0,2023-12-07 12:00:00,open_meteo_daily_by_venue_coordinates,Acrisure Stadium,40.4468,-80.0158,45.0,28.0,35.5,27.7,36.6,21.0,27.7,0.0,0.0,0.033,24.6,235.0,4.47,3.0
2023_REG_14_PHI_DAL_20231210,WTH_02391,70.0,0.0,0.0,INDOOR,0,2023-12-10 12:00:00,open_meteo_indoor_controlled_daily_values,AT&T Stadium,32.7473,-97.0945,70.0,70.0,70.0,70.0,70.0,70.0,70.0,0.0,0.0,0.0,0.0,,,
2023_REG_14_SEA_SF_20231210,WTH_02392,47.9,0.0,6.4,WMO_3,0,2023-12-10 12:00:00,open_meteo_daily_by_venue_coordinates,Levi's Stadium,37.403,-121.97,57.7,41.3,47.9,43.5,53.5,36.4,43.5,0.0,0.0,0.0,11.6,247.0,9.3,3.0
2023_REG_14_TB_ATL_20231210,WTH_02393,70.0,0.0,0.0,INDOOR,0,2023-12-10 12:00:00,open_meteo_indoor_controlled_daily_values,Mercedes-Benz Stadium,33.7554,-84.4009,70.0,70.0,70.0,70.0,70.0,70.0,70.0,0.0,0.0,0.0,0.0,,,
2023_REG_14_TEN_MIA_20231211,WTH_02394,69.0,0.024,11.2,WMO_51|PRECIP,0,2023-12-11 12:00:00,open_meteo_daily_by_venue_coordinates,Hard Rock Stadium,25.958,-80.2389,74.0,62.4,69.0,70.1,80.7,57.8,70.1,0.024,0.0,0.0,22.1,321.0,13.85,51.0
2023_REG_15_ATL_CAR_20231217,WTH_02395,46.7,1.85,19.2,WMO_63|PRECIP,1,2023-12-17 12:00:00,open_meteo_daily_by_venue_coordinates,Bank of America Stadium,35.2258,-80.8528,48.7,44.1,46.7,39.4,40.9,37.6,39.4,1.85,0.0,0.0,33.6,37.0,0.82,63.0
2023_REG_15_BAL_JAX_20231217,WTH_02396,64.7,2.307,26.9,WMO_65|PRECIP|WINDY,1,2023-12-17 12:00:00,open_meteo_daily_by_venue_coordinates,TIAA Bank Stadium,30.3239,-81.6373,69.5,60.4,64.7,61.2,71.1,52.4,61.2,2.307,0.0,0.0,46.8,33.0,6.8,65.0
2023_REG_15_CHI_CLE_20231217,WTH_02397,45.3,0.327,20.9,WMO_61|PRECIP|WINDY,1,2023-12-17 12:00:00,open_meteo_daily_by_venue_coordinates,Huntington Bank Field,41.5061,-81.6995,47.8,42.8,45.3,35.2,38.2,31.5,35.2,0.327,0.0,0.0,28.4,162.0,1.41,61.0
2023_REG_15_DAL_BUF_20231217,WTH_02398,46.6,0.083,19.6,WMO_55|PRECIP,1,2023-12-17 12:00:00,open_meteo_daily_by_venue_coordinates,Highmark Stadium,42.7738,-78.7868,48.8,44.4,46.6,37.2,43.6,32.9,37.2,0.083,0.0,0.0,37.1,169.0,0.9,55.0
2023_REG_15_DEN_DET_20231216,WTH_02399,70.0,0.0,0.0,INDOOR,0,2023-12-16 12:00:00,open_meteo_indoor_controlled_daily_values,Ford Field,42.34,-83.0456,70.0,70.0,70.0,70.0,70.0,70.0,70.0,0.0,0.0,0.0,0.0,,,
2023_REG_15_HOU_TEN_20231217,WTH_02400,50.0,0.362,11.5,WMO_61|PRECIP,0,2023-12-17 12:00:00,open_meteo_daily_by_venue_coordinates,Nissan Stadium,36.1665,-86.7713,53.4,46.5,50.0,45.6,48.2,40.4,45.6,0.362,0.0,0.0,21.7,242.0,6.32,61.0
2023_REG_15_KC_NE_20231217,WTH_02401,41.0,0.067,10.4,WMO_61|PRECIP,0,2023-12-17 12:00:00,open_meteo_daily_by_venue_coordinates,Gillette Stadium,42.0909,-71.2643,50.8,34.8,41.0,35.3,46.3,28.2,35.3,0.067,0.0,0.0,19.7,107.0,4.53,61.0
2023_REG_15_LAC_LV_20231214,WTH_02402,70.0,0.0,0.0,INDOOR,0,2023-12-14 12:00:00,open_meteo_indoor_controlled_daily_values,Allegiant Stadium,36.0908,-115.183,70.0,70.0,70.0,70.0,70.0,70.0,70.0,0.0,0.0,0.0,0.0,,,
2023_REG_15_MIN_CIN_20231216,WTH_02403,41.3,0.0,8.5,WMO_3,0,2023-12-16 12:00:00,open_meteo_daily_by_venue_coordinates,Paycor Stadium,39.0955,-84.516,54.4,34.0,41.3,34.8,49.3,26.6,34.8,0.0,0.0,0.0,15.2,131.0,6.9,3.0
2023_REG_15_NYG_NO_20231217,WTH_02404,70.0,0.0,0.0,INDOOR,0,2023-12-17 12:00:00,open_meteo_indoor_controlled_daily_values,Caesars Superdome,29.9511,-90.0812,70.0,70.0,70.0,70.0,70.0,70.0,70.0,0.0,0.0,0.0,0.0,,,
2023_REG_15_NYJ_MIA_20231217,WTH_02405,72.9,1.213,22.9,WMO_63|PRECIP|WINDY,1,2023-12-17 12:00:00,open_meteo_daily_by_venue_coordinates,Hard Rock Stadium,25.958,-80.2389,77.3,69.1,72.9,72.7,77.8,68.2,72.7,1.213,0.0,0.0,40.5,200.0,11.57,63.0
2023_REG_15_PHI_SEA_20231218,WTH_02406,41.4,0.039,6.9,WMO_53|PRECIP,0,2023-12-18 12:00:00,open_meteo_daily_by_venue_coordinates,Lumen Field,47.5952,-122.3316,45.2,37.0,41.4,36.9,41.3,31.9,36.9,0.039,0.0,0.0,13.4,64.0,1.11,53.0
2023_REG_15_PIT_IND_20231216,WTH_02407,70.0,0.0,0.0,INDOOR,0,2023-12-16 12:00:00,open_meteo_indoor_controlled_daily_values,Lucas Oil Stadium,39.7601,-86.1639,70.0,70.0,70.0,70.0,70.0,70.0,70.0,0.0,0.0,0.0,0.0,,,
2023_REG_15_SF_ARI_20231217,WTH_02408,70.0,0.0,0.0,INDOOR,0,2023-12-17 12:00:00,open_meteo_indoor_controlled_daily_values,State Farm Stadium,33.5276,-112.2626,70.0,70.0,70.0,70.0,70.0,70.0,70.0,0.0,0.0,0.0,0.0,,,
2023_REG_15_TB_GB_20231217,WTH_02409,39.6,0.024,10.5,WMO_51|PRECIP,0,2023-12-17 12:00:00,open_meteo_daily_by_venue_coordinates,Lambeau Field,44.5013,-88.0622,40.9,37.4,39.6,33.5,35.3,29.5,33.5,0.024,0.0,0.0,21.7,221.0,1.63,51.0
2023_REG_15_WSH_LAR_20231217,WTH_02410,70.0,0.0,0.0,INDOOR,0,2023-12-17 12:00:00,open_meteo_indoor_controlled_daily_values,SoFi Stadium,33.9535,-118.3392,70.0,70.0,70.0,70.0,70.0,70.0,70.0,0.0,0.0,0.0,0.0,,,
2023_REG_16_ARI_CHI_20231224,WTH_02411,48.0,0.0,12.2,WMO_3,0,2023-12-24 12:00:00,open_meteo_daily_by_venue_coordinates,Soldier Field,41.8623,-87.6167,55.9,42.2,48.0,43.8,51.8,37.4,43.8,0.0,0.0,0.0,19.5,153.0,6.43,3.0
2023_REG_16_BAL_SF_20231225,WTH_02412,48.6,0.0,4.9,WMO_3,0,2023-12-25 12:00:00,open_meteo_daily_by_venue_coordinates,Levi's Stadium,37.403,-121.97,56.8,41.0,48.6,45.8,54.5,36.6,45.8,0.0,0.0,0.0,10.7,113.0,9.07,3.0
2023_REG_16_BUF_LAC_20231223,WTH_02413,70.0,0.0,0.0,INDOOR,0,2023-12-23 12:00:00,open_meteo_indoor_controlled_daily_values,SoFi Stadium,33.9535,-118.3392,70.0,70.0,70.0,70.0,70.0,70.0,70.0,0.0,0.0,0.0,0.0,,,
2023_REG_16_CIN_PIT_20231223,WTH_02414,39.9,0.035,7.1,WMO_53|PRECIP,0,2023-12-23 12:00:00,open_meteo_daily_by_venue_coordinates,Acrisure Stadium,40.4468,-80.0158,46.3,34.5,39.9,33.8,40.7,28.4,33.8,0.035,0.0,0.033,13.9,159.0,1.95,53.0
2023_REG_16_CLE_HOU_20231224,WTH_02415,70.0,0.0,0.0,INDOOR,0,2023-12-24 12:00:00,open_meteo_indoor_controlled_daily_values,NRG Stadium,29.6847,-95.4107,70.0,70.0,70.0,70.0,70.0,70.0,70.0,0.0,0.0,0.0,0.0,,,
2023_REG_16_DAL_MIA_20231224,WTH_02416,70.0,0.047,14.6,WMO_51|PRECIP,0,2023-12-24 12:00:00,open_meteo_daily_by_venue_coordinates,Hard Rock Stadium,25.958,-80.2389,74.8,66.4,70.0,70.1,73.1,67.4,70.1,0.047,0.0,0.0,26.6,79.0,8.94,51.0
2023_REG_16_DET_MIN_20231224,WTH_02417,70.0,0.0,0.0,INDOOR,0,2023-12-24 12:00:00,open_meteo_indoor_controlled_daily_values,U.S. Bank Stadium,44.9738,-93.2575,70.0,70.0,70.0,70.0,70.0,70.0,70.0,0.0,0.0,0.0,0.0,,,
2023_REG_16_GB_CAR_20231224,WTH_02418,49.0,0.0,5.9,WMO_3,0,2023-12-24 12:00:00,open_meteo_daily_by_venue_coordinates,Bank of America Stadium,35.2258,-80.8528,62.2,38.7,49.0,45.1,58.4,34.4,45.1,0.0,0.0,0.0,10.5,120.0,11.06,3.0
2023_REG_16_IND_ATL_20231224,WTH_02419,70.0,0.0,0.0,INDOOR,0,2023-12-24 12:00:00,open_meteo_indoor_controlled_daily_values,Mercedes-Benz Stadium,33.7554,-84.4009,70.0,70.0,70.0,70.0,70.0,70.0,70.0,0.0,0.0,0.0,0.0,,,
2023_REG_16_JAX_TB_20231224,WTH_02420,64.5,0.0,16.0,WMO_3,0,2023-12-24 12:00:00,open_meteo_daily_by_venue_coordinates,Raymond James Stadium,27.9759,-82.5033,73.6,57.7,64.5,62.2,71.0,55.1,62.2,0.0,0.0,0.0,28.4,76.0,8.0,3.0
2023_REG_16_LV_KC_20231225,WTH_02421,42.9,1.516,13.2,WMO_65|PRECIP,1,2023-12-25 12:00:00,open_meteo_daily_by_venue_coordinates,Arrowhead Stadium,39.0489,-94.4839,55.7,36.2,42.9,36.2,55.1,26.3,36.2,1.516,0.0,0.0,27.1,269.0,3.03,65.0
2023_REG_16_NE_DEN_20231224,WTH_02422,32.9,0.201,12.6,WMO_73|SNOW,1,2023-12-24 12:00:00,open_meteo_daily_by_venue_coordinates,Empower Field at Mile High,39.7439,-105.0201,39.8,28.3,32.9,25.1,34.3,20.8,25.1,0.106,0.661,0.131,20.4,13.0,5.98,73.0
2023_REG_16_NO_LAR_20231221,WTH_02423,70.0,0.0,0.0,INDOOR,0,2023-12-21 12:00:00,open_meteo_indoor_controlled_daily_values,SoFi Stadium,33.9535,-118.3392,70.0,70.0,70.0,70.0,70.0,70.0,70.0,0.0,0.0,0.0,0.0,,,
2023_REG_16_NYG_PHI_20231225,WTH_02424,44.3,0.0,5.9,WMO_3,0,2023-12-25 12:00:00,open_meteo_daily_by_venue_coordinates,Lincoln Financial Field,39.9008,-75.1675,52.6,37.2,44.3,40.5,48.2,32.4,40.5,0.0,0.0,0.0,12.8,53.0,6.01,3.0
2023_REG_16_SEA_TEN_20231224,WTH_02425,54.9,0.004,10.1,WMO_51|PRECIP,0,2023-12-24 12:00:00,open_meteo_daily_by_venue_coordinates,Nissan Stadium,36.1665,-86.7713,66.0,49.7,54.9,51.8,61.7,46.1,51.8,0.004,0.0,0.0,19.0,143.0,8.44,51.0
2023_REG_16_WSH_NYJ_20231224,WTH_02426,39.1,0.024,5.1,WMO_51|PRECIP,0,2023-12-24 12:00:00,open_meteo_daily_by_venue_coordinates,MetLife Stadium,40.8135,-74.0745,46.9,33.9,39.1,34.8,44.0,28.2,34.8,0.024,0.0,0.0,11.9,8.0,3.4,51.0
2023_REG_17_ARI_PHI_20231231,WTH_02427,40.4,0.0,10.9,WMO_3,0,2023-12-31 12:00:00,open_meteo_daily_by_venue_coordinates,Lincoln Financial Field,39.9008,-75.1675,46.2,31.9,40.4,33.1,40.2,24.8,33.1,0.0,0.0,0.0,20.4,282.0,6.7,3.0
2023_REG_17_ATL_CHI_20231231,WTH_02428,32.0,0.059,12.5,WMO_73|SNOW,1,2023-12-31 12:00:00,open_meteo_daily_by_venue_coordinates,Soldier Field,41.8623,-87.6167,35.9,29.5,32.0,23.3,28.2,19.6,23.3,0.0,0.413,0.033,18.3,268.0,1.83,73.0
2023_REG_17_CAR_JAX_20231231,WTH_02429,45.5,0.0,6.8,WMO_3,0,2023-12-31 12:00:00,open_meteo_daily_by_venue_coordinates,TIAA Bank Stadium,30.3239,-81.6373,57.9,36.8,45.5,41.1,53.0,31.6,41.1,0.0,0.0,0.0,13.6,274.0,13.52,3.0
2023_REG_17_CIN_KC_20231231,WTH_02430,33.9,0.0,11.7,WMO_3,0,2023-12-31 12:00:00,open_meteo_daily_by_venue_coordinates,Arrowhead Stadium,39.0489,-94.4839,39.8,29.0,33.9,25.5,33.2,19.9,25.5,0.0,0.0,0.033,23.3,321.0,6.62,3.0
2023_REG_17_DET_DAL_20231230,WTH_02431,70.0,0.0,0.0,INDOOR,0,2023-12-30 12:00:00,open_meteo_indoor_controlled_daily_values,AT&T Stadium,32.7473,-97.0945,70.0,70.0,70.0,70.0,70.0,70.0,70.0,0.0,0.0,0.0,0.0,,,
2023_REG_17_GB_MIN_20231231,WTH_02432,70.0,0.0,0.0,INDOOR,0,2023-12-31 12:00:00,open_meteo_indoor_controlled_daily_values,U.S. Bank Stadium,44.9738,-93.2575,70.0,70.0,70.0,70.0,70.0,70.0,70.0,0.0,0.0,0.0,0.0,,,
2023_REG_17_LAC_DEN_20231231,WTH_02433,29.1,0.0,6.4,WMO_3,0,2023-12-31 12:00:00,open_meteo_daily_by_venue_coordinates,Empower Field at Mile High,39.7439,-105.0201,39.5,19.3,29.1,22.4,32.6,12.6,22.4,0.0,0.0,0.098,9.6,136.0,8.99,3.0
2023_REG_17_LAR_NYG_20231231,WTH_02434,37.8,0.0,9.5,WMO_3,0,2023-12-31 12:00:00,open_meteo_daily_by_venue_coordinates,MetLife Stadium,40.8135,-74.0745,43.4,29.8,37.8,31.0,36.1,23.6,31.0,0.0,0.0,0.0,18.6,287.0,4.99,3.0
2023_REG_17_LV_IND_20231231,WTH_02435,70.0,0.0,0.0,INDOOR,0,2023-12-31 12:00:00,open_meteo_indoor_controlled_daily_values,Lucas Oil Stadium,39.7601,-86.1639,70.0,70.0,70.0,70.0,70.0,70.0,70.0,0.0,0.0,0.0,0.0,,,
2023_REG_17_MIA_BAL_20231231,WTH_02436,40.9,0.012,10.6,WMO_51|PRECIP,0,2023-12-31 12:00:00,open_meteo_daily_by_venue_coordinates,M&T Bank Stadium,39.278,-76.6227,47.6,32.0,40.9,33.8,40.4,25.6,33.8,0.012,0.0,0.0,20.1,264.0,7.53,51.0
2023_REG_17_NE_BUF_20231231,WTH_02437,34.1,0.031,8.4,WMO_71|SNOW,1,2023-12-31 12:00:00,open_meteo_daily_by_venue_coordinates,Highmark Stadium,42.7738,-78.7868,38.0,30.7,34.1,27.9,31.5,24.7,27.9,0.02,0.083,0.033,18.1,283.0,2.75,71.0
2023_REG_17_NO_TB_20231231,WTH_02438,54.2,0.0,6.2,WMO_1,0,2023-12-31 12:00:00,open_meteo_daily_by_venue_coordinates,Raymond James Stadium,27.9759,-82.5033,65.7,46.1,54.2,51.9,64.2,43.0,51.9,0.0,0.0,0.0,12.5,101.0,14.23,1.0
2023_REG_17_NYJ_CLE_20231228,WTH_02439,42.0,0.28,7.5,WMO_61|PRECIP,0,2023-12-28 12:00:00,open_meteo_daily_by_venue_coordinates,Huntington Bank Field,41.5061,-81.6995,43.2,40.8,42.0,37.6,40.2,36.5,37.6,0.28,0.0,0.0,10.3,237.0,3.14,61.0
2023_REG_17_PIT_SEA_20231231,WTH_02440,45.3,0.004,11.6,WMO_51|PRECIP,0,2023-12-31 12:00:00,open_meteo_daily_by_venue_coordinates,Lumen Field,47.5952,-122.3316,50.1,42.4,45.3,40.8,45.6,38.1,40.8,0.004,0.0,0.0,18.8,182.0,3.15,51.0
2023_REG_17_SF_WSH_20231231,WTH_02441,41.5,0.0,10.5,WMO_3,0,2023-12-31 12:00:00,open_meteo_daily_by_venue_coordinates,Northwest Stadium,38.9078,-76.8644,47.8,32.5,41.5,34.6,41.0,26.0,34.6,0.0,0.0,0.0,21.3,269.0,7.26,3.0
2023_REG_17_TEN_HOU_20231231,WTH_02442,70.0,0.0,0.0,INDOOR,0,2023-12-31 12:00:00,open_meteo_indoor_controlled_daily_values,NRG Stadium,29.6847,-95.4107,70.0,70.0,70.0,70.0,70.0,70.0,70.0,0.0,0.0,0.0,0.0,,,
2023_REG_18_ATL_NO_20240107,WTH_02443,70.0,0.0,0.0,INDOOR,0,2024-01-07 12:00:00,open_meteo_indoor_controlled_daily_values,Caesars Superdome,29.9511,-90.0812,70.0,70.0,70.0,70.0,70.0,70.0,70.0,0.0,0.0,0.0,0.0,,,
2023_REG_18_BUF_MIA_20240107,WTH_02444,69.3,0.591,13.0,WMO_65|PRECIP,1,2024-01-07 12:00:00,open_meteo_daily_by_venue_coordinates,Hard Rock Stadium,25.958,-80.2389,73.3,62.3,69.3,71.6,78.4,61.5,71.6,0.591,0.0,0.0,24.4,269.0,6.61,65.0
2023_REG_18_CHI_GB_20240107,WTH_02445,30.6,0.008,10.3,WMO_71|SNOW,1,2024-01-07 12:00:00,open_meteo_daily_by_venue_coordinates,Lambeau Field,44.5013,-88.0622,36.8,25.4,30.6,23.7,28.1,18.8,23.7,0.0,0.083,0.197,20.4,290.0,6.06,71.0
2023_REG_18_CLE_CIN_20240107,WTH_02446,35.4,0.083,15.9,WMO_71|SNOW,1,2024-01-07 12:00:00,open_meteo_daily_by_venue_coordinates,Paycor Stadium,39.0955,-84.516,38.0,33.5,35.4,27.6,31.2,25.0,27.6,0.075,0.055,0.131,31.1,262.0,4.1,71.0
2023_REG_18_DAL_WSH_20240107,WTH_02447,38.5,0.028,16.7,WMO_51|PRECIP,1,2024-01-07 12:00:00,open_meteo_daily_by_venue_coordinates,Northwest Stadium,38.9078,-76.8644,47.9,31.6,38.5,31.1,40.4,25.1,31.1,0.028,0.0,0.0,36.7,288.0,7.89,51.0
2023_REG_18_DEN_LV_20240107,WTH_02448,70.0,0.0,0.0,INDOOR,0,2024-01-07 12:00:00,open_meteo_indoor_controlled_daily_values,Allegiant Stadium,36.0908,-115.183,70.0,70.0,70.0,70.0,70.0,70.0,70.0,0.0,0.0,0.0,0.0,,,
2023_REG_18_HOU_IND_20240106,WTH_02449,70.0,0.0,0.0,INDOOR,0,2024-01-06 12:00:00,open_meteo_indoor_controlled_daily_values,Lucas Oil Stadium,39.7601,-86.1639,70.0,70.0,70.0,70.0,70.0,70.0,70.0,0.0,0.0,0.0,0.0,,,
2023_REG_18_JAX_TEN_20240107,WTH_02450,41.7,0.055,12.1,WMO_51|PRECIP,0,2024-01-07 12:00:00,open_meteo_daily_by_venue_coordinates,Nissan Stadium,36.1665,-86.7713,46.3,38.2,41.7,34.8,39.6,31.5,34.8,0.055,0.0,0.0,22.8,265.0,6.4,51.0
2023_REG_18_KC_LAC_20240107,WTH_02451,70.0,0.0,0.0,INDOOR,0,2024-01-07 12:00:00,open_meteo_indoor_controlled_daily_values,SoFi Stadium,33.9535,-118.3392,70.0,70.0,70.0,70.0,70.0,70.0,70.0,0.0,0.0,0.0,0.0,,,
2023_REG_18_LAR_SF_20240107,WTH_02452,45.0,0.012,11.2,WMO_51|PRECIP,0,2024-01-07 12:00:00,open_meteo_daily_by_venue_coordinates,Levi's Stadium,37.403,-121.97,52.9,38.9,45.0,39.6,47.7,32.6,39.6,0.012,0.0,0.0,21.0,315.0,10.12,51.0
2023_REG_18_MIN_DET_20240107,WTH_02453,70.0,0.0,0.0,INDOOR,0,2024-01-07 12:00:00,open_meteo_indoor_controlled_daily_values,Ford Field,42.34,-83.0456,70.0,70.0,70.0,70.0,70.0,70.0,70.0,0.0,0.0,0.0,0.0,,,
2023_REG_18_NYJ_NE_20240107,WTH_02454,32.2,1.169,15.2,WMO_75|SNOW,1,2024-01-07 12:00:00,open_meteo_daily_by_venue_coordinates,Gillette Stadium,42.0909,-71.2643,34.4,24.7,32.2,23.2,26.0,13.6,23.2,0.169,7.028,0.492,33.8,51.0,1.27,75.0
2023_REG_18_PHI_NYG_20240107,WTH_02455,35.2,0.709,18.6,WMO_75|SNOW,1,2024-01-07 12:00:00,open_meteo_daily_by_venue_coordinates,MetLife Stadium,40.8135,-74.0745,37.5,33.5,35.2,26.3,30.1,22.9,26.3,0.323,2.701,0.197,34.4,30.0,2.43,75.0
2023_REG_18_PIT_BAL_20240106,WTH_02456,32.1,0.646,19.6,WMO_71|SNOW,1,2024-01-06 12:00:00,open_meteo_daily_by_venue_coordinates,M&T Bank Stadium,39.278,-76.6227,41.4,25.7,32.1,24.5,30.7,18.2,24.5,0.626,0.138,0.033,34.7,97.0,1.09,71.0
2023_REG_18_SEA_ARI_20240107,WTH_02457,70.0,0.0,0.0,INDOOR,0,2024-01-07 12:00:00,open_meteo_indoor_controlled_daily_values,State Farm Stadium,33.5276,-112.2626,70.0,70.0,70.0,70.0,70.0,70.0,70.0,0.0,0.0,0.0,0.0,,,
2023_REG_18_TB_CAR_20240107,WTH_02458,44.4,0.0,15.7,WMO_3,0,2024-01-07 12:00:00,open_meteo_daily_by_venue_coordinates,Bank of America Stadium,35.2258,-80.8528,52.5,37.5,44.4,37.7,42.7,31.3,37.7,0.0,0.0,0.0,29.8,267.0,11.2,3.0
2024_CON_21_BUF_KC_20250126,WTH_02459,26.3,0.0,8.2,WMO_3,0,2025-01-26 12:00:00,open_meteo_daily_by_venue_coordinates,Arrowhead Stadium,39.0489,-94.4839,31.5,17.9,26.3,18.7,24.7,10.4,18.7,0.0,0.0,0.164,15.9,343.0,10.9,3.0
2024_CON_21_WSH_PHI_20250126,WTH_02460,32.9,0.0,10.3,WMO_3,0,2025-01-26 12:00:00,open_meteo_daily_by_venue_coordinates,Lincoln Financial Field,39.9008,-75.1675,40.4,27.9,32.9,24.5,32.2,19.3,24.5,0.0,0.0,0.197,22.6,237.0,7.1,3.0
2024_POST_19_DEN_BUF_20250112,WTH_02461,29.9,0.016,12.8,WMO_73|SNOW,1,2025-01-12 12:00:00,open_meteo_daily_by_venue_coordinates,Highmark Stadium,42.7738,-78.7868,31.8,28.0,29.9,21.5,24.2,18.8,21.5,0.0,0.11,0.197,23.3,253.0,4.65,73.0
2024_POST_19_GB_PHI_20250112,WTH_02462,29.9,0.0,9.4,WMO_2,0,2025-01-12 12:00:00,open_meteo_daily_by_venue_coordinates,Lincoln Financial Field,39.9008,-75.1675,38.4,20.4,29.9,22.6,32.2,13.0,22.6,0.0,0.0,0.0,19.9,298.0,10.08,2.0
2024_POST_19_LAC_HOU_20250111,WTH_02463,70.0,0.0,0.0,INDOOR,0,2025-01-11 12:00:00,open_meteo_indoor_controlled_daily_values,NRG Stadium,29.6847,-95.4107,70.0,70.0,70.0,70.0,70.0,70.0,70.0,0.0,0.0,0.0,0.0,,,
2024_POST_19_MIN_LAR_20250113,WTH_02464,70.0,0.0,0.0,INDOOR,0,2025-01-13 12:00:00,open_meteo_indoor_controlled_daily_values,State Farm Stadium,33.5276,-112.2626,70.0,70.0,70.0,70.0,70.0,70.0,70.0,0.0,0.0,0.0,0.0,,,
2024_POST_19_PIT_BAL_20250111,WTH_02465,27.8,0.142,12.3,WMO_73|SNOW,1,2025-01-11 12:00:00,open_meteo_daily_by_venue_coordinates,M&T Bank Stadium,39.278,-76.6227,30.6,26.1,27.8,20.0,22.0,17.9,20.0,0.0,0.992,0.066,25.9,290.0,9.2,73.0
2024_POST_19_WSH_TB_20250112,WTH_02466,50.3,0.0,7.3,WMO_3,0,2025-01-12 12:00:00,open_meteo_daily_by_venue_coordinates,Raymond James Stadium,27.9759,-82.5033,62.2,41.5,50.3,46.1,58.7,36.0,46.1,0.0,0.0,0.0,15.7,5.0,15.26,3.0
2024_POST_20_BAL_BUF_20250119,WTH_02467,22.1,0.043,10.4,WMO_73|SNOW,1,2025-01-19 12:00:00,open_meteo_daily_by_venue_coordinates,Highmark Stadium,42.7738,-78.7868,28.8,18.2,22.1,13.5,20.4,10.1,13.5,0.0,0.303,0.492,19.2,13.0,5.52,73.0
2024_POST_20_HOU_KC_20250118,WTH_02468,25.3,0.0,16.0,WMO_3,0,2025-01-18 12:00:00,open_meteo_daily_by_venue_coordinates,Arrowhead Stadium,39.0489,-94.4839,38.4,15.6,25.3,14.7,32.4,3.9,14.7,0.0,0.0,0.295,30.2,346.0,10.94,3.0
2024_POST_20_LAR_PHI_20250119,WTH_02469,34.2,0.236,12.3,WMO_75|SNOW,1,2025-01-19 12:00:00,open_meteo_daily_by_venue_coordinates,Lincoln Financial Field,39.9008,-75.1675,37.8,30.6,34.2,27.8,33.1,21.1,27.8,0.004,1.626,0.197,24.2,347.0,1.83,75.0
2024_POST_20_WSH_DET_20250118,WTH_02470,70.0,0.0,0.0,INDOOR,0,2025-01-18 12:00:00,open_meteo_indoor_controlled_daily_values,Ford Field,42.34,-83.0456,70.0,70.0,70.0,70.0,70.0,70.0,70.0,0.0,0.0,0.0,0.0,,,
2024_POST_22_KC_PHI_20250209,WTH_02471,70.0,0.0,0.0,INDOOR,0,2025-02-09 12:00:00,open_meteo_indoor_controlled_daily_values,Caesars Superdome,29.9511,-90.0812,70.0,70.0,70.0,70.0,70.0,70.0,70.0,0.0,0.0,0.0,0.0,,,
2024_REG_01_ARI_BUF_20240908,WTH_02472,54.6,0.106,20.6,WMO_53|PRECIP|WINDY,1,2024-09-08 12:00:00,open_meteo_daily_by_venue_coordinates,Highmark Stadium,42.7738,-78.7868,59.4,50.6,54.6,47.3,52.3,44.2,47.3,0.106,0.0,0.0,40.7,267.0,16.47,53.0
2024_REG_01_BAL_KC_20240905,WTH_02473,75.1,0.008,6.5,WMO_51|PRECIP,0,2024-09-05 12:00:00,open_meteo_daily_by_venue_coordinates,Arrowhead Stadium,39.0489,-94.4839,89.3,63.6,75.1,76.8,95.2,64.6,76.8,0.008,0.0,0.0,12.3,185.0,22.3,51.0
2024_REG_01_CAR_NO_20240908,WTH_02474,70.0,0.0,0.0,INDOOR,0,2024-09-08 12:00:00,open_meteo_indoor_controlled_daily_values,Caesars Superdome,29.9511,-90.0812,70.0,70.0,70.0,70.0,70.0,70.0,70.0,0.0,0.0,0.0,0.0,,,
2024_REG_01_DAL_CLE_20240908,WTH_02475,59.0,0.0,16.3,WMO_1,0,2024-09-08 12:00:00,open_meteo_daily_by_venue_coordinates,Huntington Bank Field,41.5061,-81.6995,65.5,54.0,59.0,52.4,60.2,46.2,52.4,0.0,0.0,0.0,22.1,297.0,22.05,1.0
2024_REG_01_DEN_SEA_20240908,WTH_02476,67.7,0.0,10.1,WMO_3,0,2024-09-08 12:00:00,open_meteo_daily_by_venue_coordinates,Lumen Field,47.5952,-122.3316,79.5,59.8,67.7,68.0,79.6,59.4,68.0,0.0,0.0,0.0,21.3,202.0,18.85,3.0
2024_REG_01_GB_PHI_20240906,WTH_02477,62.9,0.02,14.4,WMO_51|PRECIP,0,2024-09-06 12:00:00,open_meteo_daily_by_venue_coordinates,Arena Corinthians,-23.5453,-46.474,72.8,58.5,62.9,61.3,72.6,55.3,61.3,0.02,0.0,0.0,24.8,147.0,13.96,51.0
2024_REG_01_HOU_IND_20240908,WTH_02478,70.0,0.0,0.0,INDOOR,0,2024-09-08 12:00:00,open_meteo_indoor_controlled_daily_values,Lucas Oil Stadium,39.7601,-86.1639,70.0,70.0,70.0,70.0,70.0,70.0,70.0,0.0,0.0,0.0,0.0,,,
2024_REG_01_JAX_MIA_20240908,WTH_02479,82.9,0.02,10.1,WMO_51|PRECIP,0,2024-09-08 12:00:00,open_meteo_daily_by_venue_coordinates,Hard Rock Stadium,25.958,-80.2389,89.6,77.3,82.9,91.8,98.8,85.7,91.8,0.02,0.0,0.0,20.8,135.0,23.89,51.0
2024_REG_01_LAR_DET_20240908,WTH_02480,70.0,0.0,0.0,INDOOR,0,2024-09-08 12:00:00,open_meteo_indoor_controlled_daily_values,Ford Field,42.34,-83.0456,70.0,70.0,70.0,70.0,70.0,70.0,70.0,0.0,0.0,0.0,0.0,,,
2024_REG_01_LV_LAC_20240908,WTH_02481,70.0,0.0,0.0,INDOOR,0,2024-09-08 12:00:00,open_meteo_indoor_controlled_daily_values,SoFi Stadium,33.9535,-118.3392,70.0,70.0,70.0,70.0,70.0,70.0,70.0,0.0,0.0,0.0,0.0,,,
2024_REG_01_MIN_NYG_20240908,WTH_02482,61.4,0.004,12.5,WMO_51|PRECIP,0,2024-09-08 12:00:00,open_meteo_daily_by_venue_coordinates,MetLife Stadium,40.8135,-74.0745,71.0,52.6,61.4,57.8,64.5,49.2,57.8,0.004,0.0,0.0,25.1,287.0,22.11,51.0
2024_REG_01_NE_CIN_20240908,WTH_02483,58.7,0.0,6.7,WMO_1,0,2024-09-08 12:00:00,open_meteo_daily_by_venue_coordinates,Paycor Stadium,39.0955,-84.516,70.5,48.1,58.7,55.4,68.9,44.0,55.4,0.0,0.0,0.0,19.5,345.0,23.23,1.0
2024_REG_01_NYJ_SF_20240909,WTH_02484,66.3,0.0,15.0,WMO_3,0,2024-09-09 12:00:00,open_meteo_daily_by_venue_coordinates,Levi's Stadium,37.403,-121.97,79.7,56.9,66.3,66.0,77.0,57.4,66.0,0.0,0.0,0.0,26.6,330.0,23.4,3.0
2024_REG_01_PIT_ATL_20240908,WTH_02485,70.0,0.0,0.0,INDOOR,0,2024-09-08 12:00:00,open_meteo_indoor_controlled_daily_values,Mercedes-Benz Stadium,33.7554,-84.4009,70.0,70.0,70.0,70.0,70.0,70.0,70.0,0.0,0.0,0.0,0.0,,,
2024_REG_01_TEN_CHI_20240908,WTH_02486,59.2,0.0,11.3,WMO_3,0,2024-09-08 12:00:00,open_meteo_daily_by_venue_coordinates,Soldier Field,41.8623,-87.6167,73.7,48.8,59.2,55.0,68.6,43.9,55.0,0.0,0.0,0.0,19.5,270.0,21.54,3.0
2024_REG_01_WSH_TB_20240908,WTH_02487,79.5,0.067,8.8,WMO_53|PRECIP,0,2024-09-08 12:00:00,open_meteo_daily_by_venue_coordinates,Raymond James Stadium,27.9759,-82.5033,86.5,75.3,79.5,88.5,99.2,82.8,88.5,0.067,0.0,0.0,16.3,107.0,14.75,53.0
2024_REG_02_ATL_PHI_20240916,WTH_02488,67.4,0.0,10.1,WMO_3,0,2024-09-16 12:00:00,open_meteo_daily_by_venue_coordinates,Lincoln Financial Field,39.9008,-75.1675,80.9,57.6,67.4,66.1,79.4,56.5,66.1,0.0,0.0,0.0,21.0,63.0,17.79,3.0
2024_REG_02_BUF_MIA_20240912,WTH_02489,81.2,0.701,6.1,WMO_65|PRECIP,1,2024-09-12 12:00:00,open_meteo_daily_by_venue_coordinates,Hard Rock Stadium,25.958,-80.2389,90.1,76.4,81.2,91.9,104.4,85.8,91.9,0.701,0.0,0.0,15.2,170.0,18.14,65.0
2024_REG_02_CHI_HOU_20240915,WTH_02490,70.0,0.0,0.0,INDOOR,0,2024-09-15 12:00:00,open_meteo_indoor_controlled_daily_values,NRG Stadium,29.6847,-95.4107,70.0,70.0,70.0,70.0,70.0,70.0,70.0,0.0,0.0,0.0,0.0,,,
2024_REG_02_CIN_KC_20240915,WTH_02491,75.7,0.028,7.8,WMO_51|PRECIP,0,2024-09-15 12:00:00,open_meteo_daily_by_venue_coordinates,Arrowhead Stadium,39.0489,-94.4839,85.1,67.2,75.7,79.0,89.7,69.4,79.0,0.028,0.0,0.0,17.4,125.0,19.35,51.0
2024_REG_02_CLE_JAX_20240915,WTH_02492,77.6,0.067,14.5,WMO_53|PRECIP,0,2024-09-15 12:00:00,open_meteo_daily_by_venue_coordinates,TIAA Bank Stadium,30.3239,-81.6373,80.7,75.2,77.6,82.4,86.3,80.1,82.4,0.067,0.0,0.0,27.3,26.0,14.87,53.0
2024_REG_02_IND_GB_20240915,WTH_02493,72.7,0.004,9.7,WMO_51|PRECIP,0,2024-09-15 12:00:00,open_meteo_daily_by_venue_coordinates,Lambeau Field,44.5013,-88.0622,85.7,62.6,72.7,74.5,89.4,63.5,74.5,0.004,0.0,0.0,19.7,156.0,17.85,51.0
2024_REG_02_LAC_CAR_20240915,WTH_02494,73.0,0.028,16.8,WMO_51|PRECIP,0,2024-09-15 12:00:00,open_meteo_daily_by_venue_coordinates,Bank of America Stadium,35.2258,-80.8528,81.6,65.8,73.0,71.5,79.9,65.1,71.5,0.028,0.0,0.0,31.8,57.0,17.99,51.0
2024_REG_02_LAR_ARI_20240915,WTH_02495,70.0,0.0,0.0,INDOOR,0,2024-09-15 12:00:00,open_meteo_indoor_controlled_daily_values,State Farm Stadium,33.5276,-112.2626,70.0,70.0,70.0,70.0,70.0,70.0,70.0,0.0,0.0,0.0,0.0,,,
2024_REG_02_LV_BAL_20240915,WTH_02496,70.5,0.0,10.9,WMO_3,0,2024-09-15 12:00:00,open_meteo_daily_by_venue_coordinates,M&T Bank Stadium,39.278,-76.6227,81.2,60.9,70.5,70.5,81.4,59.9,70.5,0.0,0.0,0.0,21.9,77.0,20.42,3.0
2024_REG_02_NO_DAL_20240915,WTH_02497,70.0,0.0,0.0,INDOOR,0,2024-09-15 12:00:00,open_meteo_indoor_controlled_daily_values,AT&T Stadium,32.7473,-97.0945,70.0,70.0,70.0,70.0,70.0,70.0,70.0,0.0,0.0,0.0,0.0,,,
2024_REG_02_NYG_WSH_20240915,WTH_02498,70.0,0.0,10.4,WMO_3,0,2024-09-15 12:00:00,open_meteo_daily_by_venue_coordinates,Northwest Stadium,38.9078,-76.8644,81.7,60.9,70.0,70.0,82.5,60.8,70.0,0.0,0.0,0.0,23.7,75.0,20.52,3.0
2024_REG_02_NYJ_TEN_20240915,WTH_02499,73.7,0.398,9.5,WMO_63|PRECIP,0,2024-09-15 12:00:00,open_meteo_daily_by_venue_coordinates,Nissan Stadium,36.1665,-86.7713,85.0,66.1,73.7,77.9,88.3,67.9,77.9,0.398,0.0,0.0,20.4,86.0,18.51,63.0
2024_REG_02_PIT_DEN_20240915,WTH_02500,69.6,0.0,13.9,WMO_3,0,2024-09-15 12:00:00,open_meteo_daily_by_venue_coordinates,Empower Field at Mile High,39.7439,-105.0201,87.8,52.2,69.6,64.9,82.4,48.2,64.9,0.0,0.0,0.0,28.2,194.0,18.19,3.0
2024_REG_02_SEA_NE_20240915,WTH_02501,66.3,0.0,6.9,WMO_0,0,2024-09-15 12:00:00,open_meteo_daily_by_venue_coordinates,Gillette Stadium,42.0909,-71.2643,77.7,58.5,66.3,66.7,79.0,58.6,66.7,0.0,0.0,0.0,16.3,68.0,20.37,0.0
2024_REG_02_SF_MIN_20240915,WTH_02502,70.0,0.0,0.0,INDOOR,0,2024-09-15 12:00:00,open_meteo_indoor_controlled_daily_values,U.S. Bank Stadium,44.9738,-93.2575,70.0,70.0,70.0,70.0,70.0,70.0,70.0,0.0,0.0,0.0,0.0,,,
2024_REG_02_TB_DET_20240915,WTH_02503,70.0,0.0,0.0,INDOOR,0,2024-09-15 12:00:00,open_meteo_indoor_controlled_daily_values,Ford Field,42.34,-83.0456,70.0,70.0,70.0,70.0,70.0,70.0,70.0,0.0,0.0,0.0,0.0,,,
2024_REG_03_BAL_DAL_20240922,WTH_02504,70.0,0.0,0.0,INDOOR,0,2024-09-22 12:00:00,open_meteo_indoor_controlled_daily_values,AT&T Stadium,32.7473,-97.0945,70.0,70.0,70.0,70.0,70.0,70.0,70.0,0.0,0.0,0.0,0.0,,,
2024_REG_03_CAR_LV_20240922,WTH_02505,70.0,0.0,0.0,INDOOR,0,2024-09-22 12:00:00,open_meteo_indoor_controlled_daily_values,Allegiant Stadium,36.0908,-115.183,70.0,70.0,70.0,70.0,70.0,70.0,70.0,0.0,0.0,0.0,0.0,,,
2024_REG_03_CHI_IND_20240922,WTH_02506,70.0,0.0,0.0,INDOOR,0,2024-09-22 12:00:00,open_meteo_indoor_controlled_daily_values,Lucas Oil Stadium,39.7601,-86.1639,70.0,70.0,70.0,70.0,70.0,70.0,70.0,0.0,0.0,0.0,0.0,,,
2024_REG_03_DEN_TB_20240922,WTH_02507,79.3,0.0,10.4,WMO_1,0,2024-09-22 12:00:00,open_meteo_daily_by_venue_coordinates,Raymond James Stadium,27.9759,-82.5033,87.5,72.5,79.3,85.5,95.7,78.7,85.5,0.0,0.0,0.0,20.4,45.0,22.25,1.0
2024_REG_03_DET_ARI_20240922,WTH_02508,70.0,0.0,0.0,INDOOR,0,2024-09-22 12:00:00,open_meteo_indoor_controlled_daily_values,State Farm Stadium,33.5276,-112.2626,70.0,70.0,70.0,70.0,70.0,70.0,70.0,0.0,0.0,0.0,0.0,,,
2024_REG_03_GB_TEN_20240922,WTH_02509,74.9,0.378,9.6,WMO_63|PRECIP,0,2024-09-22 12:00:00,open_meteo_daily_by_venue_coordinates,Nissan Stadium,36.1665,-86.7713,82.5,69.7,74.9,82.2,90.3,76.0,82.2,0.378,0.0,0.0,20.6,232.0,12.57,63.0
2024_REG_03_HOU_MIN_20240922,WTH_02510,70.0,0.0,0.0,INDOOR,0,2024-09-22 12:00:00,open_meteo_indoor_controlled_daily_values,U.S. Bank Stadium,44.9738,-93.2575,70.0,70.0,70.0,70.0,70.0,70.0,70.0,0.0,0.0,0.0,0.0,,,
2024_REG_03_JAX_BUF_20240923,WTH_02511,69.2,0.303,12.3,WMO_63|PRECIP,0,2024-09-23 12:00:00,open_meteo_daily_by_venue_coordinates,Highmark Stadium,42.7738,-78.7868,73.2,65.1,69.2,71.2,77.1,65.4,71.2,0.303,0.0,0.0,22.6,180.0,11.16,63.0
2024_REG_03_KC_ATL_20240922,WTH_02512,70.0,0.0,0.0,INDOOR,0,2024-09-22 12:00:00,open_meteo_indoor_controlled_daily_values,Mercedes-Benz Stadium,33.7554,-84.4009,70.0,70.0,70.0,70.0,70.0,70.0,70.0,0.0,0.0,0.0,0.0,,,
2024_REG_03_LAC_PIT_20240922,WTH_02513,69.8,0.0,6.3,WMO_3,0,2024-09-22 12:00:00,open_meteo_daily_by_venue_coordinates,Acrisure Stadium,40.4468,-80.0158,81.0,59.9,69.8,72.6,83.0,62.3,72.6,0.0,0.0,0.0,11.9,36.0,16.11,3.0
2024_REG_03_MIA_SEA_20240922,WTH_02514,58.2,0.0,8.1,WMO_3,0,2024-09-22 12:00:00,open_meteo_daily_by_venue_coordinates,Lumen Field,47.5952,-122.3316,66.7,50.7,58.2,56.8,66.3,48.8,56.8,0.0,0.0,0.0,15.7,1.0,13.96,3.0
2024_REG_03_NE_NYJ_20240919,WTH_02515,71.8,0.0,9.7,WMO_3,0,2024-09-19 12:00:00,open_meteo_daily_by_venue_coordinates,MetLife Stadium,40.8135,-74.0745,84.7,61.1,71.8,71.6,83.6,60.1,71.6,0.0,0.0,0.0,19.7,13.0,19.24,3.0
2024_REG_03_NYG_CLE_20240922,WTH_02516,72.8,0.0,8.1,WMO_3,0,2024-09-22 12:00:00,open_meteo_daily_by_venue_coordinates,Huntington Bank Field,41.5061,-81.6995,79.5,62.9,72.8,75.9,84.4,65.0,75.9,0.0,0.0,0.0,11.0,87.0,12.41,3.0
2024_REG_03_PHI_NO_20240922,WTH_02517,70.0,0.0,0.0,INDOOR,0,2024-09-22 12:00:00,open_meteo_indoor_controlled_daily_values,Caesars Superdome,29.9511,-90.0812,70.0,70.0,70.0,70.0,70.0,70.0,70.0,0.0,0.0,0.0,0.0,,,
2024_REG_03_SF_LAR_20240922,WTH_02518,70.0,0.0,0.0,INDOOR,0,2024-09-22 12:00:00,open_meteo_indoor_controlled_daily_values,SoFi Stadium,33.9535,-118.3392,70.0,70.0,70.0,70.0,70.0,70.0,70.0,0.0,0.0,0.0,0.0,,,
2024_REG_03_WSH_CIN_20240923,WTH_02519,73.6,0.228,6.7,WMO_63|PRECIP,0,2024-09-23 12:00:00,open_meteo_daily_by_venue_coordinates,Paycor Stadium,39.0955,-84.516,84.8,67.6,73.6,77.9,86.7,72.0,77.9,0.228,0.0,0.0,19.2,281.0,14.52,63.0
2024_REG_04_BUF_BAL_20240929,WTH_02520,66.9,0.276,10.6,WMO_61|PRECIP,0,2024-09-29 12:00:00,open_meteo_daily_by_venue_coordinates,M&T Bank Stadium,39.278,-76.6227,72.1,65.8,66.9,68.8,75.9,66.8,68.8,0.276,0.0,0.0,21.9,53.0,4.22,61.0
2024_REG_04_CIN_CAR_20240929,WTH_02521,73.0,0.008,8.1,WMO_51|PRECIP,0,2024-09-29 12:00:00,open_meteo_daily_by_venue_coordinates,Bank of America Stadium,35.2258,-80.8528,79.5,66.8,73.0,76.6,83.8,70.6,76.6,0.008,0.0,0.0,18.6,200.0,16.41,51.0
2024_REG_04_CLE_LV_20240929,WTH_02522,70.0,0.0,0.0,INDOOR,0,2024-09-29 12:00:00,open_meteo_indoor_controlled_daily_values,Allegiant Stadium,36.0908,-115.183,70.0,70.0,70.0,70.0,70.0,70.0,70.0,0.0,0.0,0.0,0.0,,,
2024_REG_04_DAL_NYG_20240926,WTH_02523,67.0,0.173,9.9,WMO_61|PRECIP,0,2024-09-26 12:00:00,open_meteo_daily_by_venue_coordinates,MetLife Stadium,40.8135,-74.0745,73.8,62.1,67.0,68.8,78.2,60.8,68.8,0.173,0.0,0.0,23.0,137.0,4.85,61.0
2024_REG_04_DEN_NYJ_20240929,WTH_02524,62.8,0.138,11.9,WMO_53|PRECIP,0,2024-09-29 12:00:00,open_meteo_daily_by_venue_coordinates,MetLife Stadium,40.8135,-74.0745,64.6,61.2,62.8,61.3,63.3,59.2,61.3,0.138,0.0,0.0,20.8,67.0,3.79,53.0
2024_REG_04_JAX_HOU_20240929,WTH_02525,70.0,0.0,0.0,INDOOR,0,2024-09-29 12:00:00,open_meteo_indoor_controlled_daily_values,NRG Stadium,29.6847,-95.4107,70.0,70.0,70.0,70.0,70.0,70.0,70.0,0.0,0.0,0.0,0.0,,,
2024_REG_04_KC_LAC_20240929,WTH_02526,70.0,0.0,0.0,INDOOR,0,2024-09-29 12:00:00,open_meteo_indoor_controlled_daily_values,SoFi Stadium,33.9535,-118.3392,70.0,70.0,70.0,70.0,70.0,70.0,70.0,0.0,0.0,0.0,0.0,,,
2024_REG_04_LAR_CHI_20240929,WTH_02527,65.6,0.004,17.6,WMO_51|PRECIP,0,2024-09-29 12:00:00,open_meteo_daily_by_venue_coordinates,Soldier Field,41.8623,-87.6167,68.8,63.6,65.6,63.1,65.8,59.3,63.1,0.004,0.0,0.0,27.7,17.0,11.71,51.0
2024_REG_04_MIN_GB_20240929,WTH_02528,63.7,0.0,12.9,WMO_0,0,2024-09-29 12:00:00,open_meteo_daily_by_venue_coordinates,Lambeau Field,44.5013,-88.0622,71.3,57.4,63.7,62.2,68.9,55.8,62.2,0.0,0.0,0.0,26.2,25.0,17.07,0.0
2024_REG_04_NE_SF_20240929,WTH_02529,63.3,0.0,12.2,WMO_3,0,2024-09-29 12:00:00,open_meteo_daily_by_venue_coordinates,Levi's Stadium,37.403,-121.97,79.7,55.5,63.3,63.0,78.3,56.1,63.0,0.0,0.0,0.0,22.8,339.0,20.16,3.0
2024_REG_04_NO_ATL_20240929,WTH_02530,70.0,0.0,0.0,INDOOR,0,2024-09-29 12:00:00,open_meteo_indoor_controlled_daily_values,Mercedes-Benz Stadium,33.7554,-84.4009,70.0,70.0,70.0,70.0,70.0,70.0,70.0,0.0,0.0,0.0,0.0,,,
2024_REG_04_PHI_TB_20240929,WTH_02531,82.2,0.047,9.5,WMO_51|PRECIP,0,2024-09-29 12:00:00,open_meteo_daily_by_venue_coordinates,Raymond James Stadium,27.9759,-82.5033,86.7,77.3,82.2,91.6,98.3,86.8,91.6,0.047,0.0,0.0,20.1,223.0,20.01,51.0
2024_REG_04_PIT_IND_20240929,WTH_02532,70.0,0.0,0.0,INDOOR,0,2024-09-29 12:00:00,open_meteo_indoor_controlled_daily_values,Lucas Oil Stadium,39.7601,-86.1639,70.0,70.0,70.0,70.0,70.0,70.0,70.0,0.0,0.0,0.0,0.0,,,
2024_REG_04_SEA_DET_20240930,WTH_02533,70.0,0.0,0.0,INDOOR,0,2024-09-30 12:00:00,open_meteo_indoor_controlled_daily_values,Ford Field,42.34,-83.0456,70.0,70.0,70.0,70.0,70.0,70.0,70.0,0.0,0.0,0.0,0.0,,,
2024_REG_04_TEN_MIA_20240930,WTH_02534,81.1,0.067,8.8,WMO_53|PRECIP,0,2024-09-30 12:00:00,open_meteo_daily_by_venue_coordinates,Hard Rock Stadium,25.958,-80.2389,89.0,75.2,81.1,90.7,100.2,83.8,90.7,0.067,0.0,0.0,18.1,121.0,20.27,53.0
2024_REG_04_WSH_ARI_20240929,WTH_02535,70.0,0.0,0.0,INDOOR,0,2024-09-29 12:00:00,open_meteo_indoor_controlled_daily_values,State Farm Stadium,33.5276,-112.2626,70.0,70.0,70.0,70.0,70.0,70.0,70.0,0.0,0.0,0.0,0.0,,,
2024_REG_05_ARI_SF_20241006,WTH_02536,85.9,0.0,11.9,WMO_1,0,2024-10-06 12:00:00,open_meteo_daily_by_venue_coordinates,Levi's Stadium,37.403,-121.97,103.7,69.4,85.9,82.6,98.9,66.8,82.6,0.0,0.0,0.0,20.1,310.0,18.39,1.0
2024_REG_05_BAL_CIN_20241006,WTH_02537,70.4,0.0,11.9,WMO_1,0,2024-10-06 12:00:00,open_meteo_daily_by_venue_coordinates,Paycor Stadium,39.0955,-84.516,82.8,62.0,70.4,70.0,83.9,60.6,70.0,0.0,0.0,0.0,24.6,212.0,17.21,1.0
2024_REG_05_BUF_HOU_20241006,WTH_02538,70.0,0.0,0.0,INDOOR,0,2024-10-06 12:00:00,open_meteo_indoor_controlled_daily_values,NRG Stadium,29.6847,-95.4107,70.0,70.0,70.0,70.0,70.0,70.0,70.0,0.0,0.0,0.0,0.0,,,
2024_REG_05_CAR_CHI_20241006,WTH_02539,70.5,0.0,21.4,WMO_3|WINDY,1,2024-10-06 12:00:00,open_meteo_daily_by_venue_coordinates,Soldier Field,41.8623,-87.6167,74.6,61.2,70.5,63.4,68.5,56.4,63.4,0.0,0.0,0.0,30.9,247.0,17.2,3.0
2024_REG_05_CLE_WSH_20241006,WTH_02540,63.5,0.0,7.7,WMO_0,0,2024-10-06 12:00:00,open_meteo_daily_by_venue_coordinates,Northwest Stadium,38.9078,-76.8644,75.5,52.8,63.5,62.7,75.5,51.6,62.7,0.0,0.0,0.0,15.0,38.0,17.84,0.0
2024_REG_05_DAL_PIT_20241006,WTH_02541,62.5,0.0,12.1,WMO_3,0,2024-10-06 12:00:00,open_meteo_daily_by_venue_coordinates,Acrisure Stadium,40.4468,-80.0158,79.5,50.6,62.5,60.8,78.0,48.3,60.8,0.0,0.0,0.0,24.6,180.0,16.68,3.0
2024_REG_05_GB_LAR_20241006,WTH_02542,70.0,0.0,0.0,INDOOR,0,2024-10-06 12:00:00,open_meteo_indoor_controlled_daily_values,SoFi Stadium,33.9535,-118.3392,70.0,70.0,70.0,70.0,70.0,70.0,70.0,0.0,0.0,0.0,0.0,,,
2024_REG_05_IND_JAX_20241006,WTH_02543,74.6,0.906,12.4,WMO_63|PRECIP,1,2024-10-06 12:00:00,open_meteo_daily_by_venue_coordinates,TIAA Bank Stadium,30.3239,-81.6373,76.0,72.9,74.6,79.9,83.1,76.3,79.9,0.906,0.0,0.0,22.6,63.0,5.07,63.0
2024_REG_05_LV_DEN_20241006,WTH_02544,61.5,0.0,16.1,WMO_0,0,2024-10-06 12:00:00,open_meteo_daily_by_venue_coordinates,Empower Field at Mile High,39.7439,-105.0201,79.5,49.7,61.5,55.6,67.4,44.0,55.6,0.0,0.0,0.0,26.4,353.0,18.11,0.0
2024_REG_05_MIA_NE_20241006,WTH_02545,55.7,0.0,8.1,WMO_3,0,2024-10-06 12:00:00,open_meteo_daily_by_venue_coordinates,Gillette Stadium,42.0909,-71.2643,64.8,46.9,55.7,52.9,64.8,43.0,52.9,0.0,0.0,0.0,16.8,8.0,16.59,3.0
2024_REG_05_NO_KC_20241007,WTH_02546,60.7,0.0,6.6,WMO_0,0,2024-10-07 12:00:00,open_meteo_daily_by_venue_coordinates,Arrowhead Stadium,39.0489,-94.4839,69.1,49.8,60.7,56.8,66.3,45.7,56.8,0.0,0.0,0.0,14.3,32.0,18.13,0.0
2024_REG_05_NYG_SEA_20241006,WTH_02547,54.5,0.0,10.4,WMO_3,0,2024-10-06 12:00:00,open_meteo_daily_by_venue_coordinates,Lumen Field,47.5952,-122.3316,66.6,49.1,54.5,52.2,64.7,47.7,52.2,0.0,0.0,0.0,18.1,27.0,13.03,3.0
2024_REG_05_NYJ_MIN_20241006,WTH_02548,56.1,0.106,14.7,WMO_61|PRECIP,0,2024-10-06 12:00:00,open_meteo_daily_by_venue_coordinates,Tottenham Hotspur Stadium,51.6043,-0.0664,59.1,52.3,56.1,51.6,56.0,46.5,51.6,0.106,0.0,0.0,28.4,155.0,5.55,61.0
2024_REG_05_TB_ATL_20241003,WTH_02549,70.0,0.0,0.0,INDOOR,0,2024-10-03 12:00:00,open_meteo_indoor_controlled_daily_values,Mercedes-Benz Stadium,33.7554,-84.4009,70.0,70.0,70.0,70.0,70.0,70.0,70.0,0.0,0.0,0.0,0.0,,,
2024_REG_06_ARI_GB_20241013,WTH_02550,50.3,0.252,12.1,WMO_63|PRECIP,0,2024-10-13 12:00:00,open_meteo_daily_by_venue_coordinates,Lambeau Field,44.5013,-88.0622,55.3,46.1,50.3,46.5,52.2,42.1,46.5,0.252,0.0,0.0,22.8,333.0,5.98,63.0
2024_REG_06_ATL_CAR_20241013,WTH_02551,62.3,0.0,9.6,WMO_0,0,2024-10-13 12:00:00,open_meteo_daily_by_venue_coordinates,Bank of America Stadium,35.2258,-80.8528,78.5,51.4,62.3,60.0,76.2,48.0,60.0,0.0,0.0,0.0,18.6,215.0,18.54,0.0
2024_REG_06_BUF_NYJ_20241014,WTH_02552,57.8,0.004,21.4,WMO_51|PRECIP|WINDY,1,2024-10-14 12:00:00,open_meteo_daily_by_venue_coordinates,MetLife Stadium,40.8135,-74.0745,68.8,50.6,57.8,53.8,66.5,39.9,53.8,0.004,0.0,0.0,41.6,289.0,14.12,51.0
2024_REG_06_CIN_NYG_20241013,WTH_02553,60.2,0.0,9.8,WMO_3,0,2024-10-13 12:00:00,open_meteo_daily_by_venue_coordinates,MetLife Stadium,40.8135,-74.0745,73.4,49.6,60.2,56.4,72.1,45.2,56.4,0.0,0.0,0.0,19.5,71.0,14.42,3.0
2024_REG_06_CLE_PHI_20241013,WTH_02554,63.9,0.0,14.7,WMO_3,0,2024-10-13 12:00:00,open_meteo_daily_by_venue_coordinates,Lincoln Financial Field,39.9008,-75.1675,80.0,51.3,63.9,60.4,76.7,46.3,60.4,0.0,0.0,0.0,27.1,173.0,15.95,3.0
2024_REG_06_DET_DAL_20241013,WTH_02555,70.0,0.0,0.0,INDOOR,0,2024-10-13 12:00:00,open_meteo_indoor_controlled_daily_values,AT&T Stadium,32.7473,-97.0945,70.0,70.0,70.0,70.0,70.0,70.0,70.0,0.0,0.0,0.0,0.0,,,
2024_REG_06_HOU_NE_20241013,WTH_02556,48.4,0.047,9.3,WMO_53|PRECIP,0,2024-10-13 12:00:00,open_meteo_daily_by_venue_coordinates,Gillette Stadium,42.0909,-71.2643,52.3,43.9,48.4,43.4,47.6,38.1,43.4,0.047,0.0,0.0,18.6,10.0,3.97,53.0
2024_REG_06_IND_TEN_20241013,WTH_02557,70.8,0.031,10.9,WMO_53|PRECIP,0,2024-10-13 12:00:00,open_meteo_daily_by_venue_coordinates,Nissan Stadium,36.1665,-86.7713,84.4,62.8,70.8,70.1,84.9,60.5,70.1,0.031,0.0,0.0,20.6,230.0,17.14,53.0
2024_REG_06_JAX_CHI_20241013,WTH_02558,46.2,0.0,14.4,WMO_3,0,2024-10-13 12:00:00,open_meteo_daily_by_venue_coordinates,Tottenham Hotspur Stadium,51.6043,-0.0664,51.1,41.0,46.2,40.7,47.5,34.6,40.7,0.0,0.0,0.0,26.4,278.0,6.76,3.0
2024_REG_06_LAC_DEN_20241013,WTH_02559,58.2,0.0,8.8,WMO_3,0,2024-10-13 12:00:00,open_meteo_daily_by_venue_coordinates,Empower Field at Mile High,39.7439,-105.0201,75.3,45.4,58.2,52.4,68.9,41.0,52.4,0.0,0.0,0.0,17.9,353.0,16.04,3.0
2024_REG_06_PIT_LV_20241013,WTH_02560,70.0,0.0,0.0,INDOOR,0,2024-10-13 12:00:00,open_meteo_indoor_controlled_daily_values,Allegiant Stadium,36.0908,-115.183,70.0,70.0,70.0,70.0,70.0,70.0,70.0,0.0,0.0,0.0,0.0,,,
2024_REG_06_SF_SEA_20241010,WTH_02561,54.1,0.0,12.0,WMO_3,0,2024-10-10 12:00:00,open_meteo_daily_by_venue_coordinates,Lumen Field,47.5952,-122.3316,63.5,48.9,54.1,50.1,59.7,45.5,50.1,0.0,0.0,0.0,21.9,355.0,11.11,3.0
2024_REG_06_TB_NO_20241013,WTH_02562,70.0,0.0,0.0,INDOOR,0,2024-10-13 12:00:00,open_meteo_indoor_controlled_daily_values,Caesars Superdome,29.9511,-90.0812,70.0,70.0,70.0,70.0,70.0,70.0,70.0,0.0,0.0,0.0,0.0,,,
2024_REG_06_WSH_BAL_20241013,WTH_02563,64.5,0.0,15.2,WMO_3,0,2024-10-13 12:00:00,open_meteo_daily_by_venue_coordinates,M&T Bank Stadium,39.278,-76.6227,78.9,52.8,64.5,63.2,76.0,50.8,63.2,0.0,0.0,0.0,27.1,202.0,16.16,3.0
2024_REG_07_BAL_TB_20241021,WTH_02564,73.2,0.0,14.0,WMO_3,0,2024-10-21 12:00:00,open_meteo_daily_by_venue_coordinates,Raymond James Stadium,27.9759,-82.5033,82.3,66.4,73.2,74.0,84.5,65.5,74.0,0.0,0.0,0.0,23.5,30.0,18.32,3.0
2024_REG_07_CAR_WSH_20241020,WTH_02565,55.4,0.0,4.4,WMO_0,0,2024-10-20 12:00:00,open_meteo_daily_by_venue_coordinates,Northwest Stadium,38.9078,-76.8644,71.5,43.0,55.4,52.4,68.8,39.1,52.4,0.0,0.0,0.0,13.2,268.0,15.96,0.0
2024_REG_07_CIN_CLE_20241020,WTH_02566,58.0,0.0,9.5,WMO_0,0,2024-10-20 12:00:00,open_meteo_daily_by_venue_coordinates,Huntington Bank Field,41.5061,-81.6995,66.6,51.7,58.0,54.5,64.1,47.7,54.5,0.0,0.0,0.0,13.6,210.0,14.61,0.0
2024_REG_07_DEN_NO_20241017,WTH_02567,70.0,0.0,0.0,INDOOR,0,2024-10-17 12:00:00,open_meteo_indoor_controlled_daily_values,Caesars Superdome,29.9511,-90.0812,70.0,70.0,70.0,70.0,70.0,70.0,70.0,0.0,0.0,0.0,0.0,,,
2024_REG_07_DET_MIN_20241020,WTH_02568,70.0,0.0,0.0,INDOOR,0,2024-10-20 12:00:00,open_meteo_indoor_controlled_daily_values,U.S. Bank Stadium,44.9738,-93.2575,70.0,70.0,70.0,70.0,70.0,70.0,70.0,0.0,0.0,0.0,0.0,,,
2024_REG_07_HOU_GB_20241020,WTH_02569,63.9,0.0,13.1,WMO_2,0,2024-10-20 12:00:00,open_meteo_daily_by_venue_coordinates,Lambeau Field,44.5013,-88.0622,75.7,55.8,63.9,57.4,71.1,49.0,57.4,0.0,0.0,0.0,25.3,220.0,12.61,2.0
2024_REG_07_KC_SF_20241020,WTH_02570,69.9,0.0,11.5,WMO_3,0,2024-10-20 12:00:00,open_meteo_daily_by_venue_coordinates,Levi's Stadium,37.403,-121.97,84.7,56.6,69.9,64.0,78.4,50.4,64.0,0.0,0.0,0.0,19.9,45.0,16.55,3.0
2024_REG_07_LAC_ARI_20241021,WTH_02571,70.0,0.0,0.0,INDOOR,0,2024-10-21 12:00:00,open_meteo_indoor_controlled_daily_values,State Farm Stadium,33.5276,-112.2626,70.0,70.0,70.0,70.0,70.0,70.0,70.0,0.0,0.0,0.0,0.0,,,
2024_REG_07_LV_LAR_20241020,WTH_02572,70.0,0.0,0.0,INDOOR,0,2024-10-20 12:00:00,open_meteo_indoor_controlled_daily_values,SoFi Stadium,33.9535,-118.3392,70.0,70.0,70.0,70.0,70.0,70.0,70.0,0.0,0.0,0.0,0.0,,,
2024_REG_07_MIA_IND_20241020,WTH_02573,70.0,0.0,0.0,INDOOR,0,2024-10-20 12:00:00,open_meteo_indoor_controlled_daily_values,Lucas Oil Stadium,39.7601,-86.1639,70.0,70.0,70.0,70.0,70.0,70.0,70.0,0.0,0.0,0.0,0.0,,,
2024_REG_07_NE_JAX_20241020,WTH_02574,56.6,0.185,20.2,WMO_55|PRECIP|WINDY,1,2024-10-20 12:00:00,open_meteo_daily_by_venue_coordinates,Wembley Stadium,51.556,-0.2796,62.7,50.7,56.6,51.3,58.2,48.1,51.3,0.185,0.0,0.0,38.5,200.0,1.31,55.0
2024_REG_07_NYJ_PIT_20241020,WTH_02575,53.3,0.0,5.4,WMO_0,0,2024-10-20 12:00:00,open_meteo_daily_by_venue_coordinates,Acrisure Stadium,40.4468,-80.0158,70.5,39.8,53.3,50.0,67.2,35.7,50.0,0.0,0.0,0.0,12.3,203.0,15.12,0.0
2024_REG_07_PHI_NYG_20241020,WTH_02576,56.9,0.0,6.2,WMO_2,0,2024-10-20 12:00:00,open_meteo_daily_by_venue_coordinates,MetLife Stadium,40.8135,-74.0745,74.8,43.3,56.9,53.3,70.0,38.7,53.3,0.0,0.0,0.0,11.4,252.0,15.18,2.0
2024_REG_07_SEA_ATL_20241020,WTH_02577,70.0,0.0,0.0,INDOOR,0,2024-10-20 12:00:00,open_meteo_indoor_controlled_daily_values,Mercedes-Benz Stadium,33.7554,-84.4009,70.0,70.0,70.0,70.0,70.0,70.0,70.0,0.0,0.0,0.0,0.0,,,
2024_REG_07_TEN_BUF_20241020,WTH_02578,55.5,0.0,12.8,WMO_2,0,2024-10-20 12:00:00,open_meteo_daily_by_venue_coordinates,Highmark Stadium,42.7738,-78.7868,64.8,50.5,55.5,49.8,59.2,44.3,49.8,0.0,0.0,0.0,25.9,215.0,14.08,2.0
2024_REG_08_ARI_MIA_20241027,WTH_02579,75.2,0.0,13.0,WMO_3,0,2024-10-27 12:00:00,open_meteo_daily_by_venue_coordinates,Hard Rock Stadium,25.958,-80.2389,81.7,70.0,75.2,77.0,82.5,73.0,77.0,0.0,0.0,0.0,24.8,53.0,17.08,3.0
2024_REG_08_ATL_TB_20241027,WTH_02580,72.7,0.0,7.7,WMO_3,0,2024-10-27 12:00:00,open_meteo_daily_by_venue_coordinates,Raymond James Stadium,27.9759,-82.5033,81.7,64.6,72.7,74.2,83.2,66.7,74.2,0.0,0.0,0.0,14.8,61.0,15.16,3.0
2024_REG_08_BAL_CLE_20241027,WTH_02581,48.9,0.0,9.6,WMO_3,0,2024-10-27 12:00:00,open_meteo_daily_by_venue_coordinates,Huntington Bank Field,41.5061,-81.6995,54.4,41.8,48.9,43.2,49.7,35.6,43.2,0.0,0.0,0.0,14.5,141.0,13.04,3.0
2024_REG_08_BUF_SEA_20241027,WTH_02582,54.5,1.028,19.9,WMO_63|PRECIP,1,2024-10-27 12:00:00,open_meteo_daily_by_venue_coordinates,Lumen Field,47.5952,-122.3316,58.1,51.5,54.5,49.8,56.7,43.2,49.8,1.028,0.0,0.0,33.1,192.0,6.25,63.0
2024_REG_08_CAR_DEN_20241027,WTH_02583,53.6,0.0,7.6,WMO_3,0,2024-10-27 12:00:00,open_meteo_daily_by_venue_coordinates,Empower Field at Mile High,39.7439,-105.0201,78.2,35.6,53.6,46.4,70.7,28.2,46.4,0.0,0.0,0.0,14.3,234.0,12.86,3.0
2024_REG_08_CHI_WSH_20241027,WTH_02584,50.9,0.0,9.5,WMO_3,0,2024-10-27 12:00:00,open_meteo_daily_by_venue_coordinates,Northwest Stadium,38.9078,-76.8644,57.3,43.6,50.9,45.1,52.4,37.3,45.1,0.0,0.0,0.0,17.9,353.0,13.01,3.0
2024_REG_08_DAL_SF_20241027,WTH_02585,65.5,0.0,11.8,WMO_3,0,2024-10-27 12:00:00,open_meteo_daily_by_venue_coordinates,Levi's Stadium,37.403,-121.97,73.5,58.6,65.5,65.9,72.8,60.2,65.9,0.0,0.0,0.0,21.0,328.0,11.87,3.0
2024_REG_08_GB_JAX_20241027,WTH_02586,71.6,0.004,7.1,WMO_51|PRECIP,0,2024-10-27 12:00:00,open_meteo_daily_by_venue_coordinates,TIAA Bank Stadium,30.3239,-81.6373,82.4,62.2,71.6,75.3,88.3,64.0,75.3,0.004,0.0,0.0,11.6,193.0,16.96,51.0
2024_REG_08_IND_HOU_20241027,WTH_02587,70.0,0.0,0.0,INDOOR,0,2024-10-27 12:00:00,open_meteo_indoor_controlled_daily_values,NRG Stadium,29.6847,-95.4107,70.0,70.0,70.0,70.0,70.0,70.0,70.0,0.0,0.0,0.0,0.0,,,
2024_REG_08_KC_LV_20241027,WTH_02588,70.0,0.0,0.0,INDOOR,0,2024-10-27 12:00:00,open_meteo_indoor_controlled_daily_values,Allegiant Stadium,36.0908,-115.183,70.0,70.0,70.0,70.0,70.0,70.0,70.0,0.0,0.0,0.0,0.0,,,
2024_REG_08_MIN_LAR_20241024,WTH_02589,70.0,0.0,0.0,INDOOR,0,2024-10-24 12:00:00,open_meteo_indoor_controlled_daily_values,SoFi Stadium,33.9535,-118.3392,70.0,70.0,70.0,70.0,70.0,70.0,70.0,0.0,0.0,0.0,0.0,,,
2024_REG_08_NO_LAC_20241027,WTH_02590,70.0,0.0,0.0,INDOOR,0,2024-10-27 12:00:00,open_meteo_indoor_controlled_daily_values,SoFi Stadium,33.9535,-118.3392,70.0,70.0,70.0,70.0,70.0,70.0,70.0,0.0,0.0,0.0,0.0,,,
2024_REG_08_NYG_PIT_20241028,WTH_02591,46.5,0.0,5.9,WMO_3,0,2024-10-28 12:00:00,open_meteo_daily_by_venue_coordinates,Acrisure Stadium,40.4468,-80.0158,63.1,36.0,46.5,41.3,58.4,30.5,41.3,0.0,0.0,0.0,13.6,95.0,13.48,3.0
2024_REG_08_NYJ_NE_20241027,WTH_02592,45.6,0.0,9.7,WMO_3,0,2024-10-27 12:00:00,open_meteo_daily_by_venue_coordinates,Gillette Stadium,42.0909,-71.2643,52.8,38.3,45.6,37.9,43.5,31.6,37.9,0.0,0.0,0.0,23.0,288.0,13.58,3.0
2024_REG_08_PHI_CIN_20241027,WTH_02593,49.4,0.0,7.5,WMO_3,0,2024-10-27 12:00:00,open_meteo_daily_by_venue_coordinates,Paycor Stadium,39.0955,-84.516,59.4,41.5,49.4,43.9,54.6,35.8,43.9,0.0,0.0,0.0,13.4,59.0,14.72,3.0
2024_REG_08_TEN_DET_20241027,WTH_02594,70.0,0.0,0.0,INDOOR,0,2024-10-27 12:00:00,open_meteo_indoor_controlled_daily_values,Ford Field,42.34,-83.0456,70.0,70.0,70.0,70.0,70.0,70.0,70.0,0.0,0.0,0.0,0.0,,,
2024_REG_09_CHI_ARI_20241103,WTH_02595,70.0,0.0,0.0,INDOOR,0,2024-11-03 12:00:00,open_meteo_indoor_controlled_daily_values,State Farm Stadium,33.5276,-112.2626,70.0,70.0,70.0,70.0,70.0,70.0,70.0,0.0,0.0,0.0,0.0,,,
2024_REG_09_DAL_ATL_20241103,WTH_02596,70.0,0.0,0.0,INDOOR,0,2024-11-03 12:00:00,open_meteo_indoor_controlled_daily_values,Mercedes-Benz Stadium,33.7554,-84.4009,70.0,70.0,70.0,70.0,70.0,70.0,70.0,0.0,0.0,0.0,0.0,,,
2024_REG_09_DEN_BAL_20241103,WTH_02597,48.6,0.0,6.8,WMO_3,0,2024-11-03 12:00:00,open_meteo_daily_by_venue_coordinates,M&T Bank Stadium,39.278,-76.6227,57.3,41.2,48.6,42.7,51.8,34.8,42.7,0.0,0.0,0.0,13.9,32.0,13.26,3.0
2024_REG_09_DET_GB_20241103,WTH_02598,47.4,0.378,14.9,WMO_61|PRECIP,0,2024-11-03 12:00:00,open_meteo_daily_by_venue_coordinates,Lambeau Field,44.5013,-88.0622,50.9,43.6,47.4,42.1,45.5,39.0,42.1,0.378,0.0,0.0,27.7,135.0,1.7,61.0
2024_REG_09_HOU_NYJ_20241031,WTH_02599,66.6,0.0,11.4,WMO_3,0,2024-10-31 12:00:00,open_meteo_daily_by_venue_coordinates,MetLife Stadium,40.8135,-74.0745,81.7,54.3,66.6,64.7,78.3,52.8,64.7,0.0,0.0,0.0,22.8,227.0,12.06,3.0
2024_REG_09_IND_MIN_20241103,WTH_02600,70.0,0.0,0.0,INDOOR,0,2024-11-03 12:00:00,open_meteo_indoor_controlled_daily_values,U.S. Bank Stadium,44.9738,-93.2575,70.0,70.0,70.0,70.0,70.0,70.0,70.0,0.0,0.0,0.0,0.0,,,
2024_REG_09_JAX_PHI_20241103,WTH_02601,48.3,0.0,8.5,WMO_3,0,2024-11-03 12:00:00,open_meteo_daily_by_venue_coordinates,Lincoln Financial Field,39.9008,-75.1675,56.9,39.3,48.3,41.6,50.4,32.9,41.6,0.0,0.0,0.0,15.2,25.0,13.07,3.0
2024_REG_09_LAC_CLE_20241103,WTH_02602,50.0,0.0,11.9,WMO_3,0,2024-11-03 12:00:00,open_meteo_daily_by_venue_coordinates,Huntington Bank Field,41.5061,-81.6995,61.4,42.8,50.0,43.6,55.6,35.6,43.6,0.0,0.0,0.0,16.1,119.0,12.15,3.0
2024_REG_09_LAR_SEA_20241103,WTH_02603,48.9,0.031,13.5,WMO_51|PRECIP,0,2024-11-03 12:00:00,open_meteo_daily_by_venue_coordinates,Lumen Field,47.5952,-122.3316,52.4,46.4,48.9,45.6,50.1,43.2,45.6,0.031,0.0,0.0,21.7,182.0,5.9,51.0
2024_REG_09_LV_CIN_20241103,WTH_02604,53.1,0.0,7.9,WMO_3,0,2024-11-03 12:00:00,open_meteo_daily_by_venue_coordinates,Paycor Stadium,39.0955,-84.516,70.0,43.5,53.1,48.4,67.8,37.8,48.4,0.0,0.0,0.0,16.8,104.0,12.88,3.0
2024_REG_09_MIA_BUF_20241103,WTH_02605,43.7,0.0,8.2,WMO_3,0,2024-11-03 12:00:00,open_meteo_daily_by_venue_coordinates,Highmark Stadium,42.7738,-78.7868,56.2,36.2,43.7,38.0,49.3,30.2,38.0,0.0,0.0,0.0,15.7,99.0,10.99,3.0
2024_REG_09_NE_TEN_20241103,WTH_02606,63.4,0.0,14.4,WMO_3,0,2024-11-03 12:00:00,open_meteo_daily_by_venue_coordinates,Nissan Stadium,36.1665,-86.7713,78.7,53.1,63.4,61.4,76.9,49.4,61.4,0.0,0.0,0.0,28.0,134.0,12.74,3.0
2024_REG_09_NO_CAR_20241103,WTH_02607,59.0,0.0,8.9,WMO_3,0,2024-11-03 12:00:00,open_meteo_daily_by_venue_coordinates,Bank of America Stadium,35.2258,-80.8528,67.2,50.4,59.0,55.0,62.6,44.8,55.0,0.0,0.0,0.0,18.1,62.0,13.58,3.0
2024_REG_09_TB_KC_20241104,WTH_02608,64.4,0.74,13.9,WMO_63|PRECIP,1,2024-11-04 12:00:00,open_meteo_daily_by_venue_coordinates,Arrowhead Stadium,39.0489,-94.4839,69.6,62.2,64.4,64.9,70.3,60.0,64.9,0.74,0.0,0.0,29.5,169.0,3.69,63.0
2024_REG_09_WSH_NYG_20241103,WTH_02609,46.5,0.0,9.1,WMO_3,0,2024-11-03 12:00:00,open_meteo_daily_by_venue_coordinates,MetLife Stadium,40.8135,-74.0745,55.3,38.8,46.5,38.9,47.7,30.9,38.9,0.0,0.0,0.0,18.1,3.0,12.78,3.0
2024_REG_10_ATL_NO_20241110,WTH_02610,70.0,0.0,0.0,INDOOR,0,2024-11-10 12:00:00,open_meteo_indoor_controlled_daily_values,Caesars Superdome,29.9511,-90.0812,70.0,70.0,70.0,70.0,70.0,70.0,70.0,0.0,0.0,0.0,0.0,,,
2024_REG_10_BUF_IND_20241110,WTH_02611,70.0,0.0,0.0,INDOOR,0,2024-11-10 12:00:00,open_meteo_indoor_controlled_daily_values,Lucas Oil Stadium,39.7601,-86.1639,70.0,70.0,70.0,70.0,70.0,70.0,70.0,0.0,0.0,0.0,0.0,,,
2024_REG_10_CIN_BAL_20241107,WTH_02612,69.4,0.0,10.5,WMO_3,0,2024-11-07 12:00:00,open_meteo_daily_by_venue_coordinates,M&T Bank Stadium,39.278,-76.6227,77.6,62.2,69.4,70.6,78.6,63.4,70.6,0.0,0.0,0.0,21.3,303.0,9.46,3.0
2024_REG_10_DEN_KC_20241110,WTH_02613,53.6,0.0,12.6,WMO_1,0,2024-11-10 12:00:00,open_meteo_daily_by_venue_coordinates,Arrowhead Stadium,39.0489,-94.4839,58.9,47.6,53.6,47.8,54.1,41.1,47.8,0.0,0.0,0.0,23.9,231.0,12.18,1.0
2024_REG_10_DET_HOU_20241110,WTH_02614,70.0,0.0,0.0,INDOOR,0,2024-11-10 12:00:00,open_meteo_indoor_controlled_daily_values,NRG Stadium,29.6847,-95.4107,70.0,70.0,70.0,70.0,70.0,70.0,70.0,0.0,0.0,0.0,0.0,,,
2024_REG_10_MIA_LAR_20241111,WTH_02615,70.0,0.0,0.0,INDOOR,0,2024-11-11 12:00:00,open_meteo_indoor_controlled_daily_values,SoFi Stadium,33.9535,-118.3392,70.0,70.0,70.0,70.0,70.0,70.0,70.0,0.0,0.0,0.0,0.0,,,
2024_REG_10_MIN_JAX_20241110,WTH_02616,74.1,0.11,13.6,WMO_53|PRECIP,0,2024-11-10 12:00:00,open_meteo_daily_by_venue_coordinates,TIAA Bank Stadium,30.3239,-81.6373,77.9,72.0,74.1,77.4,80.7,75.8,77.4,0.11,0.0,0.0,25.1,104.0,10.49,53.0
2024_REG_10_NE_CHI_20241110,WTH_02617,54.0,0.161,24.2,WMO_61|PRECIP|WINDY,1,2024-11-10 12:00:00,open_meteo_daily_by_venue_coordinates,Soldier Field,41.8623,-87.6167,61.4,50.0,54.0,47.6,53.2,43.2,47.6,0.161,0.0,0.0,36.0,200.0,7.99,61.0
2024_REG_10_NYG_CAR_20241110,WTH_02618,36.9,0.0,3.5,WMO_3,0,2024-11-10 12:00:00,open_meteo_daily_by_venue_coordinates,Allianz Arena,48.2188,11.6247,41.3,32.5,36.9,33.1,37.9,28.0,33.1,0.0,0.0,0.0,6.3,118.0,3.56,3.0
2024_REG_10_NYJ_ARI_20241110,WTH_02619,70.0,0.0,0.0,INDOOR,0,2024-11-10 12:00:00,open_meteo_indoor_controlled_daily_values,State Farm Stadium,33.5276,-112.2626,70.0,70.0,70.0,70.0,70.0,70.0,70.0,0.0,0.0,0.0,0.0,,,
2024_REG_10_PHI_DAL_20241110,WTH_02620,70.0,0.0,0.0,INDOOR,0,2024-11-10 12:00:00,open_meteo_indoor_controlled_daily_values,AT&T Stadium,32.7473,-97.0945,70.0,70.0,70.0,70.0,70.0,70.0,70.0,0.0,0.0,0.0,0.0,,,
2024_REG_10_PIT_WSH_20241110,WTH_02621,48.4,0.0,9.5,WMO_3,0,2024-11-10 12:00:00,open_meteo_daily_by_venue_coordinates,Northwest Stadium,38.9078,-76.8644,57.7,42.3,48.4,43.1,53.2,36.2,43.1,0.0,0.0,0.0,20.1,184.0,4.22,3.0
2024_REG_10_SF_TB_20241110,WTH_02622,76.8,0.008,13.0,WMO_51|PRECIP,0,2024-11-10 12:00:00,open_meteo_daily_by_venue_coordinates,Raymond James Stadium,27.9759,-82.5033,85.0,71.0,76.8,79.7,88.3,74.2,79.7,0.008,0.0,0.0,23.9,102.0,15.29,51.0
2024_REG_10_TEN_LAC_20241110,WTH_02623,70.0,0.0,0.0,INDOOR,0,2024-11-10 12:00:00,open_meteo_indoor_controlled_daily_values,SoFi Stadium,33.9535,-118.3392,70.0,70.0,70.0,70.0,70.0,70.0,70.0,0.0,0.0,0.0,0.0,,,
2024_REG_11_ATL_DEN_20241117,WTH_02624,36.4,0.004,5.5,WMO_71|SNOW,1,2024-11-17 12:00:00,open_meteo_daily_by_venue_coordinates,Empower Field at Mile High,39.7439,-105.0201,49.3,25.7,36.4,30.5,42.7,19.5,30.5,0.0,0.028,0.262,13.4,170.0,11.78,71.0
2024_REG_11_BAL_PIT_20241117,WTH_02625,44.1,0.0,5.7,WMO_3,0,2024-11-17 12:00:00,open_meteo_daily_by_venue_coordinates,Acrisure Stadium,40.4468,-80.0158,53.4,36.9,44.1,40.4,48.8,33.2,40.4,0.0,0.0,0.0,13.6,168.0,8.43,3.0
2024_REG_11_CIN_LAC_20241117,WTH_02626,70.0,0.0,0.0,INDOOR,0,2024-11-17 12:00:00,open_meteo_indoor_controlled_daily_values,SoFi Stadium,33.9535,-118.3392,70.0,70.0,70.0,70.0,70.0,70.0,70.0,0.0,0.0,0.0,0.0,,,
2024_REG_11_CLE_NO_20241117,WTH_02627,70.0,0.0,0.0,INDOOR,0,2024-11-17 12:00:00,open_meteo_indoor_controlled_daily_values,Caesars Superdome,29.9511,-90.0812,70.0,70.0,70.0,70.0,70.0,70.0,70.0,0.0,0.0,0.0,0.0,,,
2024_REG_11_GB_CHI_20241117,WTH_02628,50.2,0.047,10.3,WMO_53|PRECIP,0,2024-11-17 12:00:00,open_meteo_daily_by_venue_coordinates,Soldier Field,41.8623,-87.6167,58.6,46.0,50.2,45.5,56.3,40.3,45.5,0.047,0.0,0.0,22.1,189.0,7.24,53.0
2024_REG_11_HOU_DAL_20241118,WTH_02629,70.0,0.0,0.0,INDOOR,0,2024-11-18 12:00:00,open_meteo_indoor_controlled_daily_values,AT&T Stadium,32.7473,-97.0945,70.0,70.0,70.0,70.0,70.0,70.0,70.0,0.0,0.0,0.0,0.0,,,
2024_REG_11_IND_NYJ_20241117,WTH_02630,52.6,0.0,9.6,WMO_3,0,2024-11-17 12:00:00,open_meteo_daily_by_venue_coordinates,MetLife Stadium,40.8135,-74.0745,64.6,44.1,52.6,45.4,57.7,37.3,45.4,0.0,0.0,0.0,21.5,320.0,10.42,3.0
2024_REG_11_JAX_DET_20241117,WTH_02631,70.0,0.0,0.0,INDOOR,0,2024-11-17 12:00:00,open_meteo_indoor_controlled_daily_values,Ford Field,42.34,-83.0456,70.0,70.0,70.0,70.0,70.0,70.0,70.0,0.0,0.0,0.0,0.0,,,
2024_REG_11_KC_BUF_20241117,WTH_02632,45.7,0.0,7.3,WMO_3,0,2024-11-17 12:00:00,open_meteo_daily_by_venue_coordinates,Highmark Stadium,42.7738,-78.7868,52.2,42.5,45.7,41.5,47.5,37.8,41.5,0.0,0.0,0.0,16.1,195.0,6.59,3.0
2024_REG_11_LAR_NE_20241117,WTH_02633,49.0,0.0,11.5,WMO_3,0,2024-11-17 12:00:00,open_meteo_daily_by_venue_coordinates,Gillette Stadium,42.0909,-71.2643,60.0,41.2,49.0,40.4,51.7,32.0,40.4,0.0,0.0,0.0,22.6,328.0,10.24,3.0
2024_REG_11_LV_MIA_20241117,WTH_02634,74.2,0.0,10.0,WMO_3,0,2024-11-17 12:00:00,open_meteo_daily_by_venue_coordinates,Hard Rock Stadium,25.958,-80.2389,81.9,67.7,74.2,75.1,82.0,69.5,75.1,0.0,0.0,0.0,23.7,64.0,14.08,3.0
2024_REG_11_MIN_TEN_20241117,WTH_02635,54.3,0.0,7.4,WMO_3,0,2024-11-17 12:00:00,open_meteo_daily_by_venue_coordinates,Nissan Stadium,36.1665,-86.7713,68.2,45.2,54.3,52.1,66.8,41.5,52.1,0.0,0.0,0.0,16.3,185.0,12.28,3.0
2024_REG_11_SEA_SF_20241117,WTH_02636,48.4,0.0,3.6,WMO_3,0,2024-11-17 12:00:00,open_meteo_daily_by_venue_coordinates,Levi's Stadium,37.403,-121.97,57.3,41.8,48.4,44.3,54.3,36.9,44.3,0.0,0.0,0.0,12.8,75.0,6.29,3.0
2024_REG_11_WSH_PHI_20241114,WTH_02637,41.4,0.0,7.7,WMO_3,0,2024-11-14 12:00:00,open_meteo_daily_by_venue_coordinates,Lincoln Financial Field,39.9008,-75.1675,51.3,34.5,41.4,35.0,45.1,28.0,35.0,0.0,0.0,0.0,17.4,61.0,7.38,3.0
2024_REG_12_ARI_SEA_20241124,WTH_02638,43.9,0.228,8.9,WMO_61|PRECIP,0,2024-11-24 12:00:00,open_meteo_daily_by_venue_coordinates,Lumen Field,47.5952,-122.3316,48.7,41.4,43.9,39.2,43.7,35.1,39.2,0.228,0.0,0.0,16.3,137.0,1.41,61.0
2024_REG_12_BAL_LAC_20241125,WTH_02639,70.0,0.0,0.0,INDOOR,0,2024-11-25 12:00:00,open_meteo_indoor_controlled_daily_values,SoFi Stadium,33.9535,-118.3392,70.0,70.0,70.0,70.0,70.0,70.0,70.0,0.0,0.0,0.0,0.0,,,
2024_REG_12_DAL_WSH_20241124,WTH_02640,49.0,0.0,11.4,WMO_3,0,2024-11-24 12:00:00,open_meteo_daily_by_venue_coordinates,Northwest Stadium,38.9078,-76.8644,54.7,44.7,49.0,43.0,49.6,38.2,43.0,0.0,0.0,0.0,23.5,276.0,9.06,3.0
2024_REG_12_DEN_LV_20241124,WTH_02641,70.0,0.0,0.0,INDOOR,0,2024-11-24 12:00:00,open_meteo_indoor_controlled_daily_values,Allegiant Stadium,36.0908,-115.183,70.0,70.0,70.0,70.0,70.0,70.0,70.0,0.0,0.0,0.0,0.0,,,
2024_REG_12_DET_IND_20241124,WTH_02642,70.0,0.0,0.0,INDOOR,0,2024-11-24 12:00:00,open_meteo_indoor_controlled_daily_values,Lucas Oil Stadium,39.7601,-86.1639,70.0,70.0,70.0,70.0,70.0,70.0,70.0,0.0,0.0,0.0,0.0,,,
2024_REG_12_KC_CAR_20241124,WTH_02643,46.7,0.0,4.7,WMO_2,0,2024-11-24 12:00:00,open_meteo_daily_by_venue_coordinates,Bank of America Stadium,35.2258,-80.8528,61.3,36.2,46.7,42.9,57.9,31.9,42.9,0.0,0.0,0.0,11.0,213.0,12.47,2.0
2024_REG_12_MIN_CHI_20241124,WTH_02644,40.3,0.0,7.9,WMO_3,0,2024-11-24 12:00:00,open_meteo_daily_by_venue_coordinates,Soldier Field,41.8623,-87.6167,48.5,36.0,40.3,35.1,43.8,30.6,35.1,0.0,0.0,0.0,15.9,171.0,7.41,3.0
2024_REG_12_NE_MIA_20241124,WTH_02645,62.1,0.0,5.7,WMO_1,0,2024-11-24 12:00:00,open_meteo_daily_by_venue_coordinates,Hard Rock Stadium,25.958,-80.2389,76.6,52.6,62.1,60.5,77.6,49.1,60.5,0.0,0.0,0.0,14.5,5.0,16.29,1.0
2024_REG_12_PHI_LAR_20241124,WTH_02646,70.0,0.0,0.0,INDOOR,0,2024-11-24 12:00:00,open_meteo_indoor_controlled_daily_values,SoFi Stadium,33.9535,-118.3392,70.0,70.0,70.0,70.0,70.0,70.0,70.0,0.0,0.0,0.0,0.0,,,
2024_REG_12_PIT_CLE_20241121,WTH_02647,39.1,0.106,21.8,WMO_73|SNOW|WINDY,1,2024-11-21 12:00:00,open_meteo_daily_by_venue_coordinates,Huntington Bank Field,41.5061,-81.6995,45.6,36.1,39.1,29.4,35.0,26.5,29.4,0.059,0.331,0.0,34.4,237.0,4.15,73.0
2024_REG_12_SF_GB_20241124,WTH_02648,37.9,0.0,9.9,WMO_3,0,2024-11-24 12:00:00,open_meteo_daily_by_venue_coordinates,Lambeau Field,44.5013,-88.0622,42.9,33.2,37.9,31.5,35.2,27.2,31.5,0.0,0.0,0.033,23.5,54.0,4.37,3.0
2024_REG_12_TB_NYG_20241124,WTH_02649,46.2,0.0,14.3,WMO_3,1,2024-11-24 12:00:00,open_meteo_daily_by_venue_coordinates,MetLife Stadium,40.8135,-74.0745,51.0,41.5,46.2,38.4,42.7,34.3,38.4,0.0,0.0,0.0,35.3,285.0,7.57,3.0
2024_REG_12_TEN_HOU_20241124,WTH_02650,70.0,0.0,0.0,INDOOR,0,2024-11-24 12:00:00,open_meteo_indoor_controlled_daily_values,NRG Stadium,29.6847,-95.4107,70.0,70.0,70.0,70.0,70.0,70.0,70.0,0.0,0.0,0.0,0.0,,,
2024_REG_13_ARI_MIN_20241201,WTH_02651,70.0,0.0,0.0,INDOOR,0,2024-12-01 12:00:00,open_meteo_indoor_controlled_daily_values,U.S. Bank Stadium,44.9738,-93.2575,70.0,70.0,70.0,70.0,70.0,70.0,70.0,0.0,0.0,0.0,0.0,,,
2024_REG_13_CHI_DET_20241128,WTH_02652,70.0,0.0,0.0,INDOOR,0,2024-11-28 12:00:00,open_meteo_indoor_controlled_daily_values,Ford Field,42.34,-83.0456,70.0,70.0,70.0,70.0,70.0,70.0,70.0,0.0,0.0,0.0,0.0,,,
2024_REG_13_CLE_DEN_20241202,WTH_02653,30.3,0.0,2.8,WMO_1,0,2024-12-02 12:00:00,open_meteo_daily_by_venue_coordinates,Empower Field at Mile High,39.7439,-105.0201,43.2,21.3,30.3,24.4,37.3,15.1,24.4,0.0,0.0,0.459,9.8,182.0,9.78,1.0
2024_REG_13_HOU_JAX_20241201,WTH_02654,47.7,0.0,7.5,WMO_1,0,2024-12-01 12:00:00,open_meteo_daily_by_venue_coordinates,TIAA Bank Stadium,30.3239,-81.6373,58.8,39.4,47.7,42.2,53.5,32.6,42.2,0.0,0.0,0.0,16.1,346.0,14.86,1.0
2024_REG_13_IND_NE_20241201,WTH_02655,30.2,0.0,10.1,WMO_3,0,2024-12-01 12:00:00,open_meteo_daily_by_venue_coordinates,Gillette Stadium,42.0909,-71.2643,35.6,25.5,30.2,21.4,25.7,16.8,21.4,0.0,0.0,0.0,22.4,256.0,7.98,3.0
2024_REG_13_LAC_ATL_20241201,WTH_02656,70.0,0.0,0.0,INDOOR,0,2024-12-01 12:00:00,open_meteo_indoor_controlled_daily_values,Mercedes-Benz Stadium,33.7554,-84.4009,70.0,70.0,70.0,70.0,70.0,70.0,70.0,0.0,0.0,0.0,0.0,,,
2024_REG_13_LAR_NO_20241201,WTH_02657,70.0,0.0,0.0,INDOOR,0,2024-12-01 12:00:00,open_meteo_indoor_controlled_daily_values,Caesars Superdome,29.9511,-90.0812,70.0,70.0,70.0,70.0,70.0,70.0,70.0,0.0,0.0,0.0,0.0,,,
2024_REG_13_LV_KC_20241129,WTH_02658,29.2,0.0,7.1,WMO_2,0,2024-11-29 12:00:00,open_meteo_daily_by_venue_coordinates,Arrowhead Stadium,39.0489,-94.4839,34.7,22.5,29.2,21.8,27.9,14.8,21.8,0.0,0.0,0.0,13.9,307.0,10.06,2.0
2024_REG_13_MIA_GB_20241128,WTH_02659,28.2,0.0,11.5,WMO_3,0,2024-11-28 12:00:00,open_meteo_daily_by_venue_coordinates,Lambeau Field,44.5013,-88.0622,30.6,26.1,28.2,19.2,21.0,17.1,19.2,0.0,0.0,0.0,25.7,299.0,4.19,3.0
2024_REG_13_NYG_DAL_20241128,WTH_02660,70.0,0.0,0.0,INDOOR,0,2024-11-28 12:00:00,open_meteo_indoor_controlled_daily_values,AT&T Stadium,32.7473,-97.0945,70.0,70.0,70.0,70.0,70.0,70.0,70.0,0.0,0.0,0.0,0.0,,,
2024_REG_13_PHI_BAL_20241201,WTH_02661,31.3,0.0,9.7,WMO_3,0,2024-12-01 12:00:00,open_meteo_daily_by_venue_coordinates,M&T Bank Stadium,39.278,-76.6227,40.1,26.0,31.3,24.0,32.1,19.7,24.0,0.0,0.0,0.0,22.4,272.0,7.26,3.0
2024_REG_13_PIT_CIN_20241201,WTH_02662,28.7,0.016,9.7,WMO_71|SNOW,1,2024-12-01 12:00:00,open_meteo_daily_by_venue_coordinates,Paycor Stadium,39.0955,-84.516,31.5,24.1,28.7,20.2,22.2,15.9,20.2,0.0,0.11,0.033,21.3,273.0,10.15,71.0
2024_REG_13_SEA_NYJ_20241201,WTH_02663,30.5,0.0,11.2,WMO_3,0,2024-12-01 12:00:00,open_meteo_daily_by_venue_coordinates,MetLife Stadium,40.8135,-74.0745,37.0,25.7,30.5,21.9,26.3,18.1,21.9,0.0,0.0,0.0,28.4,254.0,8.77,3.0
2024_REG_13_SF_BUF_20241201,WTH_02664,27.1,0.783,16.0,WMO_75|SNOW,1,2024-12-01 12:00:00,open_meteo_daily_by_venue_coordinates,Highmark Stadium,42.7738,-78.7868,30.1,25.1,27.1,17.2,21.1,13.0,17.2,0.0,5.484,0.197,31.3,242.0,6.15,75.0
2024_REG_13_TB_CAR_20241201,WTH_02665,37.2,0.0,6.8,WMO_3,0,2024-12-01 12:00:00,open_meteo_daily_by_venue_coordinates,Bank of America Stadium,35.2258,-80.8528,49.5,29.6,37.2,30.6,41.6,23.6,30.6,0.0,0.0,0.0,16.1,252.0,11.65,3.0
2024_REG_13_TEN_WSH_20241201,WTH_02666,31.9,0.0,9.9,WMO_3,0,2024-12-01 12:00:00,open_meteo_daily_by_venue_coordinates,Northwest Stadium,38.9078,-76.8644,42.1,26.5,31.9,24.8,33.3,20.1,24.8,0.0,0.0,0.0,21.7,260.0,8.23,3.0
2024_REG_14_ATL_MIN_20241208,WTH_02667,70.0,0.0,0.0,INDOOR,0,2024-12-08 12:00:00,open_meteo_indoor_controlled_daily_values,U.S. Bank Stadium,44.9738,-93.2575,70.0,70.0,70.0,70.0,70.0,70.0,70.0,0.0,0.0,0.0,0.0,,,
2024_REG_14_BUF_LAR_20241208,WTH_02668,70.0,0.0,0.0,INDOOR,0,2024-12-08 12:00:00,open_meteo_indoor_controlled_daily_values,SoFi Stadium,33.9535,-118.3392,70.0,70.0,70.0,70.0,70.0,70.0,70.0,0.0,0.0,0.0,0.0,,,
2024_REG_14_CAR_PHI_20241208,WTH_02669,42.3,0.0,15.2,WMO_3,0,2024-12-08 12:00:00,open_meteo_daily_by_venue_coordinates,Lincoln Financial Field,39.9008,-75.1675,56.1,34.4,42.3,33.8,48.1,25.7,33.8,0.0,0.0,0.0,34.4,236.0,8.68,3.0
2024_REG_14_CHI_SF_20241208,WTH_02670,53.5,0.0,5.5,WMO_3,0,2024-12-08 12:00:00,open_meteo_daily_by_venue_coordinates,Levi's Stadium,37.403,-121.97,67.6,44.3,53.5,51.8,63.8,42.3,51.8,0.0,0.0,0.0,13.9,295.0,9.83,3.0
2024_REG_14_CIN_DAL_20241209,WTH_02671,70.0,0.0,0.0,INDOOR,0,2024-12-09 12:00:00,open_meteo_indoor_controlled_daily_values,AT&T Stadium,32.7473,-97.0945,70.0,70.0,70.0,70.0,70.0,70.0,70.0,0.0,0.0,0.0,0.0,,,
2024_REG_14_CLE_PIT_20241208,WTH_02672,40.9,0.0,14.4,WMO_3,0,2024-12-08 12:00:00,open_meteo_daily_by_venue_coordinates,Acrisure Stadium,40.4468,-80.0158,49.8,32.9,40.9,31.6,42.6,22.9,31.6,0.0,0.0,0.066,32.0,235.0,8.87,3.0
2024_REG_14_GB_DET_20241205,WTH_02673,70.0,0.0,0.0,INDOOR,0,2024-12-05 12:00:00,open_meteo_indoor_controlled_daily_values,Ford Field,42.34,-83.0456,70.0,70.0,70.0,70.0,70.0,70.0,70.0,0.0,0.0,0.0,0.0,,,
2024_REG_14_JAX_TEN_20241208,WTH_02674,44.2,0.012,10.7,WMO_51|PRECIP,0,2024-12-08 12:00:00,open_meteo_daily_by_venue_coordinates,Nissan Stadium,36.1665,-86.7713,52.6,38.9,44.2,37.3,48.5,30.8,37.3,0.012,0.0,0.0,20.4,207.0,3.82,51.0
2024_REG_14_LAC_KC_20241208,WTH_02675,47.2,0.0,14.6,WMO_3,0,2024-12-08 12:00:00,open_meteo_daily_by_venue_coordinates,Arrowhead Stadium,39.0489,-94.4839,51.9,41.5,47.2,39.9,46.3,34.2,39.9,0.0,0.0,0.033,29.8,215.0,5.15,3.0
2024_REG_14_LV_TB_20241208,WTH_02676,58.1,0.0,6.3,WMO_3,0,2024-12-08 12:00:00,open_meteo_daily_by_venue_coordinates,Raymond James Stadium,27.9759,-82.5033,71.4,49.3,58.1,56.3,72.4,46.1,56.3,0.0,0.0,0.0,13.0,54.0,14.46,3.0
2024_REG_14_NO_NYG_20241208,WTH_02677,40.8,0.004,12.6,WMO_71|SNOW,1,2024-12-08 12:00:00,open_meteo_daily_by_venue_coordinates,MetLife Stadium,40.8135,-74.0745,52.1,34.6,40.8,32.5,43.0,25.9,32.5,0.0,0.028,0.033,29.1,233.0,7.85,71.0
2024_REG_14_NYJ_MIA_20241208,WTH_02678,68.0,0.0,7.8,WMO_3,0,2024-12-08 12:00:00,open_meteo_daily_by_venue_coordinates,Hard Rock Stadium,25.958,-80.2389,76.6,60.1,68.0,67.9,75.7,60.3,67.9,0.0,0.0,0.0,19.9,51.0,15.27,3.0
2024_REG_14_SEA_ARI_20241208,WTH_02679,70.0,0.0,0.0,INDOOR,0,2024-12-08 12:00:00,open_meteo_indoor_controlled_daily_values,State Farm Stadium,33.5276,-112.2626,70.0,70.0,70.0,70.0,70.0,70.0,70.0,0.0,0.0,0.0,0.0,,,
2024_REG_15_ATL_LV_20241216,WTH_02680,70.0,0.0,0.0,INDOOR,0,2024-12-16 12:00:00,open_meteo_indoor_controlled_daily_values,Allegiant Stadium,36.0908,-115.183,70.0,70.0,70.0,70.0,70.0,70.0,70.0,0.0,0.0,0.0,0.0,,,
2024_REG_15_BAL_NYG_20241215,WTH_02681,29.0,0.0,5.3,WMO_3,0,2024-12-15 12:00:00,open_meteo_daily_by_venue_coordinates,MetLife Stadium,40.8135,-74.0745,37.4,23.9,29.0,21.9,30.9,16.0,21.9,0.0,0.0,0.0,14.5,37.0,5.85,3.0
2024_REG_15_BUF_DET_20241215,WTH_02682,70.0,0.0,0.0,INDOOR,0,2024-12-15 12:00:00,open_meteo_indoor_controlled_daily_values,Ford Field,42.34,-83.0456,70.0,70.0,70.0,70.0,70.0,70.0,70.0,0.0,0.0,0.0,0.0,,,
2024_REG_15_CHI_MIN_20241216,WTH_02683,70.0,0.0,0.0,INDOOR,0,2024-12-16 12:00:00,open_meteo_indoor_controlled_daily_values,U.S. Bank Stadium,44.9738,-93.2575,70.0,70.0,70.0,70.0,70.0,70.0,70.0,0.0,0.0,0.0,0.0,,,
2024_REG_15_CIN_TEN_20241215,WTH_02684,52.6,0.465,18.1,WMO_63|PRECIP,0,2024-12-15 12:00:00,open_meteo_daily_by_venue_coordinates,Nissan Stadium,36.1665,-86.7713,56.0,49.6,52.6,46.3,51.7,42.5,46.3,0.465,0.0,0.0,34.9,176.0,4.14,63.0
2024_REG_15_DAL_CAR_20241215,WTH_02685,40.8,0.039,10.4,WMO_53|PRECIP,0,2024-12-15 12:00:00,open_meteo_daily_by_venue_coordinates,Bank of America Stadium,35.2258,-80.8528,45.5,37.7,40.8,34.2,40.1,29.9,34.2,0.039,0.0,0.0,21.0,37.0,3.88,53.0
2024_REG_15_GB_SEA_20241215,WTH_02686,43.2,0.008,15.6,WMO_51|PRECIP,0,2024-12-15 12:00:00,open_meteo_daily_by_venue_coordinates,Lumen Field,47.5952,-122.3316,46.8,40.5,43.2,35.5,41.8,32.3,35.5,0.008,0.0,0.0,34.7,192.0,5.33,51.0
2024_REG_15_IND_DEN_20241215,WTH_02687,36.9,0.0,5.2,WMO_3,0,2024-12-15 12:00:00,open_meteo_daily_by_venue_coordinates,Empower Field at Mile High,39.7439,-105.0201,51.3,30.2,36.9,30.9,45.2,24.0,30.9,0.0,0.0,0.098,13.2,203.0,9.11,3.0
2024_REG_15_KC_CLE_20241215,WTH_02688,36.7,0.441,21.0,WMO_63|PRECIP|WINDY,1,2024-12-15 12:00:00,open_meteo_daily_by_venue_coordinates,Huntington Bank Field,41.5061,-81.6995,40.6,34.2,36.7,26.6,32.3,23.0,26.6,0.441,0.0,0.098,28.4,148.0,1.66,63.0
2024_REG_15_LAR_SF_20241212,WTH_02689,52.6,0.728,11.0,WMO_63|PRECIP,1,2024-12-12 12:00:00,open_meteo_daily_by_venue_coordinates,Levi's Stadium,37.403,-121.97,60.7,49.5,52.6,49.2,54.9,42.6,49.2,0.728,0.0,0.0,25.1,150.0,5.81,63.0
2024_REG_15_MIA_HOU_20241215,WTH_02690,70.0,0.0,0.0,INDOOR,0,2024-12-15 12:00:00,open_meteo_indoor_controlled_daily_values,NRG Stadium,29.6847,-95.4107,70.0,70.0,70.0,70.0,70.0,70.0,70.0,0.0,0.0,0.0,0.0,,,
2024_REG_15_NE_ARI_20241215,WTH_02691,70.0,0.0,0.0,INDOOR,0,2024-12-15 12:00:00,open_meteo_indoor_controlled_daily_values,State Farm Stadium,33.5276,-112.2626,70.0,70.0,70.0,70.0,70.0,70.0,70.0,0.0,0.0,0.0,0.0,,,
2024_REG_15_NYJ_JAX_20241215,WTH_02692,64.2,0.024,10.7,WMO_51|PRECIP,0,2024-12-15 12:00:00,open_meteo_daily_by_venue_coordinates,TIAA Bank Stadium,30.3239,-81.6373,71.2,59.5,64.2,63.9,71.0,58.3,63.9,0.024,0.0,0.0,22.8,39.0,11.73,51.0
2024_REG_15_PIT_PHI_20241215,WTH_02693,30.6,0.0,5.8,WMO_3,0,2024-12-15 12:00:00,open_meteo_daily_by_venue_coordinates,Lincoln Financial Field,39.9008,-75.1675,39.2,26.3,30.6,23.4,32.7,18.8,23.4,0.0,0.0,0.0,11.6,50.0,4.34,3.0
2024_REG_15_TB_LAC_20241215,WTH_02694,70.0,0.0,0.0,INDOOR,0,2024-12-15 12:00:00,open_meteo_indoor_controlled_daily_values,SoFi Stadium,33.9535,-118.3392,70.0,70.0,70.0,70.0,70.0,70.0,70.0,0.0,0.0,0.0,0.0,,,
2024_REG_15_WSH_NO_20241215,WTH_02695,70.0,0.0,0.0,INDOOR,0,2024-12-15 12:00:00,open_meteo_indoor_controlled_daily_values,Caesars Superdome,29.9511,-90.0812,70.0,70.0,70.0,70.0,70.0,70.0,70.0,0.0,0.0,0.0,0.0,,,
2024_REG_16_ARI_CAR_20241222,WTH_02696,31.6,0.0,9.7,WMO_0,0,2024-12-22 12:00:00,open_meteo_daily_by_venue_coordinates,Bank of America Stadium,35.2258,-80.8528,38.5,24.5,31.6,23.4,31.6,16.2,23.4,0.0,0.0,0.0,19.2,32.0,11.69,0.0
2024_REG_16_CLE_CIN_20241222,WTH_02697,27.7,0.0,4.8,WMO_3,0,2024-12-22 12:00:00,open_meteo_daily_by_venue_coordinates,Paycor Stadium,39.0955,-84.516,32.0,22.5,27.7,20.7,24.9,15.8,20.7,0.0,0.0,0.066,12.5,75.0,9.0,3.0
2024_REG_16_DEN_LAC_20241219,WTH_02698,70.0,0.0,0.0,INDOOR,0,2024-12-19 12:00:00,open_meteo_indoor_controlled_daily_values,SoFi Stadium,33.9535,-118.3392,70.0,70.0,70.0,70.0,70.0,70.0,70.0,0.0,0.0,0.0,0.0,,,
2024_REG_16_DET_CHI_20241222,WTH_02699,22.2,0.0,10.0,WMO_3,0,2024-12-22 12:00:00,open_meteo_daily_by_venue_coordinates,Soldier Field,41.8623,-87.6167,31.7,14.6,22.2,14.3,23.1,7.0,14.3,0.0,0.0,0.033,21.7,187.0,6.34,3.0
2024_REG_16_HOU_KC_20241221,WTH_02700,25.8,0.0,4.3,WMO_3,0,2024-12-21 12:00:00,open_meteo_daily_by_venue_coordinates,Arrowhead Stadium,39.0489,-94.4839,34.5,18.0,25.8,18.9,27.5,10.6,18.9,0.0,0.0,0.0,10.7,102.0,9.48,3.0
2024_REG_16_JAX_LV_20241222,WTH_02701,70.0,0.0,0.0,INDOOR,0,2024-12-22 12:00:00,open_meteo_indoor_controlled_daily_values,Allegiant Stadium,36.0908,-115.183,70.0,70.0,70.0,70.0,70.0,70.0,70.0,0.0,0.0,0.0,0.0,,,
2024_REG_16_LAR_NYJ_20241222,WTH_02702,17.6,0.0,9.9,WMO_3,1,2024-12-22 12:00:00,open_meteo_daily_by_venue_coordinates,MetLife Stadium,40.8135,-74.0745,22.5,14.7,17.6,8.1,12.8,4.7,8.1,0.0,0.0,0.066,23.3,320.0,9.32,3.0
2024_REG_16_MIN_SEA_20241222,WTH_02703,45.5,0.28,14.3,WMO_61|PRECIP,0,2024-12-22 12:00:00,open_meteo_daily_by_venue_coordinates,Lumen Field,47.5952,-122.3316,49.3,41.2,45.5,40.8,44.2,37.1,40.8,0.28,0.0,0.0,27.1,141.0,1.26,61.0
2024_REG_16_NE_BUF_20241222,WTH_02704,10.9,0.016,9.1,WMO_71|SNOW,1,2024-12-22 12:00:00,open_meteo_daily_by_venue_coordinates,Highmark Stadium,42.7738,-78.7868,16.9,6.4,10.9,2.1,7.0,-2.0,2.1,0.0,0.11,0.262,18.6,3.0,6.96,71.0
2024_REG_16_NO_GB_20241223,WTH_02705,31.0,0.031,12.0,WMO_71|SNOW,1,2024-12-23 12:00:00,open_meteo_daily_by_venue_coordinates,Lambeau Field,44.5013,-88.0622,33.8,24.8,31.0,23.6,28.9,15.2,23.6,0.0,0.22,0.262,22.8,186.0,3.08,71.0
2024_REG_16_NYG_ATL_20241222,WTH_02706,70.0,0.0,0.0,INDOOR,0,2024-12-22 12:00:00,open_meteo_indoor_controlled_daily_values,Mercedes-Benz Stadium,33.7554,-84.4009,70.0,70.0,70.0,70.0,70.0,70.0,70.0,0.0,0.0,0.0,0.0,,,
2024_REG_16_PHI_WSH_20241222,WTH_02707,26.8,0.0,9.7,WMO_3,0,2024-12-22 12:00:00,open_meteo_daily_by_venue_coordinates,Northwest Stadium,38.9078,-76.8644,30.6,22.8,26.8,18.0,20.9,14.7,18.0,0.0,0.0,0.0,21.5,335.0,9.99,3.0
2024_REG_16_PIT_BAL_20241221,WTH_02708,33.0,0.012,13.4,WMO_71|SNOW,1,2024-12-21 12:00:00,open_meteo_daily_by_venue_coordinates,M&T Bank Stadium,39.278,-76.6227,36.3,29.5,33.0,24.0,30.3,18.7,24.0,0.008,0.028,0.0,34.7,316.0,8.51,71.0
2024_REG_16_SF_MIA_20241222,WTH_02709,60.9,0.0,6.4,WMO_3,0,2024-12-22 12:00:00,open_meteo_daily_by_venue_coordinates,Hard Rock Stadium,25.958,-80.2389,74.1,51.7,60.9,59.1,74.1,49.0,59.1,0.0,0.0,0.0,14.8,351.0,15.35,3.0
2024_REG_16_TB_DAL_20241222,WTH_02710,70.0,0.0,0.0,INDOOR,0,2024-12-22 12:00:00,open_meteo_indoor_controlled_daily_values,AT&T Stadium,32.7473,-97.0945,70.0,70.0,70.0,70.0,70.0,70.0,70.0,0.0,0.0,0.0,0.0,,,
2024_REG_16_TEN_IND_20241222,WTH_02711,70.0,0.0,0.0,INDOOR,0,2024-12-22 12:00:00,open_meteo_indoor_controlled_daily_values,Lucas Oil Stadium,39.7601,-86.1639,70.0,70.0,70.0,70.0,70.0,70.0,70.0,0.0,0.0,0.0,0.0,,,
2024_REG_17_ARI_LAR_20241228,WTH_02712,70.0,0.0,0.0,INDOOR,0,2024-12-28 12:00:00,open_meteo_indoor_controlled_daily_values,SoFi Stadium,33.9535,-118.3392,70.0,70.0,70.0,70.0,70.0,70.0,70.0,0.0,0.0,0.0,0.0,,,
2024_REG_17_ATL_WSH_20241229,WTH_02713,57.6,0.067,16.5,WMO_53|PRECIP,1,2024-12-29 12:00:00,open_meteo_daily_by_venue_coordinates,Northwest Stadium,38.9078,-76.8644,68.0,51.0,57.6,54.6,62.7,47.5,54.6,0.067,0.0,0.0,44.5,172.0,7.92,53.0
2024_REG_17_BAL_HOU_20241225,WTH_02714,70.0,0.0,0.0,INDOOR,0,2024-12-25 12:00:00,open_meteo_indoor_controlled_daily_values,NRG Stadium,29.6847,-95.4107,70.0,70.0,70.0,70.0,70.0,70.0,70.0,0.0,0.0,0.0,0.0,,,
2024_REG_17_CAR_TB_20241229,WTH_02715,70.7,0.335,12.4,WMO_63|PRECIP,0,2024-12-29 12:00:00,open_meteo_daily_by_venue_coordinates,Raymond James Stadium,27.9759,-82.5033,75.6,68.2,70.7,73.2,76.8,69.9,73.2,0.335,0.0,0.0,27.1,156.0,10.44,63.0
2024_REG_17_DAL_PHI_20241229,WTH_02716,54.8,0.075,14.5,WMO_53|PRECIP,0,2024-12-29 12:00:00,open_meteo_daily_by_venue_coordinates,Lincoln Financial Field,39.9008,-75.1675,64.7,48.5,54.8,52.4,61.3,46.2,52.4,0.075,0.0,0.033,30.4,177.0,6.88,53.0
2024_REG_17_DEN_CIN_20241228,WTH_02717,55.2,0.035,12.3,WMO_51|PRECIP,0,2024-12-28 12:00:00,open_meteo_daily_by_venue_coordinates,Paycor Stadium,39.0955,-84.516,60.6,50.5,55.2,51.6,59.5,45.9,51.6,0.035,0.0,0.0,26.6,197.0,5.36,51.0
2024_REG_17_DET_SF_20241230,WTH_02718,50.2,0.035,6.4,WMO_51|PRECIP,0,2024-12-30 12:00:00,open_meteo_daily_by_venue_coordinates,Levi's Stadium,37.403,-121.97,57.5,43.0,50.2,48.2,55.1,40.6,48.2,0.035,0.0,0.0,18.3,314.0,9.9,51.0
2024_REG_17_GB_MIN_20241229,WTH_02719,70.0,0.0,0.0,INDOOR,0,2024-12-29 12:00:00,open_meteo_indoor_controlled_daily_values,U.S. Bank Stadium,44.9738,-93.2575,70.0,70.0,70.0,70.0,70.0,70.0,70.0,0.0,0.0,0.0,0.0,,,
2024_REG_17_IND_NYG_20241229,WTH_02720,46.5,0.106,11.1,WMO_53|PRECIP,0,2024-12-29 12:00:00,open_meteo_daily_by_venue_coordinates,MetLife Stadium,40.8135,-74.0745,59.8,40.0,46.5,43.5,59.6,36.3,43.5,0.106,0.0,0.066,26.4,173.0,5.55,53.0
2024_REG_17_KC_PIT_20241225,WTH_02721,34.3,0.0,4.5,WMO_3,0,2024-12-25 12:00:00,open_meteo_daily_by_venue_coordinates,Acrisure Stadium,40.4468,-80.0158,37.8,31.5,34.3,29.1,32.4,26.9,29.1,0.0,0.0,0.066,10.3,56.0,2.89,3.0
2024_REG_17_LAC_NE_20241228,WTH_02722,34.6,0.087,7.1,WMO_51|PRECIP,0,2024-12-28 12:00:00,open_meteo_daily_by_venue_coordinates,Gillette Stadium,42.0909,-71.2643,40.5,28.8,34.6,28.2,35.5,21.1,28.2,0.087,0.0,0.131,13.6,220.0,1.51,51.0
2024_REG_17_LV_NO_20241229,WTH_02723,70.0,0.0,0.0,INDOOR,0,2024-12-29 12:00:00,open_meteo_indoor_controlled_daily_values,Caesars Superdome,29.9511,-90.0812,70.0,70.0,70.0,70.0,70.0,70.0,70.0,0.0,0.0,0.0,0.0,,,
2024_REG_17_MIA_CLE_20241229,WTH_02724,47.2,1.13,18.4,WMO_63|PRECIP,1,2024-12-29 12:00:00,open_meteo_daily_by_venue_coordinates,Huntington Bank Field,41.5061,-81.6995,51.4,43.2,47.2,41.7,45.2,36.5,41.7,1.13,0.0,0.0,23.7,149.0,1.02,63.0
2024_REG_17_NYJ_BUF_20241229,WTH_02725,48.6,0.335,21.7,WMO_61|PRECIP|WINDY,1,2024-12-29 12:00:00,open_meteo_daily_by_venue_coordinates,Highmark Stadium,42.7738,-78.7868,58.3,41.7,48.6,42.0,50.4,36.1,42.0,0.335,0.0,0.066,40.9,165.0,1.43,61.0
2024_REG_17_SEA_CHI_20241226,WTH_02726,39.7,0.0,7.6,WMO_3,0,2024-12-26 12:00:00,open_meteo_daily_by_venue_coordinates,Soldier Field,41.8623,-87.6167,46.7,36.0,39.7,34.7,42.5,30.7,34.7,0.0,0.0,0.033,17.2,141.0,3.48,3.0
2024_REG_17_TEN_JAX_20241229,WTH_02727,68.7,0.055,10.8,WMO_51|PRECIP,0,2024-12-29 12:00:00,open_meteo_daily_by_venue_coordinates,TIAA Bank Stadium,30.3239,-81.6373,73.8,65.9,68.7,70.1,76.3,67.0,70.1,0.055,0.0,0.0,21.0,169.0,7.65,51.0
2024_REG_18_BUF_NE_20250105,WTH_02728,28.0,0.0,17.8,WMO_3,1,2025-01-05 12:00:00,open_meteo_daily_by_venue_coordinates,Gillette Stadium,42.0909,-71.2643,31.5,25.0,28.0,16.7,18.4,14.4,16.7,0.0,0.0,0.0,38.5,282.0,5.84,3.0
2024_REG_18_CAR_ATL_20250105,WTH_02729,70.0,0.0,0.0,INDOOR,0,2025-01-05 12:00:00,open_meteo_indoor_controlled_daily_values,Mercedes-Benz Stadium,33.7554,-84.4009,70.0,70.0,70.0,70.0,70.0,70.0,70.0,0.0,0.0,0.0,0.0,,,
2024_REG_18_CHI_GB_20250105,WTH_02730,11.1,0.0,12.5,WMO_3,1,2025-01-05 12:00:00,open_meteo_daily_by_venue_coordinates,Lambeau Field,44.5013,-88.0622,18.4,5.3,11.1,0.9,8.3,-4.1,0.9,0.0,0.0,0.0,26.8,314.0,6.54,3.0
2024_REG_18_CIN_PIT_20250104,WTH_02731,21.0,0.028,15.1,WMO_71|SNOW,1,2025-01-04 12:00:00,open_meteo_daily_by_venue_coordinates,Acrisure Stadium,40.4468,-80.0158,23.0,19.5,21.0,9.9,12.4,8.2,9.9,0.0,0.193,0.066,32.7,278.0,4.86,71.0
2024_REG_18_CLE_BAL_20250104,WTH_02732,28.6,0.004,18.3,WMO_71|SNOW,1,2025-01-04 12:00:00,open_meteo_daily_by_venue_coordinates,M&T Bank Stadium,39.278,-76.6227,33.3,26.3,28.6,17.0,23.8,14.9,17.0,0.0,0.028,0.0,40.7,294.0,7.96,71.0
2024_REG_18_HOU_TEN_20250105,WTH_02733,38.7,0.579,12.4,WMO_73|SNOW,1,2025-01-05 12:00:00,open_meteo_daily_by_venue_coordinates,Nissan Stadium,36.1665,-86.7713,51.3,33.9,38.7,32.1,45.0,26.1,32.1,0.551,0.193,0.0,27.5,102.0,2.17,73.0
2024_REG_18_JAX_IND_20250105,WTH_02734,70.0,0.0,0.0,INDOOR,0,2025-01-05 12:00:00,open_meteo_indoor_controlled_daily_values,Lucas Oil Stadium,39.7601,-86.1639,70.0,70.0,70.0,70.0,70.0,70.0,70.0,0.0,0.0,0.0,0.0,,,
2024_REG_18_KC_DEN_20250105,WTH_02735,23.0,0.024,6.6,WMO_73|SNOW,1,2025-01-05 12:00:00,open_meteo_daily_by_venue_coordinates,Empower Field at Mile High,39.7439,-105.0201,28.8,16.8,23.0,16.3,22.0,10.4,16.3,0.0,0.165,0.033,19.0,10.0,6.81,73.0
2024_REG_18_LAC_LV_20250105,WTH_02736,70.0,0.0,0.0,INDOOR,0,2025-01-05 12:00:00,open_meteo_indoor_controlled_daily_values,Allegiant Stadium,36.0908,-115.183,70.0,70.0,70.0,70.0,70.0,70.0,70.0,0.0,0.0,0.0,0.0,,,
2024_REG_18_MIA_NYJ_20250105,WTH_02737,28.3,0.0,12.0,WMO_3,0,2025-01-05 12:00:00,open_meteo_daily_by_venue_coordinates,MetLife Stadium,40.8135,-74.0745,32.5,25.7,28.3,18.2,21.7,15.9,18.2,0.0,0.0,0.0,29.5,279.0,6.6,3.0
2024_REG_18_MIN_DET_20250105,WTH_02738,70.0,0.0,0.0,INDOOR,0,2025-01-05 12:00:00,open_meteo_indoor_controlled_daily_values,Ford Field,42.34,-83.0456,70.0,70.0,70.0,70.0,70.0,70.0,70.0,0.0,0.0,0.0,0.0,,,
2024_REG_18_NO_TB_20250105,WTH_02739,55.7,0.0,6.8,WMO_3,0,2025-01-05 12:00:00,open_meteo_daily_by_venue_coordinates,Raymond James Stadium,27.9759,-82.5033,70.3,46.6,55.7,50.6,65.3,40.9,50.6,0.0,0.0,0.0,17.0,76.0,14.87,3.0
2024_REG_18_NYG_PHI_20250105,WTH_02740,26.9,0.0,12.6,WMO_3,0,2025-01-05 12:00:00,open_meteo_daily_by_venue_coordinates,Lincoln Financial Field,39.9008,-75.1675,31.5,23.3,26.9,16.1,20.2,12.7,16.1,0.0,0.0,0.0,29.5,275.0,9.67,3.0
2024_REG_18_SEA_LAR_20250105,WTH_02741,70.0,0.0,0.0,INDOOR,0,2025-01-05 12:00:00,open_meteo_indoor_controlled_daily_values,SoFi Stadium,33.9535,-118.3392,70.0,70.0,70.0,70.0,70.0,70.0,70.0,0.0,0.0,0.0,0.0,,,
2024_REG_18_SF_ARI_20250105,WTH_02742,70.0,0.0,0.0,INDOOR,0,2025-01-05 12:00:00,open_meteo_indoor_controlled_daily_values,State Farm Stadium,33.5276,-112.2626,70.0,70.0,70.0,70.0,70.0,70.0,70.0,0.0,0.0,0.0,0.0,,,
2024_REG_18_WSH_DAL_20250105,WTH_02743,70.0,0.0,0.0,INDOOR,0,2025-01-05 12:00:00,open_meteo_indoor_controlled_daily_values,AT&T Stadium,32.7473,-97.0945,70.0,70.0,70.0,70.0,70.0,70.0,70.0,0.0,0.0,0.0,0.0,,,
2025_CON_21_LAR_SEA_20260125,WTH_02744,34.1,0.0,4.0,WMO_3,0,2026-01-25 12:00:00,open_meteo_daily_by_venue_coordinates,Lumen Field,47.5952,-122.3316,41.2,29.3,34.1,28.6,36.0,23.0,28.6,0.0,0.0,0.0,8.5,34.0,7.73,3.0
2025_CON_21_NE_DEN_20260125,WTH_02745,11.1,0.012,12.3,WMO_71|SNOW,1,2026-01-25 12:00:00,open_meteo_daily_by_venue_coordinates,Empower Field at Mile High,39.7439,-105.0201,24.2,1.5,11.1,3.5,16.8,-5.8,3.5,0.0,0.083,0.033,27.7,38.0,10.21,71.0
2025_POST_19_BUF_JAX_20260111,WTH_02746,63.8,0.016,11.9,WMO_51|PRECIP,0,2026-01-11 12:00:00,open_meteo_daily_by_venue_coordinates,TIAA Bank Stadium,30.3239,-81.6373,70.4,57.8,63.8,62.3,71.2,50.9,62.3,0.016,0.0,0.0,25.3,281.0,8.25,51.0
2025_POST_19_GB_CHI_20260110,WTH_02747,36.9,0.248,12.0,WMO_73|SNOW,1,2026-01-10 12:00:00,open_meteo_daily_by_venue_coordinates,Soldier Field,41.8623,-87.6167,41.4,33.8,36.9,30.2,37.1,25.0,30.2,0.165,0.579,0.033,29.5,208.0,4.2,73.0
2025_POST_19_HOU_PIT_20260112,WTH_02748,30.2,0.0,14.6,WMO_3,0,2026-01-12 12:00:00,open_meteo_daily_by_venue_coordinates,Acrisure Stadium,40.4468,-80.0158,34.8,27.8,30.2,20.7,24.8,17.3,20.7,0.0,0.0,0.033,32.9,248.0,7.66,3.0
2025_POST_19_LAC_NE_20260111,WTH_02749,38.2,0.461,10.4,WMO_63|PRECIP,0,2026-01-11 12:00:00,open_meteo_daily_by_venue_coordinates,Gillette Stadium,42.0909,-71.2643,43.2,36.0,38.2,31.8,37.6,26.9,31.8,0.461,0.0,0.0,21.7,346.0,3.3,63.0
2025_POST_19_LAR_CAR_20260110,WTH_02750,64.8,0.362,19.2,WMO_63|PRECIP,1,2026-01-10 12:00:00,open_meteo_daily_by_venue_coordinates,Bank of America Stadium,35.2258,-80.8528,73.8,60.0,64.8,64.2,69.6,59.9,64.2,0.362,0.0,0.0,38.0,200.0,6.02,63.0
2025_POST_19_SF_PHI_20260111,WTH_02751,43.6,0.248,16.5,WMO_61|PRECIP,0,2026-01-11 12:00:00,open_meteo_daily_by_venue_coordinates,Lincoln Financial Field,39.9008,-75.1675,47.4,37.8,43.6,37.1,41.8,25.3,37.1,0.248,0.0,0.0,34.4,295.0,7.26,61.0
2025_POST_20_BUF_DEN_20260117,WTH_02752,26.5,0.004,8.4,WMO_71|SNOW,1,2026-01-17 12:00:00,open_meteo_daily_by_venue_coordinates,Empower Field at Mile High,39.7439,-105.0201,35.1,20.8,26.5,18.0,26.0,12.7,18.0,0.0,0.055,0.0,21.7,121.0,10.43,71.0
2025_POST_20_HOU_NE_20260118,WTH_02753,30.5,0.157,9.7,WMO_73|SNOW,1,2026-01-18 12:00:00,open_meteo_daily_by_venue_coordinates,Gillette Stadium,42.0909,-71.2643,34.1,26.7,30.5,24.2,29.3,20.3,24.2,0.008,1.047,0.131,19.2,235.0,2.46,73.0
2025_POST_20_LAR_CHI_20260118,WTH_02754,13.2,0.02,11.8,WMO_71|SNOW,1,2026-01-18 12:00:00,open_meteo_daily_by_venue_coordinates,Soldier Field,41.8623,-87.6167,18.3,8.2,13.2,2.5,9.0,-2.9,2.5,0.0,0.138,0.131,25.5,238.0,7.78,71.0
2025_POST_20_SF_SEA_20260117,WTH_02755,41.6,0.0,8.5,WMO_1,0,2026-01-17 12:00:00,open_meteo_daily_by_venue_coordinates,Lumen Field,47.5952,-122.3316,49.0,36.7,41.6,36.3,44.5,30.9,36.3,0.0,0.0,0.0,17.2,31.0,6.49,1.0
2025_POST_22_SEA_NE_20260208,WTH_02756,53.5,0.0,6.1,WMO_3,0,2026-02-08 12:00:00,open_meteo_daily_by_venue_coordinates,Levi's Stadium,37.403,-121.97,64.8,44.6,53.5,52.6,64.2,42.8,52.6,0.0,0.0,0.0,17.2,320.0,13.93,3.0
2025_REG_01_ARI_NO_20250907,WTH_02757,70.0,0.0,0.0,INDOOR,0,2025-09-07 12:00:00,open_meteo_indoor_controlled_daily_values,Caesars Superdome,29.9511,-90.0812,70.0,70.0,70.0,70.0,70.0,70.0,70.0,0.0,0.0,0.0,0.0,,,
2025_REG_01_BAL_BUF_20250907,WTH_02758,58.7,0.087,14.2,WMO_53|PRECIP,0,2025-09-07 12:00:00,open_meteo_daily_by_venue_coordinates,Highmark Stadium,42.7738,-78.7868,62.2,54.0,58.7,54.1,58.6,49.6,54.1,0.087,0.0,0.0,30.2,254.0,19.76,53.0
2025_REG_01_CAR_JAX_20250907,WTH_02759,78.6,0.335,8.2,WMO_63|PRECIP,0,2025-09-07 12:00:00,open_meteo_daily_by_venue_coordinates,TIAA Bank Stadium,30.3239,-81.6373,82.3,74.8,78.6,87.9,93.1,84.3,87.9,0.335,0.0,0.0,19.9,59.0,14.22,63.0
2025_REG_01_CIN_CLE_20250907,WTH_02760,61.1,0.024,11.5,WMO_53|PRECIP,0,2025-09-07 12:00:00,open_meteo_daily_by_venue_coordinates,Huntington Bank Field,41.5061,-81.6995,65.3,56.8,61.1,56.9,60.2,53.2,56.9,0.024,0.0,0.0,18.3,286.0,20.57,53.0
2025_REG_01_DAL_PHI_20250904,WTH_02761,71.9,0.008,14.7,WMO_51|PRECIP,1,2025-09-04 12:00:00,open_meteo_daily_by_venue_coordinates,Lincoln Financial Field,39.9008,-75.1675,82.8,61.8,71.9,72.0,81.7,63.5,72.0,0.008,0.0,0.0,35.3,188.0,20.66,51.0
2025_REG_01_DET_GB_20250907,WTH_02762,53.0,0.0,8.2,WMO_3,0,2025-09-07 12:00:00,open_meteo_daily_by_venue_coordinates,Lambeau Field,44.5013,-88.0622,63.4,44.6,53.0,48.2,58.2,40.0,48.2,0.0,0.0,0.0,19.7,291.0,16.89,3.0
2025_REG_01_HOU_LAR_20250907,WTH_02763,70.0,0.0,0.0,INDOOR,0,2025-09-07 12:00:00,open_meteo_indoor_controlled_daily_values,SoFi Stadium,33.9535,-118.3392,70.0,70.0,70.0,70.0,70.0,70.0,70.0,0.0,0.0,0.0,0.0,,,
2025_REG_01_KC_LAC_20250905,WTH_02764,70.0,0.0,0.0,INDOOR,0,2025-09-05 12:00:00,open_meteo_indoor_controlled_daily_values,SoFi Stadium,33.9535,-118.3392,70.0,70.0,70.0,70.0,70.0,70.0,70.0,0.0,0.0,0.0,0.0,,,
2025_REG_01_LV_NE_20250907,WTH_02765,62.9,1.177,11.9,WMO_63|PRECIP,1,2025-09-07 12:00:00,open_meteo_daily_by_venue_coordinates,Gillette Stadium,42.0909,-71.2643,70.2,60.4,62.9,64.8,74.3,61.1,64.8,1.177,0.0,0.0,25.7,338.0,2.88,63.0
2025_REG_01_MIA_IND_20250907,WTH_02766,70.0,0.0,0.0,INDOOR,0,2025-09-07 12:00:00,open_meteo_indoor_controlled_daily_values,Lucas Oil Stadium,39.7601,-86.1639,70.0,70.0,70.0,70.0,70.0,70.0,70.0,0.0,0.0,0.0,0.0,,,
2025_REG_01_MIN_CHI_20250908,WTH_02767,59.9,0.0,5.3,WMO_0,0,2025-09-08 12:00:00,open_meteo_daily_by_venue_coordinates,Soldier Field,41.8623,-87.6167,69.8,51.2,59.9,57.8,68.1,48.0,57.8,0.0,0.0,0.0,15.2,166.0,22.31,0.0
2025_REG_01_NYG_WSH_20250907,WTH_02768,68.1,1.311,9.4,WMO_65|PRECIP,1,2025-09-07 12:00:00,open_meteo_daily_by_venue_coordinates,Northwest Stadium,38.9078,-76.8644,76.5,61.7,68.1,69.3,84.1,61.3,69.3,1.311,0.0,0.0,17.7,318.0,13.64,65.0
2025_REG_01_PIT_NYJ_20250907,WTH_02769,65.5,0.996,6.3,WMO_63|PRECIP,1,2025-09-07 12:00:00,open_meteo_daily_by_venue_coordinates,MetLife Stadium,40.8135,-74.0745,70.9,62.1,65.5,68.0,77.8,64.3,68.0,0.996,0.0,0.0,14.8,347.0,7.02,63.0
2025_REG_01_SF_SEA_20250907,WTH_02770,64.8,0.0,8.1,WMO_3,0,2025-09-07 12:00:00,open_meteo_daily_by_venue_coordinates,Lumen Field,47.5952,-122.3316,71.3,59.8,64.8,65.3,75.0,59.0,65.3,0.0,0.0,0.0,19.0,199.0,9.96,3.0
2025_REG_01_TB_ATL_20250907,WTH_02771,70.0,0.0,0.0,INDOOR,0,2025-09-07 12:00:00,open_meteo_indoor_controlled_daily_values,Mercedes-Benz Stadium,33.7554,-84.4009,70.0,70.0,70.0,70.0,70.0,70.0,70.0,0.0,0.0,0.0,0.0,,,
2025_REG_01_TEN_DEN_20250907,WTH_02772,72.7,0.004,7.6,WMO_51|PRECIP,0,2025-09-07 12:00:00,open_meteo_daily_by_venue_coordinates,Empower Field at Mile High,39.7439,-105.0201,83.8,60.8,72.7,70.0,82.5,58.6,70.0,0.004,0.0,0.0,24.8,243.0,21.14,51.0
2025_REG_02_ATL_MIN_20250914,WTH_02773,70.0,0.0,0.0,INDOOR,0,2025-09-14 12:00:00,open_meteo_indoor_controlled_daily_values,U.S. Bank Stadium,44.9738,-93.2575,70.0,70.0,70.0,70.0,70.0,70.0,70.0,0.0,0.0,0.0,0.0,,,
2025_REG_02_BUF_NYJ_20250914,WTH_02774,72.7,0.0,8.1,WMO_3,0,2025-09-14 12:00:00,open_meteo_daily_by_venue_coordinates,MetLife Stadium,40.8135,-74.0745,85.0,63.1,72.7,74.0,84.4,66.4,74.0,0.0,0.0,0.0,19.2,133.0,18.94,3.0
2025_REG_02_CAR_ARI_20250914,WTH_02775,70.0,0.0,0.0,INDOOR,0,2025-09-14 12:00:00,open_meteo_indoor_controlled_daily_values,State Farm Stadium,33.5276,-112.2626,70.0,70.0,70.0,70.0,70.0,70.0,70.0,0.0,0.0,0.0,0.0,,,
2025_REG_02_CHI_DET_20250914,WTH_02776,70.0,0.0,0.0,INDOOR,0,2025-09-14 12:00:00,open_meteo_indoor_controlled_daily_values,Ford Field,42.34,-83.0456,70.0,70.0,70.0,70.0,70.0,70.0,70.0,0.0,0.0,0.0,0.0,,,
2025_REG_02_CLE_BAL_20250914,WTH_02777,71.3,0.0,4.9,WMO_3,0,2025-09-14 12:00:00,open_meteo_daily_by_venue_coordinates,M&T Bank Stadium,39.278,-76.6227,81.8,62.0,71.3,73.7,86.0,64.0,73.7,0.0,0.0,0.0,12.8,171.0,20.33,3.0
2025_REG_02_DEN_IND_20250914,WTH_02778,70.0,0.0,0.0,INDOOR,0,2025-09-14 12:00:00,open_meteo_indoor_controlled_daily_values,Lucas Oil Stadium,39.7601,-86.1639,70.0,70.0,70.0,70.0,70.0,70.0,70.0,0.0,0.0,0.0,0.0,,,
2025_REG_02_JAX_CIN_20250914,WTH_02779,75.8,0.035,7.2,WMO_53|PRECIP,0,2025-09-14 12:00:00,open_meteo_daily_by_venue_coordinates,Paycor Stadium,39.0955,-84.516,86.4,67.3,75.8,78.4,88.6,71.5,78.4,0.035,0.0,0.0,18.8,59.0,20.84,53.0
2025_REG_02_LAC_LV_20250915,WTH_02780,70.0,0.0,0.0,INDOOR,0,2025-09-15 12:00:00,open_meteo_indoor_controlled_daily_values,Allegiant Stadium,36.0908,-115.183,70.0,70.0,70.0,70.0,70.0,70.0,70.0,0.0,0.0,0.0,0.0,,,
2025_REG_02_LAR_TEN_20250914,WTH_02781,79.9,0.0,7.4,WMO_3,0,2025-09-14 12:00:00,open_meteo_daily_by_venue_coordinates,Nissan Stadium,36.1665,-86.7713,90.3,69.5,79.9,81.1,92.1,70.7,81.1,0.0,0.0,0.0,17.9,66.0,17.88,3.0
2025_REG_02_NE_MIA_20250914,WTH_02782,77.9,0.051,5.6,WMO_61|PRECIP,0,2025-09-14 12:00:00,open_meteo_daily_by_venue_coordinates,Hard Rock Stadium,25.958,-80.2389,87.5,70.1,77.9,87.0,99.9,77.1,87.0,0.051,0.0,0.0,12.5,316.0,22.65,61.0
2025_REG_02_NYG_DAL_20250914,WTH_02783,70.0,0.0,0.0,INDOOR,0,2025-09-14 12:00:00,open_meteo_indoor_controlled_daily_values,AT&T Stadium,32.7473,-97.0945,70.0,70.0,70.0,70.0,70.0,70.0,70.0,0.0,0.0,0.0,0.0,,,
2025_REG_02_PHI_KC_20250914,WTH_02784,84.4,0.0,11.4,WMO_3,0,2025-09-14 12:00:00,open_meteo_daily_by_venue_coordinates,Arrowhead Stadium,39.0489,-94.4839,93.7,73.8,84.4,86.0,91.7,76.7,86.0,0.0,0.0,0.0,25.7,199.0,17.63,3.0
2025_REG_02_SEA_PIT_20250914,WTH_02785,71.0,0.004,6.0,WMO_51|PRECIP,0,2025-09-14 12:00:00,open_meteo_daily_by_venue_coordinates,Acrisure Stadium,40.4468,-80.0158,82.5,59.6,71.0,70.9,83.0,59.6,70.9,0.004,0.0,0.0,16.3,37.0,21.09,51.0
2025_REG_02_SF_NO_20250914,WTH_02786,70.0,0.0,0.0,INDOOR,0,2025-09-14 12:00:00,open_meteo_indoor_controlled_daily_values,Caesars Superdome,29.9511,-90.0812,70.0,70.0,70.0,70.0,70.0,70.0,70.0,0.0,0.0,0.0,0.0,,,
2025_REG_02_TB_HOU_20250915,WTH_02787,70.0,0.0,0.0,INDOOR,0,2025-09-15 12:00:00,open_meteo_indoor_controlled_daily_values,NRG Stadium,29.6847,-95.4107,70.0,70.0,70.0,70.0,70.0,70.0,70.0,0.0,0.0,0.0,0.0,,,
2025_REG_02_WSH_GB_20250911,WTH_02788,64.4,0.004,7.1,WMO_51|PRECIP,0,2025-09-11 12:00:00,open_meteo_daily_by_venue_coordinates,Lambeau Field,44.5013,-88.0622,70.9,59.3,64.4,64.7,72.0,58.1,64.7,0.004,0.0,0.0,16.3,32.0,13.76,51.0
2025_REG_03_ARI_SF_20250921,WTH_02789,68.6,0.0,9.4,WMO_3,0,2025-09-21 12:00:00,open_meteo_daily_by_venue_coordinates,Levi's Stadium,37.403,-121.97,82.2,59.3,68.6,70.4,84.6,62.0,70.4,0.0,0.0,0.0,23.5,325.0,20.57,3.0
2025_REG_03_ATL_CAR_20250921,WTH_02790,75.0,0.0,7.0,WMO_3,0,2025-09-21 12:00:00,open_meteo_daily_by_venue_coordinates,Bank of America Stadium,35.2258,-80.8528,83.5,66.4,75.0,77.1,85.3,69.1,77.1,0.0,0.0,0.0,17.4,95.0,20.92,3.0
2025_REG_03_CIN_MIN_20250921,WTH_02791,70.0,0.0,0.0,INDOOR,0,2025-09-21 12:00:00,open_meteo_indoor_controlled_daily_values,U.S. Bank Stadium,44.9738,-93.2575,70.0,70.0,70.0,70.0,70.0,70.0,70.0,0.0,0.0,0.0,0.0,,,
2025_REG_03_DAL_CHI_20250921,WTH_02792,70.3,0.169,8.7,WMO_61|PRECIP,0,2025-09-21 12:00:00,open_meteo_daily_by_venue_coordinates,Soldier Field,41.8623,-87.6167,77.5,66.6,70.3,74.0,81.1,69.2,74.0,0.169,0.0,0.0,22.8,185.0,14.51,61.0
2025_REG_03_DEN_LAC_20250921,WTH_02793,70.0,0.0,0.0,INDOOR,0,2025-09-21 12:00:00,open_meteo_indoor_controlled_daily_values,SoFi Stadium,33.9535,-118.3392,70.0,70.0,70.0,70.0,70.0,70.0,70.0,0.0,0.0,0.0,0.0,,,
2025_REG_03_DET_BAL_20250922,WTH_02794,66.7,0.0,6.9,WMO_3,0,2025-09-22 12:00:00,open_meteo_daily_by_venue_coordinates,M&T Bank Stadium,39.278,-76.6227,74.3,59.5,66.7,68.1,75.9,61.8,68.1,0.0,0.0,0.0,15.0,136.0,15.25,3.0
2025_REG_03_GB_CLE_20250921,WTH_02795,73.0,0.0,12.8,WMO_3,0,2025-09-21 12:00:00,open_meteo_daily_by_venue_coordinates,Huntington Bank Field,41.5061,-81.6995,83.4,66.0,73.0,74.3,87.7,65.4,74.3,0.0,0.0,0.0,17.0,154.0,15.8,3.0
2025_REG_03_HOU_JAX_20250921,WTH_02796,78.1,0.02,13.4,WMO_51|PRECIP,0,2025-09-21 12:00:00,open_meteo_daily_by_venue_coordinates,TIAA Bank Stadium,30.3239,-81.6373,85.6,71.6,78.1,82.8,89.3,76.5,82.8,0.02,0.0,0.0,30.2,34.0,19.75,51.0
2025_REG_03_IND_TEN_20250921,WTH_02797,79.5,0.394,7.5,WMO_63|PRECIP,0,2025-09-21 12:00:00,open_meteo_daily_by_venue_coordinates,Nissan Stadium,36.1665,-86.7713,90.4,68.1,79.5,83.0,94.3,72.0,83.0,0.394,0.0,0.0,22.6,184.0,17.99,63.0
2025_REG_03_KC_NYG_20250921,WTH_02798,63.7,0.0,5.4,WMO_3,0,2025-09-21 12:00:00,open_meteo_daily_by_venue_coordinates,MetLife Stadium,40.8135,-74.0745,72.1,57.5,63.7,63.0,71.7,57.0,63.0,0.0,0.0,0.0,15.7,94.0,17.94,3.0
2025_REG_03_LAR_PHI_20250921,WTH_02799,65.4,0.0,7.1,WMO_3,0,2025-09-21 12:00:00,open_meteo_daily_by_venue_coordinates,Lincoln Financial Field,39.9008,-75.1675,74.1,59.0,65.4,65.1,74.5,59.0,65.1,0.0,0.0,0.0,17.0,77.0,19.4,3.0
2025_REG_03_LV_WSH_20250921,WTH_02800,67.7,0.028,8.8,WMO_51|PRECIP,0,2025-09-21 12:00:00,open_meteo_daily_by_venue_coordinates,Northwest Stadium,38.9078,-76.8644,73.8,62.7,67.7,69.4,74.9,64.4,69.4,0.028,0.0,0.0,19.7,90.0,12.25,51.0
2025_REG_03_MIA_BUF_20250918,WTH_02801,67.0,0.0,10.4,WMO_3,0,2025-09-18 12:00:00,open_meteo_daily_by_venue_coordinates,Highmark Stadium,42.7738,-78.7868,74.9,59.8,67.0,67.0,75.1,59.5,67.0,0.0,0.0,0.0,23.3,230.0,19.02,3.0
2025_REG_03_NO_SEA_20250921,WTH_02802,62.1,0.571,12.4,WMO_63|PRECIP,1,2025-09-21 12:00:00,open_meteo_daily_by_venue_coordinates,Lumen Field,47.5952,-122.3316,75.3,58.1,62.1,60.0,71.8,55.3,60.0,0.571,0.0,0.0,24.6,185.0,10.27,63.0
2025_REG_03_NYJ_TB_20250921,WTH_02803,82.0,0.004,8.9,WMO_51|PRECIP,0,2025-09-21 12:00:00,open_meteo_daily_by_venue_coordinates,Raymond James Stadium,27.9759,-82.5033,92.1,73.5,82.0,87.2,96.6,79.7,87.2,0.004,0.0,0.0,19.5,49.0,22.06,51.0
2025_REG_03_PIT_NE_20250921,WTH_02804,56.5,0.0,7.1,WMO_3,0,2025-09-21 12:00:00,open_meteo_daily_by_venue_coordinates,Gillette Stadium,42.0909,-71.2643,66.5,47.9,56.5,54.0,65.2,45.3,54.0,0.0,0.0,0.0,14.3,83.0,18.34,3.0
2025_REG_04_BAL_KC_20250928,WTH_02805,74.1,0.0,6.0,WMO_0,0,2025-09-28 12:00:00,open_meteo_daily_by_venue_coordinates,Arrowhead Stadium,39.0489,-94.4839,86.4,63.9,74.1,76.9,90.0,65.8,76.9,0.0,0.0,0.0,13.9,212.0,18.94,0.0
2025_REG_04_CAR_NE_20250928,WTH_02806,68.9,0.031,7.7,WMO_53|PRECIP,0,2025-09-28 12:00:00,open_meteo_daily_by_venue_coordinates,Gillette Stadium,42.0909,-71.2643,79.4,62.5,68.9,71.3,81.6,64.2,71.3,0.031,0.0,0.0,17.7,215.0,16.35,53.0
2025_REG_04_CHI_LV_20250928,WTH_02807,70.0,0.0,0.0,INDOOR,0,2025-09-28 12:00:00,open_meteo_indoor_controlled_daily_values,Allegiant Stadium,36.0908,-115.183,70.0,70.0,70.0,70.0,70.0,70.0,70.0,0.0,0.0,0.0,0.0,,,
2025_REG_04_CIN_DEN_20250929,WTH_02808,63.9,0.035,11.6,WMO_53|PRECIP,0,2025-09-29 12:00:00,open_meteo_daily_by_venue_coordinates,Empower Field at Mile High,39.7439,-105.0201,78.6,50.7,63.9,61.2,77.4,48.4,61.2,0.035,0.0,0.0,30.4,212.0,15.65,53.0
2025_REG_04_CLE_DET_20250928,WTH_02809,70.0,0.0,0.0,INDOOR,0,2025-09-28 12:00:00,open_meteo_indoor_controlled_daily_values,Ford Field,42.34,-83.0456,70.0,70.0,70.0,70.0,70.0,70.0,70.0,0.0,0.0,0.0,0.0,,,
2025_REG_04_GB_DAL_20250928,WTH_02810,70.0,0.0,0.0,INDOOR,0,2025-09-28 12:00:00,open_meteo_indoor_controlled_daily_values,AT&T Stadium,32.7473,-97.0945,70.0,70.0,70.0,70.0,70.0,70.0,70.0,0.0,0.0,0.0,0.0,,,
2025_REG_04_IND_LAR_20250928,WTH_02811,70.0,0.0,0.0,INDOOR,0,2025-09-28 12:00:00,open_meteo_indoor_controlled_daily_values,SoFi Stadium,33.9535,-118.3392,70.0,70.0,70.0,70.0,70.0,70.0,70.0,0.0,0.0,0.0,0.0,,,
2025_REG_04_JAX_SF_20250928,WTH_02812,69.9,0.0,8.4,WMO_3,0,2025-09-28 12:00:00,open_meteo_daily_by_venue_coordinates,Levi's Stadium,37.403,-121.97,78.3,64.7,69.9,70.0,78.0,66.0,70.0,0.0,0.0,0.0,22.6,172.0,14.35,3.0
2025_REG_04_LAC_NYG_20250928,WTH_02813,71.6,0.043,3.8,WMO_53|PRECIP,0,2025-09-28 12:00:00,open_meteo_daily_by_venue_coordinates,MetLife Stadium,40.8135,-74.0745,82.2,63.8,71.6,75.7,85.7,67.5,75.7,0.043,0.0,0.0,12.5,230.0,18.11,53.0
2025_REG_04_MIN_PIT_20250928,WTH_02814,67.3,0.0,4.0,WMO_3,0,2025-09-28 12:00:00,open_meteo_daily_by_venue_coordinates,Acrisure Stadium,40.4468,-80.0158,80.2,58.8,67.3,70.8,85.0,60.8,70.8,0.0,0.0,0.0,10.7,183.0,17.42,3.0
2025_REG_04_NO_BUF_20250928,WTH_02815,67.7,0.0,9.7,WMO_3,0,2025-09-28 12:00:00,open_meteo_daily_by_venue_coordinates,Highmark Stadium,42.7738,-78.7868,73.7,64.4,67.7,67.2,74.4,62.9,67.2,0.0,0.0,0.0,17.9,234.0,17.51,3.0
2025_REG_04_NYJ_MIA_20250929,WTH_02816,79.1,0.161,11.4,WMO_61|PRECIP,0,2025-09-29 12:00:00,open_meteo_daily_by_venue_coordinates,Hard Rock Stadium,25.958,-80.2389,86.1,74.4,79.1,86.0,93.9,80.8,86.0,0.161,0.0,0.0,25.9,324.0,19.58,61.0
2025_REG_04_PHI_TB_20250928,WTH_02817,81.3,0.059,9.3,WMO_55|PRECIP,0,2025-09-28 12:00:00,open_meteo_daily_by_venue_coordinates,Raymond James Stadium,27.9759,-82.5033,90.1,74.9,81.3,89.2,98.0,82.8,89.2,0.059,0.0,0.0,25.9,20.0,19.84,55.0
2025_REG_04_SEA_ARI_20250925,WTH_02818,70.0,0.0,0.0,INDOOR,0,2025-09-25 12:00:00,open_meteo_indoor_controlled_daily_values,State Farm Stadium,33.5276,-112.2626,70.0,70.0,70.0,70.0,70.0,70.0,70.0,0.0,0.0,0.0,0.0,,,
2025_REG_04_TEN_HOU_20250928,WTH_02819,70.0,0.0,0.0,INDOOR,0,2025-09-28 12:00:00,open_meteo_indoor_controlled_daily_values,NRG Stadium,29.6847,-95.4107,70.0,70.0,70.0,70.0,70.0,70.0,70.0,0.0,0.0,0.0,0.0,,,
2025_REG_04_WSH_ATL_20250928,WTH_02820,70.0,0.0,0.0,INDOOR,0,2025-09-28 12:00:00,open_meteo_indoor_controlled_daily_values,Mercedes-Benz Stadium,33.7554,-84.4009,70.0,70.0,70.0,70.0,70.0,70.0,70.0,0.0,0.0,0.0,0.0,,,
2025_REG_05_DAL_NYJ_20251005,WTH_02821,70.8,0.0,6.4,WMO_3,0,2025-10-05 12:00:00,open_meteo_daily_by_venue_coordinates,MetLife Stadium,40.8135,-74.0745,85.3,59.0,70.8,71.8,84.8,60.3,71.8,0.0,0.0,0.0,15.7,205.0,17.07,3.0
2025_REG_05_DEN_PHI_20251005,WTH_02822,68.5,0.0,6.9,WMO_0,0,2025-10-05 12:00:00,open_meteo_daily_by_venue_coordinates,Lincoln Financial Field,39.9008,-75.1675,83.0,55.7,68.5,68.5,82.0,56.2,68.5,0.0,0.0,0.0,15.9,222.0,17.57,0.0
2025_REG_05_DET_CIN_20251005,WTH_02823,70.7,0.0,6.9,WMO_2,0,2025-10-05 12:00:00,open_meteo_daily_by_venue_coordinates,Paycor Stadium,39.0955,-84.516,82.0,59.5,70.7,71.0,81.5,59.6,71.0,0.0,0.0,0.0,20.1,166.0,16.7,2.0
2025_REG_05_HOU_BAL_20251005,WTH_02824,64.8,0.0,5.5,WMO_0,0,2025-10-05 12:00:00,open_meteo_daily_by_venue_coordinates,M&T Bank Stadium,39.278,-76.6227,77.4,53.2,64.8,65.6,79.2,52.8,65.6,0.0,0.0,0.0,15.2,194.0,18.02,0.0
2025_REG_05_KC_JAX_20251006,WTH_02825,77.4,0.378,11.5,WMO_63|PRECIP,0,2025-10-06 12:00:00,open_meteo_daily_by_venue_coordinates,TIAA Bank Stadium,30.3239,-81.6373,82.8,73.1,77.4,82.7,88.3,78.0,82.7,0.378,0.0,0.0,29.1,87.0,14.9,63.0
2025_REG_05_LV_IND_20251005,WTH_02826,70.0,0.0,0.0,INDOOR,0,2025-10-05 12:00:00,open_meteo_indoor_controlled_daily_values,Lucas Oil Stadium,39.7601,-86.1639,70.0,70.0,70.0,70.0,70.0,70.0,70.0,0.0,0.0,0.0,0.0,,,
2025_REG_05_MIA_CAR_20251005,WTH_02827,68.4,0.0,8.2,WMO_3,0,2025-10-05 12:00:00,open_meteo_daily_by_venue_coordinates,Bank of America Stadium,35.2258,-80.8528,79.2,58.8,68.4,68.4,78.6,57.9,68.4,0.0,0.0,0.0,19.9,74.0,15.45,3.0
2025_REG_05_MIN_CLE_20251005,WTH_02828,71.8,0.0,9.6,WMO_0,0,2025-10-05 12:00:00,open_meteo_daily_by_venue_coordinates,Huntington Bank Field,41.5061,-81.6995,78.2,64.0,71.8,72.4,81.5,62.6,72.4,0.0,0.0,0.0,13.6,155.0,16.89,0.0
2025_REG_05_NE_BUF_20251005,WTH_02829,70.4,0.0,9.3,WMO_0,0,2025-10-05 12:00:00,open_meteo_daily_by_venue_coordinates,Highmark Stadium,42.7738,-78.7868,82.1,62.0,70.4,67.9,80.0,57.9,67.9,0.0,0.0,0.0,16.8,195.0,16.77,0.0
2025_REG_05_NYG_NO_20251005,WTH_02830,70.0,0.0,0.0,INDOOR,0,2025-10-05 12:00:00,open_meteo_indoor_controlled_daily_values,Caesars Superdome,29.9511,-90.0812,70.0,70.0,70.0,70.0,70.0,70.0,70.0,0.0,0.0,0.0,0.0,,,
2025_REG_05_SF_LAR_20251002,WTH_02831,70.0,0.0,0.0,INDOOR,0,2025-10-02 12:00:00,open_meteo_indoor_controlled_daily_values,SoFi Stadium,33.9535,-118.3392,70.0,70.0,70.0,70.0,70.0,70.0,70.0,0.0,0.0,0.0,0.0,,,
2025_REG_05_TB_SEA_20251005,WTH_02832,55.8,0.0,10.3,WMO_3,0,2025-10-05 12:00:00,open_meteo_daily_by_venue_coordinates,Lumen Field,47.5952,-122.3316,60.7,52.2,55.8,52.6,58.0,48.0,52.6,0.0,0.0,0.0,22.8,4.0,13.61,3.0
2025_REG_05_TEN_ARI_20251005,WTH_02833,70.0,0.0,0.0,INDOOR,0,2025-10-05 12:00:00,open_meteo_indoor_controlled_daily_values,State Farm Stadium,33.5276,-112.2626,70.0,70.0,70.0,70.0,70.0,70.0,70.0,0.0,0.0,0.0,0.0,,,
2025_REG_05_WSH_LAC_20251005,WTH_02834,70.0,0.0,0.0,INDOOR,0,2025-10-05 12:00:00,open_meteo_indoor_controlled_daily_values,SoFi Stadium,33.9535,-118.3392,70.0,70.0,70.0,70.0,70.0,70.0,70.0,0.0,0.0,0.0,0.0,,,
2025_REG_06_ARI_IND_20251012,WTH_02835,70.0,0.0,0.0,INDOOR,0,2025-10-12 12:00:00,open_meteo_indoor_controlled_daily_values,Lucas Oil Stadium,39.7601,-86.1639,70.0,70.0,70.0,70.0,70.0,70.0,70.0,0.0,0.0,0.0,0.0,,,
2025_REG_06_BUF_ATL_20251013,WTH_02836,70.0,0.0,0.0,INDOOR,0,2025-10-13 12:00:00,open_meteo_indoor_controlled_daily_values,Mercedes-Benz Stadium,33.7554,-84.4009,70.0,70.0,70.0,70.0,70.0,70.0,70.0,0.0,0.0,0.0,0.0,,,
2025_REG_06_CHI_WSH_20251013,WTH_02837,59.2,0.094,13.9,WMO_51|PRECIP,0,2025-10-13 12:00:00,open_meteo_daily_by_venue_coordinates,Northwest Stadium,38.9078,-76.8644,61.0,57.7,59.2,54.9,57.4,53.3,54.9,0.094,0.0,0.0,28.2,2.0,3.27,51.0
2025_REG_06_CIN_GB_20251012,WTH_02838,55.2,0.0,11.1,WMO_3,0,2025-10-12 12:00:00,open_meteo_daily_by_venue_coordinates,Lambeau Field,44.5013,-88.0622,63.9,49.4,55.2,51.6,58.6,46.0,51.6,0.0,0.0,0.0,24.8,139.0,10.76,3.0
2025_REG_06_CLE_PIT_20251012,WTH_02839,58.1,0.039,8.5,WMO_53|PRECIP,0,2025-10-12 12:00:00,open_meteo_daily_by_venue_coordinates,Acrisure Stadium,40.4468,-80.0158,64.8,51.3,58.1,56.4,63.2,48.7,56.4,0.039,0.0,0.0,24.2,66.0,7.24,53.0
2025_REG_06_DAL_CAR_20251012,WTH_02840,63.6,0.067,16.4,WMO_51|PRECIP,1,2025-10-12 12:00:00,open_meteo_daily_by_venue_coordinates,Bank of America Stadium,35.2258,-80.8528,69.7,59.8,63.6,59.7,65.8,55.8,59.7,0.067,0.0,0.0,37.8,9.0,4.67,51.0
2025_REG_06_DEN_NYJ_20251012,WTH_02841,59.6,0.335,15.3,WMO_61|PRECIP,0,2025-10-12 12:00:00,open_meteo_daily_by_venue_coordinates,MetLife Stadium,40.8135,-74.0745,62.2,55.8,59.6,55.5,60.4,50.5,55.5,0.335,0.0,0.0,32.2,45.0,3.66,61.0
2025_REG_06_DET_KC_20251012,WTH_02842,68.5,0.0,13.1,WMO_3,0,2025-10-12 12:00:00,open_meteo_daily_by_venue_coordinates,Arrowhead Stadium,39.0489,-94.4839,85.6,58.6,68.5,66.8,82.6,56.2,66.8,0.0,0.0,0.0,27.7,154.0,15.99,3.0
2025_REG_06_LAC_MIA_20251012,WTH_02843,74.9,0.106,5.9,WMO_61|PRECIP,0,2025-10-12 12:00:00,open_meteo_daily_by_venue_coordinates,Hard Rock Stadium,25.958,-80.2389,84.0,69.2,74.9,82.1,93.9,73.9,82.1,0.106,0.0,0.0,15.0,348.0,17.56,61.0
2025_REG_06_LAR_BAL_20251012,WTH_02844,62.8,0.059,13.4,WMO_53|PRECIP,0,2025-10-12 12:00:00,open_meteo_daily_by_venue_coordinates,M&T Bank Stadium,39.278,-76.6227,65.9,60.9,62.8,60.4,63.4,57.3,60.4,0.059,0.0,0.0,31.5,38.0,6.46,53.0
2025_REG_06_NE_NO_20251012,WTH_02845,70.0,0.0,0.0,INDOOR,0,2025-10-12 12:00:00,open_meteo_indoor_controlled_daily_values,Caesars Superdome,29.9511,-90.0812,70.0,70.0,70.0,70.0,70.0,70.0,70.0,0.0,0.0,0.0,0.0,,,
2025_REG_06_PHI_NYG_20251009,WTH_02846,55.2,0.0,9.3,WMO_0,0,2025-10-09 12:00:00,open_meteo_daily_by_venue_coordinates,MetLife Stadium,40.8135,-74.0745,61.5,49.4,55.2,49.4,57.8,43.7,49.4,0.0,0.0,0.0,23.9,356.0,17.38,0.0
2025_REG_06_SEA_JAX_20251012,WTH_02847,68.0,0.008,11.2,WMO_51|PRECIP,0,2025-10-12 12:00:00,open_meteo_daily_by_venue_coordinates,TIAA Bank Stadium,30.3239,-81.6373,78.3,61.1,68.0,68.0,79.7,61.0,68.0,0.008,0.0,0.0,24.4,327.0,19.27,51.0
2025_REG_06_SF_TB_20251012,WTH_02848,72.4,0.0,10.5,WMO_2,0,2025-10-12 12:00:00,open_meteo_daily_by_venue_coordinates,Raymond James Stadium,27.9759,-82.5033,82.8,64.7,72.4,73.6,85.9,65.0,73.6,0.0,0.0,0.0,21.9,5.0,20.72,2.0
2025_REG_06_TEN_LV_20251012,WTH_02849,70.0,0.0,0.0,INDOOR,0,2025-10-12 12:00:00,open_meteo_indoor_controlled_daily_values,Allegiant Stadium,36.0908,-115.183,70.0,70.0,70.0,70.0,70.0,70.0,70.0,0.0,0.0,0.0,0.0,,,
2025_REG_07_ATL_SF_20251019,WTH_02850,64.9,0.0,6.2,WMO_3,0,2025-10-19 12:00:00,open_meteo_daily_by_venue_coordinates,Levi's Stadium,37.403,-121.97,77.3,55.0,64.9,66.0,77.8,55.6,66.0,0.0,0.0,0.0,17.7,314.0,15.9,3.0
2025_REG_07_CAR_NYJ_20251019,WTH_02851,59.1,0.0,12.6,WMO_3,0,2025-10-19 12:00:00,open_meteo_daily_by_venue_coordinates,MetLife Stadium,40.8135,-74.0745,69.4,49.8,59.1,57.4,68.2,47.4,57.4,0.0,0.0,0.0,30.0,166.0,14.1,3.0
2025_REG_07_GB_ARI_20251019,WTH_02852,70.0,0.0,0.0,INDOOR,0,2025-10-19 12:00:00,open_meteo_indoor_controlled_daily_values,State Farm Stadium,33.5276,-112.2626,70.0,70.0,70.0,70.0,70.0,70.0,70.0,0.0,0.0,0.0,0.0,,,
2025_REG_07_HOU_SEA_20251020,WTH_02853,51.9,0.024,11.1,WMO_53|PRECIP,0,2025-10-20 12:00:00,open_meteo_daily_by_venue_coordinates,Lumen Field,47.5952,-122.3316,58.4,48.1,51.9,48.2,54.7,44.8,48.2,0.024,0.0,0.0,28.9,180.0,7.01,53.0
2025_REG_07_IND_LAC_20251019,WTH_02854,70.0,0.0,0.0,INDOOR,0,2025-10-19 12:00:00,open_meteo_indoor_controlled_daily_values,SoFi Stadium,33.9535,-118.3392,70.0,70.0,70.0,70.0,70.0,70.0,70.0,0.0,0.0,0.0,0.0,,,
2025_REG_07_LAR_JAX_20251019,WTH_02855,71.7,0.346,17.5,WMO_63|PRECIP,0,2025-10-19 12:00:00,open_meteo_daily_by_venue_coordinates,TIAA Bank Stadium,30.3239,-81.6373,83.0,66.0,71.7,73.9,88.6,68.1,73.9,0.346,0.0,0.0,32.7,181.0,14.58,63.0
2025_REG_07_LV_KC_20251019,WTH_02856,55.9,0.024,15.5,WMO_53|PRECIP,0,2025-10-19 12:00:00,open_meteo_daily_by_venue_coordinates,Arrowhead Stadium,39.0489,-94.4839,66.0,46.0,55.9,49.7,64.0,39.3,49.7,0.024,0.0,0.0,30.9,303.0,16.14,53.0
2025_REG_07_MIA_CLE_20251019,WTH_02857,66.0,0.449,20.3,WMO_63|PRECIP|WINDY,1,2025-10-19 12:00:00,open_meteo_daily_by_venue_coordinates,Huntington Bank Field,41.5061,-81.6995,71.0,57.8,66.0,62.2,69.4,52.3,62.2,0.449,0.0,0.0,30.9,190.0,2.53,63.0
2025_REG_07_NE_TEN_20251019,WTH_02858,66.8,1.106,18.7,WMO_65|PRECIP,1,2025-10-19 12:00:00,open_meteo_daily_by_venue_coordinates,Nissan Stadium,36.1665,-86.7713,77.6,58.5,66.8,63.3,78.0,51.5,63.3,1.106,0.0,0.0,39.8,241.0,13.32,65.0
2025_REG_07_NO_CHI_20251019,WTH_02859,56.5,1.039,18.4,WMO_63|PRECIP,1,2025-10-19 12:00:00,open_meteo_daily_by_venue_coordinates,Soldier Field,41.8623,-87.6167,63.5,49.2,56.5,52.4,64.8,41.0,52.4,1.039,0.0,0.0,36.5,289.0,5.18,63.0
2025_REG_07_NYG_DEN_20251019,WTH_02860,48.7,0.0,5.1,WMO_3,0,2025-10-19 12:00:00,open_meteo_daily_by_venue_coordinates,Empower Field at Mile High,39.7439,-105.0201,76.5,32.6,48.7,43.1,69.9,27.3,43.1,0.0,0.0,0.0,13.2,118.0,15.07,3.0
2025_REG_07_PHI_MIN_20251019,WTH_02861,70.0,0.0,0.0,INDOOR,0,2025-10-19 12:00:00,open_meteo_indoor_controlled_daily_values,U.S. Bank Stadium,44.9738,-93.2575,70.0,70.0,70.0,70.0,70.0,70.0,70.0,0.0,0.0,0.0,0.0,,,
2025_REG_07_PIT_CIN_20251016,WTH_02862,58.6,0.0,5.8,WMO_3,0,2025-10-16 12:00:00,open_meteo_daily_by_venue_coordinates,Paycor Stadium,39.0955,-84.516,65.6,51.8,58.6,56.2,63.3,49.1,56.2,0.0,0.0,0.0,16.3,52.0,16.13,3.0
2025_REG_07_TB_DET_20251020,WTH_02863,70.0,0.0,0.0,INDOOR,0,2025-10-20 12:00:00,open_meteo_indoor_controlled_daily_values,Ford Field,42.34,-83.0456,70.0,70.0,70.0,70.0,70.0,70.0,70.0,0.0,0.0,0.0,0.0,,,
2025_REG_07_WSH_DAL_20251019,WTH_02864,70.0,0.0,0.0,INDOOR,0,2025-10-19 12:00:00,open_meteo_indoor_controlled_daily_values,AT&T Stadium,32.7473,-97.0945,70.0,70.0,70.0,70.0,70.0,70.0,70.0,0.0,0.0,0.0,0.0,,,
2025_REG_08_BUF_CAR_20251026,WTH_02865,53.2,0.0,8.0,WMO_3,0,2025-10-26 12:00:00,open_meteo_daily_by_venue_coordinates,Bank of America Stadium,35.2258,-80.8528,62.6,46.6,53.2,48.0,56.6,41.5,48.0,0.0,0.0,0.0,20.4,66.0,10.19,3.0
2025_REG_08_CHI_BAL_20251026,WTH_02866,51.5,0.0,4.4,WMO_3,0,2025-10-26 12:00:00,open_meteo_daily_by_venue_coordinates,M&T Bank Stadium,39.278,-76.6227,61.4,40.9,51.5,47.7,56.7,36.3,47.7,0.0,0.0,0.0,11.0,337.0,12.23,3.0
2025_REG_08_CLE_NE_20251026,WTH_02867,47.5,0.0,9.2,WMO_3,0,2025-10-26 12:00:00,open_meteo_daily_by_venue_coordinates,Gillette Stadium,42.0909,-71.2643,54.4,40.7,47.5,41.9,47.6,34.6,41.9,0.0,0.0,0.0,22.1,326.0,11.71,3.0
2025_REG_08_DAL_DEN_20251026,WTH_02868,55.0,0.0,8.4,WMO_3,0,2025-10-26 12:00:00,open_meteo_daily_by_venue_coordinates,Empower Field at Mile High,39.7439,-105.0201,72.5,41.6,55.0,49.1,65.6,36.1,49.1,0.0,0.0,0.0,19.5,146.0,11.13,3.0
2025_REG_08_GB_PIT_20251026,WTH_02869,45.6,0.0,6.4,WMO_3,0,2025-10-26 12:00:00,open_meteo_daily_by_venue_coordinates,Acrisure Stadium,40.4468,-80.0158,56.2,36.9,45.6,41.1,50.5,31.4,41.1,0.0,0.0,0.0,16.8,54.0,14.14,3.0
2025_REG_08_MIA_ATL_20251026,WTH_02870,70.0,0.0,0.0,INDOOR,0,2025-10-26 12:00:00,open_meteo_indoor_controlled_daily_values,Mercedes-Benz Stadium,33.7554,-84.4009,70.0,70.0,70.0,70.0,70.0,70.0,70.0,0.0,0.0,0.0,0.0,,,
2025_REG_08_MIN_LAC_20251023,WTH_02871,70.0,0.0,0.0,INDOOR,0,2025-10-23 12:00:00,open_meteo_indoor_controlled_daily_values,SoFi Stadium,33.9535,-118.3392,70.0,70.0,70.0,70.0,70.0,70.0,70.0,0.0,0.0,0.0,0.0,,,
2025_REG_08_NYG_PHI_20251026,WTH_02872,54.2,0.0,5.4,WMO_3,0,2025-10-26 12:00:00,open_meteo_daily_by_venue_coordinates,Lincoln Financial Field,39.9008,-75.1675,61.9,43.7,54.2,49.4,57.3,39.9,49.4,0.0,0.0,0.0,14.1,347.0,11.6,3.0
2025_REG_08_NYJ_CIN_20251026,WTH_02873,50.4,0.0,8.4,WMO_3,0,2025-10-26 12:00:00,open_meteo_daily_by_venue_coordinates,Paycor Stadium,39.0955,-84.516,59.5,44.7,50.4,45.4,53.5,39.6,45.4,0.0,0.0,0.0,21.5,79.0,12.64,3.0
2025_REG_08_SF_HOU_20251026,WTH_02874,70.0,0.0,0.0,INDOOR,0,2025-10-26 12:00:00,open_meteo_indoor_controlled_daily_values,NRG Stadium,29.6847,-95.4107,70.0,70.0,70.0,70.0,70.0,70.0,70.0,0.0,0.0,0.0,0.0,,,
2025_REG_08_TB_NO_20251026,WTH_02875,70.0,0.0,0.0,INDOOR,0,2025-10-26 12:00:00,open_meteo_indoor_controlled_daily_values,Caesars Superdome,29.9511,-90.0812,70.0,70.0,70.0,70.0,70.0,70.0,70.0,0.0,0.0,0.0,0.0,,,
2025_REG_08_TEN_IND_20251026,WTH_02876,70.0,0.0,0.0,INDOOR,0,2025-10-26 12:00:00,open_meteo_indoor_controlled_daily_values,Lucas Oil Stadium,39.7601,-86.1639,70.0,70.0,70.0,70.0,70.0,70.0,70.0,0.0,0.0,0.0,0.0,,,
2025_REG_08_WSH_KC_20251027,WTH_02877,53.1,0.047,9.2,WMO_51|PRECIP,0,2025-10-27 12:00:00,open_meteo_daily_by_venue_coordinates,Arrowhead Stadium,39.0489,-94.4839,57.0,50.9,53.1,50.4,54.7,47.6,50.4,0.047,0.0,0.0,18.3,94.0,4.16,51.0
2025_REG_09_ARI_DAL_20251103,WTH_02878,70.0,0.0,0.0,INDOOR,0,2025-11-03 12:00:00,open_meteo_indoor_controlled_daily_values,AT&T Stadium,32.7473,-97.0945,70.0,70.0,70.0,70.0,70.0,70.0,70.0,0.0,0.0,0.0,0.0,,,
2025_REG_09_ATL_NE_20251102,WTH_02879,42.8,0.0,9.6,WMO_3,0,2025-11-02 12:00:00,open_meteo_daily_by_venue_coordinates,Gillette Stadium,42.0909,-71.2643,52.2,35.2,42.8,35.8,45.2,27.8,35.8,0.0,0.0,0.0,23.3,287.0,12.24,3.0
2025_REG_09_BAL_MIA_20251030,WTH_02880,72.8,0.004,11.4,WMO_51|PRECIP,0,2025-10-30 12:00:00,open_meteo_daily_by_venue_coordinates,Hard Rock Stadium,25.958,-80.2389,78.2,68.3,72.8,75.6,86.2,70.0,75.6,0.004,0.0,0.0,27.5,309.0,17.96,51.0
2025_REG_09_CAR_GB_20251102,WTH_02881,38.5,0.0,15.6,WMO_3,0,2025-11-02 12:00:00,open_meteo_daily_by_venue_coordinates,Lambeau Field,44.5013,-88.0622,48.0,29.3,38.5,32.0,39.7,23.8,32.0,0.0,0.0,0.0,32.0,213.0,6.89,3.0
2025_REG_09_CHI_CIN_20251102,WTH_02882,46.2,0.059,4.5,WMO_51|PRECIP,0,2025-11-02 12:00:00,open_meteo_daily_by_venue_coordinates,Paycor Stadium,39.0955,-84.516,50.3,42.4,46.2,43.0,48.0,39.4,43.0,0.059,0.0,0.0,9.4,342.0,4.41,51.0
2025_REG_09_DEN_HOU_20251102,WTH_02883,70.0,0.0,0.0,INDOOR,0,2025-11-02 12:00:00,open_meteo_indoor_controlled_daily_values,NRG Stadium,29.6847,-95.4107,70.0,70.0,70.0,70.0,70.0,70.0,70.0,0.0,0.0,0.0,0.0,,,
2025_REG_09_IND_PIT_20251102,WTH_02884,46.4,0.0,4.4,WMO_3,0,2025-11-02 12:00:00,open_meteo_daily_by_venue_coordinates,Acrisure Stadium,40.4468,-80.0158,56.8,38.8,46.4,42.9,53.6,34.1,42.9,0.0,0.0,0.0,11.4,173.0,7.57,3.0
2025_REG_09_JAX_LV_20251102,WTH_02885,70.0,0.0,0.0,INDOOR,0,2025-11-02 12:00:00,open_meteo_indoor_controlled_daily_values,Allegiant Stadium,36.0908,-115.183,70.0,70.0,70.0,70.0,70.0,70.0,70.0,0.0,0.0,0.0,0.0,,,
2025_REG_09_KC_BUF_20251102,WTH_02886,44.2,0.016,5.5,WMO_51|PRECIP,0,2025-11-02 12:00:00,open_meteo_daily_by_venue_coordinates,Highmark Stadium,42.7738,-78.7868,54.9,34.7,44.2,40.5,52.1,30.1,40.5,0.016,0.0,0.0,10.1,131.0,11.66,51.0
2025_REG_09_LAC_TEN_20251102,WTH_02887,46.5,0.398,12.1,WMO_61|PRECIP,0,2025-11-02 12:00:00,open_meteo_daily_by_venue_coordinates,Nissan Stadium,36.1665,-86.7713,50.8,43.7,46.5,42.3,46.8,39.6,42.3,0.398,0.0,0.0,24.4,1.0,6.75,61.0
2025_REG_09_MIN_DET_20251102,WTH_02888,70.0,0.0,0.0,INDOOR,0,2025-11-02 12:00:00,open_meteo_indoor_controlled_daily_values,Ford Field,42.34,-83.0456,70.0,70.0,70.0,70.0,70.0,70.0,70.0,0.0,0.0,0.0,0.0,,,
2025_REG_09_NO_LAR_20251102,WTH_02889,70.0,0.0,0.0,INDOOR,0,2025-11-02 12:00:00,open_meteo_indoor_controlled_daily_values,SoFi Stadium,33.9535,-118.3392,70.0,70.0,70.0,70.0,70.0,70.0,70.0,0.0,0.0,0.0,0.0,,,
2025_REG_09_SEA_WSH_20251102,WTH_02890,51.1,0.0,5.0,WMO_3,0,2025-11-02 12:00:00,open_meteo_daily_by_venue_coordinates,Northwest Stadium,38.9078,-76.8644,63.6,40.7,51.1,47.4,58.7,36.5,47.4,0.0,0.0,0.0,13.0,60.0,12.83,3.0
2025_REG_09_SF_NYG_20251102,WTH_02891,47.7,0.0,5.7,WMO_3,0,2025-11-02 12:00:00,open_meteo_daily_by_venue_coordinates,MetLife Stadium,40.8135,-74.0745,58.5,39.6,47.7,43.5,53.8,35.2,43.5,0.0,0.0,0.0,13.9,276.0,12.53,3.0
2025_REG_10_ARI_SEA_20251109,WTH_02892,50.9,0.0,6.2,WMO_3,0,2025-11-09 12:00:00,open_meteo_daily_by_venue_coordinates,Lumen Field,47.5952,-122.3316,58.9,45.4,50.9,47.8,56.5,42.1,47.8,0.0,0.0,0.0,12.3,141.0,6.9,3.0
2025_REG_10_ATL_IND_20251109,WTH_02893,70.0,0.0,0.0,INDOOR,0,2025-11-09 12:00:00,open_meteo_indoor_controlled_daily_values,Lucas Oil Stadium,39.7601,-86.1639,70.0,70.0,70.0,70.0,70.0,70.0,70.0,0.0,0.0,0.0,0.0,,,
2025_REG_10_BAL_MIN_20251109,WTH_02894,70.0,0.0,0.0,INDOOR,0,2025-11-09 12:00:00,open_meteo_indoor_controlled_daily_values,U.S. Bank Stadium,44.9738,-93.2575,70.0,70.0,70.0,70.0,70.0,70.0,70.0,0.0,0.0,0.0,0.0,,,
2025_REG_10_BUF_MIA_20251109,WTH_02895,77.7,0.063,4.3,WMO_55|PRECIP,0,2025-11-09 12:00:00,open_meteo_daily_by_venue_coordinates,Hard Rock Stadium,25.958,-80.2389,85.6,71.3,77.7,85.7,94.5,79.2,85.7,0.063,0.0,0.0,14.1,208.0,16.33,55.0
2025_REG_10_CLE_NYJ_20251109,WTH_02896,53.9,0.008,9.7,WMO_51|PRECIP,0,2025-11-09 12:00:00,open_meteo_daily_by_venue_coordinates,MetLife Stadium,40.8135,-74.0745,61.2,47.0,53.9,52.1,59.3,44.7,52.1,0.008,0.0,0.0,22.6,115.0,5.35,51.0
2025_REG_10_DET_WSH_20251109,WTH_02897,58.4,0.122,8.8,WMO_61|PRECIP,0,2025-11-09 12:00:00,open_meteo_daily_by_venue_coordinates,Northwest Stadium,38.9078,-76.8644,68.3,49.9,58.4,56.5,67.7,47.9,56.5,0.122,0.0,0.0,19.7,177.0,8.5,61.0
2025_REG_10_JAX_HOU_20251109,WTH_02898,70.0,0.0,0.0,INDOOR,0,2025-11-09 12:00:00,open_meteo_indoor_controlled_daily_values,NRG Stadium,29.6847,-95.4107,70.0,70.0,70.0,70.0,70.0,70.0,70.0,0.0,0.0,0.0,0.0,,,
2025_REG_10_LAR_SF_20251109,WTH_02899,63.1,0.0,3.9,WMO_3,0,2025-11-09 12:00:00,open_meteo_daily_by_venue_coordinates,Levi's Stadium,37.403,-121.97,79.2,51.1,63.1,63.1,80.9,49.4,63.1,0.0,0.0,0.0,11.6,301.0,13.02,3.0
2025_REG_10_LV_DEN_20251106,WTH_02900,51.5,0.0,14.0,WMO_3,0,2025-11-06 12:00:00,open_meteo_daily_by_venue_coordinates,Empower Field at Mile High,39.7439,-105.0201,68.0,38.4,51.5,44.3,59.5,31.2,44.3,0.0,0.0,0.0,33.8,256.0,11.8,3.0
2025_REG_10_NE_TB_20251109,WTH_02901,74.5,0.024,7.9,WMO_51|PRECIP,0,2025-11-09 12:00:00,open_meteo_daily_by_venue_coordinates,Raymond James Stadium,27.9759,-82.5033,83.5,70.2,74.5,79.6,88.7,74.8,79.6,0.024,0.0,0.0,22.8,222.0,14.26,51.0
2025_REG_10_NO_CAR_20251109,WTH_02902,65.1,0.146,12.9,WMO_63|PRECIP,0,2025-11-09 12:00:00,open_meteo_daily_by_venue_coordinates,Bank of America Stadium,35.2258,-80.8528,74.2,59.3,65.1,64.5,71.1,60.1,64.5,0.146,0.0,0.0,28.2,227.0,12.34,63.0
2025_REG_10_NYG_CHI_20251109,WTH_02903,36.6,0.685,18.6,WMO_73|SNOW,1,2025-11-09 12:00:00,open_meteo_daily_by_venue_coordinates,Soldier Field,41.8623,-87.6167,43.8,30.4,36.6,27.2,37.7,18.7,27.2,0.555,0.909,0.066,37.4,353.0,4.04,73.0
2025_REG_10_PHI_GB_20251110,WTH_02904,27.8,0.0,12.9,WMO_3,0,2025-11-10 12:00:00,open_meteo_daily_by_venue_coordinates,Lambeau Field,44.5013,-88.0622,35.3,21.9,27.8,17.7,24.4,12.2,17.7,0.0,0.0,0.0,28.2,330.0,6.53,3.0
2025_REG_10_PIT_LAC_20251109,WTH_02905,70.0,0.0,0.0,INDOOR,0,2025-11-09 12:00:00,open_meteo_indoor_controlled_daily_values,SoFi Stadium,33.9535,-118.3392,70.0,70.0,70.0,70.0,70.0,70.0,70.0,0.0,0.0,0.0,0.0,,,
2025_REG_11_BAL_CLE_20251116,WTH_02906,46.9,0.071,22.9,WMO_51|PRECIP|WINDY,1,2025-11-16 12:00:00,open_meteo_daily_by_venue_coordinates,Huntington Bank Field,41.5061,-81.6995,56.8,41.9,46.9,35.8,49.2,28.6,35.8,0.071,0.0,0.0,33.1,302.0,7.79,51.0
2025_REG_11_CAR_ATL_20251116,WTH_02907,70.0,0.0,0.0,INDOOR,0,2025-11-16 12:00:00,open_meteo_indoor_controlled_daily_values,Mercedes-Benz Stadium,33.7554,-84.4009,70.0,70.0,70.0,70.0,70.0,70.0,70.0,0.0,0.0,0.0,0.0,,,
2025_REG_11_CHI_MIN_20251116,WTH_02908,70.0,0.0,0.0,INDOOR,0,2025-11-16 12:00:00,open_meteo_indoor_controlled_daily_values,U.S. Bank Stadium,44.9738,-93.2575,70.0,70.0,70.0,70.0,70.0,70.0,70.0,0.0,0.0,0.0,0.0,,,
2025_REG_11_CIN_PIT_20251116,WTH_02909,48.8,0.102,15.7,WMO_55|PRECIP,1,2025-11-16 12:00:00,open_meteo_daily_by_venue_coordinates,Acrisure Stadium,40.4468,-80.0158,61.8,40.4,48.8,40.9,57.3,30.7,40.9,0.102,0.0,0.0,41.2,291.0,6.66,55.0
2025_REG_11_DAL_LV_20251117,WTH_02910,70.0,0.0,0.0,INDOOR,0,2025-11-17 12:00:00,open_meteo_indoor_controlled_daily_values,Allegiant Stadium,36.0908,-115.183,70.0,70.0,70.0,70.0,70.0,70.0,70.0,0.0,0.0,0.0,0.0,,,
2025_REG_11_DET_PHI_20251116,WTH_02911,55.2,0.48,18.0,WMO_65|PRECIP,1,2025-11-16 12:00:00,open_meteo_daily_by_venue_coordinates,Lincoln Financial Field,39.9008,-75.1675,59.8,46.8,55.2,47.5,54.7,36.3,47.5,0.48,0.0,0.0,40.3,275.0,10.48,65.0
2025_REG_11_GB_NYG_20251116,WTH_02912,49.8,0.177,16.0,WMO_63|PRECIP,1,2025-11-16 12:00:00,open_meteo_daily_by_venue_coordinates,MetLife Stadium,40.8135,-74.0745,54.9,43.1,49.8,42.5,47.7,33.1,42.5,0.177,0.0,0.0,39.6,272.0,10.76,63.0
2025_REG_11_HOU_TEN_20251116,WTH_02913,63.7,0.031,11.1,WMO_53|PRECIP,0,2025-11-16 12:00:00,open_meteo_daily_by_venue_coordinates,Nissan Stadium,36.1665,-86.7713,69.2,56.6,63.7,59.7,66.9,50.9,59.7,0.031,0.0,0.0,23.5,301.0,13.08,53.0
2025_REG_11_KC_DEN_20251116,WTH_02914,52.5,0.0,3.6,WMO_3,0,2025-11-16 12:00:00,open_meteo_daily_by_venue_coordinates,Empower Field at Mile High,39.7439,-105.0201,70.8,37.3,52.5,47.1,64.6,31.7,47.1,0.0,0.0,0.0,12.3,139.0,11.29,3.0
2025_REG_11_LAC_JAX_20251116,WTH_02915,65.5,0.0,11.9,WMO_0,0,2025-11-16 12:00:00,open_meteo_daily_by_venue_coordinates,TIAA Bank Stadium,30.3239,-81.6373,79.1,55.8,65.5,63.4,76.6,52.8,63.4,0.0,0.0,0.0,27.7,245.0,15.24,0.0
2025_REG_11_NYJ_NE_20251113,WTH_02916,41.9,0.016,11.0,WMO_51|PRECIP,0,2025-11-13 12:00:00,open_meteo_daily_by_venue_coordinates,Gillette Stadium,42.0909,-71.2643,49.0,37.4,41.9,34.4,41.2,29.7,34.4,0.016,0.0,0.0,25.1,276.0,6.39,51.0
2025_REG_11_SEA_LAR_20251116,WTH_02917,70.0,0.0,0.0,INDOOR,0,2025-11-16 12:00:00,open_meteo_indoor_controlled_daily_values,SoFi Stadium,33.9535,-118.3392,70.0,70.0,70.0,70.0,70.0,70.0,70.0,0.0,0.0,0.0,0.0,,,
2025_REG_11_SF_ARI_20251116,WTH_02918,70.0,0.0,0.0,INDOOR,0,2025-11-16 12:00:00,open_meteo_indoor_controlled_daily_values,State Farm Stadium,33.5276,-112.2626,70.0,70.0,70.0,70.0,70.0,70.0,70.0,0.0,0.0,0.0,0.0,,,
2025_REG_11_TB_BUF_20251116,WTH_02919,43.1,0.346,21.0,WMO_71|SNOW|WINDY,1,2025-11-16 12:00:00,open_meteo_daily_by_venue_coordinates,Highmark Stadium,42.7738,-78.7868,53.3,35.9,43.1,32.6,46.0,23.0,32.6,0.339,0.055,0.0,42.5,284.0,7.94,71.0
2025_REG_11_WSH_MIA_20251116,WTH_02920,69.4,0.0,5.0,WMO_2,0,2025-11-16 12:00:00,open_meteo_daily_by_venue_coordinates,Hard Rock Stadium,25.958,-80.2389,80.0,59.5,69.4,71.7,82.0,60.6,71.7,0.0,0.0,0.0,15.2,274.0,16.37,2.0
2025_REG_12_ATL_NO_20251123,WTH_02921,70.0,0.0,0.0,INDOOR,0,2025-11-23 12:00:00,open_meteo_indoor_controlled_daily_values,Caesars Superdome,29.9511,-90.0812,70.0,70.0,70.0,70.0,70.0,70.0,70.0,0.0,0.0,0.0,0.0,,,
2025_REG_12_BUF_HOU_20251120,WTH_02922,70.0,0.0,0.0,INDOOR,0,2025-11-20 12:00:00,open_meteo_indoor_controlled_daily_values,NRG Stadium,29.6847,-95.4107,70.0,70.0,70.0,70.0,70.0,70.0,70.0,0.0,0.0,0.0,0.0,,,
2025_REG_12_CAR_SF_20251124,WTH_02923,51.3,0.0,5.1,WMO_3,0,2025-11-24 12:00:00,open_meteo_daily_by_venue_coordinates,Levi's Stadium,37.403,-121.97,60.5,44.8,51.3,50.0,58.8,43.2,50.0,0.0,0.0,0.0,13.4,310.0,10.37,3.0
2025_REG_12_CLE_LV_20251123,WTH_02924,70.0,0.0,0.0,INDOOR,0,2025-11-23 12:00:00,open_meteo_indoor_controlled_daily_values,Allegiant Stadium,36.0908,-115.183,70.0,70.0,70.0,70.0,70.0,70.0,70.0,0.0,0.0,0.0,0.0,,,
2025_REG_12_IND_KC_20251123,WTH_02925,49.0,0.0,8.2,WMO_0,0,2025-11-23 12:00:00,open_meteo_daily_by_venue_coordinates,Arrowhead Stadium,39.0489,-94.4839,58.2,41.2,49.0,45.4,55.5,37.6,45.4,0.0,0.0,0.0,15.9,212.0,10.48,0.0
2025_REG_12_JAX_ARI_20251123,WTH_02926,70.0,0.0,0.0,INDOOR,0,2025-11-23 12:00:00,open_meteo_indoor_controlled_daily_values,State Farm Stadium,33.5276,-112.2626,70.0,70.0,70.0,70.0,70.0,70.0,70.0,0.0,0.0,0.0,0.0,,,
2025_REG_12_MIN_GB_20251123,WTH_02927,39.4,0.0,11.0,WMO_3,0,2025-11-23 12:00:00,open_meteo_daily_by_venue_coordinates,Lambeau Field,44.5013,-88.0622,45.7,34.6,39.4,31.5,38.5,27.0,31.5,0.0,0.0,0.0,22.1,261.0,6.14,3.0
2025_REG_12_NE_CIN_20251123,WTH_02928,45.8,0.0,7.2,WMO_3,0,2025-11-23 12:00:00,open_meteo_daily_by_venue_coordinates,Paycor Stadium,39.0955,-84.516,55.6,40.0,45.8,41.3,52.0,34.3,41.3,0.0,0.0,0.0,14.5,266.0,10.81,3.0
2025_REG_12_NYG_DET_20251123,WTH_02929,70.0,0.0,0.0,INDOOR,0,2025-11-23 12:00:00,open_meteo_indoor_controlled_daily_values,Ford Field,42.34,-83.0456,70.0,70.0,70.0,70.0,70.0,70.0,70.0,0.0,0.0,0.0,0.0,,,
2025_REG_12_NYJ_BAL_20251123,WTH_02930,44.8,0.0,7.7,WMO_3,0,2025-11-23 12:00:00,open_meteo_daily_by_venue_coordinates,M&T Bank Stadium,39.278,-76.6227,58.1,37.1,44.8,40.7,53.0,33.0,40.7,0.0,0.0,0.0,20.6,274.0,8.65,3.0
2025_REG_12_PHI_DAL_20251123,WTH_02931,70.0,0.0,0.0,INDOOR,0,2025-11-23 12:00:00,open_meteo_indoor_controlled_daily_values,AT&T Stadium,32.7473,-97.0945,70.0,70.0,70.0,70.0,70.0,70.0,70.0,0.0,0.0,0.0,0.0,,,
2025_REG_12_PIT_CHI_20251123,WTH_02932,45.3,0.0,12.2,WMO_3,0,2025-11-23 12:00:00,open_meteo_daily_by_venue_coordinates,Soldier Field,41.8623,-87.6167,52.5,39.2,45.3,39.2,47.6,32.7,39.2,0.0,0.0,0.0,25.5,261.0,9.64,3.0
2025_REG_12_SEA_TEN_20251123,WTH_02933,54.6,0.0,7.4,WMO_3,0,2025-11-23 12:00:00,open_meteo_daily_by_venue_coordinates,Nissan Stadium,36.1665,-86.7713,62.0,47.3,54.6,53.0,61.0,45.1,53.0,0.0,0.0,0.0,14.5,355.0,11.39,3.0
2025_REG_12_TB_LAR_20251123,WTH_02934,70.0,0.0,0.0,INDOOR,0,2025-11-23 12:00:00,open_meteo_indoor_controlled_daily_values,SoFi Stadium,33.9535,-118.3392,70.0,70.0,70.0,70.0,70.0,70.0,70.0,0.0,0.0,0.0,0.0,,,
2025_REG_13_ARI_TB_20251130,WTH_02935,70.2,0.0,10.9,WMO_3,0,2025-11-30 12:00:00,open_meteo_daily_by_venue_coordinates,Raymond James Stadium,27.9759,-82.5033,83.2,61.8,70.2,69.0,83.1,60.2,69.0,0.0,0.0,0.0,22.6,75.0,13.8,3.0
2025_REG_13_ATL_NYJ_20251130,WTH_02936,35.8,0.11,8.4,WMO_53|PRECIP,0,2025-11-30 12:00:00,open_meteo_daily_by_venue_coordinates,MetLife Stadium,40.8135,-74.0745,40.7,32.1,35.8,29.7,34.9,26.3,29.7,0.11,0.0,0.0,17.0,193.0,1.52,53.0
2025_REG_13_BUF_PIT_20251130,WTH_02937,37.2,0.051,17.1,WMO_71|SNOW,1,2025-11-30 12:00:00,open_meteo_daily_by_venue_coordinates,Acrisure Stadium,40.4468,-80.0158,42.7,30.4,37.2,27.7,33.0,20.5,27.7,0.039,0.083,0.033,38.5,204.0,3.44,71.0
2025_REG_13_CHI_PHI_20251128,WTH_02938,36.3,0.0,16.6,WMO_3,1,2025-11-28 12:00:00,open_meteo_daily_by_venue_coordinates,Lincoln Financial Field,39.9008,-75.1675,41.7,31.8,36.3,26.1,29.4,22.3,26.1,0.0,0.0,0.0,38.0,271.0,9.77,3.0
2025_REG_13_CIN_BAL_20251127,WTH_02939,43.4,0.0,13.9,WMO_3,0,2025-11-27 12:00:00,open_meteo_daily_by_venue_coordinates,M&T Bank Stadium,39.278,-76.6227,56.5,37.4,43.4,35.2,51.0,28.8,35.2,0.0,0.0,0.0,30.6,286.0,7.53,3.0
2025_REG_13_DEN_WSH_20251130,WTH_02940,36.1,0.13,12.4,WMO_73|SNOW,1,2025-11-30 12:00:00,open_meteo_daily_by_venue_coordinates,Northwest Stadium,38.9078,-76.8644,41.3,33.6,36.1,28.5,33.9,25.4,28.5,0.11,0.138,0.0,23.5,189.0,1.59,73.0
2025_REG_13_GB_DET_20251127,WTH_02941,70.0,0.0,0.0,INDOOR,0,2025-11-27 12:00:00,open_meteo_indoor_controlled_daily_values,Ford Field,42.34,-83.0456,70.0,70.0,70.0,70.0,70.0,70.0,70.0,0.0,0.0,0.0,0.0,,,
2025_REG_13_HOU_IND_20251130,WTH_02942,70.0,0.0,0.0,INDOOR,0,2025-11-30 12:00:00,open_meteo_indoor_controlled_daily_values,Lucas Oil Stadium,39.7601,-86.1639,70.0,70.0,70.0,70.0,70.0,70.0,70.0,0.0,0.0,0.0,0.0,,,
2025_REG_13_JAX_TEN_20251130,WTH_02943,43.3,0.201,14.3,WMO_73|SNOW,1,2025-11-30 12:00:00,open_meteo_daily_by_venue_coordinates,Nissan Stadium,36.1665,-86.7713,46.4,37.8,43.3,35.4,39.6,30.0,35.4,0.185,0.11,0.0,29.1,235.0,9.3,73.0
2025_REG_13_KC_DAL_20251127,WTH_02944,70.0,0.0,0.0,INDOOR,0,2025-11-27 12:00:00,open_meteo_indoor_controlled_daily_values,AT&T Stadium,32.7473,-97.0945,70.0,70.0,70.0,70.0,70.0,70.0,70.0,0.0,0.0,0.0,0.0,,,
2025_REG_13_LAR_CAR_20251130,WTH_02945,40.2,0.094,6.4,WMO_55|PRECIP,0,2025-11-30 12:00:00,open_meteo_daily_by_venue_coordinates,Bank of America Stadium,35.2258,-80.8528,45.2,35.2,40.2,34.2,40.2,28.0,34.2,0.094,0.0,0.0,12.8,150.0,2.82,55.0
2025_REG_13_LV_LAC_20251130,WTH_02946,70.0,0.0,0.0,INDOOR,0,2025-11-30 12:00:00,open_meteo_indoor_controlled_daily_values,SoFi Stadium,33.9535,-118.3392,70.0,70.0,70.0,70.0,70.0,70.0,70.0,0.0,0.0,0.0,0.0,,,
2025_REG_13_MIN_SEA_20251130,WTH_02947,40.4,0.0,5.9,WMO_3,0,2025-11-30 12:00:00,open_meteo_daily_by_venue_coordinates,Lumen Field,47.5952,-122.3316,45.4,35.3,40.4,35.6,40.7,30.3,35.6,0.0,0.0,0.0,12.3,31.0,5.65,3.0
2025_REG_13_NO_MIA_20251130,WTH_02948,72.7,0.11,9.1,WMO_53|PRECIP,0,2025-11-30 12:00:00,open_meteo_daily_by_venue_coordinates,Hard Rock Stadium,25.958,-80.2389,76.5,70.2,72.7,76.0,80.7,72.4,76.0,0.11,0.0,0.0,21.5,69.0,11.75,53.0
2025_REG_13_NYG_NE_20251201,WTH_02949,39.8,0.138,14.3,WMO_55|PRECIP,0,2025-12-01 12:00:00,open_meteo_daily_by_venue_coordinates,Gillette Stadium,42.0909,-71.2643,46.9,33.3,39.8,31.9,41.6,25.8,31.9,0.138,0.0,0.0,30.4,283.0,8.86,55.0
2025_REG_13_SF_CLE_20251130,WTH_02950,35.9,0.26,24.6,WMO_75|SNOW|WINDY,1,2025-11-30 12:00:00,open_meteo_daily_by_venue_coordinates,Huntington Bank Field,41.5061,-81.6995,40.1,31.5,35.9,23.9,29.1,18.0,23.9,0.118,0.992,0.0,35.3,209.0,4.36,75.0
2025_REG_14_CHI_GB_20251207,WTH_02951,14.7,0.035,9.1,WMO_71|SNOW,1,2025-12-07 12:00:00,open_meteo_daily_by_venue_coordinates,Lambeau Field,44.5013,-88.0622,19.4,7.6,14.7,6.1,12.1,-2.7,6.1,0.0,0.248,0.262,17.7,322.0,8.2,71.0
2025_REG_14_CIN_BUF_20251207,WTH_02952,30.3,0.189,12.5,WMO_73|SNOW,1,2025-12-07 12:00:00,open_meteo_daily_by_venue_coordinates,Highmark Stadium,42.7738,-78.7868,31.8,28.8,30.3,22.4,24.6,19.0,22.4,0.0,1.323,0.427,25.7,274.0,3.15,73.0
2025_REG_14_DAL_DET_20251204,WTH_02953,70.0,0.0,0.0,INDOOR,0,2025-12-04 12:00:00,open_meteo_indoor_controlled_daily_values,Ford Field,42.34,-83.0456,70.0,70.0,70.0,70.0,70.0,70.0,70.0,0.0,0.0,0.0,0.0,,,
2025_REG_14_DEN_LV_20251207,WTH_02954,70.0,0.0,0.0,INDOOR,0,2025-12-07 12:00:00,open_meteo_indoor_controlled_daily_values,Allegiant Stadium,36.0908,-115.183,70.0,70.0,70.0,70.0,70.0,70.0,70.0,0.0,0.0,0.0,0.0,,,
2025_REG_14_HOU_KC_20251207,WTH_02955,34.5,0.004,12.0,WMO_51|PRECIP,0,2025-12-07 12:00:00,open_meteo_daily_by_venue_coordinates,Arrowhead Stadium,39.0489,-94.4839,39.6,27.7,34.5,26.6,32.7,19.3,26.6,0.004,0.0,0.033,25.3,343.0,4.18,51.0
2025_REG_14_IND_JAX_20251207,WTH_02956,56.8,1.102,7.6,WMO_63|PRECIP,1,2025-12-07 12:00:00,open_meteo_daily_by_venue_coordinates,TIAA Bank Stadium,30.3239,-81.6373,62.3,52.9,56.8,56.7,63.8,50.4,56.7,1.102,0.0,0.0,18.1,23.0,2.66,63.0
2025_REG_14_LAR_ARI_20251207,WTH_02957,70.0,0.0,0.0,INDOOR,0,2025-12-07 12:00:00,open_meteo_indoor_controlled_daily_values,State Farm Stadium,33.5276,-112.2626,70.0,70.0,70.0,70.0,70.0,70.0,70.0,0.0,0.0,0.0,0.0,,,
2025_REG_14_MIA_NYJ_20251207,WTH_02958,34.5,0.0,7.5,WMO_3,0,2025-12-07 12:00:00,open_meteo_daily_by_venue_coordinates,MetLife Stadium,40.8135,-74.0745,40.8,29.5,34.5,28.1,34.7,23.5,28.1,0.0,0.0,0.0,17.9,266.0,8.17,3.0
2025_REG_14_NO_TB_20251207,WTH_02959,68.4,0.921,11.2,WMO_65|PRECIP,1,2025-12-07 12:00:00,open_meteo_daily_by_venue_coordinates,Raymond James Stadium,27.9759,-82.5033,73.8,63.0,68.4,71.9,79.5,63.1,71.9,0.921,0.0,0.0,21.9,84.0,6.18,65.0
2025_REG_14_PHI_LAC_20251208,WTH_02960,70.0,0.0,0.0,INDOOR,0,2025-12-08 12:00:00,open_meteo_indoor_controlled_daily_values,SoFi Stadium,33.9535,-118.3392,70.0,70.0,70.0,70.0,70.0,70.0,70.0,0.0,0.0,0.0,0.0,,,
2025_REG_14_PIT_BAL_20251207,WTH_02961,34.6,0.0,5.7,WMO_3,0,2025-12-07 12:00:00,open_meteo_daily_by_venue_coordinates,M&T Bank Stadium,39.278,-76.6227,40.9,28.3,34.6,28.8,35.4,22.4,28.8,0.0,0.0,0.033,11.4,282.0,6.11,3.0
2025_REG_14_SEA_ATL_20251207,WTH_02962,70.0,0.0,0.0,INDOOR,0,2025-12-07 12:00:00,open_meteo_indoor_controlled_daily_values,Mercedes-Benz Stadium,33.7554,-84.4009,70.0,70.0,70.0,70.0,70.0,70.0,70.0,0.0,0.0,0.0,0.0,,,
2025_REG_14_TEN_CLE_20251207,WTH_02963,33.0,0.087,14.6,WMO_73|SNOW,1,2025-12-07 12:00:00,open_meteo_daily_by_venue_coordinates,Huntington Bank Field,41.5061,-81.6995,34.3,31.8,33.0,25.2,27.0,22.4,25.2,0.004,0.579,0.0,20.8,248.0,1.72,73.0
2025_REG_14_WSH_MIN_20251207,WTH_02964,70.0,0.0,0.0,INDOOR,0,2025-12-07 12:00:00,open_meteo_indoor_controlled_daily_values,U.S. Bank Stadium,44.9738,-93.2575,70.0,70.0,70.0,70.0,70.0,70.0,70.0,0.0,0.0,0.0,0.0,,,
2025_REG_15_ARI_HOU_20251214,WTH_02965,70.0,0.0,0.0,INDOOR,0,2025-12-14 12:00:00,open_meteo_indoor_controlled_daily_values,NRG Stadium,29.6847,-95.4107,70.0,70.0,70.0,70.0,70.0,70.0,70.0,0.0,0.0,0.0,0.0,,,
2025_REG_15_ATL_TB_20251211,WTH_02966,59.9,0.0,7.9,WMO_3,0,2025-12-11 12:00:00,open_meteo_daily_by_venue_coordinates,Raymond James Stadium,27.9759,-82.5033,67.0,55.8,59.9,58.5,63.7,55.2,58.5,0.0,0.0,0.0,19.7,328.0,14.37,3.0
2025_REG_15_BAL_CIN_20251214,WTH_02967,8.8,0.118,10.8,WMO_75|SNOW,1,2025-12-14 12:00:00,open_meteo_daily_by_venue_coordinates,Paycor Stadium,39.0955,-84.516,21.7,0.4,8.8,-1.4,13.4,-10.8,-1.4,0.0,0.854,0.361,22.4,304.0,10.64,75.0
2025_REG_15_BUF_NE_20251214,WTH_02968,30.7,0.236,13.9,WMO_73|SNOW,1,2025-12-14 12:00:00,open_meteo_daily_by_venue_coordinates,Gillette Stadium,42.0909,-71.2643,33.6,26.1,30.7,23.5,26.3,15.0,23.5,0.0,1.654,0.131,29.1,312.0,2.83,73.0
2025_REG_15_CAR_NO_20251214,WTH_02969,70.0,0.0,0.0,INDOOR,0,2025-12-14 12:00:00,open_meteo_indoor_controlled_daily_values,Caesars Superdome,29.9511,-90.0812,70.0,70.0,70.0,70.0,70.0,70.0,70.0,0.0,0.0,0.0,0.0,,,
2025_REG_15_CLE_CHI_20251214,WTH_02970,3.5,0.0,13.8,WMO_3,1,2025-12-14 12:00:00,open_meteo_daily_by_venue_coordinates,Soldier Field,41.8623,-87.6167,9.7,-1.8,3.5,-7.9,-1.2,-13.7,-7.9,0.0,0.0,0.197,27.7,291.0,9.45,3.0
2025_REG_15_DET_LAR_20251214,WTH_02971,70.0,0.0,0.0,INDOOR,0,2025-12-14 12:00:00,open_meteo_indoor_controlled_daily_values,SoFi Stadium,33.9535,-118.3392,70.0,70.0,70.0,70.0,70.0,70.0,70.0,0.0,0.0,0.0,0.0,,,
2025_REG_15_GB_DEN_20251214,WTH_02972,38.1,0.0,4.0,WMO_3,0,2025-12-14 12:00:00,open_meteo_daily_by_venue_coordinates,Empower Field at Mile High,39.7439,-105.0201,57.4,28.0,38.1,32.4,53.1,21.9,32.4,0.0,0.0,0.0,9.8,123.0,8.42,3.0
2025_REG_15_IND_SEA_20251214,WTH_02973,50.0,0.098,10.6,WMO_53|PRECIP,0,2025-12-14 12:00:00,open_meteo_daily_by_venue_coordinates,Lumen Field,47.5952,-122.3316,54.2,47.0,50.0,46.2,50.4,43.8,46.2,0.098,0.0,0.0,19.5,172.0,1.0,53.0
2025_REG_15_LAC_KC_20251214,WTH_02974,14.5,0.0,9.6,WMO_3,1,2025-12-14 12:00:00,open_meteo_daily_by_venue_coordinates,Arrowhead Stadium,39.0489,-94.4839,24.1,8.0,14.5,5.4,15.5,-0.7,5.4,0.0,0.0,0.0,21.9,347.0,9.87,3.0
2025_REG_15_LV_PHI_20251214,WTH_02975,30.0,0.469,13.5,WMO_75|SNOW,1,2025-12-14 12:00:00,open_meteo_daily_by_venue_coordinates,Lincoln Financial Field,39.9008,-75.1675,35.7,19.0,30.0,22.8,31.5,7.1,22.8,0.039,3.004,0.262,27.5,316.0,7.14,75.0
2025_REG_15_MIA_PIT_20251215,WTH_02976,11.4,0.004,11.5,WMO_71|SNOW,1,2025-12-15 12:00:00,open_meteo_daily_by_venue_coordinates,Acrisure Stadium,40.4468,-80.0158,16.2,7.8,11.4,1.6,7.0,-2.4,1.6,0.0,0.028,0.295,23.5,237.0,6.44,71.0
2025_REG_15_MIN_DAL_20251214,WTH_02977,70.0,0.0,0.0,INDOOR,0,2025-12-14 12:00:00,open_meteo_indoor_controlled_daily_values,AT&T Stadium,32.7473,-97.0945,70.0,70.0,70.0,70.0,70.0,70.0,70.0,0.0,0.0,0.0,0.0,,,
2025_REG_15_NYJ_JAX_20251214,WTH_02978,61.6,0.0,13.7,WMO_2,0,2025-12-14 12:00:00,open_meteo_daily_by_venue_coordinates,TIAA Bank Stadium,30.3239,-81.6373,74.5,54.6,61.6,60.6,72.6,53.8,60.6,0.0,0.0,0.0,27.3,274.0,12.71,2.0
2025_REG_15_TEN_SF_20251214,WTH_02979,45.9,0.0,3.9,WMO_3,0,2025-12-14 12:00:00,open_meteo_daily_by_venue_coordinates,Levi's Stadium,37.403,-121.97,52.6,41.2,45.9,43.7,51.3,38.3,43.7,0.0,0.0,0.0,11.9,315.0,8.23,3.0
2025_REG_15_WSH_NYG_20251214,WTH_02980,29.7,0.461,12.1,WMO_75|SNOW,1,2025-12-14 12:00:00,open_meteo_daily_by_venue_coordinates,MetLife Stadium,40.8135,-74.0745,34.1,20.4,29.7,22.7,28.5,9.2,22.7,0.0,3.252,0.295,25.3,308.0,4.72,75.0
2025_REG_16_ATL_ARI_20251221,WTH_02981,70.0,0.0,0.0,INDOOR,0,2025-12-21 12:00:00,open_meteo_indoor_controlled_daily_values,State Farm Stadium,33.5276,-112.2626,70.0,70.0,70.0,70.0,70.0,70.0,70.0,0.0,0.0,0.0,0.0,,,
2025_REG_16_BUF_CLE_20251221,WTH_02982,32.7,0.0,23.6,WMO_3|WINDY,1,2025-12-21 12:00:00,open_meteo_daily_by_venue_coordinates,Huntington Bank Field,41.5061,-81.6995,41.3,27.0,32.7,20.8,30.0,14.6,20.8,0.0,0.0,0.0,32.4,275.0,7.74,3.0
2025_REG_16_CIN_MIA_20251221,WTH_02983,71.9,0.051,7.0,WMO_53|PRECIP,0,2025-12-21 12:00:00,open_meteo_daily_by_venue_coordinates,Hard Rock Stadium,25.958,-80.2389,80.0,65.2,71.9,78.0,85.6,69.8,78.0,0.051,0.0,0.0,14.8,65.0,11.34,53.0
2025_REG_16_GB_CHI_20251220,WTH_02984,30.8,0.0,15.5,WMO_3,0,2025-12-20 12:00:00,open_meteo_daily_by_venue_coordinates,Soldier Field,41.8623,-87.6167,40.2,19.2,30.8,20.8,31.4,10.0,20.8,0.0,0.0,0.0,32.9,210.0,3.56,3.0
2025_REG_16_JAX_DEN_20251221,WTH_02985,39.8,0.0,5.0,WMO_3,0,2025-12-21 12:00:00,open_meteo_daily_by_venue_coordinates,Empower Field at Mile High,39.7439,-105.0201,58.0,28.1,39.8,34.4,52.2,21.3,34.4,0.0,0.0,0.0,11.4,126.0,8.69,3.0
2025_REG_16_KC_TEN_20251221,WTH_02986,48.2,0.0,9.6,WMO_3,0,2025-12-21 12:00:00,open_meteo_daily_by_venue_coordinates,Nissan Stadium,36.1665,-86.7713,53.0,43.7,48.2,41.1,45.4,35.0,41.1,0.0,0.0,0.0,18.8,26.0,10.01,3.0
2025_REG_16_LAC_DAL_20251221,WTH_02987,70.0,0.0,0.0,INDOOR,0,2025-12-21 12:00:00,open_meteo_indoor_controlled_daily_values,AT&T Stadium,32.7473,-97.0945,70.0,70.0,70.0,70.0,70.0,70.0,70.0,0.0,0.0,0.0,0.0,,,
2025_REG_16_LAR_SEA_20251218,WTH_02988,45.9,0.343,17.4,WMO_61|PRECIP,0,2025-12-18 12:00:00,open_meteo_daily_by_venue_coordinates,Lumen Field,47.5952,-122.3316,50.5,44.1,45.9,38.9,42.4,37.2,38.9,0.343,0.0,0.0,33.8,178.0,1.13,61.0
2025_REG_16_LV_HOU_20251221,WTH_02989,70.0,0.0,0.0,INDOOR,0,2025-12-21 12:00:00,open_meteo_indoor_controlled_daily_values,NRG Stadium,29.6847,-95.4107,70.0,70.0,70.0,70.0,70.0,70.0,70.0,0.0,0.0,0.0,0.0,,,
2025_REG_16_MIN_NYG_20251221,WTH_02990,36.5,0.0,14.2,WMO_3,0,2025-12-21 12:00:00,open_meteo_daily_by_venue_coordinates,MetLife Stadium,40.8135,-74.0745,45.8,32.0,36.5,28.0,36.8,22.5,28.0,0.0,0.0,0.0,32.7,250.0,8.51,3.0
2025_REG_16_NE_BAL_20251221,WTH_02991,40.0,0.0,13.3,WMO_3,0,2025-12-21 12:00:00,open_meteo_daily_by_venue_coordinates,M&T Bank Stadium,39.278,-76.6227,46.3,34.8,40.0,31.6,37.5,27.4,31.6,0.0,0.0,0.0,30.0,264.0,6.28,3.0
2025_REG_16_NYJ_NO_20251221,WTH_02992,70.0,0.0,0.0,INDOOR,0,2025-12-21 12:00:00,open_meteo_indoor_controlled_daily_values,Caesars Superdome,29.9511,-90.0812,70.0,70.0,70.0,70.0,70.0,70.0,70.0,0.0,0.0,0.0,0.0,,,
2025_REG_16_PHI_WSH_20251220,WTH_02993,34.6,0.0,14.0,WMO_3,1,2025-12-20 12:00:00,open_meteo_daily_by_venue_coordinates,Northwest Stadium,38.9078,-76.8644,44.4,27.0,34.6,26.5,36.7,18.2,26.5,0.0,0.0,0.0,36.0,283.0,9.43,3.0
2025_REG_16_PIT_DET_20251221,WTH_02994,70.0,0.0,0.0,INDOOR,0,2025-12-21 12:00:00,open_meteo_indoor_controlled_daily_values,Ford Field,42.34,-83.0456,70.0,70.0,70.0,70.0,70.0,70.0,70.0,0.0,0.0,0.0,0.0,,,
2025_REG_16_SF_IND_20251222,WTH_02995,70.0,0.0,0.0,INDOOR,0,2025-12-22 12:00:00,open_meteo_indoor_controlled_daily_values,Lucas Oil Stadium,39.7601,-86.1639,70.0,70.0,70.0,70.0,70.0,70.0,70.0,0.0,0.0,0.0,0.0,,,
2025_REG_16_TB_CAR_20251221,WTH_02996,45.7,0.0,9.4,WMO_3,0,2025-12-21 12:00:00,open_meteo_daily_by_venue_coordinates,Bank of America Stadium,35.2258,-80.8528,60.0,36.3,45.7,38.9,52.8,30.1,38.9,0.0,0.0,0.0,20.6,273.0,8.86,3.0
2025_REG_17_ARI_CIN_20251228,WTH_02997,57.3,0.047,14.8,WMO_51|PRECIP,0,2025-12-28 12:00:00,open_meteo_daily_by_venue_coordinates,Paycor Stadium,39.0955,-84.516,70.2,48.7,57.3,54.6,67.6,44.4,54.6,0.047,0.0,0.0,33.6,177.0,4.4,51.0
2025_REG_17_BAL_GB_20251227,WTH_02998,34.5,0.0,8.7,WMO_3,0,2025-12-27 12:00:00,open_meteo_daily_by_venue_coordinates,Lambeau Field,44.5013,-88.0622,36.6,33.1,34.5,28.4,29.6,27.2,28.4,0.0,0.0,0.098,17.7,181.0,3.19,3.0
2025_REG_17_CHI_SF_20251228,WTH_02999,45.1,0.0,5.6,WMO_3,0,2025-12-28 12:00:00,open_meteo_daily_by_venue_coordinates,Levi's Stadium,37.403,-121.97,56.9,36.4,45.1,41.8,52.3,32.8,41.8,0.0,0.0,0.0,14.1,337.0,10.33,3.0
2025_REG_17_DAL_WSH_20251225,WTH_03000,42.8,0.008,9.8,WMO_51|PRECIP,0,2025-12-25 12:00:00,open_meteo_daily_by_venue_coordinates,Northwest Stadium,38.9078,-76.8644,55.6,35.6,42.8,36.7,50.5,29.2,36.7,0.008,0.0,0.0,19.2,231.0,7.68,51.0
2025_REG_17_DEN_KC_20251225,WTH_03001,52.7,0.0,7.5,WMO_3,0,2025-12-25 12:00:00,open_meteo_daily_by_venue_coordinates,Arrowhead Stadium,39.0489,-94.4839,64.1,46.0,52.7,51.4,65.5,43.4,51.4,0.0,0.0,0.0,16.6,130.0,4.21,3.0
2025_REG_17_DET_MIN_20251225,WTH_03002,70.0,0.0,0.0,INDOOR,0,2025-12-25 12:00:00,open_meteo_indoor_controlled_daily_values,U.S. Bank Stadium,44.9738,-93.2575,70.0,70.0,70.0,70.0,70.0,70.0,70.0,0.0,0.0,0.0,0.0,,,
2025_REG_17_HOU_LAC_20251227,WTH_03003,70.0,0.0,0.0,INDOOR,0,2025-12-27 12:00:00,open_meteo_indoor_controlled_daily_values,SoFi Stadium,33.9535,-118.3392,70.0,70.0,70.0,70.0,70.0,70.0,70.0,0.0,0.0,0.0,0.0,,,
2025_REG_17_JAX_IND_20251228,WTH_03004,70.0,0.0,0.0,INDOOR,0,2025-12-28 12:00:00,open_meteo_indoor_controlled_daily_values,Lucas Oil Stadium,39.7601,-86.1639,70.0,70.0,70.0,70.0,70.0,70.0,70.0,0.0,0.0,0.0,0.0,,,
2025_REG_17_LAR_ATL_20251229,WTH_03005,70.0,0.0,0.0,INDOOR,0,2025-12-29 12:00:00,open_meteo_indoor_controlled_daily_values,Mercedes-Benz Stadium,33.7554,-84.4009,70.0,70.0,70.0,70.0,70.0,70.0,70.0,0.0,0.0,0.0,0.0,,,
2025_REG_17_NE_NYJ_20251228,WTH_03006,19.8,0.0,4.8,WMO_3,1,2025-12-28 12:00:00,open_meteo_daily_by_venue_coordinates,MetLife Stadium,40.8135,-74.0745,30.8,11.4,19.8,12.9,24.6,4.0,12.9,0.0,0.0,0.262,11.0,323.0,6.92,3.0
2025_REG_17_NO_TEN_20251228,WTH_03007,67.5,0.028,18.4,WMO_51|PRECIP,1,2025-12-28 12:00:00,open_meteo_daily_by_venue_coordinates,Nissan Stadium,36.1665,-86.7713,72.6,65.5,67.5,67.4,69.3,66.3,67.4,0.028,0.0,0.0,40.7,204.0,6.54,51.0
2025_REG_17_NYG_LV_20251228,WTH_03008,70.0,0.0,0.0,INDOOR,0,2025-12-28 12:00:00,open_meteo_indoor_controlled_daily_values,Allegiant Stadium,36.0908,-115.183,70.0,70.0,70.0,70.0,70.0,70.0,70.0,0.0,0.0,0.0,0.0,,,
2025_REG_17_PHI_BUF_20251228,WTH_03009,32.7,0.508,10.0,WMO_63|PRECIP,1,2025-12-28 12:00:00,open_meteo_daily_by_venue_coordinates,Highmark Stadium,42.7738,-78.7868,44.0,26.1,32.7,26.4,38.2,18.6,26.4,0.508,0.0,0.033,19.0,150.0,1.89,63.0
2025_REG_17_PIT_CLE_20251228,WTH_03010,39.7,0.366,20.0,WMO_63|PRECIP|WINDY,1,2025-12-28 12:00:00,open_meteo_daily_by_venue_coordinates,Huntington Bank Field,41.5061,-81.6995,52.0,33.4,39.7,32.4,43.9,27.2,32.4,0.366,0.0,0.0,24.8,164.0,1.45,63.0
2025_REG_17_SEA_CAR_20251228,WTH_03011,49.2,0.055,9.4,WMO_53|PRECIP,0,2025-12-28 12:00:00,open_meteo_daily_by_venue_coordinates,Bank of America Stadium,35.2258,-80.8528,60.3,43.2,49.2,45.5,58.1,38.7,45.5,0.055,0.0,0.0,18.8,108.0,1.95,53.0
2025_REG_17_TB_MIA_20251228,WTH_03012,68.0,0.0,4.9,WMO_1,0,2025-12-28 12:00:00,open_meteo_daily_by_venue_coordinates,Hard Rock Stadium,25.958,-80.2389,80.0,58.4,68.0,70.1,83.3,58.7,70.1,0.0,0.0,0.0,9.8,349.0,15.35,1.0
2025_REG_18_ARI_LAR_20260104,WTH_03013,70.0,0.0,0.0,INDOOR,0,2026-01-04 12:00:00,open_meteo_indoor_controlled_daily_values,SoFi Stadium,33.9535,-118.3392,70.0,70.0,70.0,70.0,70.0,70.0,70.0,0.0,0.0,0.0,0.0,,,
2025_REG_18_BAL_PIT_20260104,WTH_03014,24.1,0.024,7.8,WMO_71|SNOW,1,2026-01-04 12:00:00,open_meteo_daily_by_venue_coordinates,Acrisure Stadium,40.4468,-80.0158,27.4,20.8,24.1,17.0,20.4,13.6,17.0,0.0,0.165,0.197,17.4,282.0,5.39,71.0
2025_REG_18_CAR_TB_20260103,WTH_03015,65.1,0.15,14.3,WMO_61|PRECIP,0,2026-01-03 12:00:00,open_meteo_daily_by_venue_coordinates,Raymond James Stadium,27.9759,-82.5033,74.3,59.4,65.1,64.2,72.1,58.4,64.2,0.15,0.0,0.0,32.9,193.0,9.73,61.0
2025_REG_18_CLE_CIN_20260104,WTH_03016,28.8,0.0,3.3,WMO_3,0,2026-01-04 12:00:00,open_meteo_daily_by_venue_coordinates,Paycor Stadium,39.0955,-84.516,36.9,23.9,28.8,22.6,31.3,17.5,22.6,0.0,0.0,0.0,8.7,315.0,8.21,3.0
2025_REG_18_DAL_NYG_20260104,WTH_03017,28.1,0.012,7.6,WMO_71|SNOW,1,2026-01-04 12:00:00,open_meteo_daily_by_venue_coordinates,MetLife Stadium,40.8135,-74.0745,33.6,24.4,28.1,21.0,24.9,18.2,21.0,0.0,0.083,0.066,19.2,312.0,8.41,71.0
2025_REG_18_DET_CHI_20260104,WTH_03018,25.3,0.0,6.5,WMO_3,0,2026-01-04 12:00:00,open_meteo_daily_by_venue_coordinates,Soldier Field,41.8623,-87.6167,30.9,21.8,25.3,17.7,23.3,14.3,17.7,0.0,0.0,0.066,13.4,280.0,7.84,3.0
2025_REG_18_GB_MIN_20260104,WTH_03019,70.0,0.0,0.0,INDOOR,0,2026-01-04 12:00:00,open_meteo_indoor_controlled_daily_values,U.S. Bank Stadium,44.9738,-93.2575,70.0,70.0,70.0,70.0,70.0,70.0,70.0,0.0,0.0,0.0,0.0,,,
2025_REG_18_IND_HOU_20260104,WTH_03020,70.0,0.0,0.0,INDOOR,0,2026-01-04 12:00:00,open_meteo_indoor_controlled_daily_values,NRG Stadium,29.6847,-95.4107,70.0,70.0,70.0,70.0,70.0,70.0,70.0,0.0,0.0,0.0,0.0,,,
2025_REG_18_KC_LV_20260104,WTH_03021,70.0,0.0,0.0,INDOOR,0,2026-01-04 12:00:00,open_meteo_indoor_controlled_daily_values,Allegiant Stadium,36.0908,-115.183,70.0,70.0,70.0,70.0,70.0,70.0,70.0,0.0,0.0,0.0,0.0,,,
2025_REG_18_LAC_DEN_20260104,WTH_03022,47.8,0.0,12.4,WMO_3,0,2026-01-04 12:00:00,open_meteo_daily_by_venue_coordinates,Empower Field at Mile High,39.7439,-105.0201,67.2,35.2,47.8,40.5,60.3,27.7,40.5,0.0,0.0,0.0,24.2,148.0,9.39,3.0
2025_REG_18_MIA_NE_20260104,WTH_03023,24.8,0.031,8.1,WMO_71|SNOW,1,2026-01-04 12:00:00,open_meteo_daily_by_venue_coordinates,Gillette Stadium,42.0909,-71.2643,29.4,21.6,24.8,16.6,20.8,13.1,16.6,0.0,0.22,0.066,17.9,294.0,5.94,71.0
2025_REG_18_NO_ATL_20260104,WTH_03024,70.0,0.0,0.0,INDOOR,0,2026-01-04 12:00:00,open_meteo_indoor_controlled_daily_values,Mercedes-Benz Stadium,33.7554,-84.4009,70.0,70.0,70.0,70.0,70.0,70.0,70.0,0.0,0.0,0.0,0.0,,,
2025_REG_18_NYJ_BUF_20260104,WTH_03025,25.0,0.094,13.9,WMO_73|SNOW,1,2026-01-04 12:00:00,open_meteo_daily_by_venue_coordinates,Highmark Stadium,42.7738,-78.7868,27.3,22.6,25.0,15.6,17.2,14.2,15.6,0.0,0.661,0.427,26.2,275.0,4.33,73.0
2025_REG_18_SEA_SF_20260103,WTH_03026,58.7,0.213,12.6,WMO_61|PRECIP,0,2026-01-03 12:00:00,open_meteo_daily_by_venue_coordinates,Levi's Stadium,37.403,-121.97,62.4,54.4,58.7,55.4,57.7,52.1,55.4,0.213,0.0,0.0,30.9,155.0,5.76,61.0
2025_REG_18_TEN_JAX_20260104,WTH_03027,56.9,0.217,10.5,WMO_61|PRECIP,0,2026-01-04 12:00:00,open_meteo_daily_by_venue_coordinates,TIAA Bank Stadium,30.3239,-81.6373,61.2,53.2,56.9,55.1,60.9,49.7,55.1,0.217,0.0,0.0,21.0,10.0,6.56,61.0
2025_REG_18_WSH_PHI_20260104,WTH_03028,30.3,0.0,8.5,WMO_3,0,2026-01-04 12:00:00,open_meteo_daily_by_venue_coordinates,Lincoln Financial Field,39.9008,-75.1675,35.6,26.1,30.3,22.8,26.7,19.4,22.8,0.0,0.0,0.033,19.0,314.0,9.15,3.0
