game_id,team_id,rolling_win_pct,games_played_before_game,prior_season_win_pct,rest_days
2015_CON_20_ARI_CAR_20160124,1,0.8235294117647058,17,,7
2015_CON_20_ARI_CAR_20160124,5,0.9411764705882353,17,,6
2015_CON_20_NE_DEN_20160124,10,0.7647058823529411,17,,6
2015_CON_20_NE_DEN_20160124,22,0.7647058823529411,17,,7
2015_POST_18_GB_WSH_20160110,12,0.625,16,,6
2015_POST_18_GB_WSH_20160110,32,0.5625,16,,6
2015_POST_18_KC_HOU_20160109,13,0.5625,16,,5
2015_POST_18_KC_HOU_20160109,16,0.6875,16,,5
2015_POST_18_PIT_CIN_20160109,7,0.75,16,,5
2015_POST_18_PIT_CIN_20160109,27,0.625,16,,5
2015_POST_18_SEA_MIN_20160110,21,0.6875,16,,6
2015_POST_18_SEA_MIN_20160110,28,0.625,16,,6
2015_POST_19_GB_ARI_20160116,1,0.8125,16,,12
2015_POST_19_GB_ARI_20160116,12,0.6470588235294118,17,,5
2015_POST_19_KC_NE_20160116,16,0.7058823529411765,17,,6
2015_POST_19_KC_NE_20160116,22,0.75,16,,12
2015_POST_19_PIT_DEN_20160117,10,0.75,16,,13
2015_POST_19_PIT_DEN_20160117,27,0.6470588235294118,17,,7
2015_POST_19_SEA_CAR_20160117,5,0.9375,16,,13
2015_POST_19_SEA_CAR_20160117,28,0.6470588235294118,17,,6
2015_POST_21_CAR_DEN_20160207,5,0.9444444444444444,18,,13
2015_POST_21_CAR_DEN_20160207,10,0.7777777777777778,18,,13
2015_REG_01_BAL_DEN_20150913,3,,0,,
2015_REG_01_BAL_DEN_20150913,10,,0,,
2015_REG_01_CAR_JAX_20150913,5,,0,,
2015_REG_01_CAR_JAX_20150913,15,,0,,
2015_REG_01_CIN_LV_20150913,7,,0,,
2015_REG_01_CIN_LV_20150913,19,,0,,
2015_REG_01_CLE_NYJ_20150913,8,,0,,
2015_REG_01_CLE_NYJ_20150913,25,,0,,
2015_REG_01_DET_LAC_20150913,11,,0,,
2015_REG_01_DET_LAC_20150913,17,,0,,
2015_REG_01_GB_CHI_20150913,6,,0,,
2015_REG_01_GB_CHI_20150913,12,,0,,
2015_REG_01_IND_BUF_20150913,4,,0,,
2015_REG_01_IND_BUF_20150913,14,,0,,
2015_REG_01_KC_HOU_20150913,13,,0,,
2015_REG_01_KC_HOU_20150913,16,,0,,
2015_REG_01_MIA_WSH_20150913,20,,0,,
2015_REG_01_MIA_WSH_20150913,32,,0,,
2015_REG_01_MIN_SF_20150914,21,,0,,
2015_REG_01_MIN_SF_20150914,29,,0,,
2015_REG_01_NO_ARI_20150913,1,,0,,
2015_REG_01_NO_ARI_20150913,23,,0,,
2015_REG_01_NYG_DAL_20150913,9,,0,,
2015_REG_01_NYG_DAL_20150913,24,,0,,
2015_REG_01_PHI_ATL_20150914,2,,0,,
2015_REG_01_PHI_ATL_20150914,26,,0,,
2015_REG_01_PIT_NE_20150910,22,,0,,
2015_REG_01_PIT_NE_20150910,27,,0,,
2015_REG_01_SEA_LAR_20150913,18,,0,,
2015_REG_01_SEA_LAR_20150913,28,,0,,
2015_REG_01_TEN_TB_20150913,30,,0,,
2015_REG_01_TEN_TB_20150913,31,,0,,
2015_REG_02_ARI_CHI_20150920,1,1.0,1,,6
2015_REG_02_ARI_CHI_20150920,6,0.0,1,,6
2015_REG_02_ATL_NYG_20150920,2,1.0,1,,5
2015_REG_02_ATL_NYG_20150920,24,0.0,1,,6
2015_REG_02_BAL_LV_20150920,3,0.0,1,,6
2015_REG_02_BAL_LV_20150920,19,0.0,1,,6
2015_REG_02_DAL_PHI_20150920,9,1.0,1,,6
2015_REG_02_DAL_PHI_20150920,26,0.0,1,,5
2015_REG_02_DEN_KC_20150917,10,1.0,1,,3
2015_REG_02_DEN_KC_20150917,16,1.0,1,,3
2015_REG_02_DET_MIN_20150920,11,0.0,1,,6
2015_REG_02_DET_MIN_20150920,21,0.0,1,,5
2015_REG_02_HOU_CAR_20150920,5,1.0,1,,6
2015_REG_02_HOU_CAR_20150920,13,0.0,1,,6
2015_REG_02_LAC_CIN_20150920,7,1.0,1,,6
2015_REG_02_LAC_CIN_20150920,17,1.0,1,,6
2015_REG_02_LAR_WSH_20150920,18,1.0,1,,6
2015_REG_02_LAR_WSH_20150920,32,0.0,1,,6
2015_REG_02_MIA_JAX_20150920,15,0.0,1,,6
2015_REG_02_MIA_JAX_20150920,20,1.0,1,,6
2015_REG_02_NE_BUF_20150920,4,1.0,1,,6
2015_REG_02_NE_BUF_20150920,22,1.0,1,,9
2015_REG_02_NYJ_IND_20150921,14,0.0,1,,7
2015_REG_02_NYJ_IND_20150921,25,1.0,1,,7
2015_REG_02_SEA_GB_20150920,12,1.0,1,,6
2015_REG_02_SEA_GB_20150920,28,0.0,1,,6
2015_REG_02_SF_PIT_20150920,27,0.0,1,,9
2015_REG_02_SF_PIT_20150920,29,1.0,1,,5
2015_REG_02_TB_NO_20150920,23,0.0,1,,6
2015_REG_02_TB_NO_20150920,30,0.0,1,,6
2015_REG_02_TEN_CLE_20150920,8,0.0,1,,6
2015_REG_02_TEN_CLE_20150920,31,1.0,1,,6
2015_REG_03_ATL_DAL_20150927,2,1.0,2,,6
2015_REG_03_ATL_DAL_20150927,9,1.0,2,,6
2015_REG_03_BUF_MIA_20150927,4,0.5,2,,6
2015_REG_03_BUF_MIA_20150927,20,0.5,2,,6
2015_REG_03_CHI_SEA_20150927,6,0.0,2,,6
2015_REG_03_CHI_SEA_20150927,28,0.0,2,,6
2015_REG_03_CIN_BAL_20150927,3,0.0,2,,6
2015_REG_03_CIN_BAL_20150927,7,1.0,2,,6
2015_REG_03_DEN_DET_20150927,10,1.0,2,,9
2015_REG_03_DEN_DET_20150927,11,0.0,2,,6
2015_REG_03_IND_TEN_20150927,14,0.0,2,,5
2015_REG_03_IND_TEN_20150927,31,0.5,2,,6
2015_REG_03_JAX_NE_20150927,15,0.5,2,,6
2015_REG_03_JAX_NE_20150927,22,1.0,2,,6
2015_REG_03_KC_GB_20150928,12,1.0,2,,7
2015_REG_03_KC_GB_20150928,16,0.5,2,,10
2015_REG_03_LAC_MIN_20150927,17,0.5,2,,6
2015_REG_03_LAC_MIN_20150927,21,0.5,2,,6
2015_REG_03_LV_CLE_20150927,8,0.5,2,,6
2015_REG_03_LV_CLE_20150927,19,0.5,2,,6
2015_REG_03_NO_CAR_20150927,5,1.0,2,,6
2015_REG_03_NO_CAR_20150927,23,0.0,2,,6
2015_REG_03_PHI_NYJ_20150927,25,1.0,2,,5
2015_REG_03_PHI_NYJ_20150927,26,0.0,2,,6
2015_REG_03_PIT_LAR_20150927,18,0.5,2,,6
2015_REG_03_PIT_LAR_20150927,27,0.5,2,,6
2015_REG_03_SF_ARI_20150927,1,1.0,2,,6
2015_REG_03_SF_ARI_20150927,29,0.5,2,,6
2015_REG_03_TB_HOU_20150927,13,0.0,2,,6
2015_REG_03_TB_HOU_20150927,30,0.5,2,,6
2015_REG_03_WSH_NYG_20150924,24,0.0,2,,3
2015_REG_03_WSH_NYG_20150924,32,0.5,2,,3
2015_REG_04_BAL_PIT_20151001,3,0.0,3,,3
2015_REG_04_BAL_PIT_20151001,27,0.6666666666666666,3,,3
2015_REG_04_CAR_TB_20151004,5,1.0,3,,6
2015_REG_04_CAR_TB_20151004,30,0.3333333333333333,3,,6
2015_REG_04_CLE_LAC_20151004,8,0.3333333333333333,3,,6
2015_REG_04_CLE_LAC_20151004,17,0.3333333333333333,3,,6
2015_REG_04_DAL_NO_20151004,9,0.6666666666666666,3,,6
2015_REG_04_DAL_NO_20151004,23,0.0,3,,6
2015_REG_04_DET_SEA_20151005,11,0.0,3,,7
2015_REG_04_DET_SEA_20151005,28,0.3333333333333333,3,,7
2015_REG_04_GB_SF_20151004,12,1.0,3,,5
2015_REG_04_GB_SF_20151004,29,0.3333333333333333,3,,6
2015_REG_04_HOU_ATL_20151004,2,1.0,3,,6
2015_REG_04_HOU_ATL_20151004,13,0.3333333333333333,3,,6
2015_REG_04_JAX_IND_20151004,14,0.3333333333333333,3,,6
2015_REG_04_JAX_IND_20151004,15,0.3333333333333333,3,,6
2015_REG_04_KC_CIN_20151004,7,1.0,3,,6
2015_REG_04_KC_CIN_20151004,16,0.3333333333333333,3,,5
2015_REG_04_LAR_ARI_20151004,1,1.0,3,,6
2015_REG_04_LAR_ARI_20151004,18,0.3333333333333333,3,,6
2015_REG_04_LV_CHI_20151004,6,0.0,3,,6
2015_REG_04_LV_CHI_20151004,19,0.6666666666666666,3,,6
2015_REG_04_MIN_DEN_20151004,10,1.0,3,,6
2015_REG_04_MIN_DEN_20151004,21,0.6666666666666666,3,,6
2015_REG_04_NYG_BUF_20151004,4,0.6666666666666666,3,,6
2015_REG_04_NYG_BUF_20151004,24,0.3333333333333333,3,,9
2015_REG_04_NYJ_MIA_20151004,20,0.3333333333333333,3,,6
2015_REG_04_NYJ_MIA_20151004,25,0.6666666666666666,3,,6
2015_REG_04_PHI_WSH_20151004,26,0.3333333333333333,3,,6
2015_REG_04_PHI_WSH_20151004,32,0.3333333333333333,3,,9
2015_REG_05_ARI_DET_20151011,1,0.75,4,,6
2015_REG_05_ARI_DET_20151011,11,0.0,4,,5
2015_REG_05_BUF_TEN_20151011,4,0.5,4,,6
2015_REG_05_BUF_TEN_20151011,31,0.3333333333333333,3,,13
2015_REG_05_CHI_KC_20151011,6,0.25,4,,6
2015_REG_05_CHI_KC_20151011,16,0.25,4,,6
2015_REG_05_CLE_BAL_20151011,3,0.25,4,,9
2015_REG_05_CLE_BAL_20151011,8,0.25,4,,6
2015_REG_05_DEN_LV_20151011,10,1.0,4,,6
2015_REG_05_DEN_LV_20151011,19,0.5,4,,6
2015_REG_05_IND_HOU_20151008,13,0.25,4,,3
2015_REG_05_IND_HOU_20151008,14,0.5,4,,3
2015_REG_05_JAX_TB_20151011,15,0.25,4,,6
2015_REG_05_JAX_TB_20151011,30,0.25,4,,6
2015_REG_05_LAR_GB_20151011,12,1.0,4,,6
2015_REG_05_LAR_GB_20151011,18,0.5,4,,6
2015_REG_05_NE_DAL_20151011,9,0.5,4,,6
2015_REG_05_NE_DAL_20151011,22,1.0,3,,13
2015_REG_05_NO_PHI_20151011,23,0.25,4,,6
2015_REG_05_NO_PHI_20151011,26,0.25,4,,6
2015_REG_05_PIT_LAC_20151012,17,0.5,4,,7
2015_REG_05_PIT_LAC_20151012,27,0.5,4,,10
2015_REG_05_SEA_CIN_20151011,7,1.0,4,,6
2015_REG_05_SEA_CIN_20151011,28,0.5,4,,5
2015_REG_05_SF_NYG_20151011,24,0.5,4,,6
2015_REG_05_SF_NYG_20151011,29,0.25,4,,6
2015_REG_05_WSH_ATL_20151011,2,1.0,4,,6
2015_REG_05_WSH_ATL_20151011,32,0.5,4,,6
2015_REG_06_ARI_PIT_20151018,1,0.8,5,,6
2015_REG_06_ARI_PIT_20151018,27,0.6,5,,5
2015_REG_06_ATL_NO_20151015,2,1.0,5,,3
2015_REG_06_ATL_NO_20151015,23,0.2,5,,3
2015_REG_06_BAL_SF_20151018,3,0.2,5,,6
2015_REG_06_BAL_SF_20151018,29,0.2,5,,6
2015_REG_06_CAR_SEA_20151018,5,1.0,4,,13
2015_REG_06_CAR_SEA_20151018,28,0.4,5,,6
2015_REG_06_CHI_DET_20151018,6,0.4,5,,6
2015_REG_06_CHI_DET_20151018,11,0.0,5,,6
2015_REG_06_CIN_BUF_20151018,4,0.6,5,,6
2015_REG_06_CIN_BUF_20151018,7,1.0,5,,6
2015_REG_06_DEN_CLE_20151018,8,0.4,5,,6
2015_REG_06_DEN_CLE_20151018,10,1.0,5,,6
2015_REG_06_HOU_JAX_20151018,13,0.2,5,,9
2015_REG_06_HOU_JAX_20151018,15,0.2,5,,6
2015_REG_06_KC_MIN_20151018,16,0.2,5,,6
2015_REG_06_KC_MIN_20151018,21,0.5,4,,13
2015_REG_06_LAC_GB_20151018,12,1.0,5,,6
2015_REG_06_LAC_GB_20151018,17,0.4,5,,5
2015_REG_06_MIA_TEN_20151018,20,0.25,4,,13
2015_REG_06_MIA_TEN_20151018,31,0.25,4,,6
2015_REG_06_NE_IND_20151018,14,0.6,5,,9
2015_REG_06_NE_IND_20151018,22,1.0,4,,6
2015_REG_06_NYG_PHI_20151019,24,0.6,5,,7
2015_REG_06_NYG_PHI_20151019,26,0.4,5,,7
2015_REG_06_WSH_NYJ_20151018,25,0.75,4,,13
2015_REG_06_WSH_NYJ_20151018,32,0.4,5,,6
2015_REG_07_ATL_TEN_20151025,2,0.8333333333333334,6,,9
2015_REG_07_ATL_TEN_20151025,31,0.2,5,,6
2015_REG_07_BAL_ARI_20151026,1,0.6666666666666666,6,,7
2015_REG_07_BAL_ARI_20151026,3,0.16666666666666666,6,,7
2015_REG_07_BUF_JAX_20151025,4,0.5,6,,6
2015_REG_07_BUF_JAX_20151025,15,0.16666666666666666,6,,6
2015_REG_07_CLE_LAR_20151025,8,0.3333333333333333,6,,6
2015_REG_07_CLE_LAR_20151025,18,0.4,5,,13
2015_REG_07_DAL_NYG_20151025,9,0.4,5,,13
2015_REG_07_DAL_NYG_20151025,24,0.5,6,,5
2015_REG_07_HOU_MIA_20151025,13,0.3333333333333333,6,,6
2015_REG_07_HOU_MIA_20151025,20,0.4,5,,6
2015_REG_07_LV_LAC_20151025,17,0.3333333333333333,6,,6
2015_REG_07_LV_LAC_20151025,19,0.4,5,,13
2015_REG_07_MIN_DET_20151025,11,0.16666666666666666,6,,6
2015_REG_07_MIN_DET_20151025,21,0.6,5,,6
2015_REG_07_NO_IND_20151025,14,0.5,6,,6
2015_REG_07_NO_IND_20151025,23,0.3333333333333333,6,,9
2015_REG_07_NYJ_NE_20151025,22,1.0,5,,6
2015_REG_07_NYJ_NE_20151025,25,0.8,5,,6
2015_REG_07_PHI_CAR_20151025,5,1.0,5,,6
2015_REG_07_PHI_CAR_20151025,26,0.5,6,,5
2015_REG_07_PIT_KC_20151025,16,0.16666666666666666,6,,6
2015_REG_07_PIT_KC_20151025,27,0.6666666666666666,6,,6
2015_REG_07_SEA_SF_20151022,28,0.3333333333333333,6,,3
2015_REG_07_SEA_SF_20151022,29,0.3333333333333333,6,,3
2015_REG_07_TB_WSH_20151025,30,0.4,5,,13
2015_REG_07_TB_WSH_20151025,32,0.3333333333333333,6,,6
2015_REG_08_ARI_CLE_20151101,1,0.7142857142857143,7,,5
2015_REG_08_ARI_CLE_20151101,8,0.2857142857142857,7,,6
2015_REG_08_CIN_PIT_20151101,7,1.0,6,,13
2015_REG_08_CIN_PIT_20151101,27,0.5714285714285714,7,,6
2015_REG_08_DET_KC_20151101,11,0.14285714285714285,7,,6
2015_REG_08_DET_KC_20151101,16,0.2857142857142857,7,,6
2015_REG_08_GB_DEN_20151101,10,1.0,6,,13
2015_REG_08_GB_DEN_20151101,12,1.0,6,,13
2015_REG_08_IND_CAR_20151102,5,1.0,6,,7
2015_REG_08_IND_CAR_20151102,14,0.42857142857142855,7,,7
2015_REG_08_LAC_BAL_20151101,3,0.14285714285714285,7,,5
2015_REG_08_LAC_BAL_20151101,17,0.2857142857142857,7,,6
2015_REG_08_MIA_NE_20151029,20,0.5,6,,3
2015_REG_08_MIA_NE_20151029,22,1.0,6,,3
2015_REG_08_MIN_CHI_20151101,6,0.3333333333333333,6,,13
2015_REG_08_MIN_CHI_20151101,21,0.6666666666666666,6,,6
2015_REG_08_NYG_NO_20151101,23,0.42857142857142855,7,,6
2015_REG_08_NYG_NO_20151101,24,0.5714285714285714,7,,6
2015_REG_08_NYJ_LV_20151101,19,0.5,6,,6
2015_REG_08_NYJ_LV_20151101,25,0.6666666666666666,6,,6
2015_REG_08_SEA_DAL_20151101,9,0.3333333333333333,6,,6
2015_REG_08_SEA_DAL_20151101,28,0.42857142857142855,7,,9
2015_REG_08_SF_LAR_20151101,18,0.5,6,,6
2015_REG_08_SF_LAR_20151101,29,0.2857142857142857,7,,9
2015_REG_08_TB_ATL_20151101,2,0.8571428571428571,7,,6
2015_REG_08_TB_ATL_20151101,30,0.3333333333333333,6,,6
2015_REG_08_TEN_HOU_20151101,13,0.2857142857142857,7,,6
2015_REG_08_TEN_HOU_20151101,31,0.16666666666666666,6,,6
2015_REG_09_ATL_SF_20151108,2,0.75,8,,6
2015_REG_09_ATL_SF_20151108,29,0.25,8,,6
2015_REG_09_CHI_LAC_20151109,6,0.2857142857142857,7,,7
2015_REG_09_CHI_LAC_20151109,17,0.25,8,,7
2015_REG_09_CLE_CIN_20151105,7,1.0,7,,3
2015_REG_09_CLE_CIN_20151105,8,0.25,8,,3
2015_REG_09_DEN_IND_20151108,10,1.0,7,,6
2015_REG_09_DEN_IND_20151108,14,0.375,8,,5
2015_REG_09_GB_CAR_20151108,5,1.0,7,,5
2015_REG_09_GB_CAR_20151108,12,0.8571428571428571,7,,6
2015_REG_09_JAX_NYJ_20151108,15,0.2857142857142857,7,,13
2015_REG_09_JAX_NYJ_20151108,25,0.5714285714285714,7,,6
2015_REG_09_LAR_MIN_20151108,18,0.5714285714285714,7,,6
2015_REG_09_LAR_MIN_20151108,21,0.7142857142857143,7,,6
2015_REG_09_LV_PIT_20151108,19,0.5714285714285714,7,,6
2015_REG_09_LV_PIT_20151108,27,0.5,8,,6
2015_REG_09_MIA_BUF_20151108,4,0.42857142857142855,7,,13
2015_REG_09_MIA_BUF_20151108,20,0.42857142857142855,7,,9
2015_REG_09_NYG_TB_20151108,24,0.5,8,,6
2015_REG_09_NYG_TB_20151108,30,0.42857142857142855,7,,6
2015_REG_09_PHI_DAL_20151108,9,0.2857142857142857,7,,6
2015_REG_09_PHI_DAL_20151108,26,0.42857142857142855,7,,13
2015_REG_09_TEN_NO_20151108,23,0.5,8,,6
2015_REG_09_TEN_NO_20151108,31,0.14285714285714285,7,,6
2015_REG_09_WSH_NE_20151108,22,1.0,7,,9
2015_REG_09_WSH_NE_20151108,32,0.42857142857142855,7,,13
2015_REG_10_ARI_SEA_20151115,1,0.75,8,,13
2015_REG_10_ARI_SEA_20151115,28,0.5,8,,13
2015_REG_10_BUF_NYJ_20151112,4,0.5,8,,3
2015_REG_10_BUF_NYJ_20151112,25,0.625,8,,3
2015_REG_10_CAR_TEN_20151115,5,1.0,8,,6
2015_REG_10_CAR_TEN_20151115,31,0.25,8,,6
2015_REG_10_CHI_LAR_20151115,6,0.375,8,,5
2015_REG_10_CHI_LAR_20151115,18,0.5,8,,6
2015_REG_10_CLE_PIT_20151115,8,0.2222222222222222,9,,9
2015_REG_10_CLE_PIT_20151115,27,0.5555555555555556,9,,6
2015_REG_10_DAL_TB_20151115,9,0.25,8,,6
2015_REG_10_DAL_TB_20151115,30,0.375,8,,6
2015_REG_10_DET_GB_20151115,11,0.125,8,,13
2015_REG_10_DET_GB_20151115,12,0.75,8,,6
2015_REG_10_HOU_CIN_20151116,7,1.0,8,,10
2015_REG_10_HOU_CIN_20151116,13,0.375,8,,14
2015_REG_10_JAX_BAL_20151115,3,0.25,8,,13
2015_REG_10_JAX_BAL_20151115,15,0.25,8,,6
2015_REG_10_KC_DEN_20151115,10,0.875,8,,6
2015_REG_10_KC_DEN_20151115,16,0.375,8,,13
2015_REG_10_MIA_PHI_20151115,20,0.375,8,,6
2015_REG_10_MIA_PHI_20151115,26,0.5,8,,6
2015_REG_10_MIN_LV_20151115,19,0.5,8,,6
2015_REG_10_MIN_LV_20151115,21,0.75,8,,6
2015_REG_10_NE_NYG_20151115,22,1.0,8,,6
2015_REG_10_NE_NYG_20151115,24,0.5555555555555556,9,,6
2015_REG_10_NO_WSH_20151115,23,0.4444444444444444,9,,6
2015_REG_10_NO_WSH_20151115,32,0.375,8,,6
2015_REG_11_BUF_NE_20151123,4,0.5555555555555556,9,,10
2015_REG_11_BUF_NE_20151123,22,1.0,9,,7
2015_REG_11_CIN_ARI_20151122,1,0.7777777777777778,9,,6
2015_REG_11_CIN_ARI_20151122,7,0.8888888888888888,9,,5
2015_REG_11_DAL_MIA_20151122,9,0.2222222222222222,9,,6
2015_REG_11_DAL_MIA_20151122,20,0.4444444444444444,9,,6
2015_REG_11_DEN_CHI_20151122,6,0.4444444444444444,9,,6
2015_REG_11_DEN_CHI_20151122,10,0.7777777777777778,9,,6
2015_REG_11_GB_MIN_20151122,12,0.6666666666666666,9,,6
2015_REG_11_GB_MIN_20151122,21,0.7777777777777778,9,,6
2015_REG_11_IND_ATL_20151122,2,0.6666666666666666,9,,13
2015_REG_11_IND_ATL_20151122,14,0.4444444444444444,9,,13
2015_REG_11_KC_LAC_20151122,16,0.4444444444444444,9,,6
2015_REG_11_KC_LAC_20151122,17,0.2222222222222222,9,,12
2015_REG_11_LAR_BAL_20151122,3,0.2222222222222222,9,,6
2015_REG_11_LAR_BAL_20151122,18,0.4444444444444444,9,,6
2015_REG_11_LV_DET_20151122,11,0.2222222222222222,9,,6
2015_REG_11_LV_DET_20151122,19,0.4444444444444444,9,,6
2015_REG_11_NYJ_HOU_20151122,13,0.4444444444444444,9,,5
2015_REG_11_NYJ_HOU_20151122,25,0.5555555555555556,9,,9
2015_REG_11_SF_SEA_20151122,28,0.4444444444444444,9,,6
2015_REG_11_SF_SEA_20151122,29,0.3333333333333333,9,,13
2015_REG_11_TB_PHI_20151122,26,0.4444444444444444,9,,6
2015_REG_11_TB_PHI_20151122,30,0.4444444444444444,9,,6
2015_REG_11_TEN_JAX_20151119,15,0.3333333333333333,9,,3
2015_REG_11_TEN_JAX_20151119,31,0.2222222222222222,9,,3
2015_REG_11_WSH_CAR_20151122,5,1.0,9,,6
2015_REG_11_WSH_CAR_20151122,32,0.4444444444444444,9,,6
2015_REG_12_ARI_SF_20151129,1,0.8,10,,6
2015_REG_12_ARI_SF_20151129,29,0.3,10,,6
2015_REG_12_BAL_CLE_20151130,3,0.3,10,,7
2015_REG_12_BAL_CLE_20151130,8,0.2,10,,14
2015_REG_12_BUF_KC_20151129,4,0.5,10,,5
2015_REG_12_BUF_KC_20151129,16,0.5,10,,6
2015_REG_12_CAR_DAL_20151126,5,1.0,10,,3
2015_REG_12_CAR_DAL_20151126,9,0.3,10,,3
2015_REG_12_CHI_GB_20151126,6,0.4,10,,3
2015_REG_12_CHI_GB_20151126,12,0.7,10,,3
2015_REG_12_LAC_JAX_20151129,15,0.4,10,,9
2015_REG_12_LAC_JAX_20151129,17,0.2,10,,6
2015_REG_12_LAR_CIN_20151129,7,0.8,10,,6
2015_REG_12_LAR_CIN_20151129,18,0.4,10,,6
2015_REG_12_LV_TEN_20151129,19,0.4,10,,6
2015_REG_12_LV_TEN_20151129,31,0.2,10,,9
2015_REG_12_MIA_NYJ_20151129,20,0.4,10,,6
2015_REG_12_MIA_NYJ_20151129,25,0.5,10,,6
2015_REG_12_MIN_ATL_20151129,2,0.6,10,,6
2015_REG_12_MIN_ATL_20151129,21,0.7,10,,6
2015_REG_12_NE_DEN_20151129,10,0.8,10,,6
2015_REG_12_NE_DEN_20151129,22,1.0,10,,5
2015_REG_12_NO_HOU_20151129,13,0.5,10,,6
2015_REG_12_NO_HOU_20151129,23,0.4,10,,13
2015_REG_12_NYG_WSH_20151129,24,0.5,10,,13
2015_REG_12_NYG_WSH_20151129,32,0.4,10,,6
2015_REG_12_PHI_DET_20151126,11,0.3,10,,3
2015_REG_12_PHI_DET_20151126,26,0.4,10,,3
2015_REG_12_PIT_SEA_20151129,27,0.6,10,,13
2015_REG_12_PIT_SEA_20151129,28,0.5,10,,6
2015_REG_12_TB_IND_20151129,14,0.5,10,,6
2015_REG_12_TB_IND_20151129,30,0.5,10,,6
2015_REG_13_ARI_LAR_20151206,1,0.8181818181818182,11,,6
2015_REG_13_ARI_LAR_20151206,18,0.36363636363636365,11,,6
2015_REG_13_ATL_TB_20151206,2,0.5454545454545454,11,,6
2015_REG_13_ATL_TB_20151206,30,0.45454545454545453,11,,6
2015_REG_13_BAL_MIA_20151206,3,0.36363636363636365,11,,5
2015_REG_13_BAL_MIA_20151206,20,0.36363636363636365,11,,6
2015_REG_13_CAR_NO_20151206,5,1.0,11,,9
2015_REG_13_CAR_NO_20151206,23,0.36363636363636365,11,,6
2015_REG_13_CIN_CLE_20151206,7,0.8181818181818182,11,,6
2015_REG_13_CIN_CLE_20151206,8,0.18181818181818182,11,,5
2015_REG_13_DAL_WSH_20151207,9,0.2727272727272727,11,,10
2015_REG_13_DAL_WSH_20151207,32,0.45454545454545453,11,,7
2015_REG_13_DEN_LAC_20151206,10,0.8181818181818182,11,,6
2015_REG_13_DEN_LAC_20151206,17,0.2727272727272727,11,,6
2015_REG_13_GB_DET_20151203,11,0.36363636363636365,11,,6
2015_REG_13_GB_DET_20151203,12,0.6363636363636364,11,,6
2015_REG_13_HOU_BUF_20151206,4,0.45454545454545453,11,,6
2015_REG_13_HOU_BUF_20151206,13,0.5454545454545454,11,,6
2015_REG_13_IND_PIT_20151206,14,0.5454545454545454,11,,6
2015_REG_13_IND_PIT_20151206,27,0.5454545454545454,11,,6
2015_REG_13_JAX_TEN_20151206,15,0.36363636363636365,11,,6
2015_REG_13_JAX_TEN_20151206,31,0.18181818181818182,11,,6
2015_REG_13_KC_LV_20151206,16,0.5454545454545454,11,,6
2015_REG_13_KC_LV_20151206,19,0.45454545454545453,11,,6
2015_REG_13_NYJ_NYG_20151206,24,0.45454545454545453,11,,6
2015_REG_13_NYJ_NYG_20151206,25,0.5454545454545454,11,,6
2015_REG_13_PHI_NE_20151206,22,0.9090909090909091,11,,6
2015_REG_13_PHI_NE_20151206,26,0.36363636363636365,11,,9
2015_REG_13_SEA_MIN_20151206,21,0.7272727272727273,11,,6
2015_REG_13_SEA_MIN_20151206,28,0.5454545454545454,11,,6
2015_REG_13_SF_CHI_20151206,6,0.45454545454545453,11,,9
2015_REG_13_SF_CHI_20151206,29,0.2727272727272727,11,,6
2015_REG_14_ATL_CAR_20151213,2,0.5,12,,6
2015_REG_14_ATL_CAR_20151213,5,1.0,12,,6
2015_REG_14_BUF_PHI_20151213,4,0.5,12,,6
2015_REG_14_BUF_PHI_20151213,26,0.4166666666666667,12,,6
2015_REG_14_DAL_GB_20151213,9,0.3333333333333333,12,,5
2015_REG_14_DAL_GB_20151213,12,0.6666666666666666,12,,9
2015_REG_14_DET_LAR_20151213,11,0.3333333333333333,12,,9
2015_REG_14_DET_LAR_20151213,18,0.3333333333333333,12,,6
2015_REG_14_IND_JAX_20151213,14,0.5,12,,6
2015_REG_14_IND_JAX_20151213,15,0.3333333333333333,12,,6
2015_REG_14_LAC_KC_20151213,16,0.5833333333333334,12,,6
2015_REG_14_LAC_KC_20151213,17,0.25,12,,6
2015_REG_14_LV_DEN_20151213,10,0.8333333333333334,12,,6
2015_REG_14_LV_DEN_20151213,19,0.4166666666666667,12,,6
2015_REG_14_MIN_ARI_20151210,1,0.8333333333333334,12,,3
2015_REG_14_MIN_ARI_20151210,21,0.6666666666666666,12,,3
2015_REG_14_NE_HOU_20151213,13,0.5,12,,6
2015_REG_14_NE_HOU_20151213,22,0.8333333333333334,12,,6
2015_REG_14_NO_TB_20151213,23,0.3333333333333333,12,,6
2015_REG_14_NO_TB_20151213,30,0.5,12,,6
2015_REG_14_NYG_MIA_20151214,20,0.4166666666666667,12,,7
2015_REG_14_NYG_MIA_20151214,24,0.4166666666666667,12,,7
2015_REG_14_PIT_CIN_20151213,7,0.8333333333333334,12,,6
2015_REG_14_PIT_CIN_20151213,27,0.5833333333333334,12,,6
2015_REG_14_SEA_BAL_20151213,3,0.3333333333333333,12,,6
2015_REG_14_SEA_BAL_20151213,28,0.5833333333333334,12,,6
2015_REG_14_SF_CLE_20151213,8,0.16666666666666666,12,,6
2015_REG_14_SF_CLE_20151213,29,0.3333333333333333,12,,6
2015_REG_14_TEN_NYJ_20151213,25,0.5833333333333334,12,,6
2015_REG_14_TEN_NYJ_20151213,31,0.25,12,,6
2015_REG_14_WSH_CHI_20151213,6,0.4166666666666667,12,,6
2015_REG_14_WSH_CHI_20151213,32,0.4166666666666667,12,,5
2015_REG_15_ARI_PHI_20151220,1,0.8461538461538461,13,,9
2015_REG_15_ARI_PHI_20151220,26,0.46153846153846156,13,,6
2015_REG_15_ATL_JAX_20151220,2,0.46153846153846156,13,,6
2015_REG_15_ATL_JAX_20151220,15,0.38461538461538464,13,,6
2015_REG_15_BUF_WSH_20151220,4,0.46153846153846156,13,,6
2015_REG_15_BUF_WSH_20151220,32,0.46153846153846156,13,,6
2015_REG_15_CAR_NYG_20151220,5,1.0,13,,6
2015_REG_15_CAR_NYG_20151220,24,0.46153846153846156,13,,5
2015_REG_15_CHI_MIN_20151220,6,0.38461538461538464,13,,6
2015_REG_15_CHI_MIN_20151220,21,0.6153846153846154,13,,9
2015_REG_15_CIN_SF_20151220,7,0.7692307692307693,13,,6
2015_REG_15_CIN_SF_20151220,29,0.3076923076923077,13,,6
2015_REG_15_CLE_SEA_20151220,8,0.23076923076923078,13,,6
2015_REG_15_CLE_SEA_20151220,28,0.6153846153846154,13,,6
2015_REG_15_DEN_PIT_20151220,10,0.7692307692307693,13,,6
2015_REG_15_DEN_PIT_20151220,27,0.6153846153846154,13,,6
2015_REG_15_DET_NO_20151221,11,0.3076923076923077,13,,7
2015_REG_15_DET_NO_20151221,23,0.38461538461538464,13,,7
2015_REG_15_GB_LV_20151220,12,0.6923076923076923,13,,6
2015_REG_15_GB_LV_20151220,19,0.46153846153846156,13,,6
2015_REG_15_HOU_IND_20151220,13,0.46153846153846156,13,,6
2015_REG_15_HOU_IND_20151220,14,0.46153846153846156,13,,6
2015_REG_15_KC_BAL_20151220,3,0.3076923076923077,13,,6
2015_REG_15_KC_BAL_20151220,16,0.6153846153846154,13,,6
2015_REG_15_MIA_LAC_20151220,17,0.23076923076923078,13,,6
2015_REG_15_MIA_LAC_20151220,20,0.38461538461538464,13,,5
2015_REG_15_NYJ_DAL_20151219,9,0.3076923076923077,13,,5
2015_REG_15_NYJ_DAL_20151219,25,0.6153846153846154,13,,5
2015_REG_15_TB_LAR_20151217,18,0.38461538461538464,13,,3
2015_REG_15_TB_LAR_20151217,30,0.46153846153846156,13,,3
2015_REG_15_TEN_NE_20151220,22,0.8461538461538461,13,,6
2015_REG_15_TEN_NE_20151220,31,0.23076923076923078,13,,6
2015_REG_16_CAR_ATL_20151227,2,0.5,14,,6
2015_REG_16_CAR_ATL_20151227,5,1.0,14,,6
2015_REG_16_CHI_TB_20151227,6,0.35714285714285715,14,,6
2015_REG_16_CHI_TB_20151227,30,0.42857142857142855,14,,9
2015_REG_16_CIN_DEN_20151228,7,0.7857142857142857,14,,7
2015_REG_16_CIN_DEN_20151228,10,0.7142857142857143,14,,7
2015_REG_16_CLE_KC_20151227,8,0.21428571428571427,14,,6
2015_REG_16_CLE_KC_20151227,16,0.6428571428571429,14,,6
2015_REG_16_DAL_BUF_20151227,4,0.42857142857142855,14,,6
2015_REG_16_DAL_BUF_20151227,9,0.2857142857142857,14,,7
2015_REG_16_GB_ARI_20151227,1,0.8571428571428571,14,,6
2015_REG_16_GB_ARI_20151227,12,0.7142857142857143,14,,6
2015_REG_16_HOU_TEN_20151227,13,0.5,14,,6
2015_REG_16_HOU_TEN_20151227,31,0.21428571428571427,14,,6
2015_REG_16_IND_MIA_20151227,14,0.42857142857142855,14,,6
2015_REG_16_IND_MIA_20151227,20,0.35714285714285715,14,,6
2015_REG_16_JAX_NO_20151227,15,0.35714285714285715,14,,6
2015_REG_16_JAX_NO_20151227,23,0.35714285714285715,14,,5
2015_REG_16_LAC_LV_20151224,17,0.2857142857142857,14,,3
2015_REG_16_LAC_LV_20151224,19,0.42857142857142855,14,,3
2015_REG_16_LAR_SEA_20151227,18,0.42857142857142855,14,,9
2015_REG_16_LAR_SEA_20151227,28,0.6428571428571429,14,,6
2015_REG_16_NE_NYJ_20151227,22,0.8571428571428571,14,,6
2015_REG_16_NE_NYJ_20151227,25,0.6428571428571429,14,,7
2015_REG_16_NYG_MIN_20151227,21,0.6428571428571429,14,,6
2015_REG_16_NYG_MIN_20151227,24,0.42857142857142855,14,,6
2015_REG_16_PIT_BAL_20151227,3,0.2857142857142857,14,,6
2015_REG_16_PIT_BAL_20151227,27,0.6428571428571429,14,,6
2015_REG_16_SF_DET_20151227,11,0.35714285714285715,14,,5
2015_REG_16_SF_DET_20151227,29,0.2857142857142857,14,,6
2015_REG_16_WSH_PHI_20151226,26,0.42857142857142855,14,,5
2015_REG_16_WSH_PHI_20151226,32,0.5,14,,5
2015_REG_17_BAL_CIN_20160103,3,0.3333333333333333,15,,6
2015_REG_17_BAL_CIN_20160103,7,0.7333333333333333,15,,5
2015_REG_17_DET_CHI_20160103,6,0.4,15,,6
2015_REG_17_DET_CHI_20160103,11,0.4,15,,6
2015_REG_17_JAX_HOU_20160103,13,0.5333333333333333,15,,6
2015_REG_17_JAX_HOU_20160103,15,0.3333333333333333,15,,6
2015_REG_17_LAC_DEN_20160103,10,0.7333333333333333,15,,5
2015_REG_17_LAC_DEN_20160103,17,0.26666666666666666,15,,9
2015_REG_17_LAR_SF_20160103,18,0.4666666666666667,15,,6
2015_REG_17_LAR_SF_20160103,29,0.26666666666666666,15,,6
2015_REG_17_LV_KC_20160103,16,0.6666666666666666,15,,6
2015_REG_17_LV_KC_20160103,19,0.4666666666666667,15,,9
2015_REG_17_MIN_GB_20160103,12,0.6666666666666666,15,,6
2015_REG_17_MIN_GB_20160103,21,0.6666666666666666,15,,6
2015_REG_17_NE_MIA_20160103,20,0.3333333333333333,15,,6
2015_REG_17_NE_MIA_20160103,22,0.8,15,,6
2015_REG_17_NO_ATL_20160103,2,0.5333333333333333,15,,6
2015_REG_17_NO_ATL_20160103,23,0.4,15,,6
2015_REG_17_NYJ_BUF_20160103,4,0.4666666666666667,15,,6
2015_REG_17_NYJ_BUF_20160103,25,0.6666666666666666,15,,6
2015_REG_17_PHI_NYG_20160103,24,0.4,15,,6
2015_REG_17_PHI_NYG_20160103,26,0.4,15,,7
2015_REG_17_PIT_CLE_20160103,8,0.2,15,,6
2015_REG_17_PIT_CLE_20160103,27,0.6,15,,6
2015_REG_17_SEA_ARI_20160103,1,0.8666666666666667,15,,6
2015_REG_17_SEA_ARI_20160103,28,0.6,15,,6
2015_REG_17_TB_CAR_20160103,5,0.9333333333333333,15,,6
2015_REG_17_TB_CAR_20160103,30,0.4,15,,6
2015_REG_17_TEN_IND_20160103,14,0.4666666666666667,15,,6
2015_REG_17_TEN_IND_20160103,31,0.2,15,,6
2015_REG_17_WSH_DAL_20160103,9,0.26666666666666666,15,,6
2015_REG_17_WSH_DAL_20160103,32,0.5333333333333333,15,,7
2016_CON_20_GB_ATL_20170122,2,0.7058823529411765,17,0.5,7
2016_CON_20_GB_ATL_20170122,12,0.6666666666666666,18,0.6111111111111112,6
2016_CON_20_PIT_NE_20170122,22,0.8823529411764706,17,0.7222222222222222,7
2016_CON_20_PIT_NE_20170122,27,0.7222222222222222,18,0.6111111111111112,6
2016_POST_18_DET_SEA_20170107,11,0.5625,16,0.4375,5
2016_POST_18_DET_SEA_20170107,28,0.65625,16,0.6111111111111112,5
2016_POST_18_LV_HOU_20170107,13,0.5625,16,0.5294117647058824,5
2016_POST_18_LV_HOU_20170107,19,0.75,16,0.4375,5
2016_POST_18_MIA_PIT_20170108,20,0.625,16,0.375,6
2016_POST_18_MIA_PIT_20170108,27,0.6875,16,0.6111111111111112,6
2016_POST_18_NYG_GB_20170108,12,0.625,16,0.6111111111111112,6
2016_POST_18_NYG_GB_20170108,24,0.6875,16,0.375,6
2016_POST_19_GB_DAL_20170115,9,0.8125,16,0.25,13
2016_POST_19_GB_DAL_20170115,12,0.6470588235294118,17,0.6111111111111112,6
2016_POST_19_HOU_NE_20170114,13,0.5882352941176471,17,0.5294117647058824,6
2016_POST_19_HOU_NE_20170114,22,0.875,16,0.7222222222222222,12
2016_POST_19_PIT_KC_20170115,16,0.75,16,0.6666666666666666,13
2016_POST_19_PIT_KC_20170115,27,0.7058823529411765,17,0.6111111111111112,6
2016_POST_19_SEA_ATL_20170114,2,0.6875,16,0.5,12
2016_POST_19_SEA_ATL_20170114,28,0.6764705882352942,17,0.6111111111111112,6
2016_POST_21_NE_ATL_20170205,2,0.7222222222222222,18,0.5,13
2016_POST_21_NE_ATL_20170205,22,0.8888888888888888,18,0.7222222222222222,13
2016_REG_01_BUF_BAL_20160911,3,,0,0.3125,251
2016_REG_01_BUF_BAL_20160911,4,,0,0.5,251
2016_REG_01_CAR_DEN_20160908,5,,0,0.8947368421052632,213
2016_REG_01_CAR_DEN_20160908,10,,0,0.7894736842105263,213
2016_REG_01_CHI_HOU_20160911,6,,0,0.375,251
2016_REG_01_CHI_HOU_20160911,13,,0,0.5294117647058824,245
2016_REG_01_CIN_NYJ_20160911,7,,0,0.7058823529411765,245
2016_REG_01_CIN_NYJ_20160911,25,,0,0.625,251
2016_REG_01_CLE_PHI_20160911,8,,0,0.1875,251
2016_REG_01_CLE_PHI_20160911,26,,0,0.4375,251
2016_REG_01_DET_IND_20160911,11,,0,0.4375,251
2016_REG_01_DET_IND_20160911,14,,0,0.5,251
2016_REG_01_GB_JAX_20160911,12,,0,0.6111111111111112,238
2016_REG_01_GB_JAX_20160911,15,,0,0.3125,251
2016_REG_01_LAC_KC_20160911,16,,0,0.6666666666666666,238
2016_REG_01_LAC_KC_20160911,17,,0,0.25,251
2016_REG_01_LAR_SF_20160912,18,,0,0.4375,252
2016_REG_01_LAR_SF_20160912,29,,0,0.3125,252
2016_REG_01_LV_NO_20160911,19,,0,0.4375,251
2016_REG_01_LV_NO_20160911,23,,0,0.4375,251
2016_REG_01_MIA_SEA_20160911,20,,0,0.375,251
2016_REG_01_MIA_SEA_20160911,28,,0,0.6111111111111112,237
2016_REG_01_MIN_TEN_20160911,21,,0,0.6470588235294118,244
2016_REG_01_MIN_TEN_20160911,31,,0,0.1875,251
2016_REG_01_NE_ARI_20160911,1,,0,0.7777777777777778,230
2016_REG_01_NE_ARI_20160911,22,,0,0.7222222222222222,230
2016_REG_01_NYG_DAL_20160911,9,,0,0.25,251
2016_REG_01_NYG_DAL_20160911,24,,0,0.375,251
2016_REG_01_PIT_WSH_20160912,27,,0,0.6111111111111112,238
2016_REG_01_PIT_WSH_20160912,32,,0,0.5294117647058824,245
2016_REG_01_TB_ATL_20160911,2,,0,0.5,251
2016_REG_01_TB_ATL_20160911,30,,0,0.375,251
2016_REG_02_ATL_LV_20160918,2,0.0,1,0.5,6
2016_REG_02_ATL_LV_20160918,19,1.0,1,0.4375,6
2016_REG_02_BAL_CLE_20160918,3,1.0,1,0.3125,6
2016_REG_02_BAL_CLE_20160918,8,0.0,1,0.1875,6
2016_REG_02_CIN_PIT_20160918,7,1.0,1,0.7058823529411765,6
2016_REG_02_CIN_PIT_20160918,27,1.0,1,0.6111111111111112,5
2016_REG_02_DAL_WSH_20160918,9,0.0,1,0.25,6
2016_REG_02_DAL_WSH_20160918,32,0.0,1,0.5294117647058824,5
2016_REG_02_GB_MIN_20160918,12,1.0,1,0.6111111111111112,6
2016_REG_02_GB_MIN_20160918,21,1.0,1,0.6470588235294118,6
2016_REG_02_IND_DEN_20160918,10,1.0,1,0.7894736842105263,9
2016_REG_02_IND_DEN_20160918,14,0.0,1,0.5,6
2016_REG_02_JAX_LAC_20160918,15,0.0,1,0.3125,6
2016_REG_02_JAX_LAC_20160918,17,0.0,1,0.25,6
2016_REG_02_KC_HOU_20160918,13,1.0,1,0.5294117647058824,6
2016_REG_02_KC_HOU_20160918,16,1.0,1,0.6666666666666666,6
2016_REG_02_MIA_NE_20160918,20,0.0,1,0.375,6
2016_REG_02_MIA_NE_20160918,22,1.0,1,0.7222222222222222,6
2016_REG_02_NO_NYG_20160918,23,0.0,1,0.4375,6
2016_REG_02_NO_NYG_20160918,24,1.0,1,0.375,6
2016_REG_02_NYJ_BUF_20160915,4,0.0,1,0.5,3
2016_REG_02_NYJ_BUF_20160915,25,0.0,1,0.625,3
2016_REG_02_PHI_CHI_20160919,6,0.0,1,0.375,7
2016_REG_02_PHI_CHI_20160919,26,1.0,1,0.4375,7
2016_REG_02_SEA_LAR_20160918,18,0.0,1,0.4375,5
2016_REG_02_SEA_LAR_20160918,28,1.0,1,0.6111111111111112,6
2016_REG_02_SF_CAR_20160918,5,0.0,1,0.8947368421052632,9
2016_REG_02_SF_CAR_20160918,29,1.0,1,0.3125,5
2016_REG_02_TB_ARI_20160918,1,0.0,1,0.7777777777777778,6
2016_REG_02_TB_ARI_20160918,30,1.0,1,0.375,6
2016_REG_02_TEN_DET_20160918,11,1.0,1,0.4375,6
2016_REG_02_TEN_DET_20160918,31,0.0,1,0.1875,6
2016_REG_03_ARI_BUF_20160925,1,0.5,2,0.7777777777777778,6
2016_REG_03_ARI_BUF_20160925,4,0.0,2,0.5,9
2016_REG_03_ATL_NO_20160926,2,0.5,2,0.5,7
2016_REG_03_ATL_NO_20160926,23,0.0,2,0.4375,7
2016_REG_03_BAL_JAX_20160925,3,1.0,2,0.3125,6
2016_REG_03_BAL_JAX_20160925,15,0.0,2,0.3125,6
2016_REG_03_CHI_DAL_20160925,6,0.0,2,0.375,5
2016_REG_03_CHI_DAL_20160925,9,0.5,2,0.25,6
2016_REG_03_CLE_MIA_20160925,8,0.0,2,0.1875,6
2016_REG_03_CLE_MIA_20160925,20,0.0,2,0.375,6
2016_REG_03_DEN_CIN_20160925,7,0.5,2,0.7058823529411765,6
2016_REG_03_DEN_CIN_20160925,10,1.0,2,0.7894736842105263,6
2016_REG_03_DET_GB_20160925,11,0.5,2,0.4375,6
2016_REG_03_DET_GB_20160925,12,0.5,2,0.6111111111111112,6
2016_REG_03_HOU_NE_20160922,13,1.0,2,0.5294117647058824,3
2016_REG_03_HOU_NE_20160922,22,1.0,2,0.7222222222222222,3
2016_REG_03_LAC_IND_20160925,14,0.0,2,0.5,6
2016_REG_03_LAC_IND_20160925,17,0.5,2,0.25,6
2016_REG_03_LAR_TB_20160925,18,0.5,2,0.4375,6
2016_REG_03_LAR_TB_20160925,30,0.5,2,0.375,6
2016_REG_03_LV_TEN_20160925,19,0.5,2,0.4375,6
2016_REG_03_LV_TEN_20160925,31,0.5,2,0.1875,6
2016_REG_03_MIN_CAR_20160925,5,0.5,2,0.8947368421052632,6
2016_REG_03_MIN_CAR_20160925,21,1.0,2,0.6470588235294118,6
2016_REG_03_NYJ_KC_20160925,16,0.5,2,0.6666666666666666,6
2016_REG_03_NYJ_KC_20160925,25,0.5,2,0.625,9
2016_REG_03_PIT_PHI_20160925,26,1.0,2,0.4375,5
2016_REG_03_PIT_PHI_20160925,27,1.0,2,0.6111111111111112,6
2016_REG_03_SF_SEA_20160925,28,0.5,2,0.6111111111111112,6
2016_REG_03_SF_SEA_20160925,29,0.5,2,0.3125,6
2016_REG_03_WSH_NYG_20160925,24,1.0,2,0.375,6
2016_REG_03_WSH_NYG_20160925,32,0.0,2,0.5294117647058824,6
2016_REG_04_BUF_NE_20161002,4,0.3333333333333333,3,0.5,6
2016_REG_04_BUF_NE_20161002,22,1.0,3,0.7222222222222222,9
2016_REG_04_CAR_ATL_20161002,2,0.6666666666666666,3,0.5,5
2016_REG_04_CAR_ATL_20161002,5,0.3333333333333333,3,0.8947368421052632,6
2016_REG_04_CLE_WSH_20161002,8,0.0,3,0.1875,6
2016_REG_04_CLE_WSH_20161002,32,0.3333333333333333,3,0.5294117647058824,6
2016_REG_04_DAL_SF_20161002,9,0.6666666666666666,3,0.25,6
2016_REG_04_DAL_SF_20161002,29,0.3333333333333333,3,0.3125,6
2016_REG_04_DEN_TB_20161002,10,1.0,3,0.7894736842105263,6
2016_REG_04_DEN_TB_20161002,30,0.3333333333333333,3,0.375,6
2016_REG_04_DET_CHI_20161002,6,0.0,3,0.375,6
2016_REG_04_DET_CHI_20161002,11,0.3333333333333333,3,0.4375,6
2016_REG_04_IND_JAX_20161002,14,0.3333333333333333,3,0.5,6
2016_REG_04_IND_JAX_20161002,15,0.0,3,0.3125,6
2016_REG_04_KC_PIT_20161002,16,0.6666666666666666,3,0.6666666666666666,6
2016_REG_04_KC_PIT_20161002,27,0.6666666666666666,3,0.6111111111111112,6
2016_REG_04_LAR_ARI_20161002,1,0.3333333333333333,3,0.7777777777777778,6
2016_REG_04_LAR_ARI_20161002,18,0.6666666666666666,3,0.4375,6
2016_REG_04_LV_BAL_20161002,3,1.0,3,0.3125,6
2016_REG_04_LV_BAL_20161002,19,0.6666666666666666,3,0.4375,6
2016_REG_04_MIA_CIN_20160929,7,0.3333333333333333,3,0.7058823529411765,3
2016_REG_04_MIA_CIN_20160929,20,0.3333333333333333,3,0.375,3
2016_REG_04_NO_LAC_20161002,17,0.3333333333333333,3,0.25,6
2016_REG_04_NO_LAC_20161002,23,0.0,3,0.4375,5
2016_REG_04_NYG_MIN_20161003,21,1.0,3,0.6470588235294118,7
2016_REG_04_NYG_MIN_20161003,24,0.6666666666666666,3,0.375,7
2016_REG_04_SEA_NYJ_20161002,25,0.3333333333333333,3,0.625,6
2016_REG_04_SEA_NYJ_20161002,28,0.6666666666666666,3,0.6111111111111112,6
2016_REG_04_TEN_HOU_20161002,13,0.6666666666666666,3,0.5294117647058824,9
2016_REG_04_TEN_HOU_20161002,31,0.3333333333333333,3,0.1875,6
2016_REG_05_ARI_SF_20161006,1,0.25,4,0.7777777777777778,3
2016_REG_05_ARI_SF_20161006,29,0.25,4,0.3125,3
2016_REG_05_ATL_DEN_20161009,2,0.75,4,0.5,6
2016_REG_05_ATL_DEN_20161009,10,1.0,4,0.7894736842105263,6
2016_REG_05_BUF_LAR_20161009,4,0.5,4,0.5,6
2016_REG_05_BUF_LAR_20161009,18,0.75,4,0.4375,6
2016_REG_05_CHI_IND_20161009,6,0.25,4,0.375,6
2016_REG_05_CHI_IND_20161009,14,0.25,4,0.5,6
2016_REG_05_CIN_DAL_20161009,7,0.5,4,0.7058823529411765,9
2016_REG_05_CIN_DAL_20161009,9,0.75,4,0.25,6
2016_REG_05_HOU_MIN_20161009,13,0.75,4,0.5294117647058824,6
2016_REG_05_HOU_MIN_20161009,21,1.0,4,0.6470588235294118,5
2016_REG_05_LAC_LV_20161009,17,0.25,4,0.25,6
2016_REG_05_LAC_LV_20161009,19,0.75,4,0.4375,6
2016_REG_05_NE_CLE_20161009,8,0.0,4,0.1875,6
2016_REG_05_NE_CLE_20161009,22,0.75,4,0.7222222222222222,6
2016_REG_05_NYG_GB_20161009,12,0.6666666666666666,3,0.6111111111111112,13
2016_REG_05_NYG_GB_20161009,24,0.5,4,0.375,5
2016_REG_05_NYJ_PIT_20161009,25,0.25,4,0.625,6
2016_REG_05_NYJ_PIT_20161009,27,0.75,4,0.6111111111111112,6
2016_REG_05_PHI_DET_20161009,11,0.25,4,0.4375,6
2016_REG_05_PHI_DET_20161009,26,1.0,3,0.4375,13
2016_REG_05_TB_CAR_20161010,5,0.25,4,0.8947368421052632,7
2016_REG_05_TB_CAR_20161010,30,0.25,4,0.375,7
2016_REG_05_TEN_MIA_20161009,20,0.25,4,0.375,9
2016_REG_05_TEN_MIA_20161009,31,0.25,4,0.1875,6
2016_REG_05_WSH_BAL_20161009,3,0.75,4,0.3125,6
2016_REG_05_WSH_BAL_20161009,32,0.5,4,0.5294117647058824,6
2016_REG_06_ATL_SEA_20161016,2,0.8,5,0.5,6
2016_REG_06_ATL_SEA_20161016,28,0.75,4,0.6111111111111112,13
2016_REG_06_BAL_NYG_20161016,3,0.6,5,0.3125,6
2016_REG_06_BAL_NYG_20161016,24,0.4,5,0.375,6
2016_REG_06_CAR_NO_20161016,5,0.2,5,0.8947368421052632,5
2016_REG_06_CAR_NO_20161016,23,0.25,4,0.4375,13
2016_REG_06_CIN_NE_20161016,7,0.4,5,0.7058823529411765,6
2016_REG_06_CIN_NE_20161016,22,0.8,5,0.7222222222222222,6
2016_REG_06_CLE_TEN_20161016,8,0.0,5,0.1875,6
2016_REG_06_CLE_TEN_20161016,31,0.4,5,0.1875,6
2016_REG_06_DAL_GB_20161016,9,0.8,5,0.25,6
2016_REG_06_DAL_GB_20161016,12,0.75,4,0.6111111111111112,6
2016_REG_06_DEN_LAC_20161013,10,0.8,5,0.7894736842105263,3
2016_REG_06_DEN_LAC_20161013,17,0.2,5,0.25,3
2016_REG_06_IND_HOU_20161016,13,0.6,5,0.5294117647058824,6
2016_REG_06_IND_HOU_20161016,14,0.4,5,0.5,6
2016_REG_06_JAX_CHI_20161016,6,0.2,5,0.375,6
2016_REG_06_JAX_CHI_20161016,15,0.25,4,0.3125,13
2016_REG_06_KC_LV_20161016,16,0.5,4,0.6666666666666666,13
2016_REG_06_KC_LV_20161016,19,0.8,5,0.4375,6
2016_REG_06_LAR_DET_20161016,11,0.4,5,0.4375,6
2016_REG_06_LAR_DET_20161016,18,0.6,5,0.4375,6
2016_REG_06_NYJ_ARI_20161017,1,0.4,5,0.7777777777777778,10
2016_REG_06_NYJ_ARI_20161017,25,0.2,5,0.625,7
2016_REG_06_PHI_WSH_20161016,26,0.75,4,0.4375,6
2016_REG_06_PHI_WSH_20161016,32,0.6,5,0.5294117647058824,6
2016_REG_06_PIT_MIA_20161016,20,0.2,5,0.375,6
2016_REG_06_PIT_MIA_20161016,27,0.8,5,0.6111111111111112,6
2016_REG_06_SF_BUF_20161016,4,0.6,5,0.5,6
2016_REG_06_SF_BUF_20161016,29,0.2,5,0.3125,9
2016_REG_07_BAL_NYJ_20161023,3,0.5,6,0.3125,6
2016_REG_07_BAL_NYJ_20161023,25,0.16666666666666666,6,0.625,5
2016_REG_07_BUF_MIA_20161023,4,0.6666666666666666,6,0.5,6
2016_REG_07_BUF_MIA_20161023,20,0.3333333333333333,6,0.375,6
2016_REG_07_CHI_GB_20161020,6,0.16666666666666666,6,0.375,3
2016_REG_07_CHI_GB_20161020,12,0.6,5,0.6111111111111112,3
2016_REG_07_CLE_CIN_20161023,7,0.3333333333333333,6,0.7058823529411765,6
2016_REG_07_CLE_CIN_20161023,8,0.0,6,0.1875,6
2016_REG_07_HOU_DEN_20161024,10,0.6666666666666666,6,0.7894736842105263,10
2016_REG_07_HOU_DEN_20161024,13,0.6666666666666666,6,0.5294117647058824,7
2016_REG_07_IND_TEN_20161023,14,0.3333333333333333,6,0.5,6
2016_REG_07_IND_TEN_20161023,31,0.5,6,0.1875,6
2016_REG_07_LAC_ATL_20161023,2,0.6666666666666666,6,0.5,6
2016_REG_07_LAC_ATL_20161023,17,0.3333333333333333,6,0.25,9
2016_REG_07_LV_JAX_20161023,15,0.4,5,0.3125,6
2016_REG_07_LV_JAX_20161023,19,0.6666666666666666,6,0.4375,6
2016_REG_07_MIN_PHI_20161023,21,1.0,5,0.6470588235294118,13
2016_REG_07_MIN_PHI_20161023,26,0.6,5,0.4375,6
2016_REG_07_NE_PIT_20161023,22,0.8333333333333334,6,0.7222222222222222,6
2016_REG_07_NE_PIT_20161023,27,0.6666666666666666,6,0.6111111111111112,6
2016_REG_07_NO_KC_20161023,16,0.6,5,0.6666666666666666,6
2016_REG_07_NO_KC_20161023,23,0.4,5,0.4375,6
2016_REG_07_NYG_LAR_20161023,18,0.5,6,0.4375,6
2016_REG_07_NYG_LAR_20161023,24,0.5,6,0.375,6
2016_REG_07_SEA_ARI_20161023,1,0.5,6,0.7777777777777778,5
2016_REG_07_SEA_ARI_20161023,28,0.8,5,0.6111111111111112,6
2016_REG_07_TB_SF_20161023,29,0.16666666666666666,6,0.3125,6
2016_REG_07_TB_SF_20161023,30,0.4,5,0.375,12
2016_REG_07_WSH_DET_20161023,11,0.5,6,0.4375,6
2016_REG_07_WSH_DET_20161023,32,0.6666666666666666,6,0.5294117647058824,6
2016_REG_08_ARI_CAR_20161030,1,0.5,7,0.7777777777777778,6
2016_REG_08_ARI_CAR_20161030,5,0.16666666666666666,6,0.8947368421052632,13
2016_REG_08_DET_HOU_20161030,11,0.5714285714285714,7,0.4375,6
2016_REG_08_DET_HOU_20161030,13,0.5714285714285714,7,0.5294117647058824,5
2016_REG_08_GB_ATL_20161030,2,0.5714285714285714,7,0.5,6
2016_REG_08_GB_ATL_20161030,12,0.6666666666666666,6,0.6111111111111112,9
2016_REG_08_JAX_TEN_20161027,15,0.3333333333333333,6,0.3125,3
2016_REG_08_JAX_TEN_20161027,31,0.42857142857142855,7,0.1875,3
2016_REG_08_KC_IND_20161030,14,0.42857142857142855,7,0.5,6
2016_REG_08_KC_IND_20161030,16,0.6666666666666666,6,0.6666666666666666,6
2016_REG_08_LAC_DEN_20161030,10,0.7142857142857143,7,0.7894736842105263,5
2016_REG_08_LAC_DEN_20161030,17,0.42857142857142855,7,0.25,6
2016_REG_08_LV_TB_20161030,19,0.7142857142857143,7,0.4375,6
2016_REG_08_LV_TB_20161030,30,0.5,6,0.375,6
2016_REG_08_MIN_CHI_20161031,6,0.14285714285714285,7,0.375,10
2016_REG_08_MIN_CHI_20161031,21,0.8333333333333334,6,0.6470588235294118,7
2016_REG_08_NE_BUF_20161030,4,0.5714285714285714,7,0.5,6
2016_REG_08_NE_BUF_20161030,22,0.8571428571428571,7,0.7222222222222222,6
2016_REG_08_NYJ_CLE_20161030,8,0.0,7,0.1875,6
2016_REG_08_NYJ_CLE_20161030,25,0.2857142857142857,7,0.625,6
2016_REG_08_PHI_DAL_20161030,9,0.8333333333333334,6,0.25,13
2016_REG_08_PHI_DAL_20161030,26,0.6666666666666666,6,0.4375,6
2016_REG_08_SEA_NO_20161030,23,0.3333333333333333,6,0.4375,6
2016_REG_08_SEA_NO_20161030,28,0.75,6,0.6111111111111112,6
2016_REG_08_WSH_CIN_20161030,7,0.42857142857142855,7,0.7058823529411765,6
2016_REG_08_WSH_CIN_20161030,32,0.5714285714285714,7,0.5294117647058824,6
2016_REG_09_ATL_TB_20161103,2,0.625,8,0.5,3
2016_REG_09_ATL_TB_20161103,30,0.42857142857142855,7,0.375,3
2016_REG_09_BUF_SEA_20161107,4,0.5,8,0.5,7
2016_REG_09_BUF_SEA_20161107,28,0.6428571428571429,7,0.6111111111111112,7
2016_REG_09_CAR_LAR_20161106,5,0.2857142857142857,7,0.8947368421052632,6
2016_REG_09_CAR_LAR_20161106,18,0.42857142857142855,7,0.4375,13
2016_REG_09_DAL_CLE_20161106,8,0.0,8,0.1875,6
2016_REG_09_DAL_CLE_20161106,9,0.8571428571428571,7,0.25,6
2016_REG_09_DEN_LV_20161106,10,0.75,8,0.7894736842105263,6
2016_REG_09_DEN_LV_20161106,19,0.75,8,0.4375,6
2016_REG_09_DET_MIN_20161106,11,0.5,8,0.4375,6
2016_REG_09_DET_MIN_20161106,21,0.7142857142857143,7,0.6470588235294118,5
2016_REG_09_IND_GB_20161106,12,0.5714285714285714,7,0.6111111111111112,6
2016_REG_09_IND_GB_20161106,14,0.375,8,0.5,6
2016_REG_09_JAX_KC_20161106,15,0.2857142857142857,7,0.3125,9
2016_REG_09_JAX_KC_20161106,16,0.7142857142857143,7,0.6666666666666666,6
2016_REG_09_NO_SF_20161106,23,0.42857142857142855,7,0.4375,6
2016_REG_09_NO_SF_20161106,29,0.14285714285714285,7,0.3125,13
2016_REG_09_NYJ_MIA_20161106,20,0.42857142857142855,7,0.375,13
2016_REG_09_NYJ_MIA_20161106,25,0.375,8,0.625,6
2016_REG_09_PHI_NYG_20161106,24,0.5714285714285714,7,0.375,13
2016_REG_09_PHI_NYG_20161106,26,0.5714285714285714,7,0.4375,6
2016_REG_09_PIT_BAL_20161106,3,0.42857142857142855,7,0.3125,13
2016_REG_09_PIT_BAL_20161106,27,0.5714285714285714,7,0.6111111111111112,13
2016_REG_09_TEN_LAC_20161106,17,0.375,8,0.25,6
2016_REG_09_TEN_LAC_20161106,31,0.5,8,0.1875,9
2016_REG_10_ATL_PHI_20161113,2,0.6666666666666666,9,0.5,9
2016_REG_10_ATL_PHI_20161113,26,0.5,8,0.4375,6
2016_REG_10_CHI_TB_20161113,6,0.25,8,0.375,12
2016_REG_10_CHI_TB_20161113,30,0.375,8,0.375,9
2016_REG_10_CIN_NYG_20161114,7,0.4375,8,0.7058823529411765,14
2016_REG_10_CIN_NYG_20161114,24,0.625,8,0.375,7
2016_REG_10_CLE_BAL_20161110,3,0.5,8,0.3125,3
2016_REG_10_CLE_BAL_20161110,8,0.0,9,0.1875,3
2016_REG_10_DAL_PIT_20161113,9,0.875,8,0.25,6
2016_REG_10_DAL_PIT_20161113,27,0.5,8,0.6111111111111112,6
2016_REG_10_DEN_NO_20161113,10,0.6666666666666666,9,0.7894736842105263,6
2016_REG_10_DEN_NO_20161113,23,0.5,8,0.4375,6
2016_REG_10_GB_TEN_20161113,12,0.5,8,0.6111111111111112,6
2016_REG_10_GB_TEN_20161113,31,0.4444444444444444,9,0.1875,6
2016_REG_10_HOU_JAX_20161113,13,0.625,8,0.5294117647058824,13
2016_REG_10_HOU_JAX_20161113,15,0.25,8,0.3125,6
2016_REG_10_KC_CAR_20161113,5,0.375,8,0.8947368421052632,6
2016_REG_10_KC_CAR_20161113,16,0.75,8,0.6666666666666666,6
2016_REG_10_LAR_NYJ_20161113,18,0.375,8,0.4375,6
2016_REG_10_LAR_NYJ_20161113,25,0.3333333333333333,9,0.625,6
2016_REG_10_MIA_LAC_20161113,17,0.4444444444444444,9,0.25,6
2016_REG_10_MIA_LAC_20161113,20,0.5,8,0.375,6
2016_REG_10_MIN_WSH_20161113,21,0.625,8,0.6470588235294118,6
2016_REG_10_MIN_WSH_20161113,32,0.5625,8,0.5294117647058824,13
2016_REG_10_SEA_NE_20161113,22,0.875,8,0.7222222222222222,13
2016_REG_10_SEA_NE_20161113,28,0.6875,8,0.6111111111111112,5
2016_REG_10_SF_ARI_20161113,1,0.4375,8,0.7777777777777778,13
2016_REG_10_SF_ARI_20161113,29,0.125,8,0.3125,6
2016_REG_11_ARI_MIN_20161120,1,0.5,9,0.7777777777777778,6
2016_REG_11_ARI_MIN_20161120,21,0.5555555555555556,9,0.6470588235294118,6
2016_REG_11_BAL_DAL_20161120,3,0.5555555555555556,9,0.3125,9
2016_REG_11_BAL_DAL_20161120,9,0.8888888888888888,9,0.25,6
2016_REG_11_BUF_CIN_20161120,4,0.4444444444444444,9,0.5,12
2016_REG_11_BUF_CIN_20161120,7,0.3888888888888889,9,0.7058823529411765,5
2016_REG_11_CHI_NYG_20161120,6,0.2222222222222222,9,0.375,6
2016_REG_11_CHI_NYG_20161120,24,0.6666666666666666,9,0.375,5
2016_REG_11_GB_WSH_20161120,12,0.4444444444444444,9,0.6111111111111112,6
2016_REG_11_GB_WSH_20161120,32,0.6111111111111112,9,0.5294117647058824,6
2016_REG_11_HOU_LV_20161121,13,0.6666666666666666,9,0.5294117647058824,7
2016_REG_11_HOU_LV_20161121,19,0.7777777777777778,9,0.4375,14
2016_REG_11_JAX_DET_20161120,11,0.5555555555555556,9,0.4375,13
2016_REG_11_JAX_DET_20161120,15,0.2222222222222222,9,0.3125,6
2016_REG_11_MIA_LAR_20161120,18,0.4444444444444444,9,0.4375,6
2016_REG_11_MIA_LAR_20161120,20,0.5555555555555556,9,0.375,6
2016_REG_11_NE_SF_20161120,22,0.7777777777777778,9,0.7222222222222222,6
2016_REG_11_NE_SF_20161120,29,0.1111111111111111,9,0.3125,6
2016_REG_11_NO_CAR_20161117,5,0.3333333333333333,9,0.8947368421052632,3
2016_REG_11_NO_CAR_20161117,23,0.4444444444444444,9,0.4375,3
2016_REG_11_PHI_SEA_20161120,26,0.5555555555555556,9,0.4375,6
2016_REG_11_PHI_SEA_20161120,28,0.7222222222222222,9,0.6111111111111112,6
2016_REG_11_PIT_CLE_20161120,8,0.0,10,0.1875,9
2016_REG_11_PIT_CLE_20161120,27,0.4444444444444444,9,0.6111111111111112,6
2016_REG_11_TB_KC_20161120,16,0.7777777777777778,9,0.6666666666666666,6
2016_REG_11_TB_KC_20161120,30,0.4444444444444444,9,0.375,6
2016_REG_11_TEN_IND_20161120,14,0.4444444444444444,9,0.5,13
2016_REG_11_TEN_IND_20161120,31,0.5,10,0.1875,6
2016_REG_12_ARI_ATL_20161127,1,0.45,10,0.7777777777777778,6
2016_REG_12_ARI_ATL_20161127,2,0.6,10,0.5,13
2016_REG_12_CAR_LV_20161127,5,0.4,10,0.8947368421052632,9
2016_REG_12_CAR_LV_20161127,19,0.8,10,0.4375,5
2016_REG_12_CIN_BAL_20161127,3,0.5,10,0.3125,6
2016_REG_12_CIN_BAL_20161127,7,0.35,10,0.7058823529411765,6
2016_REG_12_GB_PHI_20161128,12,0.4,10,0.6111111111111112,7
2016_REG_12_GB_PHI_20161128,26,0.5,10,0.4375,7
2016_REG_12_JAX_BUF_20161127,4,0.5,10,0.5,6
2016_REG_12_JAX_BUF_20161127,15,0.2,10,0.3125,6
2016_REG_12_KC_DEN_20161127,10,0.7,10,0.7894736842105263,13
2016_REG_12_KC_DEN_20161127,16,0.7,10,0.6666666666666666,6
2016_REG_12_LAC_HOU_20161127,13,0.6,10,0.5294117647058824,5
2016_REG_12_LAC_HOU_20161127,17,0.4,10,0.25,13
2016_REG_12_LAR_NO_20161127,18,0.4,10,0.4375,6
2016_REG_12_LAR_NO_20161127,23,0.4,10,0.4375,9
2016_REG_12_MIN_DET_20161124,11,0.6,10,0.4375,3
2016_REG_12_MIN_DET_20161124,21,0.6,10,0.6470588235294118,3
2016_REG_12_NE_NYJ_20161127,22,0.8,10,0.7222222222222222,6
2016_REG_12_NE_NYJ_20161127,25,0.3,10,0.625,13
2016_REG_12_NYG_CLE_20161127,8,0.0,11,0.1875,6
2016_REG_12_NYG_CLE_20161127,24,0.7,10,0.375,6
2016_REG_12_PIT_IND_20161124,14,0.5,10,0.5,3
2016_REG_12_PIT_IND_20161124,27,0.5,10,0.6111111111111112,3
2016_REG_12_SEA_TB_20161127,28,0.75,10,0.6111111111111112,6
2016_REG_12_SEA_TB_20161127,30,0.5,10,0.375,6
2016_REG_12_SF_MIA_20161127,20,0.6,10,0.375,6
2016_REG_12_SF_MIA_20161127,29,0.1,10,0.3125,6
2016_REG_12_TEN_CHI_20161127,6,0.2,10,0.375,6
2016_REG_12_TEN_CHI_20161127,31,0.45454545454545453,11,0.1875,6
2016_REG_12_WSH_DAL_20161124,9,0.9,10,0.25,3
2016_REG_12_WSH_DAL_20161124,32,0.65,10,0.5294117647058824,3
2016_REG_13_BUF_LV_20161204,4,0.5454545454545454,11,0.5,6
2016_REG_13_BUF_LV_20161204,19,0.8181818181818182,11,0.4375,6
2016_REG_13_CAR_SEA_20161204,5,0.36363636363636365,11,0.8947368421052632,6
2016_REG_13_CAR_SEA_20161204,28,0.6818181818181818,11,0.6111111111111112,6
2016_REG_13_DAL_MIN_20161201,9,0.9090909090909091,11,0.25,6
2016_REG_13_DAL_MIN_20161201,21,0.5454545454545454,11,0.6470588235294118,6
2016_REG_13_DEN_JAX_20161204,10,0.6363636363636364,11,0.7894736842105263,6
2016_REG_13_DEN_JAX_20161204,15,0.18181818181818182,11,0.3125,6
2016_REG_13_DET_NO_20161204,11,0.6363636363636364,11,0.4375,9
2016_REG_13_DET_NO_20161204,23,0.45454545454545453,11,0.4375,6
2016_REG_13_HOU_GB_20161204,12,0.45454545454545453,11,0.6111111111111112,5
2016_REG_13_HOU_GB_20161204,13,0.5454545454545454,11,0.5294117647058824,6
2016_REG_13_IND_NYJ_20161205,14,0.45454545454545453,11,0.5,10
2016_REG_13_IND_NYJ_20161205,25,0.2727272727272727,11,0.625,7
2016_REG_13_KC_ATL_20161204,2,0.6363636363636364,11,0.5,6
2016_REG_13_KC_ATL_20161204,16,0.7272727272727273,11,0.6666666666666666,6
2016_REG_13_LAR_NE_20161204,18,0.36363636363636365,11,0.4375,6
2016_REG_13_LAR_NE_20161204,22,0.8181818181818182,11,0.7222222222222222,6
2016_REG_13_MIA_BAL_20161204,3,0.5454545454545454,11,0.3125,6
2016_REG_13_MIA_BAL_20161204,20,0.6363636363636364,11,0.375,6
2016_REG_13_NYG_PIT_20161204,24,0.7272727272727273,11,0.375,6
2016_REG_13_NYG_PIT_20161204,27,0.5454545454545454,11,0.6111111111111112,9
2016_REG_13_PHI_CIN_20161204,7,0.3181818181818182,11,0.7058823529411765,6
2016_REG_13_PHI_CIN_20161204,26,0.45454545454545453,11,0.4375,5
2016_REG_13_SF_CHI_20161204,6,0.18181818181818182,11,0.375,6
2016_REG_13_SF_CHI_20161204,29,0.09090909090909091,11,0.3125,6
2016_REG_13_TB_LAC_20161204,17,0.45454545454545453,11,0.25,6
2016_REG_13_TB_LAC_20161204,30,0.5454545454545454,11,0.375,6
2016_REG_13_WSH_ARI_20161204,1,0.4090909090909091,11,0.7777777777777778,6
2016_REG_13_WSH_ARI_20161204,32,0.5909090909090909,11,0.5294117647058824,9
2016_REG_14_ARI_MIA_20161211,1,0.4583333333333333,12,0.7777777777777778,6
2016_REG_14_ARI_MIA_20161211,20,0.5833333333333334,12,0.375,6
2016_REG_14_ATL_LAR_20161211,2,0.5833333333333334,12,0.5,6
2016_REG_14_ATL_LAR_20161211,18,0.3333333333333333,12,0.4375,6
2016_REG_14_BAL_NE_20161212,3,0.5833333333333334,12,0.3125,7
2016_REG_14_BAL_NE_20161212,22,0.8333333333333334,12,0.7222222222222222,7
2016_REG_14_CHI_DET_20161211,6,0.25,12,0.375,6
2016_REG_14_CHI_DET_20161211,11,0.6666666666666666,12,0.4375,6
2016_REG_14_CIN_CLE_20161211,7,0.375,12,0.7058823529411765,6
2016_REG_14_CIN_CLE_20161211,8,0.0,12,0.1875,13
2016_REG_14_DAL_NYG_20161211,9,0.9166666666666666,12,0.25,9
2016_REG_14_DAL_NYG_20161211,24,0.6666666666666666,12,0.375,6
2016_REG_14_DEN_TEN_20161211,10,0.6666666666666666,12,0.7894736842105263,6
2016_REG_14_DEN_TEN_20161211,31,0.5,12,0.1875,13
2016_REG_14_HOU_IND_20161211,13,0.5,12,0.5294117647058824,6
2016_REG_14_HOU_IND_20161211,14,0.5,12,0.5,5
2016_REG_14_LAC_CAR_20161211,5,0.3333333333333333,12,0.8947368421052632,6
2016_REG_14_LAC_CAR_20161211,17,0.4166666666666667,12,0.25,6
2016_REG_14_LV_KC_20161208,16,0.75,12,0.6666666666666666,3
2016_REG_14_LV_KC_20161208,19,0.8333333333333334,12,0.4375,3
2016_REG_14_MIN_JAX_20161211,15,0.16666666666666666,12,0.3125,6
2016_REG_14_MIN_JAX_20161211,21,0.5,12,0.6470588235294118,9
2016_REG_14_NO_TB_20161211,23,0.4166666666666667,12,0.4375,6
2016_REG_14_NO_TB_20161211,30,0.5833333333333334,12,0.375,6
2016_REG_14_NYJ_SF_20161211,25,0.25,12,0.625,5
2016_REG_14_NYJ_SF_20161211,29,0.08333333333333333,12,0.3125,6
2016_REG_14_PIT_BUF_20161211,4,0.5,12,0.5,6
2016_REG_14_PIT_BUF_20161211,27,0.5833333333333334,12,0.6111111111111112,6
2016_REG_14_SEA_GB_20161211,12,0.5,12,0.6111111111111112,6
2016_REG_14_SEA_GB_20161211,28,0.7083333333333334,12,0.6111111111111112,6
2016_REG_14_WSH_PHI_20161211,26,0.4166666666666667,12,0.4375,6
2016_REG_14_WSH_PHI_20161211,32,0.5416666666666666,12,0.5294117647058824,6
2016_REG_15_CAR_WSH_20161219,5,0.38461538461538464,13,0.8947368421052632,7
2016_REG_15_CAR_WSH_20161219,32,0.5769230769230769,13,0.5294117647058824,7
2016_REG_15_CLE_BUF_20161218,4,0.46153846153846156,13,0.5,6
2016_REG_15_CLE_BUF_20161218,8,0.0,13,0.1875,6
2016_REG_15_DET_NYG_20161218,11,0.6923076923076923,13,0.4375,6
2016_REG_15_DET_NYG_20161218,24,0.6923076923076923,13,0.375,6
2016_REG_15_GB_CHI_20161218,6,0.23076923076923078,13,0.375,6
2016_REG_15_GB_CHI_20161218,12,0.5384615384615384,13,0.6111111111111112,6
2016_REG_15_IND_MIN_20161218,14,0.46153846153846156,13,0.5,6
2016_REG_15_IND_MIN_20161218,21,0.5384615384615384,13,0.6470588235294118,6
2016_REG_15_JAX_HOU_20161218,13,0.5384615384615384,13,0.5294117647058824,6
2016_REG_15_JAX_HOU_20161218,15,0.15384615384615385,13,0.3125,6
2016_REG_15_LAR_SEA_20161215,18,0.3076923076923077,13,0.4375,3
2016_REG_15_LAR_SEA_20161215,28,0.6538461538461539,13,0.6111111111111112,3
2016_REG_15_LV_LAC_20161218,17,0.38461538461538464,13,0.25,6
2016_REG_15_LV_LAC_20161218,19,0.7692307692307693,13,0.4375,9
2016_REG_15_MIA_NYJ_20161217,20,0.6153846153846154,13,0.375,5
2016_REG_15_MIA_NYJ_20161217,25,0.3076923076923077,13,0.625,5
2016_REG_15_NE_DEN_20161218,10,0.6153846153846154,13,0.7894736842105263,6
2016_REG_15_NE_DEN_20161218,22,0.8461538461538461,13,0.7222222222222222,5
2016_REG_15_NO_ARI_20161218,1,0.4230769230769231,13,0.7777777777777778,6
2016_REG_15_NO_ARI_20161218,23,0.38461538461538464,13,0.4375,6
2016_REG_15_PHI_BAL_20161218,3,0.5384615384615384,13,0.3125,5
2016_REG_15_PHI_BAL_20161218,26,0.38461538461538464,13,0.4375,6
2016_REG_15_PIT_CIN_20161218,7,0.4230769230769231,13,0.7058823529411765,6
2016_REG_15_PIT_CIN_20161218,27,0.6153846153846154,13,0.6111111111111112,6
2016_REG_15_SF_ATL_20161218,2,0.6153846153846154,13,0.5,6
2016_REG_15_SF_ATL_20161218,29,0.07692307692307693,13,0.3125,6
2016_REG_15_TB_DAL_20161218,9,0.8461538461538461,13,0.25,6
2016_REG_15_TB_DAL_20161218,30,0.6153846153846154,13,0.375,6
2016_REG_15_TEN_KC_20161218,16,0.7692307692307693,13,0.6666666666666666,9
2016_REG_15_TEN_KC_20161218,31,0.5384615384615384,13,0.1875,6
2016_REG_16_ARI_SEA_20161224,1,0.39285714285714285,14,0.7777777777777778,5
2016_REG_16_ARI_SEA_20161224,28,0.6785714285714286,14,0.6111111111111112,8
2016_REG_16_ATL_CAR_20161224,2,0.6428571428571429,14,0.5,5
2016_REG_16_ATL_CAR_20161224,5,0.42857142857142855,14,0.8947368421052632,4
2016_REG_16_BAL_PIT_20161225,3,0.5714285714285714,14,0.3125,6
2016_REG_16_BAL_PIT_20161225,27,0.6428571428571429,14,0.6111111111111112,6
2016_REG_16_CIN_HOU_20161224,7,0.39285714285714285,14,0.7058823529411765,5
2016_REG_16_CIN_HOU_20161224,13,0.5714285714285714,14,0.5294117647058824,5
2016_REG_16_DEN_KC_20161225,10,0.5714285714285714,14,0.7894736842105263,6
2016_REG_16_DEN_KC_20161225,16,0.7142857142857143,14,0.6666666666666666,6
2016_REG_16_DET_DAL_20161226,9,0.8571428571428571,14,0.25,7
2016_REG_16_DET_DAL_20161226,11,0.6428571428571429,14,0.4375,7
2016_REG_16_IND_LV_20161224,14,0.5,14,0.5,5
2016_REG_16_IND_LV_20161224,19,0.7857142857142857,14,0.4375,5
2016_REG_16_LAC_CLE_20161224,8,0.0,14,0.1875,5
2016_REG_16_LAC_CLE_20161224,17,0.35714285714285715,14,0.25,5
2016_REG_16_MIA_BUF_20161224,4,0.5,14,0.5,5
2016_REG_16_MIA_BUF_20161224,20,0.6428571428571429,14,0.375,6
2016_REG_16_MIN_GB_20161224,12,0.5714285714285714,14,0.6111111111111112,5
2016_REG_16_MIN_GB_20161224,21,0.5,14,0.6470588235294118,5
2016_REG_16_NYG_PHI_20161222,24,0.7142857142857143,14,0.375,3
2016_REG_16_NYG_PHI_20161222,26,0.35714285714285715,14,0.4375,3
2016_REG_16_NYJ_NE_20161224,22,0.8571428571428571,14,0.7222222222222222,5
2016_REG_16_NYJ_NE_20161224,25,0.2857142857142857,14,0.625,6
2016_REG_16_SF_LAR_20161224,18,0.2857142857142857,14,0.4375,8
2016_REG_16_SF_LAR_20161224,29,0.07142857142857142,14,0.3125,5
2016_REG_16_TB_NO_20161224,23,0.42857142857142855,14,0.4375,5
2016_REG_16_TB_NO_20161224,30,0.5714285714285714,14,0.375,5
2016_REG_16_TEN_JAX_20161224,15,0.14285714285714285,14,0.3125,5
2016_REG_16_TEN_JAX_20161224,31,0.5714285714285714,14,0.1875,5
2016_REG_16_WSH_CHI_20161224,6,0.21428571428571427,14,0.375,5
2016_REG_16_WSH_CHI_20161224,32,0.5357142857142857,14,0.5294117647058824,4
2016_REG_17_ARI_LAR_20170101,1,0.43333333333333335,15,0.7777777777777778,7
2016_REG_17_ARI_LAR_20170101,18,0.26666666666666666,15,0.4375,7
2016_REG_17_BAL_CIN_20170101,3,0.5333333333333333,15,0.3125,6
2016_REG_17_BAL_CIN_20170101,7,0.36666666666666664,15,0.7058823529411765,7
2016_REG_17_BUF_NYJ_20170101,4,0.4666666666666667,15,0.5,7
2016_REG_17_BUF_NYJ_20170101,25,0.26666666666666666,15,0.625,7
2016_REG_17_CAR_TB_20170101,5,0.4,15,0.8947368421052632,7
2016_REG_17_CAR_TB_20170101,30,0.5333333333333333,15,0.375,7
2016_REG_17_CHI_MIN_20170101,6,0.2,15,0.375,7
2016_REG_17_CHI_MIN_20170101,21,0.4666666666666667,15,0.6470588235294118,7
2016_REG_17_CLE_PIT_20170101,8,0.06666666666666667,15,0.1875,7
2016_REG_17_CLE_PIT_20170101,27,0.6666666666666666,15,0.6111111111111112,6
2016_REG_17_DAL_PHI_20170101,9,0.8666666666666667,15,0.25,5
2016_REG_17_DAL_PHI_20170101,26,0.4,15,0.4375,9
2016_REG_17_GB_DET_20170101,11,0.6,15,0.4375,5
2016_REG_17_GB_DET_20170101,12,0.6,15,0.6111111111111112,7
2016_REG_17_HOU_TEN_20170101,13,0.6,15,0.5294117647058824,7
2016_REG_17_HOU_TEN_20170101,31,0.5333333333333333,15,0.1875,7
2016_REG_17_JAX_IND_20170101,14,0.4666666666666667,15,0.5,7
2016_REG_17_JAX_IND_20170101,15,0.2,15,0.3125,7
2016_REG_17_KC_LAC_20170101,16,0.7333333333333333,15,0.6666666666666666,6
2016_REG_17_KC_LAC_20170101,17,0.3333333333333333,15,0.25,7
2016_REG_17_LV_DEN_20170101,10,0.5333333333333333,15,0.7894736842105263,6
2016_REG_17_LV_DEN_20170101,19,0.8,15,0.4375,7
2016_REG_17_NE_MIA_20170101,20,0.6666666666666666,15,0.375,7
2016_REG_17_NE_MIA_20170101,22,0.8666666666666667,15,0.7222222222222222,7
2016_REG_17_NO_ATL_20170101,2,0.6666666666666666,15,0.5,7
2016_REG_17_NO_ATL_20170101,23,0.4666666666666667,15,0.4375,7
2016_REG_17_NYG_WSH_20170101,24,0.6666666666666666,15,0.375,9
2016_REG_17_NYG_WSH_20170101,32,0.5666666666666667,15,0.5294117647058824,7
2016_REG_17_SEA_SF_20170101,28,0.6333333333333333,15,0.6111111111111112,7
2016_REG_17_SEA_SF_20170101,29,0.13333333333333333,15,0.3125,7
2017_CON_20_JAX_NE_20180121,15,0.6666666666666666,18,0.1875,6
2017_CON_20_JAX_NE_20180121,22,0.8235294117647058,17,0.8947368421052632,7
2017_CON_20_MIN_PHI_20180121,21,0.8235294117647058,17,0.5,6
2017_CON_20_MIN_PHI_20180121,26,0.8235294117647058,17,0.4375,7
2017_POST_18_ATL_LAR_20180106,2,0.625,16,0.6842105263157895,5
2017_POST_18_ATL_LAR_20180106,18,0.6875,16,0.25,5
2017_POST_18_BUF_JAX_20180107,4,0.5625,16,0.4375,6
2017_POST_18_BUF_JAX_20180107,15,0.625,16,0.1875,6
2017_POST_18_CAR_NO_20180107,5,0.6875,16,0.375,6
2017_POST_18_CAR_NO_20180107,23,0.6875,16,0.4375,6
2017_POST_18_TEN_KC_20180106,16,0.625,16,0.7058823529411765,5
2017_POST_18_TEN_KC_20180106,31,0.5625,16,0.5625,5
2017_POST_19_ATL_PHI_20180113,2,0.6470588235294118,17,0.6842105263157895,6
2017_POST_19_ATL_PHI_20180113,26,0.8125,16,0.4375,12
2017_POST_19_JAX_PIT_20180114,15,0.6470588235294118,17,0.1875,6
2017_POST_19_JAX_PIT_20180114,27,0.8125,16,0.6842105263157895,13
2017_POST_19_NO_MIN_20180114,21,0.8125,16,0.5,13
2017_POST_19_NO_MIN_20180114,23,0.7058823529411765,17,0.4375,6
2017_POST_19_TEN_NE_20180113,22,0.8125,16,0.8947368421052632,12
2017_POST_19_TEN_NE_20180113,31,0.5882352941176471,17,0.5625,6
2017_POST_21_PHI_NE_20180204,22,0.8333333333333334,18,0.8947368421052632,13
2017_POST_21_PHI_NE_20180204,26,0.8333333333333334,18,0.4375,13
2017_REG_01_ARI_DET_20170910,1,,0,0.46875,251
2017_REG_01_ARI_DET_20170910,11,,0,0.5294117647058824,245
2017_REG_01_ATL_CHI_20170910,2,,0,0.6842105263157895,216
2017_REG_01_ATL_CHI_20170910,6,,0,0.1875,251
2017_REG_01_BAL_CIN_20170910,3,,0,0.5,251
2017_REG_01_BAL_CIN_20170910,7,,0,0.40625,251
2017_REG_01_CAR_SF_20170910,5,,0,0.375,251
2017_REG_01_CAR_SF_20170910,29,,0,0.125,251
2017_REG_01_IND_LAR_20170910,14,,0,0.5,251
2017_REG_01_IND_LAR_20170910,18,,0,0.25,251
2017_REG_01_JAX_HOU_20170910,13,,0,0.5555555555555556,238
2017_REG_01_JAX_HOU_20170910,15,,0,0.1875,251
2017_REG_01_KC_NE_20170907,16,,0,0.7058823529411765,234
2017_REG_01_KC_NE_20170907,22,,0,0.8947368421052632,213
2017_REG_01_LAC_DEN_20170911,10,,0,0.5625,252
2017_REG_01_LAC_DEN_20170911,17,,0,0.3125,252
2017_REG_01_LV_TEN_20170910,19,,0,0.7058823529411765,245
2017_REG_01_LV_TEN_20170910,31,,0,0.5625,251
2017_REG_01_NO_MIN_20170911,21,,0,0.5,252
2017_REG_01_NO_MIN_20170911,23,,0,0.4375,252
2017_REG_01_NYG_DAL_20170910,9,,0,0.7647058823529411,237
2017_REG_01_NYG_DAL_20170910,24,,0,0.6470588235294118,244
2017_REG_01_NYJ_BUF_20170910,4,,0,0.4375,251
2017_REG_01_NYJ_BUF_20170910,25,,0,0.3125,251
2017_REG_01_PHI_WSH_20170910,26,,0,0.4375,251
2017_REG_01_PHI_WSH_20170910,32,,0,0.53125,251
2017_REG_01_PIT_CLE_20170910,8,,0,0.0625,251
2017_REG_01_PIT_CLE_20170910,27,,0,0.6842105263157895,230
2017_REG_01_SEA_GB_20170910,12,,0,0.631578947368421,230
2017_REG_01_SEA_GB_20170910,28,,0,0.6388888888888888,238
2017_REG_02_ARI_IND_20170917,1,0.0,1,0.46875,6
2017_REG_02_ARI_IND_20170917,14,0.0,1,0.5,6
2017_REG_02_BUF_CAR_20170917,4,1.0,1,0.4375,6
2017_REG_02_BUF_CAR_20170917,5,1.0,1,0.375,6
2017_REG_02_CHI_TB_20170917,6,0.0,1,0.1875,6
2017_REG_02_CHI_TB_20170917,30,,0,0.5625,258
2017_REG_02_CLE_BAL_20170917,3,1.0,1,0.5,6
2017_REG_02_CLE_BAL_20170917,8,0.0,1,0.0625,6
2017_REG_02_DAL_DEN_20170917,9,1.0,1,0.7647058823529411,6
2017_REG_02_DAL_DEN_20170917,10,1.0,1,0.5625,5
2017_REG_02_DET_NYG_20170918,11,1.0,1,0.5294117647058824,7
2017_REG_02_DET_NYG_20170918,24,0.0,1,0.6470588235294118,7
2017_REG_02_GB_ATL_20170917,2,1.0,1,0.6842105263157895,6
2017_REG_02_GB_ATL_20170917,12,1.0,1,0.631578947368421,6
2017_REG_02_HOU_CIN_20170914,7,0.0,1,0.40625,3
2017_REG_02_HOU_CIN_20170914,13,0.0,1,0.5555555555555556,3
2017_REG_02_MIA_LAC_20170917,17,0.0,1,0.3125,5
2017_REG_02_MIA_LAC_20170917,20,,0,0.5882352941176471,251
2017_REG_02_MIN_PIT_20170917,21,1.0,1,0.5,5
2017_REG_02_MIN_PIT_20170917,27,1.0,1,0.6842105263157895,6
2017_REG_02_NE_NO_20170917,22,0.0,1,0.8947368421052632,9
2017_REG_02_NE_NO_20170917,23,0.0,1,0.4375,5
2017_REG_02_NYJ_LV_20170917,19,1.0,1,0.7058823529411765,6
2017_REG_02_NYJ_LV_20170917,25,0.0,1,0.3125,6
2017_REG_02_PHI_KC_20170917,16,1.0,1,0.7058823529411765,9
2017_REG_02_PHI_KC_20170917,26,1.0,1,0.4375,6
2017_REG_02_SF_SEA_20170917,28,0.0,1,0.6388888888888888,6
2017_REG_02_SF_SEA_20170917,29,0.0,1,0.125,6
2017_REG_02_TEN_JAX_20170917,15,1.0,1,0.1875,6
2017_REG_02_TEN_JAX_20170917,31,0.0,1,0.5625,6
2017_REG_02_WSH_LAR_20170917,18,1.0,1,0.25,6
2017_REG_02_WSH_LAR_20170917,32,0.0,1,0.53125,6
2017_REG_03_ATL_DET_20170924,2,1.0,2,0.6842105263157895,6
2017_REG_03_ATL_DET_20170924,11,1.0,2,0.5294117647058824,5
2017_REG_03_BAL_JAX_20170924,3,1.0,2,0.5,6
2017_REG_03_BAL_JAX_20170924,15,0.5,2,0.1875,6
2017_REG_03_CIN_GB_20170924,7,0.0,2,0.40625,9
2017_REG_03_CIN_GB_20170924,12,0.5,2,0.631578947368421,6
2017_REG_03_CLE_IND_20170924,8,0.0,2,0.0625,6
2017_REG_03_CLE_IND_20170924,14,0.0,2,0.5,6
2017_REG_03_DAL_ARI_20170925,1,0.5,2,0.46875,7
2017_REG_03_DAL_ARI_20170925,9,0.5,2,0.7647058823529411,7
2017_REG_03_DEN_BUF_20170924,4,0.5,2,0.4375,6
2017_REG_03_DEN_BUF_20170924,10,1.0,2,0.5625,6
2017_REG_03_HOU_NE_20170924,13,0.5,2,0.5555555555555556,9
2017_REG_03_HOU_NE_20170924,22,0.5,2,0.8947368421052632,6
2017_REG_03_KC_LAC_20170924,16,1.0,2,0.7058823529411765,6
2017_REG_03_KC_LAC_20170924,17,0.0,2,0.3125,6
2017_REG_03_LAR_SF_20170921,18,0.5,2,0.25,3
2017_REG_03_LAR_SF_20170921,29,0.0,2,0.125,3
2017_REG_03_LV_WSH_20170924,19,1.0,2,0.7058823529411765,6
2017_REG_03_LV_WSH_20170924,32,0.5,2,0.53125,6
2017_REG_03_MIA_NYJ_20170924,20,1.0,1,0.5882352941176471,6
2017_REG_03_MIA_NYJ_20170924,25,0.0,2,0.3125,6
2017_REG_03_NO_CAR_20170924,5,1.0,2,0.375,6
2017_REG_03_NO_CAR_20170924,23,0.0,2,0.4375,6
2017_REG_03_NYG_PHI_20170924,24,0.0,2,0.6470588235294118,5
2017_REG_03_NYG_PHI_20170924,26,0.5,2,0.4375,6
2017_REG_03_PIT_CHI_20170924,6,0.0,2,0.1875,6
2017_REG_03_PIT_CHI_20170924,27,1.0,2,0.6842105263157895,6
2017_REG_03_SEA_TEN_20170924,28,0.5,2,0.6388888888888888,6
2017_REG_03_SEA_TEN_20170924,31,0.5,2,0.5625,6
2017_REG_03_TB_MIN_20170924,21,0.5,2,0.5,6
2017_REG_03_TB_MIN_20170924,30,1.0,1,0.5625,6
2017_REG_04_BUF_ATL_20171001,2,1.0,3,0.6842105263157895,6
2017_REG_04_BUF_ATL_20171001,4,0.6666666666666666,3,0.4375,6
2017_REG_04_CAR_NE_20171001,5,0.6666666666666666,3,0.375,6
2017_REG_04_CAR_NE_20171001,22,0.6666666666666666,3,0.8947368421052632,6
2017_REG_04_CHI_GB_20170928,6,0.3333333333333333,3,0.1875,3
2017_REG_04_CHI_GB_20170928,12,0.6666666666666666,3,0.631578947368421,3
2017_REG_04_CIN_CLE_20171001,7,0.0,3,0.40625,6
2017_REG_04_CIN_CLE_20171001,8,0.0,3,0.0625,6
2017_REG_04_DET_MIN_20171001,11,0.6666666666666666,3,0.5294117647058824,6
2017_REG_04_DET_MIN_20171001,21,0.6666666666666666,3,0.5,6
2017_REG_04_IND_SEA_20171001,14,0.3333333333333333,3,0.5,6
2017_REG_04_IND_SEA_20171001,28,0.3333333333333333,3,0.6388888888888888,6
2017_REG_04_JAX_NYJ_20171001,15,0.6666666666666666,3,0.1875,6
2017_REG_04_JAX_NYJ_20171001,25,0.3333333333333333,3,0.3125,6
2017_REG_04_LAR_DAL_20171001,9,0.6666666666666666,3,0.7647058823529411,5
2017_REG_04_LAR_DAL_20171001,18,0.6666666666666666,3,0.25,9
2017_REG_04_LV_DEN_20171001,10,0.6666666666666666,3,0.5625,6
2017_REG_04_LV_DEN_20171001,19,0.6666666666666666,3,0.7058823529411765,6
2017_REG_04_NO_MIA_20171001,20,0.5,2,0.5882352941176471,6
2017_REG_04_NO_MIA_20171001,23,0.3333333333333333,3,0.4375,6
2017_REG_04_NYG_TB_20171001,24,0.0,3,0.6470588235294118,6
2017_REG_04_NYG_TB_20171001,30,0.5,2,0.5625,6
2017_REG_04_PHI_LAC_20171001,17,0.0,3,0.3125,6
2017_REG_04_PHI_LAC_20171001,26,0.6666666666666666,3,0.4375,6
2017_REG_04_PIT_BAL_20171001,3,0.6666666666666666,3,0.5,6
2017_REG_04_PIT_BAL_20171001,27,0.6666666666666666,3,0.6842105263157895,6
2017_REG_04_SF_ARI_20171001,1,0.3333333333333333,3,0.46875,5
2017_REG_04_SF_ARI_20171001,29,0.0,3,0.125,9
2017_REG_04_TEN_HOU_20171001,13,0.3333333333333333,3,0.5555555555555556,6
2017_REG_04_TEN_HOU_20171001,31,0.6666666666666666,3,0.5625,6
2017_REG_04_WSH_KC_20171002,16,1.0,3,0.7058823529411765,7
2017_REG_04_WSH_KC_20171002,32,0.6666666666666666,3,0.53125,7
2017_REG_05_ARI_PHI_20171008,1,0.5,4,0.46875,6
2017_REG_05_ARI_PHI_20171008,26,0.75,4,0.4375,6
2017_REG_05_BAL_LV_20171008,3,0.5,4,0.5,6
2017_REG_05_BAL_LV_20171008,19,0.5,4,0.7058823529411765,6
2017_REG_05_BUF_CIN_20171008,4,0.75,4,0.4375,6
2017_REG_05_BUF_CIN_20171008,7,0.25,4,0.40625,6
2017_REG_05_CAR_DET_20171008,5,0.75,4,0.375,6
2017_REG_05_CAR_DET_20171008,11,0.75,4,0.5294117647058824,6
2017_REG_05_GB_DAL_20171008,9,0.5,4,0.7647058823529411,6
2017_REG_05_GB_DAL_20171008,12,0.75,4,0.631578947368421,9
2017_REG_05_JAX_PIT_20171008,15,0.5,4,0.1875,6
2017_REG_05_JAX_PIT_20171008,27,0.75,4,0.6842105263157895,6
2017_REG_05_KC_HOU_20171008,13,0.5,4,0.5555555555555556,6
2017_REG_05_KC_HOU_20171008,16,1.0,4,0.7058823529411765,5
2017_REG_05_LAC_NYG_20171008,17,0.0,4,0.3125,6
2017_REG_05_LAC_NYG_20171008,24,0.0,4,0.6470588235294118,6
2017_REG_05_MIN_CHI_20171009,6,0.25,4,0.1875,10
2017_REG_05_MIN_CHI_20171009,21,0.5,4,0.5,7
2017_REG_05_NE_TB_20171005,22,0.5,4,0.8947368421052632,3
2017_REG_05_NE_TB_20171005,30,0.6666666666666666,3,0.5625,3
2017_REG_05_NYJ_CLE_20171008,8,0.0,4,0.0625,6
2017_REG_05_NYJ_CLE_20171008,25,0.5,4,0.3125,6
2017_REG_05_SEA_LAR_20171008,18,0.75,4,0.25,6
2017_REG_05_SEA_LAR_20171008,28,0.5,4,0.6388888888888888,6
2017_REG_05_SF_IND_20171008,14,0.25,4,0.5,6
2017_REG_05_SF_IND_20171008,29,0.0,4,0.125,6
2017_REG_05_TEN_MIA_20171008,20,0.3333333333333333,3,0.5882352941176471,6
2017_REG_05_TEN_MIA_20171008,31,0.5,4,0.5625,6
2017_REG_06_CHI_BAL_20171015,3,0.6,5,0.5,6
2017_REG_06_CHI_BAL_20171015,6,0.2,5,0.1875,5
2017_REG_06_CLE_HOU_20171015,8,0.0,5,0.0625,6
2017_REG_06_CLE_HOU_20171015,13,0.4,5,0.5555555555555556,6
2017_REG_06_DET_NO_20171015,11,0.6,5,0.5294117647058824,6
2017_REG_06_DET_NO_20171015,23,0.5,4,0.4375,13
2017_REG_06_GB_MIN_20171015,12,0.8,5,0.631578947368421,6
2017_REG_06_GB_MIN_20171015,21,0.6,5,0.5,5
2017_REG_06_IND_TEN_20171016,14,0.4,5,0.5,7
2017_REG_06_IND_TEN_20171016,31,0.4,5,0.5625,7
2017_REG_06_LAC_LV_20171015,17,0.2,5,0.3125,6
2017_REG_06_LAC_LV_20171015,19,0.4,5,0.7058823529411765,6
2017_REG_06_LAR_JAX_20171015,15,0.6,5,0.1875,6
2017_REG_06_LAR_JAX_20171015,18,0.6,5,0.25,6
2017_REG_06_MIA_ATL_20171015,2,0.75,4,0.6842105263157895,13
2017_REG_06_MIA_ATL_20171015,20,0.5,4,0.5882352941176471,6
2017_REG_06_NE_NYJ_20171015,22,0.6,5,0.8947368421052632,9
2017_REG_06_NE_NYJ_20171015,25,0.6,5,0.3125,6
2017_REG_06_NYG_DEN_20171015,10,0.75,4,0.5625,13
2017_REG_06_NYG_DEN_20171015,24,0.0,5,0.6470588235294118,6
2017_REG_06_PHI_CAR_20171012,5,0.8,5,0.375,3
2017_REG_06_PHI_CAR_20171012,26,0.8,5,0.4375,3
2017_REG_06_PIT_KC_20171015,16,1.0,5,0.7058823529411765,6
2017_REG_06_PIT_KC_20171015,27,0.6,5,0.6842105263157895,6
2017_REG_06_SF_WSH_20171015,29,0.0,5,0.125,6
2017_REG_06_SF_WSH_20171015,32,0.5,4,0.53125,12
2017_REG_06_TB_ARI_20171015,1,0.4,5,0.46875,6
2017_REG_06_TB_ARI_20171015,30,0.5,4,0.5625,9
2017_REG_07_ARI_LAR_20171022,1,0.5,6,0.46875,6
2017_REG_07_ARI_LAR_20171022,18,0.6666666666666666,6,0.25,6
2017_REG_07_ATL_NE_20171022,2,0.6,5,0.6842105263157895,6
2017_REG_07_ATL_NE_20171022,22,0.6666666666666666,6,0.8947368421052632,6
2017_REG_07_BAL_MIN_20171022,3,0.5,6,0.5,6
2017_REG_07_BAL_MIN_20171022,21,0.6666666666666666,6,0.5,6
2017_REG_07_CAR_CHI_20171022,5,0.6666666666666666,6,0.375,9
2017_REG_07_CAR_CHI_20171022,6,0.3333333333333333,6,0.1875,6
2017_REG_07_CIN_PIT_20171022,7,0.4,5,0.40625,13
2017_REG_07_CIN_PIT_20171022,27,0.6666666666666666,6,0.6842105263157895,6
2017_REG_07_DAL_SF_20171022,9,0.4,5,0.7647058823529411,13
2017_REG_07_DAL_SF_20171022,29,0.0,6,0.125,6
2017_REG_07_DEN_LAC_20171022,10,0.6,5,0.5625,6
2017_REG_07_DEN_LAC_20171022,17,0.3333333333333333,6,0.3125,6
2017_REG_07_JAX_IND_20171022,14,0.3333333333333333,6,0.5,5
2017_REG_07_JAX_IND_20171022,15,0.5,6,0.1875,6
2017_REG_07_KC_LV_20171019,16,0.8333333333333334,6,0.7058823529411765,3
2017_REG_07_KC_LV_20171019,19,0.3333333333333333,6,0.7058823529411765,3
2017_REG_07_NO_GB_20171022,12,0.6666666666666666,6,0.631578947368421,6
2017_REG_07_NO_GB_20171022,23,0.6,5,0.4375,6
2017_REG_07_NYJ_MIA_20171022,20,0.6,5,0.5882352941176471,6
2017_REG_07_NYJ_MIA_20171022,25,0.5,6,0.3125,6
2017_REG_07_SEA_NYG_20171022,24,0.16666666666666666,6,0.6470588235294118,6
2017_REG_07_SEA_NYG_20171022,28,0.6,5,0.6388888888888888,13
2017_REG_07_TB_BUF_20171022,4,0.6,5,0.4375,13
2017_REG_07_TB_BUF_20171022,30,0.4,5,0.5625,6
2017_REG_07_TEN_CLE_20171022,8,0.0,6,0.0625,6
2017_REG_07_TEN_CLE_20171022,31,0.5,6,0.5625,5
2017_REG_07_WSH_PHI_20171023,26,0.8333333333333334,6,0.4375,10
2017_REG_07_WSH_PHI_20171023,32,0.6,5,0.53125,7
2017_REG_08_ATL_NYJ_20171029,2,0.5,6,0.6842105263157895,6
2017_REG_08_ATL_NYJ_20171029,25,0.42857142857142855,7,0.3125,6
2017_REG_08_CAR_TB_20171029,5,0.5714285714285714,7,0.375,6
2017_REG_08_CAR_TB_20171029,30,0.3333333333333333,6,0.5625,6
2017_REG_08_CHI_NO_20171029,6,0.42857142857142855,7,0.1875,6
2017_REG_08_CHI_NO_20171029,23,0.6666666666666666,6,0.4375,6
2017_REG_08_DAL_WSH_20171029,9,0.5,6,0.7647058823529411,6
2017_REG_08_DAL_WSH_20171029,32,0.5,6,0.53125,5
2017_REG_08_DEN_KC_20171030,10,0.5,6,0.5625,7
2017_REG_08_DEN_KC_20171030,16,0.7142857142857143,7,0.7058823529411765,10
2017_REG_08_HOU_SEA_20171029,13,0.5,6,0.5555555555555556,13
2017_REG_08_HOU_SEA_20171029,28,0.6666666666666666,6,0.6388888888888888,6
2017_REG_08_IND_CIN_20171029,7,0.3333333333333333,6,0.40625,6
2017_REG_08_IND_CIN_20171029,14,0.2857142857142857,7,0.5,6
2017_REG_08_LAC_NE_20171029,17,0.42857142857142855,7,0.3125,6
2017_REG_08_LAC_NE_20171029,22,0.7142857142857143,7,0.8947368421052632,6
2017_REG_08_LV_BUF_20171029,4,0.6666666666666666,6,0.4375,6
2017_REG_08_LV_BUF_20171029,19,0.42857142857142855,7,0.7058823529411765,9
2017_REG_08_MIA_BAL_20171026,3,0.42857142857142855,7,0.5,3
2017_REG_08_MIA_BAL_20171026,20,0.6666666666666666,6,0.5882352941176471,3
2017_REG_08_MIN_CLE_20171029,8,0.0,7,0.0625,6
2017_REG_08_MIN_CLE_20171029,21,0.7142857142857143,7,0.5,6
2017_REG_08_PIT_DET_20171029,11,0.5,6,0.5294117647058824,13
2017_REG_08_PIT_DET_20171029,27,0.7142857142857143,7,0.6842105263157895,6
2017_REG_08_SF_PHI_20171029,26,0.8571428571428571,7,0.4375,5
2017_REG_08_SF_PHI_20171029,29,0.0,7,0.125,6
2017_REG_09_ARI_SF_20171105,1,0.42857142857142855,7,0.46875,13
2017_REG_09_ARI_SF_20171105,29,0.0,8,0.125,6
2017_REG_09_ATL_CAR_20171105,2,0.5714285714285714,7,0.6842105263157895,6
2017_REG_09_ATL_CAR_20171105,5,0.625,8,0.375,6
2017_REG_09_BAL_TEN_20171105,3,0.5,8,0.5,9
2017_REG_09_BAL_TEN_20171105,31,0.5714285714285714,7,0.5625,13
2017_REG_09_BUF_NYJ_20171102,4,0.7142857142857143,7,0.4375,3
2017_REG_09_BUF_NYJ_20171102,25,0.375,8,0.3125,3
2017_REG_09_CIN_JAX_20171105,7,0.42857142857142855,7,0.40625,6
2017_REG_09_CIN_JAX_20171105,15,0.5714285714285714,7,0.1875,13
2017_REG_09_DEN_PHI_20171105,10,0.42857142857142855,7,0.5625,5
2017_REG_09_DEN_PHI_20171105,26,0.875,8,0.4375,6
2017_REG_09_DET_GB_20171106,11,0.42857142857142855,7,0.5294117647058824,7
2017_REG_09_DET_GB_20171106,12,0.5714285714285714,7,0.631578947368421,14
2017_REG_09_IND_HOU_20171105,13,0.42857142857142855,7,0.5555555555555556,6
2017_REG_09_IND_HOU_20171105,14,0.25,8,0.5,6
2017_REG_09_KC_DAL_20171105,9,0.5714285714285714,7,0.7647058823529411,6
2017_REG_09_KC_DAL_20171105,16,0.75,8,0.7058823529411765,5
2017_REG_09_LAR_NYG_20171105,18,0.7142857142857143,7,0.25,13
2017_REG_09_LAR_NYG_20171105,24,0.14285714285714285,7,0.6470588235294118,13
2017_REG_09_LV_MIA_20171105,19,0.375,8,0.7058823529411765,6
2017_REG_09_LV_MIA_20171105,20,0.5714285714285714,7,0.5882352941176471,9
2017_REG_09_TB_NO_20171105,23,0.7142857142857143,7,0.4375,6
2017_REG_09_TB_NO_20171105,30,0.2857142857142857,7,0.5625,6
2017_REG_09_WSH_SEA_20171105,28,0.7142857142857143,7,0.6388888888888888,6
2017_REG_09_WSH_SEA_20171105,32,0.42857142857142855,7,0.53125,6
2017_REG_10_CIN_TEN_20171112,7,0.375,8,0.40625,6
2017_REG_10_CIN_TEN_20171112,31,0.625,8,0.5625,6
2017_REG_10_CLE_DET_20171112,8,0.0,8,0.0625,13
2017_REG_10_CLE_DET_20171112,11,0.5,8,0.5294117647058824,5
2017_REG_10_DAL_ATL_20171112,2,0.5,8,0.6842105263157895,6
2017_REG_10_DAL_ATL_20171112,9,0.625,8,0.7647058823529411,6
2017_REG_10_GB_CHI_20171112,6,0.375,8,0.1875,13
2017_REG_10_GB_CHI_20171112,12,0.5,8,0.631578947368421,5
2017_REG_10_HOU_LAR_20171112,13,0.375,8,0.5555555555555556,6
2017_REG_10_HOU_LAR_20171112,18,0.75,8,0.25,6
2017_REG_10_LAC_JAX_20171112,15,0.625,8,0.1875,6
2017_REG_10_LAC_JAX_20171112,17,0.375,8,0.3125,13
2017_REG_10_MIA_CAR_20171113,5,0.6666666666666666,9,0.375,7
2017_REG_10_MIA_CAR_20171113,20,0.5,8,0.5882352941176471,7
2017_REG_10_MIN_WSH_20171112,21,0.75,8,0.5,13
2017_REG_10_MIN_WSH_20171112,32,0.5,8,0.53125,6
2017_REG_10_NE_DEN_20171112,10,0.375,8,0.5625,6
2017_REG_10_NE_DEN_20171112,22,0.75,8,0.8947368421052632,13
2017_REG_10_NO_BUF_20171112,4,0.625,8,0.4375,9
2017_REG_10_NO_BUF_20171112,23,0.75,8,0.4375,6
2017_REG_10_NYG_SF_20171112,24,0.125,8,0.6470588235294118,6
2017_REG_10_NYG_SF_20171112,29,0.0,9,0.125,6
2017_REG_10_NYJ_TB_20171112,25,0.4444444444444444,9,0.3125,9
2017_REG_10_NYJ_TB_20171112,30,0.25,8,0.5625,6
2017_REG_10_PIT_IND_20171112,14,0.3333333333333333,9,0.5,6
2017_REG_10_PIT_IND_20171112,27,0.75,8,0.6842105263157895,13
2017_REG_10_SEA_ARI_20171109,1,0.5,8,0.46875,3
2017_REG_10_SEA_ARI_20171109,28,0.625,8,0.6388888888888888,3
2017_REG_11_ARI_HOU_20171119,1,0.4444444444444444,9,0.46875,9
2017_REG_11_ARI_HOU_20171119,13,0.3333333333333333,9,0.5555555555555556,6
2017_REG_11_ATL_SEA_20171120,2,0.5555555555555556,9,0.6842105263157895,7
2017_REG_11_ATL_SEA_20171120,28,0.6666666666666666,9,0.6388888888888888,10
2017_REG_11_BAL_GB_20171119,3,0.4444444444444444,9,0.5,13
2017_REG_11_BAL_GB_20171119,12,0.5555555555555556,9,0.631578947368421,6
2017_REG_11_BUF_LAC_20171119,4,0.5555555555555556,9,0.4375,6
2017_REG_11_BUF_LAC_20171119,17,0.3333333333333333,9,0.3125,6
2017_REG_11_CIN_DEN_20171119,7,0.3333333333333333,9,0.40625,6
2017_REG_11_CIN_DEN_20171119,10,0.3333333333333333,9,0.5625,6
2017_REG_11_DET_CHI_20171119,6,0.3333333333333333,9,0.1875,6
2017_REG_11_DET_CHI_20171119,11,0.5555555555555556,9,0.5294117647058824,6
2017_REG_11_JAX_CLE_20171119,8,0.0,9,0.0625,6
2017_REG_11_JAX_CLE_20171119,15,0.6666666666666666,9,0.1875,6
2017_REG_11_KC_NYG_20171119,16,0.6666666666666666,9,0.7058823529411765,13
2017_REG_11_KC_NYG_20171119,24,0.1111111111111111,9,0.6470588235294118,6
2017_REG_11_LAR_MIN_20171119,18,0.7777777777777778,9,0.25,6
2017_REG_11_LAR_MIN_20171119,21,0.7777777777777778,9,0.5,6
2017_REG_11_NE_LV_20171119,19,0.4444444444444444,9,0.7058823529411765,13
2017_REG_11_NE_LV_20171119,22,0.7777777777777778,9,0.8947368421052632,6
2017_REG_11_PHI_DAL_20171119,9,0.5555555555555556,9,0.7647058823529411,6
2017_REG_11_PHI_DAL_20171119,26,0.8888888888888888,9,0.4375,13
2017_REG_11_TB_MIA_20171119,20,0.4444444444444444,9,0.5882352941176471,5
2017_REG_11_TB_MIA_20171119,30,0.3333333333333333,9,0.5625,6
2017_REG_11_TEN_PIT_20171116,27,0.7777777777777778,9,0.6842105263157895,3
2017_REG_11_TEN_PIT_20171116,31,0.6666666666666666,9,0.5625,3
2017_REG_11_WSH_NO_20171119,23,0.7777777777777778,9,0.4375,6
2017_REG_11_WSH_NO_20171119,32,0.4444444444444444,9,0.53125,6
2017_REG_12_BUF_KC_20171126,4,0.5,10,0.4375,6
2017_REG_12_BUF_KC_20171126,16,0.6,10,0.7058823529411765,6
2017_REG_12_CAR_NYJ_20171126,5,0.7,10,0.375,12
2017_REG_12_CAR_NYJ_20171126,25,0.4,10,0.3125,13
2017_REG_12_CHI_PHI_20171126,6,0.3,10,0.1875,6
2017_REG_12_CHI_PHI_20171126,26,0.9,10,0.4375,6
2017_REG_12_CLE_CIN_20171126,7,0.4,10,0.40625,6
2017_REG_12_CLE_CIN_20171126,8,0.0,10,0.0625,6
2017_REG_12_DEN_LV_20171126,10,0.3,10,0.5625,6
2017_REG_12_DEN_LV_20171126,19,0.4,10,0.7058823529411765,6
2017_REG_12_GB_PIT_20171126,12,0.5,10,0.631578947368421,6
2017_REG_12_GB_PIT_20171126,27,0.8,10,0.6842105263157895,9
2017_REG_12_HOU_BAL_20171127,3,0.5,10,0.5,7
2017_REG_12_HOU_BAL_20171127,13,0.4,10,0.5555555555555556,7
2017_REG_12_JAX_ARI_20171126,1,0.4,10,0.46875,6
2017_REG_12_JAX_ARI_20171126,15,0.7,10,0.1875,6
2017_REG_12_LAC_DAL_20171123,9,0.5,10,0.7647058823529411,3
2017_REG_12_LAC_DAL_20171123,17,0.4,10,0.3125,3
2017_REG_12_MIA_NE_20171126,20,0.4,10,0.5882352941176471,6
2017_REG_12_MIA_NE_20171126,22,0.8,10,0.8947368421052632,6
2017_REG_12_MIN_DET_20171123,11,0.6,10,0.5294117647058824,3
2017_REG_12_MIN_DET_20171123,21,0.8,10,0.5,3
2017_REG_12_NO_LAR_20171126,18,0.7,10,0.25,6
2017_REG_12_NO_LAR_20171126,23,0.8,10,0.4375,6
2017_REG_12_NYG_WSH_20171123,24,0.2,10,0.6470588235294118,3
2017_REG_12_NYG_WSH_20171123,32,0.4,10,0.53125,3
2017_REG_12_SEA_SF_20171126,28,0.6,10,0.6388888888888888,5
2017_REG_12_SEA_SF_20171126,29,0.1,10,0.125,13
2017_REG_12_TB_ATL_20171126,2,0.6,10,0.6842105263157895,5
2017_REG_12_TB_ATL_20171126,30,0.4,10,0.5625,6
2017_REG_12_TEN_IND_20171126,14,0.3,10,0.5,13
2017_REG_12_TEN_IND_20171126,31,0.6,10,0.5625,9
2017_REG_13_CAR_NO_20171203,5,0.7272727272727273,11,0.375,6
2017_REG_13_CAR_NO_20171203,23,0.7272727272727273,11,0.4375,6
2017_REG_13_CLE_LAC_20171203,8,0.0,11,0.0625,6
2017_REG_13_CLE_LAC_20171203,17,0.45454545454545453,11,0.3125,9
2017_REG_13_DEN_MIA_20171203,10,0.2727272727272727,11,0.5625,6
2017_REG_13_DEN_MIA_20171203,20,0.36363636363636365,11,0.5882352941176471,6
2017_REG_13_DET_BAL_20171203,3,0.5454545454545454,11,0.5,5
2017_REG_13_DET_BAL_20171203,11,0.5454545454545454,11,0.5294117647058824,9
2017_REG_13_HOU_TEN_20171203,13,0.36363636363636365,11,0.5555555555555556,5
2017_REG_13_HOU_TEN_20171203,31,0.6363636363636364,11,0.5625,6
2017_REG_13_IND_JAX_20171203,14,0.2727272727272727,11,0.5,6
2017_REG_13_IND_JAX_20171203,15,0.6363636363636364,11,0.1875,6
2017_REG_13_KC_NYJ_20171203,16,0.5454545454545454,11,0.7058823529411765,6
2017_REG_13_KC_NYJ_20171203,25,0.36363636363636365,11,0.3125,6
2017_REG_13_LAR_ARI_20171203,1,0.45454545454545453,11,0.46875,6
2017_REG_13_LAR_ARI_20171203,18,0.7272727272727273,11,0.25,6
2017_REG_13_MIN_ATL_20171203,2,0.6363636363636364,11,0.6842105263157895,6
2017_REG_13_MIN_ATL_20171203,21,0.8181818181818182,11,0.5,9
2017_REG_13_NE_BUF_20171203,4,0.5454545454545454,11,0.4375,6
2017_REG_13_NE_BUF_20171203,22,0.8181818181818182,11,0.8947368421052632,6
2017_REG_13_NYG_LV_20171203,19,0.45454545454545453,11,0.7058823529411765,6
2017_REG_13_NYG_LV_20171203,24,0.18181818181818182,11,0.6470588235294118,9
2017_REG_13_PHI_SEA_20171203,26,0.9090909090909091,11,0.4375,6
2017_REG_13_PHI_SEA_20171203,28,0.6363636363636364,11,0.6388888888888888,6
2017_REG_13_PIT_CIN_20171204,7,0.45454545454545453,11,0.40625,7
2017_REG_13_PIT_CIN_20171204,27,0.8181818181818182,11,0.6842105263157895,7
2017_REG_13_SF_CHI_20171203,6,0.2727272727272727,11,0.1875,6
2017_REG_13_SF_CHI_20171203,29,0.09090909090909091,11,0.125,6
2017_REG_13_TB_GB_20171203,12,0.45454545454545453,11,0.631578947368421,6
2017_REG_13_TB_GB_20171203,30,0.36363636363636365,11,0.5625,6
2017_REG_13_WSH_DAL_20171130,9,0.45454545454545453,11,0.7647058823529411,6
2017_REG_13_WSH_DAL_20171130,32,0.45454545454545453,11,0.53125,6
2017_REG_14_BAL_PIT_20171210,3,0.5833333333333334,12,0.5,6
2017_REG_14_BAL_PIT_20171210,27,0.8333333333333334,12,0.6842105263157895,5
2017_REG_14_CHI_CIN_20171210,6,0.25,12,0.1875,6
2017_REG_14_CHI_CIN_20171210,7,0.4166666666666667,12,0.40625,5
2017_REG_14_DAL_NYG_20171210,9,0.5,12,0.7647058823529411,9
2017_REG_14_DAL_NYG_20171210,24,0.16666666666666666,12,0.6470588235294118,6
2017_REG_14_DET_TB_20171210,11,0.5,12,0.5294117647058824,6
2017_REG_14_DET_TB_20171210,30,0.3333333333333333,12,0.5625,6
2017_REG_14_GB_CLE_20171210,8,0.0,12,0.0625,6
2017_REG_14_GB_CLE_20171210,12,0.5,12,0.631578947368421,6
2017_REG_14_IND_BUF_20171210,4,0.5,12,0.4375,6
2017_REG_14_IND_BUF_20171210,14,0.25,12,0.5,6
2017_REG_14_LV_KC_20171210,16,0.5,12,0.7058823529411765,6
2017_REG_14_LV_KC_20171210,19,0.5,12,0.7058823529411765,6
2017_REG_14_MIN_CAR_20171210,5,0.6666666666666666,12,0.375,6
2017_REG_14_MIN_CAR_20171210,21,0.8333333333333334,12,0.5,6
2017_REG_14_NE_MIA_20171211,20,0.4166666666666667,12,0.5882352941176471,7
2017_REG_14_NE_MIA_20171211,22,0.8333333333333334,12,0.8947368421052632,7
2017_REG_14_NO_ATL_20171207,2,0.5833333333333334,12,0.6842105263157895,3
2017_REG_14_NO_ATL_20171207,23,0.75,12,0.4375,3
2017_REG_14_NYJ_DEN_20171210,10,0.25,12,0.5625,6
2017_REG_14_NYJ_DEN_20171210,25,0.4166666666666667,12,0.3125,6
2017_REG_14_PHI_LAR_20171210,18,0.75,12,0.25,6
2017_REG_14_PHI_LAR_20171210,26,0.8333333333333334,12,0.4375,6
2017_REG_14_SEA_JAX_20171210,15,0.6666666666666666,12,0.1875,6
2017_REG_14_SEA_JAX_20171210,28,0.6666666666666666,12,0.6388888888888888,6
2017_REG_14_SF_HOU_20171210,13,0.3333333333333333,12,0.5555555555555556,6
2017_REG_14_SF_HOU_20171210,29,0.16666666666666666,12,0.125,6
2017_REG_14_TEN_ARI_20171210,1,0.4166666666666667,12,0.46875,6
2017_REG_14_TEN_ARI_20171210,31,0.6666666666666666,12,0.5625,6
2017_REG_14_WSH_LAC_20171210,17,0.5,12,0.3125,6
2017_REG_14_WSH_LAC_20171210,32,0.4166666666666667,12,0.53125,9
2017_REG_15_ARI_WSH_20171217,1,0.46153846153846156,13,0.46875,6
2017_REG_15_ARI_WSH_20171217,32,0.38461538461538464,13,0.53125,6
2017_REG_15_ATL_TB_20171218,2,0.6153846153846154,13,0.6842105263157895,10
2017_REG_15_ATL_TB_20171218,30,0.3076923076923077,13,0.5625,7
2017_REG_15_BAL_CLE_20171217,3,0.5384615384615384,13,0.5,6
2017_REG_15_BAL_CLE_20171217,8,0.0,13,0.0625,6
2017_REG_15_CHI_DET_20171216,6,0.3076923076923077,13,0.1875,5
2017_REG_15_CHI_DET_20171216,11,0.5384615384615384,13,0.5294117647058824,5
2017_REG_15_CIN_MIN_20171217,7,0.38461538461538464,13,0.40625,6
2017_REG_15_CIN_MIN_20171217,21,0.7692307692307693,13,0.5,6
2017_REG_15_DAL_LV_20171217,9,0.5384615384615384,13,0.7647058823529411,6
2017_REG_15_DAL_LV_20171217,19,0.46153846153846156,13,0.7058823529411765,6
2017_REG_15_DEN_IND_20171214,10,0.3076923076923077,13,0.5625,3
2017_REG_15_DEN_IND_20171214,14,0.23076923076923078,13,0.5,3
2017_REG_15_GB_CAR_20171217,5,0.6923076923076923,13,0.375,6
2017_REG_15_GB_CAR_20171217,12,0.5384615384615384,13,0.631578947368421,6
2017_REG_15_HOU_JAX_20171217,13,0.3076923076923077,13,0.5555555555555556,6
2017_REG_15_HOU_JAX_20171217,15,0.6923076923076923,13,0.1875,6
2017_REG_15_LAC_KC_20171216,16,0.5384615384615384,13,0.7058823529411765,5
2017_REG_15_LAC_KC_20171216,17,0.5384615384615384,13,0.3125,5
2017_REG_15_LAR_SEA_20171217,18,0.6923076923076923,13,0.25,6
2017_REG_15_LAR_SEA_20171217,28,0.6153846153846154,13,0.6388888888888888,6
2017_REG_15_MIA_BUF_20171217,4,0.5384615384615384,13,0.4375,6
2017_REG_15_MIA_BUF_20171217,20,0.46153846153846156,13,0.5882352941176471,5
2017_REG_15_NE_PIT_20171217,22,0.7692307692307693,13,0.8947368421052632,5
2017_REG_15_NE_PIT_20171217,27,0.8461538461538461,13,0.6842105263157895,6
2017_REG_15_NYJ_NO_20171217,23,0.6923076923076923,13,0.4375,9
2017_REG_15_NYJ_NO_20171217,25,0.38461538461538464,13,0.3125,6
2017_REG_15_PHI_NYG_20171217,24,0.15384615384615385,13,0.6470588235294118,6
2017_REG_15_PHI_NYG_20171217,26,0.8461538461538461,13,0.4375,6
2017_REG_15_TEN_SF_20171217,29,0.23076923076923078,13,0.125,6
2017_REG_15_TEN_SF_20171217,31,0.6153846153846154,13,0.5625,6
2017_REG_16_ATL_NO_20171224,2,0.6428571428571429,14,0.6842105263157895,5
2017_REG_16_ATL_NO_20171224,23,0.7142857142857143,14,0.4375,6
2017_REG_16_BUF_NE_20171224,4,0.5714285714285714,14,0.4375,6
2017_REG_16_BUF_NE_20171224,22,0.7857142857142857,14,0.8947368421052632,6
2017_REG_16_CLE_CHI_20171224,6,0.2857142857142857,14,0.1875,7
2017_REG_16_CLE_CHI_20171224,8,0.0,14,0.0625,6
2017_REG_16_DEN_WSH_20171224,10,0.35714285714285715,14,0.5625,9
2017_REG_16_DEN_WSH_20171224,32,0.42857142857142855,14,0.53125,6
2017_REG_16_DET_CIN_20171224,7,0.35714285714285715,14,0.40625,6
2017_REG_16_DET_CIN_20171224,11,0.5714285714285714,14,0.5294117647058824,7
2017_REG_16_IND_BAL_20171223,3,0.5714285714285714,14,0.5,5
2017_REG_16_IND_BAL_20171223,14,0.21428571428571427,14,0.5,8
2017_REG_16_JAX_SF_20171224,15,0.7142857142857143,14,0.1875,6
2017_REG_16_JAX_SF_20171224,29,0.2857142857142857,14,0.125,6
2017_REG_16_LAC_NYJ_20171224,17,0.5,14,0.3125,7
2017_REG_16_LAC_NYJ_20171224,25,0.35714285714285715,14,0.3125,6
2017_REG_16_LAR_TEN_20171224,18,0.7142857142857143,14,0.25,6
2017_REG_16_LAR_TEN_20171224,31,0.5714285714285714,14,0.5625,6
2017_REG_16_LV_PHI_20171225,19,0.42857142857142855,14,0.7058823529411765,7
2017_REG_16_LV_PHI_20171225,26,0.8571428571428571,14,0.4375,7
2017_REG_16_MIA_KC_20171224,16,0.5714285714285714,14,0.7058823529411765,7
2017_REG_16_MIA_KC_20171224,20,0.42857142857142855,14,0.5882352941176471,6
2017_REG_16_MIN_GB_20171223,12,0.5,14,0.631578947368421,5
2017_REG_16_MIN_GB_20171223,21,0.7857142857142857,14,0.5,5
2017_REG_16_NYG_ARI_20171224,1,0.42857142857142855,14,0.46875,6
2017_REG_16_NYG_ARI_20171224,24,0.14285714285714285,14,0.6470588235294118,6
2017_REG_16_PIT_HOU_20171225,13,0.2857142857142857,14,0.5555555555555556,7
2017_REG_16_PIT_HOU_20171225,27,0.7857142857142857,14,0.6842105263157895,7
2017_REG_16_SEA_DAL_20171224,9,0.5714285714285714,14,0.7647058823529411,6
2017_REG_16_SEA_DAL_20171224,28,0.5714285714285714,14,0.6388888888888888,6
2017_REG_16_TB_CAR_20171224,5,0.7142857142857143,14,0.375,6
2017_REG_16_TB_CAR_20171224,30,0.2857142857142857,14,0.5625,5
2017_REG_17_ARI_SEA_20171231,1,0.4666666666666667,15,0.46875,6
2017_REG_17_ARI_SEA_20171231,28,0.6,15,0.6388888888888888,6
2017_REG_17_BUF_MIA_20171231,4,0.5333333333333333,15,0.4375,6
2017_REG_17_BUF_MIA_20171231,20,0.4,15,0.5882352941176471,6
2017_REG_17_CAR_ATL_20171231,2,0.6,15,0.6842105263157895,6
2017_REG_17_CAR_ATL_20171231,5,0.7333333333333333,15,0.375,6
2017_REG_17_CHI_MIN_20171231,6,0.3333333333333333,15,0.1875,6
2017_REG_17_CHI_MIN_20171231,21,0.8,15,0.5,7
2017_REG_17_CIN_BAL_20171231,3,0.6,15,0.5,7
2017_REG_17_CIN_BAL_20171231,7,0.4,15,0.40625,6
2017_REG_17_CLE_PIT_20171231,8,0.0,15,0.0625,6
2017_REG_17_CLE_PIT_20171231,27,0.8,15,0.6842105263157895,5
2017_REG_17_DAL_PHI_20171231,9,0.5333333333333333,15,0.7647058823529411,6
2017_REG_17_DAL_PHI_20171231,26,0.8666666666666667,15,0.4375,5
2017_REG_17_GB_DET_20171231,11,0.5333333333333333,15,0.5294117647058824,6
2017_REG_17_GB_DET_20171231,12,0.4666666666666667,15,0.631578947368421,7
2017_REG_17_HOU_IND_20171231,13,0.26666666666666666,15,0.5555555555555556,5
2017_REG_17_HOU_IND_20171231,14,0.2,15,0.5,7
2017_REG_17_JAX_TEN_20171231,15,0.6666666666666666,15,0.1875,6
2017_REG_17_JAX_TEN_20171231,31,0.5333333333333333,15,0.5625,6
2017_REG_17_KC_DEN_20171231,10,0.3333333333333333,15,0.5625,6
2017_REG_17_KC_DEN_20171231,16,0.6,15,0.7058823529411765,6
2017_REG_17_LV_LAC_20171231,17,0.5333333333333333,15,0.3125,6
2017_REG_17_LV_LAC_20171231,19,0.4,15,0.7058823529411765,5
2017_REG_17_NO_TB_20171231,23,0.7333333333333333,15,0.4375,6
2017_REG_17_NO_TB_20171231,30,0.26666666666666666,15,0.5625,6
2017_REG_17_NYJ_NE_20171231,22,0.8,15,0.8947368421052632,6
2017_REG_17_NYJ_NE_20171231,25,0.3333333333333333,15,0.3125,6
2017_REG_17_SF_LAR_20171231,18,0.7333333333333333,15,0.25,6
2017_REG_17_SF_LAR_20171231,29,0.3333333333333333,15,0.125,6
2017_REG_17_WSH_NYG_20171231,24,0.13333333333333333,15,0.6470588235294118,6
2017_REG_17_WSH_NYG_20171231,32,0.4666666666666667,15,0.53125,6
2018_CON_20_LAR_NO_20190120,18,0.8235294117647058,17,0.6470588235294118,7
2018_CON_20_LAR_NO_20190120,23,0.8235294117647058,17,0.6666666666666666,6
2018_CON_20_NE_KC_20190120,16,0.7647058823529411,17,0.5882352941176471,7
2018_CON_20_NE_KC_20190120,22,0.7058823529411765,17,0.7894736842105263,6
2018_POST_18_IND_HOU_20190105,13,0.6875,16,0.25,5
2018_POST_18_IND_HOU_20190105,14,0.625,16,0.25,5
2018_POST_18_LAC_BAL_20190106,3,0.625,16,0.5625,6
2018_POST_18_LAC_BAL_20190106,17,0.75,16,0.5625,6
2018_POST_18_PHI_CHI_20190106,6,0.75,16,0.3125,6
2018_POST_18_PHI_CHI_20190106,26,0.5625,16,0.8421052631578947,6
2018_POST_18_SEA_DAL_20190105,9,0.625,16,0.5625,5
2018_POST_18_SEA_DAL_20190105,28,0.625,16,0.5625,5
2018_POST_19_DAL_LAR_20190112,9,0.6470588235294118,17,0.5625,6
2018_POST_19_DAL_LAR_20190112,18,0.8125,16,0.6470588235294118,12
2018_POST_19_IND_KC_20190112,14,0.6470588235294118,17,0.25,6
2018_POST_19_IND_KC_20190112,16,0.75,16,0.5882352941176471,12
2018_POST_19_LAC_NE_20190113,17,0.7647058823529411,17,0.5625,6
2018_POST_19_LAC_NE_20190113,22,0.6875,16,0.7894736842105263,13
2018_POST_19_PHI_NO_20190113,23,0.8125,16,0.6666666666666666,13
2018_POST_19_PHI_NO_20190113,26,0.5882352941176471,17,0.8421052631578947,6
2018_POST_21_NE_LAR_20190203,18,0.8333333333333334,18,0.6470588235294118,13
2018_POST_21_NE_LAR_20190203,22,0.7222222222222222,18,0.7894736842105263,13
2018_REG_01_ATL_PHI_20180906,2,,0,0.6111111111111112,235
2018_REG_01_ATL_PHI_20180906,26,,0,0.8421052631578947,213
2018_REG_01_BUF_BAL_20180909,3,,0,0.5625,251
2018_REG_01_BUF_BAL_20180909,4,,0,0.5294117647058824,244
2018_REG_01_CHI_GB_20180909,6,,0,0.3125,251
2018_REG_01_CHI_GB_20180909,12,,0,0.4375,251
2018_REG_01_CIN_IND_20180909,7,,0,0.4375,251
2018_REG_01_CIN_IND_20180909,14,,0,0.25,251
2018_REG_01_DAL_CAR_20180909,5,,0,0.6470588235294118,244
2018_REG_01_DAL_CAR_20180909,9,,0,0.5625,251
2018_REG_01_HOU_NE_20180909,13,,0,0.25,251
2018_REG_01_HOU_NE_20180909,22,,0,0.7894736842105263,216
2018_REG_01_JAX_NYG_20180909,15,,0,0.631578947368421,230
2018_REG_01_JAX_NYG_20180909,24,,0,0.1875,251
2018_REG_01_KC_LAC_20180909,16,,0,0.5882352941176471,245
2018_REG_01_KC_LAC_20180909,17,,0,0.5625,251
2018_REG_01_LAR_LV_20180910,18,,0,0.6470588235294118,246
2018_REG_01_LAR_LV_20180910,19,,0,0.375,252
2018_REG_01_NYJ_DET_20180910,11,,0,0.5625,252
2018_REG_01_NYJ_DET_20180910,25,,0,0.3125,252
2018_REG_01_PIT_CLE_20180909,8,,0,0.0,251
2018_REG_01_PIT_CLE_20180909,27,,0,0.7647058823529411,237
2018_REG_01_SEA_DEN_20180909,10,,0,0.3125,251
2018_REG_01_SEA_DEN_20180909,28,,0,0.5625,251
2018_REG_01_SF_MIN_20180909,21,,0,0.7777777777777778,230
2018_REG_01_SF_MIN_20180909,29,,0,0.375,251
2018_REG_01_TB_NO_20180909,23,,0,0.6666666666666666,237
2018_REG_01_TB_NO_20180909,30,,0,0.3125,251
2018_REG_01_TEN_MIA_20180909,20,,0,0.375,251
2018_REG_01_TEN_MIA_20180909,31,,0,0.5555555555555556,238
2018_REG_01_WSH_ARI_20180909,1,,0,0.5,251
2018_REG_01_WSH_ARI_20180909,32,,0,0.4375,251
2018_REG_02_ARI_LAR_20180916,1,0.0,1,0.5,6
2018_REG_02_ARI_LAR_20180916,18,1.0,1,0.6470588235294118,5
2018_REG_02_BAL_CIN_20180913,3,1.0,1,0.5625,3
2018_REG_02_BAL_CIN_20180913,7,1.0,1,0.4375,3
2018_REG_02_CAR_ATL_20180916,2,0.0,1,0.6111111111111112,9
2018_REG_02_CAR_ATL_20180916,5,1.0,1,0.6470588235294118,6
2018_REG_02_CLE_NO_20180916,8,0.5,1,0.0,6
2018_REG_02_CLE_NO_20180916,23,0.0,1,0.6666666666666666,6
2018_REG_02_DET_SF_20180916,11,0.0,1,0.5625,5
2018_REG_02_DET_SF_20180916,29,0.0,1,0.375,6
2018_REG_02_HOU_TEN_20180916,13,0.0,1,0.25,6
2018_REG_02_HOU_TEN_20180916,31,0.0,1,0.5555555555555556,6
2018_REG_02_IND_WSH_20180916,14,0.0,1,0.25,6
2018_REG_02_IND_WSH_20180916,32,1.0,1,0.4375,6
2018_REG_02_KC_PIT_20180916,16,1.0,1,0.5882352941176471,6
2018_REG_02_KC_PIT_20180916,27,0.5,1,0.7647058823529411,6
2018_REG_02_LAC_BUF_20180916,4,0.0,1,0.5294117647058824,6
2018_REG_02_LAC_BUF_20180916,17,0.0,1,0.5625,6
2018_REG_02_LV_DEN_20180916,10,1.0,1,0.3125,6
2018_REG_02_LV_DEN_20180916,19,0.0,1,0.375,5
2018_REG_02_MIA_NYJ_20180916,20,1.0,1,0.375,6
2018_REG_02_MIA_NYJ_20180916,25,1.0,1,0.3125,5
2018_REG_02_MIN_GB_20180916,12,1.0,1,0.4375,6
2018_REG_02_MIN_GB_20180916,21,1.0,1,0.7777777777777778,6
2018_REG_02_NE_JAX_20180916,15,1.0,1,0.631578947368421,6
2018_REG_02_NE_JAX_20180916,22,1.0,1,0.7894736842105263,6
2018_REG_02_NYG_DAL_20180916,9,0.0,1,0.5625,6
2018_REG_02_NYG_DAL_20180916,24,0.0,1,0.1875,6
2018_REG_02_PHI_TB_20180916,26,1.0,1,0.8421052631578947,9
2018_REG_02_PHI_TB_20180916,30,1.0,1,0.3125,6
2018_REG_02_SEA_CHI_20180917,6,0.0,1,0.3125,7
2018_REG_02_SEA_CHI_20180917,28,0.0,1,0.5625,7
2018_REG_03_BUF_MIN_20180923,4,0.0,2,0.5294117647058824,6
2018_REG_03_BUF_MIN_20180923,21,0.75,2,0.7777777777777778,6
2018_REG_03_CHI_ARI_20180923,1,0.0,2,0.5,6
2018_REG_03_CHI_ARI_20180923,6,0.5,2,0.3125,5
2018_REG_03_CIN_CAR_20180923,5,0.5,2,0.6470588235294118,6
2018_REG_03_CIN_CAR_20180923,7,1.0,2,0.4375,9
2018_REG_03_DAL_SEA_20180923,9,0.5,2,0.5625,6
2018_REG_03_DAL_SEA_20180923,28,0.0,2,0.5625,5
2018_REG_03_DEN_BAL_20180923,3,0.5,2,0.5625,9
2018_REG_03_DEN_BAL_20180923,10,1.0,2,0.3125,6
2018_REG_03_GB_WSH_20180923,12,0.75,2,0.4375,6
2018_REG_03_GB_WSH_20180923,32,0.5,2,0.4375,6
2018_REG_03_IND_PHI_20180923,14,0.5,2,0.25,6
2018_REG_03_IND_PHI_20180923,26,0.5,2,0.8421052631578947,6
2018_REG_03_LAC_LAR_20180923,17,0.5,2,0.5625,6
2018_REG_03_LAC_LAR_20180923,18,1.0,2,0.6470588235294118,6
2018_REG_03_LV_MIA_20180923,19,0.0,2,0.375,6
2018_REG_03_LV_MIA_20180923,20,1.0,2,0.375,6
2018_REG_03_NE_DET_20180923,11,0.0,2,0.5625,6
2018_REG_03_NE_DET_20180923,22,0.5,2,0.7894736842105263,6
2018_REG_03_NO_ATL_20180923,2,0.5,2,0.6111111111111112,6
2018_REG_03_NO_ATL_20180923,23,0.5,2,0.6666666666666666,6
2018_REG_03_NYG_HOU_20180923,13,0.0,2,0.25,6
2018_REG_03_NYG_HOU_20180923,24,0.0,2,0.1875,6
2018_REG_03_NYJ_CLE_20180920,8,0.25,2,0.0,3
2018_REG_03_NYJ_CLE_20180920,25,0.5,2,0.3125,3
2018_REG_03_PIT_TB_20180924,27,0.25,2,0.7647058823529411,7
2018_REG_03_PIT_TB_20180924,30,1.0,2,0.3125,7
2018_REG_03_SF_KC_20180923,16,1.0,2,0.5882352941176471,6
2018_REG_03_SF_KC_20180923,29,0.5,2,0.375,6
2018_REG_03_TEN_JAX_20180923,15,1.0,2,0.631578947368421,6
2018_REG_03_TEN_JAX_20180923,31,0.5,2,0.5555555555555556,6
2018_REG_04_BAL_PIT_20180930,3,0.6666666666666666,3,0.5625,6
2018_REG_04_BAL_PIT_20180930,27,0.5,3,0.7647058823529411,5
2018_REG_04_BUF_GB_20180930,4,0.3333333333333333,3,0.5294117647058824,6
2018_REG_04_BUF_GB_20180930,12,0.5,3,0.4375,6
2018_REG_04_CIN_ATL_20180930,2,0.3333333333333333,3,0.6111111111111112,6
2018_REG_04_CIN_ATL_20180930,7,0.6666666666666666,3,0.4375,6
2018_REG_04_CLE_LV_20180930,8,0.5,3,0.0,9
2018_REG_04_CLE_LV_20180930,19,0.0,3,0.375,6
2018_REG_04_DET_DAL_20180930,9,0.3333333333333333,3,0.5625,6
2018_REG_04_DET_DAL_20180930,11,0.3333333333333333,3,0.5625,6
2018_REG_04_HOU_IND_20180930,13,0.0,3,0.25,6
2018_REG_04_HOU_IND_20180930,14,0.3333333333333333,3,0.25,6
2018_REG_04_KC_DEN_20181001,10,0.6666666666666666,3,0.3125,7
2018_REG_04_KC_DEN_20181001,16,1.0,3,0.5882352941176471,7
2018_REG_04_MIA_NE_20180930,20,1.0,3,0.375,6
2018_REG_04_MIA_NE_20180930,22,0.3333333333333333,3,0.7894736842105263,6
2018_REG_04_MIN_LAR_20180927,18,1.0,3,0.6470588235294118,3
2018_REG_04_MIN_LAR_20180927,21,0.5,3,0.7777777777777778,3
2018_REG_04_NO_NYG_20180930,23,0.6666666666666666,3,0.6666666666666666,6
2018_REG_04_NO_NYG_20180930,24,0.3333333333333333,3,0.1875,6
2018_REG_04_NYJ_JAX_20180930,15,0.6666666666666666,3,0.631578947368421,6
2018_REG_04_NYJ_JAX_20180930,25,0.3333333333333333,3,0.3125,9
2018_REG_04_PHI_TEN_20180930,26,0.6666666666666666,3,0.8421052631578947,6
2018_REG_04_PHI_TEN_20180930,31,0.6666666666666666,3,0.5555555555555556,6
2018_REG_04_SEA_ARI_20180930,1,0.0,3,0.5,6
2018_REG_04_SEA_ARI_20180930,28,0.3333333333333333,3,0.5625,6
2018_REG_04_SF_LAC_20180930,17,0.3333333333333333,3,0.5625,6
2018_REG_04_SF_LAC_20180930,29,0.3333333333333333,3,0.375,6
2018_REG_04_TB_CHI_20180930,6,0.6666666666666666,3,0.3125,6
2018_REG_04_TB_CHI_20180930,30,0.6666666666666666,3,0.3125,5
2018_REG_05_ARI_SF_20181007,1,0.0,4,0.5,6
2018_REG_05_ARI_SF_20181007,29,0.25,4,0.375,6
2018_REG_05_ATL_PIT_20181007,2,0.25,4,0.6111111111111112,6
2018_REG_05_ATL_PIT_20181007,27,0.375,4,0.7647058823529411,6
2018_REG_05_BAL_CLE_20181007,3,0.75,4,0.5625,6
2018_REG_05_BAL_CLE_20181007,8,0.375,4,0.0,6
2018_REG_05_DAL_HOU_20181007,9,0.5,4,0.5625,6
2018_REG_05_DAL_HOU_20181007,13,0.25,4,0.25,6
2018_REG_05_DEN_NYJ_20181007,10,0.5,4,0.3125,5
2018_REG_05_DEN_NYJ_20181007,25,0.25,4,0.3125,6
2018_REG_05_GB_DET_20181007,11,0.25,4,0.5625,6
2018_REG_05_GB_DET_20181007,12,0.625,4,0.4375,6
2018_REG_05_IND_NE_20181004,14,0.25,4,0.25,3
2018_REG_05_IND_NE_20181004,22,0.5,4,0.7894736842105263,3
2018_REG_05_JAX_KC_20181007,15,0.75,4,0.631578947368421,6
2018_REG_05_JAX_KC_20181007,16,1.0,4,0.5882352941176471,5
2018_REG_05_LAR_SEA_20181007,18,1.0,4,0.6470588235294118,9
2018_REG_05_LAR_SEA_20181007,28,0.5,4,0.5625,6
2018_REG_05_LV_LAC_20181007,17,0.5,4,0.5625,6
2018_REG_05_LV_LAC_20181007,19,0.25,4,0.375,6
2018_REG_05_MIA_CIN_20181007,7,0.75,4,0.4375,6
2018_REG_05_MIA_CIN_20181007,20,0.75,4,0.375,6
2018_REG_05_MIN_PHI_20181007,21,0.375,4,0.7777777777777778,9
2018_REG_05_MIN_PHI_20181007,26,0.5,4,0.8421052631578947,6
2018_REG_05_NYG_CAR_20181007,5,0.6666666666666666,3,0.6470588235294118,13
2018_REG_05_NYG_CAR_20181007,24,0.25,4,0.1875,6
2018_REG_05_TEN_BUF_20181007,4,0.25,4,0.5294117647058824,6
2018_REG_05_TEN_BUF_20181007,31,0.75,4,0.5555555555555556,6
2018_REG_05_WSH_NO_20181008,23,0.75,4,0.6666666666666666,7
2018_REG_05_WSH_NO_20181008,32,0.6666666666666666,3,0.4375,14
2018_REG_06_ARI_MIN_20181014,1,0.2,5,0.5,6
2018_REG_06_ARI_MIN_20181014,21,0.5,5,0.7777777777777778,6
2018_REG_06_BAL_TEN_20181014,3,0.6,5,0.5625,6
2018_REG_06_BAL_TEN_20181014,31,0.6,5,0.5555555555555556,6
2018_REG_06_BUF_HOU_20181014,4,0.4,5,0.5294117647058824,6
2018_REG_06_BUF_HOU_20181014,13,0.4,5,0.25,6
2018_REG_06_CAR_WSH_20181014,5,0.75,4,0.6470588235294118,6
2018_REG_06_CAR_WSH_20181014,32,0.5,4,0.4375,5
2018_REG_06_CHI_MIA_20181014,6,0.75,4,0.3125,13
2018_REG_06_CHI_MIA_20181014,20,0.6,5,0.375,6
2018_REG_06_IND_NYJ_20181014,14,0.2,5,0.25,9
2018_REG_06_IND_NYJ_20181014,25,0.4,5,0.3125,6
2018_REG_06_JAX_DAL_20181014,9,0.4,5,0.5625,6
2018_REG_06_JAX_DAL_20181014,15,0.6,5,0.631578947368421,6
2018_REG_06_KC_NE_20181014,16,1.0,5,0.5882352941176471,6
2018_REG_06_KC_NE_20181014,22,0.6,5,0.7894736842105263,9
2018_REG_06_LAC_CLE_20181014,8,0.5,5,0.0,6
2018_REG_06_LAC_CLE_20181014,17,0.6,5,0.5625,6
2018_REG_06_LAR_DEN_20181014,10,0.4,5,0.3125,6
2018_REG_06_LAR_DEN_20181014,18,1.0,5,0.6470588235294118,6
2018_REG_06_PHI_NYG_20181011,24,0.2,5,0.1875,3
2018_REG_06_PHI_NYG_20181011,26,0.4,5,0.8421052631578947,3
2018_REG_06_PIT_CIN_20181014,7,0.8,5,0.4375,6
2018_REG_06_PIT_CIN_20181014,27,0.5,5,0.7647058823529411,6
2018_REG_06_SEA_LV_20181014,19,0.2,5,0.375,6
2018_REG_06_SEA_LV_20181014,28,0.4,5,0.5625,6
2018_REG_06_SF_GB_20181015,12,0.5,5,0.4375,7
2018_REG_06_SF_GB_20181015,29,0.2,5,0.375,7
2018_REG_06_TB_ATL_20181014,2,0.2,5,0.6111111111111112,6
2018_REG_06_TB_ATL_20181014,30,0.5,4,0.3125,13
2018_REG_07_BUF_IND_20181021,4,0.3333333333333333,6,0.5294117647058824,6
2018_REG_07_BUF_IND_20181021,14,0.16666666666666666,6,0.25,6
2018_REG_07_CAR_PHI_20181021,5,0.6,5,0.6470588235294118,6
2018_REG_07_CAR_PHI_20181021,26,0.5,6,0.8421052631578947,9
2018_REG_07_CIN_KC_20181021,7,0.6666666666666666,6,0.4375,6
2018_REG_07_CIN_KC_20181021,16,0.8333333333333334,6,0.5882352941176471,6
2018_REG_07_CLE_TB_20181021,8,0.4166666666666667,6,0.0,6
2018_REG_07_CLE_TB_20181021,30,0.4,5,0.3125,6
2018_REG_07_DAL_WSH_20181021,9,0.5,6,0.5625,6
2018_REG_07_DAL_WSH_20181021,32,0.6,5,0.4375,6
2018_REG_07_DEN_ARI_20181018,1,0.16666666666666666,6,0.5,3
2018_REG_07_DEN_ARI_20181018,10,0.3333333333333333,6,0.3125,3
2018_REG_07_DET_MIA_20181021,11,0.4,5,0.5625,13
2018_REG_07_DET_MIA_20181021,20,0.6666666666666666,6,0.375,6
2018_REG_07_HOU_JAX_20181021,13,0.5,6,0.25,6
2018_REG_07_HOU_JAX_20181021,15,0.5,6,0.631578947368421,6
2018_REG_07_LAR_SF_20181021,18,1.0,6,0.6470588235294118,6
2018_REG_07_LAR_SF_20181021,29,0.16666666666666666,6,0.375,5
2018_REG_07_MIN_NYJ_20181021,21,0.5833333333333334,6,0.7777777777777778,6
2018_REG_07_MIN_NYJ_20181021,25,0.5,6,0.3125,6
2018_REG_07_NE_CHI_20181021,6,0.6,5,0.3125,6
2018_REG_07_NE_CHI_20181021,22,0.6666666666666666,6,0.7894736842105263,6
2018_REG_07_NO_BAL_20181021,3,0.6666666666666666,6,0.5625,6
2018_REG_07_NO_BAL_20181021,23,0.8,5,0.6666666666666666,12
2018_REG_07_NYG_ATL_20181022,2,0.3333333333333333,6,0.6111111111111112,7
2018_REG_07_NYG_ATL_20181022,24,0.16666666666666666,6,0.1875,10
2018_REG_07_TEN_LAC_20181021,17,0.6666666666666666,6,0.5625,6
2018_REG_07_TEN_LAC_20181021,31,0.5,6,0.5555555555555556,6
2018_REG_08_BAL_CAR_20181028,3,0.5714285714285714,7,0.5625,6
2018_REG_08_BAL_CAR_20181028,5,0.6666666666666666,6,0.6470588235294118,6
2018_REG_08_CLE_PIT_20181028,8,0.35714285714285715,7,0.0,6
2018_REG_08_CLE_PIT_20181028,27,0.5833333333333334,6,0.7647058823529411,13
2018_REG_08_DEN_KC_20181028,10,0.42857142857142855,7,0.3125,9
2018_REG_08_DEN_KC_20181028,16,0.8571428571428571,7,0.5882352941176471,6
2018_REG_08_GB_LAR_20181028,12,0.5833333333333334,6,0.4375,12
2018_REG_08_GB_LAR_20181028,18,1.0,7,0.6470588235294118,6
2018_REG_08_IND_LV_20181028,14,0.2857142857142857,7,0.25,6
2018_REG_08_IND_LV_20181028,19,0.16666666666666666,6,0.375,13
2018_REG_08_MIA_HOU_20181025,13,0.5714285714285714,7,0.25,3
2018_REG_08_MIA_HOU_20181025,20,0.5714285714285714,7,0.375,3
2018_REG_08_NE_BUF_20181029,4,0.2857142857142857,7,0.5294117647058824,7
2018_REG_08_NE_BUF_20181029,22,0.7142857142857143,7,0.7894736842105263,7
2018_REG_08_NO_MIN_20181028,21,0.6428571428571429,7,0.7777777777777778,6
2018_REG_08_NO_MIN_20181028,23,0.8333333333333334,6,0.6666666666666666,6
2018_REG_08_NYJ_CHI_20181028,6,0.5,6,0.3125,6
2018_REG_08_NYJ_CHI_20181028,25,0.42857142857142855,7,0.3125,6
2018_REG_08_PHI_JAX_20181028,15,0.42857142857142855,7,0.631578947368421,6
2018_REG_08_PHI_JAX_20181028,26,0.42857142857142855,7,0.8421052631578947,6
2018_REG_08_SEA_DET_20181028,11,0.5,6,0.5625,6
2018_REG_08_SEA_DET_20181028,28,0.5,6,0.5625,13
2018_REG_08_SF_ARI_20181028,1,0.14285714285714285,7,0.5,9
2018_REG_08_SF_ARI_20181028,29,0.14285714285714285,7,0.375,6
2018_REG_08_TB_CIN_20181028,7,0.5714285714285714,7,0.4375,6
2018_REG_08_TB_CIN_20181028,30,0.5,6,0.3125,6
2018_REG_08_WSH_NYG_20181028,24,0.14285714285714285,7,0.1875,5
2018_REG_08_WSH_NYG_20181028,32,0.6666666666666666,6,0.4375,6
2018_REG_09_ATL_WSH_20181104,2,0.42857142857142855,7,0.6111111111111112,12
2018_REG_09_ATL_WSH_20181104,32,0.7142857142857143,7,0.4375,6
2018_REG_09_CHI_BUF_20181104,4,0.25,8,0.5294117647058824,5
2018_REG_09_CHI_BUF_20181104,6,0.5714285714285714,7,0.3125,6
2018_REG_09_DET_MIN_20181104,11,0.42857142857142855,7,0.5625,6
2018_REG_09_DET_MIN_20181104,21,0.5625,8,0.7777777777777778,6
2018_REG_09_GB_NE_20181104,12,0.5,7,0.4375,6
2018_REG_09_GB_NE_20181104,22,0.75,8,0.7894736842105263,5
2018_REG_09_HOU_DEN_20181104,10,0.375,8,0.3125,6
2018_REG_09_HOU_DEN_20181104,13,0.625,8,0.25,9
2018_REG_09_KC_CLE_20181104,8,0.3125,8,0.0,6
2018_REG_09_KC_CLE_20181104,16,0.875,8,0.5882352941176471,6
2018_REG_09_LAC_SEA_20181104,17,0.7142857142857143,7,0.5625,13
2018_REG_09_LAC_SEA_20181104,28,0.5714285714285714,7,0.5625,6
2018_REG_09_LAR_NO_20181104,18,1.0,8,0.6470588235294118,6
2018_REG_09_LAR_NO_20181104,23,0.8571428571428571,7,0.6666666666666666,6
2018_REG_09_LV_SF_20181101,19,0.14285714285714285,7,0.375,3
2018_REG_09_LV_SF_20181101,29,0.125,8,0.375,3
2018_REG_09_NYJ_MIA_20181104,20,0.5,8,0.375,9
2018_REG_09_NYJ_MIA_20181104,25,0.375,8,0.3125,6
2018_REG_09_PIT_BAL_20181104,3,0.5,8,0.5625,6
2018_REG_09_PIT_BAL_20181104,27,0.6428571428571429,7,0.7647058823529411,6
2018_REG_09_TB_CAR_20181104,5,0.7142857142857143,7,0.6470588235294118,6
2018_REG_09_TB_CAR_20181104,30,0.42857142857142855,7,0.3125,6
2018_REG_09_TEN_DAL_20181105,9,0.42857142857142855,7,0.5625,14
2018_REG_09_TEN_DAL_20181105,31,0.42857142857142855,7,0.5555555555555556,14
2018_REG_10_ARI_KC_20181111,1,0.25,8,0.5,13
2018_REG_10_ARI_KC_20181111,16,0.8888888888888888,9,0.5882352941176471,6
2018_REG_10_ATL_CLE_20181111,2,0.5,8,0.6111111111111112,6
2018_REG_10_ATL_CLE_20181111,8,0.2777777777777778,9,0.0,6
2018_REG_10_BUF_NYJ_20181111,4,0.2222222222222222,9,0.5294117647058824,6
2018_REG_10_BUF_NYJ_20181111,25,0.3333333333333333,9,0.3125,6
2018_REG_10_CAR_PIT_20181108,5,0.75,8,0.6470588235294118,3
2018_REG_10_CAR_PIT_20181108,27,0.6875,8,0.7647058823529411,3
2018_REG_10_DAL_PHI_20181111,9,0.375,8,0.5625,5
2018_REG_10_DAL_PHI_20181111,26,0.5,8,0.8421052631578947,13
2018_REG_10_DET_CHI_20181111,6,0.625,8,0.3125,6
2018_REG_10_DET_CHI_20181111,11,0.375,8,0.5625,6
2018_REG_10_JAX_IND_20181111,14,0.375,8,0.25,13
2018_REG_10_JAX_IND_20181111,15,0.375,8,0.631578947368421,13
2018_REG_10_LAC_LV_20181111,17,0.75,8,0.5625,6
2018_REG_10_LAC_LV_20181111,19,0.125,8,0.375,9
2018_REG_10_MIA_GB_20181111,12,0.4375,8,0.4375,6
2018_REG_10_MIA_GB_20181111,20,0.5555555555555556,9,0.375,6
2018_REG_10_NE_TEN_20181111,22,0.7777777777777778,9,0.7894736842105263,6
2018_REG_10_NE_TEN_20181111,31,0.5,8,0.5555555555555556,5
2018_REG_10_NO_CIN_20181111,7,0.625,8,0.4375,13
2018_REG_10_NO_CIN_20181111,23,0.875,8,0.6666666666666666,6
2018_REG_10_NYG_SF_20181112,24,0.125,8,0.1875,14
2018_REG_10_NYG_SF_20181112,29,0.2222222222222222,9,0.375,10
2018_REG_10_SEA_LAR_20181111,18,0.8888888888888888,9,0.6470588235294118,6
2018_REG_10_SEA_LAR_20181111,28,0.5,8,0.5625,6
2018_REG_10_WSH_TB_20181111,30,0.375,8,0.3125,6
2018_REG_10_WSH_TB_20181111,32,0.625,8,0.4375,6
2018_REG_11_CAR_DET_20181118,5,0.6666666666666666,9,0.6470588235294118,9
2018_REG_11_CAR_DET_20181118,11,0.3333333333333333,9,0.5625,6
2018_REG_11_CIN_BAL_20181118,3,0.4444444444444444,9,0.5625,13
2018_REG_11_CIN_BAL_20181118,7,0.5555555555555556,9,0.4375,6
2018_REG_11_DAL_ATL_20181118,2,0.4444444444444444,9,0.6111111111111112,6
2018_REG_11_DAL_ATL_20181118,9,0.4444444444444444,9,0.5625,6
2018_REG_11_DEN_LAC_20181118,10,0.3333333333333333,9,0.3125,13
2018_REG_11_DEN_LAC_20181118,17,0.7777777777777778,9,0.5625,6
2018_REG_11_GB_SEA_20181115,12,0.5,9,0.4375,3
2018_REG_11_GB_SEA_20181115,28,0.4444444444444444,9,0.5625,3
2018_REG_11_HOU_WSH_20181118,13,0.6666666666666666,9,0.25,13
2018_REG_11_HOU_WSH_20181118,32,0.6666666666666666,9,0.4375,6
2018_REG_11_KC_LAR_20181119,16,0.9,10,0.5882352941176471,7
2018_REG_11_KC_LAR_20181119,18,0.9,10,0.6470588235294118,7
2018_REG_11_LV_ARI_20181118,1,0.2222222222222222,9,0.5,6
2018_REG_11_LV_ARI_20181118,19,0.1111111111111111,9,0.375,6
2018_REG_11_MIN_CHI_20181118,6,0.6666666666666666,9,0.3125,6
2018_REG_11_MIN_CHI_20181118,21,0.6111111111111112,9,0.7777777777777778,13
2018_REG_11_PHI_NO_20181118,23,0.8888888888888888,9,0.6666666666666666,6
2018_REG_11_PHI_NO_20181118,26,0.4444444444444444,9,0.8421052631578947,6
2018_REG_11_PIT_JAX_20181118,15,0.3333333333333333,9,0.631578947368421,6
2018_REG_11_PIT_JAX_20181118,27,0.7222222222222222,9,0.7647058823529411,9
2018_REG_11_TB_NYG_20181118,24,0.2222222222222222,9,0.1875,5
2018_REG_11_TB_NYG_20181118,30,0.3333333333333333,9,0.3125,6
2018_REG_11_TEN_IND_20181118,14,0.4444444444444444,9,0.25,6
2018_REG_11_TEN_IND_20181118,31,0.5555555555555556,9,0.5555555555555556,6
2018_REG_12_ARI_LAC_20181125,1,0.2,10,0.5,6
2018_REG_12_ARI_LAC_20181125,17,0.7,10,0.5625,6
2018_REG_12_ATL_NO_20181122,2,0.4,10,0.6111111111111112,3
2018_REG_12_ATL_NO_20181122,23,0.9,10,0.6666666666666666,3
2018_REG_12_CHI_DET_20181122,6,0.7,10,0.3125,3
2018_REG_12_CHI_DET_20181122,11,0.4,10,0.5625,3
2018_REG_12_CLE_CIN_20181125,7,0.5,10,0.4375,6
2018_REG_12_CLE_CIN_20181125,8,0.35,10,0.0,13
2018_REG_12_GB_MIN_20181125,12,0.45,10,0.4375,9
2018_REG_12_GB_MIN_20181125,21,0.55,10,0.7777777777777778,6
2018_REG_12_JAX_BUF_20181125,4,0.3,10,0.5294117647058824,13
2018_REG_12_JAX_BUF_20181125,15,0.3,10,0.631578947368421,6
2018_REG_12_LV_BAL_20181125,3,0.5,10,0.5625,6
2018_REG_12_LV_BAL_20181125,19,0.2,10,0.375,6
2018_REG_12_MIA_IND_20181125,14,0.5,10,0.25,6
2018_REG_12_MIA_IND_20181125,20,0.5,10,0.375,13
2018_REG_12_NE_NYJ_20181125,22,0.7,10,0.7894736842105263,13
2018_REG_12_NE_NYJ_20181125,25,0.3,10,0.3125,13
2018_REG_12_NYG_PHI_20181125,24,0.3,10,0.1875,6
2018_REG_12_NYG_PHI_20181125,26,0.4,10,0.8421052631578947,6
2018_REG_12_PIT_DEN_20181125,10,0.4,10,0.3125,6
2018_REG_12_PIT_DEN_20181125,27,0.75,10,0.7647058823529411,6
2018_REG_12_SEA_CAR_20181125,5,0.6,10,0.6470588235294118,6
2018_REG_12_SEA_CAR_20181125,28,0.5,10,0.5625,9
2018_REG_12_SF_TB_20181125,29,0.2,10,0.375,12
2018_REG_12_SF_TB_20181125,30,0.3,10,0.3125,6
2018_REG_12_TEN_HOU_20181126,13,0.7,10,0.25,7
2018_REG_12_TEN_HOU_20181126,31,0.5,10,0.5555555555555556,7
2018_REG_12_WSH_DAL_20181122,9,0.5,10,0.5625,3
2018_REG_12_WSH_DAL_20181122,32,0.6,10,0.4375,3
2018_REG_13_ARI_GB_20181202,1,0.18181818181818182,11,0.5,6
2018_REG_13_ARI_GB_20181202,12,0.4090909090909091,11,0.4375,6
2018_REG_13_BAL_ATL_20181202,2,0.36363636363636365,11,0.6111111111111112,9
2018_REG_13_BAL_ATL_20181202,3,0.5454545454545454,11,0.5625,6
2018_REG_13_BUF_MIA_20181202,4,0.36363636363636365,11,0.5294117647058824,6
2018_REG_13_BUF_MIA_20181202,20,0.45454545454545453,11,0.375,6
2018_REG_13_CAR_TB_20181202,5,0.5454545454545454,11,0.6470588235294118,6
2018_REG_13_CAR_TB_20181202,30,0.36363636363636365,11,0.3125,6
2018_REG_13_CHI_NYG_20181202,6,0.7272727272727273,11,0.3125,9
2018_REG_13_CHI_NYG_20181202,24,0.2727272727272727,11,0.1875,6
2018_REG_13_CLE_HOU_20181202,8,0.4090909090909091,11,0.0,6
2018_REG_13_CLE_HOU_20181202,13,0.7272727272727273,11,0.25,5
2018_REG_13_DEN_CIN_20181202,7,0.45454545454545453,11,0.4375,6
2018_REG_13_DEN_CIN_20181202,10,0.45454545454545453,11,0.3125,6
2018_REG_13_IND_JAX_20181202,14,0.5454545454545454,11,0.25,6
2018_REG_13_IND_JAX_20181202,15,0.2727272727272727,11,0.631578947368421,6
2018_REG_13_KC_LV_20181202,16,0.8181818181818182,11,0.5882352941176471,12
2018_REG_13_KC_LV_20181202,19,0.18181818181818182,11,0.375,6
2018_REG_13_LAC_PIT_20181202,17,0.7272727272727273,11,0.5625,6
2018_REG_13_LAC_PIT_20181202,27,0.6818181818181818,11,0.7647058823529411,6
2018_REG_13_LAR_DET_20181202,11,0.36363636363636365,11,0.5625,9
2018_REG_13_LAR_DET_20181202,18,0.9090909090909091,11,0.6470588235294118,12
2018_REG_13_MIN_NE_20181202,21,0.5909090909090909,11,0.7777777777777778,6
2018_REG_13_MIN_NE_20181202,22,0.7272727272727273,11,0.7894736842105263,6
2018_REG_13_NO_DAL_20181129,9,0.5454545454545454,11,0.5625,6
2018_REG_13_NO_DAL_20181129,23,0.9090909090909091,11,0.6666666666666666,6
2018_REG_13_NYJ_TEN_20181202,25,0.2727272727272727,11,0.3125,6
2018_REG_13_NYJ_TEN_20181202,31,0.45454545454545453,11,0.5555555555555556,5
2018_REG_13_SF_SEA_20181202,28,0.5454545454545454,11,0.5625,6
2018_REG_13_SF_SEA_20181202,29,0.18181818181818182,11,0.375,6
2018_REG_13_WSH_PHI_20181203,26,0.45454545454545453,11,0.8421052631578947,7
2018_REG_13_WSH_PHI_20181203,32,0.5454545454545454,11,0.4375,10
2018_REG_14_ATL_GB_20181209,2,0.3333333333333333,12,0.6111111111111112,6
2018_REG_14_ATL_GB_20181209,12,0.375,12,0.4375,6
2018_REG_14_BAL_KC_20181209,3,0.5833333333333334,12,0.5625,6
2018_REG_14_BAL_KC_20181209,16,0.8333333333333334,12,0.5882352941176471,6
2018_REG_14_CAR_CLE_20181209,5,0.5,12,0.6470588235294118,6
2018_REG_14_CAR_CLE_20181209,8,0.375,12,0.0,6
2018_REG_14_CIN_LAC_20181209,7,0.4166666666666667,12,0.4375,6
2018_REG_14_CIN_LAC_20181209,17,0.75,12,0.5625,6
2018_REG_14_DEN_SF_20181209,10,0.5,12,0.3125,6
2018_REG_14_DEN_SF_20181209,29,0.16666666666666666,12,0.375,6
2018_REG_14_DET_ARI_20181209,1,0.25,12,0.5,6
2018_REG_14_DET_ARI_20181209,11,0.3333333333333333,12,0.5625,6
2018_REG_14_IND_HOU_20181209,13,0.75,12,0.25,6
2018_REG_14_IND_HOU_20181209,14,0.5,12,0.25,6
2018_REG_14_JAX_TEN_20181206,15,0.3333333333333333,12,0.631578947368421,3
2018_REG_14_JAX_TEN_20181206,31,0.5,12,0.5555555555555556,3
2018_REG_14_LAR_CHI_20181209,6,0.6666666666666666,12,0.3125,6
2018_REG_14_LAR_CHI_20181209,18,0.9166666666666666,12,0.6470588235294118,6
2018_REG_14_MIN_SEA_20181210,21,0.5416666666666666,12,0.7777777777777778,7
2018_REG_14_MIN_SEA_20181210,28,0.5833333333333334,12,0.5625,7
2018_REG_14_NE_MIA_20181209,20,0.5,12,0.375,6
2018_REG_14_NE_MIA_20181209,22,0.75,12,0.7894736842105263,6
2018_REG_14_NO_TB_20181209,23,0.8333333333333334,12,0.6666666666666666,9
2018_REG_14_NO_TB_20181209,30,0.4166666666666667,12,0.3125,6
2018_REG_14_NYG_WSH_20181209,24,0.3333333333333333,12,0.1875,6
2018_REG_14_NYG_WSH_20181209,32,0.5,12,0.4375,5
2018_REG_14_NYJ_BUF_20181209,4,0.3333333333333333,12,0.5294117647058824,6
2018_REG_14_NYJ_BUF_20181209,25,0.25,12,0.3125,6
2018_REG_14_PHI_DAL_20181209,9,0.5833333333333334,12,0.5625,9
2018_REG_14_PHI_DAL_20181209,26,0.5,12,0.8421052631578947,5
2018_REG_14_PIT_LV_20181209,19,0.16666666666666666,12,0.375,6
2018_REG_14_PIT_LV_20181209,27,0.625,12,0.7647058823529411,6
2018_REG_15_ARI_ATL_20181216,1,0.23076923076923078,13,0.5,6
2018_REG_15_ARI_ATL_20181216,2,0.3076923076923077,13,0.6111111111111112,6
2018_REG_15_CLE_DEN_20181215,8,0.4230769230769231,13,0.0,5
2018_REG_15_CLE_DEN_20181215,10,0.46153846153846156,13,0.3125,5
2018_REG_15_DAL_IND_20181216,9,0.6153846153846154,13,0.5625,6
2018_REG_15_DAL_IND_20181216,14,0.5384615384615384,13,0.25,6
2018_REG_15_DET_BUF_20181216,4,0.3076923076923077,13,0.5294117647058824,6
2018_REG_15_DET_BUF_20181216,11,0.38461538461538464,13,0.5625,6
2018_REG_15_GB_CHI_20181216,6,0.6923076923076923,13,0.3125,6
2018_REG_15_GB_CHI_20181216,12,0.4230769230769231,13,0.4375,6
2018_REG_15_HOU_NYJ_20181215,13,0.6923076923076923,13,0.25,5
2018_REG_15_HOU_NYJ_20181215,25,0.3076923076923077,13,0.3125,5
2018_REG_15_LAC_KC_20181213,16,0.8461538461538461,13,0.5882352941176471,3
2018_REG_15_LAC_KC_20181213,17,0.7692307692307693,13,0.5625,3
2018_REG_15_LV_CIN_20181216,7,0.38461538461538464,13,0.4375,6
2018_REG_15_LV_CIN_20181216,19,0.23076923076923078,13,0.375,6
2018_REG_15_MIA_MIN_20181216,20,0.5384615384615384,13,0.375,6
2018_REG_15_MIA_MIN_20181216,21,0.5,13,0.7777777777777778,5
2018_REG_15_NE_PIT_20181216,22,0.6923076923076923,13,0.7894736842105263,6
2018_REG_15_NE_PIT_20181216,27,0.5769230769230769,13,0.7647058823529411,6
2018_REG_15_NO_CAR_20181217,5,0.46153846153846156,13,0.6470588235294118,7
2018_REG_15_NO_CAR_20181217,23,0.8461538461538461,13,0.6666666666666666,7
2018_REG_15_PHI_LAR_20181216,18,0.8461538461538461,13,0.6470588235294118,6
2018_REG_15_PHI_LAR_20181216,26,0.46153846153846156,13,0.8421052631578947,6
2018_REG_15_SEA_SF_20181216,28,0.6153846153846154,13,0.5625,5
2018_REG_15_SEA_SF_20181216,29,0.23076923076923078,13,0.375,6
2018_REG_15_TB_BAL_20181216,3,0.5384615384615384,13,0.5625,6
2018_REG_15_TB_BAL_20181216,30,0.38461538461538464,13,0.3125,6
2018_REG_15_TEN_NYG_20181216,24,0.38461538461538464,13,0.1875,6
2018_REG_15_TEN_NYG_20181216,31,0.5384615384615384,13,0.5555555555555556,9
2018_REG_15_WSH_JAX_20181216,15,0.3076923076923077,13,0.631578947368421,9
2018_REG_15_WSH_JAX_20181216,32,0.46153846153846156,13,0.4375,6
2018_REG_16_ATL_CAR_20181223,2,0.35714285714285715,14,0.6111111111111112,6
2018_REG_16_ATL_CAR_20181223,5,0.42857142857142855,14,0.6470588235294118,5
2018_REG_16_BAL_LAC_20181222,3,0.5714285714285714,14,0.5625,5
2018_REG_16_BAL_LAC_20181222,17,0.7857142857142857,14,0.5625,8
2018_REG_16_BUF_NE_20181223,4,0.35714285714285715,14,0.5294117647058824,6
2018_REG_16_BUF_NE_20181223,22,0.6428571428571429,14,0.7894736842105263,6
2018_REG_16_CHI_SF_20181223,6,0.7142857142857143,14,0.3125,6
2018_REG_16_CHI_SF_20181223,29,0.2857142857142857,14,0.375,6
2018_REG_16_CIN_CLE_20181223,7,0.42857142857142855,14,0.4375,6
2018_REG_16_CIN_CLE_20181223,8,0.4642857142857143,14,0.0,7
2018_REG_16_DEN_LV_20181224,10,0.42857142857142855,14,0.3125,8
2018_REG_16_DEN_LV_20181224,19,0.21428571428571427,14,0.375,7
2018_REG_16_GB_NYJ_20181223,12,0.39285714285714285,14,0.4375,6
2018_REG_16_GB_NYJ_20181223,25,0.2857142857142857,14,0.3125,7
2018_REG_16_HOU_PHI_20181223,13,0.7142857142857143,14,0.25,7
2018_REG_16_HOU_PHI_20181223,26,0.5,14,0.8421052631578947,6
2018_REG_16_JAX_MIA_20181223,15,0.2857142857142857,14,0.631578947368421,6
2018_REG_16_JAX_MIA_20181223,20,0.5,14,0.375,6
2018_REG_16_KC_SEA_20181223,16,0.7857142857142857,14,0.5882352941176471,9
2018_REG_16_KC_SEA_20181223,28,0.5714285714285714,14,0.5625,6
2018_REG_16_LAR_ARI_20181223,1,0.21428571428571427,14,0.5,6
2018_REG_16_LAR_ARI_20181223,18,0.7857142857142857,14,0.6470588235294118,6
2018_REG_16_MIN_DET_20181223,11,0.35714285714285715,14,0.5625,6
2018_REG_16_MIN_DET_20181223,21,0.5357142857142857,14,0.7777777777777778,6
2018_REG_16_NYG_IND_20181223,14,0.5714285714285714,14,0.25,6
2018_REG_16_NYG_IND_20181223,24,0.35714285714285715,14,0.1875,6
2018_REG_16_PIT_NO_20181223,23,0.8571428571428571,14,0.6666666666666666,5
2018_REG_16_PIT_NO_20181223,27,0.6071428571428571,14,0.7647058823529411,6
2018_REG_16_TB_DAL_20181223,9,0.5714285714285714,14,0.5625,6
2018_REG_16_TB_DAL_20181223,30,0.35714285714285715,14,0.3125,6
2018_REG_16_WSH_TEN_20181222,31,0.5714285714285714,14,0.5555555555555556,5
2018_REG_16_WSH_TEN_20181222,32,0.5,14,0.4375,5
2018_REG_17_ARI_SEA_20181230,1,0.2,15,0.5,6
2018_REG_17_ARI_SEA_20181230,28,0.6,15,0.5625,6
2018_REG_17_ATL_TB_20181230,2,0.4,15,0.6111111111111112,6
2018_REG_17_ATL_TB_20181230,30,0.3333333333333333,15,0.3125,6
2018_REG_17_CAR_NO_20181230,5,0.4,15,0.6470588235294118,6
2018_REG_17_CAR_NO_20181230,23,0.8666666666666667,15,0.6666666666666666,6
2018_REG_17_CHI_MIN_20181230,6,0.7333333333333333,15,0.3125,6
2018_REG_17_CHI_MIN_20181230,21,0.5666666666666667,15,0.7777777777777778,6
2018_REG_17_CIN_PIT_20181230,7,0.4,15,0.4375,6
2018_REG_17_CIN_PIT_20181230,27,0.5666666666666667,15,0.7647058823529411,6
2018_REG_17_CLE_BAL_20181230,3,0.6,15,0.5625,7
2018_REG_17_CLE_BAL_20181230,8,0.5,15,0.0,6
2018_REG_17_DAL_NYG_20181230,9,0.6,15,0.5625,6
2018_REG_17_DAL_NYG_20181230,24,0.3333333333333333,15,0.1875,6
2018_REG_17_DET_GB_20181230,11,0.3333333333333333,15,0.5625,6
2018_REG_17_DET_GB_20181230,12,0.43333333333333335,15,0.4375,6
2018_REG_17_IND_TEN_20181230,14,0.6,15,0.25,6
2018_REG_17_IND_TEN_20181230,31,0.6,15,0.5555555555555556,7
2018_REG_17_JAX_HOU_20181230,13,0.6666666666666666,15,0.25,6
2018_REG_17_JAX_HOU_20181230,15,0.3333333333333333,15,0.631578947368421,6
2018_REG_17_LAC_DEN_20181230,10,0.4,15,0.3125,5
2018_REG_17_LAC_DEN_20181230,17,0.7333333333333333,15,0.5625,7
2018_REG_17_LV_KC_20181230,16,0.7333333333333333,15,0.5882352941176471,6
2018_REG_17_LV_KC_20181230,19,0.26666666666666666,15,0.375,5
2018_REG_17_MIA_BUF_20181230,4,0.3333333333333333,15,0.5294117647058824,6
2018_REG_17_MIA_BUF_20181230,20,0.4666666666666667,15,0.375,6
2018_REG_17_NYJ_NE_20181230,22,0.6666666666666666,15,0.7894736842105263,6
2018_REG_17_NYJ_NE_20181230,25,0.26666666666666666,15,0.3125,6
2018_REG_17_PHI_WSH_20181230,26,0.5333333333333333,15,0.8421052631578947,6
2018_REG_17_PHI_WSH_20181230,32,0.4666666666666667,15,0.4375,7
2018_REG_17_SF_LAR_20181230,18,0.8,15,0.6470588235294118,6
2018_REG_17_SF_LAR_20181230,29,0.26666666666666666,15,0.375,6
2019_CON_20_GB_SF_20200119,12,0.8235294117647058,17,0.40625,6
2019_CON_20_GB_SF_20200119,29,0.8235294117647058,17,0.25,7
2019_CON_20_TEN_KC_20200119,16,0.7647058823529411,17,0.7222222222222222,6
2019_CON_20_TEN_KC_20200119,31,0.6111111111111112,18,0.5625,7
2019_POST_18_BUF_HOU_20200104,4,0.625,16,0.375,5
2019_POST_18_BUF_HOU_20200104,13,0.625,16,0.6470588235294118,5
2019_POST_18_MIN_NO_20200105,21,0.625,16,0.53125,6
2019_POST_18_MIN_NO_20200105,23,0.8125,16,0.7777777777777778,6
2019_POST_18_SEA_PHI_20200105,26,0.5625,16,0.5555555555555556,6
2019_POST_18_SEA_PHI_20200105,28,0.6875,16,0.5882352941176471,6
2019_POST_18_TEN_NE_20200104,22,0.75,16,0.7368421052631579,5
2019_POST_18_TEN_NE_20200104,31,0.5625,16,0.5625,5
2019_POST_19_HOU_KC_20200112,13,0.6470588235294118,17,0.6470588235294118,7
2019_POST_19_HOU_KC_20200112,16,0.75,16,0.7222222222222222,13
2019_POST_19_MIN_SF_20200111,21,0.6470588235294118,17,0.53125,5
2019_POST_19_MIN_SF_20200111,29,0.8125,16,0.25,12
2019_POST_19_SEA_GB_20200112,12,0.8125,16,0.40625,13
2019_POST_19_SEA_GB_20200112,28,0.7058823529411765,17,0.5882352941176471,6
2019_POST_19_TEN_BAL_20200111,3,0.875,16,0.5882352941176471,12
2019_POST_19_TEN_BAL_20200111,31,0.5882352941176471,17,0.5625,6
2019_POST_21_SF_KC_20200202,16,0.7777777777777778,18,0.7222222222222222,13
2019_POST_21_SF_KC_20200202,29,0.8333333333333334,18,0.25,13
2019_REG_01_ATL_MIN_20190908,2,,0,0.4375,251
2019_REG_01_ATL_MIN_20190908,21,,0,0.53125,251
2019_REG_01_BAL_MIA_20190908,3,,0,0.5882352941176471,244
2019_REG_01_BAL_MIA_20190908,20,,0,0.4375,251
2019_REG_01_BUF_NYJ_20190908,4,,0,0.375,251
2019_REG_01_BUF_NYJ_20190908,25,,0,0.25,251
2019_REG_01_CIN_SEA_20190908,7,,0,0.375,251
2019_REG_01_CIN_SEA_20190908,28,,0,0.5882352941176471,245
2019_REG_01_DEN_LV_20190909,10,,0,0.375,252
2019_REG_01_DEN_LV_20190909,19,,0,0.25,252
2019_REG_01_DET_ARI_20190908,1,,0,0.1875,251
2019_REG_01_DET_ARI_20190908,11,,0,0.375,251
2019_REG_01_GB_CHI_20190905,6,,0,0.7058823529411765,241
2019_REG_01_GB_CHI_20190905,12,,0,0.40625,248
2019_REG_01_HOU_NO_20190909,13,,0,0.6470588235294118,246
2019_REG_01_HOU_NO_20190909,23,,0,0.7777777777777778,231
2019_REG_01_IND_LAC_20190908,14,,0,0.6111111111111112,238
2019_REG_01_IND_LAC_20190908,17,,0,0.7222222222222222,237
2019_REG_01_KC_JAX_20190908,15,,0,0.3125,251
2019_REG_01_KC_JAX_20190908,16,,0,0.7222222222222222,230
2019_REG_01_LAR_CAR_20190908,5,,0,0.4375,251
2019_REG_01_LAR_CAR_20190908,18,,0,0.7894736842105263,216
2019_REG_01_NYG_DAL_20190908,9,,0,0.6111111111111112,238
2019_REG_01_NYG_DAL_20190908,24,,0,0.3125,251
2019_REG_01_PIT_NE_20190908,22,,0,0.7368421052631579,216
2019_REG_01_PIT_NE_20190908,27,,0,0.59375,251
2019_REG_01_SF_TB_20190908,29,,0,0.25,251
2019_REG_01_SF_TB_20190908,30,,0,0.3125,251
2019_REG_01_TEN_CLE_20190908,8,,0,0.46875,251
2019_REG_01_TEN_CLE_20190908,31,,0,0.5625,251
2019_REG_01_WSH_PHI_20190908,26,,0,0.5555555555555556,237
2019_REG_01_WSH_PHI_20190908,32,,0,0.4375,251
2019_REG_02_ARI_BAL_20190915,1,0.5,1,0.1875,6
2019_REG_02_ARI_BAL_20190915,3,1.0,1,0.5882352941176471,6
2019_REG_02_BUF_NYG_20190915,4,1.0,1,0.375,6
2019_REG_02_BUF_NYG_20190915,24,0.0,1,0.3125,6
2019_REG_02_CHI_DEN_20190915,6,0.0,1,0.7058823529411765,9
2019_REG_02_CHI_DEN_20190915,10,0.0,1,0.375,5
2019_REG_02_CLE_NYJ_20190916,8,0.0,1,0.46875,7
2019_REG_02_CLE_NYJ_20190916,25,0.0,1,0.25,7
2019_REG_02_DAL_WSH_20190915,9,1.0,1,0.6111111111111112,6
2019_REG_02_DAL_WSH_20190915,32,0.0,1,0.4375,6
2019_REG_02_IND_TEN_20190915,14,0.0,1,0.6111111111111112,6
2019_REG_02_IND_TEN_20190915,31,1.0,1,0.5625,6
2019_REG_02_JAX_HOU_20190915,13,0.0,1,0.6470588235294118,5
2019_REG_02_JAX_HOU_20190915,15,0.0,1,0.3125,6
2019_REG_02_KC_LV_20190915,16,1.0,1,0.7222222222222222,6
2019_REG_02_KC_LV_20190915,19,1.0,1,0.25,5
2019_REG_02_LAC_DET_20190915,11,0.5,1,0.375,6
2019_REG_02_LAC_DET_20190915,17,1.0,1,0.7222222222222222,6
2019_REG_02_MIN_GB_20190915,12,1.0,1,0.40625,9
2019_REG_02_MIN_GB_20190915,21,1.0,1,0.53125,6
2019_REG_02_NE_MIA_20190915,20,0.0,1,0.4375,6
2019_REG_02_NE_MIA_20190915,22,1.0,1,0.7368421052631579,6
2019_REG_02_NO_LAR_20190915,18,1.0,1,0.7894736842105263,6
2019_REG_02_NO_LAR_20190915,23,1.0,1,0.7777777777777778,5
2019_REG_02_PHI_ATL_20190915,2,0.0,1,0.4375,6
2019_REG_02_PHI_ATL_20190915,26,1.0,1,0.5555555555555556,6
2019_REG_02_SEA_PIT_20190915,27,0.0,1,0.59375,6
2019_REG_02_SEA_PIT_20190915,28,1.0,1,0.5882352941176471,6
2019_REG_02_SF_CIN_20190915,7,0.0,1,0.375,6
2019_REG_02_SF_CIN_20190915,29,1.0,1,0.25,6
2019_REG_02_TB_CAR_20190912,5,0.0,1,0.4375,3
2019_REG_02_TB_CAR_20190912,30,0.0,1,0.3125,3
2019_REG_03_ATL_IND_20190922,2,0.5,2,0.4375,6
2019_REG_03_ATL_IND_20190922,14,0.5,2,0.6111111111111112,6
2019_REG_03_BAL_KC_20190922,3,1.0,2,0.5882352941176471,6
2019_REG_03_BAL_KC_20190922,16,1.0,2,0.7222222222222222,6
2019_REG_03_CAR_ARI_20190922,1,0.25,2,0.1875,6
2019_REG_03_CAR_ARI_20190922,5,0.0,2,0.4375,9
2019_REG_03_CHI_WSH_20190923,6,0.5,2,0.7058823529411765,7
2019_REG_03_CHI_WSH_20190923,32,0.0,2,0.4375,7
2019_REG_03_CIN_BUF_20190922,4,1.0,2,0.375,6
2019_REG_03_CIN_BUF_20190922,7,0.0,2,0.375,6
2019_REG_03_DEN_GB_20190922,10,0.0,2,0.375,6
2019_REG_03_DEN_GB_20190922,12,1.0,2,0.40625,6
2019_REG_03_DET_PHI_20190922,11,0.75,2,0.375,6
2019_REG_03_DET_PHI_20190922,26,0.5,2,0.5555555555555556,6
2019_REG_03_HOU_LAC_20190922,13,0.5,2,0.6470588235294118,6
2019_REG_03_HOU_LAC_20190922,17,0.5,2,0.7222222222222222,6
2019_REG_03_LAR_CLE_20190922,8,0.5,2,0.46875,5
2019_REG_03_LAR_CLE_20190922,18,1.0,2,0.7894736842105263,6
2019_REG_03_LV_MIN_20190922,19,0.5,2,0.25,6
2019_REG_03_LV_MIN_20190922,21,0.5,2,0.53125,6
2019_REG_03_MIA_DAL_20190922,9,1.0,2,0.6111111111111112,6
2019_REG_03_MIA_DAL_20190922,20,0.0,2,0.4375,6
2019_REG_03_NO_SEA_20190922,23,0.5,2,0.7777777777777778,6
2019_REG_03_NO_SEA_20190922,28,1.0,2,0.5882352941176471,6
2019_REG_03_NYG_TB_20190922,24,0.0,2,0.3125,6
2019_REG_03_NYG_TB_20190922,30,0.5,2,0.3125,9
2019_REG_03_NYJ_NE_20190922,22,1.0,2,0.7368421052631579,6
2019_REG_03_NYJ_NE_20190922,25,0.0,2,0.25,5
2019_REG_03_PIT_SF_20190922,27,0.0,2,0.59375,6
2019_REG_03_PIT_SF_20190922,29,1.0,2,0.25,6
2019_REG_03_TEN_JAX_20190919,15,0.0,2,0.3125,3
2019_REG_03_TEN_JAX_20190919,31,0.5,2,0.5625,3
2019_REG_04_CAR_HOU_20190929,5,0.3333333333333333,3,0.4375,6
2019_REG_04_CAR_HOU_20190929,13,0.6666666666666666,3,0.6470588235294118,6
2019_REG_04_CIN_PIT_20190930,7,0.0,3,0.375,7
2019_REG_04_CIN_PIT_20190930,27,0.0,3,0.59375,7
2019_REG_04_CLE_BAL_20190929,3,0.6666666666666666,3,0.5882352941176471,6
2019_REG_04_CLE_BAL_20190929,8,0.3333333333333333,3,0.46875,6
2019_REG_04_DAL_NO_20190929,9,1.0,3,0.6111111111111112,6
2019_REG_04_DAL_NO_20190929,23,0.6666666666666666,3,0.7777777777777778,6
2019_REG_04_JAX_DEN_20190929,10,0.0,3,0.375,6
2019_REG_04_JAX_DEN_20190929,15,0.3333333333333333,3,0.3125,9
2019_REG_04_KC_DET_20190929,11,0.8333333333333334,3,0.375,6
2019_REG_04_KC_DET_20190929,16,1.0,3,0.7222222222222222,6
2019_REG_04_LAC_MIA_20190929,17,0.3333333333333333,3,0.7222222222222222,6
2019_REG_04_LAC_MIA_20190929,20,0.0,3,0.4375,6
2019_REG_04_LV_IND_20190929,14,0.6666666666666666,3,0.6111111111111112,6
2019_REG_04_LV_IND_20190929,19,0.3333333333333333,3,0.25,6
2019_REG_04_MIN_CHI_20190929,6,0.6666666666666666,3,0.7058823529411765,5
2019_REG_04_MIN_CHI_20190929,21,0.6666666666666666,3,0.53125,6
2019_REG_04_NE_BUF_20190929,4,1.0,3,0.375,6
2019_REG_04_NE_BUF_20190929,22,1.0,3,0.7368421052631579,6
2019_REG_04_PHI_GB_20190926,12,1.0,3,0.40625,3
2019_REG_04_PHI_GB_20190926,26,0.3333333333333333,3,0.5555555555555556,3
2019_REG_04_SEA_ARI_20190929,1,0.16666666666666666,3,0.1875,6
2019_REG_04_SEA_ARI_20190929,28,0.6666666666666666,3,0.5882352941176471,6
2019_REG_04_TB_LAR_20190929,18,1.0,3,0.7894736842105263,6
2019_REG_04_TB_LAR_20190929,30,0.3333333333333333,3,0.3125,6
2019_REG_04_TEN_ATL_20190929,2,0.3333333333333333,3,0.4375,6
2019_REG_04_TEN_ATL_20190929,31,0.3333333333333333,3,0.5625,9
2019_REG_04_WSH_NYG_20190929,24,0.3333333333333333,3,0.3125,6
2019_REG_04_WSH_NYG_20190929,32,0.0,3,0.4375,5
2019_REG_05_ARI_CIN_20191006,1,0.125,4,0.1875,6
2019_REG_05_ARI_CIN_20191006,7,0.0,4,0.375,5
2019_REG_05_ATL_HOU_20191006,2,0.25,4,0.4375,6
2019_REG_05_ATL_HOU_20191006,13,0.5,4,0.6470588235294118,6
2019_REG_05_BAL_PIT_20191006,3,0.5,4,0.5882352941176471,6
2019_REG_05_BAL_PIT_20191006,27,0.25,4,0.59375,5
2019_REG_05_BUF_TEN_20191006,4,0.75,4,0.375,6
2019_REG_05_BUF_TEN_20191006,31,0.5,4,0.5625,6
2019_REG_05_CHI_LV_20191006,6,0.75,4,0.7058823529411765,6
2019_REG_05_CHI_LV_20191006,19,0.5,4,0.25,6
2019_REG_05_CLE_SF_20191007,8,0.5,4,0.46875,7
2019_REG_05_CLE_SF_20191007,29,1.0,3,0.25,14
2019_REG_05_DEN_LAC_20191006,10,0.0,4,0.375,6
2019_REG_05_DEN_LAC_20191006,17,0.5,4,0.7222222222222222,6
2019_REG_05_GB_DAL_20191006,9,0.75,4,0.6111111111111112,6
2019_REG_05_GB_DAL_20191006,12,0.75,4,0.40625,9
2019_REG_05_IND_KC_20191006,14,0.5,4,0.6111111111111112,6
2019_REG_05_IND_KC_20191006,16,1.0,4,0.7222222222222222,6
2019_REG_05_JAX_CAR_20191006,5,0.5,4,0.4375,6
2019_REG_05_JAX_CAR_20191006,15,0.5,4,0.3125,6
2019_REG_05_LAR_SEA_20191003,18,0.75,4,0.7894736842105263,3
2019_REG_05_LAR_SEA_20191003,28,0.75,4,0.5882352941176471,3
2019_REG_05_MIN_NYG_20191006,21,0.5,4,0.53125,6
2019_REG_05_MIN_NYG_20191006,24,0.5,4,0.3125,6
2019_REG_05_NE_WSH_20191006,22,1.0,4,0.7368421052631579,6
2019_REG_05_NE_WSH_20191006,32,0.0,4,0.4375,6
2019_REG_05_NYJ_PHI_20191006,25,0.0,3,0.25,13
2019_REG_05_NYJ_PHI_20191006,26,0.5,4,0.5555555555555556,9
2019_REG_05_TB_NO_20191006,23,0.75,4,0.7777777777777778,6
2019_REG_05_TB_NO_20191006,30,0.5,4,0.3125,6
2019_REG_06_ATL_ARI_20191013,1,0.3,5,0.1875,6
2019_REG_06_ATL_ARI_20191013,2,0.2,5,0.4375,6
2019_REG_06_CAR_TB_20191013,5,0.6,5,0.4375,6
2019_REG_06_CAR_TB_20191013,30,0.4,5,0.3125,6
2019_REG_06_CIN_BAL_20191013,3,0.6,5,0.5882352941176471,6
2019_REG_06_CIN_BAL_20191013,7,0.0,5,0.375,6
2019_REG_06_DAL_NYJ_20191013,9,0.6,5,0.6111111111111112,6
2019_REG_06_DAL_NYJ_20191013,25,0.0,4,0.25,6
2019_REG_06_DET_GB_20191014,11,0.625,4,0.375,14
2019_REG_06_DET_GB_20191014,12,0.8,5,0.40625,7
2019_REG_06_HOU_KC_20191013,13,0.6,5,0.6470588235294118,6
2019_REG_06_HOU_KC_20191013,16,0.8,5,0.7222222222222222,6
2019_REG_06_NO_JAX_20191013,15,0.4,5,0.3125,6
2019_REG_06_NO_JAX_20191013,23,0.8,5,0.7777777777777778,6
2019_REG_06_NYG_NE_20191010,22,1.0,5,0.7368421052631579,3
2019_REG_06_NYG_NE_20191010,24,0.4,5,0.3125,3
2019_REG_06_PHI_MIN_20191013,21,0.6,5,0.53125,6
2019_REG_06_PHI_MIN_20191013,26,0.6,5,0.5555555555555556,6
2019_REG_06_PIT_LAC_20191013,17,0.4,5,0.7222222222222222,6
2019_REG_06_PIT_LAC_20191013,27,0.2,5,0.59375,6
2019_REG_06_SEA_CLE_20191013,8,0.4,5,0.46875,5
2019_REG_06_SEA_CLE_20191013,28,0.8,5,0.5882352941176471,9
2019_REG_06_SF_LAR_20191013,18,0.6,5,0.7894736842105263,9
2019_REG_06_SF_LAR_20191013,29,1.0,4,0.25,5
2019_REG_06_TEN_DEN_20191013,10,0.2,5,0.375,6
2019_REG_06_TEN_DEN_20191013,31,0.4,5,0.5625,6
2019_REG_06_WSH_MIA_20191013,20,0.0,4,0.4375,13
2019_REG_06_WSH_MIA_20191013,32,0.0,5,0.4375,6
2019_REG_07_ARI_NYG_20191020,1,0.4166666666666667,6,0.1875,6
2019_REG_07_ARI_NYG_20191020,24,0.3333333333333333,6,0.3125,9
2019_REG_07_BAL_SEA_20191020,3,0.6666666666666666,6,0.5882352941176471,6
2019_REG_07_BAL_SEA_20191020,28,0.8333333333333334,6,0.5882352941176471,6
2019_REG_07_HOU_IND_20191020,13,0.6666666666666666,6,0.6470588235294118,6
2019_REG_07_HOU_IND_20191020,14,0.6,5,0.6111111111111112,13
2019_REG_07_JAX_CIN_20191020,7,0.0,6,0.375,6
2019_REG_07_JAX_CIN_20191020,15,0.3333333333333333,6,0.3125,6
2019_REG_07_KC_DEN_20191017,10,0.3333333333333333,6,0.375,3
2019_REG_07_KC_DEN_20191017,16,0.6666666666666666,6,0.7222222222222222,3
2019_REG_07_LAC_TEN_20191020,17,0.3333333333333333,6,0.7222222222222222,6
2019_REG_07_LAC_TEN_20191020,31,0.3333333333333333,6,0.5625,6
2019_REG_07_LAR_ATL_20191020,2,0.16666666666666666,6,0.4375,6
2019_REG_07_LAR_ATL_20191020,18,0.5,6,0.7894736842105263,6
2019_REG_07_LV_GB_20191020,12,0.8333333333333334,6,0.40625,5
2019_REG_07_LV_GB_20191020,19,0.6,5,0.25,13
2019_REG_07_MIA_BUF_20191020,4,0.8,5,0.375,13
2019_REG_07_MIA_BUF_20191020,20,0.0,5,0.4375,6
2019_REG_07_MIN_DET_20191020,11,0.5,5,0.375,5
2019_REG_07_MIN_DET_20191020,21,0.6666666666666666,6,0.53125,6
2019_REG_07_NE_NYJ_20191021,22,1.0,6,0.7368421052631579,10
2019_REG_07_NE_NYJ_20191021,25,0.2,5,0.25,7
2019_REG_07_NO_CHI_20191020,6,0.6,5,0.7058823529411765,13
2019_REG_07_NO_CHI_20191020,23,0.8333333333333334,6,0.7777777777777778,6
2019_REG_07_PHI_DAL_20191020,9,0.5,6,0.6111111111111112,6
2019_REG_07_PHI_DAL_20191020,26,0.5,6,0.5555555555555556,6
2019_REG_07_SF_WSH_20191020,29,1.0,5,0.25,6
2019_REG_07_SF_WSH_20191020,32,0.16666666666666666,6,0.4375,6
2019_REG_08_ARI_NO_20191027,1,0.5,7,0.1875,6
2019_REG_08_ARI_NO_20191027,23,0.8571428571428571,7,0.7777777777777778,6
2019_REG_08_CAR_SF_20191027,5,0.6666666666666666,6,0.4375,13
2019_REG_08_CAR_SF_20191027,29,1.0,6,0.25,6
2019_REG_08_CIN_LAR_20191027,7,0.0,7,0.375,6
2019_REG_08_CIN_LAR_20191027,18,0.5714285714285714,7,0.7894736842105263,6
2019_REG_08_CLE_NE_20191027,8,0.3333333333333333,6,0.46875,13
2019_REG_08_CLE_NE_20191027,22,1.0,7,0.7368421052631579,5
2019_REG_08_DEN_IND_20191027,10,0.2857142857142857,7,0.375,9
2019_REG_08_DEN_IND_20191027,14,0.6666666666666666,6,0.6111111111111112,6
2019_REG_08_GB_KC_20191027,12,0.8571428571428571,7,0.40625,6
2019_REG_08_GB_KC_20191027,16,0.7142857142857143,7,0.7222222222222222,9
2019_REG_08_LAC_CHI_20191027,6,0.5,6,0.7058823529411765,6
2019_REG_08_LAC_CHI_20191027,17,0.2857142857142857,7,0.7222222222222222,6
2019_REG_08_LV_HOU_20191027,13,0.5714285714285714,7,0.6470588235294118,6
2019_REG_08_LV_HOU_20191027,19,0.5,6,0.25,6
2019_REG_08_MIA_PIT_20191028,20,0.0,6,0.4375,7
2019_REG_08_MIA_PIT_20191028,27,0.3333333333333333,6,0.59375,14
2019_REG_08_NYG_DET_20191027,11,0.4166666666666667,6,0.375,6
2019_REG_08_NYG_DET_20191027,24,0.2857142857142857,7,0.3125,6
2019_REG_08_NYJ_JAX_20191027,15,0.42857142857142855,7,0.3125,6
2019_REG_08_NYJ_JAX_20191027,25,0.16666666666666666,6,0.25,5
2019_REG_08_PHI_BUF_20191027,4,0.8333333333333334,6,0.375,6
2019_REG_08_PHI_BUF_20191027,26,0.42857142857142855,7,0.5555555555555556,6
2019_REG_08_SEA_ATL_20191027,2,0.14285714285714285,7,0.4375,6
2019_REG_08_SEA_ATL_20191027,28,0.7142857142857143,7,0.5882352941176471,6
2019_REG_08_TB_TEN_20191027,30,0.3333333333333333,6,0.3125,13
2019_REG_08_TB_TEN_20191027,31,0.42857142857142855,7,0.5625,6
2019_REG_08_WSH_MIN_20191024,21,0.7142857142857143,7,0.53125,3
2019_REG_08_WSH_MIN_20191024,32,0.14285714285714285,7,0.4375,3
2019_REG_09_CHI_PHI_20191103,6,0.42857142857142855,7,0.7058823529411765,6
2019_REG_09_CHI_PHI_20191103,26,0.5,8,0.5555555555555556,6
2019_REG_09_CLE_DEN_20191103,8,0.2857142857142857,7,0.46875,6
2019_REG_09_CLE_DEN_20191103,10,0.25,8,0.375,6
2019_REG_09_DAL_NYG_20191104,9,0.5714285714285714,7,0.6111111111111112,14
2019_REG_09_DAL_NYG_20191104,24,0.25,8,0.3125,7
2019_REG_09_DET_LV_20191103,11,0.5,7,0.375,6
2019_REG_09_DET_LV_20191103,19,0.42857142857142855,7,0.25,6
2019_REG_09_GB_LAC_20191103,12,0.875,8,0.40625,6
2019_REG_09_GB_LAC_20191103,17,0.375,8,0.7222222222222222,6
2019_REG_09_HOU_JAX_20191103,13,0.625,8,0.6470588235294118,6
2019_REG_09_HOU_JAX_20191103,15,0.5,8,0.3125,6
2019_REG_09_IND_PIT_20191103,14,0.7142857142857143,7,0.6111111111111112,6
2019_REG_09_IND_PIT_20191103,27,0.42857142857142855,7,0.59375,5
2019_REG_09_MIN_KC_20191103,16,0.625,8,0.7222222222222222,6
2019_REG_09_MIN_KC_20191103,21,0.75,8,0.53125,9
2019_REG_09_NE_BAL_20191103,3,0.7142857142857143,7,0.5882352941176471,13
2019_REG_09_NE_BAL_20191103,22,1.0,8,0.7368421052631579,6
2019_REG_09_NYJ_MIA_20191103,20,0.0,7,0.4375,5
2019_REG_09_NYJ_MIA_20191103,25,0.14285714285714285,7,0.25,6
2019_REG_09_SF_ARI_20191031,1,0.4375,8,0.1875,3
2019_REG_09_SF_ARI_20191031,29,1.0,7,0.25,3
2019_REG_09_TB_SEA_20191103,28,0.75,8,0.5882352941176471,6
2019_REG_09_TB_SEA_20191103,30,0.2857142857142857,7,0.3125,6
2019_REG_09_TEN_CAR_20191103,5,0.5714285714285714,7,0.4375,6
2019_REG_09_TEN_CAR_20191103,31,0.5,8,0.5625,6
2019_REG_09_WSH_BUF_20191103,4,0.7142857142857143,7,0.375,6
2019_REG_09_WSH_BUF_20191103,32,0.125,8,0.4375,9
2019_REG_10_ARI_TB_20191110,1,0.3888888888888889,9,0.1875,9
2019_REG_10_ARI_TB_20191110,30,0.25,8,0.3125,6
2019_REG_10_ATL_NO_20191110,2,0.125,8,0.4375,13
2019_REG_10_ATL_NO_20191110,23,0.875,8,0.7777777777777778,13
2019_REG_10_BAL_CIN_20191110,3,0.75,8,0.5882352941176471,6
2019_REG_10_BAL_CIN_20191110,7,0.0,8,0.375,13
2019_REG_10_BUF_CLE_20191110,4,0.75,8,0.375,6
2019_REG_10_BUF_CLE_20191110,8,0.25,8,0.46875,6
2019_REG_10_CAR_GB_20191110,5,0.625,8,0.4375,6
2019_REG_10_CAR_GB_20191110,12,0.7777777777777778,9,0.40625,6
2019_REG_10_DET_CHI_20191110,6,0.375,8,0.7058823529411765,6
2019_REG_10_DET_CHI_20191110,11,0.4375,8,0.375,6
2019_REG_10_KC_TEN_20191110,16,0.6666666666666666,9,0.7222222222222222,6
2019_REG_10_KC_TEN_20191110,31,0.4444444444444444,9,0.5625,6
2019_REG_10_LAC_LV_20191107,17,0.4444444444444444,9,0.7222222222222222,3
2019_REG_10_LAC_LV_20191107,19,0.5,8,0.25,3
2019_REG_10_LAR_PIT_20191110,18,0.625,8,0.7894736842105263,13
2019_REG_10_LAR_PIT_20191110,27,0.5,8,0.59375,6
2019_REG_10_MIA_IND_20191110,14,0.625,8,0.6111111111111112,6
2019_REG_10_MIA_IND_20191110,20,0.125,8,0.4375,6
2019_REG_10_MIN_DAL_20191110,9,0.625,8,0.6111111111111112,5
2019_REG_10_MIN_DAL_20191110,21,0.6666666666666666,9,0.53125,6
2019_REG_10_NYG_NYJ_20191110,24,0.2222222222222222,9,0.3125,5
2019_REG_10_NYG_NYJ_20191110,25,0.125,8,0.25,6
2019_REG_10_SEA_SF_20191111,28,0.7777777777777778,9,0.5882352941176471,7
2019_REG_10_SEA_SF_20191111,29,1.0,8,0.25,10
2019_REG_11_ARI_SF_20191117,1,0.35,10,0.1875,6
2019_REG_11_ARI_SF_20191117,29,0.8888888888888888,9,0.25,5
2019_REG_11_ATL_CAR_20191117,2,0.2222222222222222,9,0.4375,6
2019_REG_11_ATL_CAR_20191117,5,0.5555555555555556,9,0.4375,6
2019_REG_11_BUF_MIA_20191117,4,0.6666666666666666,9,0.375,6
2019_REG_11_BUF_MIA_20191117,20,0.2222222222222222,9,0.4375,6
2019_REG_11_CHI_LAR_20191117,6,0.4444444444444444,9,0.7058823529411765,6
2019_REG_11_CHI_LAR_20191117,18,0.5555555555555556,9,0.7894736842105263,6
2019_REG_11_CIN_LV_20191117,7,0.0,9,0.375,6
2019_REG_11_CIN_LV_20191117,19,0.5555555555555556,9,0.25,9
2019_REG_11_DAL_DET_20191117,9,0.5555555555555556,9,0.6111111111111112,6
2019_REG_11_DAL_DET_20191117,11,0.3888888888888889,9,0.375,6
2019_REG_11_DEN_MIN_20191117,10,0.3333333333333333,9,0.375,13
2019_REG_11_DEN_MIN_20191117,21,0.7,10,0.53125,6
2019_REG_11_HOU_BAL_20191117,3,0.7777777777777778,9,0.5882352941176471,6
2019_REG_11_HOU_BAL_20191117,13,0.6666666666666666,9,0.6470588235294118,13
2019_REG_11_JAX_IND_20191117,14,0.5555555555555556,9,0.6111111111111112,6
2019_REG_11_JAX_IND_20191117,15,0.4444444444444444,9,0.3125,13
2019_REG_11_KC_LAC_20191118,16,0.6,10,0.7222222222222222,7
2019_REG_11_KC_LAC_20191118,17,0.4,10,0.7222222222222222,10
2019_REG_11_NE_PHI_20191117,22,0.8888888888888888,9,0.7368421052631579,13
2019_REG_11_NE_PHI_20191117,26,0.5555555555555556,9,0.5555555555555556,13
2019_REG_11_NO_TB_20191117,23,0.7777777777777778,9,0.7777777777777778,6
2019_REG_11_NO_TB_20191117,30,0.3333333333333333,9,0.3125,6
2019_REG_11_NYJ_WSH_20191117,25,0.2222222222222222,9,0.25,6
2019_REG_11_NYJ_WSH_20191117,32,0.1111111111111111,9,0.4375,13
2019_REG_11_PIT_CLE_20191114,8,0.3333333333333333,9,0.46875,3
2019_REG_11_PIT_CLE_20191114,27,0.5555555555555556,9,0.59375,3
2019_REG_12_BAL_LAR_20191125,3,0.8,10,0.5882352941176471,7
2019_REG_12_BAL_LAR_20191125,18,0.6,10,0.7894736842105263,7
2019_REG_12_CAR_NO_20191124,5,0.5,10,0.4375,6
2019_REG_12_CAR_NO_20191124,23,0.8,10,0.7777777777777778,6
2019_REG_12_DAL_NE_20191124,9,0.6,10,0.6111111111111112,6
2019_REG_12_DAL_NE_20191124,22,0.9,10,0.7368421052631579,6
2019_REG_12_DEN_BUF_20191124,4,0.7,10,0.375,6
2019_REG_12_DEN_BUF_20191124,10,0.3,10,0.375,6
2019_REG_12_DET_WSH_20191124,11,0.35,10,0.375,6
2019_REG_12_DET_WSH_20191124,32,0.1,10,0.4375,6
2019_REG_12_GB_SF_20191124,12,0.8,10,0.40625,13
2019_REG_12_GB_SF_20191124,29,0.9,10,0.25,6
2019_REG_12_IND_HOU_20191121,13,0.6,10,0.6470588235294118,3
2019_REG_12_IND_HOU_20191121,14,0.6,10,0.6111111111111112,3
2019_REG_12_JAX_TEN_20191124,15,0.4,10,0.3125,6
2019_REG_12_JAX_TEN_20191124,31,0.5,10,0.5625,13
2019_REG_12_LV_NYJ_20191124,19,0.6,10,0.25,6
2019_REG_12_LV_NYJ_20191124,25,0.3,10,0.25,6
2019_REG_12_MIA_CLE_20191124,8,0.4,10,0.46875,9
2019_REG_12_MIA_CLE_20191124,20,0.2,10,0.4375,6
2019_REG_12_NYG_CHI_20191124,6,0.4,10,0.7058823529411765,6
2019_REG_12_NYG_CHI_20191124,24,0.2,10,0.3125,13
2019_REG_12_PIT_CIN_20191124,7,0.0,10,0.375,6
2019_REG_12_PIT_CIN_20191124,27,0.5,10,0.59375,9
2019_REG_12_SEA_PHI_20191124,26,0.5,10,0.5555555555555556,6
2019_REG_12_SEA_PHI_20191124,28,0.8,10,0.5882352941176471,12
2019_REG_12_TB_ATL_20191124,2,0.3,10,0.4375,6
2019_REG_12_TB_ATL_20191124,30,0.3,10,0.3125,6
2019_REG_13_BUF_DAL_20191128,4,0.7272727272727273,11,0.375,3
2019_REG_13_BUF_DAL_20191128,9,0.5454545454545454,11,0.6111111111111112,3
2019_REG_13_CHI_DET_20191128,6,0.45454545454545453,11,0.7058823529411765,3
2019_REG_13_CHI_DET_20191128,11,0.3181818181818182,11,0.375,3
2019_REG_13_CLE_PIT_20191201,8,0.45454545454545453,11,0.46875,6
2019_REG_13_CLE_PIT_20191201,27,0.5454545454545454,11,0.59375,6
2019_REG_13_GB_NYG_20191201,12,0.7272727272727273,11,0.40625,6
2019_REG_13_GB_NYG_20191201,24,0.18181818181818182,11,0.3125,6
2019_REG_13_LAC_DEN_20191201,10,0.2727272727272727,11,0.375,6
2019_REG_13_LAC_DEN_20191201,17,0.36363636363636365,11,0.7222222222222222,12
2019_REG_13_LAR_ARI_20191201,1,0.3181818181818182,11,0.1875,13
2019_REG_13_LAR_ARI_20191201,18,0.5454545454545454,11,0.7894736842105263,5
2019_REG_13_LV_KC_20191201,16,0.6363636363636364,11,0.7222222222222222,12
2019_REG_13_LV_KC_20191201,19,0.5454545454545454,11,0.25,6
2019_REG_13_MIN_SEA_20191202,21,0.7272727272727273,11,0.53125,14
2019_REG_13_MIN_SEA_20191202,28,0.8181818181818182,11,0.5882352941176471,7
2019_REG_13_NE_HOU_20191201,13,0.6363636363636364,11,0.6470588235294118,9
2019_REG_13_NE_HOU_20191201,22,0.9090909090909091,11,0.7368421052631579,6
2019_REG_13_NO_ATL_20191128,2,0.2727272727272727,11,0.4375,3
2019_REG_13_NO_ATL_20191128,23,0.8181818181818182,11,0.7777777777777778,3
2019_REG_13_NYJ_CIN_20191201,7,0.0,11,0.375,6
2019_REG_13_NYJ_CIN_20191201,25,0.36363636363636365,11,0.25,6
2019_REG_13_PHI_MIA_20191201,20,0.18181818181818182,11,0.4375,6
2019_REG_13_PHI_MIA_20191201,26,0.45454545454545453,11,0.5555555555555556,6
2019_REG_13_SF_BAL_20191201,3,0.8181818181818182,11,0.5882352941176471,5
2019_REG_13_SF_BAL_20191201,29,0.9090909090909091,11,0.25,6
2019_REG_13_TB_JAX_20191201,15,0.36363636363636365,11,0.3125,6
2019_REG_13_TB_JAX_20191201,30,0.36363636363636365,11,0.3125,6
2019_REG_13_TEN_IND_20191201,14,0.5454545454545454,11,0.6111111111111112,9
2019_REG_13_TEN_IND_20191201,31,0.5454545454545454,11,0.5625,6
2019_REG_13_WSH_CAR_20191201,5,0.45454545454545453,11,0.4375,6
2019_REG_13_WSH_CAR_20191201,32,0.18181818181818182,11,0.4375,6
2019_REG_14_BAL_BUF_20191208,3,0.8333333333333334,12,0.5882352941176471,6
2019_REG_14_BAL_BUF_20191208,4,0.75,12,0.375,9
2019_REG_14_CAR_ATL_20191208,2,0.25,12,0.4375,9
2019_REG_14_CAR_ATL_20191208,5,0.4166666666666667,12,0.4375,6
2019_REG_14_CIN_CLE_20191208,7,0.08333333333333333,12,0.375,6
2019_REG_14_CIN_CLE_20191208,8,0.4166666666666667,12,0.46875,6
2019_REG_14_DAL_CHI_20191205,6,0.5,12,0.7058823529411765,6
2019_REG_14_DAL_CHI_20191205,9,0.5,12,0.6111111111111112,6
2019_REG_14_DEN_HOU_20191208,10,0.3333333333333333,12,0.375,6
2019_REG_14_DEN_HOU_20191208,13,0.6666666666666666,12,0.6470588235294118,6
2019_REG_14_DET_MIN_20191208,11,0.2916666666666667,12,0.375,9
2019_REG_14_DET_MIN_20191208,21,0.6666666666666666,12,0.53125,5
2019_REG_14_IND_TB_20191208,14,0.5,12,0.6111111111111112,6
2019_REG_14_IND_TB_20191208,30,0.4166666666666667,12,0.3125,6
2019_REG_14_KC_NE_20191208,16,0.6666666666666666,12,0.7222222222222222,6
2019_REG_14_KC_NE_20191208,22,0.8333333333333334,12,0.7368421052631579,6
2019_REG_14_LAC_JAX_20191208,15,0.3333333333333333,12,0.3125,6
2019_REG_14_LAC_JAX_20191208,17,0.3333333333333333,12,0.7222222222222222,6
2019_REG_14_MIA_NYJ_20191208,20,0.25,12,0.4375,6
2019_REG_14_MIA_NYJ_20191208,25,0.3333333333333333,12,0.25,6
2019_REG_14_NYG_PHI_20191209,24,0.16666666666666666,12,0.3125,7
2019_REG_14_NYG_PHI_20191209,26,0.4166666666666667,12,0.5555555555555556,7
2019_REG_14_PIT_ARI_20191208,1,0.2916666666666667,12,0.1875,6
2019_REG_14_PIT_ARI_20191208,27,0.5833333333333334,12,0.59375,6
2019_REG_14_SEA_LAR_20191208,18,0.5833333333333334,12,0.7894736842105263,6
2019_REG_14_SEA_LAR_20191208,28,0.8333333333333334,12,0.5882352941176471,5
2019_REG_14_SF_NO_20191208,23,0.8333333333333334,12,0.7777777777777778,9
2019_REG_14_SF_NO_20191208,29,0.8333333333333334,12,0.25,6
2019_REG_14_TEN_LV_20191208,19,0.5,12,0.25,6
2019_REG_14_TEN_LV_20191208,31,0.5833333333333334,12,0.5625,6
2019_REG_14_WSH_GB_20191208,12,0.75,12,0.40625,6
2019_REG_14_WSH_GB_20191208,32,0.25,12,0.4375,6
2019_REG_15_ATL_SF_20191215,2,0.3076923076923077,13,0.4375,6
2019_REG_15_ATL_SF_20191215,29,0.8461538461538461,13,0.25,6
2019_REG_15_BUF_PIT_20191215,4,0.6923076923076923,13,0.375,6
2019_REG_15_BUF_PIT_20191215,27,0.6153846153846154,13,0.59375,6
2019_REG_15_CHI_GB_20191215,6,0.5384615384615384,13,0.7058823529411765,9
2019_REG_15_CHI_GB_20191215,12,0.7692307692307693,13,0.40625,6
2019_REG_15_CLE_ARI_20191215,1,0.2692307692307692,13,0.1875,6
2019_REG_15_CLE_ARI_20191215,8,0.46153846153846156,13,0.46875,6
2019_REG_15_DEN_KC_20191215,10,0.38461538461538464,13,0.375,6
2019_REG_15_DEN_KC_20191215,16,0.6923076923076923,13,0.7222222222222222,6
2019_REG_15_HOU_TEN_20191215,13,0.6153846153846154,13,0.6470588235294118,6
2019_REG_15_HOU_TEN_20191215,31,0.6153846153846154,13,0.5625,6
2019_REG_15_IND_NO_20191216,14,0.46153846153846156,13,0.6111111111111112,7
2019_REG_15_IND_NO_20191216,23,0.7692307692307693,13,0.7777777777777778,7
2019_REG_15_JAX_LV_20191215,15,0.3076923076923077,13,0.3125,6
2019_REG_15_JAX_LV_20191215,19,0.46153846153846156,13,0.25,6
2019_REG_15_LAR_DAL_20191215,9,0.46153846153846156,13,0.6111111111111112,9
2019_REG_15_LAR_DAL_20191215,18,0.6153846153846154,13,0.7894736842105263,6
2019_REG_15_MIA_NYG_20191215,20,0.23076923076923078,13,0.4375,6
2019_REG_15_MIA_NYG_20191215,24,0.15384615384615385,13,0.3125,5
2019_REG_15_MIN_LAC_20191215,17,0.38461538461538464,13,0.7222222222222222,6
2019_REG_15_MIN_LAC_20191215,21,0.6923076923076923,13,0.53125,6
2019_REG_15_NE_CIN_20191215,7,0.07692307692307693,13,0.375,6
2019_REG_15_NE_CIN_20191215,22,0.7692307692307693,13,0.7368421052631579,6
2019_REG_15_NYJ_BAL_20191212,3,0.8461538461538461,13,0.5882352941176471,3
2019_REG_15_NYJ_BAL_20191212,25,0.38461538461538464,13,0.25,3
2019_REG_15_PHI_WSH_20191215,26,0.46153846153846156,13,0.5555555555555556,5
2019_REG_15_PHI_WSH_20191215,32,0.23076923076923078,13,0.4375,6
2019_REG_15_SEA_CAR_20191215,5,0.38461538461538464,13,0.4375,6
2019_REG_15_SEA_CAR_20191215,28,0.7692307692307693,13,0.5882352941176471,6
2019_REG_15_TB_DET_20191215,11,0.2692307692307692,13,0.375,6
2019_REG_15_TB_DET_20191215,30,0.46153846153846156,13,0.3125,6
2019_REG_16_ARI_SEA_20191222,1,0.32142857142857145,14,0.1875,6
2019_REG_16_ARI_SEA_20191222,28,0.7857142857142857,14,0.5882352941176471,6
2019_REG_16_BAL_CLE_20191222,3,0.8571428571428571,14,0.5882352941176471,9
2019_REG_16_BAL_CLE_20191222,8,0.42857142857142855,14,0.46875,6
2019_REG_16_BUF_NE_20191221,4,0.7142857142857143,14,0.375,5
2019_REG_16_BUF_NE_20191221,22,0.7857142857142857,14,0.7368421052631579,5
2019_REG_16_CAR_IND_20191222,5,0.35714285714285715,14,0.4375,6
2019_REG_16_CAR_IND_20191222,14,0.42857142857142855,14,0.6111111111111112,5
2019_REG_16_CIN_MIA_20191222,7,0.07142857142857142,14,0.375,6
2019_REG_16_CIN_MIA_20191222,20,0.21428571428571427,14,0.4375,6
2019_REG_16_DAL_PHI_20191222,9,0.5,14,0.6111111111111112,6
2019_REG_16_DAL_PHI_20191222,26,0.5,14,0.5555555555555556,6
2019_REG_16_DET_DEN_20191222,10,0.35714285714285715,14,0.375,6
2019_REG_16_DET_DEN_20191222,11,0.25,14,0.375,6
2019_REG_16_GB_MIN_20191223,12,0.7857142857142857,14,0.40625,7
2019_REG_16_GB_MIN_20191223,21,0.7142857142857143,14,0.53125,7
2019_REG_16_HOU_TB_20191221,13,0.6428571428571429,14,0.6470588235294118,5
2019_REG_16_HOU_TB_20191221,30,0.5,14,0.3125,5
2019_REG_16_JAX_ATL_20191222,2,0.35714285714285715,14,0.4375,6
2019_REG_16_JAX_ATL_20191222,15,0.35714285714285715,14,0.3125,6
2019_REG_16_KC_CHI_20191222,6,0.5,14,0.7058823529411765,6
2019_REG_16_KC_CHI_20191222,16,0.7142857142857143,14,0.7222222222222222,6
2019_REG_16_LAR_SF_20191221,18,0.5714285714285714,14,0.7894736842105263,5
2019_REG_16_LAR_SF_20191221,29,0.7857142857142857,14,0.25,5
2019_REG_16_LV_LAC_20191222,17,0.35714285714285715,14,0.7222222222222222,6
2019_REG_16_LV_LAC_20191222,19,0.42857142857142855,14,0.25,6
2019_REG_16_NO_TEN_20191222,23,0.7857142857142857,14,0.7777777777777778,5
2019_REG_16_NO_TEN_20191222,31,0.5714285714285714,14,0.5625,6
2019_REG_16_NYG_WSH_20191222,24,0.21428571428571427,14,0.3125,6
2019_REG_16_NYG_WSH_20191222,32,0.21428571428571427,14,0.4375,6
2019_REG_16_PIT_NYJ_20191222,25,0.35714285714285715,14,0.25,9
2019_REG_16_PIT_NYJ_20191222,27,0.5714285714285714,14,0.59375,6
2019_REG_17_ARI_LAR_20191229,1,0.36666666666666664,15,0.1875,6
2019_REG_17_ARI_LAR_20191229,18,0.5333333333333333,15,0.7894736842105263,7
2019_REG_17_ATL_TB_20191229,2,0.4,15,0.4375,6
2019_REG_17_ATL_TB_20191229,30,0.4666666666666667,15,0.3125,7
2019_REG_17_CHI_MIN_20191229,6,0.4666666666666667,15,0.7058823529411765,6
2019_REG_17_CHI_MIN_20191229,21,0.6666666666666666,15,0.53125,5
2019_REG_17_CLE_CIN_20191229,7,0.06666666666666667,15,0.375,6
2019_REG_17_CLE_CIN_20191229,8,0.4,15,0.46875,6
2019_REG_17_GB_DET_20191229,11,0.23333333333333334,15,0.375,6
2019_REG_17_GB_DET_20191229,12,0.8,15,0.40625,5
2019_REG_17_IND_JAX_20191229,14,0.4666666666666667,15,0.6111111111111112,6
2019_REG_17_IND_JAX_20191229,15,0.3333333333333333,15,0.3125,6
2019_REG_17_LAC_KC_20191229,16,0.7333333333333333,15,0.7222222222222222,6
2019_REG_17_LAC_KC_20191229,17,0.3333333333333333,15,0.7222222222222222,6
2019_REG_17_LV_DEN_20191229,10,0.4,15,0.375,6
2019_REG_17_LV_DEN_20191229,19,0.4666666666666667,15,0.25,6
2019_REG_17_MIA_NE_20191229,20,0.26666666666666666,15,0.4375,6
2019_REG_17_MIA_NE_20191229,22,0.8,15,0.7368421052631579,7
2019_REG_17_NO_CAR_20191229,5,0.3333333333333333,15,0.4375,6
2019_REG_17_NO_CAR_20191229,23,0.8,15,0.7777777777777778,6
2019_REG_17_NYJ_BUF_20191229,4,0.6666666666666666,15,0.375,7
2019_REG_17_NYJ_BUF_20191229,25,0.4,15,0.25,6
2019_REG_17_PHI_NYG_20191229,24,0.26666666666666666,15,0.3125,6
2019_REG_17_PHI_NYG_20191229,26,0.5333333333333333,15,0.5555555555555556,6
2019_REG_17_PIT_BAL_20191229,3,0.8666666666666667,15,0.5882352941176471,6
2019_REG_17_PIT_BAL_20191229,27,0.5333333333333333,15,0.59375,6
2019_REG_17_SF_SEA_20191229,28,0.7333333333333333,15,0.5882352941176471,6
2019_REG_17_SF_SEA_20191229,29,0.8,15,0.25,7
2019_REG_17_TEN_HOU_20191229,13,0.6666666666666666,15,0.6470588235294118,7
2019_REG_17_TEN_HOU_20191229,31,0.5333333333333333,15,0.5625,6
2019_REG_17_WSH_DAL_20191229,9,0.4666666666666667,15,0.6111111111111112,6
2019_REG_17_WSH_DAL_20191229,32,0.2,15,0.4375,6
2020_CON_20_BUF_KC_20210124,4,0.8333333333333334,18,0.5882352941176471,7
2020_CON_20_BUF_KC_20210124,16,0.8823529411764706,17,0.7894736842105263,6
2020_CON_20_TB_GB_20210124,12,0.8235294117647058,17,0.7777777777777778,7
2020_CON_20_TB_GB_20210124,30,0.7222222222222222,18,0.4375,6
2020_POST_18_BAL_TEN_20210110,3,0.6875,16,0.8235294117647058,6
2020_POST_18_BAL_TEN_20210110,31,0.6875,16,0.5789473684210527,6
2020_POST_18_CHI_NO_20210110,6,0.5,16,0.5,6
2020_POST_18_CHI_NO_20210110,23,0.75,16,0.7647058823529411,6
2020_POST_18_CLE_PIT_20210110,8,0.6875,16,0.375,6
2020_POST_18_CLE_PIT_20210110,27,0.75,16,0.5,6
2020_POST_18_IND_BUF_20210109,4,0.8125,16,0.5882352941176471,5
2020_POST_18_IND_BUF_20210109,14,0.6875,16,0.4375,5
2020_POST_18_LAR_SEA_20210109,18,0.625,16,0.5625,5
2020_POST_18_LAR_SEA_20210109,28,0.75,16,0.6666666666666666,5
2020_POST_18_TB_WSH_20210109,30,0.6875,16,0.4375,5
2020_POST_18_TB_WSH_20210109,32,0.4375,16,0.1875,5
2020_POST_19_BAL_BUF_20210116,3,0.7058823529411765,17,0.8235294117647058,5
2020_POST_19_BAL_BUF_20210116,4,0.8235294117647058,17,0.5882352941176471,6
2020_POST_19_CLE_KC_20210117,8,0.7058823529411765,17,0.375,6
2020_POST_19_CLE_KC_20210117,16,0.875,16,0.7894736842105263,13
2020_POST_19_LAR_GB_20210116,12,0.8125,16,0.7777777777777778,12
2020_POST_19_LAR_GB_20210116,18,0.6470588235294118,17,0.5625,6
2020_POST_19_TB_NO_20210117,23,0.7647058823529411,17,0.7647058823529411,6
2020_POST_19_TB_NO_20210117,30,0.7058823529411765,17,0.4375,7
2020_POST_21_KC_TB_20210207,16,0.8888888888888888,18,0.7894736842105263,13
2020_POST_21_KC_TB_20210207,30,0.7368421052631579,19,0.4375,13
2020_REG_01_ARI_SF_20200913,1,,0,0.34375,258
2020_REG_01_ARI_SF_20200913,29,,0,0.7894736842105263,223
2020_REG_01_CHI_DET_20200913,6,,0,0.5,258
2020_REG_01_CHI_DET_20200913,11,,0,0.21875,258
2020_REG_01_CLE_BAL_20200913,3,,0,0.8235294117647058,245
2020_REG_01_CLE_BAL_20200913,8,,0,0.375,258
2020_REG_01_DAL_LAR_20200913,9,,0,0.5,258
2020_REG_01_DAL_LAR_20200913,18,,0,0.5625,258
2020_REG_01_GB_MIN_20200913,12,,0,0.7777777777777778,237
2020_REG_01_GB_MIN_20200913,21,,0,0.6111111111111112,245
2020_REG_01_HOU_KC_20200910,13,,0,0.6111111111111112,241
2020_REG_01_HOU_KC_20200910,16,,0,0.7894736842105263,220
2020_REG_01_IND_JAX_20200913,14,,0,0.4375,258
2020_REG_01_IND_JAX_20200913,15,,0,0.375,258
2020_REG_01_LAC_CIN_20200913,7,,0,0.125,258
2020_REG_01_LAC_CIN_20200913,17,,0,0.3125,258
2020_REG_01_LV_CAR_20200913,5,,0,0.3125,258
2020_REG_01_LV_CAR_20200913,19,,0,0.4375,258
2020_REG_01_MIA_NE_20200913,20,,0,0.3125,258
2020_REG_01_MIA_NE_20200913,22,,0,0.7058823529411765,252
2020_REG_01_NYJ_BUF_20200913,4,,0,0.5882352941176471,252
2020_REG_01_NYJ_BUF_20200913,25,,0,0.4375,258
2020_REG_01_PHI_WSH_20200913,26,,0,0.5294117647058824,251
2020_REG_01_PHI_WSH_20200913,32,,0,0.1875,258
2020_REG_01_PIT_NYG_20200914,24,,0,0.25,259
2020_REG_01_PIT_NYG_20200914,27,,0,0.5,259
2020_REG_01_SEA_ATL_20200913,2,,0,0.4375,258
2020_REG_01_SEA_ATL_20200913,28,,0,0.6666666666666666,244
2020_REG_01_TB_NO_20200913,23,,0,0.7647058823529411,251
2020_REG_01_TB_NO_20200913,30,,0,0.4375,258
2020_REG_01_TEN_DEN_20200914,10,,0,0.4375,259
2020_REG_01_TEN_DEN_20200914,31,,0,0.5789473684210527,238
2020_REG_02_ATL_DAL_20200920,2,0.0,1,0.4375,6
2020_REG_02_ATL_DAL_20200920,9,0.0,1,0.5,6
2020_REG_02_BAL_HOU_20200920,3,1.0,1,0.8235294117647058,6
2020_REG_02_BAL_HOU_20200920,13,0.0,1,0.6111111111111112,9
2020_REG_02_BUF_MIA_20200920,4,1.0,1,0.5882352941176471,6
2020_REG_02_BUF_MIA_20200920,20,0.0,1,0.3125,6
2020_REG_02_CAR_TB_20200920,5,0.0,1,0.3125,6
2020_REG_02_CAR_TB_20200920,30,0.0,1,0.4375,6
2020_REG_02_CIN_CLE_20200917,7,0.0,1,0.125,3
2020_REG_02_CIN_CLE_20200917,8,0.0,1,0.375,3
2020_REG_02_DEN_PIT_20200920,10,0.0,1,0.4375,5
2020_REG_02_DEN_PIT_20200920,27,1.0,1,0.5,5
2020_REG_02_DET_GB_20200920,11,0.0,1,0.21875,6
2020_REG_02_DET_GB_20200920,12,1.0,1,0.7777777777777778,6
2020_REG_02_JAX_TEN_20200920,15,1.0,1,0.375,6
2020_REG_02_JAX_TEN_20200920,31,1.0,1,0.5789473684210527,5
2020_REG_02_KC_LAC_20200920,16,1.0,1,0.7894736842105263,9
2020_REG_02_KC_LAC_20200920,17,1.0,1,0.3125,6
2020_REG_02_LAR_PHI_20200920,18,1.0,1,0.5625,6
2020_REG_02_LAR_PHI_20200920,26,0.0,1,0.5294117647058824,6
2020_REG_02_MIN_IND_20200920,14,0.0,1,0.4375,6
2020_REG_02_MIN_IND_20200920,21,0.0,1,0.6111111111111112,6
2020_REG_02_NE_SEA_20200920,22,1.0,1,0.7058823529411765,6
2020_REG_02_NE_SEA_20200920,28,1.0,1,0.6666666666666666,6
2020_REG_02_NO_LV_20200921,19,1.0,1,0.4375,7
2020_REG_02_NO_LV_20200921,23,1.0,1,0.7647058823529411,7
2020_REG_02_NYG_CHI_20200920,6,1.0,1,0.5,6
2020_REG_02_NYG_CHI_20200920,24,0.0,1,0.25,5
2020_REG_02_SF_NYJ_20200920,25,0.0,1,0.4375,6
2020_REG_02_SF_NYJ_20200920,29,0.0,1,0.7894736842105263,6
2020_REG_02_WSH_ARI_20200920,1,1.0,1,0.34375,6
2020_REG_02_WSH_ARI_20200920,32,1.0,1,0.1875,6
2020_REG_03_CAR_LAC_20200927,5,0.0,2,0.3125,6
2020_REG_03_CAR_LAC_20200927,17,0.5,2,0.3125,6
2020_REG_03_CHI_ATL_20200927,2,0.0,2,0.4375,6
2020_REG_03_CHI_ATL_20200927,6,1.0,2,0.5,6
2020_REG_03_CIN_PHI_20200927,7,0.0,2,0.125,9
2020_REG_03_CIN_PHI_20200927,26,0.0,2,0.5294117647058824,6
2020_REG_03_DAL_SEA_20200927,9,0.5,2,0.5,6
2020_REG_03_DAL_SEA_20200927,28,1.0,2,0.6666666666666666,6
2020_REG_03_DET_ARI_20200927,1,1.0,2,0.34375,6
2020_REG_03_DET_ARI_20200927,11,0.0,2,0.21875,6
2020_REG_03_GB_NO_20200927,12,1.0,2,0.7777777777777778,6
2020_REG_03_GB_NO_20200927,23,0.5,2,0.7647058823529411,5
2020_REG_03_HOU_PIT_20200927,13,0.0,2,0.6111111111111112,6
2020_REG_03_HOU_PIT_20200927,27,1.0,2,0.5,6
2020_REG_03_KC_BAL_20200928,3,1.0,2,0.8235294117647058,7
2020_REG_03_KC_BAL_20200928,16,1.0,2,0.7894736842105263,7
2020_REG_03_LAR_BUF_20200927,4,1.0,2,0.5882352941176471,6
2020_REG_03_LAR_BUF_20200927,18,1.0,2,0.5625,6
2020_REG_03_LV_NE_20200927,19,1.0,2,0.4375,5
2020_REG_03_LV_NE_20200927,22,0.5,2,0.7058823529411765,6
2020_REG_03_MIA_JAX_20200924,15,0.5,2,0.375,3
2020_REG_03_MIA_JAX_20200924,20,0.0,2,0.3125,3
2020_REG_03_NYJ_IND_20200927,14,0.5,2,0.4375,6
2020_REG_03_NYJ_IND_20200927,25,0.0,2,0.4375,6
2020_REG_03_SF_NYG_20200927,24,0.0,2,0.25,6
2020_REG_03_SF_NYG_20200927,29,0.5,2,0.7894736842105263,6
2020_REG_03_TB_DEN_20200927,10,0.0,2,0.4375,6
2020_REG_03_TB_DEN_20200927,30,0.5,2,0.4375,6
2020_REG_03_TEN_MIN_20200927,21,0.0,2,0.6111111111111112,6
2020_REG_03_TEN_MIN_20200927,31,1.0,2,0.5789473684210527,6
2020_REG_03_WSH_CLE_20200927,8,0.5,2,0.375,9
2020_REG_03_WSH_CLE_20200927,32,0.5,2,0.1875,6
2020_REG_04_ARI_CAR_20201004,1,0.6666666666666666,3,0.34375,6
2020_REG_04_ARI_CAR_20201004,5,0.3333333333333333,3,0.3125,6
2020_REG_04_ATL_GB_20201005,2,0.0,3,0.4375,7
2020_REG_04_ATL_GB_20201005,12,1.0,3,0.7777777777777778,7
2020_REG_04_BAL_WSH_20201004,3,0.6666666666666666,3,0.8235294117647058,5
2020_REG_04_BAL_WSH_20201004,32,0.3333333333333333,3,0.1875,6
2020_REG_04_BUF_LV_20201004,4,1.0,3,0.5882352941176471,6
2020_REG_04_BUF_LV_20201004,19,0.6666666666666666,3,0.4375,6
2020_REG_04_CLE_DAL_20201004,8,0.6666666666666666,3,0.375,6
2020_REG_04_CLE_DAL_20201004,9,0.3333333333333333,3,0.5,6
2020_REG_04_DEN_NYJ_20201001,10,0.0,3,0.4375,3
2020_REG_04_DEN_NYJ_20201001,25,0.0,3,0.4375,3
2020_REG_04_IND_CHI_20201004,6,1.0,3,0.5,6
2020_REG_04_IND_CHI_20201004,14,0.6666666666666666,3,0.4375,6
2020_REG_04_JAX_CIN_20201004,7,0.16666666666666666,3,0.125,6
2020_REG_04_JAX_CIN_20201004,15,0.3333333333333333,3,0.375,9
2020_REG_04_LAC_TB_20201004,17,0.3333333333333333,3,0.3125,6
2020_REG_04_LAC_TB_20201004,30,0.6666666666666666,3,0.4375,6
2020_REG_04_MIN_HOU_20201004,13,0.0,3,0.6111111111111112,6
2020_REG_04_MIN_HOU_20201004,21,0.0,3,0.6111111111111112,6
2020_REG_04_NE_KC_20201005,16,1.0,3,0.7894736842105263,6
2020_REG_04_NE_KC_20201005,22,0.6666666666666666,3,0.7058823529411765,7
2020_REG_04_NO_DET_20201004,11,0.3333333333333333,3,0.21875,6
2020_REG_04_NO_DET_20201004,23,0.3333333333333333,3,0.7647058823529411,6
2020_REG_04_NYG_LAR_20201004,18,0.6666666666666666,3,0.5625,6
2020_REG_04_NYG_LAR_20201004,24,0.0,3,0.25,6
2020_REG_04_PHI_SF_20201004,26,0.16666666666666666,3,0.5294117647058824,6
2020_REG_04_PHI_SF_20201004,29,0.6666666666666666,3,0.7894736842105263,6
2020_REG_04_SEA_MIA_20201004,20,0.3333333333333333,3,0.3125,9
2020_REG_04_SEA_MIA_20201004,28,1.0,3,0.6666666666666666,6
2020_REG_05_ARI_NYJ_20201011,1,0.5,4,0.34375,6
2020_REG_05_ARI_NYJ_20201011,25,0.0,4,0.4375,9
2020_REG_05_BUF_TEN_20201013,4,1.0,4,0.5882352941176471,8
2020_REG_05_BUF_TEN_20201013,31,1.0,3,0.5789473684210527,15
2020_REG_05_CAR_ATL_20201011,2,0.0,4,0.4375,5
2020_REG_05_CAR_ATL_20201011,5,0.5,4,0.3125,6
2020_REG_05_CIN_BAL_20201011,3,0.75,4,0.8235294117647058,6
2020_REG_05_CIN_BAL_20201011,7,0.375,4,0.125,6
2020_REG_05_IND_CLE_20201011,8,0.75,4,0.375,6
2020_REG_05_IND_CLE_20201011,14,0.75,4,0.4375,6
2020_REG_05_JAX_HOU_20201011,13,0.0,4,0.6111111111111112,6
2020_REG_05_JAX_HOU_20201011,15,0.25,4,0.375,6
2020_REG_05_LAC_NO_20201012,17,0.25,4,0.3125,7
2020_REG_05_LAC_NO_20201012,23,0.5,4,0.7647058823529411,7
2020_REG_05_LAR_WSH_20201011,18,0.75,4,0.5625,6
2020_REG_05_LAR_WSH_20201011,32,0.25,4,0.1875,6
2020_REG_05_LV_KC_20201011,16,1.0,4,0.7894736842105263,5
2020_REG_05_LV_KC_20201011,19,0.5,4,0.4375,6
2020_REG_05_MIA_SF_20201011,20,0.25,4,0.3125,6
2020_REG_05_MIA_SF_20201011,29,0.5,4,0.7894736842105263,6
2020_REG_05_MIN_SEA_20201011,21,0.25,4,0.6111111111111112,6
2020_REG_05_MIN_SEA_20201011,28,1.0,4,0.6666666666666666,6
2020_REG_05_NYG_DAL_20201011,9,0.25,4,0.5,6
2020_REG_05_NYG_DAL_20201011,24,0.0,4,0.25,6
2020_REG_05_PHI_PIT_20201011,26,0.375,4,0.5294117647058824,6
2020_REG_05_PHI_PIT_20201011,27,1.0,3,0.5,13
2020_REG_05_TB_CHI_20201008,6,0.75,4,0.5,3
2020_REG_05_TB_CHI_20201008,30,0.75,4,0.4375,3
2020_REG_06_ARI_DAL_20201019,1,0.6,5,0.34375,7
2020_REG_06_ARI_DAL_20201019,9,0.4,5,0.5,7
2020_REG_06_ATL_MIN_20201018,2,0.0,5,0.4375,6
2020_REG_06_ATL_MIN_20201018,21,0.2,5,0.6111111111111112,6
2020_REG_06_BAL_PHI_20201018,3,0.8,5,0.8235294117647058,6
2020_REG_06_BAL_PHI_20201018,26,0.3,5,0.5294117647058824,6
2020_REG_06_CHI_CAR_20201018,5,0.6,5,0.3125,6
2020_REG_06_CHI_CAR_20201018,6,0.8,5,0.5,9
2020_REG_06_CIN_IND_20201018,7,0.3,5,0.125,6
2020_REG_06_CIN_IND_20201018,14,0.6,5,0.4375,6
2020_REG_06_CLE_PIT_20201018,8,0.8,5,0.375,6
2020_REG_06_CLE_PIT_20201018,27,1.0,4,0.5,6
2020_REG_06_DEN_NE_20201018,10,0.25,4,0.4375,16
2020_REG_06_DEN_NE_20201018,22,0.5,4,0.7058823529411765,12
2020_REG_06_DET_JAX_20201018,11,0.25,4,0.21875,13
2020_REG_06_DET_JAX_20201018,15,0.2,5,0.375,6
2020_REG_06_GB_TB_20201018,12,1.0,4,0.7777777777777778,12
2020_REG_06_GB_TB_20201018,30,0.6,5,0.4375,9
2020_REG_06_HOU_TEN_20201018,13,0.2,5,0.6111111111111112,6
2020_REG_06_HOU_TEN_20201018,31,1.0,4,0.5789473684210527,4
2020_REG_06_KC_BUF_20201019,4,0.8,5,0.5882352941176471,5
2020_REG_06_KC_BUF_20201019,16,0.8,5,0.7894736842105263,7
2020_REG_06_LAR_SF_20201018,18,0.8,5,0.5625,6
2020_REG_06_LAR_SF_20201018,29,0.4,5,0.7894736842105263,6
2020_REG_06_NYJ_MIA_20201018,20,0.4,5,0.3125,6
2020_REG_06_NYJ_MIA_20201018,25,0.0,5,0.4375,6
2020_REG_06_WSH_NYG_20201018,24,0.0,5,0.25,6
2020_REG_06_WSH_NYG_20201018,32,0.2,5,0.1875,6
2020_REG_07_BUF_NYJ_20201025,4,0.6666666666666666,6,0.5882352941176471,5
2020_REG_07_BUF_NYJ_20201025,25,0.0,6,0.4375,6
2020_REG_07_CAR_NO_20201025,5,0.5,6,0.3125,6
2020_REG_07_CAR_NO_20201025,23,0.6,5,0.7647058823529411,12
2020_REG_07_CHI_LAR_20201026,6,0.8333333333333334,6,0.5,7
2020_REG_07_CHI_LAR_20201026,18,0.6666666666666666,6,0.5625,7
2020_REG_07_CLE_CIN_20201025,7,0.25,6,0.125,6
2020_REG_07_CLE_CIN_20201025,8,0.6666666666666666,6,0.375,6
2020_REG_07_DAL_WSH_20201025,9,0.3333333333333333,6,0.5,5
2020_REG_07_DAL_WSH_20201025,32,0.16666666666666666,6,0.1875,6
2020_REG_07_DET_ATL_20201025,2,0.16666666666666666,6,0.4375,6
2020_REG_07_DET_ATL_20201025,11,0.4,5,0.21875,6
2020_REG_07_GB_HOU_20201025,12,0.8,5,0.7777777777777778,6
2020_REG_07_GB_HOU_20201025,13,0.16666666666666666,6,0.6111111111111112,6
2020_REG_07_JAX_LAC_20201025,15,0.16666666666666666,6,0.375,6
2020_REG_07_JAX_LAC_20201025,17,0.2,5,0.3125,12
2020_REG_07_KC_DEN_20201025,10,0.4,5,0.4375,6
2020_REG_07_KC_DEN_20201025,16,0.8333333333333334,6,0.7894736842105263,5
2020_REG_07_NYG_PHI_20201022,24,0.16666666666666666,6,0.25,3
2020_REG_07_NYG_PHI_20201022,26,0.25,6,0.5294117647058824,3
2020_REG_07_PIT_TEN_20201025,27,1.0,5,0.5,6
2020_REG_07_PIT_TEN_20201025,31,1.0,5,0.5789473684210527,6
2020_REG_07_SEA_ARI_20201025,1,0.6666666666666666,6,0.34375,5
2020_REG_07_SEA_ARI_20201025,28,1.0,5,0.6666666666666666,13
2020_REG_07_SF_NE_20201025,22,0.4,5,0.7058823529411765,6
2020_REG_07_SF_NE_20201025,29,0.5,6,0.7894736842105263,6
2020_REG_07_TB_LV_20201025,19,0.6,5,0.4375,13
2020_REG_07_TB_LV_20201025,30,0.6666666666666666,6,0.4375,6
2020_REG_08_ATL_CAR_20201029,2,0.14285714285714285,7,0.4375,3
2020_REG_08_ATL_CAR_20201029,5,0.42857142857142855,7,0.3125,3
2020_REG_08_DAL_PHI_20201101,9,0.2857142857142857,7,0.5,6
2020_REG_08_DAL_PHI_20201101,26,0.35714285714285715,7,0.5294117647058824,9
2020_REG_08_IND_DET_20201101,11,0.5,6,0.21875,6
2020_REG_08_IND_DET_20201101,14,0.6666666666666666,6,0.4375,13
2020_REG_08_LAC_DEN_20201101,10,0.3333333333333333,6,0.4375,6
2020_REG_08_LAC_DEN_20201101,17,0.3333333333333333,6,0.3125,6
2020_REG_08_LAR_MIA_20201101,18,0.7142857142857143,7,0.5625,5
2020_REG_08_LAR_MIA_20201101,20,0.5,6,0.3125,13
2020_REG_08_LV_CLE_20201101,8,0.7142857142857143,7,0.375,6
2020_REG_08_LV_CLE_20201101,19,0.5,6,0.4375,6
2020_REG_08_MIN_GB_20201101,12,0.8333333333333334,6,0.7777777777777778,6
2020_REG_08_MIN_GB_20201101,21,0.16666666666666666,6,0.6111111111111112,13
2020_REG_08_NE_BUF_20201101,4,0.7142857142857143,7,0.5882352941176471,6
2020_REG_08_NE_BUF_20201101,22,0.3333333333333333,6,0.7058823529411765,6
2020_REG_08_NO_CHI_20201101,6,0.7142857142857143,7,0.5,5
2020_REG_08_NO_CHI_20201101,23,0.6666666666666666,6,0.7647058823529411,6
2020_REG_08_NYJ_KC_20201101,16,0.8571428571428571,7,0.7894736842105263,6
2020_REG_08_NYJ_KC_20201101,25,0.0,7,0.4375,6
2020_REG_08_PIT_BAL_20201101,3,0.8333333333333334,6,0.8235294117647058,13
2020_REG_08_PIT_BAL_20201101,27,1.0,6,0.5,6
2020_REG_08_SF_SEA_20201101,28,0.8333333333333334,6,0.6666666666666666,6
2020_REG_08_SF_SEA_20201101,29,0.5714285714285714,7,0.7894736842105263,6
2020_REG_08_TB_NYG_20201102,24,0.14285714285714285,7,0.25,10
2020_REG_08_TB_NYG_20201102,30,0.7142857142857143,7,0.4375,7
2020_REG_08_TEN_CIN_20201101,7,0.21428571428571427,7,0.125,6
2020_REG_08_TEN_CIN_20201101,31,0.8333333333333334,6,0.5789473684210527,6
2020_REG_09_BAL_IND_20201108,3,0.7142857142857143,7,0.8235294117647058,6
2020_REG_09_BAL_IND_20201108,14,0.7142857142857143,7,0.4375,6
2020_REG_09_CAR_KC_20201108,5,0.375,8,0.3125,9
2020_REG_09_CAR_KC_20201108,16,0.875,8,0.7894736842105263,6
2020_REG_09_CHI_TEN_20201108,6,0.625,8,0.5,6
2020_REG_09_CHI_TEN_20201108,31,0.7142857142857143,7,0.5789473684210527,6
2020_REG_09_DEN_ATL_20201108,2,0.25,8,0.4375,9
2020_REG_09_DEN_ATL_20201108,10,0.42857142857142855,7,0.4375,6
2020_REG_09_DET_MIN_20201108,11,0.42857142857142855,7,0.21875,6
2020_REG_09_DET_MIN_20201108,21,0.2857142857142857,7,0.6111111111111112,6
2020_REG_09_GB_SF_20201105,12,0.7142857142857143,7,0.7777777777777778,3
2020_REG_09_GB_SF_20201105,29,0.5,8,0.7894736842105263,3
2020_REG_09_HOU_JAX_20201108,13,0.14285714285714285,7,0.6111111111111112,13
2020_REG_09_HOU_JAX_20201108,15,0.14285714285714285,7,0.375,13
2020_REG_09_LV_LAC_20201108,17,0.2857142857142857,7,0.3125,6
2020_REG_09_LV_LAC_20201108,19,0.5714285714285714,7,0.4375,6
2020_REG_09_MIA_ARI_20201108,1,0.7142857142857143,7,0.34375,13
2020_REG_09_MIA_ARI_20201108,20,0.5714285714285714,7,0.3125,6
2020_REG_09_NE_NYJ_20201109,22,0.2857142857142857,7,0.7058823529411765,7
2020_REG_09_NE_NYJ_20201109,25,0.0,8,0.4375,7
2020_REG_09_NO_TB_20201108,23,0.7142857142857143,7,0.7647058823529411,6
2020_REG_09_NO_TB_20201108,30,0.75,8,0.4375,5
2020_REG_09_NYG_WSH_20201108,24,0.125,8,0.25,5
2020_REG_09_NYG_WSH_20201108,32,0.2857142857142857,7,0.1875,13
2020_REG_09_PIT_DAL_20201108,9,0.25,8,0.5,6
2020_REG_09_PIT_DAL_20201108,27,1.0,7,0.5,6
2020_REG_09_SEA_BUF_20201108,4,0.75,8,0.5882352941176471,6
2020_REG_09_SEA_BUF_20201108,28,0.8571428571428571,7,0.6666666666666666,6
2020_REG_10_BAL_NE_20201115,3,0.75,8,0.8235294117647058,6
2020_REG_10_BAL_NE_20201115,22,0.375,8,0.7058823529411765,5
2020_REG_10_BUF_ARI_20201115,1,0.625,8,0.34375,6
2020_REG_10_BUF_ARI_20201115,4,0.7777777777777778,9,0.5882352941176471,6
2020_REG_10_CIN_PIT_20201115,7,0.3125,8,0.125,13
2020_REG_10_CIN_PIT_20201115,27,1.0,8,0.5,6
2020_REG_10_DEN_LV_20201115,10,0.375,8,0.4375,6
2020_REG_10_DEN_LV_20201115,19,0.625,8,0.4375,6
2020_REG_10_HOU_CLE_20201115,8,0.625,8,0.375,13
2020_REG_10_HOU_CLE_20201115,13,0.25,8,0.6111111111111112,6
2020_REG_10_IND_TEN_20201112,14,0.625,8,0.4375,3
2020_REG_10_IND_TEN_20201112,31,0.75,8,0.5789473684210527,3
2020_REG_10_JAX_GB_20201115,12,0.75,8,0.7777777777777778,9
2020_REG_10_JAX_GB_20201115,15,0.125,8,0.375,6
2020_REG_10_LAC_MIA_20201115,17,0.25,8,0.3125,6
2020_REG_10_LAC_MIA_20201115,20,0.625,8,0.3125,6
2020_REG_10_MIN_CHI_20201116,6,0.5555555555555556,9,0.5,7
2020_REG_10_MIN_CHI_20201116,21,0.375,8,0.6111111111111112,7
2020_REG_10_PHI_NYG_20201115,24,0.2222222222222222,9,0.25,6
2020_REG_10_PHI_NYG_20201115,26,0.4375,8,0.5294117647058824,13
2020_REG_10_SEA_LAR_20201115,18,0.625,8,0.5625,13
2020_REG_10_SEA_LAR_20201115,28,0.75,8,0.6666666666666666,6
2020_REG_10_SF_NO_20201115,23,0.75,8,0.7647058823529411,6
2020_REG_10_SF_NO_20201115,29,0.4444444444444444,9,0.7894736842105263,9
2020_REG_10_TB_CAR_20201115,5,0.3333333333333333,9,0.3125,6
2020_REG_10_TB_CAR_20201115,30,0.6666666666666666,9,0.4375,6
2020_REG_10_WSH_DET_20201115,11,0.375,8,0.21875,6
2020_REG_10_WSH_DET_20201115,32,0.25,8,0.1875,6
2020_REG_11_ARI_SEA_20201119,1,0.6666666666666666,9,0.34375,3
2020_REG_11_ARI_SEA_20201119,28,0.6666666666666666,9,0.6666666666666666,3
2020_REG_11_ATL_NO_20201122,2,0.3333333333333333,9,0.4375,13
2020_REG_11_ATL_NO_20201122,23,0.7777777777777778,9,0.7647058823529411,6
2020_REG_11_CIN_WSH_20201122,7,0.2777777777777778,9,0.125,6
2020_REG_11_CIN_WSH_20201122,32,0.2222222222222222,9,0.1875,6
2020_REG_11_DAL_MIN_20201122,9,0.2222222222222222,9,0.5,13
2020_REG_11_DAL_MIN_20201122,21,0.4444444444444444,9,0.6111111111111112,5
2020_REG_11_DET_CAR_20201122,5,0.3,10,0.3125,6
2020_REG_11_DET_CAR_20201122,11,0.4444444444444444,9,0.21875,6
2020_REG_11_GB_IND_20201122,12,0.7777777777777778,9,0.7777777777777778,6
2020_REG_11_GB_IND_20201122,14,0.6666666666666666,9,0.4375,9
2020_REG_11_KC_LV_20201122,16,0.8888888888888888,9,0.7894736842105263,13
2020_REG_11_KC_LV_20201122,19,0.6666666666666666,9,0.4375,6
2020_REG_11_LAR_TB_20201123,18,0.6666666666666666,9,0.5625,7
2020_REG_11_LAR_TB_20201123,30,0.7,10,0.4375,7
2020_REG_11_MIA_DEN_20201122,10,0.3333333333333333,9,0.4375,6
2020_REG_11_MIA_DEN_20201122,20,0.6666666666666666,9,0.3125,6
2020_REG_11_NE_HOU_20201122,13,0.2222222222222222,9,0.6111111111111112,6
2020_REG_11_NE_HOU_20201122,22,0.4444444444444444,9,0.7058823529411765,6
2020_REG_11_NYJ_LAC_20201122,17,0.2222222222222222,9,0.3125,6
2020_REG_11_NYJ_LAC_20201122,25,0.0,9,0.4375,12
2020_REG_11_PHI_CLE_20201122,8,0.6666666666666666,9,0.375,6
2020_REG_11_PHI_CLE_20201122,26,0.3888888888888889,9,0.5294117647058824,6
2020_REG_11_PIT_JAX_20201122,15,0.1111111111111111,9,0.375,6
2020_REG_11_PIT_JAX_20201122,27,1.0,9,0.5,6
2020_REG_11_TEN_BAL_20201122,3,0.6666666666666666,9,0.8235294117647058,6
2020_REG_11_TEN_BAL_20201122,31,0.6666666666666666,9,0.5789473684210527,9
2020_REG_12_ARI_NE_20201129,1,0.6,10,0.34375,9
2020_REG_12_ARI_NE_20201129,22,0.4,10,0.7058823529411765,6
2020_REG_12_BAL_PIT_20201202,3,0.6,10,0.8235294117647058,9
2020_REG_12_BAL_PIT_20201202,27,1.0,10,0.5,9
2020_REG_12_CAR_MIN_20201129,5,0.36363636363636365,11,0.3125,6
2020_REG_12_CAR_MIN_20201129,21,0.4,10,0.6111111111111112,6
2020_REG_12_CHI_GB_20201129,6,0.5,10,0.5,12
2020_REG_12_CHI_GB_20201129,12,0.7,10,0.7777777777777778,6
2020_REG_12_CLE_JAX_20201129,8,0.7,10,0.375,6
2020_REG_12_CLE_JAX_20201129,15,0.1,10,0.375,6
2020_REG_12_HOU_DET_20201126,11,0.4,10,0.21875,3
2020_REG_12_HOU_DET_20201126,13,0.3,10,0.6111111111111112,3
2020_REG_12_KC_TB_20201129,16,0.9,10,0.7894736842105263,6
2020_REG_12_KC_TB_20201129,30,0.6363636363636364,11,0.4375,5
2020_REG_12_LAC_BUF_20201129,4,0.7,10,0.5882352941176471,13
2020_REG_12_LAC_BUF_20201129,17,0.3,10,0.3125,6
2020_REG_12_LV_ATL_20201129,2,0.3,10,0.4375,6
2020_REG_12_LV_ATL_20201129,19,0.6,10,0.4375,6
2020_REG_12_MIA_NYJ_20201129,20,0.6,10,0.3125,6
2020_REG_12_MIA_NYJ_20201129,25,0.0,10,0.4375,6
2020_REG_12_NO_DEN_20201129,10,0.4,10,0.4375,6
2020_REG_12_NO_DEN_20201129,23,0.8,10,0.7647058823529411,6
2020_REG_12_NYG_CIN_20201129,7,0.25,10,0.125,6
2020_REG_12_NYG_CIN_20201129,24,0.3,10,0.25,13
2020_REG_12_SEA_PHI_20201130,26,0.35,10,0.5294117647058824,7
2020_REG_12_SEA_PHI_20201130,28,0.7,10,0.6666666666666666,10
2020_REG_12_SF_LAR_20201129,18,0.7,10,0.5625,5
2020_REG_12_SF_LAR_20201129,29,0.4,10,0.7894736842105263,13
2020_REG_12_TEN_IND_20201129,14,0.7,10,0.4375,6
2020_REG_12_TEN_IND_20201129,31,0.7,10,0.5789473684210527,6
2020_REG_12_WSH_DAL_20201126,9,0.3,10,0.5,3
2020_REG_12_WSH_DAL_20201126,32,0.3,10,0.1875,3
2020_REG_13_BUF_SF_20201207,4,0.7272727272727273,11,0.5882352941176471,7
2020_REG_13_BUF_SF_20201207,29,0.45454545454545453,11,0.7894736842105263,7
2020_REG_13_CIN_MIA_20201206,7,0.22727272727272727,11,0.125,6
2020_REG_13_CIN_MIA_20201206,20,0.6363636363636364,11,0.3125,6
2020_REG_13_CLE_TEN_20201206,8,0.7272727272727273,11,0.375,6
2020_REG_13_CLE_TEN_20201206,31,0.7272727272727273,11,0.5789473684210527,6
2020_REG_13_DAL_BAL_20201208,3,0.5454545454545454,11,0.8235294117647058,5
2020_REG_13_DAL_BAL_20201208,9,0.2727272727272727,11,0.5,11
2020_REG_13_DEN_KC_20201206,10,0.36363636363636365,11,0.4375,6
2020_REG_13_DEN_KC_20201206,16,0.9090909090909091,11,0.7894736842105263,6
2020_REG_13_DET_CHI_20201206,6,0.45454545454545453,11,0.5,6
2020_REG_13_DET_CHI_20201206,11,0.36363636363636365,11,0.21875,9
2020_REG_13_IND_HOU_20201206,13,0.36363636363636365,11,0.6111111111111112,9
2020_REG_13_IND_HOU_20201206,14,0.6363636363636364,11,0.4375,6
2020_REG_13_JAX_MIN_20201206,15,0.09090909090909091,11,0.375,6
2020_REG_13_JAX_MIN_20201206,21,0.45454545454545453,11,0.6111111111111112,6
2020_REG_13_LAR_ARI_20201206,1,0.5454545454545454,11,0.34375,6
2020_REG_13_LAR_ARI_20201206,18,0.6363636363636364,11,0.5625,6
2020_REG_13_LV_NYJ_20201206,19,0.5454545454545454,11,0.4375,6
2020_REG_13_LV_NYJ_20201206,25,0.0,11,0.4375,6
2020_REG_13_NE_LAC_20201206,17,0.2727272727272727,11,0.3125,6
2020_REG_13_NE_LAC_20201206,22,0.45454545454545453,11,0.7058823529411765,6
2020_REG_13_NO_ATL_20201206,2,0.36363636363636365,11,0.4375,6
2020_REG_13_NO_ATL_20201206,23,0.8181818181818182,11,0.7647058823529411,6
2020_REG_13_NYG_SEA_20201206,24,0.36363636363636365,11,0.25,6
2020_REG_13_NYG_SEA_20201206,28,0.7272727272727273,11,0.6666666666666666,5
2020_REG_13_PHI_GB_20201206,12,0.7272727272727273,11,0.7777777777777778,6
2020_REG_13_PHI_GB_20201206,26,0.3181818181818182,11,0.5294117647058824,5
2020_REG_13_WSH_PIT_20201207,27,1.0,11,0.5,4
2020_REG_13_WSH_PIT_20201207,32,0.36363636363636365,11,0.1875,10
2020_REG_14_ARI_NYG_20201213,1,0.5,12,0.34375,6
2020_REG_14_ARI_NYG_20201213,24,0.4166666666666667,12,0.25,6
2020_REG_14_ATL_LAC_20201213,2,0.3333333333333333,12,0.4375,6
2020_REG_14_ATL_LAC_20201213,17,0.25,12,0.3125,6
2020_REG_14_BAL_CLE_20201214,3,0.5833333333333334,12,0.8235294117647058,5
2020_REG_14_BAL_CLE_20201214,8,0.75,12,0.375,7
2020_REG_14_DAL_CIN_20201213,7,0.20833333333333334,12,0.125,6
2020_REG_14_DAL_CIN_20201213,9,0.25,12,0.5,4
2020_REG_14_DEN_CAR_20201213,5,0.3333333333333333,12,0.3125,13
2020_REG_14_DEN_CAR_20201213,10,0.3333333333333333,12,0.4375,6
2020_REG_14_GB_DET_20201213,11,0.4166666666666667,12,0.21875,6
2020_REG_14_GB_DET_20201213,12,0.75,12,0.7777777777777778,6
2020_REG_14_HOU_CHI_20201213,6,0.4166666666666667,12,0.5,6
2020_REG_14_HOU_CHI_20201213,13,0.3333333333333333,12,0.6111111111111112,6
2020_REG_14_IND_LV_20201213,14,0.6666666666666666,12,0.4375,6
2020_REG_14_IND_LV_20201213,19,0.5833333333333334,12,0.4375,6
2020_REG_14_KC_MIA_20201213,16,0.9166666666666666,12,0.7894736842105263,6
2020_REG_14_KC_MIA_20201213,20,0.6666666666666666,12,0.3125,6
2020_REG_14_MIN_TB_20201213,21,0.5,12,0.6111111111111112,6
2020_REG_14_MIN_TB_20201213,30,0.5833333333333334,12,0.4375,13
2020_REG_14_NE_LAR_20201210,18,0.6666666666666666,12,0.5625,3
2020_REG_14_NE_LAR_20201210,22,0.5,12,0.7058823529411765,3
2020_REG_14_NO_PHI_20201213,23,0.8333333333333334,12,0.7647058823529411,6
2020_REG_14_NO_PHI_20201213,26,0.2916666666666667,12,0.5294117647058824,6
2020_REG_14_NYJ_SEA_20201213,25,0.0,12,0.4375,6
2020_REG_14_NYJ_SEA_20201213,28,0.6666666666666666,12,0.6666666666666666,6
2020_REG_14_PIT_BUF_20201213,4,0.75,12,0.5882352941176471,5
2020_REG_14_PIT_BUF_20201213,27,0.9166666666666666,12,0.5,5
2020_REG_14_TEN_JAX_20201213,15,0.08333333333333333,12,0.375,6
2020_REG_14_TEN_JAX_20201213,31,0.6666666666666666,12,0.5789473684210527,6
2020_REG_14_WSH_SF_20201213,29,0.4166666666666667,12,0.7894736842105263,5
2020_REG_14_WSH_SF_20201213,32,0.4166666666666667,12,0.1875,5
2020_REG_15_BUF_DEN_20201219,4,0.7692307692307693,13,0.5882352941176471,5
2020_REG_15_BUF_DEN_20201219,10,0.38461538461538464,13,0.4375,5
2020_REG_15_CAR_GB_20201219,5,0.3076923076923077,13,0.3125,5
2020_REG_15_CAR_GB_20201219,12,0.7692307692307693,13,0.7777777777777778,5
2020_REG_15_CHI_MIN_20201220,6,0.46153846153846156,13,0.5,6
2020_REG_15_CHI_MIN_20201220,21,0.46153846153846156,13,0.6111111111111112,6
2020_REG_15_CLE_NYG_20201220,8,0.6923076923076923,13,0.375,5
2020_REG_15_CLE_NYG_20201220,24,0.38461538461538464,13,0.25,6
2020_REG_15_DET_TEN_20201220,11,0.38461538461538464,13,0.21875,6
2020_REG_15_DET_TEN_20201220,31,0.6923076923076923,13,0.5789473684210527,6
2020_REG_15_HOU_IND_20201220,13,0.3076923076923077,13,0.6111111111111112,6
2020_REG_15_HOU_IND_20201220,14,0.6923076923076923,13,0.4375,6
2020_REG_15_JAX_BAL_20201220,3,0.6153846153846154,13,0.8235294117647058,5
2020_REG_15_JAX_BAL_20201220,15,0.07692307692307693,13,0.375,6
2020_REG_15_KC_NO_20201220,16,0.9230769230769231,13,0.7894736842105263,6
2020_REG_15_KC_NO_20201220,23,0.7692307692307693,13,0.7647058823529411,6
2020_REG_15_LAC_LV_20201217,17,0.3076923076923077,13,0.3125,3
2020_REG_15_LAC_LV_20201217,19,0.5384615384615384,13,0.4375,3
2020_REG_15_NE_MIA_20201220,20,0.6153846153846154,13,0.3125,6
2020_REG_15_NE_MIA_20201220,22,0.46153846153846156,13,0.7058823529411765,9
2020_REG_15_NYJ_LAR_20201220,18,0.6923076923076923,13,0.5625,9
2020_REG_15_NYJ_LAR_20201220,25,0.0,13,0.4375,6
2020_REG_15_PHI_ARI_20201220,1,0.5384615384615384,13,0.34375,6
2020_REG_15_PHI_ARI_20201220,26,0.34615384615384615,13,0.5294117647058824,6
2020_REG_15_PIT_CIN_20201221,7,0.19230769230769232,13,0.125,7
2020_REG_15_PIT_CIN_20201221,27,0.8461538461538461,13,0.5,7
2020_REG_15_SEA_WSH_20201220,28,0.6923076923076923,13,0.6666666666666666,6
2020_REG_15_SEA_WSH_20201220,32,0.46153846153846156,13,0.1875,6
2020_REG_15_SF_DAL_20201220,9,0.3076923076923077,13,0.5,6
2020_REG_15_SF_DAL_20201220,29,0.38461538461538464,13,0.7894736842105263,6
2020_REG_15_TB_ATL_20201220,2,0.3076923076923077,13,0.4375,6
2020_REG_15_TB_ATL_20201220,30,0.6153846153846154,13,0.4375,6
2020_REG_16_ATL_KC_20201227,2,0.2857142857142857,14,0.4375,6
2020_REG_16_ATL_KC_20201227,16,0.9285714285714286,14,0.7894736842105263,6
2020_REG_16_BUF_NE_20201228,4,0.7857142857142857,14,0.5882352941176471,8
2020_REG_16_BUF_NE_20201228,22,0.42857142857142855,14,0.7058823529411765,7
2020_REG_16_CAR_WSH_20201227,5,0.2857142857142857,14,0.3125,7
2020_REG_16_CAR_WSH_20201227,32,0.42857142857142855,14,0.1875,6
2020_REG_16_CHI_JAX_20201227,6,0.5,14,0.5,6
2020_REG_16_CHI_JAX_20201227,15,0.07142857142857142,14,0.375,6
2020_REG_16_CIN_HOU_20201227,7,0.25,14,0.125,5
2020_REG_16_CIN_HOU_20201227,13,0.2857142857142857,14,0.6111111111111112,6
2020_REG_16_CLE_NYJ_20201227,8,0.7142857142857143,14,0.375,6
2020_REG_16_CLE_NYJ_20201227,25,0.07142857142857142,14,0.4375,6
2020_REG_16_DEN_LAC_20201227,10,0.35714285714285715,14,0.4375,7
2020_REG_16_DEN_LAC_20201227,17,0.35714285714285715,14,0.3125,9
2020_REG_16_IND_PIT_20201227,14,0.7142857142857143,14,0.4375,6
2020_REG_16_IND_PIT_20201227,27,0.7857142857142857,14,0.5,5
2020_REG_16_LAR_SEA_20201227,18,0.6428571428571429,14,0.5625,6
2020_REG_16_LAR_SEA_20201227,28,0.7142857142857143,14,0.6666666666666666,6
2020_REG_16_MIA_LV_20201226,19,0.5,14,0.4375,8
2020_REG_16_MIA_LV_20201226,20,0.6428571428571429,14,0.3125,5
2020_REG_16_MIN_NO_20201225,21,0.42857142857142855,14,0.6111111111111112,4
2020_REG_16_MIN_NO_20201225,23,0.7142857142857143,14,0.7647058823529411,4
2020_REG_16_NYG_BAL_20201227,3,0.6428571428571429,14,0.8235294117647058,6
2020_REG_16_NYG_BAL_20201227,24,0.35714285714285715,14,0.25,6
2020_REG_16_PHI_DAL_20201227,9,0.35714285714285715,14,0.5,6
2020_REG_16_PHI_DAL_20201227,26,0.32142857142857145,14,0.5294117647058824,6
2020_REG_16_SF_ARI_20201226,1,0.5714285714285714,14,0.34375,5
2020_REG_16_SF_ARI_20201226,29,0.35714285714285715,14,0.7894736842105263,5
2020_REG_16_TB_DET_20201226,11,0.35714285714285715,14,0.21875,5
2020_REG_16_TB_DET_20201226,30,0.6428571428571429,14,0.4375,5
2020_REG_16_TEN_GB_20201227,12,0.7857142857142857,14,0.7777777777777778,7
2020_REG_16_TEN_GB_20201227,31,0.7142857142857143,14,0.5789473684210527,6
2020_REG_17_ARI_LAR_20210103,1,0.5333333333333333,15,0.34375,7
2020_REG_17_ARI_LAR_20210103,18,0.6,15,0.5625,6
2020_REG_17_ATL_TB_20210103,2,0.26666666666666666,15,0.4375,6
2020_REG_17_ATL_TB_20210103,30,0.6666666666666666,15,0.4375,7
2020_REG_17_BAL_CIN_20210103,3,0.6666666666666666,15,0.8235294117647058,6
2020_REG_17_BAL_CIN_20210103,7,0.3,15,0.125,6
2020_REG_17_DAL_NYG_20210103,9,0.4,15,0.5,6
2020_REG_17_DAL_NYG_20210103,24,0.3333333333333333,15,0.25,6
2020_REG_17_GB_CHI_20210103,6,0.5333333333333333,15,0.5,6
2020_REG_17_GB_CHI_20210103,12,0.8,15,0.7777777777777778,6
2020_REG_17_JAX_IND_20210103,14,0.6666666666666666,15,0.4375,6
2020_REG_17_JAX_IND_20210103,15,0.06666666666666667,15,0.375,6
2020_REG_17_LAC_KC_20210103,16,0.9333333333333333,15,0.7894736842105263,6
2020_REG_17_LAC_KC_20210103,17,0.4,15,0.3125,6
2020_REG_17_LV_DEN_20210103,10,0.3333333333333333,15,0.4375,6
2020_REG_17_LV_DEN_20210103,19,0.4666666666666667,15,0.4375,7
2020_REG_17_MIA_BUF_20210103,4,0.8,15,0.5882352941176471,5
2020_REG_17_MIA_BUF_20210103,20,0.6666666666666666,15,0.3125,7
2020_REG_17_MIN_DET_20210103,11,0.3333333333333333,15,0.21875,7
2020_REG_17_MIN_DET_20210103,21,0.4,15,0.6111111111111112,8
2020_REG_17_NO_CAR_20210103,5,0.3333333333333333,15,0.3125,6
2020_REG_17_NO_CAR_20210103,23,0.7333333333333333,15,0.7647058823529411,8
2020_REG_17_NYJ_NE_20210103,22,0.4,15,0.7058823529411765,5
2020_REG_17_NYJ_NE_20210103,25,0.13333333333333333,15,0.4375,6
2020_REG_17_PIT_CLE_20210103,8,0.6666666666666666,15,0.375,6
2020_REG_17_PIT_CLE_20210103,27,0.8,15,0.5,6
2020_REG_17_SEA_SF_20210103,28,0.7333333333333333,15,0.6666666666666666,6
2020_REG_17_SEA_SF_20210103,29,0.4,15,0.7894736842105263,7
2020_REG_17_TEN_HOU_20210103,13,0.26666666666666666,15,0.6111111111111112,6
2020_REG_17_TEN_HOU_20210103,31,0.6666666666666666,15,0.5789473684210527,6
2020_REG_17_WSH_PHI_20210103,26,0.3,15,0.5294117647058824,6
2020_REG_17_WSH_PHI_20210103,32,0.4,15,0.1875,6
2021_CON_21_CIN_KC_20220130,7,0.631578947368421,19,0.28125,7
2021_CON_21_CIN_KC_20220130,16,0.7368421052631579,19,0.8421052631578947,6
2021_CON_21_SF_LAR_20220130,18,0.7368421052631579,19,0.6111111111111112,6
2021_CON_21_SF_LAR_20220130,29,0.631578947368421,19,0.375,7
2021_POST_19_ARI_LAR_20220117,1,0.6470588235294118,17,0.5,7
2021_POST_19_ARI_LAR_20220117,18,0.7058823529411765,17,0.6111111111111112,7
2021_POST_19_LV_CIN_20220115,7,0.5882352941176471,17,0.28125,5
2021_POST_19_LV_CIN_20220115,19,0.5882352941176471,17,0.5,5
2021_POST_19_NE_BUF_20220115,4,0.6470588235294118,17,0.7894736842105263,5
2021_POST_19_NE_BUF_20220115,22,0.5882352941176471,17,0.4375,5
2021_POST_19_PHI_TB_20220116,26,0.5294117647058824,17,0.28125,7
2021_POST_19_PHI_TB_20220116,30,0.7647058823529411,17,0.75,6
2021_POST_19_PIT_KC_20220116,16,0.7058823529411765,17,0.8421052631578947,7
2021_POST_19_PIT_KC_20220116,27,0.5588235294117647,17,0.7058823529411765,6
2021_POST_19_SF_DAL_20220116,9,0.7058823529411765,17,0.375,7
2021_POST_19_SF_DAL_20220116,29,0.5882352941176471,17,0.375,6
2021_POST_20_BUF_KC_20220123,4,0.6666666666666666,18,0.7894736842105263,7
2021_POST_20_BUF_KC_20220123,16,0.7222222222222222,18,0.8421052631578947,6
2021_POST_20_CIN_TEN_20220122,7,0.6111111111111112,18,0.28125,6
2021_POST_20_CIN_TEN_20220122,31,0.7058823529411765,17,0.6470588235294118,12
2021_POST_20_LAR_TB_20220123,18,0.7222222222222222,18,0.6111111111111112,5
2021_POST_20_LAR_TB_20220123,30,0.7777777777777778,18,0.75,6
2021_POST_20_SF_GB_20220122,12,0.7647058823529411,17,0.7777777777777778,12
2021_POST_20_SF_GB_20220122,29,0.6111111111111112,18,0.375,5
2021_POST_22_LAR_CIN_20220213,7,0.65,20,0.28125,13
2021_POST_22_LAR_CIN_20220213,18,0.75,20,0.6111111111111112,13
2021_REG_01_ARI_TEN_20210912,1,,0,0.5,251
2021_REG_01_ARI_TEN_20210912,31,,0,0.6470588235294118,244
2021_REG_01_BAL_LV_20210913,3,,0,0.6666666666666666,239
2021_REG_01_BAL_LV_20210913,19,,0,0.5,252
2021_REG_01_CHI_LAR_20210912,6,,0,0.47058823529411764,244
2021_REG_01_CHI_LAR_20210912,18,,0,0.6111111111111112,238
2021_REG_01_CLE_KC_20210912,8,,0,0.6666666666666666,237
2021_REG_01_CLE_KC_20210912,16,,0,0.8421052631578947,216
2021_REG_01_DAL_TB_20210909,9,,0,0.375,248
2021_REG_01_DAL_TB_20210909,30,,0,0.75,213
2021_REG_01_DEN_NYG_20210912,10,,0,0.3125,251
2021_REG_01_DEN_NYG_20210912,24,,0,0.375,251
2021_REG_01_GB_NO_20210912,12,,0,0.7777777777777778,230
2021_REG_01_GB_NO_20210912,23,,0,0.7222222222222222,237
2021_REG_01_JAX_HOU_20210912,13,,0,0.25,251
2021_REG_01_JAX_HOU_20210912,15,,0,0.0625,251
2021_REG_01_LAC_WSH_20210912,17,,0,0.4375,251
2021_REG_01_LAC_WSH_20210912,32,,0,0.4117647058823529,245
2021_REG_01_MIA_NE_20210912,20,,0,0.625,251
2021_REG_01_MIA_NE_20210912,22,,0,0.4375,251
2021_REG_01_MIN_CIN_20210912,7,,0,0.28125,251
2021_REG_01_MIN_CIN_20210912,21,,0,0.4375,251
2021_REG_01_NYJ_CAR_20210912,5,,0,0.3125,251
2021_REG_01_NYJ_CAR_20210912,25,,0,0.125,251
2021_REG_01_PHI_ATL_20210912,2,,0,0.25,251
2021_REG_01_PHI_ATL_20210912,26,,0,0.28125,251
2021_REG_01_PIT_BUF_20210912,4,,0,0.7894736842105263,230
2021_REG_01_PIT_BUF_20210912,27,,0,0.7058823529411765,244
2021_REG_01_SEA_IND_20210912,14,,0,0.6470588235294118,245
2021_REG_01_SEA_IND_20210912,28,,0,0.7058823529411765,245
2021_REG_01_SF_DET_20210912,11,,0,0.3125,251
2021_REG_01_SF_DET_20210912,29,,0,0.375,251
2021_REG_02_ATL_TB_20210919,2,0.0,1,0.25,6
2021_REG_02_ATL_TB_20210919,30,1.0,1,0.75,9
2021_REG_02_BUF_MIA_20210919,4,0.0,1,0.7894736842105263,6
2021_REG_02_BUF_MIA_20210919,20,1.0,1,0.625,6
2021_REG_02_CIN_CHI_20210919,6,0.0,1,0.47058823529411764,6
2021_REG_02_CIN_CHI_20210919,7,1.0,1,0.28125,6
2021_REG_02_DAL_LAC_20210919,9,0.0,1,0.375,9
2021_REG_02_DAL_LAC_20210919,17,1.0,1,0.4375,6
2021_REG_02_DEN_JAX_20210919,10,1.0,1,0.3125,6
2021_REG_02_DEN_JAX_20210919,15,0.0,1,0.0625,6
2021_REG_02_DET_GB_20210920,11,0.0,1,0.3125,7
2021_REG_02_DET_GB_20210920,12,0.0,1,0.7777777777777778,7
2021_REG_02_HOU_CLE_20210919,8,0.0,1,0.6666666666666666,6
2021_REG_02_HOU_CLE_20210919,13,1.0,1,0.25,6
2021_REG_02_KC_BAL_20210919,3,0.0,1,0.6666666666666666,5
2021_REG_02_KC_BAL_20210919,16,1.0,1,0.8421052631578947,6
2021_REG_02_LAR_IND_20210919,14,0.0,1,0.6470588235294118,6
2021_REG_02_LAR_IND_20210919,18,1.0,1,0.6111111111111112,6
2021_REG_02_LV_PIT_20210919,19,1.0,1,0.5,5
2021_REG_02_LV_PIT_20210919,27,1.0,1,0.7058823529411765,6
2021_REG_02_MIN_ARI_20210919,1,1.0,1,0.5,6
2021_REG_02_MIN_ARI_20210919,21,0.0,1,0.4375,6
2021_REG_02_NE_NYJ_20210919,22,0.0,1,0.4375,6
2021_REG_02_NE_NYJ_20210919,25,0.0,1,0.125,6
2021_REG_02_NO_CAR_20210919,5,1.0,1,0.3125,6
2021_REG_02_NO_CAR_20210919,23,1.0,1,0.7222222222222222,6
2021_REG_02_NYG_WSH_20210916,24,0.0,1,0.375,3
2021_REG_02_NYG_WSH_20210916,32,0.0,1,0.4117647058823529,3
2021_REG_02_SF_PHI_20210919,26,1.0,1,0.28125,6
2021_REG_02_SF_PHI_20210919,29,1.0,1,0.375,6
2021_REG_02_TEN_SEA_20210919,28,1.0,1,0.7058823529411765,6
2021_REG_02_TEN_SEA_20210919,31,0.0,1,0.6470588235294118,6
2021_REG_03_ARI_JAX_20210926,1,1.0,2,0.5,6
2021_REG_03_ARI_JAX_20210926,15,0.0,2,0.0625,6
2021_REG_03_ATL_NYG_20210926,2,0.0,2,0.25,6
2021_REG_03_ATL_NYG_20210926,24,0.0,2,0.375,9
2021_REG_03_BAL_DET_20210926,3,0.5,2,0.6666666666666666,6
2021_REG_03_BAL_DET_20210926,11,0.0,2,0.3125,5
2021_REG_03_CAR_HOU_20210923,5,1.0,2,0.3125,3
2021_REG_03_CAR_HOU_20210923,13,0.5,2,0.25,3
2021_REG_03_CHI_CLE_20210926,6,0.5,2,0.47058823529411764,6
2021_REG_03_CHI_CLE_20210926,8,0.5,2,0.6666666666666666,6
2021_REG_03_CIN_PIT_20210926,7,0.5,2,0.28125,6
2021_REG_03_CIN_PIT_20210926,27,0.5,2,0.7058823529411765,6
2021_REG_03_GB_SF_20210926,12,0.5,2,0.7777777777777778,5
2021_REG_03_GB_SF_20210926,29,1.0,2,0.375,6
2021_REG_03_IND_TEN_20210926,14,0.0,2,0.6470588235294118,6
2021_REG_03_IND_TEN_20210926,31,0.5,2,0.6470588235294118,6
2021_REG_03_LAC_KC_20210926,16,0.5,2,0.8421052631578947,6
2021_REG_03_LAC_KC_20210926,17,0.5,2,0.4375,6
2021_REG_03_MIA_LV_20210926,19,1.0,2,0.5,6
2021_REG_03_MIA_LV_20210926,20,0.5,2,0.625,6
2021_REG_03_NO_NE_20210926,22,0.5,2,0.4375,6
2021_REG_03_NO_NE_20210926,23,0.5,2,0.7222222222222222,6
2021_REG_03_NYJ_DEN_20210926,10,1.0,2,0.3125,6
2021_REG_03_NYJ_DEN_20210926,25,0.0,2,0.125,6
2021_REG_03_PHI_DAL_20210927,9,0.5,2,0.375,7
2021_REG_03_PHI_DAL_20210927,26,0.5,2,0.28125,7
2021_REG_03_SEA_MIN_20210926,21,0.0,2,0.4375,6
2021_REG_03_SEA_MIN_20210926,28,0.5,2,0.7058823529411765,6
2021_REG_03_TB_LAR_20210926,18,1.0,2,0.6111111111111112,6
2021_REG_03_TB_LAR_20210926,30,1.0,2,0.75,6
2021_REG_03_WSH_BUF_20210926,4,0.5,2,0.7894736842105263,6
2021_REG_03_WSH_BUF_20210926,32,0.5,2,0.4117647058823529,9
2021_REG_04_ARI_LAR_20211003,1,1.0,3,0.5,6
2021_REG_04_ARI_LAR_20211003,18,1.0,3,0.6111111111111112,6
2021_REG_04_BAL_DEN_20211003,3,0.6666666666666666,3,0.6666666666666666,6
2021_REG_04_BAL_DEN_20211003,10,1.0,3,0.3125,6
2021_REG_04_CAR_DAL_20211003,5,1.0,3,0.3125,9
2021_REG_04_CAR_DAL_20211003,9,0.6666666666666666,3,0.375,5
2021_REG_04_CLE_MIN_20211003,8,0.6666666666666666,3,0.6666666666666666,6
2021_REG_04_CLE_MIN_20211003,21,0.3333333333333333,3,0.4375,6
2021_REG_04_DET_CHI_20211003,6,0.3333333333333333,3,0.47058823529411764,6
2021_REG_04_DET_CHI_20211003,11,0.0,3,0.3125,6
2021_REG_04_HOU_BUF_20211003,4,0.6666666666666666,3,0.7894736842105263,6
2021_REG_04_HOU_BUF_20211003,13,0.3333333333333333,3,0.25,9
2021_REG_04_IND_MIA_20211003,14,0.0,3,0.6470588235294118,6
2021_REG_04_IND_MIA_20211003,20,0.3333333333333333,3,0.625,6
2021_REG_04_JAX_CIN_20210930,7,0.6666666666666666,3,0.28125,3
2021_REG_04_JAX_CIN_20210930,15,0.0,3,0.0625,3
2021_REG_04_KC_PHI_20211003,16,0.3333333333333333,3,0.8421052631578947,6
2021_REG_04_KC_PHI_20211003,26,0.3333333333333333,3,0.28125,5
2021_REG_04_LV_LAC_20211004,17,0.6666666666666666,3,0.4375,7
2021_REG_04_LV_LAC_20211004,19,1.0,3,0.5,7
2021_REG_04_NYG_NO_20211003,23,0.6666666666666666,3,0.7222222222222222,6
2021_REG_04_NYG_NO_20211003,24,0.0,3,0.375,6
2021_REG_04_PIT_GB_20211003,12,0.6666666666666666,3,0.7777777777777778,6
2021_REG_04_PIT_GB_20211003,27,0.3333333333333333,3,0.7058823529411765,6
2021_REG_04_SEA_SF_20211003,28,0.3333333333333333,3,0.7058823529411765,6
2021_REG_04_SEA_SF_20211003,29,0.6666666666666666,3,0.375,6
2021_REG_04_TB_NE_20211003,22,0.3333333333333333,3,0.4375,6
2021_REG_04_TB_NE_20211003,30,0.6666666666666666,3,0.75,6
2021_REG_04_TEN_NYJ_20211003,25,0.0,3,0.125,6
2021_REG_04_TEN_NYJ_20211003,31,0.6666666666666666,3,0.6470588235294118,6
2021_REG_04_WSH_ATL_20211003,2,0.3333333333333333,3,0.25,6
2021_REG_04_WSH_ATL_20211003,32,0.3333333333333333,3,0.4117647058823529,6
2021_REG_05_BUF_KC_20211010,4,0.75,4,0.7894736842105263,6
2021_REG_05_BUF_KC_20211010,16,0.5,4,0.8421052631578947,6
2021_REG_05_CHI_LV_20211010,6,0.5,4,0.47058823529411764,6
2021_REG_05_CHI_LV_20211010,19,0.75,4,0.5,5
2021_REG_05_CLE_LAC_20211010,8,0.75,4,0.6666666666666666,6
2021_REG_05_CLE_LAC_20211010,17,0.75,4,0.4375,5
2021_REG_05_DEN_PIT_20211010,10,0.75,4,0.3125,6
2021_REG_05_DEN_PIT_20211010,27,0.25,4,0.7058823529411765,6
2021_REG_05_DET_MIN_20211010,11,0.0,4,0.3125,6
2021_REG_05_DET_MIN_20211010,21,0.25,4,0.4375,6
2021_REG_05_GB_CIN_20211010,7,0.75,4,0.28125,9
2021_REG_05_GB_CIN_20211010,12,0.75,4,0.7777777777777778,6
2021_REG_05_IND_BAL_20211011,3,0.75,4,0.6666666666666666,7
2021_REG_05_IND_BAL_20211011,14,0.25,4,0.6470588235294118,7
2021_REG_05_LAR_SEA_20211007,18,0.75,4,0.6111111111111112,3
2021_REG_05_LAR_SEA_20211007,28,0.5,4,0.7058823529411765,3
2021_REG_05_MIA_TB_20211010,20,0.25,4,0.625,6
2021_REG_05_MIA_TB_20211010,30,0.75,4,0.75,6
2021_REG_05_NE_HOU_20211010,13,0.25,4,0.25,6
2021_REG_05_NE_HOU_20211010,22,0.25,4,0.4375,6
2021_REG_05_NO_WSH_20211010,23,0.5,4,0.7222222222222222,6
2021_REG_05_NO_WSH_20211010,32,0.5,4,0.4117647058823529,6
2021_REG_05_NYG_DAL_20211010,9,0.75,4,0.375,6
2021_REG_05_NYG_DAL_20211010,24,0.25,4,0.375,6
2021_REG_05_NYJ_ATL_20211010,2,0.25,4,0.25,6
2021_REG_05_NYJ_ATL_20211010,25,0.25,4,0.125,6
2021_REG_05_PHI_CAR_20211010,5,0.75,4,0.3125,6
2021_REG_05_PHI_CAR_20211010,26,0.25,4,0.28125,6
2021_REG_05_SF_ARI_20211010,1,1.0,4,0.5,6
2021_REG_05_SF_ARI_20211010,29,0.5,4,0.375,6
2021_REG_05_TEN_JAX_20211010,15,0.0,4,0.0625,9
2021_REG_05_TEN_JAX_20211010,31,0.5,4,0.6470588235294118,6
2021_REG_06_ARI_CLE_20211017,1,1.0,5,0.5,6
2021_REG_06_ARI_CLE_20211017,8,0.6,5,0.6666666666666666,6
2021_REG_06_BUF_TEN_20211018,4,0.8,5,0.7894736842105263,7
2021_REG_06_BUF_TEN_20211018,31,0.6,5,0.6470588235294118,7
2021_REG_06_CIN_DET_20211017,7,0.6,5,0.28125,6
2021_REG_06_CIN_DET_20211017,11,0.0,5,0.3125,6
2021_REG_06_DAL_NE_20211017,9,0.8,5,0.375,6
2021_REG_06_DAL_NE_20211017,22,0.4,5,0.4375,6
2021_REG_06_GB_CHI_20211017,6,0.6,5,0.47058823529411764,6
2021_REG_06_GB_CHI_20211017,12,0.8,5,0.7777777777777778,6
2021_REG_06_HOU_IND_20211017,13,0.2,5,0.25,6
2021_REG_06_HOU_IND_20211017,14,0.2,5,0.6470588235294118,5
2021_REG_06_KC_WSH_20211017,16,0.4,5,0.8421052631578947,6
2021_REG_06_KC_WSH_20211017,32,0.4,5,0.4117647058823529,6
2021_REG_06_LAC_BAL_20211017,3,0.8,5,0.6666666666666666,5
2021_REG_06_LAC_BAL_20211017,17,0.8,5,0.4375,6
2021_REG_06_LAR_NYG_20211017,18,0.8,5,0.6111111111111112,9
2021_REG_06_LAR_NYG_20211017,24,0.2,5,0.375,6
2021_REG_06_LV_DEN_20211017,10,0.6,5,0.3125,6
2021_REG_06_LV_DEN_20211017,19,0.6,5,0.5,6
2021_REG_06_MIA_JAX_20211017,15,0.0,5,0.0625,6
2021_REG_06_MIA_JAX_20211017,20,0.2,5,0.625,6
2021_REG_06_MIN_CAR_20211017,5,0.6,5,0.3125,6
2021_REG_06_MIN_CAR_20211017,21,0.4,5,0.4375,6
2021_REG_06_SEA_PIT_20211017,27,0.4,5,0.7058823529411765,6
2021_REG_06_SEA_PIT_20211017,28,0.4,5,0.7058823529411765,9
2021_REG_06_TB_PHI_20211014,26,0.4,5,0.28125,3
2021_REG_06_TB_PHI_20211014,30,0.8,5,0.75,3
2021_REG_07_ATL_MIA_20211024,2,0.4,5,0.25,13
2021_REG_07_ATL_MIA_20211024,20,0.16666666666666666,6,0.625,6
2021_REG_07_CAR_NYG_20211024,5,0.5,6,0.3125,6
2021_REG_07_CAR_NYG_20211024,24,0.16666666666666666,6,0.375,6
2021_REG_07_CHI_TB_20211024,6,0.5,6,0.47058823529411764,6
2021_REG_07_CHI_TB_20211024,30,0.8333333333333334,6,0.75,9
2021_REG_07_CIN_BAL_20211024,3,0.8333333333333334,6,0.6666666666666666,6
2021_REG_07_CIN_BAL_20211024,7,0.6666666666666666,6,0.28125,6
2021_REG_07_DEN_CLE_20211021,8,0.5,6,0.6666666666666666,3
2021_REG_07_DEN_CLE_20211021,10,0.5,6,0.3125,3
2021_REG_07_DET_LAR_20211024,11,0.0,6,0.3125,6
2021_REG_07_DET_LAR_20211024,18,0.8333333333333334,6,0.6111111111111112,6
2021_REG_07_HOU_ARI_20211024,1,1.0,6,0.5,6
2021_REG_07_HOU_ARI_20211024,13,0.16666666666666666,6,0.25,6
2021_REG_07_IND_SF_20211024,14,0.3333333333333333,6,0.6470588235294118,6
2021_REG_07_IND_SF_20211024,29,0.4,5,0.375,13
2021_REG_07_KC_TEN_20211024,16,0.5,6,0.8421052631578947,6
2021_REG_07_KC_TEN_20211024,31,0.6666666666666666,6,0.6470588235294118,5
2021_REG_07_NO_SEA_20211025,23,0.6,5,0.7222222222222222,14
2021_REG_07_NO_SEA_20211025,28,0.3333333333333333,6,0.7058823529411765,7
2021_REG_07_NYJ_NE_20211024,22,0.3333333333333333,6,0.4375,6
2021_REG_07_NYJ_NE_20211024,25,0.2,5,0.125,13
2021_REG_07_PHI_LV_20211024,19,0.6666666666666666,6,0.5,6
2021_REG_07_PHI_LV_20211024,26,0.3333333333333333,6,0.28125,9
2021_REG_07_WSH_GB_20211024,12,0.8333333333333334,6,0.7777777777777778,6
2021_REG_07_WSH_GB_20211024,32,0.3333333333333333,6,0.4117647058823529,6
2021_REG_08_CAR_ATL_20211031,2,0.5,6,0.25,6
2021_REG_08_CAR_ATL_20211031,5,0.42857142857142855,7,0.3125,6
2021_REG_08_CIN_NYJ_20211031,7,0.7142857142857143,7,0.28125,6
2021_REG_08_CIN_NYJ_20211031,25,0.16666666666666666,6,0.125,6
2021_REG_08_DAL_MIN_20211031,9,0.8333333333333334,6,0.375,13
2021_REG_08_DAL_MIN_20211031,21,0.5,6,0.4375,13
2021_REG_08_GB_ARI_20211028,1,1.0,7,0.5,3
2021_REG_08_GB_ARI_20211028,12,0.8571428571428571,7,0.7777777777777778,3
2021_REG_08_JAX_SEA_20211031,15,0.16666666666666666,6,0.0625,13
2021_REG_08_JAX_SEA_20211031,28,0.2857142857142857,7,0.7058823529411765,5
2021_REG_08_LAR_HOU_20211031,13,0.14285714285714285,7,0.25,6
2021_REG_08_LAR_HOU_20211031,18,0.8571428571428571,7,0.6111111111111112,6
2021_REG_08_MIA_BUF_20211031,4,0.6666666666666666,6,0.7894736842105263,12
2021_REG_08_MIA_BUF_20211031,20,0.14285714285714285,7,0.625,6
2021_REG_08_NE_LAC_20211031,17,0.6666666666666666,6,0.4375,13
2021_REG_08_NE_LAC_20211031,22,0.42857142857142855,7,0.4375,6
2021_REG_08_NYG_KC_20211101,16,0.42857142857142855,7,0.8421052631578947,7
2021_REG_08_NYG_KC_20211101,24,0.2857142857142857,7,0.375,7
2021_REG_08_PHI_DET_20211031,11,0.0,7,0.3125,6
2021_REG_08_PHI_DET_20211031,26,0.2857142857142857,7,0.28125,6
2021_REG_08_PIT_CLE_20211031,8,0.5714285714285714,7,0.6666666666666666,9
2021_REG_08_PIT_CLE_20211031,27,0.5,6,0.7058823529411765,13
2021_REG_08_SF_CHI_20211031,6,0.42857142857142855,7,0.47058823529411764,6
2021_REG_08_SF_CHI_20211031,29,0.3333333333333333,6,0.375,6
2021_REG_08_TB_NO_20211031,23,0.6666666666666666,6,0.7222222222222222,5
2021_REG_08_TB_NO_20211031,30,0.8571428571428571,7,0.75,6
2021_REG_08_TEN_IND_20211031,14,0.42857142857142855,7,0.6470588235294118,6
2021_REG_08_TEN_IND_20211031,31,0.7142857142857143,7,0.6470588235294118,6
2021_REG_08_WSH_DEN_20211031,10,0.42857142857142855,7,0.3125,9
2021_REG_08_WSH_DEN_20211031,32,0.2857142857142857,7,0.4117647058823529,6
2021_REG_09_ARI_SF_20211107,1,0.875,8,0.5,9
2021_REG_09_ARI_SF_20211107,29,0.42857142857142855,7,0.375,6
2021_REG_09_ATL_NO_20211107,2,0.42857142857142855,7,0.25,6
2021_REG_09_ATL_NO_20211107,23,0.7142857142857143,7,0.7222222222222222,6
2021_REG_09_BUF_JAX_20211107,4,0.7142857142857143,7,0.7894736842105263,6
2021_REG_09_BUF_JAX_20211107,15,0.14285714285714285,7,0.0625,6
2021_REG_09_CHI_PIT_20211108,6,0.375,8,0.47058823529411764,7
2021_REG_09_CHI_PIT_20211108,27,0.5714285714285714,7,0.7058823529411765,7
2021_REG_09_CLE_CIN_20211107,7,0.625,8,0.28125,6
2021_REG_09_CLE_CIN_20211107,8,0.5,8,0.6666666666666666,6
2021_REG_09_DEN_DAL_20211107,9,0.8571428571428571,7,0.375,6
2021_REG_09_DEN_DAL_20211107,10,0.5,8,0.3125,6
2021_REG_09_GB_KC_20211107,12,0.875,8,0.7777777777777778,9
2021_REG_09_GB_KC_20211107,16,0.5,8,0.8421052631578947,5
2021_REG_09_HOU_MIA_20211107,13,0.125,8,0.25,6
2021_REG_09_HOU_MIA_20211107,20,0.125,8,0.625,6
2021_REG_09_LAC_PHI_20211107,17,0.5714285714285714,7,0.4375,6
2021_REG_09_LAC_PHI_20211107,26,0.375,8,0.28125,6
2021_REG_09_LV_NYG_20211107,19,0.7142857142857143,7,0.5,13
2021_REG_09_LV_NYG_20211107,24,0.25,8,0.375,5
2021_REG_09_MIN_BAL_20211107,3,0.7142857142857143,7,0.6666666666666666,13
2021_REG_09_MIN_BAL_20211107,21,0.42857142857142855,7,0.4375,6
2021_REG_09_NE_CAR_20211107,5,0.5,8,0.3125,6
2021_REG_09_NE_CAR_20211107,22,0.5,8,0.4375,6
2021_REG_09_NYJ_IND_20211104,14,0.375,8,0.6470588235294118,3
2021_REG_09_NYJ_IND_20211104,25,0.2857142857142857,7,0.125,3
2021_REG_09_TEN_LAR_20211107,18,0.875,8,0.6111111111111112,6
2021_REG_09_TEN_LAR_20211107,31,0.75,8,0.6470588235294118,6
2021_REG_10_ATL_DAL_20211114,2,0.5,8,0.25,6
2021_REG_10_ATL_DAL_20211114,9,0.75,8,0.375,6
2021_REG_10_BAL_MIA_20211111,3,0.75,8,0.6666666666666666,3
2021_REG_10_BAL_MIA_20211111,20,0.2222222222222222,9,0.625,3
2021_REG_10_BUF_NYJ_20211114,4,0.625,8,0.7894736842105263,6
2021_REG_10_BUF_NYJ_20211114,25,0.25,8,0.125,9
2021_REG_10_CAR_ARI_20211114,1,0.8888888888888888,9,0.5,6
2021_REG_10_CAR_ARI_20211114,5,0.4444444444444444,9,0.3125,6
2021_REG_10_CLE_NE_20211114,8,0.5555555555555556,9,0.6666666666666666,6
2021_REG_10_CLE_NE_20211114,22,0.5555555555555556,9,0.4375,6
2021_REG_10_DET_PIT_20211114,11,0.0,8,0.3125,13
2021_REG_10_DET_PIT_20211114,27,0.625,8,0.7058823529411765,5
2021_REG_10_JAX_IND_20211114,14,0.4444444444444444,9,0.6470588235294118,9
2021_REG_10_JAX_IND_20211114,15,0.25,8,0.0625,6
2021_REG_10_KC_LV_20211114,16,0.5555555555555556,9,0.8421052631578947,6
2021_REG_10_KC_LV_20211114,19,0.625,8,0.5,6
2021_REG_10_LAR_SF_20211115,18,0.7777777777777778,9,0.6111111111111112,7
2021_REG_10_LAR_SF_20211115,29,0.375,8,0.375,7
2021_REG_10_MIN_LAC_20211114,17,0.625,8,0.4375,6
2021_REG_10_MIN_LAC_20211114,21,0.375,8,0.4375,6
2021_REG_10_NO_TEN_20211114,23,0.625,8,0.7222222222222222,6
2021_REG_10_NO_TEN_20211114,31,0.7777777777777778,9,0.6470588235294118,6
2021_REG_10_PHI_DEN_20211114,10,0.5555555555555556,9,0.3125,6
2021_REG_10_PHI_DEN_20211114,26,0.3333333333333333,9,0.28125,6
2021_REG_10_SEA_GB_20211114,12,0.7777777777777778,9,0.7777777777777778,6
2021_REG_10_SEA_GB_20211114,28,0.375,8,0.7058823529411765,13
2021_REG_10_TB_WSH_20211114,30,0.75,8,0.75,13
2021_REG_10_TB_WSH_20211114,32,0.25,8,0.4117647058823529,13
2021_REG_11_ARI_SEA_20211121,1,0.8,10,0.5,6
2021_REG_11_ARI_SEA_20211121,28,0.3333333333333333,9,0.7058823529411765,6
2021_REG_11_BAL_CHI_20211121,3,0.6666666666666666,9,0.6666666666666666,9
2021_REG_11_BAL_CHI_20211121,6,0.3333333333333333,9,0.47058823529411764,12
2021_REG_11_CIN_LV_20211121,7,0.5555555555555556,9,0.28125,13
2021_REG_11_CIN_LV_20211121,19,0.5555555555555556,9,0.5,6
2021_REG_11_DAL_KC_20211121,9,0.7777777777777778,9,0.375,6
2021_REG_11_DAL_KC_20211121,16,0.6,10,0.8421052631578947,6
2021_REG_11_DET_CLE_20211121,8,0.5,10,0.6666666666666666,6
2021_REG_11_DET_CLE_20211121,11,0.05555555555555555,9,0.3125,6
2021_REG_11_GB_MIN_20211121,12,0.8,10,0.7777777777777778,6
2021_REG_11_GB_MIN_20211121,21,0.4444444444444444,9,0.4375,6
2021_REG_11_HOU_TEN_20211121,13,0.1111111111111111,9,0.25,13
2021_REG_11_HOU_TEN_20211121,31,0.8,10,0.6470588235294118,6
2021_REG_11_IND_BUF_20211121,4,0.6666666666666666,9,0.7894736842105263,6
2021_REG_11_IND_BUF_20211121,14,0.5,10,0.6470588235294118,6
2021_REG_11_MIA_NYJ_20211121,20,0.3,10,0.625,9
2021_REG_11_MIA_NYJ_20211121,25,0.2222222222222222,9,0.125,6
2021_REG_11_NE_ATL_20211118,2,0.4444444444444444,9,0.25,3
2021_REG_11_NE_ATL_20211118,22,0.6,10,0.4375,3
2021_REG_11_NO_PHI_20211121,23,0.5555555555555556,9,0.7222222222222222,6
2021_REG_11_NO_PHI_20211121,26,0.4,10,0.28125,6
2021_REG_11_NYG_TB_20211122,24,0.3333333333333333,9,0.375,14
2021_REG_11_NYG_TB_20211122,30,0.6666666666666666,9,0.75,7
2021_REG_11_PIT_LAC_20211121,17,0.5555555555555556,9,0.4375,6
2021_REG_11_PIT_LAC_20211121,27,0.6111111111111112,9,0.7058823529411765,6
2021_REG_11_SF_JAX_20211121,15,0.2222222222222222,9,0.0625,6
2021_REG_11_SF_JAX_20211121,29,0.4444444444444444,9,0.375,5
2021_REG_11_WSH_CAR_20211121,5,0.5,10,0.3125,6
2021_REG_11_WSH_CAR_20211121,32,0.3333333333333333,9,0.4117647058823529,6
2021_REG_12_ATL_JAX_20211128,2,0.4,10,0.25,9
2021_REG_12_ATL_JAX_20211128,15,0.2,10,0.0625,6
2021_REG_12_BUF_NO_20211125,4,0.6,10,0.7894736842105263,3
2021_REG_12_BUF_NO_20211125,23,0.5,10,0.7222222222222222,3
2021_REG_12_CAR_MIA_20211128,5,0.45454545454545453,11,0.3125,6
2021_REG_12_CAR_MIA_20211128,20,0.36363636363636365,11,0.625,6
2021_REG_12_CHI_DET_20211125,6,0.3,10,0.47058823529411764,3
2021_REG_12_CHI_DET_20211125,11,0.05,10,0.3125,3
2021_REG_12_CLE_BAL_20211128,3,0.7,10,0.6666666666666666,6
2021_REG_12_CLE_BAL_20211128,8,0.5454545454545454,11,0.6666666666666666,6
2021_REG_12_LAC_DEN_20211128,10,0.5,10,0.3125,13
2021_REG_12_LAC_DEN_20211128,17,0.6,10,0.4375,6
2021_REG_12_LAR_GB_20211128,12,0.7272727272727273,11,0.7777777777777778,6
2021_REG_12_LAR_GB_20211128,18,0.7,10,0.6111111111111112,12
2021_REG_12_LV_DAL_20211125,9,0.7,10,0.375,3
2021_REG_12_LV_DAL_20211125,19,0.5,10,0.5,3
2021_REG_12_MIN_SF_20211128,21,0.5,10,0.4375,6
2021_REG_12_MIN_SF_20211128,29,0.5,10,0.375,6
2021_REG_12_NYJ_HOU_20211128,13,0.2,10,0.25,6
2021_REG_12_NYJ_HOU_20211128,25,0.2,10,0.125,6
2021_REG_12_PHI_NYG_20211128,24,0.3,10,0.375,5
2021_REG_12_PHI_NYG_20211128,26,0.45454545454545453,11,0.28125,6
2021_REG_12_PIT_CIN_20211128,7,0.6,10,0.28125,6
2021_REG_12_PIT_CIN_20211128,27,0.55,10,0.7058823529411765,6
2021_REG_12_SEA_WSH_20211129,28,0.3,10,0.7058823529411765,7
2021_REG_12_SEA_WSH_20211129,32,0.4,10,0.4117647058823529,7
2021_REG_12_TB_IND_20211128,14,0.5454545454545454,11,0.6470588235294118,6
2021_REG_12_TB_IND_20211128,30,0.7,10,0.75,5
2021_REG_12_TEN_NE_20211128,22,0.6363636363636364,11,0.4375,9
2021_REG_12_TEN_NE_20211128,31,0.7272727272727273,11,0.6470588235294118,6
2021_REG_13_ARI_CHI_20211205,1,0.8181818181818182,11,0.5,13
2021_REG_13_ARI_CHI_20211205,6,0.36363636363636365,11,0.47058823529411764,9
2021_REG_13_BAL_PIT_20211205,3,0.7272727272727273,11,0.6666666666666666,6
2021_REG_13_BAL_PIT_20211205,27,0.5,11,0.7058823529411765,6
2021_REG_13_DAL_NO_20211202,9,0.6363636363636364,11,0.375,6
2021_REG_13_DAL_NO_20211202,23,0.45454545454545453,11,0.7222222222222222,6
2021_REG_13_DEN_KC_20211205,10,0.5454545454545454,11,0.3125,6
2021_REG_13_DEN_KC_20211205,16,0.6363636363636364,11,0.8421052631578947,13
2021_REG_13_IND_HOU_20211205,13,0.18181818181818182,11,0.25,6
2021_REG_13_IND_HOU_20211205,14,0.5,12,0.6470588235294118,6
2021_REG_13_JAX_LAR_20211205,15,0.18181818181818182,11,0.0625,6
2021_REG_13_JAX_LAR_20211205,18,0.6363636363636364,11,0.6111111111111112,6
2021_REG_13_LAC_CIN_20211205,7,0.6363636363636364,11,0.28125,6
2021_REG_13_LAC_CIN_20211205,17,0.5454545454545454,11,0.4375,6
2021_REG_13_MIN_DET_20211205,11,0.045454545454545456,11,0.3125,9
2021_REG_13_MIN_DET_20211205,21,0.45454545454545453,11,0.4375,6
2021_REG_13_NE_BUF_20211206,4,0.6363636363636364,11,0.7894736842105263,10
2021_REG_13_NE_BUF_20211206,22,0.6666666666666666,12,0.4375,7
2021_REG_13_NYG_MIA_20211205,20,0.4166666666666667,12,0.625,6
2021_REG_13_NYG_MIA_20211205,24,0.36363636363636365,11,0.375,6
2021_REG_13_PHI_NYJ_20211205,25,0.2727272727272727,11,0.125,6
2021_REG_13_PHI_NYJ_20211205,26,0.4166666666666667,12,0.28125,6
2021_REG_13_SF_SEA_20211205,28,0.2727272727272727,11,0.7058823529411765,5
2021_REG_13_SF_SEA_20211205,29,0.5454545454545454,11,0.375,6
2021_REG_13_TB_ATL_20211205,2,0.45454545454545453,11,0.25,6
2021_REG_13_TB_ATL_20211205,30,0.7272727272727273,11,0.75,6
2021_REG_13_WSH_LV_20211205,19,0.5454545454545454,11,0.5,9
2021_REG_13_WSH_LV_20211205,32,0.45454545454545453,11,0.4117647058823529,5
2021_REG_14_ATL_CAR_20211212,2,0.4166666666666667,12,0.25,6
2021_REG_14_ATL_CAR_20211212,5,0.4166666666666667,12,0.3125,13
2021_REG_14_BAL_CLE_20211212,3,0.6666666666666666,12,0.6666666666666666,6
2021_REG_14_BAL_CLE_20211212,8,0.5,12,0.6666666666666666,13
2021_REG_14_BUF_TB_20211212,4,0.5833333333333334,12,0.7894736842105263,5
2021_REG_14_BUF_TB_20211212,30,0.75,12,0.75,6
2021_REG_14_CHI_GB_20211212,6,0.3333333333333333,12,0.47058823529411764,6
2021_REG_14_CHI_GB_20211212,12,0.75,12,0.7777777777777778,13
2021_REG_14_DAL_WSH_20211212,9,0.6666666666666666,12,0.375,9
2021_REG_14_DAL_WSH_20211212,32,0.5,12,0.4117647058823529,6
2021_REG_14_DET_DEN_20211212,10,0.5,12,0.3125,6
2021_REG_14_DET_DEN_20211212,11,0.125,12,0.3125,6
2021_REG_14_JAX_TEN_20211212,15,0.16666666666666666,12,0.0625,6
2021_REG_14_JAX_TEN_20211212,31,0.6666666666666666,12,0.6470588235294118,13
2021_REG_14_LAR_ARI_20211213,1,0.8333333333333334,12,0.5,7
2021_REG_14_LAR_ARI_20211213,18,0.6666666666666666,12,0.6111111111111112,7
2021_REG_14_LV_KC_20211212,16,0.6666666666666666,12,0.8421052631578947,6
2021_REG_14_LV_KC_20211212,19,0.5,12,0.5,6
2021_REG_14_NO_NYJ_20211212,23,0.4166666666666667,12,0.7222222222222222,9
2021_REG_14_NO_NYJ_20211212,25,0.25,12,0.125,6
2021_REG_14_NYG_LAC_20211212,17,0.5833333333333334,12,0.4375,6
2021_REG_14_NYG_LAC_20211212,24,0.3333333333333333,12,0.375,6
2021_REG_14_PIT_MIN_20211209,21,0.4166666666666667,12,0.4375,3
2021_REG_14_PIT_MIN_20211209,27,0.5416666666666666,12,0.7058823529411765,3
2021_REG_14_SEA_HOU_20211212,13,0.16666666666666666,12,0.25,6
2021_REG_14_SEA_HOU_20211212,28,0.3333333333333333,12,0.7058823529411765,6
2021_REG_14_SF_CIN_20211212,7,0.5833333333333334,12,0.28125,6
2021_REG_14_SF_CIN_20211212,29,0.5,12,0.375,6
2021_REG_15_ARI_DET_20211219,1,0.7692307692307693,13,0.5,5
2021_REG_15_ARI_DET_20211219,11,0.11538461538461539,13,0.3125,6
2021_REG_15_ATL_SF_20211219,2,0.46153846153846156,13,0.25,6
2021_REG_15_ATL_SF_20211219,29,0.5384615384615384,13,0.375,6
2021_REG_15_CAR_BUF_20211219,4,0.5384615384615384,13,0.7894736842105263,6
2021_REG_15_CAR_BUF_20211219,5,0.38461538461538464,13,0.3125,6
2021_REG_15_CIN_DEN_20211219,7,0.5384615384615384,13,0.28125,6
2021_REG_15_CIN_DEN_20211219,10,0.5384615384615384,13,0.3125,6
2021_REG_15_DAL_NYG_20211219,9,0.6923076923076923,13,0.375,6
2021_REG_15_DAL_NYG_20211219,24,0.3076923076923077,13,0.375,6
2021_REG_15_GB_BAL_20211219,3,0.6153846153846154,13,0.6666666666666666,6
2021_REG_15_GB_BAL_20211219,12,0.7692307692307693,13,0.7777777777777778,6
2021_REG_15_HOU_JAX_20211219,13,0.15384615384615385,13,0.25,6
2021_REG_15_HOU_JAX_20211219,15,0.15384615384615385,13,0.0625,6
2021_REG_15_KC_LAC_20211216,16,0.6923076923076923,13,0.8421052631578947,3
2021_REG_15_KC_LAC_20211216,17,0.6153846153846154,13,0.4375,3
2021_REG_15_LV_CLE_20211220,8,0.5384615384615384,13,0.6666666666666666,7
2021_REG_15_LV_CLE_20211220,19,0.46153846153846156,13,0.5,7
2021_REG_15_MIN_CHI_20211220,6,0.3076923076923077,13,0.47058823529411764,7
2021_REG_15_MIN_CHI_20211220,21,0.46153846153846156,13,0.4375,10
2021_REG_15_NE_IND_20211218,14,0.5384615384615384,13,0.6470588235294118,12
2021_REG_15_NE_IND_20211218,22,0.6923076923076923,13,0.4375,11
2021_REG_15_NO_TB_20211219,23,0.46153846153846156,13,0.7222222222222222,6
2021_REG_15_NO_TB_20211219,30,0.7692307692307693,13,0.75,6
2021_REG_15_NYJ_MIA_20211219,20,0.46153846153846156,13,0.625,13
2021_REG_15_NYJ_MIA_20211219,25,0.23076923076923078,13,0.125,6
2021_REG_15_SEA_LAR_20211221,18,0.6923076923076923,13,0.6111111111111112,7
2021_REG_15_SEA_LAR_20211221,28,0.38461538461538464,13,0.7058823529411765,8
2021_REG_15_TEN_PIT_20211219,27,0.5,13,0.7058823529411765,9
2021_REG_15_TEN_PIT_20211219,31,0.6923076923076923,13,0.6470588235294118,6
2021_REG_15_WSH_PHI_20211221,26,0.46153846153846156,13,0.28125,15
2021_REG_15_WSH_PHI_20211221,32,0.46153846153846156,13,0.4117647058823529,8
2021_REG_16_BAL_CIN_20211226,3,0.5714285714285714,14,0.6666666666666666,6
2021_REG_16_BAL_CIN_20211226,7,0.5714285714285714,14,0.28125,6
2021_REG_16_BUF_NE_20211226,4,0.5714285714285714,14,0.7894736842105263,6
2021_REG_16_BUF_NE_20211226,22,0.6428571428571429,14,0.4375,7
2021_REG_16_CHI_SEA_20211226,6,0.2857142857142857,14,0.47058823529411764,5
2021_REG_16_CHI_SEA_20211226,28,0.35714285714285715,14,0.7058823529411765,4
2021_REG_16_CLE_GB_20211225,8,0.5,14,0.6666666666666666,4
2021_REG_16_CLE_GB_20211225,12,0.7857142857142857,14,0.7777777777777778,5
2021_REG_16_DEN_LV_20211226,10,0.5,14,0.3125,6
2021_REG_16_DEN_LV_20211226,19,0.5,14,0.5,5
2021_REG_16_DET_ATL_20211226,2,0.42857142857142855,14,0.25,6
2021_REG_16_DET_ATL_20211226,11,0.17857142857142858,14,0.3125,6
2021_REG_16_IND_ARI_20211225,1,0.7142857142857143,14,0.5,5
2021_REG_16_IND_ARI_20211225,14,0.5714285714285714,14,0.6470588235294118,6
2021_REG_16_JAX_NYJ_20211226,15,0.14285714285714285,14,0.0625,6
2021_REG_16_JAX_NYJ_20211226,25,0.21428571428571427,14,0.125,6
2021_REG_16_LAC_HOU_20211226,13,0.21428571428571427,14,0.25,6
2021_REG_16_LAC_HOU_20211226,17,0.5714285714285714,14,0.4375,9
2021_REG_16_LAR_MIN_20211226,18,0.7142857142857143,14,0.6111111111111112,4
2021_REG_16_LAR_MIN_20211226,21,0.5,14,0.4375,5
2021_REG_16_MIA_NO_20211227,20,0.5,14,0.625,7
2021_REG_16_MIA_NO_20211227,23,0.5,14,0.7222222222222222,7
2021_REG_16_NYG_PHI_20211226,24,0.2857142857142857,14,0.375,6
2021_REG_16_NYG_PHI_20211226,26,0.5,14,0.28125,4
2021_REG_16_PIT_KC_20211226,16,0.7142857142857143,14,0.8421052631578947,9
2021_REG_16_PIT_KC_20211226,27,0.5357142857142857,14,0.7058823529411765,6
2021_REG_16_SF_TEN_20211223,29,0.5714285714285714,14,0.375,3
2021_REG_16_SF_TEN_20211223,31,0.6428571428571429,14,0.6470588235294118,3
2021_REG_16_TB_CAR_20211226,5,0.35714285714285715,14,0.3125,6
2021_REG_16_TB_CAR_20211226,30,0.7142857142857143,14,0.75,6
2021_REG_16_WSH_DAL_20211226,9,0.7142857142857143,14,0.375,6
2021_REG_16_WSH_DAL_20211226,32,0.42857142857142855,14,0.4117647058823529,4
2021_REG_17_ARI_DAL_20220102,1,0.6666666666666666,15,0.5,7
2021_REG_17_ARI_DAL_20220102,9,0.7333333333333333,15,0.375,6
2021_REG_17_ATL_BUF_20220102,2,0.4666666666666667,15,0.25,6
2021_REG_17_ATL_BUF_20220102,4,0.6,15,0.7894736842105263,6
2021_REG_17_CAR_NO_20220102,5,0.3333333333333333,15,0.3125,6
2021_REG_17_CAR_NO_20220102,23,0.4666666666666667,15,0.7222222222222222,5
2021_REG_17_CLE_PIT_20220103,8,0.4666666666666667,15,0.6666666666666666,8
2021_REG_17_CLE_PIT_20220103,27,0.5,15,0.7058823529411765,7
2021_REG_17_DEN_LAC_20220102,10,0.4666666666666667,15,0.3125,6
2021_REG_17_DEN_LAC_20220102,17,0.5333333333333333,15,0.4375,6
2021_REG_17_DET_SEA_20220102,11,0.16666666666666666,15,0.3125,6
2021_REG_17_DET_SEA_20220102,28,0.3333333333333333,15,0.7058823529411765,6
2021_REG_17_HOU_SF_20220102,13,0.26666666666666666,15,0.25,6
2021_REG_17_HOU_SF_20220102,29,0.5333333333333333,15,0.375,9
2021_REG_17_JAX_NE_20220102,15,0.13333333333333333,15,0.0625,6
2021_REG_17_JAX_NE_20220102,22,0.6,15,0.4375,6
2021_REG_17_KC_CIN_20220102,7,0.6,15,0.28125,6
2021_REG_17_KC_CIN_20220102,16,0.7333333333333333,15,0.8421052631578947,6
2021_REG_17_LAR_BAL_20220102,3,0.5333333333333333,15,0.6666666666666666,6
2021_REG_17_LAR_BAL_20220102,18,0.7333333333333333,15,0.6111111111111112,6
2021_REG_17_LV_IND_20220102,14,0.6,15,0.6470588235294118,7
2021_REG_17_LV_IND_20220102,19,0.5333333333333333,15,0.5,6
2021_REG_17_MIA_TEN_20220102,20,0.5333333333333333,15,0.625,5
2021_REG_17_MIA_TEN_20220102,31,0.6666666666666666,15,0.6470588235294118,9
2021_REG_17_MIN_GB_20220102,12,0.8,15,0.7777777777777778,7
2021_REG_17_MIN_GB_20220102,21,0.4666666666666667,15,0.4375,6
2021_REG_17_NYG_CHI_20220102,6,0.3333333333333333,15,0.47058823529411764,6
2021_REG_17_NYG_CHI_20220102,24,0.26666666666666666,15,0.375,6
2021_REG_17_PHI_WSH_20220102,26,0.5333333333333333,15,0.28125,6
2021_REG_17_PHI_WSH_20220102,32,0.4,15,0.4117647058823529,6
2021_REG_17_TB_NYJ_20220102,25,0.26666666666666666,15,0.125,6
2021_REG_17_TB_NYJ_20220102,30,0.7333333333333333,15,0.75,6
2021_REG_18_CAR_TB_20220109,5,0.3125,16,0.3125,6
2021_REG_18_CAR_TB_20220109,30,0.75,16,0.75,6
2021_REG_18_CHI_MIN_20220109,6,0.375,16,0.47058823529411764,6
2021_REG_18_CHI_MIN_20220109,21,0.4375,16,0.4375,6
2021_REG_18_CIN_CLE_20220109,7,0.625,16,0.28125,6
2021_REG_18_CIN_CLE_20220109,8,0.4375,16,0.6666666666666666,5
2021_REG_18_DAL_PHI_20220108,9,0.6875,16,0.375,5
2021_REG_18_DAL_PHI_20220108,26,0.5625,16,0.28125,5
2021_REG_18_GB_DET_20220109,11,0.15625,16,0.3125,6
2021_REG_18_GB_DET_20220109,12,0.8125,16,0.7777777777777778,6
2021_REG_18_IND_JAX_20220109,14,0.5625,16,0.6470588235294118,6
2021_REG_18_IND_JAX_20220109,15,0.125,16,0.0625,6
2021_REG_18_KC_DEN_20220108,10,0.4375,16,0.3125,5
2021_REG_18_KC_DEN_20220108,16,0.6875,16,0.8421052631578947,5
2021_REG_18_LAC_LV_20220109,17,0.5625,16,0.4375,6
2021_REG_18_LAC_LV_20220109,19,0.5625,16,0.5,6
2021_REG_18_NE_MIA_20220109,20,0.5,16,0.625,6
2021_REG_18_NE_MIA_20220109,22,0.625,16,0.4375,6
2021_REG_18_NO_ATL_20220109,2,0.4375,16,0.25,6
2021_REG_18_NO_ATL_20220109,23,0.5,16,0.7222222222222222,6
2021_REG_18_NYJ_BUF_20220109,4,0.625,16,0.7894736842105263,6
2021_REG_18_NYJ_BUF_20220109,25,0.25,16,0.125,6
2021_REG_18_PIT_BAL_20220109,3,0.5,16,0.6666666666666666,6
2021_REG_18_PIT_BAL_20220109,27,0.53125,16,0.7058823529411765,5
2021_REG_18_SEA_ARI_20220109,1,0.6875,16,0.5,6
2021_REG_18_SEA_ARI_20220109,28,0.375,16,0.7058823529411765,6
2021_REG_18_SF_LAR_20220109,18,0.75,16,0.6111111111111112,6
2021_REG_18_SF_LAR_20220109,29,0.5625,16,0.375,6
2021_REG_18_TEN_HOU_20220109,13,0.25,16,0.25,6
2021_REG_18_TEN_HOU_20220109,31,0.6875,16,0.6470588235294118,6
2021_REG_18_WSH_NYG_20220109,24,0.25,16,0.375,6
2021_REG_18_WSH_NYG_20220109,32,0.375,16,0.4117647058823529,6
2022_CON_21_CIN_KC_20230129,7,0.7777777777777778,18,0.6190476190476191,6
2022_CON_21_CIN_KC_20230129,16,0.8333333333333334,18,0.7,7
2022_CON_21_SF_PHI_20230129,26,0.8333333333333334,18,0.5,7
2022_CON_21_SF_PHI_20230129,29,0.7894736842105263,19,0.6,6
2022_POST_19_BAL_CIN_20230115,3,0.5882352941176471,17,0.47058823529411764,6
2022_POST_19_BAL_CIN_20230115,7,0.75,16,0.6190476190476191,6
2022_POST_19_DAL_TB_20230116,9,0.7058823529411765,17,0.6666666666666666,7
2022_POST_19_DAL_TB_20230116,30,0.47058823529411764,17,0.7368421052631579,7
2022_POST_19_LAC_JAX_20230114,15,0.5294117647058824,17,0.17647058823529413,6
2022_POST_19_LAC_JAX_20230114,17,0.5882352941176471,17,0.5294117647058824,5
2022_POST_19_MIA_BUF_20230115,4,0.8125,16,0.631578947368421,6
2022_POST_19_MIA_BUF_20230115,20,0.5294117647058824,17,0.5294117647058824,6
2022_POST_19_NYG_MIN_20230115,21,0.7647058823529411,17,0.47058823529411764,6
2022_POST_19_NYG_MIN_20230115,24,0.5588235294117647,17,0.23529411764705882,6
2022_POST_19_SEA_SF_20230114,28,0.5294117647058824,17,0.4117647058823529,5
2022_POST_19_SEA_SF_20230114,29,0.7647058823529411,17,0.6,5
2022_POST_20_CIN_BUF_20230122,4,0.8235294117647058,17,0.631578947368421,6
2022_POST_20_CIN_BUF_20230122,7,0.7647058823529411,17,0.6190476190476191,6
2022_POST_20_DAL_SF_20230122,9,0.7222222222222222,18,0.6666666666666666,5
2022_POST_20_DAL_SF_20230122,29,0.7777777777777778,18,0.6,7
2022_POST_20_JAX_KC_20230121,15,0.5555555555555556,18,0.17647058823529413,6
2022_POST_20_JAX_KC_20230121,16,0.8235294117647058,17,0.7,13
2022_POST_20_NYG_PHI_20230121,24,0.5833333333333334,18,0.23529411764705882,5
2022_POST_20_NYG_PHI_20230121,26,0.8235294117647058,17,0.5,12
2022_POST_22_KC_PHI_20230212,16,0.8421052631578947,19,0.7,13
2022_POST_22_KC_PHI_20230212,26,0.8421052631578947,19,0.5,13
2022_REG_01_BAL_NYJ_20220911,3,,0,0.47058823529411764,244
2022_REG_01_BAL_NYJ_20220911,25,,0,0.23529411764705882,244
2022_REG_01_BUF_LAR_20220908,4,,0,0.631578947368421,227
2022_REG_01_BUF_LAR_20220908,18,,0,0.7619047619047619,206
2022_REG_01_CLE_CAR_20220911,5,,0,0.29411764705882354,244
2022_REG_01_CLE_CAR_20220911,8,,0,0.47058823529411764,244
2022_REG_01_DEN_SEA_20220912,10,,0,0.4117647058823529,246
2022_REG_01_DEN_SEA_20220912,28,,0,0.4117647058823529,245
2022_REG_01_GB_MIN_20220911,12,,0,0.7222222222222222,231
2022_REG_01_GB_MIN_20220911,21,,0,0.47058823529411764,244
2022_REG_01_IND_HOU_20220911,13,,0,0.23529411764705882,244
2022_REG_01_IND_HOU_20220911,14,,0,0.5294117647058824,244
2022_REG_01_JAX_WSH_20220911,15,,0,0.17647058823529413,244
2022_REG_01_JAX_WSH_20220911,32,,0,0.4117647058823529,244
2022_REG_01_KC_ARI_20220911,1,,0,0.6111111111111112,236
2022_REG_01_KC_ARI_20220911,16,,0,0.7,223
2022_REG_01_LV_LAC_20220911,17,,0,0.5294117647058824,244
2022_REG_01_LV_LAC_20220911,19,,0,0.5555555555555556,238
2022_REG_01_NE_MIA_20220911,20,,0,0.5294117647058824,244
2022_REG_01_NE_MIA_20220911,22,,0,0.5555555555555556,238
2022_REG_01_NO_ATL_20220911,2,,0,0.4117647058823529,244
2022_REG_01_NO_ATL_20220911,23,,0,0.5294117647058824,244
2022_REG_01_NYG_TEN_20220911,24,,0,0.23529411764705882,244
2022_REG_01_NYG_TEN_20220911,31,,0,0.6666666666666666,231
2022_REG_01_PHI_DET_20220911,11,,0,0.20588235294117646,244
2022_REG_01_PHI_DET_20220911,26,,0,0.5,237
2022_REG_01_PIT_CIN_20220911,7,,0,0.6190476190476191,209
2022_REG_01_PIT_CIN_20220911,27,,0,0.5277777777777778,237
2022_REG_01_SF_CHI_20220911,6,,0,0.35294117647058826,244
2022_REG_01_SF_CHI_20220911,29,,0,0.6,223
2022_REG_01_TB_DAL_20220911,9,,0,0.6666666666666666,237
2022_REG_01_TB_DAL_20220911,30,,0,0.7368421052631579,230
2022_REG_02_ARI_LV_20220918,1,0.0,1,0.6111111111111112,6
2022_REG_02_ARI_LV_20220918,19,0.0,1,0.5555555555555556,6
2022_REG_02_ATL_LAR_20220918,2,0.0,1,0.4117647058823529,6
2022_REG_02_ATL_LAR_20220918,18,0.0,1,0.7619047619047619,9
2022_REG_02_CAR_NYG_20220918,5,0.0,1,0.29411764705882354,6
2022_REG_02_CAR_NYG_20220918,24,1.0,1,0.23529411764705882,6
2022_REG_02_CHI_GB_20220918,6,1.0,1,0.35294117647058826,6
2022_REG_02_CHI_GB_20220918,12,0.0,1,0.7222222222222222,6
2022_REG_02_CIN_DAL_20220918,7,0.0,1,0.6190476190476191,6
2022_REG_02_CIN_DAL_20220918,9,0.0,1,0.6666666666666666,6
2022_REG_02_HOU_DEN_20220918,10,0.0,1,0.4117647058823529,5
2022_REG_02_HOU_DEN_20220918,13,0.5,1,0.23529411764705882,6
2022_REG_02_IND_JAX_20220918,14,0.5,1,0.5294117647058824,6
2022_REG_02_IND_JAX_20220918,15,0.0,1,0.17647058823529413,6
2022_REG_02_LAC_KC_20220915,16,1.0,1,0.7,3
2022_REG_02_LAC_KC_20220915,17,1.0,1,0.5294117647058824,3
2022_REG_02_MIA_BAL_20220918,3,1.0,1,0.47058823529411764,6
2022_REG_02_MIA_BAL_20220918,20,1.0,1,0.5294117647058824,6
2022_REG_02_MIN_PHI_20220919,21,1.0,1,0.47058823529411764,7
2022_REG_02_MIN_PHI_20220919,26,1.0,1,0.5,7
2022_REG_02_NE_PIT_20220918,22,0.0,1,0.5555555555555556,6
2022_REG_02_NE_PIT_20220918,27,1.0,1,0.5277777777777778,6
2022_REG_02_NYJ_CLE_20220918,8,1.0,1,0.47058823529411764,6
2022_REG_02_NYJ_CLE_20220918,25,0.0,1,0.23529411764705882,6
2022_REG_02_SEA_SF_20220918,28,1.0,1,0.4117647058823529,5
2022_REG_02_SEA_SF_20220918,29,0.0,1,0.6,6
2022_REG_02_TB_NO_20220918,23,1.0,1,0.5294117647058824,6
2022_REG_02_TB_NO_20220918,30,1.0,1,0.7368421052631579,6
2022_REG_02_TEN_BUF_20220919,4,1.0,1,0.631578947368421,10
2022_REG_02_TEN_BUF_20220919,31,0.0,1,0.6666666666666666,7
2022_REG_02_WSH_DET_20220918,11,0.0,1,0.20588235294117646,6
2022_REG_02_WSH_DET_20220918,32,1.0,1,0.4117647058823529,6
2022_REG_03_ATL_SEA_20220925,2,0.0,2,0.4117647058823529,6
2022_REG_03_ATL_SEA_20220925,28,0.5,2,0.4117647058823529,6
2022_REG_03_BAL_NE_20220925,3,0.5,2,0.47058823529411764,6
2022_REG_03_BAL_NE_20220925,22,0.5,2,0.5555555555555556,6
2022_REG_03_BUF_MIA_20220925,4,1.0,2,0.631578947368421,5
2022_REG_03_BUF_MIA_20220925,20,1.0,2,0.5294117647058824,6
2022_REG_03_CIN_NYJ_20220925,7,0.0,2,0.6190476190476191,6
2022_REG_03_CIN_NYJ_20220925,25,0.5,2,0.23529411764705882,6
2022_REG_03_DAL_NYG_20220926,9,0.5,2,0.6666666666666666,7
2022_REG_03_DAL_NYG_20220926,24,1.0,2,0.23529411764705882,7
2022_REG_03_DET_MIN_20220925,11,0.5,2,0.20588235294117646,6
2022_REG_03_DET_MIN_20220925,21,0.5,2,0.47058823529411764,5
2022_REG_03_GB_TB_20220925,12,0.5,2,0.7222222222222222,6
2022_REG_03_GB_TB_20220925,30,1.0,2,0.7368421052631579,6
2022_REG_03_HOU_CHI_20220925,6,0.5,2,0.35294117647058826,6
2022_REG_03_HOU_CHI_20220925,13,0.25,2,0.23529411764705882,6
2022_REG_03_JAX_LAC_20220925,15,0.5,2,0.17647058823529413,6
2022_REG_03_JAX_LAC_20220925,17,0.5,2,0.5294117647058824,9
2022_REG_03_KC_IND_20220925,14,0.25,2,0.5294117647058824,6
2022_REG_03_KC_IND_20220925,16,1.0,2,0.7,9
2022_REG_03_LAR_ARI_20220925,1,0.5,2,0.6111111111111112,6
2022_REG_03_LAR_ARI_20220925,18,0.5,2,0.7619047619047619,6
2022_REG_03_LV_TEN_20220925,19,0.0,2,0.5555555555555556,6
2022_REG_03_LV_TEN_20220925,31,0.0,2,0.6666666666666666,5
2022_REG_03_NO_CAR_20220925,5,0.0,2,0.29411764705882354,6
2022_REG_03_NO_CAR_20220925,23,0.5,2,0.5294117647058824,6
2022_REG_03_PHI_WSH_20220925,26,1.0,2,0.5,5
2022_REG_03_PHI_WSH_20220925,32,0.5,2,0.4117647058823529,6
2022_REG_03_PIT_CLE_20220922,8,0.5,2,0.47058823529411764,3
2022_REG_03_PIT_CLE_20220922,27,0.5,2,0.5277777777777778,3
2022_REG_03_SF_DEN_20220925,10,0.5,2,0.4117647058823529,6
2022_REG_03_SF_DEN_20220925,29,0.5,2,0.6,6
2022_REG_04_ARI_CAR_20221002,1,0.3333333333333333,3,0.6111111111111112,6
2022_REG_04_ARI_CAR_20221002,5,0.3333333333333333,3,0.29411764705882354,6
2022_REG_04_BUF_BAL_20221002,3,0.6666666666666666,3,0.47058823529411764,6
2022_REG_04_BUF_BAL_20221002,4,0.6666666666666666,3,0.631578947368421,6
2022_REG_04_CHI_NYG_20221002,6,0.6666666666666666,3,0.35294117647058826,6
2022_REG_04_CHI_NYG_20221002,24,0.6666666666666666,3,0.23529411764705882,5
2022_REG_04_CLE_ATL_20221002,2,0.3333333333333333,3,0.4117647058823529,6
2022_REG_04_CLE_ATL_20221002,8,0.6666666666666666,3,0.47058823529411764,9
2022_REG_04_DEN_LV_20221002,10,0.6666666666666666,3,0.4117647058823529,6
2022_REG_04_DEN_LV_20221002,19,0.0,3,0.5555555555555556,6
2022_REG_04_JAX_PHI_20221002,15,0.6666666666666666,3,0.17647058823529413,6
2022_REG_04_JAX_PHI_20221002,26,1.0,3,0.5,6
2022_REG_04_KC_TB_20221002,16,0.6666666666666666,3,0.7,6
2022_REG_04_KC_TB_20221002,30,0.6666666666666666,3,0.7368421052631579,6
2022_REG_04_LAC_HOU_20221002,13,0.16666666666666666,3,0.23529411764705882,6
2022_REG_04_LAC_HOU_20221002,17,0.3333333333333333,3,0.5294117647058824,6
2022_REG_04_LAR_SF_20221003,18,0.6666666666666666,3,0.7619047619047619,7
2022_REG_04_LAR_SF_20221003,29,0.3333333333333333,3,0.6,7
2022_REG_04_MIA_CIN_20220929,7,0.3333333333333333,3,0.6190476190476191,3
2022_REG_04_MIA_CIN_20220929,20,1.0,3,0.5294117647058824,3
2022_REG_04_MIN_NO_20221002,21,0.6666666666666666,3,0.47058823529411764,6
2022_REG_04_MIN_NO_20221002,23,0.3333333333333333,3,0.5294117647058824,6
2022_REG_04_NE_GB_20221002,12,0.6666666666666666,3,0.7222222222222222,6
2022_REG_04_NE_GB_20221002,22,0.3333333333333333,3,0.5555555555555556,6
2022_REG_04_NYJ_PIT_20221002,25,0.3333333333333333,3,0.23529411764705882,6
2022_REG_04_NYJ_PIT_20221002,27,0.3333333333333333,3,0.5277777777777778,9
2022_REG_04_SEA_DET_20221002,11,0.3333333333333333,3,0.20588235294117646,6
2022_REG_04_SEA_DET_20221002,28,0.3333333333333333,3,0.4117647058823529,6
2022_REG_04_TEN_IND_20221002,14,0.5,3,0.5294117647058824,6
2022_REG_04_TEN_IND_20221002,31,0.3333333333333333,3,0.6666666666666666,6
2022_REG_04_WSH_DAL_20221002,9,0.6666666666666666,3,0.6666666666666666,5
2022_REG_04_WSH_DAL_20221002,32,0.3333333333333333,3,0.4117647058823529,6
2022_REG_05_ATL_TB_20221009,2,0.5,4,0.4117647058823529,6
2022_REG_05_ATL_TB_20221009,30,0.5,4,0.7368421052631579,6
2022_REG_05_CHI_MIN_20221009,6,0.5,4,0.35294117647058826,6
2022_REG_05_CHI_MIN_20221009,21,0.75,4,0.47058823529411764,6
2022_REG_05_CIN_BAL_20221009,3,0.5,4,0.47058823529411764,6
2022_REG_05_CIN_BAL_20221009,7,0.5,4,0.6190476190476191,9
2022_REG_05_DAL_LAR_20221009,9,0.75,4,0.6666666666666666,6
2022_REG_05_DAL_LAR_20221009,18,0.5,4,0.7619047619047619,5
2022_REG_05_DET_NE_20221009,11,0.25,4,0.20588235294117646,6
2022_REG_05_DET_NE_20221009,22,0.25,4,0.5555555555555556,6
2022_REG_05_HOU_JAX_20221009,13,0.125,4,0.23529411764705882,6
2022_REG_05_HOU_JAX_20221009,15,0.5,4,0.17647058823529413,6
2022_REG_05_IND_DEN_20221006,10,0.5,4,0.4117647058823529,3
2022_REG_05_IND_DEN_20221006,14,0.375,4,0.5294117647058824,3
2022_REG_05_LAC_CLE_20221009,8,0.5,4,0.47058823529411764,6
2022_REG_05_LAC_CLE_20221009,17,0.5,4,0.5294117647058824,6
2022_REG_05_LV_KC_20221010,16,0.75,4,0.7,7
2022_REG_05_LV_KC_20221010,19,0.25,4,0.5555555555555556,7
2022_REG_05_MIA_NYJ_20221009,20,0.75,4,0.5294117647058824,9
2022_REG_05_MIA_NYJ_20221009,25,0.5,4,0.23529411764705882,6
2022_REG_05_NYG_GB_20221009,12,0.75,4,0.7222222222222222,6
2022_REG_05_NYG_GB_20221009,24,0.75,4,0.23529411764705882,6
2022_REG_05_PHI_ARI_20221009,1,0.5,4,0.6111111111111112,6
2022_REG_05_PHI_ARI_20221009,26,1.0,4,0.5,6
2022_REG_05_PIT_BUF_20221009,4,0.75,4,0.631578947368421,6
2022_REG_05_PIT_BUF_20221009,27,0.25,4,0.5277777777777778,6
2022_REG_05_SEA_NO_20221009,23,0.25,4,0.5294117647058824,6
2022_REG_05_SEA_NO_20221009,28,0.5,4,0.4117647058823529,6
2022_REG_05_SF_CAR_20221009,5,0.25,4,0.29411764705882354,6
2022_REG_05_SF_CAR_20221009,29,0.5,4,0.6,5
2022_REG_05_TEN_WSH_20221009,31,0.5,4,0.6666666666666666,6
2022_REG_05_TEN_WSH_20221009,32,0.25,4,0.4117647058823529,6
2022_REG_06_ARI_SEA_20221016,1,0.4,5,0.6111111111111112,6
2022_REG_06_ARI_SEA_20221016,28,0.4,5,0.4117647058823529,6
2022_REG_06_BAL_NYG_20221016,3,0.6,5,0.47058823529411764,6
2022_REG_06_BAL_NYG_20221016,24,0.8,5,0.23529411764705882,6
2022_REG_06_BUF_KC_20221016,4,0.8,5,0.631578947368421,6
2022_REG_06_BUF_KC_20221016,16,0.8,5,0.7,5
2022_REG_06_CAR_LAR_20221016,5,0.2,5,0.29411764705882354,6
2022_REG_06_CAR_LAR_20221016,18,0.4,5,0.7619047619047619,6
2022_REG_06_CIN_NO_20221016,7,0.4,5,0.6190476190476191,6
2022_REG_06_CIN_NO_20221016,23,0.4,5,0.5294117647058824,6
2022_REG_06_DAL_PHI_20221016,9,0.8,5,0.6666666666666666,6
2022_REG_06_DAL_PHI_20221016,26,1.0,5,0.5,6
2022_REG_06_DEN_LAC_20221017,10,0.4,5,0.4117647058823529,10
2022_REG_06_DEN_LAC_20221017,17,0.6,5,0.5294117647058824,7
2022_REG_06_JAX_IND_20221016,14,0.5,5,0.5294117647058824,9
2022_REG_06_JAX_IND_20221016,15,0.4,5,0.17647058823529413,6
2022_REG_06_MIN_MIA_20221016,20,0.6,5,0.5294117647058824,6
2022_REG_06_MIN_MIA_20221016,21,0.8,5,0.47058823529411764,6
2022_REG_06_NE_CLE_20221016,8,0.4,5,0.47058823529411764,6
2022_REG_06_NE_CLE_20221016,22,0.4,5,0.5555555555555556,6
2022_REG_06_NYJ_GB_20221016,12,0.6,5,0.7222222222222222,6
2022_REG_06_NYJ_GB_20221016,25,0.6,5,0.23529411764705882,6
2022_REG_06_SF_ATL_20221016,2,0.4,5,0.4117647058823529,6
2022_REG_06_SF_ATL_20221016,29,0.6,5,0.6,6
2022_REG_06_TB_PIT_20221016,27,0.2,5,0.5277777777777778,6
2022_REG_06_TB_PIT_20221016,30,0.6,5,0.7368421052631579,6
2022_REG_06_WSH_CHI_20221013,6,0.4,5,0.35294117647058826,3
2022_REG_06_WSH_CHI_20221013,32,0.2,5,0.4117647058823529,3
2022_REG_07_ATL_CIN_20221023,2,0.5,6,0.4117647058823529,6
2022_REG_07_ATL_CIN_20221023,7,0.5,6,0.6190476190476191,6
2022_REG_07_CHI_NE_20221024,6,0.3333333333333333,6,0.35294117647058826,10
2022_REG_07_CHI_NE_20221024,22,0.5,6,0.5555555555555556,7
2022_REG_07_CLE_BAL_20221023,3,0.5,6,0.47058823529411764,6
2022_REG_07_CLE_BAL_20221023,8,0.3333333333333333,6,0.47058823529411764,6
2022_REG_07_DET_DAL_20221023,9,0.6666666666666666,6,0.6666666666666666,6
2022_REG_07_DET_DAL_20221023,11,0.2,5,0.20588235294117646,13
2022_REG_07_GB_WSH_20221023,12,0.5,6,0.7222222222222222,6
2022_REG_07_GB_WSH_20221023,32,0.3333333333333333,6,0.4117647058823529,9
2022_REG_07_HOU_LV_20221023,13,0.3,5,0.23529411764705882,13
2022_REG_07_HOU_LV_20221023,19,0.2,5,0.5555555555555556,12
2022_REG_07_IND_TEN_20221023,14,0.5833333333333334,6,0.5294117647058824,6
2022_REG_07_IND_TEN_20221023,31,0.6,5,0.6666666666666666,13
2022_REG_07_KC_SF_20221023,16,0.6666666666666666,6,0.7,6
2022_REG_07_KC_SF_20221023,29,0.5,6,0.6,6
2022_REG_07_NO_ARI_20221020,1,0.3333333333333333,6,0.6111111111111112,3
2022_REG_07_NO_ARI_20221020,23,0.3333333333333333,6,0.5294117647058824,3
2022_REG_07_NYG_JAX_20221023,15,0.3333333333333333,6,0.17647058823529413,6
2022_REG_07_NYG_JAX_20221023,24,0.8333333333333334,6,0.23529411764705882,6
2022_REG_07_NYJ_DEN_20221023,10,0.3333333333333333,6,0.4117647058823529,5
2022_REG_07_NYJ_DEN_20221023,25,0.6666666666666666,6,0.23529411764705882,6
2022_REG_07_PIT_MIA_20221023,20,0.5,6,0.5294117647058824,6
2022_REG_07_PIT_MIA_20221023,27,0.3333333333333333,6,0.5277777777777778,6
2022_REG_07_SEA_LAC_20221023,17,0.6666666666666666,6,0.5294117647058824,5
2022_REG_07_SEA_LAC_20221023,28,0.5,6,0.4117647058823529,6
2022_REG_07_TB_CAR_20221023,5,0.16666666666666666,6,0.29411764705882354,6
2022_REG_07_TB_CAR_20221023,30,0.5,6,0.7368421052631579,6
2022_REG_08_ARI_MIN_20221030,1,0.42857142857142855,7,0.6111111111111112,9
2022_REG_08_ARI_MIN_20221030,21,0.8333333333333334,6,0.47058823529411764,13
2022_REG_08_BAL_TB_20221027,3,0.5714285714285714,7,0.47058823529411764,3
2022_REG_08_BAL_TB_20221027,30,0.42857142857142855,7,0.7368421052631579,3
2022_REG_08_CAR_ATL_20221030,2,0.42857142857142855,7,0.4117647058823529,6
2022_REG_08_CAR_ATL_20221030,5,0.2857142857142857,7,0.29411764705882354,6
2022_REG_08_CHI_DAL_20221030,6,0.42857142857142855,7,0.35294117647058826,5
2022_REG_08_CHI_DAL_20221030,9,0.7142857142857143,7,0.6666666666666666,6
2022_REG_08_CIN_CLE_20221031,7,0.5714285714285714,7,0.6190476190476191,7
2022_REG_08_CIN_CLE_20221031,8,0.2857142857142857,7,0.47058823529411764,7
2022_REG_08_DEN_JAX_20221030,10,0.2857142857142857,7,0.4117647058823529,6
2022_REG_08_DEN_JAX_20221030,15,0.2857142857142857,7,0.17647058823529413,6
2022_REG_08_GB_BUF_20221030,4,0.8333333333333334,6,0.631578947368421,13
2022_REG_08_GB_BUF_20221030,12,0.42857142857142855,7,0.7222222222222222,6
2022_REG_08_LV_NO_20221030,19,0.3333333333333333,6,0.5555555555555556,6
2022_REG_08_LV_NO_20221030,23,0.2857142857142857,7,0.5294117647058824,9
2022_REG_08_MIA_DET_20221030,11,0.16666666666666666,6,0.20588235294117646,6
2022_REG_08_MIA_DET_20221030,20,0.5714285714285714,7,0.5294117647058824,6
2022_REG_08_NE_NYJ_20221030,22,0.42857142857142855,7,0.5555555555555556,5
2022_REG_08_NE_NYJ_20221030,25,0.7142857142857143,7,0.23529411764705882,6
2022_REG_08_NYG_SEA_20221030,24,0.8571428571428571,7,0.23529411764705882,6
2022_REG_08_NYG_SEA_20221030,28,0.5714285714285714,7,0.4117647058823529,6
2022_REG_08_PIT_PHI_20221030,26,1.0,6,0.5,13
2022_REG_08_PIT_PHI_20221030,27,0.2857142857142857,7,0.5277777777777778,6
2022_REG_08_SF_LAR_20221030,18,0.5,6,0.7619047619047619,13
2022_REG_08_SF_LAR_20221030,29,0.42857142857142855,7,0.6,6
2022_REG_08_TEN_HOU_20221030,13,0.25,6,0.23529411764705882,6
2022_REG_08_TEN_HOU_20221030,31,0.6666666666666666,6,0.6666666666666666,6
2022_REG_08_WSH_IND_20221030,14,0.5,7,0.5294117647058824,6
2022_REG_08_WSH_IND_20221030,32,0.42857142857142855,7,0.4117647058823529,6
2022_REG_09_BAL_NO_20221107,3,0.625,8,0.47058823529411764,10
2022_REG_09_BAL_NO_20221107,23,0.375,8,0.5294117647058824,7
2022_REG_09_BUF_NYJ_20221106,4,0.8571428571428571,7,0.631578947368421,6
2022_REG_09_BUF_NYJ_20221106,25,0.625,8,0.23529411764705882,6
2022_REG_09_CAR_CIN_20221106,5,0.25,8,0.29411764705882354,6
2022_REG_09_CAR_CIN_20221106,7,0.5,8,0.6190476190476191,5
2022_REG_09_GB_DET_20221106,11,0.14285714285714285,7,0.20588235294117646,6
2022_REG_09_GB_DET_20221106,12,0.375,8,0.7222222222222222,6
2022_REG_09_IND_NE_20221106,14,0.4375,8,0.5294117647058824,6
2022_REG_09_IND_NE_20221106,22,0.5,8,0.5555555555555556,6
2022_REG_09_LAC_ATL_20221106,2,0.5,8,0.4117647058823529,6
2022_REG_09_LAC_ATL_20221106,17,0.5714285714285714,7,0.5294117647058824,13
2022_REG_09_LAR_TB_20221106,18,0.42857142857142855,7,0.7619047619047619,6
2022_REG_09_LAR_TB_20221106,30,0.375,8,0.7368421052631579,9
2022_REG_09_LV_JAX_20221106,15,0.25,8,0.17647058823529413,6
2022_REG_09_LV_JAX_20221106,19,0.2857142857142857,7,0.5555555555555556,6
2022_REG_09_MIA_CHI_20221106,6,0.375,8,0.35294117647058826,6
2022_REG_09_MIA_CHI_20221106,20,0.625,8,0.5294117647058824,6
2022_REG_09_MIN_WSH_20221106,21,0.8571428571428571,7,0.47058823529411764,6
2022_REG_09_MIN_WSH_20221106,32,0.5,8,0.4117647058823529,6
2022_REG_09_PHI_HOU_20221103,13,0.21428571428571427,7,0.23529411764705882,3
2022_REG_09_PHI_HOU_20221103,26,1.0,7,0.5,3
2022_REG_09_SEA_ARI_20221106,1,0.375,8,0.6111111111111112,6
2022_REG_09_SEA_ARI_20221106,28,0.625,8,0.4117647058823529,6
2022_REG_09_TEN_KC_20221106,16,0.7142857142857143,7,0.7,13
2022_REG_09_TEN_KC_20221106,31,0.7142857142857143,7,0.6666666666666666,6
2022_REG_10_ARI_LAR_20221113,1,0.3333333333333333,9,0.6111111111111112,6
2022_REG_10_ARI_LAR_20221113,18,0.375,8,0.7619047619047619,6
2022_REG_10_ATL_CAR_20221110,2,0.4444444444444444,9,0.4117647058823529,3
2022_REG_10_ATL_CAR_20221110,5,0.2222222222222222,9,0.29411764705882354,3
2022_REG_10_CLE_MIA_20221113,8,0.375,8,0.47058823529411764,12
2022_REG_10_CLE_MIA_20221113,20,0.6666666666666666,9,0.5294117647058824,6
2022_REG_10_DAL_GB_20221113,9,0.75,8,0.6666666666666666,13
2022_REG_10_DAL_GB_20221113,12,0.3333333333333333,9,0.7222222222222222,6
2022_REG_10_DEN_TEN_20221113,10,0.375,8,0.4117647058823529,13
2022_REG_10_DEN_TEN_20221113,31,0.625,8,0.6666666666666666,6
2022_REG_10_DET_CHI_20221113,6,0.3333333333333333,9,0.35294117647058826,6
2022_REG_10_DET_CHI_20221113,11,0.25,8,0.20588235294117646,6
2022_REG_10_HOU_NYG_20221113,13,0.1875,8,0.23529411764705882,9
2022_REG_10_HOU_NYG_20221113,24,0.75,8,0.23529411764705882,13
2022_REG_10_IND_LV_20221113,14,0.3888888888888889,9,0.5294117647058824,6
2022_REG_10_IND_LV_20221113,19,0.25,8,0.5555555555555556,6
2022_REG_10_JAX_KC_20221113,15,0.3333333333333333,9,0.17647058823529413,6
2022_REG_10_JAX_KC_20221113,16,0.75,8,0.7,6
2022_REG_10_LAC_SF_20221113,17,0.625,8,0.5294117647058824,6
2022_REG_10_LAC_SF_20221113,29,0.5,8,0.6,13
2022_REG_10_MIN_BUF_20221113,4,0.75,8,0.631578947368421,6
2022_REG_10_MIN_BUF_20221113,21,0.875,8,0.47058823529411764,6
2022_REG_10_NO_PIT_20221113,23,0.3333333333333333,9,0.5294117647058824,5
2022_REG_10_NO_PIT_20221113,27,0.25,8,0.5277777777777778,13
2022_REG_10_SEA_TB_20221113,28,0.6666666666666666,9,0.4117647058823529,6
2022_REG_10_SEA_TB_20221113,30,0.4444444444444444,9,0.7368421052631579,6
2022_REG_10_WSH_PHI_20221114,26,1.0,8,0.5,10
2022_REG_10_WSH_PHI_20221114,32,0.4444444444444444,9,0.4117647058823529,7
2022_REG_11_CAR_BAL_20221120,3,0.6666666666666666,9,0.47058823529411764,12
2022_REG_11_CAR_BAL_20221120,5,0.3,10,0.29411764705882354,9
2022_REG_11_CHI_ATL_20221120,2,0.4,10,0.4117647058823529,9
2022_REG_11_CHI_ATL_20221120,6,0.3,10,0.35294117647058826,6
2022_REG_11_CIN_PIT_20221120,7,0.5555555555555556,9,0.6190476190476191,13
2022_REG_11_CIN_PIT_20221120,27,0.3333333333333333,9,0.5277777777777778,6
2022_REG_11_CLE_BUF_20221120,4,0.6666666666666666,9,0.631578947368421,6
2022_REG_11_CLE_BUF_20221120,8,0.3333333333333333,9,0.47058823529411764,6
2022_REG_11_DAL_MIN_20221120,9,0.6666666666666666,9,0.6666666666666666,6
2022_REG_11_DAL_MIN_20221120,21,0.8888888888888888,9,0.47058823529411764,6
2022_REG_11_DET_NYG_20221120,11,0.3333333333333333,9,0.20588235294117646,6
2022_REG_11_DET_NYG_20221120,24,0.7777777777777778,9,0.23529411764705882,6
2022_REG_11_KC_LAC_20221120,16,0.7777777777777778,9,0.7,6
2022_REG_11_KC_LAC_20221120,17,0.5555555555555556,9,0.5294117647058824,6
2022_REG_11_LAR_NO_20221120,18,0.3333333333333333,9,0.7619047619047619,6
2022_REG_11_LAR_NO_20221120,23,0.3,10,0.5294117647058824,6
2022_REG_11_LV_DEN_20221120,10,0.3333333333333333,9,0.4117647058823529,6
2022_REG_11_LV_DEN_20221120,19,0.2222222222222222,9,0.5555555555555556,6
2022_REG_11_NYJ_NE_20221120,22,0.5555555555555556,9,0.5555555555555556,13
2022_REG_11_NYJ_NE_20221120,25,0.6666666666666666,9,0.23529411764705882,13
2022_REG_11_PHI_IND_20221120,14,0.45,10,0.5294117647058824,6
2022_REG_11_PHI_IND_20221120,26,0.8888888888888888,9,0.5,5
2022_REG_11_SF_ARI_20221121,1,0.4,10,0.6111111111111112,7
2022_REG_11_SF_ARI_20221121,29,0.5555555555555556,9,0.6,7
2022_REG_11_TEN_GB_20221117,12,0.4,10,0.7222222222222222,3
2022_REG_11_TEN_GB_20221117,31,0.6666666666666666,9,0.6666666666666666,3
2022_REG_11_WSH_HOU_20221120,13,0.16666666666666666,9,0.23529411764705882,6
2022_REG_11_WSH_HOU_20221120,32,0.5,10,0.4117647058823529,5
2022_REG_12_ATL_WSH_20221127,2,0.45454545454545453,11,0.4117647058823529,6
2022_REG_12_ATL_WSH_20221127,32,0.5454545454545454,11,0.4117647058823529,6
2022_REG_12_BAL_JAX_20221127,3,0.7,10,0.47058823529411764,6
2022_REG_12_BAL_JAX_20221127,15,0.3,10,0.17647058823529413,13
2022_REG_12_BUF_DET_20221124,4,0.7,10,0.631578947368421,3
2022_REG_12_BUF_DET_20221124,11,0.4,10,0.20588235294117646,3
2022_REG_12_CHI_NYJ_20221127,6,0.2727272727272727,11,0.35294117647058826,6
2022_REG_12_CHI_NYJ_20221127,25,0.6,10,0.23529411764705882,6
2022_REG_12_CIN_TEN_20221127,7,0.6,10,0.6190476190476191,6
2022_REG_12_CIN_TEN_20221127,31,0.7,10,0.6666666666666666,9
2022_REG_12_DEN_CAR_20221127,5,0.2727272727272727,11,0.29411764705882354,6
2022_REG_12_DEN_CAR_20221127,10,0.3,10,0.4117647058823529,6
2022_REG_12_GB_PHI_20221127,12,0.36363636363636365,11,0.7222222222222222,9
2022_REG_12_GB_PHI_20221127,26,0.9,10,0.5,6
2022_REG_12_HOU_MIA_20221127,13,0.15,10,0.23529411764705882,6
2022_REG_12_HOU_MIA_20221127,20,0.7,10,0.5294117647058824,13
2022_REG_12_LAC_ARI_20221127,1,0.36363636363636365,11,0.6111111111111112,5
2022_REG_12_LAC_ARI_20221127,17,0.5,10,0.5294117647058824,6
2022_REG_12_LAR_KC_20221127,16,0.8,10,0.7,6
2022_REG_12_LAR_KC_20221127,18,0.3,10,0.7619047619047619,6
2022_REG_12_LV_SEA_20221127,19,0.3,10,0.5555555555555556,6
2022_REG_12_LV_SEA_20221127,28,0.6,10,0.4117647058823529,13
2022_REG_12_NE_MIN_20221124,21,0.8,10,0.47058823529411764,3
2022_REG_12_NE_MIN_20221124,22,0.6,10,0.5555555555555556,3
2022_REG_12_NO_SF_20221127,23,0.36363636363636365,11,0.5294117647058824,6
2022_REG_12_NO_SF_20221127,29,0.6,10,0.6,5
2022_REG_12_NYG_DAL_20221124,9,0.7,10,0.6666666666666666,3
2022_REG_12_NYG_DAL_20221124,24,0.7,10,0.23529411764705882,3
2022_REG_12_PIT_IND_20221128,14,0.4090909090909091,11,0.5294117647058824,7
2022_REG_12_PIT_IND_20221128,27,0.3,10,0.5277777777777778,7
2022_REG_12_TB_CLE_20221127,8,0.3,10,0.47058823529411764,6
2022_REG_12_TB_CLE_20221127,30,0.5,10,0.7368421052631579,13
2022_REG_13_BUF_NE_20221201,4,0.7272727272727273,11,0.631578947368421,6
2022_REG_13_BUF_NE_20221201,22,0.5454545454545454,11,0.5555555555555556,6
2022_REG_13_CLE_HOU_20221204,8,0.36363636363636365,11,0.47058823529411764,6
2022_REG_13_CLE_HOU_20221204,13,0.13636363636363635,11,0.23529411764705882,6
2022_REG_13_DEN_BAL_20221204,3,0.6363636363636364,11,0.47058823529411764,6
2022_REG_13_DEN_BAL_20221204,10,0.2727272727272727,11,0.4117647058823529,6
2022_REG_13_GB_CHI_20221204,6,0.25,12,0.35294117647058826,6
2022_REG_13_GB_CHI_20221204,12,0.3333333333333333,12,0.7222222222222222,6
2022_REG_13_IND_DAL_20221204,9,0.7272727272727273,11,0.6666666666666666,9
2022_REG_13_IND_DAL_20221204,14,0.375,12,0.5294117647058824,5
2022_REG_13_JAX_DET_20221204,11,0.36363636363636365,11,0.20588235294117646,9
2022_REG_13_JAX_DET_20221204,15,0.36363636363636365,11,0.17647058823529413,6
2022_REG_13_KC_CIN_20221204,7,0.6363636363636364,11,0.6190476190476191,6
2022_REG_13_KC_CIN_20221204,16,0.8181818181818182,11,0.7,6
2022_REG_13_LAC_LV_20221204,17,0.5454545454545454,11,0.5294117647058824,6
2022_REG_13_LAC_LV_20221204,19,0.36363636363636365,11,0.5555555555555556,6
2022_REG_13_MIA_SF_20221204,20,0.7272727272727273,11,0.5294117647058824,6
2022_REG_13_MIA_SF_20221204,29,0.6363636363636364,11,0.6,6
2022_REG_13_NO_TB_20221205,23,0.3333333333333333,12,0.5294117647058824,7
2022_REG_13_NO_TB_20221205,30,0.45454545454545453,11,0.7368421052631579,7
2022_REG_13_NYJ_MIN_20221204,21,0.8181818181818182,11,0.47058823529411764,9
2022_REG_13_NYJ_MIN_20221204,25,0.6363636363636364,11,0.23529411764705882,6
2022_REG_13_PIT_ATL_20221204,2,0.4166666666666667,12,0.4117647058823529,6
2022_REG_13_PIT_ATL_20221204,27,0.36363636363636365,11,0.5277777777777778,5
2022_REG_13_SEA_LAR_20221204,18,0.2727272727272727,11,0.7619047619047619,6
2022_REG_13_SEA_LAR_20221204,28,0.5454545454545454,11,0.4117647058823529,6
2022_REG_13_TEN_PHI_20221204,26,0.9090909090909091,11,0.5,6
2022_REG_13_TEN_PHI_20221204,31,0.6363636363636364,11,0.6666666666666666,6
2022_REG_13_WSH_NYG_20221204,24,0.6363636363636364,11,0.23529411764705882,9
2022_REG_13_WSH_NYG_20221204,32,0.5833333333333334,12,0.4117647058823529,6
2022_REG_14_BAL_PIT_20221211,3,0.6666666666666666,12,0.47058823529411764,6
2022_REG_14_BAL_PIT_20221211,27,0.4166666666666667,12,0.5277777777777778,6
2022_REG_14_CAR_SEA_20221211,5,0.3333333333333333,12,0.29411764705882354,13
2022_REG_14_CAR_SEA_20221211,28,0.5833333333333334,12,0.4117647058823529,6
2022_REG_14_CLE_CIN_20221211,7,0.6666666666666666,12,0.6190476190476191,6
2022_REG_14_CLE_CIN_20221211,8,0.4166666666666667,12,0.47058823529411764,6
2022_REG_14_HOU_DAL_20221211,9,0.75,12,0.6666666666666666,6
2022_REG_14_HOU_DAL_20221211,13,0.125,12,0.23529411764705882,6
2022_REG_14_JAX_TEN_20221211,15,0.3333333333333333,12,0.17647058823529413,6
2022_REG_14_JAX_TEN_20221211,31,0.5833333333333334,12,0.6666666666666666,6
2022_REG_14_KC_DEN_20221211,10,0.25,12,0.4117647058823529,6
2022_REG_14_KC_DEN_20221211,16,0.75,12,0.7,6
2022_REG_14_LV_LAR_20221208,18,0.25,12,0.7619047619047619,3
2022_REG_14_LV_LAR_20221208,19,0.4166666666666667,12,0.5555555555555556,3
2022_REG_14_MIA_LAC_20221211,17,0.5,12,0.5294117647058824,6
2022_REG_14_MIA_LAC_20221211,20,0.6666666666666666,12,0.5294117647058824,6
2022_REG_14_MIN_DET_20221211,11,0.4166666666666667,12,0.20588235294117646,6
2022_REG_14_MIN_DET_20221211,21,0.8333333333333334,12,0.47058823529411764,6
2022_REG_14_NE_ARI_20221212,1,0.3333333333333333,12,0.6111111111111112,14
2022_REG_14_NE_ARI_20221212,22,0.5,12,0.5555555555555556,10
2022_REG_14_NYJ_BUF_20221211,4,0.75,12,0.631578947368421,9
2022_REG_14_NYJ_BUF_20221211,25,0.5833333333333334,12,0.23529411764705882,6
2022_REG_14_PHI_NYG_20221211,24,0.625,12,0.23529411764705882,6
2022_REG_14_PHI_NYG_20221211,26,0.9166666666666666,12,0.5,6
2022_REG_14_TB_SF_20221211,29,0.6666666666666666,12,0.6,6
2022_REG_14_TB_SF_20221211,30,0.5,12,0.7368421052631579,5
2022_REG_15_ARI_DEN_20221218,1,0.3076923076923077,13,0.6111111111111112,5
2022_REG_15_ARI_DEN_20221218,10,0.23076923076923078,13,0.4117647058823529,6
2022_REG_15_ATL_NO_20221218,2,0.38461538461538464,13,0.4117647058823529,13
2022_REG_15_ATL_NO_20221218,23,0.3076923076923077,13,0.5294117647058824,12
2022_REG_15_BAL_CLE_20221217,3,0.6923076923076923,13,0.47058823529411764,5
2022_REG_15_BAL_CLE_20221217,8,0.38461538461538464,13,0.47058823529411764,5
2022_REG_15_CIN_TB_20221218,7,0.6923076923076923,13,0.6190476190476191,6
2022_REG_15_CIN_TB_20221218,30,0.46153846153846156,13,0.7368421052631579,6
2022_REG_15_DAL_JAX_20221218,9,0.7692307692307693,13,0.6666666666666666,6
2022_REG_15_DAL_JAX_20221218,15,0.38461538461538464,13,0.17647058823529413,6
2022_REG_15_DET_NYJ_20221218,11,0.46153846153846156,13,0.20588235294117646,6
2022_REG_15_DET_NYJ_20221218,25,0.5384615384615384,13,0.23529411764705882,6
2022_REG_15_IND_MIN_20221217,14,0.34615384615384615,13,0.5294117647058824,12
2022_REG_15_IND_MIN_20221217,21,0.7692307692307693,13,0.47058823529411764,5
2022_REG_15_KC_HOU_20221218,13,0.11538461538461539,13,0.23529411764705882,6
2022_REG_15_KC_HOU_20221218,16,0.7692307692307693,13,0.7,6
2022_REG_15_LAR_GB_20221219,12,0.38461538461538464,13,0.7222222222222222,14
2022_REG_15_LAR_GB_20221219,18,0.3076923076923077,13,0.7619047619047619,10
2022_REG_15_MIA_BUF_20221217,4,0.7692307692307693,13,0.631578947368421,5
2022_REG_15_MIA_BUF_20221217,20,0.6153846153846154,13,0.5294117647058824,5
2022_REG_15_NE_LV_20221218,19,0.38461538461538464,13,0.5555555555555556,9
2022_REG_15_NE_LV_20221218,22,0.5384615384615384,13,0.5555555555555556,5
2022_REG_15_NYG_WSH_20221218,24,0.5769230769230769,13,0.23529411764705882,6
2022_REG_15_NYG_WSH_20221218,32,0.5769230769230769,13,0.4117647058823529,13
2022_REG_15_PHI_CHI_20221218,6,0.23076923076923078,13,0.35294117647058826,13
2022_REG_15_PHI_CHI_20221218,26,0.9230769230769231,13,0.5,6
2022_REG_15_PIT_CAR_20221218,5,0.38461538461538464,13,0.29411764705882354,6
2022_REG_15_PIT_CAR_20221218,27,0.38461538461538464,13,0.5277777777777778,6
2022_REG_15_SF_SEA_20221215,28,0.5384615384615384,13,0.4117647058823529,3
2022_REG_15_SF_SEA_20221215,29,0.6923076923076923,13,0.6,3
2022_REG_15_TEN_LAC_20221218,17,0.5384615384615384,13,0.5294117647058824,6
2022_REG_15_TEN_LAC_20221218,31,0.5384615384615384,13,0.6666666666666666,6
2022_REG_16_ATL_BAL_20221224,2,0.35714285714285715,14,0.4117647058823529,5
2022_REG_16_ATL_BAL_20221224,3,0.6428571428571429,14,0.47058823529411764,6
2022_REG_16_BUF_CHI_20221224,4,0.7857142857142857,14,0.631578947368421,6
2022_REG_16_BUF_CHI_20221224,6,0.21428571428571427,14,0.35294117647058826,5
2022_REG_16_CIN_NE_20221224,7,0.7142857142857143,14,0.6190476190476191,5
2022_REG_16_CIN_NE_20221224,22,0.5,14,0.5555555555555556,5
2022_REG_16_DEN_LAR_20221225,10,0.2857142857142857,14,0.4117647058823529,6
2022_REG_16_DEN_LAR_20221225,18,0.2857142857142857,14,0.7619047619047619,5
2022_REG_16_DET_CAR_20221224,5,0.35714285714285715,14,0.29411764705882354,5
2022_REG_16_DET_CAR_20221224,11,0.5,14,0.20588235294117646,5
2022_REG_16_GB_MIA_20221225,12,0.42857142857142855,14,0.7222222222222222,5
2022_REG_16_GB_MIA_20221225,20,0.5714285714285714,14,0.5294117647058824,7
2022_REG_16_HOU_TEN_20221224,13,0.10714285714285714,14,0.23529411764705882,5
2022_REG_16_HOU_TEN_20221224,31,0.5,14,0.6666666666666666,5
2022_REG_16_JAX_NYJ_20221222,15,0.42857142857142855,14,0.17647058823529413,3
2022_REG_16_JAX_NYJ_20221222,25,0.5,14,0.23529411764705882,3
2022_REG_16_LAC_IND_20221226,14,0.32142857142857145,14,0.5294117647058824,8
2022_REG_16_LAC_IND_20221226,17,0.5714285714285714,14,0.5294117647058824,7
2022_REG_16_LV_PIT_20221224,19,0.42857142857142855,14,0.5555555555555556,5
2022_REG_16_LV_PIT_20221224,27,0.42857142857142855,14,0.5277777777777778,5
2022_REG_16_NO_CLE_20221224,8,0.42857142857142855,14,0.47058823529411764,6
2022_REG_16_NO_CLE_20221224,23,0.35714285714285715,14,0.5294117647058824,5
2022_REG_16_NYG_MIN_20221224,21,0.7857142857142857,14,0.47058823529411764,6
2022_REG_16_NYG_MIN_20221224,24,0.6071428571428571,14,0.23529411764705882,5
2022_REG_16_PHI_DAL_20221224,9,0.7142857142857143,14,0.6666666666666666,5
2022_REG_16_PHI_DAL_20221224,26,0.9285714285714286,14,0.5,5
2022_REG_16_SEA_KC_20221224,16,0.7857142857142857,14,0.7,5
2022_REG_16_SEA_KC_20221224,28,0.5,14,0.4117647058823529,8
2022_REG_16_TB_ARI_20221225,1,0.2857142857142857,14,0.6111111111111112,6
2022_REG_16_TB_ARI_20221225,30,0.42857142857142855,14,0.7368421052631579,6
2022_REG_16_WSH_SF_20221224,29,0.7142857142857143,14,0.6,8
2022_REG_16_WSH_SF_20221224,32,0.5357142857142857,14,0.4117647058823529,5
2022_REG_17_ARI_ATL_20230101,1,0.26666666666666666,15,0.6111111111111112,6
2022_REG_17_ARI_ATL_20230101,2,0.3333333333333333,15,0.4117647058823529,7
2022_REG_17_CAR_TB_20230101,5,0.4,15,0.29411764705882354,7
2022_REG_17_CAR_TB_20230101,30,0.4666666666666667,15,0.7368421052631579,6
2022_REG_17_CHI_DET_20230101,6,0.2,15,0.35294117647058826,7
2022_REG_17_CHI_DET_20230101,11,0.4666666666666667,15,0.20588235294117646,7
2022_REG_17_CLE_WSH_20230101,8,0.4,15,0.47058823529411764,7
2022_REG_17_CLE_WSH_20230101,32,0.5,15,0.4117647058823529,7
2022_REG_17_DAL_TEN_20221229,9,0.7333333333333333,15,0.6666666666666666,4
2022_REG_17_DAL_TEN_20221229,31,0.4666666666666667,15,0.6666666666666666,4
2022_REG_17_DEN_KC_20230101,10,0.26666666666666666,15,0.4117647058823529,6
2022_REG_17_DEN_KC_20230101,16,0.8,15,0.7,7
2022_REG_17_IND_NYG_20230101,14,0.3,15,0.5294117647058824,5
2022_REG_17_IND_NYG_20230101,24,0.5666666666666667,15,0.23529411764705882,7
2022_REG_17_JAX_HOU_20230101,13,0.16666666666666666,15,0.23529411764705882,7
2022_REG_17_JAX_HOU_20230101,15,0.4666666666666667,15,0.17647058823529413,9
2022_REG_17_LAR_LAC_20230101,17,0.6,15,0.5294117647058824,5
2022_REG_17_LAR_LAC_20230101,18,0.3333333333333333,15,0.7619047619047619,6
2022_REG_17_MIA_NE_20230101,20,0.5333333333333333,15,0.5294117647058824,6
2022_REG_17_MIA_NE_20230101,22,0.4666666666666667,15,0.5555555555555556,7
2022_REG_17_MIN_GB_20230101,12,0.4666666666666667,15,0.7222222222222222,6
2022_REG_17_MIN_GB_20230101,21,0.8,15,0.47058823529411764,7
2022_REG_17_NO_PHI_20230101,23,0.4,15,0.5294117647058824,7
2022_REG_17_NO_PHI_20230101,26,0.8666666666666667,15,0.5,7
2022_REG_17_NYJ_SEA_20230101,25,0.4666666666666667,15,0.23529411764705882,9
2022_REG_17_NYJ_SEA_20230101,28,0.4666666666666667,15,0.4117647058823529,7
2022_REG_17_PIT_BAL_20230101,3,0.6666666666666666,15,0.47058823529411764,7
2022_REG_17_PIT_BAL_20230101,27,0.4666666666666667,15,0.5277777777777778,7
2022_REG_17_SF_LV_20230101,19,0.4,15,0.5555555555555556,7
2022_REG_17_SF_LV_20230101,29,0.7333333333333333,15,0.6,7
2022_REG_18_ARI_SF_20230108,1,0.25,16,0.6111111111111112,6
2022_REG_18_ARI_SF_20230108,29,0.75,16,0.6,6
2022_REG_18_BAL_CIN_20230108,3,0.625,16,0.47058823529411764,6
2022_REG_18_BAL_CIN_20230108,7,0.7333333333333333,15,0.6190476190476191,14
2022_REG_18_CAR_NO_20230108,5,0.375,16,0.29411764705882354,6
2022_REG_18_CAR_NO_20230108,23,0.4375,16,0.5294117647058824,6
2022_REG_18_CLE_PIT_20230108,8,0.4375,16,0.47058823529411764,6
2022_REG_18_CLE_PIT_20230108,27,0.5,16,0.5277777777777778,6
2022_REG_18_DAL_WSH_20230108,9,0.75,16,0.6666666666666666,9
2022_REG_18_DAL_WSH_20230108,32,0.46875,16,0.4117647058823529,6
2022_REG_18_DET_GB_20230108,11,0.5,16,0.20588235294117646,6
2022_REG_18_DET_GB_20230108,12,0.5,16,0.7222222222222222,6
2022_REG_18_HOU_IND_20230108,13,0.15625,16,0.23529411764705882,6
2022_REG_18_HOU_IND_20230108,14,0.28125,16,0.5294117647058824,6
2022_REG_18_KC_LV_20230107,16,0.8125,16,0.7,5
2022_REG_18_KC_LV_20230107,19,0.375,16,0.5555555555555556,5
2022_REG_18_LAC_DEN_20230108,10,0.25,16,0.4117647058823529,6
2022_REG_18_LAC_DEN_20230108,17,0.625,16,0.5294117647058824,6
2022_REG_18_LAR_SEA_20230108,18,0.3125,16,0.7619047619047619,6
2022_REG_18_LAR_SEA_20230108,28,0.5,16,0.4117647058823529,6
2022_REG_18_MIN_CHI_20230108,6,0.1875,16,0.35294117647058826,6
2022_REG_18_MIN_CHI_20230108,21,0.75,16,0.47058823529411764,6
2022_REG_18_NE_BUF_20230108,4,0.8,15,0.631578947368421,14
2022_REG_18_NE_BUF_20230108,22,0.5,16,0.5555555555555556,6
2022_REG_18_NYG_PHI_20230108,24,0.59375,16,0.23529411764705882,6
2022_REG_18_NYG_PHI_20230108,26,0.8125,16,0.5,6
2022_REG_18_NYJ_MIA_20230108,20,0.5,16,0.5294117647058824,6
2022_REG_18_NYJ_MIA_20230108,25,0.4375,16,0.23529411764705882,6
2022_REG_18_TB_ATL_20230108,2,0.375,16,0.4117647058823529,6
2022_REG_18_TB_ATL_20230108,30,0.5,16,0.7368421052631579,6
2022_REG_18_TEN_JAX_20230107,15,0.5,16,0.17647058823529413,5
2022_REG_18_TEN_JAX_20230107,31,0.4375,16,0.6666666666666666,8
2023_CON_21_DET_SF_20240128,11,0.7368421052631579,19,0.5294117647058824,6
2023_CON_21_DET_SF_20240128,29,0.7222222222222222,18,0.75,7
2023_CON_21_KC_BAL_20240128,3,0.7777777777777778,18,0.5555555555555556,7
2023_CON_21_KC_BAL_20240128,16,0.6842105263157895,19,0.85,6
2023_POST_19_CLE_HOU_20240113,8,0.6470588235294118,17,0.4117647058823529,5
2023_POST_19_CLE_HOU_20240113,13,0.5882352941176471,17,0.20588235294117646,6
2023_POST_19_GB_DAL_20240114,9,0.7058823529411765,17,0.6842105263157895,6
2023_POST_19_GB_DAL_20240114,12,0.5294117647058824,17,0.47058823529411764,6
2023_POST_19_LAR_DET_20240114,11,0.7058823529411765,17,0.5294117647058824,6
2023_POST_19_LAR_DET_20240114,18,0.5882352941176471,17,0.29411764705882354,6
2023_POST_19_MIA_KC_20240113,16,0.6470588235294118,17,0.85,5
2023_POST_19_MIA_KC_20240113,20,0.6470588235294118,17,0.5,5
2023_POST_19_PHI_TB_20240115,26,0.6470588235294118,17,0.8,7
2023_POST_19_PHI_TB_20240115,30,0.5294117647058824,17,0.4444444444444444,7
2023_POST_19_PIT_BUF_20240115,4,0.6470588235294118,17,0.7777777777777778,7
2023_POST_19_PIT_BUF_20240115,27,0.5882352941176471,17,0.5294117647058824,8
2023_POST_20_GB_SF_20240120,12,0.5555555555555556,18,0.47058823529411764,5
2023_POST_20_GB_SF_20240120,29,0.7058823529411765,17,0.75,12
2023_POST_20_HOU_BAL_20240120,3,0.7647058823529411,17,0.5555555555555556,13
2023_POST_20_HOU_BAL_20240120,13,0.6111111111111112,18,0.20588235294117646,6
2023_POST_20_KC_BUF_20240121,4,0.6666666666666666,18,0.7777777777777778,5
2023_POST_20_KC_BUF_20240121,16,0.6666666666666666,18,0.85,7
2023_POST_20_TB_DET_20240121,11,0.7222222222222222,18,0.5294117647058824,6
2023_POST_20_TB_DET_20240121,30,0.5555555555555556,18,0.4444444444444444,5
2023_POST_22_SF_KC_20240211,16,0.7,20,0.85,13
2023_POST_22_SF_KC_20240211,29,0.7368421052631579,19,0.75,13
2023_REG_01_ARI_WSH_20230910,1,,0,0.23529411764705882,244
2023_REG_01_ARI_WSH_20230910,32,,0,0.5,244
2023_REG_01_BUF_NYJ_20230911,4,,0,0.7777777777777778,231
2023_REG_01_BUF_NYJ_20230911,25,,0,0.4117647058823529,245
2023_REG_01_CAR_ATL_20230910,2,,0,0.4117647058823529,244
2023_REG_01_CAR_ATL_20230910,5,,0,0.4117647058823529,244
2023_REG_01_CIN_CLE_20230910,7,,0,0.7368421052631579,223
2023_REG_01_CIN_CLE_20230910,8,,0,0.4117647058823529,244
2023_REG_01_DAL_NYG_20230910,9,,0,0.6842105263157895,230
2023_REG_01_DAL_NYG_20230910,24,,0,0.5526315789473685,231
2023_REG_01_DET_KC_20230907,11,,0,0.5294117647058824,241
2023_REG_01_DET_KC_20230907,16,,0,0.85,206
2023_REG_01_GB_CHI_20230910,6,,0,0.17647058823529413,244
2023_REG_01_GB_CHI_20230910,12,,0,0.47058823529411764,244
2023_REG_01_HOU_BAL_20230910,3,,0,0.5555555555555556,237
2023_REG_01_HOU_BAL_20230910,13,,0,0.20588235294117646,244
2023_REG_01_JAX_IND_20230910,14,,0,0.2647058823529412,244
2023_REG_01_JAX_IND_20230910,15,,0,0.5263157894736842,231
2023_REG_01_LAR_SEA_20230910,18,,0,0.29411764705882354,244
2023_REG_01_LAR_SEA_20230910,28,,0,0.5,238
2023_REG_01_LV_DEN_20230910,10,,0,0.29411764705882354,244
2023_REG_01_LV_DEN_20230910,19,,0,0.35294117647058826,245
2023_REG_01_MIA_LAC_20230910,17,,0,0.5555555555555556,238
2023_REG_01_MIA_LAC_20230910,20,,0,0.5,237
2023_REG_01_PHI_NE_20230910,22,,0,0.47058823529411764,244
2023_REG_01_PHI_NE_20230910,26,,0,0.8,209
2023_REG_01_SF_PIT_20230910,27,,0,0.5294117647058824,244
2023_REG_01_SF_PIT_20230910,29,,0,0.75,223
2023_REG_01_TB_MIN_20230910,21,,0,0.7222222222222222,237
2023_REG_01_TB_MIN_20230910,30,,0,0.4444444444444444,236
2023_REG_01_TEN_NO_20230910,23,,0,0.4117647058823529,244
2023_REG_01_TEN_NO_20230910,31,,0,0.4117647058823529,245
2023_REG_02_BAL_CIN_20230917,3,1.0,1,0.5555555555555556,6
2023_REG_02_BAL_CIN_20230917,7,0.0,1,0.7368421052631579,6
2023_REG_02_CHI_TB_20230917,6,0.0,1,0.17647058823529413,6
2023_REG_02_CHI_TB_20230917,30,1.0,1,0.4444444444444444,6
2023_REG_02_CLE_PIT_20230918,8,1.0,1,0.4117647058823529,7
2023_REG_02_CLE_PIT_20230918,27,0.0,1,0.5294117647058824,7
2023_REG_02_GB_ATL_20230917,2,1.0,1,0.4117647058823529,6
2023_REG_02_GB_ATL_20230917,12,1.0,1,0.47058823529411764,6
2023_REG_02_IND_HOU_20230917,13,0.0,1,0.20588235294117646,6
2023_REG_02_IND_HOU_20230917,14,0.0,1,0.2647058823529412,6
2023_REG_02_KC_JAX_20230917,15,1.0,1,0.5263157894736842,6
2023_REG_02_KC_JAX_20230917,16,0.0,1,0.85,9
2023_REG_02_LAC_TEN_20230917,17,0.0,1,0.5555555555555556,6
2023_REG_02_LAC_TEN_20230917,31,0.0,1,0.4117647058823529,6
2023_REG_02_LV_BUF_20230917,4,0.0,1,0.7777777777777778,5
2023_REG_02_LV_BUF_20230917,19,1.0,1,0.35294117647058826,6
2023_REG_02_MIA_NE_20230917,20,1.0,1,0.5,6
2023_REG_02_MIA_NE_20230917,22,0.0,1,0.47058823529411764,6
2023_REG_02_MIN_PHI_20230914,21,0.0,1,0.7222222222222222,3
2023_REG_02_MIN_PHI_20230914,26,1.0,1,0.8,3
2023_REG_02_NO_CAR_20230918,5,0.0,1,0.4117647058823529,7
2023_REG_02_NO_CAR_20230918,23,1.0,1,0.4117647058823529,7
2023_REG_02_NYG_ARI_20230917,1,0.0,1,0.23529411764705882,6
2023_REG_02_NYG_ARI_20230917,24,0.0,1,0.5526315789473685,6
2023_REG_02_NYJ_DAL_20230917,9,1.0,1,0.6842105263157895,6
2023_REG_02_NYJ_DAL_20230917,25,1.0,1,0.4117647058823529,5
2023_REG_02_SEA_DET_20230917,11,1.0,1,0.5294117647058824,9
2023_REG_02_SEA_DET_20230917,28,0.0,1,0.5,6
2023_REG_02_SF_LAR_20230917,18,1.0,1,0.29411764705882354,6
2023_REG_02_SF_LAR_20230917,29,1.0,1,0.75,6
2023_REG_02_WSH_DEN_20230917,10,0.0,1,0.29411764705882354,6
2023_REG_02_WSH_DEN_20230917,32,1.0,1,0.5,6
2023_REG_03_ATL_DET_20230924,2,1.0,2,0.4117647058823529,6
2023_REG_03_ATL_DET_20230924,11,0.5,2,0.5294117647058824,6
2023_REG_03_BUF_WSH_20230924,4,0.5,2,0.7777777777777778,6
2023_REG_03_BUF_WSH_20230924,32,1.0,2,0.5,6
2023_REG_03_CAR_SEA_20230924,5,0.0,2,0.4117647058823529,5
2023_REG_03_CAR_SEA_20230924,28,0.5,2,0.5,6
2023_REG_03_CHI_KC_20230924,6,0.0,2,0.17647058823529413,6
2023_REG_03_CHI_KC_20230924,16,0.5,2,0.85,6
2023_REG_03_DAL_ARI_20230924,1,0.0,2,0.23529411764705882,6
2023_REG_03_DAL_ARI_20230924,9,1.0,2,0.6842105263157895,6
2023_REG_03_DEN_MIA_20230924,10,0.0,2,0.29411764705882354,6
2023_REG_03_DEN_MIA_20230924,20,1.0,2,0.5,6
2023_REG_03_HOU_JAX_20230924,13,0.0,2,0.20588235294117646,6
2023_REG_03_HOU_JAX_20230924,15,0.5,2,0.5263157894736842,6
2023_REG_03_IND_BAL_20230924,3,1.0,2,0.5555555555555556,6
2023_REG_03_IND_BAL_20230924,14,0.5,2,0.2647058823529412,6
2023_REG_03_LAC_MIN_20230924,17,0.0,2,0.5555555555555556,6
2023_REG_03_LAC_MIN_20230924,21,0.0,2,0.7222222222222222,9
2023_REG_03_LAR_CIN_20230925,7,0.0,2,0.7368421052631579,7
2023_REG_03_LAR_CIN_20230925,18,0.5,2,0.29411764705882354,7
2023_REG_03_NE_NYJ_20230924,22,0.0,2,0.47058823529411764,6
2023_REG_03_NE_NYJ_20230924,25,0.5,2,0.4117647058823529,6
2023_REG_03_NO_GB_20230924,12,0.5,2,0.47058823529411764,6
2023_REG_03_NO_GB_20230924,23,1.0,2,0.4117647058823529,5
2023_REG_03_NYG_SF_20230921,24,0.5,2,0.5526315789473685,3
2023_REG_03_NYG_SF_20230921,29,1.0,2,0.75,3
2023_REG_03_PHI_TB_20230925,26,1.0,2,0.8,10
2023_REG_03_PHI_TB_20230925,30,1.0,2,0.4444444444444444,7
2023_REG_03_PIT_LV_20230924,19,0.5,2,0.35294117647058826,6
2023_REG_03_PIT_LV_20230924,27,0.5,2,0.5294117647058824,5
2023_REG_03_TEN_CLE_20230924,8,0.5,2,0.4117647058823529,5
2023_REG_03_TEN_CLE_20230924,31,0.5,2,0.4117647058823529,6
2023_REG_04_ARI_SF_20231001,1,0.3333333333333333,3,0.23529411764705882,6
2023_REG_04_ARI_SF_20231001,29,1.0,3,0.75,9
2023_REG_04_ATL_JAX_20231001,2,0.6666666666666666,3,0.4117647058823529,6
2023_REG_04_ATL_JAX_20231001,15,0.3333333333333333,3,0.5263157894736842,6
2023_REG_04_BAL_CLE_20231001,3,0.6666666666666666,3,0.5555555555555556,6
2023_REG_04_BAL_CLE_20231001,8,0.6666666666666666,3,0.4117647058823529,6
2023_REG_04_CIN_TEN_20231001,7,0.3333333333333333,3,0.7368421052631579,5
2023_REG_04_CIN_TEN_20231001,31,0.3333333333333333,3,0.4117647058823529,6
2023_REG_04_DEN_CHI_20231001,6,0.0,3,0.17647058823529413,6
2023_REG_04_DEN_CHI_20231001,10,0.0,3,0.29411764705882354,6
2023_REG_04_DET_GB_20230928,11,0.6666666666666666,3,0.5294117647058824,3
2023_REG_04_DET_GB_20230928,12,0.6666666666666666,3,0.47058823529411764,3
2023_REG_04_KC_NYJ_20231001,16,0.6666666666666666,3,0.85,6
2023_REG_04_KC_NYJ_20231001,25,0.3333333333333333,3,0.4117647058823529,6
2023_REG_04_LAR_IND_20231001,14,0.6666666666666666,3,0.2647058823529412,6
2023_REG_04_LAR_IND_20231001,18,0.3333333333333333,3,0.29411764705882354,5
2023_REG_04_LV_LAC_20231001,17,0.3333333333333333,3,0.5555555555555556,6
2023_REG_04_LV_LAC_20231001,19,0.3333333333333333,3,0.35294117647058826,6
2023_REG_04_MIA_BUF_20231001,4,0.6666666666666666,3,0.7777777777777778,6
2023_REG_04_MIA_BUF_20231001,20,1.0,3,0.5,6
2023_REG_04_MIN_CAR_20231001,5,0.0,3,0.4117647058823529,6
2023_REG_04_MIN_CAR_20231001,21,0.0,3,0.7222222222222222,6
2023_REG_04_NE_DAL_20231001,9,0.6666666666666666,3,0.6842105263157895,6
2023_REG_04_NE_DAL_20231001,22,0.3333333333333333,3,0.47058823529411764,6
2023_REG_04_PIT_HOU_20231001,13,0.3333333333333333,3,0.20588235294117646,6
2023_REG_04_PIT_HOU_20231001,27,0.6666666666666666,3,0.5294117647058824,6
2023_REG_04_SEA_NYG_20231002,24,0.3333333333333333,3,0.5526315789473685,10
2023_REG_04_SEA_NYG_20231002,28,0.6666666666666666,3,0.5,7
2023_REG_04_TB_NO_20231001,23,0.6666666666666666,3,0.4117647058823529,6
2023_REG_04_TB_NO_20231001,30,0.6666666666666666,3,0.4444444444444444,5
2023_REG_04_WSH_PHI_20231001,26,1.0,3,0.8,5
2023_REG_04_WSH_PHI_20231001,32,0.6666666666666666,3,0.5,6
2023_REG_05_BAL_PIT_20231008,3,0.75,4,0.5555555555555556,6
2023_REG_05_BAL_PIT_20231008,27,0.5,4,0.5294117647058824,6
2023_REG_05_CAR_DET_20231008,5,0.0,4,0.4117647058823529,6
2023_REG_05_CAR_DET_20231008,11,0.75,4,0.5294117647058824,9
2023_REG_05_CHI_WSH_20231005,6,0.0,4,0.17647058823529413,3
2023_REG_05_CHI_WSH_20231005,32,0.5,4,0.5,3
2023_REG_05_CIN_ARI_20231008,1,0.25,4,0.23529411764705882,6
2023_REG_05_CIN_ARI_20231008,7,0.25,4,0.7368421052631579,6
2023_REG_05_DAL_SF_20231008,9,0.75,4,0.6842105263157895,6
2023_REG_05_DAL_SF_20231008,29,1.0,4,0.75,6
2023_REG_05_GB_LV_20231009,12,0.5,4,0.47058823529411764,10
2023_REG_05_GB_LV_20231009,19,0.25,4,0.35294117647058826,7
2023_REG_05_HOU_ATL_20231008,2,0.5,4,0.4117647058823529,6
2023_REG_05_HOU_ATL_20231008,13,0.5,4,0.20588235294117646,6
2023_REG_05_JAX_BUF_20231008,4,0.75,4,0.7777777777777778,6
2023_REG_05_JAX_BUF_20231008,15,0.5,4,0.5263157894736842,6
2023_REG_05_KC_MIN_20231008,16,0.75,4,0.85,6
2023_REG_05_KC_MIN_20231008,21,0.25,4,0.7222222222222222,6
2023_REG_05_NO_NE_20231008,22,0.25,4,0.47058823529411764,6
2023_REG_05_NO_NE_20231008,23,0.5,4,0.4117647058823529,6
2023_REG_05_NYG_MIA_20231008,20,0.75,4,0.5,6
2023_REG_05_NYG_MIA_20231008,24,0.25,4,0.5526315789473685,5
2023_REG_05_NYJ_DEN_20231008,10,0.25,4,0.29411764705882354,6
2023_REG_05_NYJ_DEN_20231008,25,0.25,4,0.4117647058823529,6
2023_REG_05_PHI_LAR_20231008,18,0.5,4,0.29411764705882354,6
2023_REG_05_PHI_LAR_20231008,26,1.0,4,0.8,6
2023_REG_05_TEN_IND_20231008,14,0.5,4,0.2647058823529412,6
2023_REG_05_TEN_IND_20231008,31,0.5,4,0.4117647058823529,6
2023_REG_06_ARI_LAR_20231015,1,0.2,5,0.23529411764705882,6
2023_REG_06_ARI_LAR_20231015,18,0.4,5,0.29411764705882354,6
2023_REG_06_BAL_TEN_20231015,3,0.6,5,0.5555555555555556,6
2023_REG_06_BAL_TEN_20231015,31,0.4,5,0.4117647058823529,6
2023_REG_06_CAR_MIA_20231015,5,0.0,5,0.4117647058823529,6
2023_REG_06_CAR_MIA_20231015,20,0.8,5,0.5,6
2023_REG_06_DAL_LAC_20231016,9,0.6,5,0.6842105263157895,7
2023_REG_06_DAL_LAC_20231016,17,0.5,4,0.5555555555555556,14
2023_REG_06_DEN_KC_20231012,10,0.2,5,0.29411764705882354,3
2023_REG_06_DEN_KC_20231012,16,0.8,5,0.85,3
2023_REG_06_DET_TB_20231015,11,0.8,5,0.5294117647058824,6
2023_REG_06_DET_TB_20231015,30,0.75,4,0.4444444444444444,13
2023_REG_06_IND_JAX_20231015,14,0.6,5,0.2647058823529412,6
2023_REG_06_IND_JAX_20231015,15,0.6,5,0.5263157894736842,6
2023_REG_06_MIN_CHI_20231015,6,0.2,5,0.17647058823529413,9
2023_REG_06_MIN_CHI_20231015,21,0.2,5,0.7222222222222222,6
2023_REG_06_NE_LV_20231015,19,0.4,5,0.35294117647058826,5
2023_REG_06_NE_LV_20231015,22,0.2,5,0.47058823529411764,6
2023_REG_06_NO_HOU_20231015,13,0.4,5,0.20588235294117646,6
2023_REG_06_NO_HOU_20231015,23,0.6,5,0.4117647058823529,6
2023_REG_06_NYG_BUF_20231015,4,0.6,5,0.7777777777777778,6
2023_REG_06_NYG_BUF_20231015,24,0.2,5,0.5526315789473685,6
2023_REG_06_PHI_NYJ_20231015,25,0.4,5,0.4117647058823529,6
2023_REG_06_PHI_NYJ_20231015,26,1.0,5,0.8,6
2023_REG_06_SEA_CIN_20231015,7,0.4,5,0.7368421052631579,6
2023_REG_06_SEA_CIN_20231015,28,0.75,4,0.5,12
2023_REG_06_SF_CLE_20231015,8,0.5,4,0.4117647058823529,13
2023_REG_06_SF_CLE_20231015,29,1.0,5,0.75,6
2023_REG_06_WSH_ATL_20231015,2,0.6,5,0.4117647058823529,6
2023_REG_06_WSH_ATL_20231015,32,0.4,5,0.5,9
2023_REG_07_ARI_SEA_20231022,1,0.16666666666666666,6,0.23529411764705882,6
2023_REG_07_ARI_SEA_20231022,28,0.6,5,0.5,6
2023_REG_07_ATL_TB_20231022,2,0.5,6,0.4117647058823529,6
2023_REG_07_ATL_TB_20231022,30,0.6,5,0.4444444444444444,6
2023_REG_07_BUF_NE_20231022,4,0.6666666666666666,6,0.7777777777777778,6
2023_REG_07_BUF_NE_20231022,22,0.16666666666666666,6,0.47058823529411764,6
2023_REG_07_CLE_IND_20231022,8,0.6,5,0.4117647058823529,6
2023_REG_07_CLE_IND_20231022,14,0.5,6,0.2647058823529412,6
2023_REG_07_DET_BAL_20231022,3,0.6666666666666666,6,0.5555555555555556,6
2023_REG_07_DET_BAL_20231022,11,0.8333333333333334,6,0.5294117647058824,6
2023_REG_07_GB_DEN_20231022,10,0.16666666666666666,6,0.29411764705882354,9
2023_REG_07_GB_DEN_20231022,12,0.4,5,0.47058823529411764,12
2023_REG_07_JAX_NO_20231019,15,0.6666666666666666,6,0.5263157894736842,3
2023_REG_07_JAX_NO_20231019,23,0.5,6,0.4117647058823529,3
2023_REG_07_LAC_KC_20231022,16,0.8333333333333334,6,0.85,9
2023_REG_07_LAC_KC_20231022,17,0.4,5,0.5555555555555556,5
2023_REG_07_LV_CHI_20231022,6,0.16666666666666666,6,0.17647058823529413,6
2023_REG_07_LV_CHI_20231022,19,0.5,6,0.35294117647058826,6
2023_REG_07_MIA_PHI_20231022,20,0.8333333333333334,6,0.5,6
2023_REG_07_MIA_PHI_20231022,26,0.8333333333333334,6,0.8,6
2023_REG_07_PIT_LAR_20231022,18,0.5,6,0.29411764705882354,6
2023_REG_07_PIT_LAR_20231022,27,0.6,5,0.5294117647058824,13
2023_REG_07_SF_MIN_20231023,21,0.3333333333333333,6,0.7222222222222222,7
2023_REG_07_SF_MIN_20231023,29,0.8333333333333334,6,0.75,7
2023_REG_07_WSH_NYG_20231022,24,0.16666666666666666,6,0.5526315789473685,6
2023_REG_07_WSH_NYG_20231022,32,0.5,6,0.5,6
2023_REG_08_ATL_TEN_20231029,2,0.5714285714285714,7,0.4117647058823529,6
2023_REG_08_ATL_TEN_20231029,31,0.3333333333333333,6,0.4117647058823529,13
2023_REG_08_BAL_ARI_20231029,1,0.14285714285714285,7,0.23529411764705882,6
2023_REG_08_BAL_ARI_20231029,3,0.7142857142857143,7,0.5555555555555556,6
2023_REG_08_CHI_LAC_20231029,6,0.2857142857142857,7,0.17647058823529413,6
2023_REG_08_CHI_LAC_20231029,17,0.3333333333333333,6,0.5555555555555556,6
2023_REG_08_CIN_SF_20231029,7,0.5,6,0.7368421052631579,13
2023_REG_08_CIN_SF_20231029,29,0.7142857142857143,7,0.75,5
2023_REG_08_CLE_SEA_20231029,8,0.6666666666666666,6,0.4117647058823529,6
2023_REG_08_CLE_SEA_20231029,28,0.6666666666666666,6,0.5,6
2023_REG_08_HOU_CAR_20231029,5,0.0,6,0.4117647058823529,13
2023_REG_08_HOU_CAR_20231029,13,0.5,6,0.20588235294117646,13
2023_REG_08_JAX_PIT_20231029,15,0.7142857142857143,7,0.5263157894736842,9
2023_REG_08_JAX_PIT_20231029,27,0.6666666666666666,6,0.5294117647058824,6
2023_REG_08_KC_DEN_20231029,10,0.2857142857142857,7,0.29411764705882354,6
2023_REG_08_KC_DEN_20231029,16,0.8571428571428571,7,0.85,6
2023_REG_08_LAR_DAL_20231029,9,0.6666666666666666,6,0.6842105263157895,12
2023_REG_08_LAR_DAL_20231029,18,0.42857142857142855,7,0.29411764705882354,6
2023_REG_08_LV_DET_20231030,11,0.7142857142857143,7,0.5294117647058824,7
2023_REG_08_LV_DET_20231030,19,0.42857142857142855,7,0.35294117647058826,7
2023_REG_08_MIN_GB_20231029,12,0.3333333333333333,6,0.47058823529411764,6
2023_REG_08_MIN_GB_20231029,21,0.42857142857142855,7,0.7222222222222222,5
2023_REG_08_NE_MIA_20231029,20,0.7142857142857143,7,0.5,6
2023_REG_08_NE_MIA_20231029,22,0.2857142857142857,7,0.47058823529411764,6
2023_REG_08_NO_IND_20231029,14,0.42857142857142855,7,0.2647058823529412,6
2023_REG_08_NO_IND_20231029,23,0.42857142857142855,7,0.4117647058823529,9
2023_REG_08_NYJ_NYG_20231029,24,0.2857142857142857,7,0.5526315789473685,6
2023_REG_08_NYJ_NYG_20231029,25,0.5,6,0.4117647058823529,13
2023_REG_08_PHI_WSH_20231029,26,0.8571428571428571,7,0.8,6
2023_REG_08_PHI_WSH_20231029,32,0.42857142857142855,7,0.5,6
2023_REG_08_TB_BUF_20231026,4,0.5714285714285714,7,0.7777777777777778,3
2023_REG_08_TB_BUF_20231026,30,0.5,6,0.4444444444444444,3
2023_REG_09_ARI_CLE_20231105,1,0.125,8,0.23529411764705882,6
2023_REG_09_ARI_CLE_20231105,8,0.5714285714285714,7,0.4117647058823529,6
2023_REG_09_BUF_CIN_20231105,4,0.625,8,0.7777777777777778,9
2023_REG_09_BUF_CIN_20231105,7,0.5714285714285714,7,0.7368421052631579,6
2023_REG_09_CHI_NO_20231105,6,0.25,8,0.17647058823529413,6
2023_REG_09_CHI_NO_20231105,23,0.5,8,0.4117647058823529,6
2023_REG_09_DAL_PHI_20231105,9,0.7142857142857143,7,0.6842105263157895,6
2023_REG_09_DAL_PHI_20231105,26,0.875,8,0.8,6
2023_REG_09_IND_CAR_20231105,5,0.14285714285714285,7,0.4117647058823529,6
2023_REG_09_IND_CAR_20231105,14,0.375,8,0.2647058823529412,6
2023_REG_09_LAC_NYJ_20231106,17,0.42857142857142855,7,0.5555555555555556,7
2023_REG_09_LAC_NYJ_20231106,25,0.5714285714285714,7,0.4117647058823529,7
2023_REG_09_LAR_GB_20231105,12,0.2857142857142857,7,0.47058823529411764,6
2023_REG_09_LAR_GB_20231105,18,0.375,8,0.29411764705882354,6
2023_REG_09_MIA_KC_20231105,16,0.75,8,0.85,6
2023_REG_09_MIA_KC_20231105,20,0.75,8,0.5,6
2023_REG_09_MIN_ATL_20231105,2,0.5,8,0.4117647058823529,6
2023_REG_09_MIN_ATL_20231105,21,0.5,8,0.7222222222222222,6
2023_REG_09_NYG_LV_20231105,19,0.375,8,0.35294117647058826,5
2023_REG_09_NYG_LV_20231105,24,0.25,8,0.5526315789473685,6
2023_REG_09_SEA_BAL_20231105,3,0.75,8,0.5555555555555556,6
2023_REG_09_SEA_BAL_20231105,28,0.7142857142857143,7,0.5,6
2023_REG_09_TB_HOU_20231105,13,0.42857142857142855,7,0.20588235294117646,6
2023_REG_09_TB_HOU_20231105,30,0.42857142857142855,7,0.4444444444444444,9
2023_REG_09_TEN_PIT_20231102,27,0.5714285714285714,7,0.5294117647058824,3
2023_REG_09_TEN_PIT_20231102,31,0.42857142857142855,7,0.4117647058823529,3
2023_REG_09_WSH_NE_20231105,22,0.25,8,0.47058823529411764,6
2023_REG_09_WSH_NE_20231105,32,0.375,8,0.5,6
2023_REG_10_ATL_ARI_20231112,1,0.1111111111111111,9,0.23529411764705882,6
2023_REG_10_ATL_ARI_20231112,2,0.4444444444444444,9,0.4117647058823529,6
2023_REG_10_CAR_CHI_20231109,5,0.125,8,0.4117647058823529,3
2023_REG_10_CAR_CHI_20231109,6,0.2222222222222222,9,0.17647058823529413,3
2023_REG_10_CLE_BAL_20231112,3,0.7777777777777778,9,0.5555555555555556,6
2023_REG_10_CLE_BAL_20231112,8,0.625,8,0.4117647058823529,6
2023_REG_10_DEN_BUF_20231113,4,0.5555555555555556,9,0.7777777777777778,7
2023_REG_10_DEN_BUF_20231113,10,0.375,8,0.29411764705882354,14
2023_REG_10_DET_LAC_20231112,11,0.75,8,0.5294117647058824,12
2023_REG_10_DET_LAC_20231112,17,0.5,8,0.5555555555555556,5
2023_REG_10_GB_PIT_20231112,12,0.375,8,0.47058823529411764,6
2023_REG_10_GB_PIT_20231112,27,0.625,8,0.5294117647058824,9
2023_REG_10_HOU_CIN_20231112,7,0.625,8,0.7368421052631579,6
2023_REG_10_HOU_CIN_20231112,13,0.5,8,0.20588235294117646,6
2023_REG_10_IND_NE_20231112,14,0.4444444444444444,9,0.2647058823529412,6
2023_REG_10_IND_NE_20231112,22,0.2222222222222222,9,0.47058823529411764,6
2023_REG_10_NO_MIN_20231112,21,0.5555555555555556,9,0.7222222222222222,6
2023_REG_10_NO_MIN_20231112,23,0.5555555555555556,9,0.4117647058823529,6
2023_REG_10_NYG_DAL_20231112,9,0.625,8,0.6842105263157895,6
2023_REG_10_NYG_DAL_20231112,24,0.2222222222222222,9,0.5526315789473685,6
2023_REG_10_NYJ_LV_20231112,19,0.4444444444444444,9,0.35294117647058826,6
2023_REG_10_NYJ_LV_20231112,25,0.5,8,0.4117647058823529,5
2023_REG_10_SF_JAX_20231112,15,0.75,8,0.5263157894736842,13
2023_REG_10_SF_JAX_20231112,29,0.625,8,0.75,13
2023_REG_10_TEN_TB_20231112,30,0.375,8,0.4444444444444444,6
2023_REG_10_TEN_TB_20231112,31,0.375,8,0.4117647058823529,9
2023_REG_10_WSH_SEA_20231112,28,0.625,8,0.5,6
2023_REG_10_WSH_SEA_20231112,32,0.4444444444444444,9,0.5,6
2023_REG_11_ARI_HOU_20231119,1,0.2,10,0.23529411764705882,6
2023_REG_11_ARI_HOU_20231119,13,0.5555555555555556,9,0.20588235294117646,6
2023_REG_11_CHI_DET_20231119,6,0.3,10,0.17647058823529413,9
2023_REG_11_CHI_DET_20231119,11,0.7777777777777778,9,0.5294117647058824,6
2023_REG_11_CIN_BAL_20231116,3,0.7,10,0.5555555555555556,3
2023_REG_11_CIN_BAL_20231116,7,0.5555555555555556,9,0.7368421052631579,3
2023_REG_11_DAL_CAR_20231119,5,0.1111111111111111,9,0.4117647058823529,9
2023_REG_11_DAL_CAR_20231119,9,0.6666666666666666,9,0.6842105263157895,6
2023_REG_11_LAC_GB_20231119,12,0.3333333333333333,9,0.47058823529411764,6
2023_REG_11_LAC_GB_20231119,17,0.4444444444444444,9,0.5555555555555556,6
2023_REG_11_LV_MIA_20231119,19,0.5,10,0.35294117647058826,6
2023_REG_11_LV_MIA_20231119,20,0.6666666666666666,9,0.5,13
2023_REG_11_MIN_DEN_20231119,10,0.4444444444444444,9,0.29411764705882354,5
2023_REG_11_MIN_DEN_20231119,21,0.6,10,0.7222222222222222,6
2023_REG_11_NYG_WSH_20231119,24,0.2,10,0.5526315789473685,6
2023_REG_11_NYG_WSH_20231119,32,0.4,10,0.5,6
2023_REG_11_NYJ_BUF_20231119,4,0.5,10,0.7777777777777778,5
2023_REG_11_NYJ_BUF_20231119,25,0.4444444444444444,9,0.4117647058823529,6
2023_REG_11_PHI_KC_20231120,16,0.7777777777777778,9,0.85,14
2023_REG_11_PHI_KC_20231120,26,0.8888888888888888,9,0.8,14
2023_REG_11_PIT_CLE_20231119,8,0.6666666666666666,9,0.4117647058823529,6
2023_REG_11_PIT_CLE_20231119,27,0.6666666666666666,9,0.5294117647058824,6
2023_REG_11_SEA_LAR_20231119,18,0.3333333333333333,9,0.29411764705882354,13
2023_REG_11_SEA_LAR_20231119,28,0.6666666666666666,9,0.5,6
2023_REG_11_TB_SF_20231119,29,0.6666666666666666,9,0.75,6
2023_REG_11_TB_SF_20231119,30,0.4444444444444444,9,0.4444444444444444,6
2023_REG_11_TEN_JAX_20231119,15,0.6666666666666666,9,0.5263157894736842,6
2023_REG_11_TEN_JAX_20231119,31,0.3333333333333333,9,0.4117647058823529,6
2023_REG_12_BAL_LAC_20231126,3,0.7272727272727273,11,0.5555555555555556,9
2023_REG_12_BAL_LAC_20231126,17,0.4,10,0.5555555555555556,6
2023_REG_12_BUF_PHI_20231126,4,0.5454545454545454,11,0.7777777777777778,6
2023_REG_12_BUF_PHI_20231126,26,0.9,10,0.8,5
2023_REG_12_CAR_TEN_20231126,5,0.1,10,0.4117647058823529,6
2023_REG_12_CAR_TEN_20231126,31,0.3,10,0.4117647058823529,6
2023_REG_12_CHI_MIN_20231127,6,0.2727272727272727,11,0.17647058823529413,7
2023_REG_12_CHI_MIN_20231127,21,0.5454545454545454,11,0.7222222222222222,7
2023_REG_12_CLE_DEN_20231126,8,0.7,10,0.4117647058823529,6
2023_REG_12_CLE_DEN_20231126,10,0.5,10,0.29411764705882354,6
2023_REG_12_GB_DET_20231123,11,0.8,10,0.5294117647058824,3
2023_REG_12_GB_DET_20231123,12,0.4,10,0.47058823529411764,3
2023_REG_12_JAX_HOU_20231126,13,0.6,10,0.20588235294117646,6
2023_REG_12_JAX_HOU_20231126,15,0.7,10,0.5263157894736842,6
2023_REG_12_KC_LV_20231126,16,0.7,10,0.85,5
2023_REG_12_KC_LV_20231126,19,0.45454545454545453,11,0.35294117647058826,6
2023_REG_12_LAR_ARI_20231126,1,0.18181818181818182,11,0.23529411764705882,6
2023_REG_12_LAR_ARI_20231126,18,0.4,10,0.29411764705882354,6
2023_REG_12_MIA_NYJ_20231124,20,0.7,10,0.5,4
2023_REG_12_MIA_NYJ_20231124,25,0.4,10,0.4117647058823529,4
2023_REG_12_NE_NYG_20231126,22,0.2,10,0.47058823529411764,13
2023_REG_12_NE_NYG_20231126,24,0.2727272727272727,11,0.5526315789473685,6
2023_REG_12_NO_ATL_20231126,2,0.4,10,0.4117647058823529,13
2023_REG_12_NO_ATL_20231126,23,0.5,10,0.4117647058823529,13
2023_REG_12_PIT_CIN_20231126,7,0.5,10,0.7368421052631579,9
2023_REG_12_PIT_CIN_20231126,27,0.6,10,0.5294117647058824,6
2023_REG_12_SF_SEA_20231123,28,0.6,10,0.5,3
2023_REG_12_SF_SEA_20231123,29,0.7,10,0.75,3
2023_REG_12_TB_IND_20231126,14,0.5,10,0.2647058823529412,13
2023_REG_12_TB_IND_20231126,30,0.4,10,0.4444444444444444,6
2023_REG_12_WSH_DAL_20231123,9,0.7,10,0.6842105263157895,3
2023_REG_12_WSH_DAL_20231123,32,0.36363636363636365,11,0.5,3
2023_REG_13_ARI_PIT_20231203,1,0.16666666666666666,12,0.23529411764705882,6
2023_REG_13_ARI_PIT_20231203,27,0.6363636363636364,11,0.5294117647058824,6
2023_REG_13_ATL_NYJ_20231203,2,0.45454545454545453,11,0.4117647058823529,6
2023_REG_13_ATL_NYJ_20231203,25,0.36363636363636365,11,0.4117647058823529,8
2023_REG_13_CAR_TB_20231203,5,0.09090909090909091,11,0.4117647058823529,6
2023_REG_13_CAR_TB_20231203,30,0.36363636363636365,11,0.4444444444444444,6
2023_REG_13_CIN_JAX_20231204,7,0.45454545454545453,11,0.7368421052631579,7
2023_REG_13_CIN_JAX_20231204,15,0.7272727272727273,11,0.5263157894736842,7
2023_REG_13_CLE_LAR_20231203,8,0.6363636363636364,11,0.4117647058823529,6
2023_REG_13_CLE_LAR_20231203,18,0.45454545454545453,11,0.29411764705882354,6
2023_REG_13_DEN_HOU_20231203,10,0.5454545454545454,11,0.29411764705882354,6
2023_REG_13_DEN_HOU_20231203,13,0.5454545454545454,11,0.20588235294117646,6
2023_REG_13_DET_NO_20231203,11,0.7272727272727273,11,0.5294117647058824,9
2023_REG_13_DET_NO_20231203,23,0.45454545454545453,11,0.4117647058823529,6
2023_REG_13_IND_TEN_20231203,14,0.5454545454545454,11,0.2647058823529412,6
2023_REG_13_IND_TEN_20231203,31,0.36363636363636365,11,0.4117647058823529,6
2023_REG_13_KC_GB_20231203,12,0.45454545454545453,11,0.47058823529411764,9
2023_REG_13_KC_GB_20231203,16,0.7272727272727273,11,0.85,6
2023_REG_13_LAC_NE_20231203,17,0.36363636363636365,11,0.5555555555555556,6
2023_REG_13_LAC_NE_20231203,22,0.18181818181818182,11,0.47058823529411764,6
2023_REG_13_MIA_WSH_20231203,20,0.7272727272727273,11,0.5,8
2023_REG_13_MIA_WSH_20231203,32,0.3333333333333333,12,0.5,9
2023_REG_13_SEA_DAL_20231130,9,0.7272727272727273,11,0.6842105263157895,6
2023_REG_13_SEA_DAL_20231130,28,0.5454545454545454,11,0.5,6
2023_REG_13_SF_PHI_20231203,26,0.9090909090909091,11,0.8,6
2023_REG_13_SF_PHI_20231203,29,0.7272727272727273,11,0.75,9
2023_REG_14_BUF_KC_20231210,4,0.5,12,0.7777777777777778,13
2023_REG_14_BUF_KC_20231210,16,0.6666666666666666,12,0.85,6
2023_REG_14_CAR_NO_20231210,5,0.08333333333333333,12,0.4117647058823529,6
2023_REG_14_CAR_NO_20231210,23,0.4166666666666667,12,0.4117647058823529,6
2023_REG_14_DEN_LAC_20231210,10,0.5,12,0.29411764705882354,6
2023_REG_14_DEN_LAC_20231210,17,0.4166666666666667,12,0.5555555555555556,6
2023_REG_14_DET_CHI_20231210,6,0.3333333333333333,12,0.17647058823529413,12
2023_REG_14_DET_CHI_20231210,11,0.75,12,0.5294117647058824,6
2023_REG_14_GB_NYG_20231211,12,0.5,12,0.47058823529411764,7
2023_REG_14_GB_NYG_20231211,24,0.3333333333333333,12,0.5526315789473685,14
2023_REG_14_HOU_NYJ_20231210,13,0.5833333333333334,12,0.20588235294117646,6
2023_REG_14_HOU_NYJ_20231210,25,0.3333333333333333,12,0.4117647058823529,6
2023_REG_14_IND_CIN_20231210,7,0.5,12,0.7368421052631579,5
2023_REG_14_IND_CIN_20231210,14,0.5833333333333334,12,0.2647058823529412,6
2023_REG_14_JAX_CLE_20231210,8,0.5833333333333334,12,0.4117647058823529,6
2023_REG_14_JAX_CLE_20231210,15,0.6666666666666666,12,0.5263157894736842,5
2023_REG_14_LAR_BAL_20231210,3,0.75,12,0.5555555555555556,13
2023_REG_14_LAR_BAL_20231210,18,0.5,12,0.29411764705882354,6
2023_REG_14_MIN_LV_20231210,19,0.4166666666666667,12,0.35294117647058826,13
2023_REG_14_MIN_LV_20231210,21,0.5,12,0.7222222222222222,12
2023_REG_14_NE_PIT_20231207,22,0.16666666666666666,12,0.47058823529411764,3
2023_REG_14_NE_PIT_20231207,27,0.5833333333333334,12,0.5294117647058824,3
2023_REG_14_PHI_DAL_20231210,9,0.75,12,0.6842105263157895,9
2023_REG_14_PHI_DAL_20231210,26,0.8333333333333334,12,0.8,6
2023_REG_14_SEA_SF_20231210,28,0.5,12,0.5,9
2023_REG_14_SEA_SF_20231210,29,0.75,12,0.75,6
2023_REG_14_TB_ATL_20231210,2,0.5,12,0.4117647058823529,6
2023_REG_14_TB_ATL_20231210,30,0.4166666666666667,12,0.4444444444444444,6
2023_REG_14_TEN_MIA_20231211,20,0.75,12,0.5,7
2023_REG_14_TEN_MIA_20231211,31,0.3333333333333333,12,0.4117647058823529,7
2023_REG_15_ATL_CAR_20231217,2,0.46153846153846156,13,0.4117647058823529,6
2023_REG_15_ATL_CAR_20231217,5,0.07692307692307693,13,0.4117647058823529,6
2023_REG_15_BAL_JAX_20231217,3,0.7692307692307693,13,0.5555555555555556,6
2023_REG_15_BAL_JAX_20231217,15,0.6153846153846154,13,0.5263157894736842,6
2023_REG_15_CHI_CLE_20231217,6,0.38461538461538464,13,0.17647058823529413,6
2023_REG_15_CHI_CLE_20231217,8,0.6153846153846154,13,0.4117647058823529,6
2023_REG_15_DAL_BUF_20231217,4,0.5384615384615384,13,0.7777777777777778,6
2023_REG_15_DAL_BUF_20231217,9,0.7692307692307693,13,0.6842105263157895,6
2023_REG_15_DEN_DET_20231216,10,0.5384615384615384,13,0.29411764705882354,5
2023_REG_15_DEN_DET_20231216,11,0.6923076923076923,13,0.5294117647058824,5
2023_REG_15_HOU_TEN_20231217,13,0.5384615384615384,13,0.20588235294117646,6
2023_REG_15_HOU_TEN_20231217,31,0.38461538461538464,13,0.4117647058823529,5
2023_REG_15_KC_NE_20231217,16,0.6153846153846154,13,0.85,6
2023_REG_15_KC_NE_20231217,22,0.23076923076923078,13,0.47058823529411764,9
2023_REG_15_LAC_LV_20231214,17,0.38461538461538464,13,0.5555555555555556,3
2023_REG_15_LAC_LV_20231214,19,0.38461538461538464,13,0.35294117647058826,3
2023_REG_15_MIN_CIN_20231216,7,0.5384615384615384,13,0.7368421052631579,5
2023_REG_15_MIN_CIN_20231216,21,0.5384615384615384,13,0.7222222222222222,5
2023_REG_15_NYG_NO_20231217,23,0.46153846153846156,13,0.4117647058823529,6
2023_REG_15_NYG_NO_20231217,24,0.38461538461538464,13,0.5526315789473685,5
2023_REG_15_NYJ_MIA_20231217,20,0.6923076923076923,13,0.5,5
2023_REG_15_NYJ_MIA_20231217,25,0.38461538461538464,13,0.4117647058823529,6
2023_REG_15_PHI_SEA_20231218,26,0.7692307692307693,13,0.8,7
2023_REG_15_PHI_SEA_20231218,28,0.46153846153846156,13,0.5,7
2023_REG_15_PIT_IND_20231216,14,0.5384615384615384,13,0.2647058823529412,5
2023_REG_15_PIT_IND_20231216,27,0.5384615384615384,13,0.5294117647058824,8
2023_REG_15_SF_ARI_20231217,1,0.23076923076923078,13,0.23529411764705882,13
2023_REG_15_SF_ARI_20231217,29,0.7692307692307693,13,0.75,6
2023_REG_15_TB_GB_20231217,12,0.46153846153846156,13,0.47058823529411764,5
2023_REG_15_TB_GB_20231217,30,0.46153846153846156,13,0.4444444444444444,6
2023_REG_15_WSH_LAR_20231217,18,0.46153846153846156,13,0.29411764705882354,6
2023_REG_15_WSH_LAR_20231217,32,0.3076923076923077,13,0.5,13
2023_REG_16_ARI_CHI_20231224,1,0.21428571428571427,14,0.23529411764705882,6
2023_REG_16_ARI_CHI_20231224,6,0.35714285714285715,14,0.17647058823529413,6
2023_REG_16_BAL_SF_20231225,3,0.7857142857142857,14,0.5555555555555556,7
2023_REG_16_BAL_SF_20231225,29,0.7857142857142857,14,0.75,7
2023_REG_16_BUF_LAC_20231223,4,0.5714285714285714,14,0.7777777777777778,5
2023_REG_16_BUF_LAC_20231223,17,0.35714285714285715,14,0.5555555555555556,8
2023_REG_16_CIN_PIT_20231223,7,0.5714285714285714,14,0.7368421052631579,6
2023_REG_16_CIN_PIT_20231223,27,0.5,14,0.5294117647058824,6
2023_REG_16_CLE_HOU_20231224,8,0.6428571428571429,14,0.4117647058823529,6
2023_REG_16_CLE_HOU_20231224,13,0.5714285714285714,14,0.20588235294117646,6
2023_REG_16_DAL_MIA_20231224,9,0.7142857142857143,14,0.6842105263157895,6
2023_REG_16_DAL_MIA_20231224,20,0.7142857142857143,14,0.5,6
2023_REG_16_DET_MIN_20231224,11,0.7142857142857143,14,0.5294117647058824,7
2023_REG_16_DET_MIN_20231224,21,0.5,14,0.7222222222222222,7
2023_REG_16_GB_CAR_20231224,5,0.14285714285714285,14,0.4117647058823529,6
2023_REG_16_GB_CAR_20231224,12,0.42857142857142855,14,0.47058823529411764,6
2023_REG_16_IND_ATL_20231224,2,0.42857142857142855,14,0.4117647058823529,6
2023_REG_16_IND_ATL_20231224,14,0.5714285714285714,14,0.2647058823529412,7
2023_REG_16_JAX_TB_20231224,15,0.5714285714285714,14,0.5263157894736842,6
2023_REG_16_JAX_TB_20231224,30,0.5,14,0.4444444444444444,6
2023_REG_16_LV_KC_20231225,16,0.6428571428571429,14,0.85,7
2023_REG_16_LV_KC_20231225,19,0.42857142857142855,14,0.35294117647058826,10
2023_REG_16_NE_DEN_20231224,10,0.5,14,0.29411764705882354,7
2023_REG_16_NE_DEN_20231224,22,0.21428571428571427,14,0.47058823529411764,6
2023_REG_16_NO_LAR_20231221,18,0.5,14,0.29411764705882354,3
2023_REG_16_NO_LAR_20231221,23,0.5,14,0.4117647058823529,3
2023_REG_16_NYG_PHI_20231225,24,0.35714285714285715,14,0.5526315789473685,7
2023_REG_16_NYG_PHI_20231225,26,0.7142857142857143,14,0.8,6
2023_REG_16_SEA_TEN_20231224,28,0.5,14,0.5,5
2023_REG_16_SEA_TEN_20231224,31,0.35714285714285715,14,0.4117647058823529,6
2023_REG_16_WSH_NYJ_20231224,25,0.35714285714285715,14,0.4117647058823529,6
2023_REG_16_WSH_NYJ_20231224,32,0.2857142857142857,14,0.5,6
2023_REG_17_ARI_PHI_20231231,1,0.2,15,0.23529411764705882,6
2023_REG_17_ARI_PHI_20231231,26,0.7333333333333333,15,0.8,5
2023_REG_17_ATL_CHI_20231231,2,0.4666666666666667,15,0.4117647058823529,6
2023_REG_17_ATL_CHI_20231231,6,0.4,15,0.17647058823529413,6
2023_REG_17_CAR_JAX_20231231,5,0.13333333333333333,15,0.4117647058823529,6
2023_REG_17_CAR_JAX_20231231,15,0.5333333333333333,15,0.5263157894736842,6
2023_REG_17_CIN_KC_20231231,7,0.5333333333333333,15,0.7368421052631579,7
2023_REG_17_CIN_KC_20231231,16,0.6,15,0.85,5
2023_REG_17_DET_DAL_20231230,9,0.6666666666666666,15,0.6842105263157895,5
2023_REG_17_DET_DAL_20231230,11,0.7333333333333333,15,0.5294117647058824,5
2023_REG_17_GB_MIN_20231231,12,0.4666666666666667,15,0.47058823529411764,6
2023_REG_17_GB_MIN_20231231,21,0.4666666666666667,15,0.7222222222222222,6
2023_REG_17_LAC_DEN_20231231,10,0.4666666666666667,15,0.29411764705882354,6
2023_REG_17_LAC_DEN_20231231,17,0.3333333333333333,15,0.5555555555555556,7
2023_REG_17_LAR_NYG_20231231,18,0.5333333333333333,15,0.29411764705882354,9
2023_REG_17_LAR_NYG_20231231,24,0.3333333333333333,15,0.5526315789473685,5
2023_REG_17_LV_IND_20231231,14,0.5333333333333333,15,0.2647058823529412,6
2023_REG_17_LV_IND_20231231,19,0.4666666666666667,15,0.35294117647058826,5
2023_REG_17_MIA_BAL_20231231,3,0.8,15,0.5555555555555556,5
2023_REG_17_MIA_BAL_20231231,20,0.7333333333333333,15,0.5,6
2023_REG_17_NE_BUF_20231231,4,0.6,15,0.7777777777777778,7
2023_REG_17_NE_BUF_20231231,22,0.26666666666666666,15,0.47058823529411764,6
2023_REG_17_NO_TB_20231231,23,0.4666666666666667,15,0.4117647058823529,9
2023_REG_17_NO_TB_20231231,30,0.5333333333333333,15,0.4444444444444444,6
2023_REG_17_NYJ_CLE_20231228,8,0.6666666666666666,15,0.4117647058823529,3
2023_REG_17_NYJ_CLE_20231228,25,0.4,15,0.4117647058823529,3
2023_REG_17_PIT_SEA_20231231,27,0.5333333333333333,15,0.5294117647058824,7
2023_REG_17_PIT_SEA_20231231,28,0.5333333333333333,15,0.5,6
2023_REG_17_SF_WSH_20231231,29,0.7333333333333333,15,0.75,5
2023_REG_17_SF_WSH_20231231,32,0.26666666666666666,15,0.5,6
2023_REG_17_TEN_HOU_20231231,13,0.5333333333333333,15,0.20588235294117646,6
2023_REG_17_TEN_HOU_20231231,31,0.3333333333333333,15,0.4117647058823529,6
2023_REG_18_ATL_NO_20240107,2,0.4375,16,0.4117647058823529,6
2023_REG_18_ATL_NO_20240107,23,0.5,16,0.4117647058823529,6
2023_REG_18_BUF_MIA_20240107,4,0.625,16,0.7777777777777778,6
2023_REG_18_BUF_MIA_20240107,20,0.6875,16,0.5,6
2023_REG_18_CHI_GB_20240107,6,0.4375,16,0.17647058823529413,6
2023_REG_18_CHI_GB_20240107,12,0.5,16,0.47058823529411764,6
2023_REG_18_CLE_CIN_20240107,7,0.5,16,0.7368421052631579,6
2023_REG_18_CLE_CIN_20240107,8,0.6875,16,0.4117647058823529,9
2023_REG_18_DAL_WSH_20240107,9,0.6875,16,0.6842105263157895,7
2023_REG_18_DAL_WSH_20240107,32,0.25,16,0.5,6
2023_REG_18_DEN_LV_20240107,10,0.5,16,0.29411764705882354,6
2023_REG_18_DEN_LV_20240107,19,0.4375,16,0.35294117647058826,6
2023_REG_18_HOU_IND_20240106,13,0.5625,16,0.20588235294117646,5
2023_REG_18_HOU_IND_20240106,14,0.5625,16,0.2647058823529412,5
2023_REG_18_JAX_TEN_20240107,15,0.5625,16,0.5263157894736842,6
2023_REG_18_JAX_TEN_20240107,31,0.3125,16,0.4117647058823529,6
2023_REG_18_KC_LAC_20240107,16,0.625,16,0.85,6
2023_REG_18_KC_LAC_20240107,17,0.3125,16,0.5555555555555556,6
2023_REG_18_LAR_SF_20240107,18,0.5625,16,0.29411764705882354,6
2023_REG_18_LAR_SF_20240107,29,0.75,16,0.75,6
2023_REG_18_MIN_DET_20240107,11,0.6875,16,0.5294117647058824,7
2023_REG_18_MIN_DET_20240107,21,0.4375,16,0.7222222222222222,6
2023_REG_18_NYJ_NE_20240107,22,0.25,16,0.47058823529411764,6
2023_REG_18_NYJ_NE_20240107,25,0.375,16,0.4117647058823529,9
2023_REG_18_PHI_NYG_20240107,24,0.3125,16,0.5526315789473685,6
2023_REG_18_PHI_NYG_20240107,26,0.6875,16,0.8,6
2023_REG_18_PIT_BAL_20240106,3,0.8125,16,0.5555555555555556,5
2023_REG_18_PIT_BAL_20240106,27,0.5625,16,0.5294117647058824,5
2023_REG_18_SEA_ARI_20240107,1,0.25,16,0.23529411764705882,6
2023_REG_18_SEA_ARI_20240107,28,0.5,16,0.5,6
2023_REG_18_TB_CAR_20240107,5,0.125,16,0.4117647058823529,6
2023_REG_18_TB_CAR_20240107,30,0.5,16,0.4444444444444444,6
2024_CON_21_BUF_KC_20250126,4,0.7894736842105263,19,0.631578947368421,6
2024_CON_21_BUF_KC_20250126,16,0.8888888888888888,18,0.7142857142857143,7
2024_CON_21_WSH_PHI_20250126,26,0.8421052631578947,19,0.6111111111111112,6
2024_CON_21_WSH_PHI_20250126,32,0.7368421052631579,19,0.23529411764705882,7
2024_POST_19_DEN_BUF_20250112,4,0.7647058823529411,17,0.631578947368421,6
2024_POST_19_DEN_BUF_20250112,10,0.5882352941176471,17,0.47058823529411764,6
2024_POST_19_GB_PHI_20250112,12,0.6470588235294118,17,0.5263157894736842,6
2024_POST_19_GB_PHI_20250112,26,0.8235294117647058,17,0.6111111111111112,6
2024_POST_19_LAC_HOU_20250111,13,0.5882352941176471,17,0.5789473684210527,5
2024_POST_19_LAC_HOU_20250111,17,0.6470588235294118,17,0.29411764705882354,5
2024_POST_19_MIN_LAR_20250113,18,0.5882352941176471,17,0.5555555555555556,7
2024_POST_19_MIN_LAR_20250113,21,0.8235294117647058,17,0.4117647058823529,7
2024_POST_19_PIT_BAL_20250111,3,0.7058823529411765,17,0.7368421052631579,6
2024_POST_19_PIT_BAL_20250111,27,0.5882352941176471,17,0.5555555555555556,6
2024_POST_19_WSH_TB_20250112,30,0.5882352941176471,17,0.5263157894736842,6
2024_POST_19_WSH_TB_20250112,32,0.7058823529411765,17,0.23529411764705882,6
2024_POST_20_BAL_BUF_20250119,3,0.7222222222222222,18,0.7368421052631579,7
2024_POST_20_BAL_BUF_20250119,4,0.7777777777777778,18,0.631578947368421,6
2024_POST_20_HOU_KC_20250118,13,0.6111111111111112,18,0.5789473684210527,6
2024_POST_20_HOU_KC_20250118,16,0.8823529411764706,17,0.7142857142857143,12
2024_POST_20_LAR_PHI_20250119,18,0.6111111111111112,18,0.5555555555555556,5
2024_POST_20_LAR_PHI_20250119,26,0.8333333333333334,18,0.6111111111111112,6
2024_POST_20_WSH_DET_20250118,11,0.8823529411764706,17,0.7,12
2024_POST_20_WSH_DET_20250118,32,0.7222222222222222,18,0.23529411764705882,5
2024_POST_22_KC_PHI_20250209,16,0.8947368421052632,19,0.7142857142857143,13
2024_POST_22_KC_PHI_20250209,26,0.85,20,0.6111111111111112,13
2024_REG_01_ARI_BUF_20240908,1,,0,0.23529411764705882,244
2024_REG_01_ARI_BUF_20240908,4,,0,0.631578947368421,230
2024_REG_01_BAL_KC_20240905,3,,0,0.7368421052631579,220
2024_REG_01_BAL_KC_20240905,16,,0,0.7142857142857143,206
2024_REG_01_CAR_NO_20240908,5,,0,0.11764705882352941,244
2024_REG_01_CAR_NO_20240908,23,,0,0.5294117647058824,244
2024_REG_01_DAL_CLE_20240908,8,,0,0.6111111111111112,238
2024_REG_01_DAL_CLE_20240908,9,,0,0.6666666666666666,237
2024_REG_01_DEN_SEA_20240908,10,,0,0.47058823529411764,244
2024_REG_01_DEN_SEA_20240908,28,,0,0.5294117647058824,244
2024_REG_01_GB_PHI_20240906,12,,0,0.5263157894736842,229
2024_REG_01_GB_PHI_20240906,26,,0,0.6111111111111112,234
2024_REG_01_HOU_IND_20240908,13,,0,0.5789473684210527,231
2024_REG_01_HOU_IND_20240908,14,,0,0.5294117647058824,245
2024_REG_01_JAX_MIA_20240908,15,,0,0.5294117647058824,244
2024_REG_01_JAX_MIA_20240908,20,,0,0.6111111111111112,238
2024_REG_01_LAR_DET_20240908,11,,0,0.7,223
2024_REG_01_LAR_DET_20240908,18,,0,0.5555555555555556,237
2024_REG_01_LV_LAC_20240908,17,,0,0.29411764705882354,244
2024_REG_01_LV_LAC_20240908,19,,0,0.47058823529411764,244
2024_REG_01_MIN_NYG_20240908,21,,0,0.4117647058823529,244
2024_REG_01_MIN_NYG_20240908,24,,0,0.35294117647058826,244
2024_REG_01_NE_CIN_20240908,7,,0,0.5294117647058824,244
2024_REG_01_NE_CIN_20240908,22,,0,0.23529411764705882,244
2024_REG_01_NYJ_SF_20240909,25,,0,0.4117647058823529,245
2024_REG_01_NYJ_SF_20240909,29,,0,0.7,210
2024_REG_01_PIT_ATL_20240908,2,,0,0.4117647058823529,244
2024_REG_01_PIT_ATL_20240908,27,,0,0.5555555555555556,236
2024_REG_01_TEN_CHI_20240908,6,,0,0.4117647058823529,244
2024_REG_01_TEN_CHI_20240908,31,,0,0.35294117647058826,244
2024_REG_01_WSH_TB_20240908,30,,0,0.5263157894736842,230
2024_REG_01_WSH_TB_20240908,32,,0,0.23529411764705882,244
2024_REG_02_ATL_PHI_20240916,2,0.0,1,0.4117647058823529,7
2024_REG_02_ATL_PHI_20240916,26,1.0,1,0.6111111111111112,9
2024_REG_02_BUF_MIA_20240912,4,1.0,1,0.631578947368421,3
2024_REG_02_BUF_MIA_20240912,20,1.0,1,0.6111111111111112,3
2024_REG_02_CHI_HOU_20240915,6,1.0,1,0.4117647058823529,6
2024_REG_02_CHI_HOU_20240915,13,1.0,1,0.5789473684210527,6
2024_REG_02_CIN_KC_20240915,7,0.0,1,0.5294117647058824,6
2024_REG_02_CIN_KC_20240915,16,1.0,1,0.7142857142857143,9
2024_REG_02_CLE_JAX_20240915,8,0.0,1,0.6111111111111112,6
2024_REG_02_CLE_JAX_20240915,15,0.0,1,0.5294117647058824,6
2024_REG_02_IND_GB_20240915,12,0.0,1,0.5263157894736842,8
2024_REG_02_IND_GB_20240915,14,0.0,1,0.5294117647058824,6
2024_REG_02_LAC_CAR_20240915,5,0.0,1,0.11764705882352941,6
2024_REG_02_LAC_CAR_20240915,17,1.0,1,0.29411764705882354,6
2024_REG_02_LAR_ARI_20240915,1,0.0,1,0.23529411764705882,6
2024_REG_02_LAR_ARI_20240915,18,0.0,1,0.5555555555555556,6
2024_REG_02_LV_BAL_20240915,3,0.0,1,0.7368421052631579,9
2024_REG_02_LV_BAL_20240915,19,0.0,1,0.47058823529411764,6
2024_REG_02_NO_DAL_20240915,9,1.0,1,0.6666666666666666,6
2024_REG_02_NO_DAL_20240915,23,1.0,1,0.5294117647058824,6
2024_REG_02_NYG_WSH_20240915,24,0.0,1,0.35294117647058826,6
2024_REG_02_NYG_WSH_20240915,32,0.0,1,0.23529411764705882,6
2024_REG_02_NYJ_TEN_20240915,25,0.0,1,0.4117647058823529,5
2024_REG_02_NYJ_TEN_20240915,31,0.0,1,0.35294117647058826,6
2024_REG_02_PIT_DEN_20240915,10,0.0,1,0.47058823529411764,6
2024_REG_02_PIT_DEN_20240915,27,1.0,1,0.5555555555555556,6
2024_REG_02_SEA_NE_20240915,22,1.0,1,0.23529411764705882,6
2024_REG_02_SEA_NE_20240915,28,1.0,1,0.5294117647058824,6
2024_REG_02_SF_MIN_20240915,21,1.0,1,0.4117647058823529,6
2024_REG_02_SF_MIN_20240915,29,1.0,1,0.7,5
2024_REG_02_TB_DET_20240915,11,1.0,1,0.7,6
2024_REG_02_TB_DET_20240915,30,1.0,1,0.5263157894736842,6
2024_REG_03_BAL_DAL_20240922,3,0.0,2,0.7368421052631579,6
2024_REG_03_BAL_DAL_20240922,9,0.5,2,0.6666666666666666,6
2024_REG_03_CAR_LV_20240922,5,0.0,2,0.11764705882352941,6
2024_REG_03_CAR_LV_20240922,19,0.5,2,0.47058823529411764,6
2024_REG_03_CHI_IND_20240922,6,0.5,2,0.4117647058823529,6
2024_REG_03_CHI_IND_20240922,14,0.0,2,0.5294117647058824,6
2024_REG_03_DEN_TB_20240922,10,0.0,2,0.47058823529411764,6
2024_REG_03_DEN_TB_20240922,30,1.0,2,0.5263157894736842,6
2024_REG_03_DET_ARI_20240922,1,0.5,2,0.23529411764705882,6
2024_REG_03_DET_ARI_20240922,11,0.5,2,0.7,6
2024_REG_03_GB_TEN_20240922,12,0.5,2,0.5263157894736842,6
2024_REG_03_GB_TEN_20240922,31,0.0,2,0.35294117647058826,6
2024_REG_03_HOU_MIN_20240922,13,1.0,2,0.5789473684210527,6
2024_REG_03_HOU_MIN_20240922,21,1.0,2,0.4117647058823529,6
2024_REG_03_JAX_BUF_20240923,4,1.0,2,0.631578947368421,10
2024_REG_03_JAX_BUF_20240923,15,0.0,2,0.5294117647058824,7
2024_REG_03_KC_ATL_20240922,2,0.5,2,0.4117647058823529,5
2024_REG_03_KC_ATL_20240922,16,1.0,2,0.7142857142857143,6
2024_REG_03_LAC_PIT_20240922,17,1.0,2,0.29411764705882354,6
2024_REG_03_LAC_PIT_20240922,27,1.0,2,0.5555555555555556,6
2024_REG_03_MIA_SEA_20240922,20,0.5,2,0.6111111111111112,9
2024_REG_03_MIA_SEA_20240922,28,1.0,2,0.5294117647058824,6
2024_REG_03_NE_NYJ_20240919,22,0.5,2,0.23529411764705882,3
2024_REG_03_NE_NYJ_20240919,25,0.5,2,0.4117647058823529,3
2024_REG_03_NYG_CLE_20240922,8,0.5,2,0.6111111111111112,6
2024_REG_03_NYG_CLE_20240922,24,0.0,2,0.35294117647058826,6
2024_REG_03_PHI_NO_20240922,23,1.0,2,0.5294117647058824,6
2024_REG_03_PHI_NO_20240922,26,0.5,2,0.6111111111111112,5
2024_REG_03_SF_LAR_20240922,18,0.0,2,0.5555555555555556,6
2024_REG_03_SF_LAR_20240922,29,0.5,2,0.7,6
2024_REG_03_WSH_CIN_20240923,7,0.0,2,0.5294117647058824,7
2024_REG_03_WSH_CIN_20240923,32,0.5,2,0.23529411764705882,7
2024_REG_04_BUF_BAL_20240929,3,0.3333333333333333,3,0.7368421052631579,6
2024_REG_04_BUF_BAL_20240929,4,1.0,3,0.631578947368421,5
2024_REG_04_CIN_CAR_20240929,5,0.3333333333333333,3,0.11764705882352941,6
2024_REG_04_CIN_CAR_20240929,7,0.0,3,0.5294117647058824,5
2024_REG_04_CLE_LV_20240929,8,0.3333333333333333,3,0.6111111111111112,6
2024_REG_04_CLE_LV_20240929,19,0.3333333333333333,3,0.47058823529411764,6
2024_REG_04_DAL_NYG_20240926,9,0.3333333333333333,3,0.6666666666666666,3
2024_REG_04_DAL_NYG_20240926,24,0.3333333333333333,3,0.35294117647058826,3
2024_REG_04_DEN_NYJ_20240929,10,0.3333333333333333,3,0.47058823529411764,6
2024_REG_04_DEN_NYJ_20240929,25,0.6666666666666666,3,0.4117647058823529,9
2024_REG_04_JAX_HOU_20240929,13,0.6666666666666666,3,0.5789473684210527,6
2024_REG_04_JAX_HOU_20240929,15,0.0,3,0.5294117647058824,5
2024_REG_04_KC_LAC_20240929,16,1.0,3,0.7142857142857143,6
2024_REG_04_KC_LAC_20240929,17,0.6666666666666666,3,0.29411764705882354,6
2024_REG_04_LAR_CHI_20240929,6,0.3333333333333333,3,0.4117647058823529,6
2024_REG_04_LAR_CHI_20240929,18,0.3333333333333333,3,0.5555555555555556,6
2024_REG_04_MIN_GB_20240929,12,0.6666666666666666,3,0.5263157894736842,6
2024_REG_04_MIN_GB_20240929,21,1.0,3,0.4117647058823529,6
2024_REG_04_NE_SF_20240929,22,0.3333333333333333,3,0.23529411764705882,9
2024_REG_04_NE_SF_20240929,29,0.3333333333333333,3,0.7,6
2024_REG_04_NO_ATL_20240929,2,0.3333333333333333,3,0.4117647058823529,6
2024_REG_04_NO_ATL_20240929,23,0.6666666666666666,3,0.5294117647058824,6
2024_REG_04_PHI_TB_20240929,26,0.6666666666666666,3,0.6111111111111112,6
2024_REG_04_PHI_TB_20240929,30,0.6666666666666666,3,0.5263157894736842,6
2024_REG_04_PIT_IND_20240929,14,0.3333333333333333,3,0.5294117647058824,6
2024_REG_04_PIT_IND_20240929,27,1.0,3,0.5555555555555556,6
2024_REG_04_SEA_DET_20240930,11,0.6666666666666666,3,0.7,7
2024_REG_04_SEA_DET_20240930,28,1.0,3,0.5294117647058824,7
2024_REG_04_TEN_MIA_20240930,20,0.3333333333333333,3,0.6111111111111112,7
2024_REG_04_TEN_MIA_20240930,31,0.0,3,0.35294117647058826,7
2024_REG_04_WSH_ARI_20240929,1,0.3333333333333333,3,0.23529411764705882,6
2024_REG_04_WSH_ARI_20240929,32,0.6666666666666666,3,0.23529411764705882,5
2024_REG_05_ARI_SF_20241006,1,0.25,4,0.23529411764705882,6
2024_REG_05_ARI_SF_20241006,29,0.5,4,0.7,6
2024_REG_05_BAL_CIN_20241006,3,0.5,4,0.7368421052631579,6
2024_REG_05_BAL_CIN_20241006,7,0.25,4,0.5294117647058824,6
2024_REG_05_BUF_HOU_20241006,4,0.75,4,0.631578947368421,6
2024_REG_05_BUF_HOU_20241006,13,0.75,4,0.5789473684210527,6
2024_REG_05_CAR_CHI_20241006,5,0.25,4,0.11764705882352941,6
2024_REG_05_CAR_CHI_20241006,6,0.5,4,0.4117647058823529,6
2024_REG_05_CLE_WSH_20241006,8,0.25,4,0.6111111111111112,6
2024_REG_05_CLE_WSH_20241006,32,0.75,4,0.23529411764705882,6
2024_REG_05_DAL_PIT_20241006,9,0.5,4,0.6666666666666666,9
2024_REG_05_DAL_PIT_20241006,27,0.75,4,0.5555555555555556,6
2024_REG_05_GB_LAR_20241006,12,0.5,4,0.5263157894736842,6
2024_REG_05_GB_LAR_20241006,18,0.25,4,0.5555555555555556,6
2024_REG_05_IND_JAX_20241006,14,0.5,4,0.5294117647058824,6
2024_REG_05_IND_JAX_20241006,15,0.0,4,0.5294117647058824,6
2024_REG_05_LV_DEN_20241006,10,0.5,4,0.47058823529411764,6
2024_REG_05_LV_DEN_20241006,19,0.5,4,0.47058823529411764,6
2024_REG_05_MIA_NE_20241006,20,0.25,4,0.6111111111111112,5
2024_REG_05_MIA_NE_20241006,22,0.25,4,0.23529411764705882,6
2024_REG_05_NO_KC_20241007,16,1.0,4,0.7142857142857143,7
2024_REG_05_NO_KC_20241007,23,0.5,4,0.5294117647058824,7
2024_REG_05_NYG_SEA_20241006,24,0.25,4,0.35294117647058826,9
2024_REG_05_NYG_SEA_20241006,28,0.75,4,0.5294117647058824,5
2024_REG_05_NYJ_MIN_20241006,21,1.0,4,0.4117647058823529,6
2024_REG_05_NYJ_MIN_20241006,25,0.5,4,0.4117647058823529,6
2024_REG_05_TB_ATL_20241003,2,0.5,4,0.4117647058823529,3
2024_REG_05_TB_ATL_20241003,30,0.75,4,0.5263157894736842,3
2024_REG_06_ARI_GB_20241013,1,0.4,5,0.23529411764705882,6
2024_REG_06_ARI_GB_20241013,12,0.6,5,0.5263157894736842,6
2024_REG_06_ATL_CAR_20241013,2,0.6,5,0.4117647058823529,9
2024_REG_06_ATL_CAR_20241013,5,0.2,5,0.11764705882352941,6
2024_REG_06_BUF_NYJ_20241014,4,0.6,5,0.631578947368421,7
2024_REG_06_BUF_NYJ_20241014,25,0.4,5,0.4117647058823529,7
2024_REG_06_CIN_NYG_20241013,7,0.2,5,0.5294117647058824,6
2024_REG_06_CIN_NYG_20241013,24,0.4,5,0.35294117647058826,6
2024_REG_06_CLE_PHI_20241013,8,0.2,5,0.6111111111111112,6
2024_REG_06_CLE_PHI_20241013,26,0.5,4,0.6111111111111112,13
2024_REG_06_DET_DAL_20241013,9,0.6,5,0.6666666666666666,6
2024_REG_06_DET_DAL_20241013,11,0.75,4,0.7,12
2024_REG_06_HOU_NE_20241013,13,0.8,5,0.5789473684210527,6
2024_REG_06_HOU_NE_20241013,22,0.2,5,0.23529411764705882,6
2024_REG_06_IND_TEN_20241013,14,0.4,5,0.5294117647058824,6
2024_REG_06_IND_TEN_20241013,31,0.25,4,0.35294117647058826,12
2024_REG_06_JAX_CHI_20241013,6,0.6,5,0.4117647058823529,6
2024_REG_06_JAX_CHI_20241013,15,0.2,5,0.5294117647058824,6
2024_REG_06_LAC_DEN_20241013,10,0.6,5,0.47058823529411764,6
2024_REG_06_LAC_DEN_20241013,17,0.5,4,0.29411764705882354,13
2024_REG_06_PIT_LV_20241013,19,0.4,5,0.47058823529411764,6
2024_REG_06_PIT_LV_20241013,27,0.6,5,0.5555555555555556,6
2024_REG_06_SF_SEA_20241010,28,0.6,5,0.5294117647058824,3
2024_REG_06_SF_SEA_20241010,29,0.4,5,0.7,3
2024_REG_06_TB_NO_20241013,23,0.4,5,0.5294117647058824,5
2024_REG_06_TB_NO_20241013,30,0.6,5,0.5263157894736842,9
2024_REG_06_WSH_BAL_20241013,3,0.6,5,0.7368421052631579,6
2024_REG_06_WSH_BAL_20241013,32,0.8,5,0.23529411764705882,6
2024_REG_07_BAL_TB_20241021,3,0.6666666666666666,6,0.7368421052631579,7
2024_REG_07_BAL_TB_20241021,30,0.6666666666666666,6,0.5263157894736842,7
2024_REG_07_CAR_WSH_20241020,5,0.16666666666666666,6,0.11764705882352941,6
2024_REG_07_CAR_WSH_20241020,32,0.6666666666666666,6,0.23529411764705882,6
2024_REG_07_CIN_CLE_20241020,7,0.3333333333333333,6,0.5294117647058824,6
2024_REG_07_CIN_CLE_20241020,8,0.16666666666666666,6,0.6111111111111112,6
2024_REG_07_DEN_NO_20241017,10,0.5,6,0.47058823529411764,3
2024_REG_07_DEN_NO_20241017,23,0.3333333333333333,6,0.5294117647058824,3
2024_REG_07_DET_MIN_20241020,11,0.8,5,0.7,6
2024_REG_07_DET_MIN_20241020,21,1.0,5,0.4117647058823529,13
2024_REG_07_HOU_GB_20241020,12,0.6666666666666666,6,0.5263157894736842,6
2024_REG_07_HOU_GB_20241020,13,0.8333333333333334,6,0.5789473684210527,6
2024_REG_07_KC_SF_20241020,16,1.0,5,0.7142857142857143,12
2024_REG_07_KC_SF_20241020,29,0.5,6,0.7,9
2024_REG_07_LAC_ARI_20241021,1,0.3333333333333333,6,0.23529411764705882,7
2024_REG_07_LAC_ARI_20241021,17,0.6,5,0.29411764705882354,7
2024_REG_07_LV_LAR_20241020,18,0.2,5,0.5555555555555556,13
2024_REG_07_LV_LAR_20241020,19,0.3333333333333333,6,0.47058823529411764,6
2024_REG_07_MIA_IND_20241020,14,0.5,6,0.5294117647058824,6
2024_REG_07_MIA_IND_20241020,20,0.4,5,0.6111111111111112,13
2024_REG_07_NE_JAX_20241020,15,0.16666666666666666,6,0.5294117647058824,6
2024_REG_07_NE_JAX_20241020,22,0.16666666666666666,6,0.23529411764705882,6
2024_REG_07_NYJ_PIT_20241020,25,0.3333333333333333,6,0.4117647058823529,5
2024_REG_07_NYJ_PIT_20241020,27,0.6666666666666666,6,0.5555555555555556,6
2024_REG_07_PHI_NYG_20241020,24,0.3333333333333333,6,0.35294117647058826,6
2024_REG_07_PHI_NYG_20241020,26,0.6,5,0.6111111111111112,6
2024_REG_07_SEA_ATL_20241020,2,0.6666666666666666,6,0.4117647058823529,6
2024_REG_07_SEA_ATL_20241020,28,0.5,6,0.5294117647058824,9
2024_REG_07_TEN_BUF_20241020,4,0.6666666666666666,6,0.631578947368421,5
2024_REG_07_TEN_BUF_20241020,31,0.2,5,0.35294117647058826,6
2024_REG_08_ARI_MIA_20241027,1,0.42857142857142855,7,0.23529411764705882,5
2024_REG_08_ARI_MIA_20241027,20,0.3333333333333333,6,0.6111111111111112,6
2024_REG_08_ATL_TB_20241027,2,0.5714285714285714,7,0.4117647058823529,6
2024_REG_08_ATL_TB_20241027,30,0.5714285714285714,7,0.5263157894736842,5
2024_REG_08_BAL_CLE_20241027,3,0.7142857142857143,7,0.7368421052631579,5
2024_REG_08_BAL_CLE_20241027,8,0.14285714285714285,7,0.6111111111111112,6
2024_REG_08_BUF_SEA_20241027,4,0.7142857142857143,7,0.631578947368421,6
2024_REG_08_BUF_SEA_20241027,28,0.5714285714285714,7,0.5294117647058824,6
2024_REG_08_CAR_DEN_20241027,5,0.14285714285714285,7,0.11764705882352941,6
2024_REG_08_CAR_DEN_20241027,10,0.5714285714285714,7,0.47058823529411764,9
2024_REG_08_CHI_WSH_20241027,6,0.6666666666666666,6,0.4117647058823529,13
2024_REG_08_CHI_WSH_20241027,32,0.7142857142857143,7,0.23529411764705882,6
2024_REG_08_DAL_SF_20241027,9,0.5,6,0.6666666666666666,13
2024_REG_08_DAL_SF_20241027,29,0.42857142857142855,7,0.7,6
2024_REG_08_GB_JAX_20241027,12,0.7142857142857143,7,0.5263157894736842,6
2024_REG_08_GB_JAX_20241027,15,0.2857142857142857,7,0.5294117647058824,6
2024_REG_08_IND_HOU_20241027,13,0.7142857142857143,7,0.5789473684210527,6
2024_REG_08_IND_HOU_20241027,14,0.5714285714285714,7,0.5294117647058824,6
2024_REG_08_KC_LV_20241027,16,1.0,6,0.7142857142857143,6
2024_REG_08_KC_LV_20241027,19,0.2857142857142857,7,0.47058823529411764,6
2024_REG_08_MIN_LAR_20241024,18,0.3333333333333333,6,0.5555555555555556,3
2024_REG_08_MIN_LAR_20241024,21,0.8333333333333334,6,0.4117647058823529,3
2024_REG_08_NO_LAC_20241027,17,0.5,6,0.29411764705882354,5
2024_REG_08_NO_LAC_20241027,23,0.2857142857142857,7,0.5294117647058824,9
2024_REG_08_NYG_PIT_20241028,24,0.2857142857142857,7,0.35294117647058826,7
2024_REG_08_NYG_PIT_20241028,27,0.7142857142857143,7,0.5555555555555556,7
2024_REG_08_NYJ_NE_20241027,22,0.14285714285714285,7,0.23529411764705882,6
2024_REG_08_NYJ_NE_20241027,25,0.2857142857142857,7,0.4117647058823529,6
2024_REG_08_PHI_CIN_20241027,7,0.42857142857142855,7,0.5294117647058824,6
2024_REG_08_PHI_CIN_20241027,26,0.6666666666666666,6,0.6111111111111112,6
2024_REG_08_TEN_DET_20241027,11,0.8333333333333334,6,0.7,6
2024_REG_08_TEN_DET_20241027,31,0.16666666666666666,6,0.35294117647058826,6
2024_REG_09_CHI_ARI_20241103,1,0.5,8,0.23529411764705882,6
2024_REG_09_CHI_ARI_20241103,6,0.5714285714285714,7,0.4117647058823529,6
2024_REG_09_DAL_ATL_20241103,2,0.625,8,0.4117647058823529,6
2024_REG_09_DAL_ATL_20241103,9,0.42857142857142855,7,0.6666666666666666,6
2024_REG_09_DEN_BAL_20241103,3,0.625,8,0.7368421052631579,6
2024_REG_09_DEN_BAL_20241103,10,0.625,8,0.47058823529411764,6
2024_REG_09_DET_GB_20241103,11,0.8571428571428571,7,0.7,6
2024_REG_09_DET_GB_20241103,12,0.75,8,0.5263157894736842,6
2024_REG_09_HOU_NYJ_20241031,13,0.75,8,0.5789473684210527,3
2024_REG_09_HOU_NYJ_20241031,25,0.25,8,0.4117647058823529,3
2024_REG_09_IND_MIN_20241103,14,0.5,8,0.5294117647058824,6
2024_REG_09_IND_MIN_20241103,21,0.7142857142857143,7,0.4117647058823529,9
2024_REG_09_JAX_PHI_20241103,15,0.25,8,0.5294117647058824,6
2024_REG_09_JAX_PHI_20241103,26,0.7142857142857143,7,0.6111111111111112,6
2024_REG_09_LAC_CLE_20241103,8,0.25,8,0.6111111111111112,6
2024_REG_09_LAC_CLE_20241103,17,0.5714285714285714,7,0.29411764705882354,6
2024_REG_09_LAR_SEA_20241103,18,0.42857142857142855,7,0.5555555555555556,9
2024_REG_09_LAR_SEA_20241103,28,0.5,8,0.5294117647058824,6
2024_REG_09_LV_CIN_20241103,7,0.375,8,0.5294117647058824,6
2024_REG_09_LV_CIN_20241103,19,0.25,8,0.47058823529411764,6
2024_REG_09_MIA_BUF_20241103,4,0.75,8,0.631578947368421,6
2024_REG_09_MIA_BUF_20241103,20,0.2857142857142857,7,0.6111111111111112,6
2024_REG_09_NE_TEN_20241103,22,0.25,8,0.23529411764705882,6
2024_REG_09_NE_TEN_20241103,31,0.14285714285714285,7,0.35294117647058826,6
2024_REG_09_NO_CAR_20241103,5,0.125,8,0.11764705882352941,6
2024_REG_09_NO_CAR_20241103,23,0.25,8,0.5294117647058824,6
2024_REG_09_TB_KC_20241104,16,1.0,7,0.7142857142857143,7
2024_REG_09_TB_KC_20241104,30,0.5,8,0.5263157894736842,7
2024_REG_09_WSH_NYG_20241103,24,0.25,8,0.35294117647058826,5
2024_REG_09_WSH_NYG_20241103,32,0.75,8,0.23529411764705882,6
2024_REG_10_ATL_NO_20241110,2,0.6666666666666666,9,0.4117647058823529,6
2024_REG_10_ATL_NO_20241110,23,0.2222222222222222,9,0.5294117647058824,6
2024_REG_10_BUF_IND_20241110,4,0.7777777777777778,9,0.631578947368421,6
2024_REG_10_BUF_IND_20241110,14,0.4444444444444444,9,0.5294117647058824,6
2024_REG_10_CIN_BAL_20241107,3,0.6666666666666666,9,0.7368421052631579,3
2024_REG_10_CIN_BAL_20241107,7,0.4444444444444444,9,0.5294117647058824,3
2024_REG_10_DEN_KC_20241110,10,0.5555555555555556,9,0.47058823529411764,6
2024_REG_10_DEN_KC_20241110,16,1.0,8,0.7142857142857143,5
2024_REG_10_DET_HOU_20241110,11,0.875,8,0.7,6
2024_REG_10_DET_HOU_20241110,13,0.6666666666666666,9,0.5789473684210527,9
2024_REG_10_MIA_LAR_20241111,18,0.5,8,0.5555555555555556,7
2024_REG_10_MIA_LAR_20241111,20,0.25,8,0.6111111111111112,7
2024_REG_10_MIN_JAX_20241110,15,0.2222222222222222,9,0.5294117647058824,6
2024_REG_10_MIN_JAX_20241110,21,0.75,8,0.4117647058823529,6
2024_REG_10_NE_CHI_20241110,6,0.5,8,0.4117647058823529,6
2024_REG_10_NE_CHI_20241110,22,0.2222222222222222,9,0.23529411764705882,6
2024_REG_10_NYG_CAR_20241110,5,0.2222222222222222,9,0.11764705882352941,6
2024_REG_10_NYG_CAR_20241110,24,0.2222222222222222,9,0.35294117647058826,6
2024_REG_10_NYJ_ARI_20241110,1,0.5555555555555556,9,0.23529411764705882,6
2024_REG_10_NYJ_ARI_20241110,25,0.3333333333333333,9,0.4117647058823529,9
2024_REG_10_PHI_DAL_20241110,9,0.375,8,0.6666666666666666,6
2024_REG_10_PHI_DAL_20241110,26,0.75,8,0.6111111111111112,6
2024_REG_10_PIT_WSH_20241110,27,0.75,8,0.5555555555555556,12
2024_REG_10_PIT_WSH_20241110,32,0.7777777777777778,9,0.23529411764705882,6
2024_REG_10_SF_TB_20241110,29,0.5,8,0.7,13
2024_REG_10_SF_TB_20241110,30,0.4444444444444444,9,0.5263157894736842,5
2024_REG_10_TEN_LAC_20241110,17,0.625,8,0.29411764705882354,6
2024_REG_10_TEN_LAC_20241110,31,0.25,8,0.35294117647058826,6
2024_REG_11_ATL_DEN_20241117,2,0.6,10,0.4117647058823529,6
2024_REG_11_ATL_DEN_20241117,10,0.5,10,0.47058823529411764,6
2024_REG_11_BAL_PIT_20241117,3,0.7,10,0.7368421052631579,9
2024_REG_11_BAL_PIT_20241117,27,0.7777777777777778,9,0.5555555555555556,6
2024_REG_11_CIN_LAC_20241117,7,0.4,10,0.5294117647058824,9
2024_REG_11_CIN_LAC_20241117,17,0.6666666666666666,9,0.29411764705882354,6
2024_REG_11_CLE_NO_20241117,8,0.2222222222222222,9,0.6111111111111112,13
2024_REG_11_CLE_NO_20241117,23,0.3,10,0.5294117647058824,6
2024_REG_11_GB_CHI_20241117,6,0.4444444444444444,9,0.4117647058823529,6
2024_REG_11_GB_CHI_20241117,12,0.6666666666666666,9,0.5263157894736842,13
2024_REG_11_HOU_DAL_20241118,9,0.3333333333333333,9,0.6666666666666666,7
2024_REG_11_HOU_DAL_20241118,13,0.6,10,0.5789473684210527,7
2024_REG_11_IND_NYJ_20241117,14,0.4,10,0.5294117647058824,6
2024_REG_11_IND_NYJ_20241117,25,0.3,10,0.4117647058823529,6
2024_REG_11_JAX_DET_20241117,11,0.8888888888888888,9,0.7,6
2024_REG_11_JAX_DET_20241117,15,0.2,10,0.5294117647058824,6
2024_REG_11_KC_BUF_20241117,4,0.8,10,0.631578947368421,6
2024_REG_11_KC_BUF_20241117,16,1.0,9,0.7142857142857143,6
2024_REG_11_LAR_NE_20241117,18,0.4444444444444444,9,0.5555555555555556,5
2024_REG_11_LAR_NE_20241117,22,0.3,10,0.23529411764705882,6
2024_REG_11_LV_MIA_20241117,19,0.2222222222222222,9,0.47058823529411764,13
2024_REG_11_LV_MIA_20241117,20,0.3333333333333333,9,0.6111111111111112,5
2024_REG_11_MIN_TEN_20241117,21,0.7777777777777778,9,0.4117647058823529,6
2024_REG_11_MIN_TEN_20241117,31,0.2222222222222222,9,0.35294117647058826,6
2024_REG_11_SEA_SF_20241117,28,0.4444444444444444,9,0.5294117647058824,13
2024_REG_11_SEA_SF_20241117,29,0.5555555555555556,9,0.7,6
2024_REG_11_WSH_PHI_20241114,26,0.7777777777777778,9,0.6111111111111112,3
2024_REG_11_WSH_PHI_20241114,32,0.7,10,0.23529411764705882,3
2024_REG_12_ARI_SEA_20241124,1,0.6,10,0.23529411764705882,13
2024_REG_12_ARI_SEA_20241124,28,0.5,10,0.5294117647058824,6
2024_REG_12_BAL_LAC_20241125,3,0.6363636363636364,11,0.7368421052631579,7
2024_REG_12_BAL_LAC_20241125,17,0.7,10,0.29411764705882354,7
2024_REG_12_DAL_WSH_20241124,9,0.3,10,0.6666666666666666,5
2024_REG_12_DAL_WSH_20241124,32,0.6363636363636364,11,0.23529411764705882,9
2024_REG_12_DEN_LV_20241124,10,0.5454545454545454,11,0.47058823529411764,6
2024_REG_12_DEN_LV_20241124,19,0.2,10,0.47058823529411764,6
2024_REG_12_DET_IND_20241124,11,0.9,10,0.7,6
2024_REG_12_DET_IND_20241124,14,0.45454545454545453,11,0.5294117647058824,6
2024_REG_12_KC_CAR_20241124,5,0.3,10,0.11764705882352941,13
2024_REG_12_KC_CAR_20241124,16,0.9,10,0.7142857142857143,6
2024_REG_12_MIN_CHI_20241124,6,0.4,10,0.4117647058823529,6
2024_REG_12_MIN_CHI_20241124,21,0.8,10,0.4117647058823529,6
2024_REG_12_NE_MIA_20241124,20,0.4,10,0.6111111111111112,6
2024_REG_12_NE_MIA_20241124,22,0.2727272727272727,11,0.23529411764705882,6
2024_REG_12_PHI_LAR_20241124,18,0.5,10,0.5555555555555556,6
2024_REG_12_PHI_LAR_20241124,26,0.8,10,0.6111111111111112,9
2024_REG_12_PIT_CLE_20241121,8,0.2,10,0.6111111111111112,3
2024_REG_12_PIT_CLE_20241121,27,0.8,10,0.5555555555555556,3
2024_REG_12_SF_GB_20241124,12,0.7,10,0.5263157894736842,6
2024_REG_12_SF_GB_20241124,29,0.5,10,0.7,6
2024_REG_12_TB_NYG_20241124,24,0.2,10,0.35294117647058826,13
2024_REG_12_TB_NYG_20241124,30,0.4,10,0.5263157894736842,13
2024_REG_12_TEN_HOU_20241124,13,0.6363636363636364,11,0.5789473684210527,5
2024_REG_12_TEN_HOU_20241124,31,0.2,10,0.35294117647058826,6
2024_REG_13_ARI_MIN_20241201,1,0.5454545454545454,11,0.23529411764705882,6
2024_REG_13_ARI_MIN_20241201,21,0.8181818181818182,11,0.4117647058823529,6
2024_REG_13_CHI_DET_20241128,6,0.36363636363636365,11,0.4117647058823529,3
2024_REG_13_CHI_DET_20241128,11,0.9090909090909091,11,0.7,3
2024_REG_13_CLE_DEN_20241202,8,0.2727272727272727,11,0.6111111111111112,10
2024_REG_13_CLE_DEN_20241202,10,0.5833333333333334,12,0.47058823529411764,7
2024_REG_13_HOU_JAX_20241201,13,0.5833333333333334,12,0.5789473684210527,6
2024_REG_13_HOU_JAX_20241201,15,0.18181818181818182,11,0.5294117647058824,13
2024_REG_13_IND_NE_20241201,14,0.4166666666666667,12,0.5294117647058824,6
2024_REG_13_IND_NE_20241201,22,0.25,12,0.23529411764705882,6
2024_REG_13_LAC_ATL_20241201,2,0.5454545454545454,11,0.4117647058823529,13
2024_REG_13_LAC_ATL_20241201,17,0.6363636363636364,11,0.29411764705882354,5
2024_REG_13_LAR_NO_20241201,18,0.45454545454545453,11,0.5555555555555556,6
2024_REG_13_LAR_NO_20241201,23,0.36363636363636365,11,0.5294117647058824,13
2024_REG_13_LV_KC_20241129,16,0.9090909090909091,11,0.7142857142857143,4
2024_REG_13_LV_KC_20241129,19,0.18181818181818182,11,0.47058823529411764,4
2024_REG_13_MIA_GB_20241128,12,0.7272727272727273,11,0.5263157894736842,3
2024_REG_13_MIA_GB_20241128,20,0.45454545454545453,11,0.6111111111111112,3
2024_REG_13_NYG_DAL_20241128,9,0.36363636363636365,11,0.6666666666666666,3
2024_REG_13_NYG_DAL_20241128,24,0.18181818181818182,11,0.35294117647058826,3
2024_REG_13_PHI_BAL_20241201,3,0.6666666666666666,12,0.7368421052631579,5
2024_REG_13_PHI_BAL_20241201,26,0.8181818181818182,11,0.6111111111111112,6
2024_REG_13_PIT_CIN_20241201,7,0.36363636363636365,11,0.5294117647058824,13
2024_REG_13_PIT_CIN_20241201,27,0.7272727272727273,11,0.5555555555555556,9
2024_REG_13_SEA_NYJ_20241201,25,0.2727272727272727,11,0.4117647058823529,13
2024_REG_13_SEA_NYJ_20241201,28,0.5454545454545454,11,0.5294117647058824,6
2024_REG_13_SF_BUF_20241201,4,0.8181818181818182,11,0.631578947368421,13
2024_REG_13_SF_BUF_20241201,29,0.45454545454545453,11,0.7,6
2024_REG_13_TB_CAR_20241201,5,0.2727272727272727,11,0.11764705882352941,6
2024_REG_13_TB_CAR_20241201,30,0.45454545454545453,11,0.5263157894736842,6
2024_REG_13_TEN_WSH_20241201,31,0.2727272727272727,11,0.35294117647058826,6
2024_REG_13_TEN_WSH_20241201,32,0.5833333333333334,12,0.23529411764705882,6
2024_REG_14_ATL_MIN_20241208,2,0.5,12,0.4117647058823529,6
2024_REG_14_ATL_MIN_20241208,21,0.8333333333333334,12,0.4117647058823529,6
2024_REG_14_BUF_LAR_20241208,4,0.8333333333333334,12,0.631578947368421,6
2024_REG_14_BUF_LAR_20241208,18,0.5,12,0.5555555555555556,6
2024_REG_14_CAR_PHI_20241208,5,0.25,12,0.11764705882352941,6
2024_REG_14_CAR_PHI_20241208,26,0.8333333333333334,12,0.6111111111111112,6
2024_REG_14_CHI_SF_20241208,6,0.3333333333333333,12,0.4117647058823529,9
2024_REG_14_CHI_SF_20241208,29,0.4166666666666667,12,0.7,6
2024_REG_14_CIN_DAL_20241209,7,0.3333333333333333,12,0.5294117647058824,7
2024_REG_14_CIN_DAL_20241209,9,0.4166666666666667,12,0.6666666666666666,10
2024_REG_14_CLE_PIT_20241208,8,0.25,12,0.6111111111111112,5
2024_REG_14_CLE_PIT_20241208,27,0.75,12,0.5555555555555556,6
2024_REG_14_GB_DET_20241205,11,0.9166666666666666,12,0.7,6
2024_REG_14_GB_DET_20241205,12,0.75,12,0.5263157894736842,6
2024_REG_14_JAX_TEN_20241208,15,0.16666666666666666,12,0.5294117647058824,6
2024_REG_14_JAX_TEN_20241208,31,0.25,12,0.35294117647058826,6
2024_REG_14_LAC_KC_20241208,16,0.9166666666666666,12,0.7142857142857143,8
2024_REG_14_LAC_KC_20241208,17,0.6666666666666666,12,0.29411764705882354,6
2024_REG_14_LV_TB_20241208,19,0.16666666666666666,12,0.47058823529411764,8
2024_REG_14_LV_TB_20241208,30,0.5,12,0.5263157894736842,6
2024_REG_14_NO_NYG_20241208,23,0.3333333333333333,12,0.5294117647058824,6
2024_REG_14_NO_NYG_20241208,24,0.16666666666666666,12,0.35294117647058826,9
2024_REG_14_NYJ_MIA_20241208,20,0.4166666666666667,12,0.6111111111111112,9
2024_REG_14_NYJ_MIA_20241208,25,0.25,12,0.4117647058823529,6
2024_REG_14_SEA_ARI_20241208,1,0.5,12,0.23529411764705882,6
2024_REG_14_SEA_ARI_20241208,28,0.5833333333333334,12,0.5294117647058824,6
2024_REG_15_ATL_LV_20241216,2,0.46153846153846156,13,0.4117647058823529,7
2024_REG_15_ATL_LV_20241216,19,0.15384615384615385,13,0.47058823529411764,7
2024_REG_15_BAL_NYG_20241215,3,0.6153846153846154,13,0.7368421052631579,13
2024_REG_15_BAL_NYG_20241215,24,0.15384615384615385,13,0.35294117647058826,6
2024_REG_15_BUF_DET_20241215,4,0.7692307692307693,13,0.631578947368421,6
2024_REG_15_BUF_DET_20241215,11,0.9230769230769231,13,0.7,9
2024_REG_15_CHI_MIN_20241216,6,0.3076923076923077,13,0.4117647058823529,7
2024_REG_15_CHI_MIN_20241216,21,0.8461538461538461,13,0.4117647058823529,7
2024_REG_15_CIN_TEN_20241215,7,0.38461538461538464,13,0.5294117647058824,5
2024_REG_15_CIN_TEN_20241215,31,0.23076923076923078,13,0.35294117647058826,6
2024_REG_15_DAL_CAR_20241215,5,0.23076923076923078,13,0.11764705882352941,6
2024_REG_15_DAL_CAR_20241215,9,0.38461538461538464,13,0.6666666666666666,5
2024_REG_15_GB_SEA_20241215,12,0.6923076923076923,13,0.5263157894736842,9
2024_REG_15_GB_SEA_20241215,28,0.6153846153846154,13,0.5294117647058824,6
2024_REG_15_IND_DEN_20241215,10,0.6153846153846154,13,0.47058823529411764,12
2024_REG_15_IND_DEN_20241215,14,0.46153846153846156,13,0.5294117647058824,13
2024_REG_15_KC_CLE_20241215,8,0.23076923076923078,13,0.6111111111111112,6
2024_REG_15_KC_CLE_20241215,16,0.9230769230769231,13,0.7142857142857143,6
2024_REG_15_LAR_SF_20241212,18,0.5384615384615384,13,0.5555555555555556,3
2024_REG_15_LAR_SF_20241212,29,0.46153846153846156,13,0.7,3
2024_REG_15_MIA_HOU_20241215,13,0.6153846153846154,13,0.5789473684210527,13
2024_REG_15_MIA_HOU_20241215,20,0.46153846153846156,13,0.6111111111111112,6
2024_REG_15_NE_ARI_20241215,1,0.46153846153846156,13,0.23529411764705882,6
2024_REG_15_NE_ARI_20241215,22,0.23076923076923078,13,0.23529411764705882,13
2024_REG_15_NYJ_JAX_20241215,15,0.23076923076923078,13,0.5294117647058824,6
2024_REG_15_NYJ_JAX_20241215,25,0.23076923076923078,13,0.4117647058823529,6
2024_REG_15_PIT_PHI_20241215,26,0.8461538461538461,13,0.6111111111111112,6
2024_REG_15_PIT_PHI_20241215,27,0.7692307692307693,13,0.5555555555555556,6
2024_REG_15_TB_LAC_20241215,17,0.6153846153846154,13,0.29411764705882354,6
2024_REG_15_TB_LAC_20241215,30,0.5384615384615384,13,0.5263157894736842,6
2024_REG_15_WSH_NO_20241215,23,0.38461538461538464,13,0.5294117647058824,6
2024_REG_15_WSH_NO_20241215,32,0.6153846153846154,13,0.23529411764705882,13
2024_REG_16_ARI_CAR_20241222,1,0.5,14,0.23529411764705882,6
2024_REG_16_ARI_CAR_20241222,5,0.21428571428571427,14,0.11764705882352941,6
2024_REG_16_CLE_CIN_20241222,7,0.42857142857142855,14,0.5294117647058824,6
2024_REG_16_CLE_CIN_20241222,8,0.21428571428571427,14,0.6111111111111112,6
2024_REG_16_DEN_LAC_20241219,10,0.6428571428571429,14,0.47058823529411764,3
2024_REG_16_DEN_LAC_20241219,17,0.5714285714285714,14,0.29411764705882354,3
2024_REG_16_DET_CHI_20241222,6,0.2857142857142857,14,0.4117647058823529,5
2024_REG_16_DET_CHI_20241222,11,0.8571428571428571,14,0.7,6
2024_REG_16_HOU_KC_20241221,13,0.6428571428571429,14,0.5789473684210527,5
2024_REG_16_HOU_KC_20241221,16,0.9285714285714286,14,0.7142857142857143,5
2024_REG_16_JAX_LV_20241222,15,0.21428571428571427,14,0.5294117647058824,6
2024_REG_16_JAX_LV_20241222,19,0.14285714285714285,14,0.47058823529411764,5
2024_REG_16_LAR_NYJ_20241222,18,0.5714285714285714,14,0.5555555555555556,9
2024_REG_16_LAR_NYJ_20241222,25,0.2857142857142857,14,0.4117647058823529,6
2024_REG_16_MIN_SEA_20241222,21,0.8571428571428571,14,0.4117647058823529,5
2024_REG_16_MIN_SEA_20241222,28,0.5714285714285714,14,0.5294117647058824,6
2024_REG_16_NE_BUF_20241222,4,0.7857142857142857,14,0.631578947368421,6
2024_REG_16_NE_BUF_20241222,22,0.21428571428571427,14,0.23529411764705882,6
2024_REG_16_NO_GB_20241223,12,0.7142857142857143,14,0.5263157894736842,7
2024_REG_16_NO_GB_20241223,23,0.35714285714285715,14,0.5294117647058824,7
2024_REG_16_NYG_ATL_20241222,2,0.5,14,0.4117647058823529,5
2024_REG_16_NYG_ATL_20241222,24,0.14285714285714285,14,0.35294117647058826,6
2024_REG_16_PHI_WSH_20241222,26,0.8571428571428571,14,0.6111111111111112,6
2024_REG_16_PHI_WSH_20241222,32,0.6428571428571429,14,0.23529411764705882,6
2024_REG_16_PIT_BAL_20241221,3,0.6428571428571429,14,0.7368421052631579,5
2024_REG_16_PIT_BAL_20241221,27,0.7142857142857143,14,0.5555555555555556,5
2024_REG_16_SF_MIA_20241222,20,0.42857142857142855,14,0.6111111111111112,6
2024_REG_16_SF_MIA_20241222,29,0.42857142857142855,14,0.7,9
2024_REG_16_TB_DAL_20241222,9,0.42857142857142855,14,0.6666666666666666,6
2024_REG_16_TB_DAL_20241222,30,0.5714285714285714,14,0.5263157894736842,6
2024_REG_16_TEN_IND_20241222,14,0.42857142857142855,14,0.5294117647058824,6
2024_REG_16_TEN_IND_20241222,31,0.21428571428571427,14,0.35294117647058826,6
2024_REG_17_ARI_LAR_20241228,1,0.4666666666666667,15,0.23529411764705882,5
2024_REG_17_ARI_LAR_20241228,18,0.6,15,0.5555555555555556,5
2024_REG_17_ATL_WSH_20241229,2,0.5333333333333333,15,0.4117647058823529,6
2024_REG_17_ATL_WSH_20241229,32,0.6666666666666666,15,0.23529411764705882,6
2024_REG_17_BAL_HOU_20241225,3,0.6666666666666666,15,0.7368421052631579,3
2024_REG_17_BAL_HOU_20241225,13,0.6,15,0.5789473684210527,3
2024_REG_17_CAR_TB_20241229,5,0.26666666666666666,15,0.11764705882352941,6
2024_REG_17_CAR_TB_20241229,30,0.5333333333333333,15,0.5263157894736842,6
2024_REG_17_DAL_PHI_20241229,9,0.4666666666666667,15,0.6666666666666666,6
2024_REG_17_DAL_PHI_20241229,26,0.8,15,0.6111111111111112,6
2024_REG_17_DEN_CIN_20241228,7,0.4666666666666667,15,0.5294117647058824,5
2024_REG_17_DEN_CIN_20241228,10,0.6,15,0.47058823529411764,8
2024_REG_17_DET_SF_20241230,11,0.8666666666666667,15,0.7,7
2024_REG_17_DET_SF_20241230,29,0.4,15,0.7,7
2024_REG_17_GB_MIN_20241229,12,0.7333333333333333,15,0.5263157894736842,5
2024_REG_17_GB_MIN_20241229,21,0.8666666666666667,15,0.4117647058823529,6
2024_REG_17_IND_NYG_20241229,14,0.4666666666666667,15,0.5294117647058824,6
2024_REG_17_IND_NYG_20241229,24,0.13333333333333333,15,0.35294117647058826,6
2024_REG_17_KC_PIT_20241225,16,0.9333333333333333,15,0.7142857142857143,3
2024_REG_17_KC_PIT_20241225,27,0.6666666666666666,15,0.5555555555555556,3
2024_REG_17_LAC_NE_20241228,17,0.6,15,0.29411764705882354,8
2024_REG_17_LAC_NE_20241228,22,0.2,15,0.23529411764705882,5
2024_REG_17_LV_NO_20241229,19,0.2,15,0.47058823529411764,6
2024_REG_17_LV_NO_20241229,23,0.3333333333333333,15,0.5294117647058824,5
2024_REG_17_MIA_CLE_20241229,8,0.2,15,0.6111111111111112,6
2024_REG_17_MIA_CLE_20241229,20,0.4666666666666667,15,0.6111111111111112,6
2024_REG_17_NYJ_BUF_20241229,4,0.8,15,0.631578947368421,6
2024_REG_17_NYJ_BUF_20241229,25,0.26666666666666666,15,0.4117647058823529,6
2024_REG_17_SEA_CHI_20241226,6,0.26666666666666666,15,0.4117647058823529,3
2024_REG_17_SEA_CHI_20241226,28,0.5333333333333333,15,0.5294117647058824,3
2024_REG_17_TEN_JAX_20241229,15,0.2,15,0.5294117647058824,6
2024_REG_17_TEN_JAX_20241229,31,0.2,15,0.35294117647058826,6
2024_REG_18_BUF_NE_20250105,4,0.8125,16,0.631578947368421,6
2024_REG_18_BUF_NE_20250105,22,0.1875,16,0.23529411764705882,7
2024_REG_18_CAR_ATL_20250105,2,0.5,16,0.4117647058823529,6
2024_REG_18_CAR_ATL_20250105,5,0.25,16,0.11764705882352941,6
2024_REG_18_CHI_GB_20250105,6,0.25,16,0.4117647058823529,9
2024_REG_18_CHI_GB_20250105,12,0.6875,16,0.5263157894736842,6
2024_REG_18_CIN_PIT_20250104,7,0.5,16,0.5294117647058824,6
2024_REG_18_CIN_PIT_20250104,27,0.625,16,0.5555555555555556,9
2024_REG_18_CLE_BAL_20250104,3,0.6875,16,0.7368421052631579,9
2024_REG_18_CLE_BAL_20250104,8,0.1875,16,0.6111111111111112,5
2024_REG_18_HOU_TEN_20250105,13,0.5625,16,0.5789473684210527,10
2024_REG_18_HOU_TEN_20250105,31,0.1875,16,0.35294117647058826,6
2024_REG_18_JAX_IND_20250105,14,0.4375,16,0.5294117647058824,6
2024_REG_18_JAX_IND_20250105,15,0.25,16,0.5294117647058824,6
2024_REG_18_KC_DEN_20250105,10,0.5625,16,0.47058823529411764,7
2024_REG_18_KC_DEN_20250105,16,0.9375,16,0.7142857142857143,10
2024_REG_18_LAC_LV_20250105,17,0.625,16,0.29411764705882354,7
2024_REG_18_LAC_LV_20250105,19,0.25,16,0.47058823529411764,6
2024_REG_18_MIA_NYJ_20250105,20,0.5,16,0.6111111111111112,6
2024_REG_18_MIA_NYJ_20250105,25,0.25,16,0.4117647058823529,6
2024_REG_18_MIN_DET_20250105,11,0.875,16,0.7,5
2024_REG_18_MIN_DET_20250105,21,0.875,16,0.4117647058823529,6
2024_REG_18_NO_TB_20250105,23,0.3125,16,0.5294117647058824,6
2024_REG_18_NO_TB_20250105,30,0.5625,16,0.5263157894736842,6
2024_REG_18_NYG_PHI_20250105,24,0.1875,16,0.35294117647058826,6
2024_REG_18_NYG_PHI_20250105,26,0.8125,16,0.6111111111111112,6
2024_REG_18_SEA_LAR_20250105,18,0.625,16,0.5555555555555556,7
2024_REG_18_SEA_LAR_20250105,28,0.5625,16,0.5294117647058824,9
2024_REG_18_SF_ARI_20250105,1,0.4375,16,0.23529411764705882,7
2024_REG_18_SF_ARI_20250105,29,0.375,16,0.7,5
2024_REG_18_WSH_DAL_20250105,9,0.4375,16,0.6666666666666666,6
2024_REG_18_WSH_DAL_20250105,32,0.6875,16,0.23529411764705882,6
2025_CON_21_LAR_SEA_20260125,18,0.7368421052631579,19,0.5789473684210527,6
2025_CON_21_LAR_SEA_20260125,28,0.8333333333333334,18,0.5882352941176471,7
2025_CON_21_NE_DEN_20260125,10,0.8333333333333334,18,0.5555555555555556,7
2025_CON_21_NE_DEN_20260125,22,0.8421052631578947,19,0.23529411764705882,6
2025_POST_19_BUF_JAX_20260111,4,0.7058823529411765,17,0.75,6
2025_POST_19_BUF_JAX_20260111,15,0.7647058823529411,17,0.23529411764705882,6
2025_POST_19_GB_CHI_20260110,6,0.6470588235294118,17,0.29411764705882354,5
2025_POST_19_GB_CHI_20260110,12,0.5588235294117647,17,0.6111111111111112,5
2025_POST_19_HOU_PIT_20260112,13,0.7058823529411765,17,0.5789473684210527,7
2025_POST_19_HOU_PIT_20260112,27,0.5882352941176471,17,0.5555555555555556,7
2025_POST_19_LAC_NE_20260111,17,0.6470588235294118,17,0.6111111111111112,6
2025_POST_19_LAC_NE_20260111,22,0.8235294117647058,17,0.23529411764705882,6
2025_POST_19_LAR_CAR_20260110,5,0.47058823529411764,17,0.29411764705882354,6
2025_POST_19_LAR_CAR_20260110,18,0.7058823529411765,17,0.5789473684210527,5
2025_POST_19_SF_PHI_20260111,26,0.6470588235294118,17,0.8571428571428571,6
2025_POST_19_SF_PHI_20260111,29,0.7058823529411765,17,0.35294117647058826,7
2025_POST_20_BUF_DEN_20260117,4,0.7222222222222222,18,0.75,5
2025_POST_20_BUF_DEN_20260117,10,0.8235294117647058,17,0.5555555555555556,12
2025_POST_20_HOU_NE_20260118,13,0.7222222222222222,18,0.5789473684210527,5
2025_POST_20_HOU_NE_20260118,22,0.8333333333333334,18,0.23529411764705882,6
2025_POST_20_LAR_CHI_20260118,6,0.6666666666666666,18,0.29411764705882354,7
2025_POST_20_LAR_CHI_20260118,18,0.7222222222222222,18,0.5789473684210527,7
2025_POST_20_SF_SEA_20260117,28,0.8235294117647058,17,0.5882352941176471,13
2025_POST_20_SF_SEA_20260117,29,0.7222222222222222,18,0.35294117647058826,5
2025_POST_22_SEA_NE_20260208,22,0.85,20,0.23529411764705882,13
2025_POST_22_SEA_NE_20260208,28,0.8421052631578947,19,0.5882352941176471,13
2025_REG_01_ARI_NO_20250907,1,,0,0.47058823529411764,244
2025_REG_01_ARI_NO_20250907,23,,0,0.29411764705882354,244
2025_REG_01_BAL_BUF_20250907,3,,0,0.6842105263157895,230
2025_REG_01_BAL_BUF_20250907,4,,0,0.75,223
2025_REG_01_CAR_JAX_20250907,5,,0,0.29411764705882354,244
2025_REG_01_CAR_JAX_20250907,15,,0,0.23529411764705882,244
2025_REG_01_CIN_CLE_20250907,7,,0,0.5294117647058824,245
2025_REG_01_CIN_CLE_20250907,8,,0,0.17647058823529413,245
2025_REG_01_DAL_PHI_20250904,9,,0,0.4117647058823529,241
2025_REG_01_DAL_PHI_20250904,26,,0,0.8571428571428571,206
2025_REG_01_DET_GB_20250907,11,,0,0.8333333333333334,231
2025_REG_01_DET_GB_20250907,12,,0,0.6111111111111112,237
2025_REG_01_HOU_LAR_20250907,13,,0,0.5789473684210527,231
2025_REG_01_HOU_LAR_20250907,18,,0,0.5789473684210527,230
2025_REG_01_KC_LAC_20250905,16,,0,0.85,207
2025_REG_01_KC_LAC_20250905,17,,0,0.6111111111111112,236
2025_REG_01_LV_NE_20250907,19,,0,0.23529411764705882,244
2025_REG_01_LV_NE_20250907,22,,0,0.23529411764705882,244
2025_REG_01_MIA_IND_20250907,14,,0,0.47058823529411764,244
2025_REG_01_MIA_IND_20250907,20,,0,0.47058823529411764,244
2025_REG_01_MIN_CHI_20250908,6,,0,0.29411764705882354,245
2025_REG_01_MIN_CHI_20250908,21,,0,0.7777777777777778,237
2025_REG_01_NYG_WSH_20250907,24,,0,0.17647058823529413,244
2025_REG_01_NYG_WSH_20250907,32,,0,0.7,223
2025_REG_01_PIT_NYJ_20250907,25,,0,0.29411764705882354,244
2025_REG_01_PIT_NYJ_20250907,27,,0,0.5555555555555556,238
2025_REG_01_SF_SEA_20250907,28,,0,0.5882352941176471,244
2025_REG_01_SF_SEA_20250907,29,,0,0.35294117647058826,244
2025_REG_01_TB_ATL_20250907,2,,0,0.47058823529411764,244
2025_REG_01_TB_ATL_20250907,30,,0,0.5555555555555556,237
2025_REG_01_TEN_DEN_20250907,10,,0,0.5555555555555556,237
2025_REG_01_TEN_DEN_20250907,31,,0,0.17647058823529413,244
2025_REG_02_ATL_MIN_20250914,2,0.0,1,0.47058823529411764,6
2025_REG_02_ATL_MIN_20250914,21,1.0,1,0.7777777777777778,5
2025_REG_02_BUF_NYJ_20250914,4,1.0,1,0.75,6
2025_REG_02_BUF_NYJ_20250914,25,0.0,1,0.29411764705882354,6
2025_REG_02_CAR_ARI_20250914,1,1.0,1,0.47058823529411764,6
2025_REG_02_CAR_ARI_20250914,5,0.0,1,0.29411764705882354,6
2025_REG_02_CHI_DET_20250914,6,0.0,1,0.29411764705882354,5
2025_REG_02_CHI_DET_20250914,11,0.0,1,0.8333333333333334,6
2025_REG_02_CLE_BAL_20250914,3,0.0,1,0.6842105263157895,6
2025_REG_02_CLE_BAL_20250914,8,0.0,1,0.17647058823529413,6
2025_REG_02_DEN_IND_20250914,10,1.0,1,0.5555555555555556,6
2025_REG_02_DEN_IND_20250914,14,1.0,1,0.47058823529411764,6
2025_REG_02_JAX_CIN_20250914,7,1.0,1,0.5294117647058824,6
2025_REG_02_JAX_CIN_20250914,15,1.0,1,0.23529411764705882,6
2025_REG_02_LAC_LV_20250915,17,1.0,1,0.6111111111111112,9
2025_REG_02_LAC_LV_20250915,19,1.0,1,0.23529411764705882,7
2025_REG_02_LAR_TEN_20250914,18,1.0,1,0.5789473684210527,6
2025_REG_02_LAR_TEN_20250914,31,0.0,1,0.17647058823529413,6
2025_REG_02_NE_MIA_20250914,20,0.0,1,0.47058823529411764,6
2025_REG_02_NE_MIA_20250914,22,0.0,1,0.23529411764705882,6
2025_REG_02_NYG_DAL_20250914,9,0.0,1,0.4117647058823529,9
2025_REG_02_NYG_DAL_20250914,24,0.0,1,0.17647058823529413,6
2025_REG_02_PHI_KC_20250914,16,0.0,1,0.85,8
2025_REG_02_PHI_KC_20250914,26,1.0,1,0.8571428571428571,9
2025_REG_02_SEA_PIT_20250914,27,1.0,1,0.5555555555555556,6
2025_REG_02_SEA_PIT_20250914,28,0.0,1,0.5882352941176471,6
2025_REG_02_SF_NO_20250914,23,0.0,1,0.29411764705882354,6
2025_REG_02_SF_NO_20250914,29,1.0,1,0.35294117647058826,6
2025_REG_02_TB_HOU_20250915,13,0.0,1,0.5789473684210527,7
2025_REG_02_TB_HOU_20250915,30,1.0,1,0.5555555555555556,7
2025_REG_02_WSH_GB_20250911,12,1.0,1,0.6111111111111112,3
2025_REG_02_WSH_GB_20250911,32,1.0,1,0.7,3
2025_REG_03_ARI_SF_20250921,1,1.0,2,0.47058823529411764,6
2025_REG_03_ARI_SF_20250921,29,1.0,2,0.35294117647058826,6
2025_REG_03_ATL_CAR_20250921,2,0.5,2,0.47058823529411764,6
2025_REG_03_ATL_CAR_20250921,5,0.0,2,0.29411764705882354,6
2025_REG_03_CIN_MIN_20250921,7,1.0,2,0.5294117647058824,6
2025_REG_03_CIN_MIN_20250921,21,0.5,2,0.7777777777777778,6
2025_REG_03_DAL_CHI_20250921,6,0.0,2,0.29411764705882354,6
2025_REG_03_DAL_CHI_20250921,9,0.5,2,0.4117647058823529,6
2025_REG_03_DEN_LAC_20250921,10,0.5,2,0.5555555555555556,6
2025_REG_03_DEN_LAC_20250921,17,1.0,2,0.6111111111111112,5
2025_REG_03_DET_BAL_20250922,3,0.5,2,0.6842105263157895,7
2025_REG_03_DET_BAL_20250922,11,0.5,2,0.8333333333333334,7
2025_REG_03_GB_CLE_20250921,8,0.0,2,0.17647058823529413,6
2025_REG_03_GB_CLE_20250921,12,1.0,2,0.6111111111111112,9
2025_REG_03_HOU_JAX_20250921,13,0.0,2,0.5789473684210527,5
2025_REG_03_HOU_JAX_20250921,15,0.5,2,0.23529411764705882,6
2025_REG_03_IND_TEN_20250921,14,1.0,2,0.47058823529411764,6
2025_REG_03_IND_TEN_20250921,31,0.0,2,0.17647058823529413,6
2025_REG_03_KC_NYG_20250921,16,0.0,2,0.85,6
2025_REG_03_KC_NYG_20250921,24,0.0,2,0.17647058823529413,6
2025_REG_03_LAR_PHI_20250921,18,1.0,2,0.5789473684210527,6
2025_REG_03_LAR_PHI_20250921,26,1.0,2,0.8571428571428571,6
2025_REG_03_LV_WSH_20250921,19,0.5,2,0.23529411764705882,5
2025_REG_03_LV_WSH_20250921,32,0.5,2,0.7,9
2025_REG_03_MIA_BUF_20250918,4,1.0,2,0.75,3
2025_REG_03_MIA_BUF_20250918,20,0.0,2,0.47058823529411764,3
2025_REG_03_NO_SEA_20250921,23,0.0,2,0.29411764705882354,6
2025_REG_03_NO_SEA_20250921,28,0.5,2,0.5882352941176471,6
2025_REG_03_NYJ_TB_20250921,25,0.0,2,0.29411764705882354,6
2025_REG_03_NYJ_TB_20250921,30,1.0,2,0.5555555555555556,5
2025_REG_03_PIT_NE_20250921,22,0.5,2,0.23529411764705882,6
2025_REG_03_PIT_NE_20250921,27,0.5,2,0.5555555555555556,6
2025_REG_04_BAL_KC_20250928,3,0.3333333333333333,3,0.6842105263157895,5
2025_REG_04_BAL_KC_20250928,16,0.3333333333333333,3,0.85,6
2025_REG_04_CAR_NE_20250928,5,0.3333333333333333,3,0.29411764705882354,6
2025_REG_04_CAR_NE_20250928,22,0.3333333333333333,3,0.23529411764705882,6
2025_REG_04_CHI_LV_20250928,6,0.3333333333333333,3,0.29411764705882354,6
2025_REG_04_CHI_LV_20250928,19,0.3333333333333333,3,0.23529411764705882,6
2025_REG_04_CIN_DEN_20250929,7,0.6666666666666666,3,0.5294117647058824,7
2025_REG_04_CIN_DEN_20250929,10,0.3333333333333333,3,0.5555555555555556,7
2025_REG_04_CLE_DET_20250928,8,0.3333333333333333,3,0.17647058823529413,6
2025_REG_04_CLE_DET_20250928,11,0.6666666666666666,3,0.8333333333333334,5
2025_REG_04_GB_DAL_20250928,9,0.3333333333333333,3,0.4117647058823529,6
2025_REG_04_GB_DAL_20250928,12,0.6666666666666666,3,0.6111111111111112,6
2025_REG_04_IND_LAR_20250928,14,1.0,3,0.47058823529411764,6
2025_REG_04_IND_LAR_20250928,18,0.6666666666666666,3,0.5789473684210527,6
2025_REG_04_JAX_SF_20250928,15,0.6666666666666666,3,0.23529411764705882,6
2025_REG_04_JAX_SF_20250928,29,1.0,3,0.35294117647058826,6
2025_REG_04_LAC_NYG_20250928,17,1.0,3,0.6111111111111112,6
2025_REG_04_LAC_NYG_20250928,24,0.0,3,0.17647058823529413,6
2025_REG_04_MIN_PIT_20250928,21,0.6666666666666666,3,0.7777777777777778,6
2025_REG_04_MIN_PIT_20250928,27,0.6666666666666666,3,0.5555555555555556,6
2025_REG_04_NO_BUF_20250928,4,1.0,3,0.75,9
2025_REG_04_NO_BUF_20250928,23,0.0,3,0.29411764705882354,6
2025_REG_04_NYJ_MIA_20250929,20,0.0,3,0.47058823529411764,10
2025_REG_04_NYJ_MIA_20250929,25,0.0,3,0.29411764705882354,7
2025_REG_04_PHI_TB_20250928,26,1.0,3,0.8571428571428571,6
2025_REG_04_PHI_TB_20250928,30,1.0,3,0.5555555555555556,6
2025_REG_04_SEA_ARI_20250925,1,0.6666666666666666,3,0.47058823529411764,3
2025_REG_04_SEA_ARI_20250925,28,0.6666666666666666,3,0.5882352941176471,3
2025_REG_04_TEN_HOU_20250928,13,0.0,3,0.5789473684210527,6
2025_REG_04_TEN_HOU_20250928,31,0.0,3,0.17647058823529413,6
2025_REG_04_WSH_ATL_20250928,2,0.3333333333333333,3,0.47058823529411764,6
2025_REG_04_WSH_ATL_20250928,32,0.6666666666666666,3,0.7,6
2025_REG_05_DAL_NYJ_20251005,9,0.375,4,0.4117647058823529,6
2025_REG_05_DAL_NYJ_20251005,25,0.0,4,0.29411764705882354,5
2025_REG_05_DEN_PHI_20251005,10,0.5,4,0.5555555555555556,5
2025_REG_05_DEN_PHI_20251005,26,1.0,4,0.8571428571428571,6
2025_REG_05_DET_CIN_20251005,7,0.5,4,0.5294117647058824,5
2025_REG_05_DET_CIN_20251005,11,0.75,4,0.8333333333333334,6
2025_REG_05_HOU_BAL_20251005,3,0.25,4,0.6842105263157895,6
2025_REG_05_HOU_BAL_20251005,13,0.25,4,0.5789473684210527,6
2025_REG_05_KC_JAX_20251006,15,0.75,4,0.23529411764705882,7
2025_REG_05_KC_JAX_20251006,16,0.5,4,0.85,7
2025_REG_05_LV_IND_20251005,14,0.75,4,0.47058823529411764,6
2025_REG_05_LV_IND_20251005,19,0.25,4,0.23529411764705882,6
2025_REG_05_MIA_CAR_20251005,5,0.25,4,0.29411764705882354,6
2025_REG_05_MIA_CAR_20251005,20,0.25,4,0.47058823529411764,5
2025_REG_05_MIN_CLE_20251005,8,0.25,4,0.17647058823529413,6
2025_REG_05_MIN_CLE_20251005,21,0.5,4,0.7777777777777778,6
2025_REG_05_NE_BUF_20251005,4,1.0,4,0.75,6
2025_REG_05_NE_BUF_20251005,22,0.5,4,0.23529411764705882,6
2025_REG_05_NYG_NO_20251005,23,0.0,4,0.29411764705882354,6
2025_REG_05_NYG_NO_20251005,24,0.25,4,0.17647058823529413,6
2025_REG_05_SF_LAR_20251002,18,0.75,4,0.5789473684210527,3
2025_REG_05_SF_LAR_20251002,29,0.75,4,0.35294117647058826,3
2025_REG_05_TB_SEA_20251005,28,0.75,4,0.5882352941176471,9
2025_REG_05_TB_SEA_20251005,30,0.75,4,0.5555555555555556,6
2025_REG_05_TEN_ARI_20251005,1,0.5,4,0.47058823529411764,9
2025_REG_05_TEN_ARI_20251005,31,0.0,4,0.17647058823529413,6
2025_REG_05_WSH_LAC_20251005,17,0.75,4,0.6111111111111112,6
2025_REG_05_WSH_LAC_20251005,32,0.5,4,0.7,6
2025_REG_06_ARI_IND_20251012,1,0.4,5,0.47058823529411764,6
2025_REG_06_ARI_IND_20251012,14,0.8,5,0.47058823529411764,6
2025_REG_06_BUF_ATL_20251013,2,0.5,4,0.47058823529411764,14
2025_REG_06_BUF_ATL_20251013,4,0.8,5,0.75,7
2025_REG_06_CHI_WSH_20251013,6,0.5,4,0.29411764705882354,14
2025_REG_06_CHI_WSH_20251013,32,0.6,5,0.7,7
2025_REG_06_CIN_GB_20251012,7,0.4,5,0.5294117647058824,6
2025_REG_06_CIN_GB_20251012,12,0.625,4,0.6111111111111112,13
2025_REG_06_CLE_PIT_20251012,8,0.2,5,0.17647058823529413,6
2025_REG_06_CLE_PIT_20251012,27,0.75,4,0.5555555555555556,13
2025_REG_06_DAL_CAR_20251012,5,0.4,5,0.29411764705882354,6
2025_REG_06_DAL_CAR_20251012,9,0.5,5,0.4117647058823529,6
2025_REG_06_DEN_NYJ_20251012,10,0.6,5,0.5555555555555556,6
2025_REG_06_DEN_NYJ_20251012,25,0.0,5,0.29411764705882354,6
2025_REG_06_DET_KC_20251012,11,0.8,5,0.8333333333333334,6
2025_REG_06_DET_KC_20251012,16,0.4,5,0.85,5
2025_REG_06_LAC_MIA_20251012,17,0.6,5,0.6111111111111112,6
2025_REG_06_LAC_MIA_20251012,20,0.2,5,0.47058823529411764,6
2025_REG_06_LAR_BAL_20251012,3,0.2,5,0.6842105263157895,6
2025_REG_06_LAR_BAL_20251012,18,0.6,5,0.5789473684210527,9
2025_REG_06_NE_NO_20251012,22,0.6,5,0.23529411764705882,6
2025_REG_06_NE_NO_20251012,23,0.2,5,0.29411764705882354,6
2025_REG_06_PHI_NYG_20251009,24,0.2,5,0.17647058823529413,3
2025_REG_06_PHI_NYG_20251009,26,0.8,5,0.8571428571428571,3
2025_REG_06_SEA_JAX_20251012,15,0.8,5,0.23529411764705882,5
2025_REG_06_SEA_JAX_20251012,28,0.6,5,0.5882352941176471,6
2025_REG_06_SF_TB_20251012,29,0.8,5,0.35294117647058826,9
2025_REG_06_SF_TB_20251012,30,0.8,5,0.5555555555555556,6
2025_REG_06_TEN_LV_20251012,19,0.2,5,0.23529411764705882,6
2025_REG_06_TEN_LV_20251012,31,0.2,5,0.17647058823529413,6
2025_REG_07_ATL_SF_20251019,2,0.6,5,0.47058823529411764,5
2025_REG_07_ATL_SF_20251019,29,0.6666666666666666,6,0.35294117647058826,6
2025_REG_07_CAR_NYJ_20251019,5,0.5,6,0.29411764705882354,6
2025_REG_07_CAR_NYJ_20251019,25,0.0,6,0.29411764705882354,6
2025_REG_07_GB_ARI_20251019,1,0.3333333333333333,6,0.47058823529411764,6
2025_REG_07_GB_ARI_20251019,12,0.7,5,0.6111111111111112,6
2025_REG_07_HOU_SEA_20251020,13,0.4,5,0.5789473684210527,14
2025_REG_07_HOU_SEA_20251020,28,0.6666666666666666,6,0.5882352941176471,7
2025_REG_07_IND_LAC_20251019,14,0.8333333333333334,6,0.47058823529411764,6
2025_REG_07_IND_LAC_20251019,17,0.6666666666666666,6,0.6111111111111112,6
2025_REG_07_LAR_JAX_20251019,15,0.6666666666666666,6,0.23529411764705882,6
2025_REG_07_LAR_JAX_20251019,18,0.6666666666666666,6,0.5789473684210527,6
2025_REG_07_LV_KC_20251019,16,0.5,6,0.85,6
2025_REG_07_LV_KC_20251019,19,0.3333333333333333,6,0.23529411764705882,6
2025_REG_07_MIA_CLE_20251019,8,0.16666666666666666,6,0.17647058823529413,6
2025_REG_07_MIA_CLE_20251019,20,0.16666666666666666,6,0.47058823529411764,6
2025_REG_07_NE_TEN_20251019,22,0.6666666666666666,6,0.23529411764705882,6
2025_REG_07_NE_TEN_20251019,31,0.16666666666666666,6,0.17647058823529413,6
2025_REG_07_NO_CHI_20251019,6,0.6,5,0.29411764705882354,5
2025_REG_07_NO_CHI_20251019,23,0.16666666666666666,6,0.29411764705882354,6
2025_REG_07_NYG_DEN_20251019,10,0.6666666666666666,6,0.5555555555555556,6
2025_REG_07_NYG_DEN_20251019,24,0.3333333333333333,6,0.17647058823529413,9
2025_REG_07_PHI_MIN_20251019,21,0.6,5,0.7777777777777778,13
2025_REG_07_PHI_MIN_20251019,26,0.6666666666666666,6,0.8571428571428571,9
2025_REG_07_PIT_CIN_20251016,7,0.3333333333333333,6,0.5294117647058824,3
2025_REG_07_PIT_CIN_20251016,27,0.8,5,0.5555555555555556,3
2025_REG_07_TB_DET_20251020,11,0.6666666666666666,6,0.8333333333333334,7
2025_REG_07_TB_DET_20251020,30,0.8333333333333334,6,0.5555555555555556,7
2025_REG_07_WSH_DAL_20251019,9,0.4166666666666667,6,0.4117647058823529,6
2025_REG_07_WSH_DAL_20251019,32,0.5,6,0.7,5
2025_REG_08_BUF_CAR_20251026,4,0.6666666666666666,6,0.75,12
2025_REG_08_BUF_CAR_20251026,5,0.5714285714285714,7,0.29411764705882354,6
2025_REG_08_CHI_BAL_20251026,3,0.16666666666666666,6,0.6842105263157895,13
2025_REG_08_CHI_BAL_20251026,6,0.6666666666666666,6,0.29411764705882354,6
2025_REG_08_CLE_NE_20251026,8,0.2857142857142857,7,0.17647058823529413,6
2025_REG_08_CLE_NE_20251026,22,0.7142857142857143,7,0.23529411764705882,6
2025_REG_08_DAL_DEN_20251026,9,0.5,7,0.4117647058823529,6
2025_REG_08_DAL_DEN_20251026,10,0.7142857142857143,7,0.5555555555555556,6
2025_REG_08_GB_PIT_20251026,12,0.75,6,0.6111111111111112,6
2025_REG_08_GB_PIT_20251026,27,0.6666666666666666,6,0.5555555555555556,9
2025_REG_08_MIA_ATL_20251026,2,0.5,6,0.47058823529411764,6
2025_REG_08_MIA_ATL_20251026,20,0.14285714285714285,7,0.47058823529411764,6
2025_REG_08_MIN_LAC_20251023,17,0.5714285714285714,7,0.6111111111111112,3
2025_REG_08_MIN_LAC_20251023,21,0.5,6,0.7777777777777778,3
2025_REG_08_NYG_PHI_20251026,24,0.2857142857142857,7,0.17647058823529413,6
2025_REG_08_NYG_PHI_20251026,26,0.7142857142857143,7,0.8571428571428571,6
2025_REG_08_NYJ_CIN_20251026,7,0.42857142857142855,7,0.5294117647058824,9
2025_REG_08_NYJ_CIN_20251026,25,0.0,7,0.29411764705882354,6
2025_REG_08_SF_HOU_20251026,13,0.3333333333333333,6,0.5789473684210527,5
2025_REG_08_SF_HOU_20251026,29,0.7142857142857143,7,0.35294117647058826,6
2025_REG_08_TB_NO_20251026,23,0.14285714285714285,7,0.29411764705882354,6
2025_REG_08_TB_NO_20251026,30,0.7142857142857143,7,0.5555555555555556,5
2025_REG_08_TEN_IND_20251026,14,0.8571428571428571,7,0.47058823529411764,6
2025_REG_08_TEN_IND_20251026,31,0.14285714285714285,7,0.17647058823529413,6
2025_REG_08_WSH_KC_20251027,16,0.5714285714285714,7,0.85,7
2025_REG_08_WSH_KC_20251027,32,0.42857142857142855,7,0.7,7
2025_REG_09_ARI_DAL_20251103,1,0.2857142857142857,7,0.47058823529411764,14
2025_REG_09_ARI_DAL_20251103,9,0.4375,8,0.4117647058823529,7
2025_REG_09_ATL_NE_20251102,2,0.42857142857142855,7,0.47058823529411764,6
2025_REG_09_ATL_NE_20251102,22,0.75,8,0.23529411764705882,6
2025_REG_09_BAL_MIA_20251030,3,0.2857142857142857,7,0.6842105263157895,3
2025_REG_09_BAL_MIA_20251030,20,0.25,8,0.47058823529411764,3
2025_REG_09_CAR_GB_20251102,5,0.5,8,0.29411764705882354,6
2025_REG_09_CAR_GB_20251102,12,0.7857142857142857,7,0.6111111111111112,6
2025_REG_09_CHI_CIN_20251102,6,0.5714285714285714,7,0.29411764705882354,6
2025_REG_09_CHI_CIN_20251102,7,0.375,8,0.5294117647058824,6
2025_REG_09_DEN_HOU_20251102,10,0.75,8,0.5555555555555556,6
2025_REG_09_DEN_HOU_20251102,13,0.42857142857142855,7,0.5789473684210527,6
2025_REG_09_IND_PIT_20251102,14,0.875,8,0.47058823529411764,6
2025_REG_09_IND_PIT_20251102,27,0.5714285714285714,7,0.5555555555555556,6
2025_REG_09_JAX_LV_20251102,15,0.5714285714285714,7,0.23529411764705882,13
2025_REG_09_JAX_LV_20251102,19,0.2857142857142857,7,0.23529411764705882,13
2025_REG_09_KC_BUF_20251102,4,0.7142857142857143,7,0.75,6
2025_REG_09_KC_BUF_20251102,16,0.625,8,0.85,5
2025_REG_09_LAC_TEN_20251102,17,0.625,8,0.6111111111111112,9
2025_REG_09_LAC_TEN_20251102,31,0.125,8,0.17647058823529413,6
2025_REG_09_MIN_DET_20251102,11,0.7142857142857143,7,0.8333333333333334,12
2025_REG_09_MIN_DET_20251102,21,0.42857142857142855,7,0.7777777777777778,9
2025_REG_09_NO_LAR_20251102,18,0.7142857142857143,7,0.5789473684210527,13
2025_REG_09_NO_LAR_20251102,23,0.125,8,0.29411764705882354,6
2025_REG_09_SEA_WSH_20251102,28,0.7142857142857143,7,0.5882352941176471,12
2025_REG_09_SEA_WSH_20251102,32,0.375,8,0.7,5
2025_REG_09_SF_NYG_20251102,24,0.25,8,0.17647058823529413,6
2025_REG_09_SF_NYG_20251102,29,0.625,8,0.35294117647058826,6
2025_REG_10_ARI_SEA_20251109,1,0.375,8,0.47058823529411764,5
2025_REG_10_ARI_SEA_20251109,28,0.75,8,0.5882352941176471,6
2025_REG_10_ATL_IND_20251109,2,0.375,8,0.47058823529411764,6
2025_REG_10_ATL_IND_20251109,14,0.7777777777777778,9,0.47058823529411764,6
2025_REG_10_BAL_MIN_20251109,3,0.375,8,0.6842105263157895,9
2025_REG_10_BAL_MIN_20251109,21,0.5,8,0.7777777777777778,6
2025_REG_10_BUF_MIA_20251109,4,0.75,8,0.75,6
2025_REG_10_BUF_MIA_20251109,20,0.2222222222222222,9,0.47058823529411764,9
2025_REG_10_CLE_NYJ_20251109,8,0.25,8,0.17647058823529413,13
2025_REG_10_CLE_NYJ_20251109,25,0.125,8,0.29411764705882354,13
2025_REG_10_DET_WSH_20251109,11,0.625,8,0.8333333333333334,6
2025_REG_10_DET_WSH_20251109,32,0.3333333333333333,9,0.7,6
2025_REG_10_JAX_HOU_20251109,13,0.375,8,0.5789473684210527,6
2025_REG_10_JAX_HOU_20251109,15,0.625,8,0.23529411764705882,6
2025_REG_10_LAR_SF_20251109,18,0.75,8,0.5789473684210527,6
2025_REG_10_LAR_SF_20251109,29,0.6666666666666666,9,0.35294117647058826,6
2025_REG_10_LV_DEN_20251106,10,0.7777777777777778,9,0.5555555555555556,3
2025_REG_10_LV_DEN_20251106,19,0.25,8,0.23529411764705882,3
2025_REG_10_NE_TB_20251109,22,0.7777777777777778,9,0.23529411764705882,6
2025_REG_10_NE_TB_20251109,30,0.75,8,0.5555555555555556,13
2025_REG_10_NO_CAR_20251109,5,0.5555555555555556,9,0.29411764705882354,6
2025_REG_10_NO_CAR_20251109,23,0.1111111111111111,9,0.29411764705882354,6
2025_REG_10_NYG_CHI_20251109,6,0.625,8,0.29411764705882354,6
2025_REG_10_NYG_CHI_20251109,24,0.2222222222222222,9,0.17647058823529413,6
2025_REG_10_PHI_GB_20251110,12,0.6875,8,0.6111111111111112,7
2025_REG_10_PHI_GB_20251110,26,0.75,8,0.8571428571428571,14
2025_REG_10_PIT_LAC_20251109,17,0.6666666666666666,9,0.6111111111111112,6
2025_REG_10_PIT_LAC_20251109,27,0.625,8,0.5555555555555556,6
2025_REG_11_BAL_CLE_20251116,3,0.4444444444444444,9,0.6842105263157895,6
2025_REG_11_BAL_CLE_20251116,8,0.2222222222222222,9,0.17647058823529413,6
2025_REG_11_CAR_ATL_20251116,2,0.3333333333333333,9,0.47058823529411764,6
2025_REG_11_CAR_ATL_20251116,5,0.5,10,0.29411764705882354,6
2025_REG_11_CHI_MIN_20251116,6,0.6666666666666666,9,0.29411764705882354,6
2025_REG_11_CHI_MIN_20251116,21,0.4444444444444444,9,0.7777777777777778,6
2025_REG_11_CIN_PIT_20251116,7,0.3333333333333333,9,0.5294117647058824,13
2025_REG_11_CIN_PIT_20251116,27,0.5555555555555556,9,0.5555555555555556,6
2025_REG_11_DAL_LV_20251117,9,0.3888888888888889,9,0.4117647058823529,13
2025_REG_11_DAL_LV_20251117,19,0.2222222222222222,9,0.23529411764705882,10
2025_REG_11_DET_PHI_20251116,11,0.6666666666666666,9,0.8333333333333334,6
2025_REG_11_DET_PHI_20251116,26,0.7777777777777778,9,0.8571428571428571,5
2025_REG_11_GB_NYG_20251116,12,0.6111111111111112,9,0.6111111111111112,5
2025_REG_11_GB_NYG_20251116,24,0.2,10,0.17647058823529413,6
2025_REG_11_HOU_TEN_20251116,13,0.4444444444444444,9,0.5789473684210527,6
2025_REG_11_HOU_TEN_20251116,31,0.1111111111111111,9,0.17647058823529413,13
2025_REG_11_KC_DEN_20251116,10,0.8,10,0.5555555555555556,9
2025_REG_11_KC_DEN_20251116,16,0.5555555555555556,9,0.85,13
2025_REG_11_LAC_JAX_20251116,15,0.5555555555555556,9,0.23529411764705882,6
2025_REG_11_LAC_JAX_20251116,17,0.7,10,0.6111111111111112,6
2025_REG_11_NYJ_NE_20251113,22,0.8,10,0.23529411764705882,3
2025_REG_11_NYJ_NE_20251113,25,0.2222222222222222,9,0.29411764705882354,3
2025_REG_11_SEA_LAR_20251116,18,0.7777777777777778,9,0.5789473684210527,6
2025_REG_11_SEA_LAR_20251116,28,0.7777777777777778,9,0.5882352941176471,6
2025_REG_11_SF_ARI_20251116,1,0.3333333333333333,9,0.47058823529411764,6
2025_REG_11_SF_ARI_20251116,29,0.6,10,0.35294117647058826,6
2025_REG_11_TB_BUF_20251116,4,0.6666666666666666,9,0.75,6
2025_REG_11_TB_BUF_20251116,30,0.6666666666666666,9,0.5555555555555556,6
2025_REG_11_WSH_MIA_20251116,20,0.3,10,0.47058823529411764,6
2025_REG_11_WSH_MIA_20251116,32,0.3,10,0.7,6
2025_REG_12_ATL_NO_20251123,2,0.3,10,0.47058823529411764,6
2025_REG_12_ATL_NO_20251123,23,0.2,10,0.29411764705882354,13
2025_REG_12_BUF_HOU_20251120,4,0.7,10,0.75,3
2025_REG_12_BUF_HOU_20251120,13,0.5,10,0.5789473684210527,3
2025_REG_12_CAR_SF_20251124,5,0.5454545454545454,11,0.29411764705882354,7
2025_REG_12_CAR_SF_20251124,29,0.6363636363636364,11,0.35294117647058826,7
2025_REG_12_CLE_LV_20251123,8,0.2,10,0.17647058823529413,6
2025_REG_12_CLE_LV_20251123,19,0.2,10,0.23529411764705882,5
2025_REG_12_IND_KC_20251123,14,0.8,10,0.47058823529411764,13
2025_REG_12_IND_KC_20251123,16,0.5,10,0.85,6
2025_REG_12_JAX_ARI_20251123,1,0.3,10,0.47058823529411764,6
2025_REG_12_JAX_ARI_20251123,15,0.6,10,0.23529411764705882,6
2025_REG_12_MIN_GB_20251123,12,0.65,10,0.6111111111111112,6
2025_REG_12_MIN_GB_20251123,21,0.4,10,0.7777777777777778,6
2025_REG_12_NE_CIN_20251123,7,0.3,10,0.5294117647058824,6
2025_REG_12_NE_CIN_20251123,22,0.8181818181818182,11,0.23529411764705882,9
2025_REG_12_NYG_DET_20251123,11,0.6,10,0.8333333333333334,6
2025_REG_12_NYG_DET_20251123,24,0.18181818181818182,11,0.17647058823529413,6
2025_REG_12_NYJ_BAL_20251123,3,0.5,10,0.6842105263157895,6
2025_REG_12_NYJ_BAL_20251123,25,0.2,10,0.29411764705882354,9
2025_REG_12_PHI_DAL_20251123,9,0.45,10,0.4117647058823529,5
2025_REG_12_PHI_DAL_20251123,26,0.8,10,0.8571428571428571,6
2025_REG_12_PIT_CHI_20251123,6,0.7,10,0.29411764705882354,6
2025_REG_12_PIT_CHI_20251123,27,0.6,10,0.5555555555555556,6
2025_REG_12_SEA_TEN_20251123,28,0.7,10,0.5882352941176471,6
2025_REG_12_SEA_TEN_20251123,31,0.1,10,0.17647058823529413,6
2025_REG_12_TB_LAR_20251123,18,0.8,10,0.5789473684210527,6
2025_REG_12_TB_LAR_20251123,30,0.6,10,0.5555555555555556,6
2025_REG_13_ARI_TB_20251130,1,0.2727272727272727,11,0.47058823529411764,6
2025_REG_13_ARI_TB_20251130,30,0.5454545454545454,11,0.5555555555555556,6
2025_REG_13_ATL_NYJ_20251130,2,0.36363636363636365,11,0.47058823529411764,6
2025_REG_13_ATL_NYJ_20251130,25,0.18181818181818182,11,0.29411764705882354,6
2025_REG_13_BUF_PIT_20251130,4,0.6363636363636364,11,0.75,9
2025_REG_13_BUF_PIT_20251130,27,0.5454545454545454,11,0.5555555555555556,6
2025_REG_13_CHI_PHI_20251128,6,0.7272727272727273,11,0.29411764705882354,4
2025_REG_13_CHI_PHI_20251128,26,0.7272727272727273,11,0.8571428571428571,4
2025_REG_13_CIN_BAL_20251127,3,0.5454545454545454,11,0.6842105263157895,3
2025_REG_13_CIN_BAL_20251127,7,0.2727272727272727,11,0.5294117647058824,3
2025_REG_13_DEN_WSH_20251130,10,0.8181818181818182,11,0.5555555555555556,13
2025_REG_13_DEN_WSH_20251130,32,0.2727272727272727,11,0.7,13
2025_REG_13_GB_DET_20251127,11,0.6363636363636364,11,0.8333333333333334,3
2025_REG_13_GB_DET_20251127,12,0.6818181818181818,11,0.6111111111111112,3
2025_REG_13_HOU_IND_20251130,13,0.5454545454545454,11,0.5789473684210527,9
2025_REG_13_HOU_IND_20251130,14,0.7272727272727273,11,0.47058823529411764,6
2025_REG_13_JAX_TEN_20251130,15,0.6363636363636364,11,0.23529411764705882,6
2025_REG_13_JAX_TEN_20251130,31,0.09090909090909091,11,0.17647058823529413,6
2025_REG_13_KC_DAL_20251127,9,0.5,11,0.4117647058823529,3
2025_REG_13_KC_DAL_20251127,16,0.5454545454545454,11,0.85,3
2025_REG_13_LAR_CAR_20251130,5,0.5,12,0.29411764705882354,5
2025_REG_13_LAR_CAR_20251130,18,0.8181818181818182,11,0.5789473684210527,6
2025_REG_13_LV_LAC_20251130,17,0.6363636363636364,11,0.6111111111111112,13
2025_REG_13_LV_LAC_20251130,19,0.18181818181818182,11,0.23529411764705882,6
2025_REG_13_MIN_SEA_20251130,21,0.36363636363636365,11,0.7777777777777778,6
2025_REG_13_MIN_SEA_20251130,28,0.7272727272727273,11,0.5882352941176471,6
2025_REG_13_NO_MIA_20251130,20,0.36363636363636365,11,0.47058823529411764,13
2025_REG_13_NO_MIA_20251130,23,0.18181818181818182,11,0.29411764705882354,6
2025_REG_13_NYG_NE_20251201,22,0.8333333333333334,12,0.23529411764705882,7
2025_REG_13_NYG_NE_20251201,24,0.16666666666666666,12,0.17647058823529413,7
2025_REG_13_SF_CLE_20251130,8,0.2727272727272727,11,0.17647058823529413,6
2025_REG_13_SF_CLE_20251130,29,0.6666666666666666,12,0.35294117647058826,5
2025_REG_14_CHI_GB_20251207,6,0.75,12,0.29411764705882354,8
2025_REG_14_CHI_GB_20251207,12,0.7083333333333334,12,0.6111111111111112,9
2025_REG_14_CIN_BUF_20251207,4,0.6666666666666666,12,0.75,6
2025_REG_14_CIN_BUF_20251207,7,0.3333333333333333,12,0.5294117647058824,9
2025_REG_14_DAL_DET_20251204,9,0.5416666666666666,12,0.4117647058823529,6
2025_REG_14_DAL_DET_20251204,11,0.5833333333333334,12,0.8333333333333334,6
2025_REG_14_DEN_LV_20251207,10,0.8333333333333334,12,0.5555555555555556,6
2025_REG_14_DEN_LV_20251207,19,0.16666666666666666,12,0.23529411764705882,6
2025_REG_14_HOU_KC_20251207,13,0.5833333333333334,12,0.5789473684210527,6
2025_REG_14_HOU_KC_20251207,16,0.5,12,0.85,9
2025_REG_14_IND_JAX_20251207,14,0.6666666666666666,12,0.47058823529411764,6
2025_REG_14_IND_JAX_20251207,15,0.6666666666666666,12,0.23529411764705882,6
2025_REG_14_LAR_ARI_20251207,1,0.25,12,0.47058823529411764,6
2025_REG_14_LAR_ARI_20251207,18,0.75,12,0.5789473684210527,6
2025_REG_14_MIA_NYJ_20251207,20,0.4166666666666667,12,0.47058823529411764,6
2025_REG_14_MIA_NYJ_20251207,25,0.25,12,0.29411764705882354,6
2025_REG_14_NO_TB_20251207,23,0.16666666666666666,12,0.29411764705882354,6
2025_REG_14_NO_TB_20251207,30,0.5833333333333334,12,0.5555555555555556,6
2025_REG_14_PHI_LAC_20251208,17,0.6666666666666666,12,0.6111111111111112,7
2025_REG_14_PHI_LAC_20251208,26,0.6666666666666666,12,0.8571428571428571,9
2025_REG_14_PIT_BAL_20251207,3,0.5,12,0.6842105263157895,9
2025_REG_14_PIT_BAL_20251207,27,0.5,12,0.5555555555555556,6
2025_REG_14_SEA_ATL_20251207,2,0.3333333333333333,12,0.47058823529411764,6
2025_REG_14_SEA_ATL_20251207,28,0.75,12,0.5882352941176471,6
2025_REG_14_TEN_CLE_20251207,8,0.25,12,0.17647058823529413,6
2025_REG_14_TEN_CLE_20251207,31,0.08333333333333333,12,0.17647058823529413,6
2025_REG_14_WSH_MIN_20251207,21,0.3333333333333333,12,0.7777777777777778,6
2025_REG_14_WSH_MIN_20251207,32,0.25,12,0.7,6
2025_REG_15_ARI_HOU_20251214,1,0.23076923076923078,13,0.47058823529411764,6
2025_REG_15_ARI_HOU_20251214,13,0.6153846153846154,13,0.5789473684210527,6
2025_REG_15_ATL_TB_20251211,2,0.3076923076923077,13,0.47058823529411764,3
2025_REG_15_ATL_TB_20251211,30,0.5384615384615384,13,0.5555555555555556,3
2025_REG_15_BAL_CIN_20251214,3,0.46153846153846156,13,0.6842105263157895,6
2025_REG_15_BAL_CIN_20251214,7,0.3076923076923077,13,0.5294117647058824,6
2025_REG_15_BUF_NE_20251214,4,0.6923076923076923,13,0.75,6
2025_REG_15_BUF_NE_20251214,22,0.8461538461538461,13,0.23529411764705882,12
2025_REG_15_CAR_NO_20251214,5,0.5384615384615384,13,0.29411764705882354,13
2025_REG_15_CAR_NO_20251214,23,0.23076923076923078,13,0.29411764705882354,6
2025_REG_15_CLE_CHI_20251214,6,0.6923076923076923,13,0.29411764705882354,6
2025_REG_15_CLE_CHI_20251214,8,0.23076923076923078,13,0.17647058823529413,6
2025_REG_15_DET_LAR_20251214,11,0.6153846153846154,13,0.8333333333333334,9
2025_REG_15_DET_LAR_20251214,18,0.7692307692307693,13,0.5789473684210527,6
2025_REG_15_GB_DEN_20251214,10,0.8461538461538461,13,0.5555555555555556,6
2025_REG_15_GB_DEN_20251214,12,0.7307692307692307,13,0.6111111111111112,6
2025_REG_15_IND_SEA_20251214,14,0.6153846153846154,13,0.47058823529411764,6
2025_REG_15_IND_SEA_20251214,28,0.7692307692307693,13,0.5882352941176471,6
2025_REG_15_LAC_KC_20251214,16,0.46153846153846156,13,0.85,6
2025_REG_15_LAC_KC_20251214,17,0.6923076923076923,13,0.6111111111111112,5
2025_REG_15_LV_PHI_20251214,19,0.15384615384615385,13,0.23529411764705882,6
2025_REG_15_LV_PHI_20251214,26,0.6153846153846154,13,0.8571428571428571,5
2025_REG_15_MIA_PIT_20251215,20,0.46153846153846156,13,0.47058823529411764,7
2025_REG_15_MIA_PIT_20251215,27,0.5384615384615384,13,0.5555555555555556,7
2025_REG_15_MIN_DAL_20251214,9,0.5,13,0.4117647058823529,9
2025_REG_15_MIN_DAL_20251214,21,0.38461538461538464,13,0.7777777777777778,6
2025_REG_15_NYJ_JAX_20251214,15,0.6923076923076923,13,0.23529411764705882,6
2025_REG_15_NYJ_JAX_20251214,25,0.23076923076923078,13,0.29411764705882354,6
2025_REG_15_TEN_SF_20251214,29,0.6923076923076923,13,0.35294117647058826,13
2025_REG_15_TEN_SF_20251214,31,0.15384615384615385,13,0.17647058823529413,6
2025_REG_15_WSH_NYG_20251214,24,0.15384615384615385,13,0.17647058823529413,12
2025_REG_15_WSH_NYG_20251214,32,0.23076923076923078,13,0.7,6
2025_REG_16_ATL_ARI_20251221,1,0.21428571428571427,14,0.47058823529411764,6
2025_REG_16_ATL_ARI_20251221,2,0.35714285714285715,14,0.47058823529411764,9
2025_REG_16_BUF_CLE_20251221,4,0.7142857142857143,14,0.75,6
2025_REG_16_BUF_CLE_20251221,8,0.21428571428571427,14,0.17647058823529413,6
2025_REG_16_CIN_MIA_20251221,7,0.2857142857142857,14,0.5294117647058824,6
2025_REG_16_CIN_MIA_20251221,20,0.42857142857142855,14,0.47058823529411764,5
2025_REG_16_GB_CHI_20251220,6,0.7142857142857143,14,0.29411764705882354,5
2025_REG_16_GB_CHI_20251220,12,0.6785714285714286,14,0.6111111111111112,5
2025_REG_16_JAX_DEN_20251221,10,0.8571428571428571,14,0.5555555555555556,6
2025_REG_16_JAX_DEN_20251221,15,0.7142857142857143,14,0.23529411764705882,6
2025_REG_16_KC_TEN_20251221,16,0.42857142857142855,14,0.85,6
2025_REG_16_KC_TEN_20251221,31,0.14285714285714285,14,0.17647058823529413,6
2025_REG_16_LAC_DAL_20251221,9,0.4642857142857143,14,0.4117647058823529,6
2025_REG_16_LAC_DAL_20251221,17,0.7142857142857143,14,0.6111111111111112,6
2025_REG_16_LAR_SEA_20251218,18,0.7857142857142857,14,0.5789473684210527,3
2025_REG_16_LAR_SEA_20251218,28,0.7857142857142857,14,0.5882352941176471,3
2025_REG_16_LV_HOU_20251221,13,0.6428571428571429,14,0.5789473684210527,6
2025_REG_16_LV_HOU_20251221,19,0.14285714285714285,14,0.23529411764705882,6
2025_REG_16_MIN_NYG_20251221,21,0.42857142857142855,14,0.7777777777777778,6
2025_REG_16_MIN_NYG_20251221,24,0.14285714285714285,14,0.17647058823529413,6
2025_REG_16_NE_BAL_20251221,3,0.5,14,0.6842105263157895,6
2025_REG_16_NE_BAL_20251221,22,0.7857142857142857,14,0.23529411764705882,6
2025_REG_16_NYJ_NO_20251221,23,0.2857142857142857,14,0.29411764705882354,6
2025_REG_16_NYJ_NO_20251221,25,0.21428571428571427,14,0.29411764705882354,6
2025_REG_16_PHI_WSH_20251220,26,0.6428571428571429,14,0.8571428571428571,5
2025_REG_16_PHI_WSH_20251220,32,0.2857142857142857,14,0.7,5
2025_REG_16_PIT_DET_20251221,11,0.5714285714285714,14,0.8333333333333334,6
2025_REG_16_PIT_DET_20251221,27,0.5714285714285714,14,0.5555555555555556,5
2025_REG_16_SF_IND_20251222,14,0.5714285714285714,14,0.47058823529411764,7
2025_REG_16_SF_IND_20251222,29,0.7142857142857143,14,0.35294117647058826,7
2025_REG_16_TB_CAR_20251221,5,0.5,14,0.29411764705882354,6
2025_REG_16_TB_CAR_20251221,30,0.5,14,0.5555555555555556,9
2025_REG_17_ARI_CIN_20251228,1,0.2,15,0.47058823529411764,6
2025_REG_17_ARI_CIN_20251228,7,0.3333333333333333,15,0.5294117647058824,6
2025_REG_17_BAL_GB_20251227,3,0.4666666666666667,15,0.6842105263157895,5
2025_REG_17_BAL_GB_20251227,12,0.6333333333333333,15,0.6111111111111112,6
2025_REG_17_CHI_SF_20251228,6,0.7333333333333333,15,0.29411764705882354,7
2025_REG_17_CHI_SF_20251228,29,0.7333333333333333,15,0.35294117647058826,5
2025_REG_17_DAL_WSH_20251225,9,0.43333333333333335,15,0.4117647058823529,3
2025_REG_17_DAL_WSH_20251225,32,0.26666666666666666,15,0.7,4
2025_REG_17_DEN_KC_20251225,10,0.8,15,0.5555555555555556,3
2025_REG_17_DEN_KC_20251225,16,0.4,15,0.85,3
2025_REG_17_DET_MIN_20251225,11,0.5333333333333333,15,0.8333333333333334,3
2025_REG_17_DET_MIN_20251225,21,0.4666666666666667,15,0.7777777777777778,3
2025_REG_17_HOU_LAC_20251227,13,0.6666666666666666,15,0.5789473684210527,5
2025_REG_17_HOU_LAC_20251227,17,0.7333333333333333,15,0.6111111111111112,5
2025_REG_17_JAX_IND_20251228,14,0.5333333333333333,15,0.47058823529411764,5
2025_REG_17_JAX_IND_20251228,15,0.7333333333333333,15,0.23529411764705882,6
2025_REG_17_LAR_ATL_20251229,2,0.4,15,0.47058823529411764,7
2025_REG_17_LAR_ATL_20251229,18,0.7333333333333333,15,0.5789473684210527,10
2025_REG_17_NE_NYJ_20251228,22,0.8,15,0.23529411764705882,6
2025_REG_17_NE_NYJ_20251228,25,0.2,15,0.29411764705882354,6
2025_REG_17_NO_TEN_20251228,23,0.3333333333333333,15,0.29411764705882354,6
2025_REG_17_NO_TEN_20251228,31,0.2,15,0.17647058823529413,6
2025_REG_17_NYG_LV_20251228,19,0.13333333333333333,15,0.23529411764705882,6
2025_REG_17_NYG_LV_20251228,24,0.13333333333333333,15,0.17647058823529413,6
2025_REG_17_PHI_BUF_20251228,4,0.7333333333333333,15,0.75,6
2025_REG_17_PHI_BUF_20251228,26,0.6666666666666666,15,0.8571428571428571,7
2025_REG_17_PIT_CLE_20251228,8,0.2,15,0.17647058823529413,6
2025_REG_17_PIT_CLE_20251228,27,0.6,15,0.5555555555555556,6
2025_REG_17_SEA_CAR_20251228,5,0.5333333333333333,15,0.29411764705882354,6
2025_REG_17_SEA_CAR_20251228,28,0.8,15,0.5882352941176471,9
2025_REG_17_TB_MIA_20251228,20,0.4,15,0.47058823529411764,6
2025_REG_17_TB_MIA_20251228,30,0.4666666666666667,15,0.5555555555555556,6
2025_REG_18_ARI_LAR_20260104,1,0.1875,16,0.47058823529411764,6
2025_REG_18_ARI_LAR_20260104,18,0.6875,16,0.5789473684210527,5
2025_REG_18_BAL_PIT_20260104,3,0.5,16,0.6842105263157895,7
2025_REG_18_BAL_PIT_20260104,27,0.5625,16,0.5555555555555556,6
2025_REG_18_CAR_TB_20260103,5,0.5,16,0.29411764705882354,5
2025_REG_18_CAR_TB_20260103,30,0.4375,16,0.5555555555555556,5
2025_REG_18_CLE_CIN_20260104,7,0.375,16,0.5294117647058824,6
2025_REG_18_CLE_CIN_20260104,8,0.25,16,0.17647058823529413,6
2025_REG_18_DAL_NYG_20260104,9,0.46875,16,0.4117647058823529,9
2025_REG_18_DAL_NYG_20260104,24,0.1875,16,0.17647058823529413,6
2025_REG_18_DET_CHI_20260104,6,0.6875,16,0.29411764705882354,6
2025_REG_18_DET_CHI_20260104,11,0.5,16,0.8333333333333334,9
2025_REG_18_GB_MIN_20260104,12,0.59375,16,0.6111111111111112,7
2025_REG_18_GB_MIN_20260104,21,0.5,16,0.7777777777777778,9
2025_REG_18_IND_HOU_20260104,13,0.6875,16,0.5789473684210527,7
2025_REG_18_IND_HOU_20260104,14,0.5,16,0.47058823529411764,6
2025_REG_18_KC_LV_20260104,16,0.375,16,0.85,9
2025_REG_18_KC_LV_20260104,19,0.125,16,0.23529411764705882,6
2025_REG_18_LAC_DEN_20260104,10,0.8125,16,0.5555555555555556,9
2025_REG_18_LAC_DEN_20260104,17,0.6875,16,0.6111111111111112,7
2025_REG_18_MIA_NE_20260104,20,0.4375,16,0.47058823529411764,6
2025_REG_18_MIA_NE_20260104,22,0.8125,16,0.23529411764705882,6
2025_REG_18_NO_ATL_20260104,2,0.4375,16,0.47058823529411764,5
2025_REG_18_NO_ATL_20260104,23,0.375,16,0.29411764705882354,6
2025_REG_18_NYJ_BUF_20260104,4,0.6875,16,0.75,6
2025_REG_18_NYJ_BUF_20260104,25,0.1875,16,0.29411764705882354,6
2025_REG_18_SEA_SF_20260103,28,0.8125,16,0.5882352941176471,5
2025_REG_18_SEA_SF_20260103,29,0.75,16,0.35294117647058826,5
2025_REG_18_TEN_JAX_20260104,15,0.75,16,0.23529411764705882,6
2025_REG_18_TEN_JAX_20260104,31,0.1875,16,0.17647058823529413,6
2025_REG_18_WSH_PHI_20260104,26,0.6875,16,0.8571428571428571,6
2025_REG_18_WSH_PHI_20260104,32,0.25,16,0.7,9
