game_id,date_id,home_team_id,away_team_id,venue_id,attendance,start_time,season,week,game_type
2015_REG_01_BAL_DEN_20150913,20150913,10,3,11,76798,16:25,2015,1,REG
2015_REG_01_CAR_JAX_20150913,20150913,15,5,13,60733,13:00,2015,1,REG
2015_REG_01_CIN_LV_20150913,20150913,19,7,32,54500,16:25,2015,1,REG
2015_REG_01_CLE_NYJ_20150913,20150913,25,8,28,78160,13:00,2015,1,REG
2015_REG_01_DET_LAC_20150913,20150913,17,11,35,66093,16:05,2015,1,REG
2015_REG_01_GB_CHI_20150913,20150913,6,12,39,62442,13:00,2015,1,REG
2015_REG_01_IND_BUF_20150913,20150913,4,14,18,70319,13:00,2015,1,REG
2015_REG_01_KC_HOU_20150913,20150913,13,16,29,71776,13:00,2015,1,REG
2015_REG_01_MIA_WSH_20150913,20150913,32,20,31,76512,13:00,2015,1,REG
2015_REG_01_MIN_SF_20150914,20150914,29,21,21,70499,22:20,2015,1,REG
2015_REG_01_NO_ARI_20150913,20150913,1,23,40,62903,16:05,2015,1,REG
2015_REG_01_NYG_DAL_20150913,20150913,9,24,1,93579,20:30,2015,1,REG
2015_REG_01_PHI_ATL_20150914,20150914,2,26,15,70516,19:10,2015,1,REG
2015_REG_01_PIT_NE_20150910,20150910,22,27,16,66829,20:30,2015,1,REG
2015_REG_01_SEA_LAR_20150913,20150913,18,28,10,51792,13:00,2015,1,REG
2015_REG_01_TEN_TB_20150913,20150913,30,31,36,63945,16:25,2015,1,REG
2015_REG_02_ARI_CHI_20150920,20150920,6,1,39,62351,13:00,2015,2,REG
2015_REG_02_ATL_NYG_20150920,20150920,24,2,28,77678,13:00,2015,2,REG
2015_REG_02_BAL_LV_20150920,20150920,19,3,32,53500,16:05,2015,2,REG
2015_REG_02_DAL_PHI_20150920,20150920,26,9,22,69296,16:25,2015,2,REG
2015_REG_02_DEN_KC_20150917,20150917,16,10,6,76404,20:25,2015,2,REG
2015_REG_02_DET_MIN_20150920,20150920,21,11,42,52319,13:00,2015,2,REG
2015_REG_02_HOU_CAR_20150920,20150920,5,13,7,73254,13:00,2015,2,REG
2015_REG_02_LAC_CIN_20150920,20150920,7,17,34,57579,13:00,2015,2,REG
2015_REG_02_LAR_WSH_20150920,20150920,32,18,31,72460,13:00,2015,2,REG
2015_REG_02_MIA_JAX_20150920,20150920,15,20,13,65443,16:05,2015,2,REG
2015_REG_02_NE_BUF_20150920,20150920,4,22,18,70858,13:00,2015,2,REG
2015_REG_02_NYJ_IND_20150921,20150921,14,25,24,65220,20:30,2015,2,REG
2015_REG_02_SEA_GB_20150920,20150920,12,28,20,78433,20:30,2015,2,REG
2015_REG_02_SF_PIT_20150920,20150920,27,29,2,66472,13:00,2015,2,REG
2015_REG_02_TB_NO_20150920,20150920,23,30,8,73006,13:00,2015,2,REG
2015_REG_02_TEN_CLE_20150920,20150920,8,31,19,67431,13:00,2015,2,REG
2015_REG_03_ATL_DAL_20150927,20150927,9,2,1,90345,13:00,2015,3,REG
2015_REG_03_BUF_MIA_20150927,20150927,20,4,17,64869,16:25,2015,3,REG
2015_REG_03_CHI_SEA_20150927,20150927,28,6,25,69002,16:25,2015,3,REG
2015_REG_03_CIN_BAL_20150927,20150927,3,7,26,70970,13:00,2015,3,REG
2015_REG_03_DEN_DET_20150927,20150927,11,10,14,62920,20:30,2015,3,REG
2015_REG_03_IND_TEN_20150927,20150927,31,14,30,65920,13:00,2015,3,REG
2015_REG_03_JAX_NE_20150927,20150927,22,15,16,66829,13:00,2015,3,REG
2015_REG_03_KC_GB_20150928,20150928,12,16,20,78214,20:30,2015,3,REG
2015_REG_03_LAC_MIN_20150927,20150927,21,17,42,52400,13:00,2015,3,REG
2015_REG_03_LV_CLE_20150927,20150927,8,19,19,67431,13:00,2015,3,REG
2015_REG_03_NO_CAR_20150927,20150927,5,23,7,73402,13:00,2015,3,REG
2015_REG_03_PHI_NYJ_20150927,20150927,25,26,28,78160,13:00,2015,3,REG
2015_REG_03_PIT_LAR_20150927,20150927,18,27,10,52433,13:00,2015,3,REG
2015_REG_03_SF_ARI_20150927,20150927,1,29,40,63663,16:05,2015,3,REG
2015_REG_03_TB_HOU_20150927,20150927,13,30,29,71718,13:00,2015,3,REG
2015_REG_03_WSH_NYG_20150924,20150924,24,32,28,76081,20:25,2015,3,REG
2015_REG_04_BAL_PIT_20151001,20151001,27,3,2,63929,20:25,2015,4,REG
2015_REG_04_CAR_TB_20151004,20151004,30,5,36,57468,13:00,2015,4,REG
2015_REG_04_CLE_LAC_20151004,20151004,17,8,35,63710,16:05,2015,4,REG
2015_REG_04_DAL_NO_20151004,20151004,23,9,8,73009,20:30,2015,4,REG
2015_REG_04_DET_SEA_20151005,20151005,28,11,25,69005,20:30,2015,4,REG
2015_REG_04_GB_SF_20151004,20151004,29,12,21,70799,16:25,2015,4,REG
2015_REG_04_HOU_ATL_20151004,20151004,2,13,15,69904,13:00,2015,4,REG
2015_REG_04_JAX_IND_20151004,20151004,14,15,24,65609,13:00,2015,4,REG
2015_REG_04_KC_CIN_20151004,20151004,7,16,34,57498,13:00,2015,4,REG
2015_REG_04_LAR_ARI_20151004,20151004,1,18,40,63146,16:25,2015,4,REG
2015_REG_04_LV_CHI_20151004,20151004,6,19,39,62409,13:00,2015,4,REG
2015_REG_04_MIN_DEN_20151004,20151004,10,21,11,77029,16:25,2015,4,REG
2015_REG_04_NYG_BUF_20151004,20151004,4,24,18,70677,13:00,2015,4,REG
2015_REG_04_NYJ_MIA_20151004,20151004,20,25,47,83986,09:30,2015,4,REG
2015_REG_04_PHI_WSH_20151004,20151004,32,26,31,74767,13:00,2015,4,REG
2015_REG_05_ARI_DET_20151011,20151011,11,1,14,60816,16:05,2015,5,REG
2015_REG_05_BUF_TEN_20151011,20151011,31,4,30,65670,13:00,2015,5,REG
2015_REG_05_CHI_KC_20151011,20151011,16,6,6,75799,13:00,2015,5,REG
2015_REG_05_CLE_BAL_20151011,20151011,3,8,26,71046,13:00,2015,5,REG
2015_REG_05_DEN_LV_20151011,20151011,19,10,32,54500,16:25,2015,5,REG
2015_REG_05_IND_HOU_20151008,20151008,13,14,29,71732,20:25,2015,5,REG
2015_REG_05_JAX_TB_20151011,20151011,30,15,36,58490,13:00,2015,5,REG
2015_REG_05_LAR_GB_20151011,20151011,12,18,20,78432,13:00,2015,5,REG
2015_REG_05_NE_DAL_20151011,20151011,9,22,1,93054,16:25,2015,5,REG
2015_REG_05_NO_PHI_20151011,20151011,26,23,22,69296,13:00,2015,5,REG
2015_REG_05_PIT_LAC_20151012,20151012,17,27,35,67658,20:30,2015,5,REG
2015_REG_05_SEA_CIN_20151011,20151011,7,28,34,65004,13:00,2015,5,REG
2015_REG_05_SF_NYG_20151011,20151011,24,29,28,78515,20:30,2015,5,REG
2015_REG_05_WSH_ATL_20151011,20151011,2,32,15,70178,13:00,2015,5,REG
2015_REG_06_ARI_PIT_20151018,20151018,27,1,2,63846,13:00,2015,6,REG
2015_REG_06_ATL_NO_20151015,20151015,23,2,8,73018,20:25,2015,6,REG
2015_REG_06_BAL_SF_20151018,20151018,29,3,21,70799,16:25,2015,6,REG
2015_REG_06_CAR_SEA_20151018,20151018,28,5,25,69020,16:05,2015,6,REG
2015_REG_06_CHI_DET_20151018,20151018,11,6,14,57648,13:00,2015,6,REG
2015_REG_06_CIN_BUF_20151018,20151018,4,7,18,69593,13:00,2015,6,REG
2015_REG_06_DEN_CLE_20151018,20151018,8,10,19,67431,13:00,2015,6,REG
2015_REG_06_HOU_JAX_20151018,20151018,15,13,13,58085,13:00,2015,6,REG
2015_REG_06_KC_MIN_20151018,20151018,21,16,42,52480,13:00,2015,6,REG
2015_REG_06_LAC_GB_20151018,20151018,12,17,20,78434,16:25,2015,6,REG
2015_REG_06_MIA_TEN_20151018,20151018,31,20,30,62342,13:00,2015,6,REG
2015_REG_06_NE_IND_20151018,20151018,14,22,24,66726,20:30,2015,6,REG
2015_REG_06_NYG_PHI_20151019,20151019,26,24,22,69296,20:30,2015,6,REG
2015_REG_06_WSH_NYJ_20151018,20151018,25,32,28,78160,13:00,2015,6,REG
2015_REG_07_ATL_TEN_20151025,20151025,31,2,30,63329,13:00,2015,7,REG
2015_REG_07_BAL_ARI_20151026,20151026,1,3,40,64722,20:30,2015,7,REG
2015_REG_07_BUF_JAX_20151025,20151025,15,4,47,84021,09:30,2015,7,REG
2015_REG_07_CLE_LAR_20151025,20151025,18,8,10,51523,13:00,2015,7,REG
2015_REG_07_DAL_NYG_20151025,20151025,24,9,28,80319,16:25,2015,7,REG
2015_REG_07_HOU_MIA_20151025,20151025,20,13,17,65251,13:00,2015,7,REG
2015_REG_07_LV_LAC_20151025,20151025,17,19,35,67542,16:05,2015,7,REG
2015_REG_07_MIN_DET_20151025,20151025,11,21,14,60231,13:00,2015,7,REG
2015_REG_07_NO_IND_20151025,20151025,14,23,24,66420,13:00,2015,7,REG
2015_REG_07_NYJ_NE_20151025,20151025,22,25,16,66829,13:00,2015,7,REG
2015_REG_07_PHI_CAR_20151025,20151025,5,26,7,74194,20:30,2015,7,REG
2015_REG_07_PIT_KC_20151025,20151025,16,27,6,76365,13:00,2015,7,REG
2015_REG_07_SEA_SF_20151022,20151022,29,28,21,70799,20:25,2015,7,REG
2015_REG_07_TB_WSH_20151025,20151025,32,30,31,72912,13:00,2015,7,REG
2015_REG_08_ARI_CLE_20151101,20151101,8,1,19,67431,13:00,2015,8,REG
2015_REG_08_CIN_PIT_20151101,20151101,27,7,2,64750,13:00,2015,8,REG
2015_REG_08_DET_KC_20151101,20151101,16,11,47,83624,09:30,2015,8,REG
2015_REG_08_GB_DEN_20151101,20151101,10,12,11,77075,20:30,2015,8,REG
2015_REG_08_IND_CAR_20151102,20151102,5,14,7,74136,20:30,2015,8,REG
2015_REG_08_LAC_BAL_20151101,20151101,3,17,26,70829,13:00,2015,8,REG
2015_REG_08_MIA_NE_20151029,20151029,22,20,16,66829,20:25,2015,8,REG
2015_REG_08_MIN_CHI_20151101,20151101,6,21,39,62311,13:00,2015,8,REG
2015_REG_08_NYG_NO_20151101,20151101,23,24,8,73019,13:00,2015,8,REG
2015_REG_08_NYJ_LV_20151101,20151101,19,25,32,54700,16:05,2015,8,REG
2015_REG_08_SEA_DAL_20151101,20151101,9,28,1,91486,16:25,2015,8,REG
2015_REG_08_SF_LAR_20151101,20151101,18,29,10,51207,13:00,2015,8,REG
2015_REG_08_TB_ATL_20151101,20151101,2,30,15,70524,13:00,2015,8,REG
2015_REG_08_TEN_HOU_20151101,20151101,13,31,29,71630,13:00,2015,8,REG
2015_REG_09_ATL_SF_20151108,20151108,29,2,21,70799,16:05,2015,9,REG
2015_REG_09_CHI_LAC_20151109,20151109,17,6,35,68033,20:30,2015,9,REG
2015_REG_09_CLE_CIN_20151105,20151105,7,8,34,65816,20:25,2015,9,REG
2015_REG_09_DEN_IND_20151108,20151108,14,10,24,66894,16:25,2015,9,REG
2015_REG_09_GB_CAR_20151108,20151108,5,12,7,74461,13:00,2015,9,REG
2015_REG_09_JAX_NYJ_20151108,20151108,25,15,28,78160,13:00,2015,9,REG
2015_REG_09_LAR_MIN_20151108,20151108,21,18,42,52406,13:00,2015,9,REG
2015_REG_09_LV_PIT_20151108,20151108,27,19,2,65520,13:00,2015,9,REG
2015_REG_09_MIA_BUF_20151108,20151108,4,20,18,70214,13:00,2015,9,REG
2015_REG_09_NYG_TB_20151108,20151108,30,24,36,64351,16:05,2015,9,REG
2015_REG_09_PHI_DAL_20151108,20151108,9,26,1,91827,20:30,2015,9,REG
2015_REG_09_TEN_NO_20151108,20151108,23,31,8,73075,13:00,2015,9,REG
2015_REG_09_WSH_NE_20151108,20151108,22,32,16,66829,13:00,2015,9,REG
2015_REG_10_ARI_SEA_20151115,20151115,28,1,25,69005,20:30,2015,10,REG
2015_REG_10_BUF_NYJ_20151112,20151112,25,4,28,78160,20:25,2015,10,REG
2015_REG_10_CAR_TEN_20151115,20151115,31,5,30,63591,13:00,2015,10,REG
2015_REG_10_CHI_LAR_20151115,20151115,18,6,10,58653,13:00,2015,10,REG
2015_REG_10_CLE_PIT_20151115,20151115,27,8,2,64402,13:00,2015,10,REG
2015_REG_10_DAL_TB_20151115,20151115,30,9,36,64113,13:00,2015,10,REG
2015_REG_10_DET_GB_20151115,20151115,12,11,20,78526,13:00,2015,10,REG
2015_REG_10_HOU_CIN_20151116,20151116,7,13,34,61381,20:30,2015,10,REG
2015_REG_10_JAX_BAL_20151115,20151115,3,15,26,70837,13:00,2015,10,REG
2015_REG_10_KC_DEN_20151115,20151115,10,16,11,76973,16:25,2015,10,REG
2015_REG_10_MIA_PHI_20151115,20151115,26,20,22,69596,13:00,2015,10,REG
2015_REG_10_MIN_LV_20151115,20151115,19,21,32,54700,16:05,2015,10,REG
2015_REG_10_NE_NYG_20151115,20151115,24,22,28,81061,16:25,2015,10,REG
2015_REG_10_NO_WSH_20151115,20151115,32,23,31,75086,13:00,2015,10,REG
2015_REG_11_BUF_NE_20151123,20151123,22,4,16,66829,20:30,2015,11,REG
2015_REG_11_CIN_ARI_20151122,20151122,1,7,40,64745,20:30,2015,11,REG
2015_REG_11_DAL_MIA_20151122,20151122,20,9,17,65115,13:00,2015,11,REG
2015_REG_11_DEN_CHI_20151122,20151122,6,10,39,62483,13:00,2015,11,REG
2015_REG_11_GB_MIN_20151122,20151122,21,12,42,52529,16:25,2015,11,REG
2015_REG_11_IND_ATL_20151122,20151122,2,14,15,70433,13:00,2015,11,REG
2015_REG_11_KC_LAC_20151122,20151122,17,16,35,65837,16:05,2015,11,REG
2015_REG_11_LAR_BAL_20151122,20151122,3,18,26,71105,13:00,2015,11,REG
2015_REG_11_LV_DET_20151122,20151122,11,19,14,60202,13:00,2015,11,REG
2015_REG_11_NYJ_HOU_20151122,20151122,13,25,29,71718,13:00,2015,11,REG
2015_REG_11_SF_SEA_20151122,20151122,28,29,25,68993,16:25,2015,11,REG
2015_REG_11_TB_PHI_20151122,20151122,26,30,22,69596,13:00,2015,11,REG
2015_REG_11_TEN_JAX_20151119,20151119,15,31,13,60121,20:25,2015,11,REG
2015_REG_11_WSH_CAR_20151122,20151122,5,32,7,74418,13:00,2015,11,REG
2015_REG_12_ARI_SF_20151129,20151129,29,1,21,70799,16:05,2015,12,REG
2015_REG_12_BAL_CLE_20151130,20151130,8,3,19,64380,20:30,2015,12,REG
2015_REG_12_BUF_KC_20151129,20151129,16,4,6,72493,13:00,2015,12,REG
2015_REG_12_CAR_DAL_20151126,20151126,9,5,1,90909,16:30,2015,12,REG
2015_REG_12_CHI_GB_20151126,20151126,12,6,20,78488,20:30,2015,12,REG
2015_REG_12_LAC_JAX_20151129,20151129,15,17,13,59477,13:00,2015,12,REG
2015_REG_12_LAR_CIN_20151129,20151129,7,18,34,61022,13:00,2015,12,REG
2015_REG_12_LV_TEN_20151129,20151129,31,19,30,58075,13:00,2015,12,REG
2015_REG_12_MIA_NYJ_20151129,20151129,25,20,28,78160,13:00,2015,12,REG
2015_REG_12_MIN_ATL_20151129,20151129,2,21,15,70610,13:00,2015,12,REG
2015_REG_12_NE_DEN_20151129,20151129,10,22,11,76970,20:30,2015,12,REG
2015_REG_12_NO_HOU_20151129,20151129,13,23,29,71778,13:00,2015,12,REG
2015_REG_12_NYG_WSH_20151129,20151129,32,24,31,77367,13:00,2015,12,REG
2015_REG_12_PHI_DET_20151126,20151126,11,26,14,64445,12:30,2015,12,REG
2015_REG_12_PIT_SEA_20151129,20151129,28,27,25,69055,16:25,2015,12,REG
2015_REG_12_TB_IND_20151129,20151129,14,30,24,65696,13:00,2015,12,REG
2015_REG_13_ARI_LAR_20151206,20151206,18,1,10,51115,13:00,2015,13,REG
2015_REG_13_ATL_TB_20151206,20151206,30,2,36,58221,13:00,2015,13,REG
2015_REG_13_BAL_MIA_20151206,20151206,20,3,17,64519,13:00,2015,13,REG
2015_REG_13_CAR_NO_20151206,20151206,23,5,8,73097,16:25,2015,13,REG
2015_REG_13_CIN_CLE_20151206,20151206,8,7,19,64775,13:00,2015,13,REG
2015_REG_13_DAL_WSH_20151207,20151207,32,9,31,80444,20:30,2015,13,REG
2015_REG_13_DEN_LAC_20151206,20151206,17,10,35,68631,16:05,2015,13,REG
2015_REG_13_GB_DET_20151203,20151203,11,12,14,63207,20:25,2015,13,REG
2015_REG_13_HOU_BUF_20151206,20151206,4,13,18,68544,13:00,2015,13,REG
2015_REG_13_IND_PIT_20151206,20151206,27,14,2,58701,20:30,2015,13,REG
2015_REG_13_JAX_TEN_20151206,20151206,31,15,30,57355,13:00,2015,13,REG
2015_REG_13_KC_LV_20151206,20151206,19,16,32,55010,16:05,2015,13,REG
2015_REG_13_NYJ_NYG_20151206,20151206,24,25,28,80898,13:00,2015,13,REG
2015_REG_13_PHI_NE_20151206,20151206,22,26,16,66829,16:25,2015,13,REG
2015_REG_13_SEA_MIN_20151206,20151206,21,28,42,52430,13:00,2015,13,REG
2015_REG_13_SF_CHI_20151206,20151206,6,29,39,62088,13:00,2015,13,REG
2015_REG_14_ATL_CAR_20151213,20151213,5,2,7,74420,13:00,2015,14,REG
2015_REG_14_BUF_PHI_20151213,20151213,26,4,22,69596,13:00,2015,14,REG
2015_REG_14_DAL_GB_20151213,20151213,12,9,20,78369,16:25,2015,14,REG
2015_REG_14_DET_LAR_20151213,20151213,18,11,10,51202,13:00,2015,14,REG
2015_REG_14_IND_JAX_20151213,20151213,15,14,13,62372,13:00,2015,14,REG
2015_REG_14_LAC_KC_20151213,20151213,16,17,6,72314,13:00,2015,14,REG
2015_REG_14_LV_DEN_20151213,20151213,10,19,11,76824,16:05,2015,14,REG
2015_REG_14_MIN_ARI_20151210,20151210,1,21,40,64784,20:25,2015,14,REG
2015_REG_14_NE_HOU_20151213,20151213,13,22,29,71908,20:30,2015,14,REG
2015_REG_14_NO_TB_20151213,20151213,30,23,36,62138,13:00,2015,14,REG
2015_REG_14_NYG_MIA_20151214,20151214,20,24,17,65408,20:30,2015,14,REG
2015_REG_14_PIT_CIN_20151213,20151213,7,27,34,65564,13:00,2015,14,REG
2015_REG_14_SEA_BAL_20151213,20151213,3,28,26,71179,13:00,2015,14,REG
2015_REG_14_SF_CLE_20151213,20151213,8,29,19,63916,13:00,2015,14,REG
2015_REG_14_TEN_NYJ_20151213,20151213,25,31,28,78160,13:00,2015,14,REG
2015_REG_14_WSH_CHI_20151213,20151213,6,32,39,61026,13:00,2015,14,REG
2015_REG_15_ARI_PHI_20151220,20151220,26,1,22,69596,20:30,2015,15,REG
2015_REG_15_ATL_JAX_20151220,20151220,15,2,13,64016,13:00,2015,15,REG
2015_REG_15_BUF_WSH_20151220,20151220,32,4,31,80124,13:00,2015,15,REG
2015_REG_15_CAR_NYG_20151220,20151220,24,5,28,79436,13:00,2015,15,REG
2015_REG_15_CHI_MIN_20151220,20151220,21,6,42,52421,13:00,2015,15,REG
2015_REG_15_CIN_SF_20151220,20151220,29,7,21,70799,16:25,2015,15,REG
2015_REG_15_CLE_SEA_20151220,20151220,28,8,25,69002,16:05,2015,15,REG
2015_REG_15_DEN_PIT_20151220,20151220,27,10,2,67234,16:25,2015,15,REG
2015_REG_15_DET_NO_20151221,20151221,23,11,8,73017,20:30,2015,15,REG
2015_REG_15_GB_LV_20151220,20151220,19,12,32,55087,16:05,2015,15,REG
2015_REG_15_HOU_IND_20151220,20151220,14,13,24,66083,13:00,2015,15,REG
2015_REG_15_KC_BAL_20151220,20151220,3,16,26,70791,13:00,2015,15,REG
2015_REG_15_MIA_LAC_20151220,20151220,17,20,35,66676,16:25,2015,15,REG
2015_REG_15_NYJ_DAL_20151219,20151219,9,25,1,90345,20:25,2015,15,REG
2015_REG_15_TB_LAR_20151217,20151217,18,30,10,51295,20:25,2015,15,REG
2015_REG_15_TEN_NE_20151220,20151220,22,31,16,66829,13:00,2015,15,REG
2015_REG_16_CAR_ATL_20151227,20151227,2,5,15,70981,13:00,2015,16,REG
2015_REG_16_CHI_TB_20151227,20151227,30,6,36,63734,13:00,2015,16,REG
2015_REG_16_CIN_DEN_20151228,20151228,10,7,11,76868,20:30,2015,16,REG
2015_REG_16_CLE_KC_20151227,20151227,16,8,6,69115,13:00,2015,16,REG
2015_REG_16_DAL_BUF_20151227,20151227,4,9,18,70172,13:00,2015,16,REG
2015_REG_16_GB_ARI_20151227,20151227,1,12,40,64878,16:25,2015,16,REG
2015_REG_16_HOU_TEN_20151227,20151227,31,13,30,62153,13:00,2015,16,REG
2015_REG_16_IND_MIA_20151227,20151227,20,14,17,65482,13:00,2015,16,REG
2015_REG_16_JAX_NO_20151227,20151227,23,15,8,73064,16:05,2015,16,REG
2015_REG_16_LAC_LV_20151224,20151224,19,17,32,54400,20:25,2015,16,REG
2015_REG_16_LAR_SEA_20151227,20151227,28,18,25,69080,16:25,2015,16,REG
2015_REG_16_NE_NYJ_20151227,20151227,25,22,28,78160,13:00,2015,16,REG
2015_REG_16_NYG_MIN_20151227,20151227,21,24,42,52455,20:30,2015,16,REG
2015_REG_16_PIT_BAL_20151227,20151227,3,27,26,71261,13:00,2015,16,REG
2015_REG_16_SF_DET_20151227,20151227,11,29,14,61313,13:00,2015,16,REG
2015_REG_16_WSH_PHI_20151226,20151226,26,32,22,69596,20:25,2015,16,REG
2015_REG_17_BAL_CIN_20160103,20160103,7,3,34,57254,13:00,2015,17,REG
2015_REG_17_DET_CHI_20160103,20160103,6,11,39,61177,13:00,2015,17,REG
2015_REG_17_JAX_HOU_20160103,20160103,13,15,29,71899,13:00,2015,17,REG
2015_REG_17_LAC_DEN_20160103,20160103,10,17,11,76844,16:25,2015,17,REG
2015_REG_17_LAR_SF_20160103,20160103,29,18,21,70799,16:25,2015,17,REG
2015_REG_17_LV_KC_20160103,20160103,16,19,6,76114,16:25,2015,17,REG
2015_REG_17_MIN_GB_20160103,20160103,12,21,20,78412,20:30,2015,17,REG
2015_REG_17_NE_MIA_20160103,20160103,20,22,17,62918,13:00,2015,17,REG
2015_REG_17_NO_ATL_20160103,20160103,2,23,15,69699,13:00,2015,17,REG
2015_REG_17_NYJ_BUF_20160103,20160103,4,25,18,68670,13:00,2015,17,REG
2015_REG_17_PHI_NYG_20160103,20160103,24,26,28,78023,13:00,2015,17,REG
2015_REG_17_PIT_CLE_20160103,20160103,8,27,19,66693,13:00,2015,17,REG
2015_REG_17_SEA_ARI_20160103,20160103,1,28,40,64646,16:25,2015,17,REG
2015_REG_17_TB_CAR_20160103,20160103,5,30,7,74169,16:25,2015,17,REG
2015_REG_17_TEN_IND_20160103,20160103,14,31,24,65733,13:00,2015,17,REG
2015_REG_17_WSH_DAL_20160103,20160103,9,32,1,90127,13:00,2015,17,REG
2015_POST_18_GB_WSH_20160110,20160110,32,12,31,,16:40,2015,18,POST
2015_POST_18_KC_HOU_20160109,20160109,13,16,29,,16:35,2015,18,POST
2015_POST_18_PIT_CIN_20160109,20160109,7,27,34,,20:15,2015,18,POST
2015_POST_18_SEA_MIN_20160110,20160110,21,28,42,,13:05,2015,18,POST
2015_POST_19_GB_ARI_20160116,20160116,1,12,40,,20:15,2015,19,POST
2015_POST_19_KC_NE_20160116,20160116,22,16,16,,16:35,2015,19,POST
2015_POST_19_PIT_DEN_20160117,20160117,10,27,11,,16:40,2015,19,POST
2015_POST_19_SEA_CAR_20160117,20160117,5,28,7,,13:05,2015,19,POST
2015_CON_20_ARI_CAR_20160124,20160124,5,1,7,,18:40,2015,20,CON
2015_CON_20_NE_DEN_20160124,20160124,10,22,11,,15:05,2015,20,CON
2015_POST_21_CAR_DEN_20160207,20160207,10,5,21,,18:30,2015,21,POST
2016_REG_01_BUF_BAL_20160911,20160911,3,4,26,71104,13:00,2016,1,REG
2016_REG_01_CAR_DEN_20160908,20160908,10,5,11,76843,20:30,2016,1,REG
2016_REG_01_CHI_HOU_20160911,20160911,13,6,29,71933,13:00,2016,1,REG
2016_REG_01_CIN_NYJ_20160911,20160911,25,7,28,78160,13:00,2016,1,REG
2016_REG_01_CLE_PHI_20160911,20160911,26,8,22,69596,13:00,2016,1,REG
2016_REG_01_DET_IND_20160911,20160911,14,11,24,65566,16:25,2016,1,REG
2016_REG_01_GB_JAX_20160911,20160911,15,12,13,63179,13:00,2016,1,REG
2016_REG_01_LAC_KC_20160911,20160911,16,17,6,73238,13:00,2016,1,REG
2016_REG_01_LAR_SF_20160912,20160912,29,18,21,70178,22:20,2016,1,REG
2016_REG_01_LV_NO_20160911,20160911,23,19,8,73028,13:00,2016,1,REG
2016_REG_01_MIA_SEA_20160911,20160911,28,20,25,69012,16:05,2016,1,REG
2016_REG_01_MIN_TEN_20160911,20160911,31,21,30,63816,13:00,2016,1,REG
2016_REG_01_NE_ARI_20160911,20160911,1,22,40,64864,20:30,2016,1,REG
2016_REG_01_NYG_DAL_20160911,20160911,9,24,1,92867,16:25,2016,1,REG
2016_REG_01_PIT_WSH_20160912,20160912,32,27,31,79124,19:10,2016,1,REG
2016_REG_01_TB_ATL_20160911,20160911,2,30,15,69382,13:00,2016,1,REG
2016_REG_02_ATL_LV_20160918,20160918,19,2,33,54081,16:25,2016,2,REG
2016_REG_02_BAL_CLE_20160918,20160918,8,3,19,67431,13:00,2016,2,REG
2016_REG_02_CIN_PIT_20160918,20160918,27,7,2,65072,13:00,2016,2,REG
2016_REG_02_DAL_WSH_20160918,20160918,32,9,31,80612,13:00,2016,2,REG
2016_REG_02_GB_MIN_20160918,20160918,21,12,46,66813,20:30,2016,2,REG
2016_REG_02_IND_DEN_20160918,20160918,10,14,11,76379,16:25,2016,2,REG
2016_REG_02_JAX_LAC_20160918,20160918,17,15,35,52165,16:25,2016,2,REG
2016_REG_02_KC_HOU_20160918,20160918,13,16,29,71890,13:00,2016,2,REG
2016_REG_02_MIA_NE_20160918,20160918,22,20,16,66829,13:00,2016,2,REG
2016_REG_02_NO_NYG_20160918,20160918,24,23,28,77727,13:00,2016,2,REG
2016_REG_02_NYJ_BUF_20160915,20160915,4,25,18,70256,20:25,2016,2,REG
2016_REG_02_PHI_CHI_20160919,20160919,6,26,39,62268,20:30,2016,2,REG
2016_REG_02_SEA_LAR_20160918,20160918,18,28,23,91046,16:05,2016,2,REG
2016_REG_02_SF_CAR_20160918,20160918,5,29,7,74143,13:00,2016,2,REG
2016_REG_02_TB_ARI_20160918,20160918,1,30,40,64230,13:00,2016,2,REG
2016_REG_02_TEN_DET_20160918,20160918,11,31,14,58466,13:00,2016,2,REG
2016_REG_03_ARI_BUF_20160925,20160925,4,1,18,68647,13:00,2016,3,REG
2016_REG_03_ATL_NO_20160926,20160926,23,2,8,73003,20:30,2016,3,REG
2016_REG_03_BAL_JAX_20160925,20160925,15,3,13,60127,13:00,2016,3,REG
2016_REG_03_CHI_DAL_20160925,20160925,9,6,1,90554,20:30,2016,3,REG
2016_REG_03_CLE_MIA_20160925,20160925,20,8,17,65176,13:00,2016,3,REG
2016_REG_03_DEN_CIN_20160925,20160925,7,10,34,63850,13:00,2016,3,REG
2016_REG_03_DET_GB_20160925,20160925,12,11,20,78411,13:00,2016,3,REG
2016_REG_03_HOU_NE_20160922,20160922,22,13,16,66829,20:25,2016,3,REG
2016_REG_03_LAC_IND_20160925,20160925,14,17,24,64747,16:25,2016,3,REG
2016_REG_03_LAR_TB_20160925,20160925,30,18,36,55009,16:05,2016,3,REG
2016_REG_03_LV_TEN_20160925,20160925,31,19,30,62370,13:00,2016,3,REG
2016_REG_03_MIN_CAR_20160925,20160925,5,21,7,73813,13:00,2016,3,REG
2016_REG_03_NYJ_KC_20160925,20160925,16,25,6,71587,16:25,2016,3,REG
2016_REG_03_PIT_PHI_20160925,20160925,26,27,22,69596,16:25,2016,3,REG
2016_REG_03_SF_SEA_20160925,20160925,28,29,25,69010,16:05,2016,3,REG
2016_REG_03_WSH_NYG_20160925,20160925,24,32,28,78368,13:00,2016,3,REG
2016_REG_04_BUF_NE_20161002,20161002,22,4,16,66829,13:00,2016,4,REG
2016_REG_04_CAR_ATL_20161002,20161002,2,5,15,70508,13:00,2016,4,REG
2016_REG_04_CLE_WSH_20161002,20161002,32,8,31,76249,13:00,2016,4,REG
2016_REG_04_DAL_SF_20161002,20161002,29,9,21,70178,16:25,2016,4,REG
2016_REG_04_DEN_TB_20161002,20161002,30,10,36,60375,16:05,2016,4,REG
2016_REG_04_DET_CHI_20161002,20161002,6,11,39,60841,13:00,2016,4,REG
2016_REG_04_IND_JAX_20161002,20161002,15,14,47,83764,09:30,2016,4,REG
2016_REG_04_KC_PIT_20161002,20161002,27,16,2,61278,20:30,2016,4,REG
2016_REG_04_LAR_ARI_20161002,20161002,1,18,40,64622,16:25,2016,4,REG
2016_REG_04_LV_BAL_20161002,20161002,3,19,26,71152,13:00,2016,4,REG
2016_REG_04_MIA_CIN_20160929,20160929,7,20,34,60834,20:25,2016,4,REG
2016_REG_04_NO_LAC_20161002,20161002,17,23,35,60641,16:25,2016,4,REG
2016_REG_04_NYG_MIN_20161003,20161003,21,24,46,66690,20:30,2016,4,REG
2016_REG_04_SEA_NYJ_20161002,20161002,25,28,28,78160,13:00,2016,4,REG
2016_REG_04_TEN_HOU_20161002,20161002,13,31,29,71815,13:00,2016,4,REG
2016_REG_05_ARI_SF_20161006,20161006,29,1,21,70178,20:25,2016,5,REG
2016_REG_05_ATL_DEN_20161009,20161009,10,2,11,76802,16:05,2016,5,REG
2016_REG_05_BUF_LAR_20161009,20161009,18,4,23,83679,16:25,2016,5,REG
2016_REG_05_CHI_IND_20161009,20161009,14,6,24,66622,13:00,2016,5,REG
2016_REG_05_CIN_DAL_20161009,20161009,9,7,1,91653,16:25,2016,5,REG
2016_REG_05_HOU_MIN_20161009,20161009,21,13,46,66683,13:00,2016,5,REG
2016_REG_05_LAC_LV_20161009,20161009,19,17,33,54275,16:25,2016,5,REG
2016_REG_05_NE_CLE_20161009,20161009,8,22,19,67431,13:00,2016,5,REG
2016_REG_05_NYG_GB_20161009,20161009,12,24,20,78401,20:30,2016,5,REG
2016_REG_05_NYJ_PIT_20161009,20161009,27,25,2,66385,13:00,2016,5,REG
2016_REG_05_PHI_DET_20161009,20161009,11,26,14,58047,13:00,2016,5,REG
2016_REG_05_TB_CAR_20161010,20161010,5,30,7,73425,20:30,2016,5,REG
2016_REG_05_TEN_MIA_20161009,20161009,20,31,17,64425,13:00,2016,5,REG
2016_REG_05_WSH_BAL_20161009,20161009,3,32,26,71318,13:00,2016,5,REG
2016_REG_06_ATL_SEA_20161016,20161016,28,2,25,69071,16:25,2016,6,REG
2016_REG_06_BAL_NYG_20161016,20161016,24,3,28,78487,13:00,2016,6,REG
2016_REG_06_CAR_NO_20161016,20161016,23,5,8,73138,13:00,2016,6,REG
2016_REG_06_CIN_NE_20161016,20161016,22,7,16,66829,13:00,2016,6,REG
2016_REG_06_CLE_TEN_20161016,20161016,31,8,30,60897,13:00,2016,6,REG
2016_REG_06_DAL_GB_20161016,20161016,12,9,20,78481,16:25,2016,6,REG
2016_REG_06_DEN_LAC_20161013,20161013,17,10,35,58904,20:25,2016,6,REG
2016_REG_06_IND_HOU_20161016,20161016,13,14,29,71891,20:30,2016,6,REG
2016_REG_06_JAX_CHI_20161016,20161016,6,15,39,61054,13:00,2016,6,REG
2016_REG_06_KC_LV_20161016,20161016,19,16,33,54211,16:05,2016,6,REG
2016_REG_06_LAR_DET_20161016,20161016,11,18,14,56018,13:00,2016,6,REG
2016_REG_06_NYJ_ARI_20161017,20161017,1,25,40,64709,20:30,2016,6,REG
2016_REG_06_PHI_WSH_20161016,20161016,32,26,31,78934,13:00,2016,6,REG
2016_REG_06_PIT_MIA_20161016,20161016,20,27,17,65351,13:00,2016,6,REG
2016_REG_06_SF_BUF_20161016,20161016,4,29,18,70003,13:00,2016,6,REG
2016_REG_07_BAL_NYJ_20161023,20161023,25,3,28,78160,13:00,2016,7,REG
2016_REG_07_BUF_MIA_20161023,20161023,20,4,17,65658,13:00,2016,7,REG
2016_REG_07_CHI_GB_20161020,20161020,12,6,20,78217,20:25,2016,7,REG
2016_REG_07_CLE_CIN_20161023,20161023,7,8,34,65047,13:00,2016,7,REG
2016_REG_07_HOU_DEN_20161024,20161024,10,13,11,76865,20:30,2016,7,REG
2016_REG_07_IND_TEN_20161023,20161023,31,14,30,65470,13:00,2016,7,REG
2016_REG_07_LAC_ATL_20161023,20161023,2,17,15,69832,16:05,2016,7,REG
2016_REG_07_LV_JAX_20161023,20161023,15,19,13,62614,13:00,2016,7,REG
2016_REG_07_MIN_PHI_20161023,20161023,26,21,22,69596,13:00,2016,7,REG
2016_REG_07_NE_PIT_20161023,20161023,27,22,2,66009,16:25,2016,7,REG
2016_REG_07_NO_KC_20161023,20161023,16,23,6,76282,13:00,2016,7,REG
2016_REG_07_NYG_LAR_20161023,20161023,18,24,45,74121,09:30,2016,7,REG
2016_REG_07_SEA_ARI_20161023,20161023,1,28,40,65089,20:30,2016,7,REG
2016_REG_07_TB_SF_20161023,20161023,29,30,21,70178,16:05,2016,7,REG
2016_REG_07_WSH_DET_20161023,20161023,11,32,14,60461,13:00,2016,7,REG
2016_REG_08_ARI_CAR_20161030,20161030,5,1,7,74088,13:00,2016,8,REG
2016_REG_08_DET_HOU_20161030,20161030,13,11,29,71882,13:00,2016,8,REG
2016_REG_08_GB_ATL_20161030,20161030,2,12,15,70165,16:25,2016,8,REG
2016_REG_08_JAX_TEN_20161027,20161027,31,15,30,61619,20:25,2016,8,REG
2016_REG_08_KC_IND_20161030,20161030,14,16,24,65417,13:00,2016,8,REG
2016_REG_08_LAC_DEN_20161030,20161030,10,17,11,76756,16:05,2016,8,REG
2016_REG_08_LV_TB_20161030,20161030,30,19,36,61068,13:00,2016,8,REG
2016_REG_08_MIN_CHI_20161031,20161031,6,21,39,60422,20:30,2016,8,REG
2016_REG_08_NE_BUF_20161030,20161030,4,22,18,70442,13:00,2016,8,REG
2016_REG_08_NYJ_CLE_20161030,20161030,8,25,19,67431,13:00,2016,8,REG
2016_REG_08_PHI_DAL_20161030,20161030,9,26,1,93103,20:30,2016,8,REG
2016_REG_08_SEA_NO_20161030,20161030,23,28,8,73188,13:00,2016,8,REG
2016_REG_08_WSH_CIN_20161030,20161030,7,32,47,84488,09:30,2016,8,REG
2016_REG_09_ATL_TB_20161103,20161103,30,2,36,57797,20:25,2016,9,REG
2016_REG_09_BUF_SEA_20161107,20161107,28,4,25,69084,20:30,2016,9,REG
2016_REG_09_CAR_LAR_20161106,20161106,18,5,23,86109,16:05,2016,9,REG
2016_REG_09_DAL_CLE_20161106,20161106,8,9,19,67431,13:00,2016,9,REG
2016_REG_09_DEN_LV_20161106,20161106,19,10,33,54957,20:30,2016,9,REG
2016_REG_09_DET_MIN_20161106,20161106,21,11,46,66807,13:00,2016,9,REG
2016_REG_09_IND_GB_20161106,20161106,12,14,20,78437,16:25,2016,9,REG
2016_REG_09_JAX_KC_20161106,20161106,16,15,6,73294,13:00,2016,9,REG
2016_REG_09_NO_SF_20161106,20161106,29,23,21,70178,16:05,2016,9,REG
2016_REG_09_NYJ_MIA_20161106,20161106,20,25,17,65722,13:00,2016,9,REG
2016_REG_09_PHI_NYG_20161106,20161106,24,26,28,80309,13:00,2016,9,REG
2016_REG_09_PIT_BAL_20161106,20161106,3,27,26,71286,13:00,2016,9,REG
2016_REG_09_TEN_LAC_20161106,20161106,17,31,35,52281,16:25,2016,9,REG
2016_REG_10_ATL_PHI_20161113,20161113,26,2,22,69596,13:00,2016,10,REG
2016_REG_10_CHI_TB_20161113,20161113,30,6,36,62898,13:00,2016,10,REG
2016_REG_10_CIN_NYG_20161114,20161114,24,7,28,76218,20:30,2016,10,REG
2016_REG_10_CLE_BAL_20161110,20161110,3,8,26,70921,20:25,2016,10,REG
2016_REG_10_DAL_PIT_20161113,20161113,27,9,2,67737,16:25,2016,10,REG
2016_REG_10_DEN_NO_20161113,20161113,23,10,8,73138,13:00,2016,10,REG
2016_REG_10_GB_TEN_20161113,20161113,31,12,30,69116,13:00,2016,10,REG
2016_REG_10_HOU_JAX_20161113,20161113,15,13,13,62091,13:00,2016,10,REG
2016_REG_10_KC_CAR_20161113,20161113,5,16,7,74181,13:00,2016,10,REG
2016_REG_10_LAR_NYJ_20161113,20161113,25,18,28,78160,13:00,2016,10,REG
2016_REG_10_MIA_LAC_20161113,20161113,17,20,35,55107,16:05,2016,10,REG
2016_REG_10_MIN_WSH_20161113,20161113,32,21,31,78216,13:00,2016,10,REG
2016_REG_10_SEA_NE_20161113,20161113,22,28,16,66829,20:30,2016,10,REG
2016_REG_10_SF_ARI_20161113,20161113,1,29,40,65127,16:25,2016,10,REG
2016_REG_11_ARI_MIN_20161120,20161120,21,1,46,66808,13:00,2016,11,REG
2016_REG_11_BAL_DAL_20161120,20161120,9,3,1,93056,13:00,2016,11,REG
2016_REG_11_BUF_CIN_20161120,20161120,7,4,34,61356,13:00,2016,11,REG
2016_REG_11_CHI_NYG_20161120,20161120,24,6,28,78898,13:00,2016,11,REG
2016_REG_11_GB_WSH_20161120,20161120,32,12,31,77137,20:30,2016,11,REG
2016_REG_11_HOU_LV_20161121,20161121,19,13,12,76473,20:30,2016,11,REG
2016_REG_11_JAX_DET_20161120,20161120,11,15,14,61486,13:00,2016,11,REG
2016_REG_11_MIA_LAR_20161120,20161120,18,20,23,83483,16:05,2016,11,REG
2016_REG_11_NE_SF_20161120,20161120,29,22,21,70178,16:25,2016,11,REG
2016_REG_11_NO_CAR_20161117,20161117,5,23,7,73288,20:25,2016,11,REG
2016_REG_11_PHI_SEA_20161120,20161120,28,26,25,69190,16:25,2016,11,REG
2016_REG_11_PIT_CLE_20161120,20161120,8,27,19,67431,13:00,2016,11,REG
2016_REG_11_TB_KC_20161120,20161120,16,30,6,72277,13:00,2016,11,REG
2016_REG_11_TEN_IND_20161120,20161120,14,31,24,65048,13:00,2016,11,REG
2016_REG_12_ARI_ATL_20161127,20161127,2,1,15,69233,13:00,2016,12,REG
2016_REG_12_CAR_LV_20161127,20161127,19,5,33,54909,16:25,2016,12,REG
2016_REG_12_CIN_BAL_20161127,20161127,3,7,26,70903,13:00,2016,12,REG
2016_REG_12_GB_PHI_20161128,20161128,26,12,22,69596,20:30,2016,12,REG
2016_REG_12_JAX_BUF_20161127,20161127,4,15,18,67849,13:00,2016,12,REG
2016_REG_12_KC_DEN_20161127,20161127,10,16,11,76819,20:30,2016,12,REG
2016_REG_12_LAC_HOU_20161127,20161127,13,17,29,71897,13:00,2016,12,REG
2016_REG_12_LAR_NO_20161127,20161127,23,18,8,73067,13:00,2016,12,REG
2016_REG_12_MIN_DET_20161124,20161124,11,21,14,63793,12:30,2016,12,REG
2016_REG_12_NE_NYJ_20161127,20161127,25,22,28,78160,16:25,2016,12,REG
2016_REG_12_NYG_CLE_20161127,20161127,8,24,19,60034,13:00,2016,12,REG
2016_REG_12_PIT_IND_20161124,20161124,14,27,24,66583,20:30,2016,12,REG
2016_REG_12_SEA_TB_20161127,20161127,30,28,36,63674,16:05,2016,12,REG
2016_REG_12_SF_MIA_20161127,20161127,20,29,17,65856,13:00,2016,12,REG
2016_REG_12_TEN_CHI_20161127,20161127,6,31,39,59494,13:00,2016,12,REG
2016_REG_12_WSH_DAL_20161124,20161124,9,32,1,93099,16:30,2016,12,REG
2016_REG_13_BUF_LV_20161204,20161204,19,4,33,54759,16:05,2016,13,REG
2016_REG_13_CAR_SEA_20161204,20161204,28,5,25,69104,20:30,2016,13,REG
2016_REG_13_DAL_MIN_20161201,20161201,21,9,46,66860,20:25,2016,13,REG
2016_REG_13_DEN_JAX_20161204,20161204,15,10,13,63075,13:00,2016,13,REG
2016_REG_13_DET_NO_20161204,20161204,23,11,8,73137,13:00,2016,13,REG
2016_REG_13_HOU_GB_20161204,20161204,12,13,20,77867,13:00,2016,13,REG
2016_REG_13_IND_NYJ_20161205,20161205,25,14,28,78160,20:30,2016,13,REG
2016_REG_13_KC_ATL_20161204,20161204,2,16,15,69879,13:00,2016,13,REG
2016_REG_13_LAR_NE_20161204,20161204,22,18,16,66829,13:00,2016,13,REG
2016_REG_13_MIA_BAL_20161204,20161204,3,20,26,70916,13:00,2016,13,REG
2016_REG_13_NYG_PIT_20161204,20161204,27,24,2,65825,16:25,2016,13,REG
2016_REG_13_PHI_CIN_20161204,20161204,7,26,34,55456,13:00,2016,13,REG
2016_REG_13_SF_CHI_20161204,20161204,6,29,39,59782,13:00,2016,13,REG
2016_REG_13_TB_LAC_20161204,20161204,17,30,35,53832,16:25,2016,13,REG
2016_REG_13_WSH_ARI_20161204,20161204,1,32,40,64939,16:25,2016,13,REG
2016_REG_14_ARI_MIA_20161211,20161211,20,1,17,65750,13:00,2016,14,REG
2016_REG_14_ATL_LAR_20161211,20161211,18,2,23,82495,16:25,2016,14,REG
2016_REG_14_BAL_NE_20161212,20161212,22,3,16,66829,20:30,2016,14,REG
2016_REG_14_CHI_DET_20161211,20161211,11,6,14,61726,13:00,2016,14,REG
2016_REG_14_CIN_CLE_20161211,20161211,8,7,19,60028,13:00,2016,14,REG
2016_REG_14_DAL_NYG_20161211,20161211,24,9,28,80874,20:30,2016,14,REG
2016_REG_14_DEN_TEN_20161211,20161211,31,10,30,68780,13:00,2016,14,REG
2016_REG_14_HOU_IND_20161211,20161211,14,13,24,65250,13:00,2016,14,REG
2016_REG_14_LAC_CAR_20161211,20161211,5,17,7,73856,13:00,2016,14,REG
2016_REG_14_LV_KC_20161208,20161208,16,19,6,75191,20:25,2016,14,REG
2016_REG_14_MIN_JAX_20161211,20161211,15,21,13,62701,13:00,2016,14,REG
2016_REG_14_NO_TB_20161211,20161211,30,23,36,62140,16:25,2016,14,REG
2016_REG_14_NYJ_SF_20161211,20161211,29,25,21,70178,16:05,2016,14,REG
2016_REG_14_PIT_BUF_20161211,20161211,4,27,18,69657,13:00,2016,14,REG
2016_REG_14_SEA_GB_20161211,20161211,12,28,20,78057,16:25,2016,14,REG
2016_REG_14_WSH_PHI_20161211,20161211,26,32,22,69596,13:00,2016,14,REG
2016_REG_15_CAR_WSH_20161219,20161219,32,5,31,76689,20:30,2016,15,REG
2016_REG_15_CLE_BUF_20161218,20161218,4,8,18,66529,13:00,2016,15,REG
2016_REG_15_DET_NYG_20161218,20161218,24,11,28,79434,13:00,2016,15,REG
2016_REG_15_GB_CHI_20161218,20161218,6,12,39,61137,13:00,2016,15,REG
2016_REG_15_IND_MIN_20161218,20161218,21,14,46,66820,13:00,2016,15,REG
2016_REG_15_JAX_HOU_20161218,20161218,13,15,29,71803,13:00,2016,15,REG
2016_REG_15_LAR_SEA_20161215,20161215,28,18,25,69067,20:25,2016,15,REG
2016_REG_15_LV_LAC_20161218,20161218,17,19,35,68352,16:25,2016,15,REG
2016_REG_15_MIA_NYJ_20161217,20161217,25,20,28,78160,20:25,2016,15,REG
2016_REG_15_NE_DEN_20161218,20161218,10,22,11,76893,16:25,2016,15,REG
2016_REG_15_NO_ARI_20161218,20161218,1,23,40,65072,16:05,2016,15,REG
2016_REG_15_PHI_BAL_20161218,20161218,3,26,26,71223,13:00,2016,15,REG
2016_REG_15_PIT_CIN_20161218,20161218,7,27,34,62096,13:00,2016,15,REG
2016_REG_15_SF_ATL_20161218,20161218,2,29,15,70164,16:05,2016,15,REG
2016_REG_15_TB_DAL_20161218,20161218,9,30,1,93101,20:30,2016,15,REG
2016_REG_15_TEN_KC_20161218,20161218,16,31,6,68084,13:00,2016,15,REG
2016_REG_16_ARI_SEA_20161224,20161224,28,1,25,69050,16:25,2016,16,REG
2016_REG_16_ATL_CAR_20161224,20161224,5,2,7,73549,13:00,2016,16,REG
2016_REG_16_BAL_PIT_20161225,20161225,27,3,2,66276,16:30,2016,16,REG
2016_REG_16_CIN_HOU_20161224,20161224,13,7,29,71836,20:25,2016,16,REG
2016_REG_16_DEN_KC_20161225,20161225,16,10,6,76671,20:30,2016,16,REG
2016_REG_16_DET_DAL_20161226,20161226,9,11,1,92885,20:30,2016,16,REG
2016_REG_16_IND_LV_20161224,20161224,19,14,33,54896,16:05,2016,16,REG
2016_REG_16_LAC_CLE_20161224,20161224,8,17,19,57272,13:00,2016,16,REG
2016_REG_16_MIA_BUF_20161224,20161224,4,20,18,64690,13:00,2016,16,REG
2016_REG_16_MIN_GB_20161224,20161224,12,21,20,77856,13:00,2016,16,REG
2016_REG_16_NYG_PHI_20161222,20161222,26,24,22,69596,20:25,2016,16,REG
2016_REG_16_NYJ_NE_20161224,20161224,22,25,16,66829,13:00,2016,16,REG
2016_REG_16_SF_LAR_20161224,20161224,18,29,23,83656,16:25,2016,16,REG
2016_REG_16_TB_NO_20161224,20161224,23,30,8,73177,16:25,2016,16,REG
2016_REG_16_TEN_JAX_20161224,20161224,15,31,13,59621,13:00,2016,16,REG
2016_REG_16_WSH_CHI_20161224,20161224,6,32,39,57953,13:00,2016,16,REG
2016_REG_17_ARI_LAR_20170101,20170101,18,1,23,80729,16:25,2016,17,REG
2016_REG_17_BAL_CIN_20170101,20170101,7,3,34,54944,13:00,2016,17,REG
2016_REG_17_BUF_NYJ_20170101,20170101,25,4,28,78160,13:00,2016,17,REG
2016_REG_17_CAR_TB_20170101,20170101,30,5,36,62037,13:00,2016,17,REG
2016_REG_17_CHI_MIN_20170101,20170101,21,6,46,66808,13:00,2016,17,REG
2016_REG_17_CLE_PIT_20170101,20170101,27,8,2,55921,13:00,2016,17,REG
2016_REG_17_DAL_PHI_20170101,20170101,26,9,22,69596,13:00,2016,17,REG
2016_REG_17_GB_DET_20170101,20170101,11,12,14,66345,20:30,2016,17,REG
2016_REG_17_HOU_TEN_20170101,20170101,31,13,30,65205,13:00,2016,17,REG
2016_REG_17_JAX_IND_20170101,20170101,14,15,24,65160,13:00,2016,17,REG
2016_REG_17_KC_LAC_20170101,20170101,17,16,35,54915,16:25,2016,17,REG
2016_REG_17_LV_DEN_20170101,20170101,10,19,11,76836,16:25,2016,17,REG
2016_REG_17_NE_MIA_20170101,20170101,20,22,17,66163,13:00,2016,17,REG
2016_REG_17_NO_ATL_20170101,20170101,2,23,15,70835,16:25,2016,17,REG
2016_REG_17_NYG_WSH_20170101,20170101,32,24,31,79471,16:25,2016,17,REG
2016_REG_17_SEA_SF_20170101,20170101,29,28,21,70178,16:25,2016,17,REG
2016_POST_18_DET_SEA_20170107,20170107,28,11,25,,20:15,2016,18,POST
2016_POST_18_LV_HOU_20170107,20170107,13,19,29,,16:35,2016,18,POST
2016_POST_18_MIA_PIT_20170108,20170108,27,20,2,,13:05,2016,18,POST
2016_POST_18_NYG_GB_20170108,20170108,12,24,20,,16:40,2016,18,POST
2016_POST_19_GB_DAL_20170115,20170115,9,12,1,,16:40,2016,19,POST
2016_POST_19_HOU_NE_20170114,20170114,22,13,16,,20:15,2016,19,POST
2016_POST_19_PIT_KC_20170115,20170115,16,27,6,,20:20,2016,19,POST
2016_POST_19_SEA_ATL_20170114,20170114,2,28,15,,16:35,2016,19,POST
2016_CON_20_GB_ATL_20170122,20170122,2,12,15,,15:05,2016,20,CON
2016_CON_20_PIT_NE_20170122,20170122,22,27,16,,18:40,2016,20,CON
2016_POST_21_NE_ATL_20170205,20170205,2,22,29,,18:30,2016,21,POST
2017_REG_01_ARI_DET_20170910,20170910,11,1,14,60957,13:00,2017,1,REG
2017_REG_01_ATL_CHI_20170910,20170910,6,2,39,61857,13:00,2017,1,REG
2017_REG_01_BAL_CIN_20170910,20170910,7,3,34,55254,13:00,2017,1,REG
2017_REG_01_CAR_SF_20170910,20170910,29,5,21,70178,16:25,2017,1,REG
2017_REG_01_IND_LAR_20170910,20170910,18,14,23,60128,16:05,2017,1,REG
2017_REG_01_JAX_HOU_20170910,20170910,13,15,29,71710,13:00,2017,1,REG
2017_REG_01_KC_NE_20170907,20170907,22,16,16,65878,20:30,2017,1,REG
2017_REG_01_LAC_DEN_20170911,20170911,10,17,11,76324,22:20,2017,1,REG
2017_REG_01_LV_TEN_20170910,20170910,31,19,30,69089,13:00,2017,1,REG
2017_REG_01_NO_MIN_20170911,20170911,21,23,46,66606,19:10,2017,1,REG
2017_REG_01_NYG_DAL_20170910,20170910,9,24,1,93183,20:30,2017,1,REG
2017_REG_01_NYJ_BUF_20170910,20170910,4,25,18,68751,13:00,2017,1,REG
2017_REG_01_PHI_WSH_20170910,20170910,32,26,31,78685,13:00,2017,1,REG
2017_REG_01_PIT_CLE_20170910,20170910,8,27,19,67431,13:00,2017,1,REG
2017_REG_01_SEA_GB_20170910,20170910,12,28,20,78381,16:25,2017,1,REG
2017_REG_02_ARI_IND_20170917,20170917,14,1,24,63137,13:00,2017,2,REG
2017_REG_02_BUF_CAR_20170917,20170917,5,4,7,74122,13:00,2017,2,REG
2017_REG_02_CHI_TB_20170917,20170917,30,6,36,56640,13:00,2017,2,REG
2017_REG_02_CLE_BAL_20170917,20170917,3,8,26,70605,13:00,2017,2,REG
2017_REG_02_DAL_DEN_20170917,20170917,10,9,11,76919,16:25,2017,2,REG
2017_REG_02_DET_NYG_20170918,20170918,24,11,28,77004,20:30,2017,2,REG
2017_REG_02_GB_ATL_20170917,20170917,2,12,27,70826,20:30,2017,2,REG
2017_REG_02_HOU_CIN_20170914,20170914,7,13,34,52942,20:25,2017,2,REG
2017_REG_02_MIA_LAC_20170917,20170917,17,20,41,25381,16:05,2017,2,REG
2017_REG_02_MIN_PIT_20170917,20170917,27,21,2,65971,13:00,2017,2,REG
2017_REG_02_NE_NO_20170917,20170917,23,22,8,73168,13:00,2017,2,REG
2017_REG_02_NYJ_LV_20170917,20170917,19,25,33,54729,16:05,2017,2,REG
2017_REG_02_PHI_KC_20170917,20170917,16,26,6,74971,13:00,2017,2,REG
2017_REG_02_SF_SEA_20170917,20170917,28,29,25,68729,16:25,2017,2,REG
2017_REG_02_TEN_JAX_20170917,20170917,15,31,13,61709,13:00,2017,2,REG
2017_REG_02_WSH_LAR_20170917,20170917,18,32,23,56612,16:25,2017,2,REG
2017_REG_03_ATL_DET_20170924,20170924,11,2,14,63240,13:00,2017,3,REG
2017_REG_03_BAL_JAX_20170924,20170924,15,3,47,84592,21:30,2017,3,REG
2017_REG_03_CIN_GB_20170924,20170924,12,7,20,78323,16:25,2017,3,REG
2017_REG_03_CLE_IND_20170924,20170924,14,8,24,63351,13:00,2017,3,REG
2017_REG_03_DAL_ARI_20170925,20170925,1,9,40,65102,20:30,2017,3,REG
2017_REG_03_DEN_BUF_20170924,20170924,4,10,18,68865,13:00,2017,3,REG
2017_REG_03_HOU_NE_20170924,20170924,22,13,16,65878,13:00,2017,3,REG
2017_REG_03_KC_LAC_20170924,20170924,17,16,41,25386,16:25,2017,3,REG
2017_REG_03_LAR_SF_20170921,20170921,29,18,21,70178,20:25,2017,3,REG
2017_REG_03_LV_WSH_20170924,20170924,32,19,31,77123,20:30,2017,3,REG
2017_REG_03_MIA_NYJ_20170924,20170924,25,20,28,77562,13:00,2017,3,REG
2017_REG_03_NO_CAR_20170924,20170924,5,23,7,73775,13:00,2017,3,REG
2017_REG_03_NYG_PHI_20170924,20170924,26,24,22,69596,13:00,2017,3,REG
2017_REG_03_PIT_CHI_20170924,20170924,6,27,39,61172,13:00,2017,3,REG
2017_REG_03_SEA_TEN_20170924,20170924,31,28,30,69127,16:05,2017,3,REG
2017_REG_03_TB_MIN_20170924,20170924,21,30,46,66390,13:00,2017,3,REG
2017_REG_04_BUF_ATL_20171001,20171001,2,4,27,71273,13:00,2017,4,REG
2017_REG_04_CAR_NE_20171001,20171001,22,5,16,65878,13:00,2017,4,REG
2017_REG_04_CHI_GB_20170928,20170928,12,6,20,78362,20:25,2017,4,REG
2017_REG_04_CIN_CLE_20171001,20171001,8,7,19,67431,13:00,2017,4,REG
2017_REG_04_DET_MIN_20171001,20171001,21,11,46,66730,13:00,2017,4,REG
2017_REG_04_IND_SEA_20171001,20171001,28,14,25,68872,20:30,2017,4,REG
2017_REG_04_JAX_NYJ_20171001,20171001,25,15,28,77562,13:00,2017,4,REG
2017_REG_04_LAR_DAL_20171001,20171001,9,18,1,91869,13:00,2017,4,REG
2017_REG_04_LV_DEN_20171001,20171001,10,19,11,76909,16:25,2017,4,REG
2017_REG_04_NO_MIA_20171001,20171001,20,23,47,84423,21:30,2017,4,REG
2017_REG_04_NYG_TB_20171001,20171001,30,24,36,63916,16:05,2017,4,REG
2017_REG_04_PHI_LAC_20171001,20171001,17,26,41,25374,16:05,2017,4,REG
2017_REG_04_PIT_BAL_20171001,20171001,3,27,26,71126,13:00,2017,4,REG
2017_REG_04_SF_ARI_20171001,20171001,1,29,40,64121,16:05,2017,4,REG
2017_REG_04_TEN_HOU_20171001,20171001,13,31,29,71804,13:00,2017,4,REG
2017_REG_04_WSH_KC_20171002,20171002,16,32,6,74587,20:30,2017,4,REG
2017_REG_05_ARI_PHI_20171008,20171008,26,1,22,69596,13:00,2017,5,REG
2017_REG_05_BAL_LV_20171008,20171008,19,3,33,54980,16:05,2017,5,REG
2017_REG_05_BUF_CIN_20171008,20171008,7,4,34,52367,13:00,2017,5,REG
2017_REG_05_CAR_DET_20171008,20171008,11,5,14,64288,13:00,2017,5,REG
2017_REG_05_GB_DAL_20171008,20171008,9,12,1,93329,16:25,2017,5,REG
2017_REG_05_JAX_PIT_20171008,20171008,27,15,2,66237,13:00,2017,5,REG
2017_REG_05_KC_HOU_20171008,20171008,13,16,29,71835,20:30,2017,5,REG
2017_REG_05_LAC_NYG_20171008,20171008,24,17,28,77373,13:00,2017,5,REG
2017_REG_05_MIN_CHI_20171009,20171009,6,21,39,61834,20:30,2017,5,REG
2017_REG_05_NE_TB_20171005,20171005,30,22,36,64476,20:25,2017,5,REG
2017_REG_05_NYJ_CLE_20171008,20171008,8,25,19,62032,13:00,2017,5,REG
2017_REG_05_SEA_LAR_20171008,20171008,18,28,23,60745,16:05,2017,5,REG
2017_REG_05_SF_IND_20171008,20171008,14,29,24,65612,13:00,2017,5,REG
2017_REG_05_TEN_MIA_20171008,20171008,20,31,17,65135,13:00,2017,5,REG
2017_REG_06_CHI_BAL_20171015,20171015,3,6,26,70616,13:00,2017,6,REG
2017_REG_06_CLE_HOU_20171015,20171015,13,8,29,71815,13:00,2017,6,REG
2017_REG_06_DET_NO_20171015,20171015,23,11,8,73117,13:00,2017,6,REG
2017_REG_06_GB_MIN_20171015,20171015,21,12,46,66848,13:00,2017,6,REG
2017_REG_06_IND_TEN_20171016,20171016,31,14,30,63888,20:30,2017,6,REG
2017_REG_06_LAC_LV_20171015,20171015,19,17,33,54685,16:25,2017,6,REG
2017_REG_06_LAR_JAX_20171015,20171015,15,18,13,56232,16:05,2017,6,REG
2017_REG_06_MIA_ATL_20171015,20171015,2,20,27,70593,13:00,2017,6,REG
2017_REG_06_NE_NYJ_20171015,20171015,25,22,28,77562,13:00,2017,6,REG
2017_REG_06_NYG_DEN_20171015,20171015,10,24,11,76721,20:30,2017,6,REG
2017_REG_06_PHI_CAR_20171012,20171012,5,26,7,74373,20:25,2017,6,REG
2017_REG_06_PIT_KC_20171015,20171015,16,27,6,76994,16:25,2017,6,REG
2017_REG_06_SF_WSH_20171015,20171015,32,29,31,75568,13:00,2017,6,REG
2017_REG_06_TB_ARI_20171015,20171015,1,30,40,63999,16:05,2017,6,REG
2017_REG_07_ARI_LAR_20171022,20171022,18,1,45,73736,13:00,2017,7,REG
2017_REG_07_ATL_NE_20171022,20171022,22,2,16,65878,20:30,2017,7,REG
2017_REG_07_BAL_MIN_20171022,20171022,21,3,46,66751,13:00,2017,7,REG
2017_REG_07_CAR_CHI_20171022,20171022,6,5,39,61256,13:00,2017,7,REG
2017_REG_07_CIN_PIT_20171022,20171022,27,7,2,65363,16:25,2017,7,REG
2017_REG_07_DAL_SF_20171022,20171022,29,9,21,70133,16:05,2017,7,REG
2017_REG_07_DEN_LAC_20171022,20171022,17,10,41,25388,16:25,2017,7,REG
2017_REG_07_JAX_IND_20171022,20171022,14,15,24,63104,13:00,2017,7,REG
2017_REG_07_KC_LV_20171019,20171019,19,16,33,55090,20:25,2017,7,REG
2017_REG_07_NO_GB_20171022,20171022,12,23,20,78380,13:00,2017,7,REG
2017_REG_07_NYJ_MIA_20171022,20171022,20,25,17,65025,13:00,2017,7,REG
2017_REG_07_SEA_NYG_20171022,20171022,24,28,28,78527,16:25,2017,7,REG
2017_REG_07_TB_BUF_20171022,20171022,4,30,18,68561,13:00,2017,7,REG
2017_REG_07_TEN_CLE_20171022,20171022,8,31,19,59061,13:00,2017,7,REG
2017_REG_07_WSH_PHI_20171023,20171023,26,32,22,69596,20:30,2017,7,REG
2017_REG_08_ATL_NYJ_20171029,20171029,25,2,28,77562,13:00,2017,8,REG
2017_REG_08_CAR_TB_20171029,20171029,30,5,36,58545,13:00,2017,8,REG
2017_REG_08_CHI_NO_20171029,20171029,23,6,8,73192,13:00,2017,8,REG
2017_REG_08_DAL_WSH_20171029,20171029,32,9,31,78428,16:25,2017,8,REG
2017_REG_08_DEN_KC_20171030,20171030,16,10,6,76573,20:30,2017,8,REG
2017_REG_08_HOU_SEA_20171029,20171029,28,13,25,69025,16:05,2017,8,REG
2017_REG_08_IND_CIN_20171029,20171029,7,14,34,57901,13:00,2017,8,REG
2017_REG_08_LAC_NE_20171029,20171029,22,17,16,65878,13:00,2017,8,REG
2017_REG_08_LV_BUF_20171029,20171029,4,19,18,69599,13:00,2017,8,REG
2017_REG_08_MIA_BAL_20171026,20171026,3,20,26,70408,20:25,2017,8,REG
2017_REG_08_MIN_CLE_20171029,20171029,8,21,45,74237,21:30,2017,8,REG
2017_REG_08_PIT_DET_20171029,20171029,11,27,14,64983,20:30,2017,8,REG
2017_REG_08_SF_PHI_20171029,20171029,26,29,22,69596,13:00,2017,8,REG
2017_REG_09_ARI_SF_20171105,20171105,29,1,21,70133,16:05,2017,9,REG
2017_REG_09_ATL_CAR_20171105,20171105,5,2,7,74244,13:00,2017,9,REG
2017_REG_09_BAL_TEN_20171105,20171105,31,3,30,67322,13:00,2017,9,REG
2017_REG_09_BUF_NYJ_20171102,20171102,25,4,28,77562,20:25,2017,9,REG
2017_REG_09_CIN_JAX_20171105,20171105,15,7,13,60720,13:00,2017,9,REG
2017_REG_09_DEN_PHI_20171105,20171105,26,10,22,69596,13:00,2017,9,REG
2017_REG_09_DET_GB_20171106,20171106,12,11,20,77575,20:30,2017,9,REG
2017_REG_09_IND_HOU_20171105,20171105,13,14,29,71709,13:00,2017,9,REG
2017_REG_09_KC_DAL_20171105,20171105,9,16,1,93273,16:25,2017,9,REG
2017_REG_09_LAR_NYG_20171105,20171105,24,18,28,76877,13:00,2017,9,REG
2017_REG_09_LV_MIA_20171105,20171105,20,19,17,65139,20:30,2017,9,REG
2017_REG_09_TB_NO_20171105,20171105,23,30,8,73121,13:00,2017,9,REG
2017_REG_09_WSH_SEA_20171105,20171105,28,32,25,68927,16:05,2017,9,REG
2017_REG_10_CIN_TEN_20171112,20171112,31,7,30,67432,13:00,2017,10,REG
2017_REG_10_CLE_DET_20171112,20171112,11,8,14,64646,13:00,2017,10,REG
2017_REG_10_DAL_ATL_20171112,20171112,2,9,27,73761,16:25,2017,10,REG
2017_REG_10_GB_CHI_20171112,20171112,6,12,39,61285,13:00,2017,10,REG
2017_REG_10_HOU_LAR_20171112,20171112,18,13,23,60032,16:05,2017,10,REG
2017_REG_10_LAC_JAX_20171112,20171112,15,17,13,60835,13:00,2017,10,REG
2017_REG_10_MIA_CAR_20171113,20171113,5,20,7,72790,20:30,2017,10,REG
2017_REG_10_MIN_WSH_20171112,20171112,32,21,31,74476,13:00,2017,10,REG
2017_REG_10_NE_DEN_20171112,20171112,10,22,11,76820,20:30,2017,10,REG
2017_REG_10_NO_BUF_20171112,20171112,4,23,18,67501,13:00,2017,10,REG
2017_REG_10_NYG_SF_20171112,20171112,29,24,21,70133,16:25,2017,10,REG
2017_REG_10_NYJ_TB_20171112,20171112,30,25,36,57911,13:00,2017,10,REG
2017_REG_10_PIT_IND_20171112,20171112,14,27,24,66146,13:00,2017,10,REG
2017_REG_10_SEA_ARI_20171109,20171109,1,28,40,64639,20:25,2017,10,REG
2017_REG_11_ARI_HOU_20171119,20171119,13,1,29,71680,13:00,2017,11,REG
2017_REG_11_ATL_SEA_20171120,20171120,28,2,25,69026,20:30,2017,11,REG
2017_REG_11_BAL_GB_20171119,20171119,12,3,20,77945,13:00,2017,11,REG
2017_REG_11_BUF_LAC_20171119,20171119,17,4,41,25015,16:05,2017,11,REG
2017_REG_11_CIN_DEN_20171119,20171119,10,7,11,75707,16:25,2017,11,REG
2017_REG_11_DET_CHI_20171119,20171119,6,11,39,60635,13:00,2017,11,REG
2017_REG_11_JAX_CLE_20171119,20171119,8,15,19,57003,13:00,2017,11,REG
2017_REG_11_KC_NYG_20171119,20171119,24,16,28,76363,13:00,2017,11,REG
2017_REG_11_LAR_MIN_20171119,20171119,21,18,46,66809,13:00,2017,11,REG
2017_REG_11_NE_LV_20171119,20171119,19,22,12,77357,16:25,2017,11,REG
2017_REG_11_PHI_DAL_20171119,20171119,9,26,1,93247,20:30,2017,11,REG
2017_REG_11_TB_MIA_20171119,20171119,20,30,17,65089,13:00,2017,11,REG
2017_REG_11_TEN_PIT_20171116,20171116,27,31,2,60703,20:25,2017,11,REG
2017_REG_11_WSH_NO_20171119,20171119,23,32,8,73138,13:00,2017,11,REG
2017_REG_12_BUF_KC_20171126,20171126,16,4,6,74929,13:00,2017,12,REG
2017_REG_12_CAR_NYJ_20171126,20171126,25,5,28,77562,13:00,2017,12,REG
2017_REG_12_CHI_PHI_20171126,20171126,26,6,22,69596,13:00,2017,12,REG
2017_REG_12_CLE_CIN_20171126,20171126,7,8,34,51710,13:00,2017,12,REG
2017_REG_12_DEN_LV_20171126,20171126,19,10,33,53930,16:25,2017,12,REG
2017_REG_12_GB_PIT_20171126,20171126,27,12,2,62147,20:30,2017,12,REG
2017_REG_12_HOU_BAL_20171127,20171127,3,13,26,70357,20:30,2017,12,REG
2017_REG_12_JAX_ARI_20171126,20171126,1,15,40,63891,16:25,2017,12,REG
2017_REG_12_LAC_DAL_20171123,20171123,9,17,1,93012,16:30,2017,12,REG
2017_REG_12_MIA_NE_20171126,20171126,22,20,16,65878,13:00,2017,12,REG
2017_REG_12_MIN_DET_20171123,20171123,11,21,14,66613,12:30,2017,12,REG
2017_REG_12_NO_LAR_20171126,20171126,18,23,23,62006,16:25,2017,12,REG
2017_REG_12_NYG_WSH_20171123,20171123,32,24,31,73210,20:30,2017,12,REG
2017_REG_12_SEA_SF_20171126,20171126,29,28,21,70134,16:05,2017,12,REG
2017_REG_12_TB_ATL_20171126,20171126,2,30,27,71036,13:00,2017,12,REG
2017_REG_12_TEN_IND_20171126,20171126,14,31,24,62207,13:00,2017,12,REG
2017_REG_13_CAR_NO_20171203,20171203,23,5,8,73171,16:25,2017,13,REG
2017_REG_13_CLE_LAC_20171203,20171203,17,8,41,25320,16:05,2017,13,REG
2017_REG_13_DEN_MIA_20171203,20171203,20,10,17,65092,13:00,2017,13,REG
2017_REG_13_DET_BAL_20171203,20171203,3,11,26,70500,13:00,2017,13,REG
2017_REG_13_HOU_TEN_20171203,20171203,31,13,30,62758,13:00,2017,13,REG
2017_REG_13_IND_JAX_20171203,20171203,15,14,13,61207,13:00,2017,13,REG
2017_REG_13_KC_NYJ_20171203,20171203,25,16,28,77562,13:00,2017,13,REG
2017_REG_13_LAR_ARI_20171203,20171203,1,18,40,63986,16:25,2017,13,REG
2017_REG_13_MIN_ATL_20171203,20171203,2,21,27,71185,13:00,2017,13,REG
2017_REG_13_NE_BUF_20171203,20171203,4,22,18,68499,13:00,2017,13,REG
2017_REG_13_NYG_LV_20171203,20171203,19,24,33,54994,16:25,2017,13,REG
2017_REG_13_PHI_SEA_20171203,20171203,28,26,25,69075,20:30,2017,13,REG
2017_REG_13_PIT_CIN_20171204,20171204,7,27,34,56029,20:30,2017,13,REG
2017_REG_13_SF_CHI_20171203,20171203,6,29,39,61302,13:00,2017,13,REG
2017_REG_13_TB_GB_20171203,20171203,12,30,20,77684,13:00,2017,13,REG
2017_REG_13_WSH_DAL_20171130,20171130,9,32,1,91712,20:25,2017,13,REG
2017_REG_14_BAL_PIT_20171210,20171210,27,3,2,60069,20:30,2017,14,REG
2017_REG_14_CHI_CIN_20171210,20171210,7,6,34,52002,13:00,2017,14,REG
2017_REG_14_DAL_NYG_20171210,20171210,24,9,28,78125,13:00,2017,14,REG
2017_REG_14_DET_TB_20171210,20171210,30,11,36,60372,13:00,2017,14,REG
2017_REG_14_GB_CLE_20171210,20171210,8,12,19,67431,13:00,2017,14,REG
2017_REG_14_IND_BUF_20171210,20171210,4,14,18,60222,13:00,2017,14,REG
2017_REG_14_LV_KC_20171210,20171210,16,19,6,74461,13:00,2017,14,REG
2017_REG_14_MIN_CAR_20171210,20171210,5,21,7,73728,13:00,2017,14,REG
2017_REG_14_NE_MIA_20171211,20171211,20,22,17,65548,20:30,2017,14,REG
2017_REG_14_NO_ATL_20171207,20171207,2,23,27,72866,20:25,2017,14,REG
2017_REG_14_NYJ_DEN_20171210,20171210,10,25,11,75518,16:05,2017,14,REG
2017_REG_14_PHI_LAR_20171210,20171210,18,26,23,67752,16:25,2017,14,REG
2017_REG_14_SEA_JAX_20171210,20171210,15,28,13,64431,16:25,2017,14,REG
2017_REG_14_SF_HOU_20171210,20171210,13,29,29,71802,13:00,2017,14,REG
2017_REG_14_TEN_ARI_20171210,20171210,1,31,40,64153,16:05,2017,14,REG
2017_REG_14_WSH_LAC_20171210,20171210,17,32,41,25393,16:05,2017,14,REG
2017_REG_15_ARI_WSH_20171217,20171217,32,1,31,71026,13:00,2017,15,REG
2017_REG_15_ATL_TB_20171218,20171218,30,2,36,62382,20:30,2017,15,REG
2017_REG_15_BAL_CLE_20171217,20171217,8,3,19,56434,13:00,2017,15,REG
2017_REG_15_CHI_DET_20171216,20171216,11,6,14,65872,16:30,2017,15,REG
2017_REG_15_CIN_MIN_20171217,20171217,21,7,46,66833,13:00,2017,15,REG
2017_REG_15_DAL_LV_20171217,20171217,19,9,33,55372,20:30,2017,15,REG
2017_REG_15_DEN_IND_20171214,20171214,14,10,24,63411,20:25,2017,15,REG
2017_REG_15_GB_CAR_20171217,20171217,5,12,7,74447,13:00,2017,15,REG
2017_REG_15_HOU_JAX_20171217,20171217,15,13,13,64701,13:00,2017,15,REG
2017_REG_15_LAC_KC_20171216,20171216,16,17,6,75011,20:25,2017,15,REG
2017_REG_15_LAR_SEA_20171217,20171217,28,18,25,69077,16:05,2017,15,REG
2017_REG_15_MIA_BUF_20171217,20171217,4,20,18,62202,13:00,2017,15,REG
2017_REG_15_NE_PIT_20171217,20171217,27,22,2,68574,16:25,2017,15,REG
2017_REG_15_NYJ_NO_20171217,20171217,23,25,8,73018,13:00,2017,15,REG
2017_REG_15_PHI_NYG_20171217,20171217,24,26,28,76896,13:00,2017,15,REG
2017_REG_15_TEN_SF_20171217,20171217,29,31,21,70133,16:25,2017,15,REG
2017_REG_16_ATL_NO_20171224,20171224,23,2,8,73188,13:00,2017,16,REG
2017_REG_16_BUF_NE_20171224,20171224,22,4,16,65878,13:00,2017,16,REG
2017_REG_16_CLE_CHI_20171224,20171224,6,8,39,58796,13:00,2017,16,REG
2017_REG_16_DEN_WSH_20171224,20171224,32,10,31,72889,13:00,2017,16,REG
2017_REG_16_DET_CIN_20171224,20171224,7,11,34,47732,13:00,2017,16,REG
2017_REG_16_IND_BAL_20171223,20171223,3,14,26,70590,16:30,2017,16,REG
2017_REG_16_JAX_SF_20171224,20171224,29,15,21,70133,16:05,2017,16,REG
2017_REG_16_LAC_NYJ_20171224,20171224,25,17,28,77562,13:00,2017,16,REG
2017_REG_16_LAR_TEN_20171224,20171224,31,18,30,60097,13:00,2017,16,REG
2017_REG_16_LV_PHI_20171225,20171225,26,19,22,69596,20:30,2017,16,REG
2017_REG_16_MIA_KC_20171224,20171224,16,20,6,65325,13:00,2017,16,REG
2017_REG_16_MIN_GB_20171223,20171223,12,21,20,78092,20:30,2017,16,REG
2017_REG_16_NYG_ARI_20171224,20171224,1,24,40,63850,16:25,2017,16,REG
2017_REG_16_PIT_HOU_20171225,20171225,13,27,29,71842,16:30,2017,16,REG
2017_REG_16_SEA_DAL_20171224,20171224,9,28,1,92150,16:25,2017,16,REG
2017_REG_16_TB_CAR_20171224,20171224,5,30,7,71463,13:00,2017,16,REG
2017_REG_17_ARI_SEA_20171231,20171231,28,1,25,69078,16:25,2017,17,REG
2017_REG_17_BUF_MIA_20171231,20171231,20,4,17,65571,16:25,2017,17,REG
2017_REG_17_CAR_ATL_20171231,20171231,2,5,27,74141,16:25,2017,17,REG
2017_REG_17_CHI_MIN_20171231,20171231,21,6,46,66802,13:00,2017,17,REG
2017_REG_17_CIN_BAL_20171231,20171231,3,7,26,70507,16:25,2017,17,REG
2017_REG_17_CLE_PIT_20171231,20171231,27,8,2,50704,13:00,2017,17,REG
2017_REG_17_DAL_PHI_20171231,20171231,26,9,22,69596,13:00,2017,17,REG
2017_REG_17_GB_DET_20171231,20171231,11,12,14,62501,13:00,2017,17,REG
2017_REG_17_HOU_IND_20171231,20171231,14,13,24,60557,13:00,2017,17,REG
2017_REG_17_JAX_TEN_20171231,20171231,31,15,30,65501,16:25,2017,17,REG
2017_REG_17_KC_DEN_20171231,20171231,10,16,11,75928,16:25,2017,17,REG
2017_REG_17_LV_LAC_20171231,20171231,17,19,41,25430,16:25,2017,17,REG
2017_REG_17_NO_TB_20171231,20171231,30,23,36,55376,16:25,2017,17,REG
2017_REG_17_NYJ_NE_20171231,20171231,22,25,16,65878,13:00,2017,17,REG
2017_REG_17_SF_LAR_20171231,20171231,18,29,23,66125,16:25,2017,17,REG
2017_REG_17_WSH_NYG_20171231,20171231,24,32,28,76269,13:00,2017,17,REG
2017_POST_18_ATL_LAR_20180106,20180106,18,2,23,,20:15,2017,18,POST
2017_POST_18_BUF_JAX_20180107,20180107,15,4,13,,13:05,2017,18,POST
2017_POST_18_CAR_NO_20180107,20180107,23,5,8,,16:40,2017,18,POST
2017_POST_18_TEN_KC_20180106,20180106,16,31,6,,16:36,2017,18,POST
2017_POST_19_ATL_PHI_20180113,20180113,26,2,22,,16:35,2017,19,POST
2017_POST_19_JAX_PIT_20180114,20180114,27,15,2,,13:05,2017,19,POST
2017_POST_19_NO_MIN_20180114,20180114,21,23,46,,16:40,2017,19,POST
2017_POST_19_TEN_NE_20180113,20180113,22,31,16,,20:15,2017,19,POST
2017_CON_20_JAX_NE_20180121,20180121,22,15,16,,15:05,2017,20,CON
2017_CON_20_MIN_PHI_20180121,20180121,26,21,22,,18:41,2017,20,CON
2017_POST_21_PHI_NE_20180204,20180204,22,26,46,,18:31,2017,21,POST
2018_REG_01_ATL_PHI_20180906,20180906,26,2,22,69696,20:20,2018,1,REG
2018_REG_01_BUF_BAL_20180909,20180909,3,4,26,70591,13:00,2018,1,REG
2018_REG_01_CHI_GB_20180909,20180909,12,6,20,78282,20:20,2018,1,REG
2018_REG_01_CIN_IND_20180909,20180909,14,7,24,58699,13:00,2018,1,REG
2018_REG_01_DAL_CAR_20180909,20180909,5,9,7,74532,16:25,2018,1,REG
2018_REG_01_HOU_NE_20180909,20180909,22,13,16,65878,13:00,2018,1,REG
2018_REG_01_JAX_NYG_20180909,20180909,24,15,28,77992,13:00,2018,1,REG
2018_REG_01_KC_LAC_20180909,20180909,17,16,41,25351,16:05,2018,1,REG
2018_REG_01_LAR_LV_20180910,20180910,19,18,33,53857,22:20,2018,1,REG
2018_REG_01_NYJ_DET_20180910,20180910,11,25,14,61352,19:10,2018,1,REG
2018_REG_01_PIT_CLE_20180909,20180909,8,27,19,67431,13:00,2018,1,REG
2018_REG_01_SEA_DEN_20180909,20180909,10,28,11,76761,16:25,2018,1,REG
2018_REG_01_SF_MIN_20180909,20180909,21,29,46,66673,13:00,2018,1,REG
2018_REG_01_TB_NO_20180909,20180909,23,30,8,73038,13:00,2018,1,REG
2018_REG_01_TEN_MIA_20180909,20180909,20,31,17,65184,13:00,2018,1,REG
2018_REG_01_WSH_ARI_20180909,20180909,1,32,40,61613,16:25,2018,1,REG
2018_REG_02_ARI_LAR_20180916,20180916,18,1,23,66515,16:05,2018,2,REG
2018_REG_02_BAL_CIN_20180913,20180913,7,3,34,50018,20:20,2018,2,REG
2018_REG_02_CAR_ATL_20180916,20180916,2,5,27,72528,13:00,2018,2,REG
2018_REG_02_CLE_NO_20180916,20180916,23,8,8,73086,13:00,2018,2,REG
2018_REG_02_DET_SF_20180916,20180916,29,11,21,70164,16:05,2018,2,REG
2018_REG_02_HOU_TEN_20180916,20180916,31,13,30,62372,13:00,2018,2,REG
2018_REG_02_IND_WSH_20180916,20180916,32,14,31,57013,13:00,2018,2,REG
2018_REG_02_KC_PIT_20180916,20180916,27,16,2,63956,13:00,2018,2,REG
2018_REG_02_LAC_BUF_20180916,20180916,4,17,18,69187,13:00,2018,2,REG
2018_REG_02_LV_DEN_20180916,20180916,10,19,11,76696,16:25,2018,2,REG
2018_REG_02_MIA_NYJ_20180916,20180916,25,20,28,77982,13:00,2018,2,REG
2018_REG_02_MIN_GB_20180916,20180916,12,21,20,78461,13:00,2018,2,REG
2018_REG_02_NE_JAX_20180916,20180916,15,22,43,68527,16:25,2018,2,REG
2018_REG_02_NYG_DAL_20180916,20180916,9,24,1,90512,20:20,2018,2,REG
2018_REG_02_PHI_TB_20180916,20180916,30,26,36,56552,13:00,2018,2,REG
2018_REG_02_SEA_CHI_20180917,20180917,6,28,39,57960,20:15,2018,2,REG
2018_REG_03_BUF_MIN_20180923,20180923,21,4,46,66800,13:00,2018,3,REG
2018_REG_03_CHI_ARI_20180923,20180923,1,6,40,62163,16:25,2018,3,REG
2018_REG_03_CIN_CAR_20180923,20180923,5,7,7,72161,13:00,2018,3,REG
2018_REG_03_DAL_SEA_20180923,20180923,28,9,25,69047,16:25,2018,3,REG
2018_REG_03_DEN_BAL_20180923,20180923,3,10,26,70156,13:00,2018,3,REG
2018_REG_03_GB_WSH_20180923,20180923,32,12,31,59827,13:00,2018,3,REG
2018_REG_03_IND_PHI_20180923,20180923,26,14,22,69696,13:00,2018,3,REG
2018_REG_03_LAC_LAR_20180923,20180923,18,17,23,68947,16:05,2018,3,REG
2018_REG_03_LV_MIA_20180923,20180923,20,19,17,65667,13:00,2018,3,REG
2018_REG_03_NE_DET_20180923,20180923,11,22,14,61769,20:20,2018,3,REG
2018_REG_03_NO_ATL_20180923,20180923,2,23,27,74457,13:00,2018,3,REG
2018_REG_03_NYG_HOU_20180923,20180923,13,24,29,71838,13:00,2018,3,REG
2018_REG_03_NYJ_CLE_20180920,20180920,8,25,19,67431,20:20,2018,3,REG
2018_REG_03_PIT_TB_20180924,20180924,30,27,36,62571,20:15,2018,3,REG
2018_REG_03_SF_KC_20180923,20180923,16,29,6,76023,13:00,2018,3,REG
2018_REG_03_TEN_JAX_20180923,20180923,15,31,43,64015,13:00,2018,3,REG
2018_REG_04_BAL_PIT_20180930,20180930,27,3,2,62030,20:20,2018,4,REG
2018_REG_04_BUF_GB_20180930,20180930,12,4,20,78312,13:00,2018,4,REG
2018_REG_04_CIN_ATL_20180930,20180930,2,7,27,71985,13:00,2018,4,REG
2018_REG_04_CLE_LV_20180930,20180930,19,8,33,53387,16:05,2018,4,REG
2018_REG_04_DET_DAL_20180930,20180930,9,11,1,90155,13:00,2018,4,REG
2018_REG_04_HOU_IND_20180930,20180930,14,13,24,57716,13:00,2018,4,REG
2018_REG_04_KC_DEN_20181001,20181001,10,16,11,76656,20:15,2018,4,REG
2018_REG_04_MIA_NE_20180930,20180930,22,20,16,65878,13:00,2018,4,REG
2018_REG_04_MIN_LAR_20180927,20180927,18,21,23,72027,20:20,2018,4,REG
2018_REG_04_NO_NYG_20180930,20180930,24,23,28,78213,16:25,2018,4,REG
2018_REG_04_NYJ_JAX_20180930,20180930,15,25,43,65353,13:00,2018,4,REG
2018_REG_04_PHI_TEN_20180930,20180930,31,26,30,69013,13:00,2018,4,REG
2018_REG_04_SEA_ARI_20180930,20180930,1,28,40,61845,16:05,2018,4,REG
2018_REG_04_SF_LAC_20180930,20180930,17,29,41,25397,16:25,2018,4,REG
2018_REG_04_TB_CHI_20180930,20180930,6,30,39,61893,13:00,2018,4,REG
2018_REG_05_ARI_SF_20181007,20181007,29,1,21,68337,16:25,2018,5,REG
2018_REG_05_ATL_PIT_20181007,20181007,27,2,2,64781,13:00,2018,5,REG
2018_REG_05_BAL_CLE_20181007,20181007,8,3,19,67431,13:00,2018,5,REG
2018_REG_05_DAL_HOU_20181007,20181007,13,9,29,72008,20:20,2018,5,REG
2018_REG_05_DEN_NYJ_20181007,20181007,25,10,28,77982,13:00,2018,5,REG
2018_REG_05_GB_DET_20181007,20181007,11,12,14,63405,13:00,2018,5,REG
2018_REG_05_IND_NE_20181004,20181004,22,14,16,65878,20:20,2018,5,REG
2018_REG_05_JAX_KC_20181007,20181007,16,15,6,75289,13:00,2018,5,REG
2018_REG_05_LAR_SEA_20181007,20181007,28,18,25,68893,16:25,2018,5,REG
2018_REG_05_LV_LAC_20181007,20181007,17,19,41,25362,16:05,2018,5,REG
2018_REG_05_MIA_CIN_20181007,20181007,7,20,34,52708,13:00,2018,5,REG
2018_REG_05_MIN_PHI_20181007,20181007,26,21,22,69696,16:25,2018,5,REG
2018_REG_05_NYG_CAR_20181007,20181007,5,24,7,74221,13:00,2018,5,REG
2018_REG_05_TEN_BUF_20181007,20181007,4,31,18,68202,13:00,2018,5,REG
2018_REG_05_WSH_NO_20181008,20181008,23,32,8,73028,20:15,2018,5,REG
2018_REG_06_ARI_MIN_20181014,20181014,21,1,46,66801,13:00,2018,6,REG
2018_REG_06_BAL_TEN_20181014,20181014,31,3,30,64441,16:25,2018,6,REG
2018_REG_06_BUF_HOU_20181014,20181014,13,4,29,71638,13:00,2018,6,REG
2018_REG_06_CAR_WSH_20181014,20181014,32,5,31,60482,13:00,2018,6,REG
2018_REG_06_CHI_MIA_20181014,20181014,20,6,17,65791,13:00,2018,6,REG
2018_REG_06_IND_NYJ_20181014,20181014,25,14,28,77982,13:00,2018,6,REG
2018_REG_06_JAX_DAL_20181014,20181014,9,15,1,90767,16:25,2018,6,REG
2018_REG_06_KC_NE_20181014,20181014,22,16,16,65878,20:20,2018,6,REG
2018_REG_06_LAC_CLE_20181014,20181014,8,17,19,67431,13:00,2018,6,REG
2018_REG_06_LAR_DEN_20181014,20181014,10,18,11,76109,16:05,2018,6,REG
2018_REG_06_PHI_NYG_20181011,20181011,24,26,28,77167,20:20,2018,6,REG
2018_REG_06_PIT_CIN_20181014,20181014,7,27,34,60594,13:00,2018,6,REG
2018_REG_06_SEA_LV_20181014,20181014,19,28,47,84922,13:00,2018,6,REG
2018_REG_06_SF_GB_20181015,20181015,12,29,20,77642,20:15,2018,6,REG
2018_REG_06_TB_ATL_20181014,20181014,2,30,27,72665,13:00,2018,6,REG
2018_REG_07_BUF_IND_20181021,20181021,14,4,24,56848,13:00,2018,7,REG
2018_REG_07_CAR_PHI_20181021,20181021,26,5,22,69696,13:00,2018,7,REG
2018_REG_07_CIN_KC_20181021,20181021,16,7,6,75676,20:20,2018,7,REG
2018_REG_07_CLE_TB_20181021,20181021,30,8,36,53682,13:00,2018,7,REG
2018_REG_07_DAL_WSH_20181021,20181021,32,9,31,66301,16:25,2018,7,REG
2018_REG_07_DEN_ARI_20181018,20181018,1,10,40,62359,20:20,2018,7,REG
2018_REG_07_DET_MIA_20181021,20181021,20,11,17,65265,13:00,2018,7,REG
2018_REG_07_HOU_JAX_20181021,20181021,15,13,43,66534,13:00,2018,7,REG
2018_REG_07_LAR_SF_20181021,20181021,29,18,21,66597,16:25,2018,7,REG
2018_REG_07_MIN_NYJ_20181021,20181021,25,21,28,77982,13:00,2018,7,REG
2018_REG_07_NE_CHI_20181021,20181021,6,22,39,62389,13:00,2018,7,REG
2018_REG_07_NO_BAL_20181021,20181021,3,23,26,70639,16:05,2018,7,REG
2018_REG_07_NYG_ATL_20181022,20181022,2,24,27,72756,20:15,2018,7,REG
2018_REG_07_TEN_LAC_20181021,20181021,17,31,47,84301,21:30,2018,7,REG
2018_REG_08_BAL_CAR_20181028,20181028,5,3,7,73843,13:00,2018,8,REG
2018_REG_08_CLE_PIT_20181028,20181028,27,8,2,63780,13:00,2018,8,REG
2018_REG_08_DEN_KC_20181028,20181028,16,10,6,77103,13:00,2018,8,REG
2018_REG_08_GB_LAR_20181028,20181028,18,12,23,75822,16:25,2018,8,REG
2018_REG_08_IND_LV_20181028,20181028,19,14,33,54372,16:05,2018,8,REG
2018_REG_08_MIA_HOU_20181025,20181025,13,20,29,71726,20:20,2018,8,REG
2018_REG_08_NE_BUF_20181029,20181029,4,22,18,70109,20:15,2018,8,REG
2018_REG_08_NO_MIN_20181028,20181028,21,23,46,66801,20:20,2018,8,REG
2018_REG_08_NYJ_CHI_20181028,20181028,6,25,39,61397,13:00,2018,8,REG
2018_REG_08_PHI_JAX_20181028,20181028,15,26,47,85870,21:30,2018,8,REG
2018_REG_08_SEA_DET_20181028,20181028,11,28,14,65237,13:00,2018,8,REG
2018_REG_08_SF_ARI_20181028,20181028,1,29,40,61923,16:25,2018,8,REG
2018_REG_08_TB_CIN_20181028,20181028,7,30,34,45134,13:00,2018,8,REG
2018_REG_08_WSH_NYG_20181028,20181028,24,32,28,77537,13:00,2018,8,REG
2018_REG_09_ATL_WSH_20181104,20181104,32,2,31,62386,13:00,2018,9,REG
2018_REG_09_CHI_BUF_20181104,20181104,4,6,18,68749,13:00,2018,9,REG
2018_REG_09_DET_MIN_20181104,20181104,21,11,46,66825,13:00,2018,9,REG
2018_REG_09_GB_NE_20181104,20181104,22,12,16,65878,20:20,2018,9,REG
2018_REG_09_HOU_DEN_20181104,20181104,10,13,11,76270,16:05,2018,9,REG
2018_REG_09_KC_CLE_20181104,20181104,8,16,19,67431,13:00,2018,9,REG
2018_REG_09_LAC_SEA_20181104,20181104,28,17,25,68989,16:05,2018,9,REG
2018_REG_09_LAR_NO_20181104,20181104,23,18,8,73086,16:25,2018,9,REG
2018_REG_09_LV_SF_20181101,20181101,29,19,21,69592,20:20,2018,9,REG
2018_REG_09_NYJ_MIA_20181104,20181104,20,25,17,65533,13:00,2018,9,REG
2018_REG_09_PIT_BAL_20181104,20181104,3,27,26,70997,13:00,2018,9,REG
2018_REG_09_TB_CAR_20181104,20181104,5,30,7,73513,13:00,2018,9,REG
2018_REG_09_TEN_DAL_20181105,20181105,9,31,1,90466,20:15,2018,9,REG
2018_REG_10_ARI_KC_20181111,20181111,16,1,6,76712,13:00,2018,10,REG
2018_REG_10_ATL_CLE_20181111,20181111,8,2,19,62144,13:00,2018,10,REG
2018_REG_10_BUF_NYJ_20181111,20181111,25,4,28,77982,13:00,2018,10,REG
2018_REG_10_CAR_PIT_20181108,20181108,27,5,2,62881,20:20,2018,10,REG
2018_REG_10_DAL_PHI_20181111,20181111,26,9,22,69696,20:20,2018,10,REG
2018_REG_10_DET_CHI_20181111,20181111,6,11,39,61393,13:00,2018,10,REG
2018_REG_10_JAX_IND_20181111,20181111,14,15,24,57473,13:00,2018,10,REG
2018_REG_10_LAC_LV_20181111,20181111,19,17,33,54750,16:05,2018,10,REG
2018_REG_10_MIA_GB_20181111,20181111,12,20,20,78076,16:25,2018,10,REG
2018_REG_10_NE_TEN_20181111,20181111,31,22,30,69363,13:00,2018,10,REG
2018_REG_10_NO_CIN_20181111,20181111,7,23,34,52492,13:00,2018,10,REG
2018_REG_10_NYG_SF_20181112,20181112,29,24,21,69409,20:15,2018,10,REG
2018_REG_10_SEA_LAR_20181111,20181111,18,28,23,72755,16:25,2018,10,REG
2018_REG_10_WSH_TB_20181111,20181111,30,32,36,52667,13:00,2018,10,REG
2018_REG_11_CAR_DET_20181118,20181118,11,5,14,61999,13:00,2018,11,REG
2018_REG_11_CIN_BAL_20181118,20181118,3,7,26,70077,13:00,2018,11,REG
2018_REG_11_DAL_ATL_20181118,20181118,2,9,27,74447,13:00,2018,11,REG
2018_REG_11_DEN_LAC_20181118,20181118,17,10,41,25462,16:05,2018,11,REG
2018_REG_11_GB_SEA_20181115,20181115,28,12,25,69007,20:20,2018,11,REG
2018_REG_11_HOU_WSH_20181118,20181118,32,13,31,61593,13:00,2018,11,REG
2018_REG_11_KC_LAR_20181119,20181119,18,16,23,77002,20:15,2018,11,REG
2018_REG_11_LV_ARI_20181118,20181118,1,19,40,62435,16:05,2018,11,REG
2018_REG_11_MIN_CHI_20181118,20181118,6,21,39,61651,20:20,2018,11,REG
2018_REG_11_PHI_NO_20181118,20181118,23,26,8,73042,16:25,2018,11,REG
2018_REG_11_PIT_JAX_20181118,20181118,15,27,43,67683,13:00,2018,11,REG
2018_REG_11_TB_NYG_20181118,20181118,24,30,28,75863,13:00,2018,11,REG
2018_REG_11_TEN_IND_20181118,20181118,14,31,24,57401,13:00,2018,11,REG
2018_REG_12_ARI_LAC_20181125,20181125,17,1,41,25343,16:05,2018,12,REG
2018_REG_12_ATL_NO_20181122,20181122,23,2,8,73017,20:20,2018,12,REG
2018_REG_12_CHI_DET_20181122,20181122,11,6,14,65684,12:30,2018,12,REG
2018_REG_12_CLE_CIN_20181125,20181125,7,8,34,56122,13:00,2018,12,REG
2018_REG_12_GB_MIN_20181125,20181125,21,12,46,66872,20:20,2018,12,REG
2018_REG_12_JAX_BUF_20181125,20181125,4,15,18,57799,13:00,2018,12,REG
2018_REG_12_LV_BAL_20181125,20181125,3,19,26,70035,13:00,2018,12,REG
2018_REG_12_MIA_IND_20181125,20181125,14,20,24,57069,16:25,2018,12,REG
2018_REG_12_NE_NYJ_20181125,20181125,25,22,28,77982,13:00,2018,12,REG
2018_REG_12_NYG_PHI_20181125,20181125,26,24,22,69696,13:00,2018,12,REG
2018_REG_12_PIT_DEN_20181125,20181125,10,27,11,76536,16:25,2018,12,REG
2018_REG_12_SEA_CAR_20181125,20181125,5,28,7,74002,13:00,2018,12,REG
2018_REG_12_SF_TB_20181125,20181125,30,29,36,50436,13:00,2018,12,REG
2018_REG_12_TEN_HOU_20181126,20181126,13,31,29,71826,20:15,2018,12,REG
2018_REG_12_WSH_DAL_20181122,20181122,9,32,1,92076,16:30,2018,12,REG
2018_REG_13_ARI_GB_20181202,20181202,12,1,20,77234,13:00,2018,13,REG
2018_REG_13_BAL_ATL_20181202,20181202,2,3,27,72262,13:00,2018,13,REG
2018_REG_13_BUF_MIA_20181202,20181202,20,4,17,65155,13:00,2018,13,REG
2018_REG_13_CAR_TB_20181202,20181202,30,5,36,52568,13:00,2018,13,REG
2018_REG_13_CHI_NYG_20181202,20181202,24,6,28,76465,13:00,2018,13,REG
2018_REG_13_CLE_HOU_20181202,20181202,13,8,29,71741,13:00,2018,13,REG
2018_REG_13_DEN_CIN_20181202,20181202,7,10,34,44392,13:00,2018,13,REG
2018_REG_13_IND_JAX_20181202,20181202,15,14,43,67030,13:00,2018,13,REG
2018_REG_13_KC_LV_20181202,20181202,19,16,33,54255,16:05,2018,13,REG
2018_REG_13_LAC_PIT_20181202,20181202,27,17,2,61069,20:20,2018,13,REG
2018_REG_13_LAR_DET_20181202,20181202,11,18,14,60974,13:00,2018,13,REG
2018_REG_13_MIN_NE_20181202,20181202,22,21,16,65878,16:25,2018,13,REG
2018_REG_13_NO_DAL_20181129,20181129,9,23,1,93004,20:20,2018,13,REG
2018_REG_13_NYJ_TEN_20181202,20181202,31,25,30,60904,16:05,2018,13,REG
2018_REG_13_SF_SEA_20181202,20181202,28,29,25,69009,16:25,2018,13,REG
2018_REG_13_WSH_PHI_20181203,20181203,26,32,22,69696,20:15,2018,13,REG
2018_REG_14_ATL_GB_20181209,20181209,12,2,20,77329,13:00,2018,14,REG
2018_REG_14_BAL_KC_20181209,20181209,16,3,6,74336,13:00,2018,14,REG
2018_REG_14_CAR_CLE_20181209,20181209,8,5,19,59392,13:00,2018,14,REG
2018_REG_14_CIN_LAC_20181209,20181209,17,7,41,25358,16:05,2018,14,REG
2018_REG_14_DEN_SF_20181209,20181209,29,10,21,69449,16:05,2018,14,REG
2018_REG_14_DET_ARI_20181209,20181209,1,11,40,62014,16:25,2018,14,REG
2018_REG_14_IND_HOU_20181209,20181209,13,14,29,71814,13:00,2018,14,REG
2018_REG_14_JAX_TEN_20181206,20181206,31,15,30,60344,20:20,2018,14,REG
2018_REG_14_LAR_CHI_20181209,20181209,6,18,39,61695,20:20,2018,14,REG
2018_REG_14_MIN_SEA_20181210,20181210,28,21,25,69007,20:15,2018,14,REG
2018_REG_14_NE_MIA_20181209,20181209,20,22,17,66087,13:00,2018,14,REG
2018_REG_14_NO_TB_20181209,20181209,30,23,36,53495,13:00,2018,14,REG
2018_REG_14_NYG_WSH_20181209,20181209,32,24,31,57437,13:00,2018,14,REG
2018_REG_14_NYJ_BUF_20181209,20181209,4,25,18,59119,13:00,2018,14,REG
2018_REG_14_PHI_DAL_20181209,20181209,9,26,1,93127,16:25,2018,14,REG
2018_REG_14_PIT_LV_20181209,20181209,19,27,33,53960,16:25,2018,14,REG
2018_REG_15_ARI_ATL_20181216,20181216,2,1,27,72084,13:00,2018,15,REG
2018_REG_15_CLE_DEN_20181215,20181215,10,8,11,76596,20:20,2018,15,REG
2018_REG_15_DAL_IND_20181216,20181216,14,9,24,66654,13:00,2018,15,REG
2018_REG_15_DET_BUF_20181216,20181216,4,11,18,59110,13:00,2018,15,REG
2018_REG_15_GB_CHI_20181216,20181216,6,12,39,62372,13:00,2018,15,REG
2018_REG_15_HOU_NYJ_20181215,20181215,25,13,28,77982,16:30,2018,15,REG
2018_REG_15_LAC_KC_20181213,20181213,16,17,6,75091,20:20,2018,15,REG
2018_REG_15_LV_CIN_20181216,20181216,7,19,34,44568,13:00,2018,15,REG
2018_REG_15_MIA_MIN_20181216,20181216,21,20,46,66841,13:00,2018,15,REG
2018_REG_15_NE_PIT_20181216,20181216,27,22,2,65280,16:25,2018,15,REG
2018_REG_15_NO_CAR_20181217,20181217,5,23,7,74188,20:15,2018,15,REG
2018_REG_15_PHI_LAR_20181216,20181216,18,26,23,74210,20:20,2018,15,REG
2018_REG_15_SEA_SF_20181216,20181216,29,28,21,68836,16:05,2018,15,REG
2018_REG_15_TB_BAL_20181216,20181216,3,30,26,70031,13:00,2018,15,REG
2018_REG_15_TEN_NYG_20181216,20181216,24,31,28,74538,13:00,2018,15,REG
2018_REG_15_WSH_JAX_20181216,20181216,15,32,43,67577,13:00,2018,15,REG
2018_REG_16_ATL_CAR_20181223,20181223,5,2,7,73722,13:00,2018,16,REG
2018_REG_16_BAL_LAC_20181222,20181222,17,3,41,25571,20:20,2018,16,REG
2018_REG_16_BUF_NE_20181223,20181223,22,4,16,65878,13:00,2018,16,REG
2018_REG_16_CHI_SF_20181223,20181223,29,6,21,70806,16:05,2018,16,REG
2018_REG_16_CIN_CLE_20181223,20181223,8,7,19,67431,13:00,2018,16,REG
2018_REG_16_DEN_LV_20181224,20181224,19,10,33,53850,20:15,2018,16,REG
2018_REG_16_GB_NYJ_20181223,20181223,25,12,28,77982,13:00,2018,16,REG
2018_REG_16_HOU_PHI_20181223,20181223,26,13,22,69696,13:00,2018,16,REG
2018_REG_16_JAX_MIA_20181223,20181223,20,15,17,65798,13:00,2018,16,REG
2018_REG_16_KC_SEA_20181223,20181223,28,16,25,69067,20:20,2018,16,REG
2018_REG_16_LAR_ARI_20181223,20181223,1,18,40,61759,16:05,2018,16,REG
2018_REG_16_MIN_DET_20181223,20181223,11,21,14,61641,13:00,2018,16,REG
2018_REG_16_NYG_IND_20181223,20181223,14,24,24,61738,13:00,2018,16,REG
2018_REG_16_PIT_NO_20181223,20181223,23,27,8,73086,16:25,2018,16,REG
2018_REG_16_TB_DAL_20181223,20181223,9,30,1,92851,13:00,2018,16,REG
2018_REG_16_WSH_TEN_20181222,20181222,31,32,30,60746,16:30,2018,16,REG
2018_REG_17_ARI_SEA_20181230,20181230,28,1,25,68990,16:25,2018,17,REG
2018_REG_17_ATL_TB_20181230,20181230,30,2,36,52884,13:00,2018,17,REG
2018_REG_17_CAR_NO_20181230,20181230,23,5,8,73028,13:00,2018,17,REG
2018_REG_17_CHI_MIN_20181230,20181230,21,6,46,66878,16:25,2018,17,REG
2018_REG_17_CIN_PIT_20181230,20181230,27,7,2,63874,16:25,2018,17,REG
2018_REG_17_CLE_BAL_20181230,20181230,3,8,26,70925,16:25,2018,17,REG
2018_REG_17_DAL_NYG_20181230,20181230,24,9,28,77750,13:00,2018,17,REG
2018_REG_17_DET_GB_20181230,20181230,12,11,20,77341,13:00,2018,17,REG
2018_REG_17_IND_TEN_20181230,20181230,31,14,30,68978,20:20,2018,17,REG
2018_REG_17_JAX_HOU_20181230,20181230,13,15,29,71848,13:00,2018,17,REG
2018_REG_17_LAC_DEN_20181230,20181230,10,17,11,75947,16:25,2018,17,REG
2018_REG_17_LV_KC_20181230,20181230,16,19,6,77550,16:25,2018,17,REG
2018_REG_17_MIA_BUF_20181230,20181230,4,20,18,67420,13:00,2018,17,REG
2018_REG_17_NYJ_NE_20181230,20181230,22,25,16,65878,13:00,2018,17,REG
2018_REG_17_PHI_WSH_20181230,20181230,32,26,31,63188,16:25,2018,17,REG
2018_REG_17_SF_LAR_20181230,20181230,18,29,23,72161,16:25,2018,17,REG
2018_POST_18_IND_HOU_20190105,20190105,13,14,29,,16:35,2018,18,POST
2018_POST_18_LAC_BAL_20190106,20190106,3,17,26,,13:05,2018,18,POST
2018_POST_18_PHI_CHI_20190106,20190106,6,26,39,,16:40,2018,18,POST
2018_POST_18_SEA_DAL_20190105,20190105,9,28,1,,20:15,2018,18,POST
2018_POST_19_DAL_LAR_20190112,20190112,18,9,23,,20:15,2018,19,POST
2018_POST_19_IND_KC_20190112,20190112,16,14,6,,16:35,2018,19,POST
2018_POST_19_LAC_NE_20190113,20190113,22,17,16,,13:05,2018,19,POST
2018_POST_19_PHI_NO_20190113,20190113,23,26,8,,16:40,2018,19,POST
2018_CON_20_LAR_NO_20190120,20190120,23,18,8,,15:05,2018,20,CON
2018_CON_20_NE_KC_20190120,20190120,16,22,6,,18:40,2018,20,CON
2018_POST_21_NE_LAR_20190203,20190203,18,22,27,,18:30,2018,21,POST
2019_REG_01_ATL_MIN_20190908,20190908,21,2,46,66714,13:00,2019,1,REG
2019_REG_01_BAL_MIA_20190908,20190908,20,3,17,65012,13:00,2019,1,REG
2019_REG_01_BUF_NYJ_20190908,20190908,25,4,28,78523,13:00,2019,1,REG
2019_REG_01_CIN_SEA_20190908,20190908,28,7,25,68710,16:05,2019,1,REG
2019_REG_01_DEN_LV_20190909,20190909,19,10,37,52359,22:20,2019,1,REG
2019_REG_01_DET_ARI_20190908,20190908,1,11,40,60687,16:25,2019,1,REG
2019_REG_01_GB_CHI_20190905,20190905,6,12,39,62435,20:20,2019,1,REG
2019_REG_01_HOU_NO_20190909,20190909,23,13,8,73039,19:10,2019,1,REG
2019_REG_01_IND_LAC_20190908,20190908,17,14,41,25363,16:05,2019,1,REG
2019_REG_01_KC_JAX_20190908,20190908,15,16,43,60157,13:00,2019,1,REG
2019_REG_01_LAR_CAR_20190908,20190908,5,18,7,72005,13:00,2019,1,REG
2019_REG_01_NYG_DAL_20190908,20190908,9,24,1,90353,16:25,2019,1,REG
2019_REG_01_PIT_NE_20190908,20190908,22,27,16,65878,20:20,2019,1,REG
2019_REG_01_SF_TB_20190908,20190908,30,29,36,55976,16:25,2019,1,REG
2019_REG_01_TEN_CLE_20190908,20190908,8,31,19,67431,13:00,2019,1,REG
2019_REG_01_WSH_PHI_20190908,20190908,26,32,22,69696,13:00,2019,1,REG
2019_REG_02_ARI_BAL_20190915,20190915,3,1,26,70126,13:00,2019,2,REG
2019_REG_02_BUF_NYG_20190915,20190915,24,4,28,74569,13:00,2019,2,REG
2019_REG_02_CHI_DEN_20190915,20190915,10,6,11,76885,16:25,2019,2,REG
2019_REG_02_CLE_NYJ_20190916,20190916,25,8,28,78523,20:15,2019,2,REG
2019_REG_02_DAL_WSH_20190915,20190915,32,9,31,75128,13:00,2019,2,REG
2019_REG_02_IND_TEN_20190915,20190915,31,14,30,62849,13:00,2019,2,REG
2019_REG_02_JAX_HOU_20190915,20190915,13,15,29,71651,13:00,2019,2,REG
2019_REG_02_KC_LV_20190915,20190915,19,16,37,52748,16:05,2019,2,REG
2019_REG_02_LAC_DET_20190915,20190915,11,17,14,60158,13:00,2019,2,REG
2019_REG_02_MIN_GB_20190915,20190915,12,21,20,78416,13:00,2019,2,REG
2019_REG_02_NE_MIA_20190915,20190915,20,22,17,65513,13:00,2019,2,REG
2019_REG_02_NO_LAR_20190915,20190915,18,23,23,71460,16:25,2019,2,REG
2019_REG_02_PHI_ATL_20190915,20190915,2,26,27,72443,20:20,2019,2,REG
2019_REG_02_SEA_PIT_20190915,20190915,27,28,2,65063,13:00,2019,2,REG
2019_REG_02_SF_CIN_20190915,20190915,7,29,34,50666,13:00,2019,2,REG
2019_REG_02_TB_CAR_20190912,20190912,5,30,7,71101,20:20,2019,2,REG
2019_REG_03_ATL_IND_20190922,20190922,14,2,24,60295,13:00,2019,3,REG
2019_REG_03_BAL_KC_20190922,20190922,16,3,6,73390,13:00,2019,3,REG
2019_REG_03_CAR_ARI_20190922,20190922,1,5,40,60104,16:05,2019,3,REG
2019_REG_03_CHI_WSH_20190923,20190923,32,6,31,67327,20:15,2019,3,REG
2019_REG_03_CIN_BUF_20190922,20190922,4,7,18,69448,13:00,2019,3,REG
2019_REG_03_DEN_GB_20190922,20190922,12,10,20,78078,13:00,2019,3,REG
2019_REG_03_DET_PHI_20190922,20190922,26,11,22,69796,13:00,2019,3,REG
2019_REG_03_HOU_LAC_20190922,20190922,17,13,41,25349,16:25,2019,3,REG
2019_REG_03_LAR_CLE_20190922,20190922,8,18,19,67431,20:20,2019,3,REG
2019_REG_03_LV_MIN_20190922,20190922,21,19,46,66738,13:00,2019,3,REG
2019_REG_03_MIA_DAL_20190922,20190922,9,20,1,90127,13:00,2019,3,REG
2019_REG_03_NO_SEA_20190922,20190922,28,23,25,69005,16:25,2019,3,REG
2019_REG_03_NYG_TB_20190922,20190922,30,24,36,55070,16:05,2019,3,REG
2019_REG_03_NYJ_NE_20190922,20190922,22,25,16,65878,13:00,2019,3,REG
2019_REG_03_PIT_SF_20190922,20190922,29,27,21,69439,16:25,2019,3,REG
2019_REG_03_TEN_JAX_20190919,20190919,15,31,43,58613,20:20,2019,3,REG
2019_REG_04_CAR_HOU_20190929,20190929,13,5,29,71699,13:00,2019,4,REG
2019_REG_04_CIN_PIT_20190930,20190930,27,7,2,57959,20:15,2019,4,REG
2019_REG_04_CLE_BAL_20190929,20190929,3,8,26,70686,13:00,2019,4,REG
2019_REG_04_DAL_NO_20190929,20190929,23,9,8,73086,20:20,2019,4,REG
2019_REG_04_JAX_DEN_20190929,20190929,10,15,11,76219,16:25,2019,4,REG
2019_REG_04_KC_DET_20190929,20190929,11,16,14,65188,13:00,2019,4,REG
2019_REG_04_LAC_MIA_20190929,20190929,20,17,17,64278,13:00,2019,4,REG
2019_REG_04_LV_IND_20190929,20190929,14,19,24,62259,13:00,2019,4,REG
2019_REG_04_MIN_CHI_20190929,20190929,6,21,39,62131,16:25,2019,4,REG
2019_REG_04_NE_BUF_20190929,20190929,4,22,18,70317,13:00,2019,4,REG
2019_REG_04_PHI_GB_20190926,20190926,12,26,20,77509,20:20,2019,4,REG
2019_REG_04_SEA_ARI_20190929,20190929,1,28,40,60500,16:05,2019,4,REG
2019_REG_04_TB_LAR_20190929,20190929,18,30,23,68117,16:05,2019,4,REG
2019_REG_04_TEN_ATL_20190929,20190929,2,31,27,72108,13:00,2019,4,REG
2019_REG_04_WSH_NYG_20190929,20190929,24,32,28,74149,13:00,2019,4,REG
2019_REG_05_ARI_CIN_20191006,20191006,7,1,34,46012,13:00,2019,5,REG
2019_REG_05_ATL_HOU_20191006,20191006,13,2,29,71787,13:00,2019,5,REG
2019_REG_05_BAL_PIT_20191006,20191006,27,3,2,64037,13:00,2019,5,REG
2019_REG_05_BUF_TEN_20191006,20191006,31,4,30,66910,13:00,2019,5,REG
2019_REG_05_CHI_LV_20191006,20191006,19,6,44,60463,13:00,2019,5,REG
2019_REG_05_CLE_SF_20191007,20191007,29,8,21,70585,20:15,2019,5,REG
2019_REG_05_DEN_LAC_20191006,20191006,17,10,41,25357,16:05,2019,5,REG
2019_REG_05_GB_DAL_20191006,20191006,9,12,1,93024,16:25,2019,5,REG
2019_REG_05_IND_KC_20191006,20191006,16,14,6,73352,20:20,2019,5,REG
2019_REG_05_JAX_CAR_20191006,20191006,5,15,7,72762,13:00,2019,5,REG
2019_REG_05_LAR_SEA_20191003,20191003,28,18,25,68988,20:20,2019,5,REG
2019_REG_05_MIN_NYG_20191006,20191006,24,21,28,75041,13:00,2019,5,REG
2019_REG_05_NE_WSH_20191006,20191006,32,22,31,76483,13:00,2019,5,REG
2019_REG_05_NYJ_PHI_20191006,20191006,26,25,22,69796,13:00,2019,5,REG
2019_REG_05_TB_NO_20191006,20191006,23,30,8,73029,13:00,2019,5,REG
2019_REG_06_ATL_ARI_20191013,20191013,1,2,40,60140,16:05,2019,6,REG
2019_REG_06_CAR_TB_20191013,20191013,30,5,44,60087,09:30,2019,6,REG
2019_REG_06_CIN_BAL_20191013,20191013,3,7,26,70051,13:00,2019,6,REG
2019_REG_06_DAL_NYJ_20191013,20191013,25,9,28,78523,16:25,2019,6,REG
2019_REG_06_DET_GB_20191014,20191014,12,11,20,76947,20:15,2019,6,REG
2019_REG_06_HOU_KC_20191013,20191013,16,13,6,73323,13:00,2019,6,REG
2019_REG_06_NO_JAX_20191013,20191013,15,23,43,64341,13:00,2019,6,REG
2019_REG_06_NYG_NE_20191010,20191010,22,24,16,65878,20:20,2019,6,REG
2019_REG_06_PHI_MIN_20191013,20191013,21,26,46,66837,13:00,2019,6,REG
2019_REG_06_PIT_LAC_20191013,20191013,17,27,41,25425,20:20,2019,6,REG
2019_REG_06_SEA_CLE_20191013,20191013,8,28,19,67431,13:00,2019,6,REG
2019_REG_06_SF_LAR_20191013,20191013,18,29,23,75695,16:05,2019,6,REG
2019_REG_06_TEN_DEN_20191013,20191013,10,31,11,75815,16:25,2019,6,REG
2019_REG_06_WSH_MIA_20191013,20191013,20,32,17,59808,13:00,2019,6,REG
2019_REG_07_ARI_NYG_20191020,20191020,24,1,28,73577,13:00,2019,7,REG
2019_REG_07_BAL_SEA_20191020,20191020,28,3,25,69012,16:25,2019,7,REG
2019_REG_07_HOU_IND_20191020,20191020,14,13,24,59977,13:00,2019,7,REG
2019_REG_07_JAX_CIN_20191020,20191020,7,15,34,42784,13:00,2019,7,REG
2019_REG_07_KC_DEN_20191017,20191017,10,16,11,76748,20:20,2019,7,REG
2019_REG_07_LAC_TEN_20191020,20191020,31,17,30,62431,16:05,2019,7,REG
2019_REG_07_LAR_ATL_20191020,20191020,2,18,27,71856,13:00,2019,7,REG
2019_REG_07_LV_GB_20191020,20191020,12,19,20,78160,13:00,2019,7,REG
2019_REG_07_MIA_BUF_20191020,20191020,4,20,18,68340,13:00,2019,7,REG
2019_REG_07_MIN_DET_20191020,20191020,11,21,14,60314,13:00,2019,7,REG
2019_REG_07_NE_NYJ_20191021,20191021,25,22,28,78523,20:15,2019,7,REG
2019_REG_07_NO_CHI_20191020,20191020,6,23,39,62306,16:25,2019,7,REG
2019_REG_07_PHI_DAL_20191020,20191020,9,26,1,91213,20:20,2019,7,REG
2019_REG_07_SF_WSH_20191020,20191020,32,29,31,61459,13:00,2019,7,REG
2019_REG_08_ARI_NO_20191027,20191027,23,1,8,73064,13:00,2019,8,REG
2019_REG_08_CAR_SF_20191027,20191027,29,5,21,69083,16:05,2019,8,REG
2019_REG_08_CIN_LAR_20191027,20191027,18,7,47,83720,13:00,2019,8,REG
2019_REG_08_CLE_NE_20191027,20191027,22,8,16,65878,16:25,2019,8,REG
2019_REG_08_DEN_IND_20191027,20191027,14,10,24,61653,13:00,2019,8,REG
2019_REG_08_GB_KC_20191027,20191027,16,12,6,73558,20:20,2019,8,REG
2019_REG_08_LAC_CHI_20191027,20191027,6,17,39,61632,13:00,2019,8,REG
2019_REG_08_LV_HOU_20191027,20191027,13,19,29,71893,16:25,2019,8,REG
2019_REG_08_MIA_PIT_20191028,20191028,27,20,2,59244,20:15,2019,8,REG
2019_REG_08_NYG_DET_20191027,20191027,11,24,14,58509,13:00,2019,8,REG
2019_REG_08_NYJ_JAX_20191027,20191027,15,25,43,57833,13:00,2019,8,REG
2019_REG_08_PHI_BUF_20191027,20191027,4,26,18,69435,13:00,2019,8,REG
2019_REG_08_SEA_ATL_20191027,20191027,2,28,27,71483,13:00,2019,8,REG
2019_REG_08_TB_TEN_20191027,20191027,31,30,30,62073,13:00,2019,8,REG
2019_REG_08_WSH_MIN_20191024,20191024,21,32,46,66776,20:20,2019,8,REG
2019_REG_09_CHI_PHI_20191103,20191103,26,6,22,69796,13:00,2019,9,REG
2019_REG_09_CLE_DEN_20191103,20191103,10,8,11,76743,16:25,2019,9,REG
2019_REG_09_DAL_NYG_20191104,20191104,24,9,28,76107,20:15,2019,9,REG
2019_REG_09_DET_LV_20191103,20191103,19,11,37,53318,16:05,2019,9,REG
2019_REG_09_GB_LAC_20191103,20191103,17,12,41,25435,16:25,2019,9,REG
2019_REG_09_HOU_JAX_20191103,20191103,15,13,47,84771,09:30,2019,9,REG
2019_REG_09_IND_PIT_20191103,20191103,27,14,2,61115,13:00,2019,9,REG
2019_REG_09_MIN_KC_20191103,20191103,16,21,6,73615,13:00,2019,9,REG
2019_REG_09_NE_BAL_20191103,20191103,3,22,26,71157,20:20,2019,9,REG
2019_REG_09_NYJ_MIA_20191103,20191103,20,25,17,59229,13:00,2019,9,REG
2019_REG_09_SF_ARI_20191031,20191031,1,29,40,60986,20:20,2019,9,REG
2019_REG_09_TB_SEA_20191103,20191103,28,30,25,68948,16:05,2019,9,REG
2019_REG_09_TEN_CAR_20191103,20191103,5,31,7,72540,13:00,2019,9,REG
2019_REG_09_WSH_BUF_20191103,20191103,4,32,18,67685,13:00,2019,9,REG
2019_REG_10_ARI_TB_20191110,20191110,30,1,36,40038,13:00,2019,10,REG
2019_REG_10_ATL_NO_20191110,20191110,23,2,8,73283,13:00,2019,10,REG
2019_REG_10_BAL_CIN_20191110,20191110,7,3,34,45918,13:00,2019,10,REG
2019_REG_10_BUF_CLE_20191110,20191110,8,4,19,67431,13:00,2019,10,REG
2019_REG_10_CAR_GB_20191110,20191110,12,5,20,78090,16:25,2019,10,REG
2019_REG_10_DET_CHI_20191110,20191110,6,11,39,61758,13:00,2019,10,REG
2019_REG_10_KC_TEN_20191110,20191110,31,16,30,68864,13:00,2019,10,REG
2019_REG_10_LAC_LV_20191107,20191107,19,17,37,51954,20:20,2019,10,REG
2019_REG_10_LAR_PIT_20191110,20191110,27,18,2,63627,16:25,2019,10,REG
2019_REG_10_MIA_IND_20191110,20191110,14,20,24,60510,16:05,2019,10,REG
2019_REG_10_MIN_DAL_20191110,20191110,9,21,1,91188,20:20,2019,10,REG
2019_REG_10_NYG_NYJ_20191110,20191110,25,24,28,78523,13:00,2019,10,REG
2019_REG_10_SEA_SF_20191111,20191111,29,28,21,71404,20:15,2019,10,REG
2019_REG_11_ARI_SF_20191117,20191117,29,1,21,69419,16:05,2019,11,REG
2019_REG_11_ATL_CAR_20191117,20191117,5,2,7,73106,13:00,2019,11,REG
2019_REG_11_BUF_MIA_20191117,20191117,20,4,17,64187,13:00,2019,11,REG
2019_REG_11_CHI_LAR_20191117,20191117,18,6,23,70758,20:20,2019,11,REG
2019_REG_11_CIN_LV_20191117,20191117,19,7,37,51921,16:25,2019,11,REG
2019_REG_11_DAL_DET_20191117,20191117,11,9,14,61801,13:00,2019,11,REG
2019_REG_11_DEN_MIN_20191117,20191117,21,10,46,66883,13:00,2019,11,REG
2019_REG_11_HOU_BAL_20191117,20191117,3,13,26,70731,13:00,2019,11,REG
2019_REG_11_JAX_IND_20191117,20191117,14,15,24,61986,13:00,2019,11,REG
2019_REG_11_KC_LAC_20191118,20191118,17,16,12,76252,20:15,2019,11,REG
2019_REG_11_NE_PHI_20191117,20191117,26,22,22,69796,16:25,2019,11,REG
2019_REG_11_NO_TB_20191117,20191117,30,23,36,54333,13:00,2019,11,REG
2019_REG_11_NYJ_WSH_20191117,20191117,32,25,31,56426,13:00,2019,11,REG
2019_REG_11_PIT_CLE_20191114,20191114,8,27,19,67431,20:20,2019,11,REG
2019_REG_12_BAL_LAR_20191125,20191125,18,3,23,72409,20:15,2019,12,REG
2019_REG_12_CAR_NO_20191124,20191124,23,5,8,73068,13:00,2019,12,REG
2019_REG_12_DAL_NE_20191124,20191124,22,9,16,65878,16:25,2019,12,REG
2019_REG_12_DEN_BUF_20191124,20191124,4,10,18,67338,13:00,2019,12,REG
2019_REG_12_DET_WSH_20191124,20191124,32,11,31,57754,13:00,2019,12,REG
2019_REG_12_GB_SF_20191124,20191124,29,12,21,71500,20:20,2019,12,REG
2019_REG_12_IND_HOU_20191121,20191121,13,14,29,71727,20:20,2019,12,REG
2019_REG_12_JAX_TEN_20191124,20191124,31,15,30,60926,16:05,2019,12,REG
2019_REG_12_LV_NYJ_20191124,20191124,25,19,28,78523,13:00,2019,12,REG
2019_REG_12_MIA_CLE_20191124,20191124,8,20,19,67431,13:00,2019,12,REG
2019_REG_12_NYG_CHI_20191124,20191124,6,24,39,61581,13:00,2019,12,REG
2019_REG_12_PIT_CIN_20191124,20191124,7,27,34,47423,13:00,2019,12,REG
2019_REG_12_SEA_PHI_20191124,20191124,26,28,22,69796,13:00,2019,12,REG
2019_REG_12_TB_ATL_20191124,20191124,2,30,27,71463,13:00,2019,12,REG
2019_REG_13_BUF_DAL_20191128,20191128,9,4,1,90445,16:30,2019,13,REG
2019_REG_13_CHI_DET_20191128,20191128,11,6,14,65412,12:30,2019,13,REG
2019_REG_13_CLE_PIT_20191201,20191201,27,8,2,62157,13:00,2019,13,REG
2019_REG_13_GB_NYG_20191201,20191201,24,12,28,75950,13:00,2019,13,REG
2019_REG_13_LAC_DEN_20191201,20191201,10,17,11,74638,16:25,2019,13,REG
2019_REG_13_LAR_ARI_20191201,20191201,1,18,40,60944,16:05,2019,13,REG
2019_REG_13_LV_KC_20191201,20191201,16,19,6,73548,16:25,2019,13,REG
2019_REG_13_MIN_SEA_20191202,20191202,28,21,25,69080,20:15,2019,13,REG
2019_REG_13_NE_HOU_20191201,20191201,13,22,29,72025,20:20,2019,13,REG
2019_REG_13_NO_ATL_20191128,20191128,2,23,27,71993,20:20,2019,13,REG
2019_REG_13_NYJ_CIN_20191201,20191201,7,25,34,39804,13:00,2019,13,REG
2019_REG_13_PHI_MIA_20191201,20191201,20,26,17,65545,13:00,2019,13,REG
2019_REG_13_SF_BAL_20191201,20191201,3,29,26,71029,13:00,2019,13,REG
2019_REG_13_TB_JAX_20191201,20191201,15,30,43,62633,13:00,2019,13,REG
2019_REG_13_TEN_IND_20191201,20191201,14,31,24,60361,13:00,2019,13,REG
2019_REG_13_WSH_CAR_20191201,20191201,5,32,7,71504,13:00,2019,13,REG
2019_REG_14_BAL_BUF_20191208,20191208,4,3,18,69134,13:00,2019,14,REG
2019_REG_14_CAR_ATL_20191208,20191208,2,5,27,70592,13:00,2019,14,REG
2019_REG_14_CIN_CLE_20191208,20191208,8,7,19,67431,13:00,2019,14,REG
2019_REG_14_DAL_CHI_20191205,20191205,6,9,39,61276,20:20,2019,14,REG
2019_REG_14_DEN_HOU_20191208,20191208,13,10,29,71769,13:00,2019,14,REG
2019_REG_14_DET_MIN_20191208,20191208,21,11,46,66776,13:00,2019,14,REG
2019_REG_14_IND_TB_20191208,20191208,30,14,36,50232,13:00,2019,14,REG
2019_REG_14_KC_NE_20191208,20191208,22,16,16,65878,16:25,2019,14,REG
2019_REG_14_LAC_JAX_20191208,20191208,15,17,43,57866,16:05,2019,14,REG
2019_REG_14_MIA_NYJ_20191208,20191208,25,20,28,78523,13:00,2019,14,REG
2019_REG_14_NYG_PHI_20191209,20191209,26,24,22,69796,20:15,2019,14,REG
2019_REG_14_PIT_ARI_20191208,20191208,1,27,40,63880,16:25,2019,14,REG
2019_REG_14_SEA_LAR_20191208,20191208,18,28,23,71501,20:20,2019,14,REG
2019_REG_14_SF_NO_20191208,20191208,23,29,8,73038,13:00,2019,14,REG
2019_REG_14_TEN_LV_20191208,20191208,19,31,37,52760,16:25,2019,14,REG
2019_REG_14_WSH_GB_20191208,20191208,12,32,20,77296,13:00,2019,14,REG
2019_REG_15_ATL_SF_20191215,20191215,29,2,21,70910,16:25,2019,15,REG
2019_REG_15_BUF_PIT_20191215,20191215,27,4,2,64694,20:20,2019,15,REG
2019_REG_15_CHI_GB_20191215,20191215,12,6,20,78266,13:00,2019,15,REG
2019_REG_15_CLE_ARI_20191215,20191215,1,8,40,63345,16:05,2019,15,REG
2019_REG_15_DEN_KC_20191215,20191215,16,10,6,73257,13:00,2019,15,REG
2019_REG_15_HOU_TEN_20191215,20191215,31,13,30,65265,13:00,2019,15,REG
2019_REG_15_IND_NO_20191216,20191216,23,14,8,73053,20:15,2019,15,REG
2019_REG_15_JAX_LV_20191215,20191215,19,15,37,52788,16:05,2019,15,REG
2019_REG_15_LAR_DAL_20191215,20191215,9,18,1,90436,16:25,2019,15,REG
2019_REG_15_MIA_NYG_20191215,20191215,24,20,28,72894,13:00,2019,15,REG
2019_REG_15_MIN_LAC_20191215,20191215,17,21,41,25446,16:05,2019,15,REG
2019_REG_15_NE_CIN_20191215,20191215,7,22,34,57066,13:00,2019,15,REG
2019_REG_15_NYJ_BAL_20191212,20191212,3,25,26,70545,20:20,2019,15,REG
2019_REG_15_PHI_WSH_20191215,20191215,32,26,31,63246,13:00,2019,15,REG
2019_REG_15_SEA_CAR_20191215,20191215,5,28,7,72544,13:00,2019,15,REG
2019_REG_15_TB_DET_20191215,20191215,11,30,14,56515,13:00,2019,15,REG
2019_REG_16_ARI_SEA_20191222,20191222,28,1,25,69022,16:25,2019,16,REG
2019_REG_16_BAL_CLE_20191222,20191222,8,3,19,67431,13:00,2019,16,REG
2019_REG_16_BUF_NE_20191221,20191221,22,4,16,65878,16:30,2019,16,REG
2019_REG_16_CAR_IND_20191222,20191222,14,5,24,61845,13:00,2019,16,REG
2019_REG_16_CIN_MIA_20191222,20191222,20,7,17,60968,13:00,2019,16,REG
2019_REG_16_DAL_PHI_20191222,20191222,26,9,22,69796,16:25,2019,16,REG
2019_REG_16_DET_DEN_20191222,20191222,10,11,11,74115,16:05,2019,16,REG
2019_REG_16_GB_MIN_20191223,20191223,21,12,46,67157,20:15,2019,16,REG
2019_REG_16_HOU_TB_20191221,20191221,30,13,36,49036,13:00,2019,16,REG
2019_REG_16_JAX_ATL_20191222,20191222,2,15,27,70873,13:00,2019,16,REG
2019_REG_16_KC_CHI_20191222,20191222,6,16,39,62213,20:20,2019,16,REG
2019_REG_16_LAR_SF_20191221,20191221,29,18,21,70103,20:15,2019,16,REG
2019_REG_16_LV_LAC_20191222,20191222,17,19,41,25380,16:05,2019,16,REG
2019_REG_16_NO_TEN_20191222,20191222,31,23,30,66756,13:00,2019,16,REG
2019_REG_16_NYG_WSH_20191222,20191222,32,24,31,66083,13:00,2019,16,REG
2019_REG_16_PIT_NYJ_20191222,20191222,25,27,28,78523,13:00,2019,16,REG
2019_REG_17_ARI_LAR_20191229,20191229,18,1,23,68665,16:25,2019,17,REG
2019_REG_17_ATL_TB_20191229,20191229,30,2,36,50417,13:00,2019,17,REG
2019_REG_17_CHI_MIN_20191229,20191229,21,6,46,66913,13:00,2019,17,REG
2019_REG_17_CLE_CIN_20191229,20191229,7,8,34,47759,13:00,2019,17,REG
2019_REG_17_GB_DET_20191229,20191229,11,12,14,62840,13:00,2019,17,REG
2019_REG_17_IND_JAX_20191229,20191229,15,14,43,58472,16:25,2019,17,REG
2019_REG_17_LAC_KC_20191229,20191229,16,17,6,73680,13:00,2019,17,REG
2019_REG_17_LV_DEN_20191229,20191229,10,19,11,76334,16:25,2019,17,REG
2019_REG_17_MIA_NE_20191229,20191229,22,20,16,65878,13:00,2019,17,REG
2019_REG_17_NO_CAR_20191229,20191229,5,23,7,72203,13:00,2019,17,REG
2019_REG_17_NYJ_BUF_20191229,20191229,4,25,18,69016,13:00,2019,17,REG
2019_REG_17_PHI_NYG_20191229,20191229,24,26,28,75029,16:25,2019,17,REG
2019_REG_17_PIT_BAL_20191229,20191229,3,27,26,70695,16:25,2019,17,REG
2019_REG_17_SF_SEA_20191229,20191229,28,29,25,69162,20:20,2019,17,REG
2019_REG_17_TEN_HOU_20191229,20191229,13,31,29,71794,16:25,2019,17,REG
2019_REG_17_WSH_DAL_20191229,20191229,9,32,1,90646,16:25,2019,17,REG
2019_POST_18_BUF_HOU_20200104,20200104,13,4,29,,16:35,2019,18,POST
2019_POST_18_MIN_NO_20200105,20200105,23,21,8,,13:05,2019,18,POST
2019_POST_18_SEA_PHI_20200105,20200105,26,28,22,,16:40,2019,18,POST
2019_POST_18_TEN_NE_20200104,20200104,22,31,16,,20:15,2019,18,POST
2019_POST_19_HOU_KC_20200112,20200112,16,13,6,,15:05,2019,19,POST
2019_POST_19_MIN_SF_20200111,20200111,29,21,21,,16:35,2019,19,POST
2019_POST_19_SEA_GB_20200112,20200112,12,28,20,,18:40,2019,19,POST
2019_POST_19_TEN_BAL_20200111,20200111,3,31,26,,20:15,2019,19,POST
2019_CON_20_GB_SF_20200119,20200119,29,12,21,,18:40,2019,20,CON
2019_CON_20_TEN_KC_20200119,20200119,16,31,6,,15:05,2019,20,CON
2019_POST_21_SF_KC_20200202,20200202,16,29,17,,18:30,2019,21,POST
2020_REG_01_ARI_SF_20200913,20200913,29,1,21,,16:25,2020,1,REG
2020_REG_01_CHI_DET_20200913,20200913,11,6,14,,13:00,2020,1,REG
2020_REG_01_CLE_BAL_20200913,20200913,3,8,26,,13:00,2020,1,REG
2020_REG_01_DAL_LAR_20200913,20200913,18,9,38,,20:20,2020,1,REG
2020_REG_01_GB_MIN_20200913,20200913,21,12,46,,13:00,2020,1,REG
2020_REG_01_HOU_KC_20200910,20200910,16,13,6,,20:20,2020,1,REG
2020_REG_01_IND_JAX_20200913,20200913,15,14,43,,13:00,2020,1,REG
2020_REG_01_LAC_CIN_20200913,20200913,7,17,34,,16:05,2020,1,REG
2020_REG_01_LV_CAR_20200913,20200913,5,19,7,,13:00,2020,1,REG
2020_REG_01_MIA_NE_20200913,20200913,22,20,16,,13:00,2020,1,REG
2020_REG_01_NYJ_BUF_20200913,20200913,4,25,18,,13:00,2020,1,REG
2020_REG_01_PHI_WSH_20200913,20200913,32,26,31,,13:00,2020,1,REG
2020_REG_01_PIT_NYG_20200914,20200914,24,27,28,,19:15,2020,1,REG
2020_REG_01_SEA_ATL_20200913,20200913,2,28,27,,13:00,2020,1,REG
2020_REG_01_TB_NO_20200913,20200913,23,30,8,,16:25,2020,1,REG
2020_REG_01_TEN_DEN_20200914,20200914,10,31,11,,22:10,2020,1,REG
2020_REG_02_ATL_DAL_20200920,20200920,9,2,1,,13:00,2020,2,REG
2020_REG_02_BAL_HOU_20200920,20200920,13,3,29,,16:25,2020,2,REG
2020_REG_02_BUF_MIA_20200920,20200920,20,4,17,,13:00,2020,2,REG
2020_REG_02_CAR_TB_20200920,20200920,30,5,36,,13:00,2020,2,REG
2020_REG_02_CIN_CLE_20200917,20200917,8,7,19,,20:20,2020,2,REG
2020_REG_02_DEN_PIT_20200920,20200920,27,10,2,,13:00,2020,2,REG
2020_REG_02_DET_GB_20200920,20200920,12,11,20,,13:00,2020,2,REG
2020_REG_02_JAX_TEN_20200920,20200920,31,15,30,,13:00,2020,2,REG
2020_REG_02_KC_LAC_20200920,20200920,17,16,38,,16:25,2020,2,REG
2020_REG_02_LAR_PHI_20200920,20200920,26,18,22,,13:00,2020,2,REG
2020_REG_02_MIN_IND_20200920,20200920,14,21,24,,13:00,2020,2,REG
2020_REG_02_NE_SEA_20200920,20200920,28,22,25,,20:20,2020,2,REG
2020_REG_02_NO_LV_20200921,20200921,19,23,3,,20:15,2020,2,REG
2020_REG_02_NYG_CHI_20200920,20200920,6,24,39,,13:00,2020,2,REG
2020_REG_02_SF_NYJ_20200920,20200920,25,29,28,,13:00,2020,2,REG
2020_REG_02_WSH_ARI_20200920,20200920,1,32,40,,16:05,2020,2,REG
2020_REG_03_CAR_LAC_20200927,20200927,17,5,38,,16:05,2020,3,REG
2020_REG_03_CHI_ATL_20200927,20200927,2,6,27,,13:00,2020,3,REG
2020_REG_03_CIN_PHI_20200927,20200927,26,7,22,,13:00,2020,3,REG
2020_REG_03_DAL_SEA_20200927,20200927,28,9,25,,16:25,2020,3,REG
2020_REG_03_DET_ARI_20200927,20200927,1,11,40,,16:25,2020,3,REG
2020_REG_03_GB_NO_20200927,20200927,23,12,8,,20:20,2020,3,REG
2020_REG_03_HOU_PIT_20200927,20200927,27,13,2,,13:00,2020,3,REG
2020_REG_03_KC_BAL_20200928,20200928,3,16,26,,20:15,2020,3,REG
2020_REG_03_LAR_BUF_20200927,20200927,4,18,18,,13:00,2020,3,REG
2020_REG_03_LV_NE_20200927,20200927,22,19,16,,13:00,2020,3,REG
2020_REG_03_MIA_JAX_20200924,20200924,15,20,43,,20:20,2020,3,REG
2020_REG_03_NYJ_IND_20200927,20200927,14,25,24,,16:05,2020,3,REG
2020_REG_03_SF_NYG_20200927,20200927,24,29,28,,13:00,2020,3,REG
2020_REG_03_TB_DEN_20200927,20200927,10,30,11,,16:25,2020,3,REG
2020_REG_03_TEN_MIN_20200927,20200927,21,31,46,,13:00,2020,3,REG
2020_REG_03_WSH_CLE_20200927,20200927,8,32,19,,13:00,2020,3,REG
2020_REG_04_ARI_CAR_20201004,20201004,5,1,7,,13:00,2020,4,REG
2020_REG_04_ATL_GB_20201005,20201005,12,2,20,,21:00,2020,4,REG
2020_REG_04_BAL_WSH_20201004,20201004,32,3,31,,13:00,2020,4,REG
2020_REG_04_BUF_LV_20201004,20201004,19,4,3,,16:25,2020,4,REG
2020_REG_04_CLE_DAL_20201004,20201004,9,8,1,,13:00,2020,4,REG
2020_REG_04_DEN_NYJ_20201001,20201001,25,10,28,,20:20,2020,4,REG
2020_REG_04_IND_CHI_20201004,20201004,6,14,39,,16:25,2020,4,REG
2020_REG_04_JAX_CIN_20201004,20201004,7,15,34,,13:00,2020,4,REG
2020_REG_04_LAC_TB_20201004,20201004,30,17,36,,13:00,2020,4,REG
2020_REG_04_MIN_HOU_20201004,20201004,13,21,29,,13:00,2020,4,REG
2020_REG_04_NE_KC_20201005,20201005,16,22,6,,19:05,2020,4,REG
2020_REG_04_NO_DET_20201004,20201004,11,23,14,,13:00,2020,4,REG
2020_REG_04_NYG_LAR_20201004,20201004,18,24,38,,16:05,2020,4,REG
2020_REG_04_PHI_SF_20201004,20201004,29,26,21,,20:20,2020,4,REG
2020_REG_04_SEA_MIA_20201004,20201004,20,28,17,,13:00,2020,4,REG
2020_REG_05_ARI_NYJ_20201011,20201011,25,1,28,,13:00,2020,5,REG
2020_REG_05_BUF_TEN_20201013,20201013,31,4,30,,19:00,2020,5,REG
2020_REG_05_CAR_ATL_20201011,20201011,2,5,27,,13:00,2020,5,REG
2020_REG_05_CIN_BAL_20201011,20201011,3,7,26,,13:00,2020,5,REG
2020_REG_05_IND_CLE_20201011,20201011,8,14,19,,16:25,2020,5,REG
2020_REG_05_JAX_HOU_20201011,20201011,13,15,29,,13:00,2020,5,REG
2020_REG_05_LAC_NO_20201012,20201012,23,17,8,,20:15,2020,5,REG
2020_REG_05_LAR_WSH_20201011,20201011,32,18,31,,13:00,2020,5,REG
2020_REG_05_LV_KC_20201011,20201011,16,19,6,,13:00,2020,5,REG
2020_REG_05_MIA_SF_20201011,20201011,29,20,21,,16:05,2020,5,REG
2020_REG_05_MIN_SEA_20201011,20201011,28,21,25,,20:20,2020,5,REG
2020_REG_05_NYG_DAL_20201011,20201011,9,24,1,,16:25,2020,5,REG
2020_REG_05_PHI_PIT_20201011,20201011,27,26,2,,13:00,2020,5,REG
2020_REG_05_TB_CHI_20201008,20201008,6,30,39,,20:20,2020,5,REG
2020_REG_06_ARI_DAL_20201019,20201019,9,1,1,,20:15,2020,6,REG
2020_REG_06_ATL_MIN_20201018,20201018,21,2,46,,13:00,2020,6,REG
2020_REG_06_BAL_PHI_20201018,20201018,26,3,22,,13:00,2020,6,REG
2020_REG_06_CHI_CAR_20201018,20201018,5,6,7,,13:00,2020,6,REG
2020_REG_06_CIN_IND_20201018,20201018,14,7,24,,13:00,2020,6,REG
2020_REG_06_CLE_PIT_20201018,20201018,27,8,2,,13:00,2020,6,REG
2020_REG_06_DEN_NE_20201018,20201018,22,10,16,,13:00,2020,6,REG
2020_REG_06_DET_JAX_20201018,20201018,15,11,43,,13:00,2020,6,REG
2020_REG_06_GB_TB_20201018,20201018,30,12,36,,16:25,2020,6,REG
2020_REG_06_HOU_TEN_20201018,20201018,31,13,30,,13:00,2020,6,REG
2020_REG_06_KC_BUF_20201019,20201019,4,16,18,,17:00,2020,6,REG
2020_REG_06_LAR_SF_20201018,20201018,29,18,21,,20:20,2020,6,REG
2020_REG_06_NYJ_MIA_20201018,20201018,20,25,17,,16:05,2020,6,REG
2020_REG_06_WSH_NYG_20201018,20201018,24,32,28,,13:00,2020,6,REG
2020_REG_07_BUF_NYJ_20201025,20201025,25,4,28,,13:00,2020,7,REG
2020_REG_07_CAR_NO_20201025,20201025,23,5,8,,13:00,2020,7,REG
2020_REG_07_CHI_LAR_20201026,20201026,18,6,38,,20:15,2020,7,REG
2020_REG_07_CLE_CIN_20201025,20201025,7,8,34,,13:00,2020,7,REG
2020_REG_07_DAL_WSH_20201025,20201025,32,9,31,,13:00,2020,7,REG
2020_REG_07_DET_ATL_20201025,20201025,2,11,27,,13:00,2020,7,REG
2020_REG_07_GB_HOU_20201025,20201025,13,12,29,,13:00,2020,7,REG
2020_REG_07_JAX_LAC_20201025,20201025,17,15,38,,16:25,2020,7,REG
2020_REG_07_KC_DEN_20201025,20201025,10,16,11,,16:25,2020,7,REG
2020_REG_07_NYG_PHI_20201022,20201022,26,24,22,,20:20,2020,7,REG
2020_REG_07_PIT_TEN_20201025,20201025,31,27,30,,13:00,2020,7,REG
2020_REG_07_SEA_ARI_20201025,20201025,1,28,40,,20:20,2020,7,REG
2020_REG_07_SF_NE_20201025,20201025,22,29,16,,16:25,2020,7,REG
2020_REG_07_TB_LV_20201025,20201025,19,30,3,,16:05,2020,7,REG
2020_REG_08_ATL_CAR_20201029,20201029,5,2,7,,20:20,2020,8,REG
2020_REG_08_DAL_PHI_20201101,20201101,26,9,22,,20:20,2020,8,REG
2020_REG_08_IND_DET_20201101,20201101,11,14,14,,13:00,2020,8,REG
2020_REG_08_LAC_DEN_20201101,20201101,10,17,11,,16:05,2020,8,REG
2020_REG_08_LAR_MIA_20201101,20201101,20,18,17,,13:00,2020,8,REG
2020_REG_08_LV_CLE_20201101,20201101,8,19,19,,13:00,2020,8,REG
2020_REG_08_MIN_GB_20201101,20201101,12,21,20,,13:00,2020,8,REG
2020_REG_08_NE_BUF_20201101,20201101,4,22,18,,13:00,2020,8,REG
2020_REG_08_NO_CHI_20201101,20201101,6,23,39,,16:25,2020,8,REG
2020_REG_08_NYJ_KC_20201101,20201101,16,25,6,,13:00,2020,8,REG
2020_REG_08_PIT_BAL_20201101,20201101,3,27,26,,13:00,2020,8,REG
2020_REG_08_SF_SEA_20201101,20201101,28,29,25,,16:25,2020,8,REG
2020_REG_08_TB_NYG_20201102,20201102,24,30,28,,20:15,2020,8,REG
2020_REG_08_TEN_CIN_20201101,20201101,7,31,34,,13:00,2020,8,REG
2020_REG_09_BAL_IND_20201108,20201108,14,3,24,,13:00,2020,9,REG
2020_REG_09_CAR_KC_20201108,20201108,16,5,6,,13:00,2020,9,REG
2020_REG_09_CHI_TEN_20201108,20201108,31,6,30,,13:00,2020,9,REG
2020_REG_09_DEN_ATL_20201108,20201108,2,10,27,,13:00,2020,9,REG
2020_REG_09_DET_MIN_20201108,20201108,21,11,46,,13:00,2020,9,REG
2020_REG_09_GB_SF_20201105,20201105,29,12,21,,20:20,2020,9,REG
2020_REG_09_HOU_JAX_20201108,20201108,15,13,43,,13:00,2020,9,REG
2020_REG_09_LV_LAC_20201108,20201108,17,19,38,,16:05,2020,9,REG
2020_REG_09_MIA_ARI_20201108,20201108,1,20,40,,16:25,2020,9,REG
2020_REG_09_NE_NYJ_20201109,20201109,25,22,28,,20:15,2020,9,REG
2020_REG_09_NO_TB_20201108,20201108,30,23,36,,20:20,2020,9,REG
2020_REG_09_NYG_WSH_20201108,20201108,32,24,31,,13:00,2020,9,REG
2020_REG_09_PIT_DAL_20201108,20201108,9,27,1,,16:25,2020,9,REG
2020_REG_09_SEA_BUF_20201108,20201108,4,28,18,,13:00,2020,9,REG
2020_REG_10_BAL_NE_20201115,20201115,22,3,16,,20:20,2020,10,REG
2020_REG_10_BUF_ARI_20201115,20201115,1,4,40,,16:05,2020,10,REG
2020_REG_10_CIN_PIT_20201115,20201115,27,7,2,,16:25,2020,10,REG
2020_REG_10_DEN_LV_20201115,20201115,19,10,3,,16:05,2020,10,REG
2020_REG_10_HOU_CLE_20201115,20201115,8,13,19,,13:00,2020,10,REG
2020_REG_10_IND_TEN_20201112,20201112,31,14,30,,20:20,2020,10,REG
2020_REG_10_JAX_GB_20201115,20201115,12,15,20,,13:00,2020,10,REG
2020_REG_10_LAC_MIA_20201115,20201115,20,17,17,,16:05,2020,10,REG
2020_REG_10_MIN_CHI_20201116,20201116,6,21,39,,20:15,2020,10,REG
2020_REG_10_PHI_NYG_20201115,20201115,24,26,28,,13:00,2020,10,REG
2020_REG_10_SEA_LAR_20201115,20201115,18,28,38,,16:25,2020,10,REG
2020_REG_10_SF_NO_20201115,20201115,23,29,8,,16:25,2020,10,REG
2020_REG_10_TB_CAR_20201115,20201115,5,30,7,,13:00,2020,10,REG
2020_REG_10_WSH_DET_20201115,20201115,11,32,14,,13:00,2020,10,REG
2020_REG_11_ARI_SEA_20201119,20201119,28,1,25,,20:20,2020,11,REG
2020_REG_11_ATL_NO_20201122,20201122,23,2,8,,13:00,2020,11,REG
2020_REG_11_CIN_WSH_20201122,20201122,32,7,31,,13:00,2020,11,REG
2020_REG_11_DAL_MIN_20201122,20201122,21,9,46,,16:25,2020,11,REG
2020_REG_11_DET_CAR_20201122,20201122,5,11,7,,13:00,2020,11,REG
2020_REG_11_GB_IND_20201122,20201122,14,12,24,,16:25,2020,11,REG
2020_REG_11_KC_LV_20201122,20201122,19,16,3,,20:20,2020,11,REG
2020_REG_11_LAR_TB_20201123,20201123,30,18,36,,20:15,2020,11,REG
2020_REG_11_MIA_DEN_20201122,20201122,10,20,11,,16:05,2020,11,REG
2020_REG_11_NE_HOU_20201122,20201122,13,22,29,,13:00,2020,11,REG
2020_REG_11_NYJ_LAC_20201122,20201122,17,25,38,,16:05,2020,11,REG
2020_REG_11_PHI_CLE_20201122,20201122,8,26,19,,13:00,2020,11,REG
2020_REG_11_PIT_JAX_20201122,20201122,15,27,43,,13:00,2020,11,REG
2020_REG_11_TEN_BAL_20201122,20201122,3,31,26,,13:00,2020,11,REG
2020_REG_12_ARI_NE_20201129,20201129,22,1,16,,13:00,2020,12,REG
2020_REG_12_BAL_PIT_20201202,20201202,27,3,2,,15:40,2020,12,REG
2020_REG_12_CAR_MIN_20201129,20201129,21,5,46,,13:00,2020,12,REG
2020_REG_12_CHI_GB_20201129,20201129,12,6,20,,20:20,2020,12,REG
2020_REG_12_CLE_JAX_20201129,20201129,15,8,43,,13:00,2020,12,REG
2020_REG_12_HOU_DET_20201126,20201126,11,13,14,,12:30,2020,12,REG
2020_REG_12_KC_TB_20201129,20201129,30,16,36,,16:25,2020,12,REG
2020_REG_12_LAC_BUF_20201129,20201129,4,17,18,,13:00,2020,12,REG
2020_REG_12_LV_ATL_20201129,20201129,2,19,27,,13:00,2020,12,REG
2020_REG_12_MIA_NYJ_20201129,20201129,25,20,28,,13:00,2020,12,REG
2020_REG_12_NO_DEN_20201129,20201129,10,23,11,,16:05,2020,12,REG
2020_REG_12_NYG_CIN_20201129,20201129,7,24,34,,13:00,2020,12,REG
2020_REG_12_SEA_PHI_20201130,20201130,26,28,22,,20:15,2020,12,REG
2020_REG_12_SF_LAR_20201129,20201129,18,29,38,,16:05,2020,12,REG
2020_REG_12_TEN_IND_20201129,20201129,14,31,24,,13:00,2020,12,REG
2020_REG_12_WSH_DAL_20201126,20201126,9,32,1,,16:30,2020,12,REG
2020_REG_13_BUF_SF_20201207,20201207,29,4,40,,20:15,2020,13,REG
2020_REG_13_CIN_MIA_20201206,20201206,20,7,17,,13:00,2020,13,REG
2020_REG_13_CLE_TEN_20201206,20201206,31,8,30,,13:00,2020,13,REG
2020_REG_13_DAL_BAL_20201208,20201208,3,9,26,,20:05,2020,13,REG
2020_REG_13_DEN_KC_20201206,20201206,16,10,6,,20:20,2020,13,REG
2020_REG_13_DET_CHI_20201206,20201206,6,11,39,,13:00,2020,13,REG
2020_REG_13_IND_HOU_20201206,20201206,13,14,29,,13:00,2020,13,REG
2020_REG_13_JAX_MIN_20201206,20201206,21,15,46,,13:00,2020,13,REG
2020_REG_13_LAR_ARI_20201206,20201206,1,18,40,,16:05,2020,13,REG
2020_REG_13_LV_NYJ_20201206,20201206,25,19,28,,13:00,2020,13,REG
2020_REG_13_NE_LAC_20201206,20201206,17,22,38,,16:25,2020,13,REG
2020_REG_13_NO_ATL_20201206,20201206,2,23,27,,13:00,2020,13,REG
2020_REG_13_NYG_SEA_20201206,20201206,28,24,25,,16:05,2020,13,REG
2020_REG_13_PHI_GB_20201206,20201206,12,26,20,,16:25,2020,13,REG
2020_REG_13_WSH_PIT_20201207,20201207,27,32,2,,17:00,2020,13,REG
2020_REG_14_ARI_NYG_20201213,20201213,24,1,28,,13:00,2020,14,REG
2020_REG_14_ATL_LAC_20201213,20201213,17,2,38,,16:25,2020,14,REG
2020_REG_14_BAL_CLE_20201214,20201214,8,3,19,,20:15,2020,14,REG
2020_REG_14_DAL_CIN_20201213,20201213,7,9,34,,13:00,2020,14,REG
2020_REG_14_DEN_CAR_20201213,20201213,5,10,7,,13:00,2020,14,REG
2020_REG_14_GB_DET_20201213,20201213,11,12,14,,16:25,2020,14,REG
2020_REG_14_HOU_CHI_20201213,20201213,6,13,39,,13:00,2020,14,REG
2020_REG_14_IND_LV_20201213,20201213,19,14,3,,16:05,2020,14,REG
2020_REG_14_KC_MIA_20201213,20201213,20,16,17,,13:00,2020,14,REG
2020_REG_14_MIN_TB_20201213,20201213,30,21,36,,13:00,2020,14,REG
2020_REG_14_NE_LAR_20201210,20201210,18,22,38,,20:20,2020,14,REG
2020_REG_14_NO_PHI_20201213,20201213,26,23,22,,16:25,2020,14,REG
2020_REG_14_NYJ_SEA_20201213,20201213,28,25,25,,16:05,2020,14,REG
2020_REG_14_PIT_BUF_20201213,20201213,4,27,18,,20:20,2020,14,REG
2020_REG_14_TEN_JAX_20201213,20201213,15,31,43,,13:00,2020,14,REG
2020_REG_14_WSH_SF_20201213,20201213,29,32,40,,16:25,2020,14,REG
2020_REG_15_BUF_DEN_20201219,20201219,10,4,11,,16:30,2020,15,REG
2020_REG_15_CAR_GB_20201219,20201219,12,5,20,,20:15,2020,15,REG
2020_REG_15_CHI_MIN_20201220,20201220,21,6,46,,13:00,2020,15,REG
2020_REG_15_CLE_NYG_20201220,20201220,24,8,28,,20:20,2020,15,REG
2020_REG_15_DET_TEN_20201220,20201220,31,11,30,,13:00,2020,15,REG
2020_REG_15_HOU_IND_20201220,20201220,14,13,24,,13:00,2020,15,REG
2020_REG_15_JAX_BAL_20201220,20201220,3,15,26,,13:00,2020,15,REG
2020_REG_15_KC_NO_20201220,20201220,23,16,8,,16:25,2020,15,REG
2020_REG_15_LAC_LV_20201217,20201217,19,17,3,,20:20,2020,15,REG
2020_REG_15_NE_MIA_20201220,20201220,20,22,17,,13:00,2020,15,REG
2020_REG_15_NYJ_LAR_20201220,20201220,18,25,38,,16:05,2020,15,REG
2020_REG_15_PHI_ARI_20201220,20201220,1,26,40,,16:05,2020,15,REG
2020_REG_15_PIT_CIN_20201221,20201221,7,27,34,,20:15,2020,15,REG
2020_REG_15_SEA_WSH_20201220,20201220,32,28,31,,13:00,2020,15,REG
2020_REG_15_SF_DAL_20201220,20201220,9,29,1,,13:00,2020,15,REG
2020_REG_15_TB_ATL_20201220,20201220,2,30,27,,13:00,2020,15,REG
2020_REG_16_ATL_KC_20201227,20201227,16,2,6,,13:00,2020,16,REG
2020_REG_16_BUF_NE_20201228,20201228,22,4,16,,20:15,2020,16,REG
2020_REG_16_CAR_WSH_20201227,20201227,32,5,31,,16:05,2020,16,REG
2020_REG_16_CHI_JAX_20201227,20201227,15,6,43,,13:00,2020,16,REG
2020_REG_16_CIN_HOU_20201227,20201227,13,7,29,,13:00,2020,16,REG
2020_REG_16_CLE_NYJ_20201227,20201227,25,8,28,,13:00,2020,16,REG
2020_REG_16_DEN_LAC_20201227,20201227,17,10,38,,16:05,2020,16,REG
2020_REG_16_IND_PIT_20201227,20201227,27,14,2,,13:00,2020,16,REG
2020_REG_16_LAR_SEA_20201227,20201227,28,18,25,,16:25,2020,16,REG
2020_REG_16_MIA_LV_20201226,20201226,19,20,3,,20:15,2020,16,REG
2020_REG_16_MIN_NO_20201225,20201225,23,21,8,,16:30,2020,16,REG
2020_REG_16_NYG_BAL_20201227,20201227,3,24,26,,13:00,2020,16,REG
2020_REG_16_PHI_DAL_20201227,20201227,9,26,1,,16:25,2020,16,REG
2020_REG_16_SF_ARI_20201226,20201226,1,29,40,,16:30,2020,16,REG
2020_REG_16_TB_DET_20201226,20201226,11,30,14,,13:00,2020,16,REG
2020_REG_16_TEN_GB_20201227,20201227,12,31,20,,20:20,2020,16,REG
2020_REG_17_ARI_LAR_20210103,20210103,18,1,38,,16:25,2020,17,REG
2020_REG_17_ATL_TB_20210103,20210103,30,2,36,,13:00,2020,17,REG
2020_REG_17_BAL_CIN_20210103,20210103,7,3,34,,13:00,2020,17,REG
2020_REG_17_DAL_NYG_20210103,20210103,24,9,28,,13:00,2020,17,REG
2020_REG_17_GB_CHI_20210103,20210103,6,12,39,,16:25,2020,17,REG
2020_REG_17_JAX_IND_20210103,20210103,14,15,24,,16:25,2020,17,REG
2020_REG_17_LAC_KC_20210103,20210103,16,17,6,,16:25,2020,17,REG
2020_REG_17_LV_DEN_20210103,20210103,10,19,11,,16:25,2020,17,REG
2020_REG_17_MIA_BUF_20210103,20210103,4,20,18,,13:00,2020,17,REG
2020_REG_17_MIN_DET_20210103,20210103,11,21,14,,13:00,2020,17,REG
2020_REG_17_NO_CAR_20210103,20210103,5,23,7,,16:25,2020,17,REG
2020_REG_17_NYJ_NE_20210103,20210103,22,25,16,,13:00,2020,17,REG
2020_REG_17_PIT_CLE_20210103,20210103,8,27,19,,13:00,2020,17,REG
2020_REG_17_SEA_SF_20210103,20210103,29,28,40,,16:25,2020,17,REG
2020_REG_17_TEN_HOU_20210103,20210103,13,31,29,,16:25,2020,17,REG
2020_REG_17_WSH_PHI_20210103,20210103,26,32,22,,20:20,2020,17,REG
2020_POST_18_BAL_TEN_20210110,20210110,31,3,30,,13:05,2020,18,POST
2020_POST_18_CHI_NO_20210110,20210110,23,6,8,,16:40,2020,18,POST
2020_POST_18_CLE_PIT_20210110,20210110,27,8,2,,20:15,2020,18,POST
2020_POST_18_IND_BUF_20210109,20210109,4,14,18,,13:05,2020,18,POST
2020_POST_18_LAR_SEA_20210109,20210109,28,18,25,,16:40,2020,18,POST
2020_POST_18_TB_WSH_20210109,20210109,32,30,31,,20:15,2020,18,POST
2020_POST_19_BAL_BUF_20210116,20210116,4,3,18,,20:15,2020,19,POST
2020_POST_19_CLE_KC_20210117,20210117,16,8,6,,15:05,2020,19,POST
2020_POST_19_LAR_GB_20210116,20210116,12,18,20,,16:35,2020,19,POST
2020_POST_19_TB_NO_20210117,20210117,23,30,8,,18:40,2020,19,POST
2020_CON_20_BUF_KC_20210124,20210124,16,4,6,,18:40,2020,20,CON
2020_CON_20_TB_GB_20210124,20210124,12,30,20,,15:05,2020,20,CON
2020_POST_21_KC_TB_20210207,20210207,30,16,36,,18:30,2020,21,POST
2021_REG_01_ARI_TEN_20210912,20210912,31,1,30,67216,13:00,2021,1,REG
2021_REG_01_BAL_LV_20210913,20210913,19,3,3,61756,20:15,2021,1,REG
2021_REG_01_CHI_LAR_20210912,20210912,18,6,38,70445,20:20,2021,1,REG
2021_REG_01_CLE_KC_20210912,20210912,16,8,6,72973,16:25,2021,1,REG
2021_REG_01_DAL_TB_20210909,20210909,30,9,36,65566,20:20,2021,1,REG
2021_REG_01_DEN_NYG_20210912,20210912,24,10,28,74119,16:25,2021,1,REG
2021_REG_01_GB_NO_20210912,20210912,23,12,43,35242,16:25,2021,1,REG
2021_REG_01_JAX_HOU_20210912,20210912,13,15,29,68105,13:00,2021,1,REG
2021_REG_01_LAC_WSH_20210912,20210912,32,17,31,52753,13:00,2021,1,REG
2021_REG_01_MIA_NE_20210912,20210912,22,20,16,65878,16:25,2021,1,REG
2021_REG_01_MIN_CIN_20210912,20210912,7,21,34,56525,13:00,2021,1,REG
2021_REG_01_NYJ_CAR_20210912,20210912,5,25,7,70211,13:00,2021,1,REG
2021_REG_01_PHI_ATL_20210912,20210912,2,26,27,68633,13:00,2021,1,REG
2021_REG_01_PIT_BUF_20210912,20210912,4,27,18,69787,13:00,2021,1,REG
2021_REG_01_SEA_IND_20210912,20210912,14,28,24,63347,13:00,2021,1,REG
2021_REG_01_SF_DET_20210912,20210912,11,29,14,59374,13:00,2021,1,REG
2021_REG_02_ATL_TB_20210919,20210919,30,2,36,63694,16:05,2021,2,REG
2021_REG_02_BUF_MIA_20210919,20210919,20,4,17,65040,13:00,2021,2,REG
2021_REG_02_CIN_CHI_20210919,20210919,6,7,39,60840,13:00,2021,2,REG
2021_REG_02_DAL_LAC_20210919,20210919,17,9,38,70240,16:25,2021,2,REG
2021_REG_02_DEN_JAX_20210919,20210919,15,10,43,58461,13:00,2021,2,REG
2021_REG_02_DET_GB_20210920,20210920,12,11,20,77240,20:15,2021,2,REG
2021_REG_02_HOU_CLE_20210919,20210919,8,13,19,67431,13:00,2021,2,REG
2021_REG_02_KC_BAL_20210919,20210919,3,16,26,70417,20:20,2021,2,REG
2021_REG_02_LAR_IND_20210919,20210919,14,18,24,63076,13:00,2021,2,REG
2021_REG_02_LV_PIT_20210919,20210919,27,19,2,63707,13:00,2021,2,REG
2021_REG_02_MIN_ARI_20210919,20210919,1,21,40,60115,16:05,2021,2,REG
2021_REG_02_NE_NYJ_20210919,20210919,25,22,28,75626,13:00,2021,2,REG
2021_REG_02_NO_CAR_20210919,20210919,5,23,7,70675,13:00,2021,2,REG
2021_REG_02_NYG_WSH_20210916,20210916,32,24,31,50118,20:20,2021,2,REG
2021_REG_02_SF_PHI_20210919,20210919,26,29,22,69796,13:00,2021,2,REG
2021_REG_02_TEN_SEA_20210919,20210919,28,31,25,68585,16:25,2021,2,REG
2021_REG_03_ARI_JAX_20210926,20210926,15,1,43,58012,13:00,2021,3,REG
2021_REG_03_ATL_NYG_20210926,20210926,24,2,28,75307,13:00,2021,3,REG
2021_REG_03_BAL_DET_20210926,20210926,11,3,14,50788,13:00,2021,3,REG
2021_REG_03_CAR_HOU_20210923,20210923,13,5,29,68320,20:20,2021,3,REG
2021_REG_03_CHI_CLE_20210926,20210926,8,6,19,67431,13:00,2021,3,REG
2021_REG_03_CIN_PIT_20210926,20210926,27,7,2,58076,13:00,2021,3,REG
2021_REG_03_GB_SF_20210926,20210926,29,12,21,69853,20:20,2021,3,REG
2021_REG_03_IND_TEN_20210926,20210926,31,14,30,67914,13:00,2021,3,REG
2021_REG_03_LAC_KC_20210926,20210926,16,17,6,72980,13:00,2021,3,REG
2021_REG_03_MIA_LV_20210926,20210926,19,20,3,59311,16:05,2021,3,REG
2021_REG_03_NO_NE_20210926,20210926,22,23,16,65878,13:00,2021,3,REG
2021_REG_03_NYJ_DEN_20210926,20210926,10,25,11,75882,16:05,2021,3,REG
2021_REG_03_PHI_DAL_20210927,20210927,9,26,1,93267,20:15,2021,3,REG
2021_REG_03_SEA_MIN_20210926,20210926,21,28,46,66729,16:25,2021,3,REG
2021_REG_03_TB_LAR_20210926,20210926,18,30,38,73205,16:25,2021,3,REG
2021_REG_03_WSH_BUF_20210926,20210926,4,32,18,68434,13:00,2021,3,REG
2021_REG_04_ARI_LAR_20211003,20211003,18,1,38,70003,16:05,2021,4,REG
2021_REG_04_BAL_DEN_20211003,20211003,10,3,11,76490,16:25,2021,4,REG
2021_REG_04_CAR_DAL_20211003,20211003,9,5,1,93262,13:00,2021,4,REG
2021_REG_04_CLE_MIN_20211003,20211003,21,8,46,66703,13:00,2021,4,REG
2021_REG_04_DET_CHI_20211003,20211003,6,11,39,61468,13:00,2021,4,REG
2021_REG_04_HOU_BUF_20211003,20211003,4,13,18,68087,13:00,2021,4,REG
2021_REG_04_IND_MIA_20211003,20211003,20,14,17,64571,13:00,2021,4,REG
2021_REG_04_JAX_CIN_20210930,20210930,7,15,34,63198,20:20,2021,4,REG
2021_REG_04_KC_PHI_20211003,20211003,26,16,22,69796,13:00,2021,4,REG
2021_REG_04_LV_LAC_20211004,20211004,17,19,38,70240,20:15,2021,4,REG
2021_REG_04_NYG_NO_20211003,20211003,23,24,8,69170,13:00,2021,4,REG
2021_REG_04_PIT_GB_20211003,20211003,12,27,20,78281,16:25,2021,4,REG
2021_REG_04_SEA_SF_20211003,20211003,29,28,21,68912,16:05,2021,4,REG
2021_REG_04_TB_NE_20211003,20211003,22,30,16,65878,20:20,2021,4,REG
2021_REG_04_TEN_NYJ_20211003,20211003,25,31,28,70232,13:00,2021,4,REG
2021_REG_04_WSH_ATL_20211003,20211003,2,32,27,68333,13:00,2021,4,REG
2021_REG_05_BUF_KC_20211010,20211010,16,4,6,73389,20:20,2021,5,REG
2021_REG_05_CHI_LV_20211010,20211010,19,6,3,59122,16:05,2021,5,REG
2021_REG_05_CLE_LAC_20211010,20211010,17,8,38,70240,16:05,2021,5,REG
2021_REG_05_DEN_PIT_20211010,20211010,27,10,2,59841,13:00,2021,5,REG
2021_REG_05_DET_MIN_20211010,20211010,21,11,46,66538,13:00,2021,5,REG
2021_REG_05_GB_CIN_20211010,20211010,7,12,34,64195,13:00,2021,5,REG
2021_REG_05_IND_BAL_20211011,20211011,3,14,26,70510,20:15,2021,5,REG
2021_REG_05_LAR_SEA_20211007,20211007,28,18,25,68747,20:20,2021,5,REG
2021_REG_05_MIA_TB_20211010,20211010,30,20,36,65570,13:00,2021,5,REG
2021_REG_05_NE_HOU_20211010,20211010,13,22,29,68450,13:00,2021,5,REG
2021_REG_05_NO_WSH_20211010,20211010,32,23,31,50137,13:00,2021,5,REG
2021_REG_05_NYG_DAL_20211010,20211010,9,24,1,93476,16:25,2021,5,REG
2021_REG_05_NYJ_ATL_20211010,20211010,2,25,44,60589,09:30,2021,5,REG
2021_REG_05_PHI_CAR_20211010,20211010,5,26,7,72545,13:00,2021,5,REG
2021_REG_05_SF_ARI_20211010,20211010,1,29,40,62716,16:25,2021,5,REG
2021_REG_05_TEN_JAX_20211010,20211010,15,31,43,58282,13:00,2021,5,REG
2021_REG_06_ARI_CLE_20211017,20211017,8,1,19,67431,16:05,2021,6,REG
2021_REG_06_BUF_TEN_20211018,20211018,31,4,30,69419,20:15,2021,6,REG
2021_REG_06_CIN_DET_20211017,20211017,11,7,14,50831,13:00,2021,6,REG
2021_REG_06_DAL_NE_20211017,20211017,22,9,16,65878,16:25,2021,6,REG
2021_REG_06_GB_CHI_20211017,20211017,6,12,39,62332,13:00,2021,6,REG
2021_REG_06_HOU_IND_20211017,20211017,14,13,24,57947,13:00,2021,6,REG
2021_REG_06_KC_WSH_20211017,20211017,32,16,31,51322,13:00,2021,6,REG
2021_REG_06_LAC_BAL_20211017,20211017,3,17,26,70704,13:00,2021,6,REG
2021_REG_06_LAR_NYG_20211017,20211017,24,18,28,73920,13:00,2021,6,REG
2021_REG_06_LV_DEN_20211017,20211017,10,19,11,76854,16:25,2021,6,REG
2021_REG_06_MIA_JAX_20211017,20211017,15,20,44,60784,09:30,2021,6,REG
2021_REG_06_MIN_CAR_20211017,20211017,5,21,7,72104,13:00,2021,6,REG
2021_REG_06_SEA_PIT_20211017,20211017,27,28,2,60821,20:20,2021,6,REG
2021_REG_06_TB_PHI_20211014,20211014,26,30,22,69796,20:20,2021,6,REG
2021_REG_07_ATL_MIA_20211024,20211024,20,2,17,62739,13:00,2021,7,REG
2021_REG_07_CAR_NYG_20211024,20211024,24,5,28,71889,13:00,2021,7,REG
2021_REG_07_CHI_TB_20211024,20211024,30,6,36,65635,16:25,2021,7,REG
2021_REG_07_CIN_BAL_20211024,20211024,3,7,26,70659,13:00,2021,7,REG
2021_REG_07_DEN_CLE_20211021,20211021,8,10,19,67431,20:20,2021,7,REG
2021_REG_07_DET_LAR_20211024,20211024,18,11,38,70540,16:05,2021,7,REG
2021_REG_07_HOU_ARI_20211024,20211024,1,13,40,60297,16:25,2021,7,REG
2021_REG_07_IND_SF_20211024,20211024,29,14,21,56576,20:20,2021,7,REG
2021_REG_07_KC_TEN_20211024,20211024,31,16,30,69484,13:00,2021,7,REG
2021_REG_07_NO_SEA_20211025,20211025,28,23,25,68563,20:15,2021,7,REG
2021_REG_07_NYJ_NE_20211024,20211024,22,25,16,65878,13:00,2021,7,REG
2021_REG_07_PHI_LV_20211024,20211024,19,26,3,62000,16:05,2021,7,REG
2021_REG_07_WSH_GB_20211024,20211024,12,32,20,78219,13:00,2021,7,REG
2021_REG_08_CAR_ATL_20211031,20211031,2,5,27,68583,13:00,2021,8,REG
2021_REG_08_CIN_NYJ_20211031,20211031,25,7,28,67503,13:00,2021,8,REG
2021_REG_08_DAL_MIN_20211031,20211031,21,9,46,66633,20:20,2021,8,REG
2021_REG_08_GB_ARI_20211028,20211028,1,12,40,63696,20:20,2021,8,REG
2021_REG_08_JAX_SEA_20211031,20211031,28,15,25,67243,16:05,2021,8,REG
2021_REG_08_LAR_HOU_20211031,20211031,13,18,29,66013,13:00,2021,8,REG
2021_REG_08_MIA_BUF_20211031,20211031,4,20,18,69355,13:00,2021,8,REG
2021_REG_08_NE_LAC_20211031,20211031,17,22,38,70240,16:05,2021,8,REG
2021_REG_08_NYG_KC_20211101,20211101,16,24,6,72898,20:15,2021,8,REG
2021_REG_08_PHI_DET_20211031,20211031,11,26,14,47192,13:00,2021,8,REG
2021_REG_08_PIT_CLE_20211031,20211031,8,27,19,67431,13:00,2021,8,REG
2021_REG_08_SF_CHI_20211031,20211031,6,29,39,60877,13:00,2021,8,REG
2021_REG_08_TB_NO_20211031,20211031,23,30,8,69170,16:25,2021,8,REG
2021_REG_08_TEN_IND_20211031,20211031,14,31,24,59175,13:00,2021,8,REG
2021_REG_08_WSH_DEN_20211031,20211031,10,32,11,75973,16:25,2021,8,REG
2021_REG_09_ARI_SF_20211107,20211107,29,1,21,59012,16:25,2021,9,REG
2021_REG_09_ATL_NO_20211107,20211107,23,2,8,69170,13:00,2021,9,REG
2021_REG_09_BUF_JAX_20211107,20211107,15,4,43,63110,13:00,2021,9,REG
2021_REG_09_CHI_PIT_20211108,20211108,27,6,2,60788,20:15,2021,9,REG
2021_REG_09_CLE_CIN_20211107,20211107,7,8,34,65451,13:00,2021,9,REG
2021_REG_09_DEN_DAL_20211107,20211107,9,10,1,93503,13:00,2021,9,REG
2021_REG_09_GB_KC_20211107,20211107,16,12,6,73476,16:25,2021,9,REG
2021_REG_09_HOU_MIA_20211107,20211107,20,13,17,60232,13:00,2021,9,REG
2021_REG_09_LAC_PHI_20211107,20211107,26,17,22,69796,16:05,2021,9,REG
2021_REG_09_LV_NYG_20211107,20211107,24,19,28,74512,13:00,2021,9,REG
2021_REG_09_MIN_BAL_20211107,20211107,3,21,26,70599,13:00,2021,9,REG
2021_REG_09_NE_CAR_20211107,20211107,5,22,7,72203,13:00,2021,9,REG
2021_REG_09_NYJ_IND_20211104,20211104,14,25,24,59593,20:20,2021,9,REG
2021_REG_09_TEN_LAR_20211107,20211107,18,31,38,71785,20:20,2021,9,REG
2021_REG_10_ATL_DAL_20211114,20211114,9,2,1,93436,13:00,2021,10,REG
2021_REG_10_BAL_MIA_20211111,20211111,20,3,17,65948,20:20,2021,10,REG
2021_REG_10_BUF_NYJ_20211114,20211114,25,4,28,77625,13:00,2021,10,REG
2021_REG_10_CAR_ARI_20211114,20211114,1,5,40,62400,16:05,2021,10,REG
2021_REG_10_CLE_NE_20211114,20211114,22,8,16,65878,13:00,2021,10,REG
2021_REG_10_DET_PIT_20211114,20211114,27,11,2,58716,13:00,2021,10,REG
2021_REG_10_JAX_IND_20211114,20211114,14,15,24,60622,13:00,2021,10,REG
2021_REG_10_KC_LV_20211114,20211114,19,16,3,62125,20:20,2021,10,REG
2021_REG_10_LAR_SF_20211115,20211115,29,18,21,64256,20:15,2021,10,REG
2021_REG_10_MIN_LAC_20211114,20211114,17,21,38,70240,16:05,2021,10,REG
2021_REG_10_NO_TEN_20211114,20211114,31,23,30,69414,13:00,2021,10,REG
2021_REG_10_PHI_DEN_20211114,20211114,10,26,11,76766,16:25,2021,10,REG
2021_REG_10_SEA_GB_20211114,20211114,12,28,20,78235,16:25,2021,10,REG
2021_REG_10_TB_WSH_20211114,20211114,32,30,31,52128,13:00,2021,10,REG
2021_REG_11_ARI_SEA_20211121,20211121,28,1,25,68833,16:25,2021,11,REG
2021_REG_11_BAL_CHI_20211121,20211121,6,3,39,60679,13:00,2021,11,REG
2021_REG_11_CIN_LV_20211121,20211121,19,7,3,61712,16:05,2021,11,REG
2021_REG_11_DAL_KC_20211121,20211121,16,9,6,73494,16:25,2021,11,REG
2021_REG_11_DET_CLE_20211121,20211121,8,11,19,67431,13:00,2021,11,REG
2021_REG_11_GB_MIN_20211121,20211121,21,12,46,66959,13:00,2021,11,REG
2021_REG_11_HOU_TEN_20211121,20211121,31,13,30,67395,13:00,2021,11,REG
2021_REG_11_IND_BUF_20211121,20211121,4,14,18,69866,13:00,2021,11,REG
2021_REG_11_MIA_NYJ_20211121,20211121,25,20,28,72303,13:00,2021,11,REG
2021_REG_11_NE_ATL_20211118,20211118,2,22,27,68286,20:20,2021,11,REG
2021_REG_11_NO_PHI_20211121,20211121,26,23,22,69796,13:00,2021,11,REG
2021_REG_11_NYG_TB_20211122,20211122,30,24,36,65643,20:15,2021,11,REG
2021_REG_11_PIT_LAC_20211121,20211121,17,27,38,70240,20:20,2021,11,REG
2021_REG_11_SF_JAX_20211121,20211121,15,29,43,60268,13:00,2021,11,REG
2021_REG_11_WSH_CAR_20211121,20211121,5,32,7,73350,13:00,2021,11,REG
2021_REG_12_ATL_JAX_20211128,20211128,15,2,43,60031,13:00,2021,12,REG
2021_REG_12_BUF_NO_20211125,20211125,23,4,8,69170,20:20,2021,12,REG
2021_REG_12_CAR_MIA_20211128,20211128,20,5,17,62389,13:00,2021,12,REG
2021_REG_12_CHI_DET_20211125,20211125,11,6,14,56355,12:30,2021,12,REG
2021_REG_12_CLE_BAL_20211128,20211128,3,8,26,70355,20:20,2021,12,REG
2021_REG_12_LAC_DEN_20211128,20211128,10,17,11,75807,16:05,2021,12,REG
2021_REG_12_LAR_GB_20211128,20211128,12,18,20,77948,16:25,2021,12,REG
2021_REG_12_LV_DAL_20211125,20211125,9,19,1,93483,16:30,2021,12,REG
2021_REG_12_MIN_SF_20211128,20211128,29,21,21,71493,16:25,2021,12,REG
2021_REG_12_NYJ_HOU_20211128,20211128,13,25,29,65120,13:00,2021,12,REG
2021_REG_12_PHI_NYG_20211128,20211128,24,26,28,73969,13:00,2021,12,REG
2021_REG_12_PIT_CIN_20211128,20211128,7,27,34,63238,13:00,2021,12,REG
2021_REG_12_SEA_WSH_20211129,20211129,32,28,31,52680,20:15,2021,12,REG
2021_REG_12_TB_IND_20211128,20211128,14,30,24,66140,13:00,2021,12,REG
2021_REG_12_TEN_NE_20211128,20211128,22,31,16,65878,13:00,2021,12,REG
2021_REG_13_ARI_CHI_20211205,20211205,6,1,39,60803,13:00,2021,13,REG
2021_REG_13_BAL_PIT_20211205,20211205,27,3,2,59303,16:25,2021,13,REG
2021_REG_13_DAL_NO_20211202,20211202,23,9,8,69170,20:20,2021,13,REG
2021_REG_13_DEN_KC_20211205,20211205,16,10,6,73185,20:20,2021,13,REG
2021_REG_13_IND_HOU_20211205,20211205,13,14,29,65291,13:00,2021,13,REG
2021_REG_13_JAX_LAR_20211205,20211205,18,15,38,70801,16:05,2021,13,REG
2021_REG_13_LAC_CIN_20211205,20211205,7,17,34,51414,13:00,2021,13,REG
2021_REG_13_MIN_DET_20211205,20211205,11,21,14,45691,13:00,2021,13,REG
2021_REG_13_NE_BUF_20211206,20211206,4,22,18,69694,20:15,2021,13,REG
2021_REG_13_NYG_MIA_20211205,20211205,20,24,17,65898,13:00,2021,13,REG
2021_REG_13_PHI_NYJ_20211205,20211205,25,26,28,73311,13:00,2021,13,REG
2021_REG_13_SF_SEA_20211205,20211205,28,29,25,68758,16:25,2021,13,REG
2021_REG_13_TB_ATL_20211205,20211205,2,30,27,69366,13:00,2021,13,REG
2021_REG_13_WSH_LV_20211205,20211205,19,32,3,61607,16:05,2021,13,REG
2021_REG_14_ATL_CAR_20211212,20211212,5,2,7,72243,13:00,2021,14,REG
2021_REG_14_BAL_CLE_20211212,20211212,8,3,19,67431,13:00,2021,14,REG
2021_REG_14_BUF_TB_20211212,20211212,30,4,36,,16:25,2021,14,REG
2021_REG_14_CHI_GB_20211212,20211212,12,6,20,78273,20:20,2021,14,REG
2021_REG_14_DAL_WSH_20211212,20211212,32,9,31,61308,13:00,2021,14,REG
2021_REG_14_DET_DEN_20211212,20211212,10,11,11,76211,16:05,2021,14,REG
2021_REG_14_JAX_TEN_20211212,20211212,31,15,30,67808,13:00,2021,14,REG
2021_REG_14_LAR_ARI_20211213,20211213,1,18,40,63999,20:15,2021,14,REG
2021_REG_14_LV_KC_20211212,20211212,16,19,6,73278,13:00,2021,14,REG
2021_REG_14_NO_NYJ_20211212,20211212,25,23,28,69129,13:00,2021,14,REG
2021_REG_14_NYG_LAC_20211212,20211212,17,24,38,70240,16:05,2021,14,REG
2021_REG_14_PIT_MIN_20211209,20211209,21,27,46,66718,20:20,2021,14,REG
2021_REG_14_SEA_HOU_20211212,20211212,13,28,29,67610,13:00,2021,14,REG
2021_REG_14_SF_CIN_20211212,20211212,7,29,34,50481,16:25,2021,14,REG
2021_REG_15_ARI_DET_20211219,20211219,11,1,14,45211,13:00,2021,15,REG
2021_REG_15_ATL_SF_20211219,20211219,29,2,21,71650,16:05,2021,15,REG
2021_REG_15_CAR_BUF_20211219,20211219,4,5,18,65398,13:00,2021,15,REG
2021_REG_15_CIN_DEN_20211219,20211219,10,7,11,76134,16:05,2021,15,REG
2021_REG_15_DAL_NYG_20211219,20211219,24,9,28,77413,13:00,2021,15,REG
2021_REG_15_GB_BAL_20211219,20211219,3,12,26,70815,16:25,2021,15,REG
2021_REG_15_HOU_JAX_20211219,20211219,15,13,43,60252,13:00,2021,15,REG
2021_REG_15_KC_LAC_20211216,20211216,17,16,38,70240,20:20,2021,15,REG
2021_REG_15_LV_CLE_20211220,20211220,8,19,19,,17:00,2021,15,REG
2021_REG_15_MIN_CHI_20211220,20211220,6,21,39,60082,20:15,2021,15,REG
2021_REG_15_NE_IND_20211218,20211218,14,22,24,66391,20:20,2021,15,REG
2021_REG_15_NO_TB_20211219,20211219,30,23,36,65744,20:20,2021,15,REG
2021_REG_15_NYJ_MIA_20211219,20211219,20,25,17,66035,13:00,2021,15,REG
2021_REG_15_SEA_LAR_20211221,20211221,18,28,38,71565,19:00,2021,15,REG
2021_REG_15_TEN_PIT_20211219,20211219,27,31,2,59521,13:00,2021,15,REG
2021_REG_15_WSH_PHI_20211221,20211221,26,32,22,69796,19:00,2021,15,REG
2021_REG_16_BAL_CIN_20211226,20211226,7,3,34,63922,13:00,2021,16,REG
2021_REG_16_BUF_NE_20211226,20211226,22,4,16,65878,13:00,2021,16,REG
2021_REG_16_CHI_SEA_20211226,20211226,28,6,25,68492,16:05,2021,16,REG
2021_REG_16_CLE_GB_20211225,20211225,12,8,20,77901,16:30,2021,16,REG
2021_REG_16_DEN_LV_20211226,20211226,19,10,3,60972,16:25,2021,16,REG
2021_REG_16_DET_ATL_20211226,20211226,2,11,27,68638,13:00,2021,16,REG
2021_REG_16_IND_ARI_20211225,20211225,1,14,40,63900,20:15,2021,16,REG
2021_REG_16_JAX_NYJ_20211226,20211226,25,15,28,67120,13:00,2021,16,REG
2021_REG_16_LAC_HOU_20211226,20211226,13,17,29,65674,13:00,2021,16,REG
2021_REG_16_LAR_MIN_20211226,20211226,21,18,46,66708,13:00,2021,16,REG
2021_REG_16_MIA_NO_20211227,20211227,23,20,8,69170,20:15,2021,16,REG
2021_REG_16_NYG_PHI_20211226,20211226,26,24,22,69796,13:00,2021,16,REG
2021_REG_16_PIT_KC_20211226,20211226,16,27,6,73371,16:25,2021,16,REG
2021_REG_16_SF_TEN_20211223,20211223,31,29,30,69361,20:20,2021,16,REG
2021_REG_16_TB_CAR_20211226,20211226,5,30,7,71918,13:00,2021,16,REG
2021_REG_16_WSH_DAL_20211226,20211226,9,32,1,93482,20:20,2021,16,REG
2021_REG_17_ARI_DAL_20220102,20220102,9,1,1,93459,16:25,2021,17,REG
2021_REG_17_ATL_BUF_20220102,20220102,4,2,18,64948,13:00,2021,17,REG
2021_REG_17_CAR_NO_20220102,20220102,23,5,8,69170,16:25,2021,17,REG
2021_REG_17_CLE_PIT_20220103,20220103,27,8,2,63624,20:15,2021,17,REG
2021_REG_17_DEN_LAC_20220102,20220102,17,10,38,70240,16:05,2021,17,REG
2021_REG_17_DET_SEA_20220102,20220102,28,11,25,68043,16:25,2021,17,REG
2021_REG_17_HOU_SF_20220102,20220102,29,13,21,71612,16:05,2021,17,REG
2021_REG_17_JAX_NE_20220102,20220102,22,15,16,65878,13:00,2021,17,REG
2021_REG_17_KC_CIN_20220102,20220102,7,16,34,64505,13:00,2021,17,REG
2021_REG_17_LAR_BAL_20220102,20220102,3,18,26,70328,13:00,2021,17,REG
2021_REG_17_LV_IND_20220102,20220102,14,19,24,65985,13:00,2021,17,REG
2021_REG_17_MIA_TEN_20220102,20220102,31,20,30,69091,13:00,2021,17,REG
2021_REG_17_MIN_GB_20220102,20220102,12,21,20,77832,20:20,2021,17,REG
2021_REG_17_NYG_CHI_20220102,20220102,6,24,39,59594,13:00,2021,17,REG
2021_REG_17_PHI_WSH_20220102,20220102,32,26,31,51563,13:00,2021,17,REG
2021_REG_17_TB_NYJ_20220102,20220102,25,30,28,72243,13:00,2021,17,REG
2021_REG_18_CAR_TB_20220109,20220109,30,5,36,65473,16:25,2021,18,REG
2021_REG_18_CHI_MIN_20220109,20220109,21,6,46,66625,13:00,2021,18,REG
2021_REG_18_CIN_CLE_20220109,20220109,8,7,19,67431,13:00,2021,18,REG
2021_REG_18_DAL_PHI_20220108,20220108,26,9,22,69796,20:15,2021,18,REG
2021_REG_18_GB_DET_20220109,20220109,11,12,14,56735,13:00,2021,18,REG
2021_REG_18_IND_JAX_20220109,20220109,15,14,43,60516,13:00,2021,18,REG
2021_REG_18_KC_DEN_20220108,20220108,10,16,11,76012,16:30,2021,18,REG
2021_REG_18_LAC_LV_20220109,20220109,19,17,3,62068,20:20,2021,18,REG
2021_REG_18_NE_MIA_20220109,20220109,20,22,17,66514,16:25,2021,18,REG
2021_REG_18_NO_ATL_20220109,20220109,2,23,27,68336,16:25,2021,18,REG
2021_REG_18_NYJ_BUF_20220109,20220109,4,25,18,64783,16:25,2021,18,REG
2021_REG_18_PIT_BAL_20220109,20220109,3,27,26,70453,13:00,2021,18,REG
2021_REG_18_SEA_ARI_20220109,20220109,1,28,40,63858,16:25,2021,18,REG
2021_REG_18_SF_LAR_20220109,20220109,18,29,38,74447,16:25,2021,18,REG
2021_REG_18_TEN_HOU_20220109,20220109,13,31,29,66722,13:00,2021,18,REG
2021_REG_18_WSH_NYG_20220109,20220109,24,32,28,69923,13:00,2021,18,REG
2021_POST_19_ARI_LAR_20220117,20220117,18,1,38,,20:15,2021,19,POST
2021_POST_19_LV_CIN_20220115,20220115,7,19,34,,16:30,2021,19,POST
2021_POST_19_NE_BUF_20220115,20220115,4,22,18,,20:15,2021,19,POST
2021_POST_19_PHI_TB_20220116,20220116,30,26,36,,13:00,2021,19,POST
2021_POST_19_PIT_KC_20220116,20220116,16,27,6,,20:15,2021,19,POST
2021_POST_19_SF_DAL_20220116,20220116,9,29,1,,16:30,2021,19,POST
2021_POST_20_BUF_KC_20220123,20220123,16,4,6,,18:30,2021,20,POST
2021_POST_20_CIN_TEN_20220122,20220122,31,7,30,,16:30,2021,20,POST
2021_POST_20_LAR_TB_20220123,20220123,30,18,36,,15:00,2021,20,POST
2021_POST_20_SF_GB_20220122,20220122,12,29,20,,20:15,2021,20,POST
2021_CON_21_CIN_KC_20220130,20220130,16,7,6,,15:00,2021,21,CON
2021_CON_21_SF_LAR_20220130,20220130,18,29,38,,18:30,2021,21,CON
2021_POST_22_LAR_CIN_20220213,20220213,7,18,38,,18:30,2021,22,POST
2022_REG_01_BAL_NYJ_20220911,20220911,25,3,28,78827,13:00,2022,1,REG
2022_REG_01_BUF_LAR_20220908,20220908,18,4,38,73846,20:20,2022,1,REG
2022_REG_01_CLE_CAR_20220911,20220911,5,8,7,72205,13:00,2022,1,REG
2022_REG_01_DEN_SEA_20220912,20220912,28,10,25,68965,20:15,2022,1,REG
2022_REG_01_GB_MIN_20220911,20220911,21,12,46,66959,16:25,2022,1,REG
2022_REG_01_IND_HOU_20220911,20220911,13,14,29,69415,13:00,2022,1,REG
2022_REG_01_JAX_WSH_20220911,20220911,32,15,31,58192,13:00,2022,1,REG
2022_REG_01_KC_ARI_20220911,20220911,1,16,40,63697,16:25,2022,1,REG
2022_REG_01_LV_LAC_20220911,20220911,17,19,38,70240,16:25,2022,1,REG
2022_REG_01_NE_MIA_20220911,20220911,20,22,17,65786,13:00,2022,1,REG
2022_REG_01_NO_ATL_20220911,20220911,2,23,27,70078,13:00,2022,1,REG
2022_REG_01_NYG_TEN_20220911,20220911,31,24,30,67805,16:25,2022,1,REG
2022_REG_01_PHI_DET_20220911,20220911,11,26,14,64537,13:00,2022,1,REG
2022_REG_01_PIT_CIN_20220911,20220911,7,27,34,65841,13:00,2022,1,REG
2022_REG_01_SF_CHI_20220911,20220911,6,29,39,62159,13:00,2022,1,REG
2022_REG_01_TB_DAL_20220911,20220911,9,30,1,93797,20:20,2022,1,REG
2022_REG_02_ARI_LV_20220918,20220918,19,1,3,61707,16:25,2022,2,REG
2022_REG_02_ATL_LAR_20220918,20220918,18,2,38,71802,16:05,2022,2,REG
2022_REG_02_CAR_NYG_20220918,20220918,24,5,28,73843,13:00,2022,2,REG
2022_REG_02_CHI_GB_20220918,20220918,12,6,20,78350,20:20,2022,2,REG
2022_REG_02_CIN_DAL_20220918,20220918,9,7,1,92944,16:25,2022,2,REG
2022_REG_02_HOU_DEN_20220918,20220918,10,13,11,76191,16:25,2022,2,REG
2022_REG_02_IND_JAX_20220918,20220918,15,14,43,58360,13:00,2022,2,REG
2022_REG_02_LAC_KC_20220915,20220915,16,17,6,73461,20:15,2022,2,REG
2022_REG_02_MIA_BAL_20220918,20220918,3,20,26,70582,13:00,2022,2,REG
2022_REG_02_MIN_PHI_20220919,20220919,26,21,22,69879,20:30,2022,2,REG
2022_REG_02_NE_PIT_20220918,20220918,27,22,2,67307,13:00,2022,2,REG
2022_REG_02_NYJ_CLE_20220918,20220918,8,25,19,67431,13:00,2022,2,REG
2022_REG_02_SEA_SF_20220918,20220918,29,28,21,71597,16:05,2022,2,REG
2022_REG_02_TB_NO_20220918,20220918,23,30,8,70400,13:00,2022,2,REG
2022_REG_02_TEN_BUF_20220919,20220919,4,31,18,70683,19:15,2022,2,REG
2022_REG_02_WSH_DET_20220918,20220918,11,32,14,57687,13:00,2022,2,REG
2022_REG_03_ATL_SEA_20220925,20220925,28,2,25,68773,16:25,2022,3,REG
2022_REG_03_BAL_NE_20220925,20220925,22,3,16,65878,13:00,2022,3,REG
2022_REG_03_BUF_MIA_20220925,20220925,20,4,17,66206,13:00,2022,3,REG
2022_REG_03_CIN_NYJ_20220925,20220925,25,7,28,73708,13:00,2022,3,REG
2022_REG_03_DAL_NYG_20220926,20220926,24,9,28,79445,20:15,2022,3,REG
2022_REG_03_DET_MIN_20220925,20220925,21,11,46,66638,13:00,2022,3,REG
2022_REG_03_GB_TB_20220925,20220925,30,12,36,69197,16:25,2022,3,REG
2022_REG_03_HOU_CHI_20220925,20220925,6,13,39,60592,13:00,2022,3,REG
2022_REG_03_JAX_LAC_20220925,20220925,17,15,38,67964,16:05,2022,3,REG
2022_REG_03_KC_IND_20220925,20220925,14,16,24,65975,13:00,2022,3,REG
2022_REG_03_LAR_ARI_20220925,20220925,1,18,40,63243,16:25,2022,3,REG
2022_REG_03_LV_TEN_20220925,20220925,31,19,30,68649,13:00,2022,3,REG
2022_REG_03_NO_CAR_20220925,20220925,5,23,7,70496,13:00,2022,3,REG
2022_REG_03_PHI_WSH_20220925,20220925,32,26,31,64426,13:00,2022,3,REG
2022_REG_03_PIT_CLE_20220922,20220922,8,27,19,67431,20:15,2022,3,REG
2022_REG_03_SF_DEN_20220925,20220925,10,29,11,77021,20:20,2022,3,REG
2022_REG_04_ARI_CAR_20221002,20221002,5,1,7,69810,16:05,2022,4,REG
2022_REG_04_BUF_BAL_20221002,20221002,3,4,26,70494,13:00,2022,4,REG
2022_REG_04_CHI_NYG_20221002,20221002,24,6,28,74044,13:00,2022,4,REG
2022_REG_04_CLE_ATL_20221002,20221002,2,8,27,69435,13:00,2022,4,REG
2022_REG_04_DEN_LV_20221002,20221002,19,10,3,62332,16:25,2022,4,REG
2022_REG_04_JAX_PHI_20221002,20221002,26,15,22,69879,13:00,2022,4,REG
2022_REG_04_KC_TB_20221002,20221002,30,16,36,68348,20:20,2022,4,REG
2022_REG_04_LAC_HOU_20221002,20221002,13,17,29,69071,13:00,2022,4,REG
2022_REG_04_LAR_SF_20221003,20221003,29,18,21,71597,20:15,2022,4,REG
2022_REG_04_MIA_CIN_20220929,20220929,7,20,34,67260,20:15,2022,4,REG
2022_REG_04_MIN_NO_20221002,20221002,23,21,44,60639,09:30,2022,4,REG
2022_REG_04_NE_GB_20221002,20221002,12,22,20,78317,16:25,2022,4,REG
2022_REG_04_NYJ_PIT_20221002,20221002,27,25,2,66578,13:00,2022,4,REG
2022_REG_04_SEA_DET_20221002,20221002,11,28,14,63920,13:00,2022,4,REG
2022_REG_04_TEN_IND_20221002,20221002,14,31,24,65781,13:00,2022,4,REG
2022_REG_04_WSH_DAL_20221002,20221002,9,32,1,92946,13:00,2022,4,REG
2022_REG_05_ATL_TB_20221009,20221009,30,2,36,68299,13:00,2022,5,REG
2022_REG_05_CHI_MIN_20221009,20221009,21,6,46,66929,13:00,2022,5,REG
2022_REG_05_CIN_BAL_20221009,20221009,3,7,26,70548,20:20,2022,5,REG
2022_REG_05_DAL_LAR_20221009,20221009,18,9,38,74154,16:25,2022,5,REG
2022_REG_05_DET_NE_20221009,20221009,22,11,16,65878,13:00,2022,5,REG
2022_REG_05_HOU_JAX_20221009,20221009,15,13,43,60018,13:00,2022,5,REG
2022_REG_05_IND_DEN_20221006,20221006,10,14,11,76667,20:15,2022,5,REG
2022_REG_05_LAC_CLE_20221009,20221009,8,17,19,67431,13:00,2022,5,REG
2022_REG_05_LV_KC_20221010,20221010,16,19,6,73523,20:15,2022,5,REG
2022_REG_05_MIA_NYJ_20221009,20221009,25,20,28,82500,13:00,2022,5,REG
2022_REG_05_NYG_GB_20221009,20221009,12,24,44,61024,09:30,2022,5,REG
2022_REG_05_PHI_ARI_20221009,20221009,1,26,40,63919,16:25,2022,5,REG
2022_REG_05_PIT_BUF_20221009,20221009,4,27,18,70764,13:00,2022,5,REG
2022_REG_05_SEA_NO_20221009,20221009,23,28,8,70003,13:00,2022,5,REG
2022_REG_05_SF_CAR_20221009,20221009,5,29,7,72321,16:05,2022,5,REG
2022_REG_05_TEN_WSH_20221009,20221009,32,31,31,51836,13:00,2022,5,REG
2022_REG_06_ARI_SEA_20221016,20221016,28,1,25,68867,16:05,2022,6,REG
2022_REG_06_BAL_NYG_20221016,20221016,24,3,28,78019,13:00,2022,6,REG
2022_REG_06_BUF_KC_20221016,20221016,16,4,6,73586,16:25,2022,6,REG
2022_REG_06_CAR_LAR_20221016,20221016,18,5,38,71482,16:05,2022,6,REG
2022_REG_06_CIN_NO_20221016,20221016,23,7,8,70004,13:00,2022,6,REG
2022_REG_06_DAL_PHI_20221016,20221016,26,9,22,69879,20:20,2022,6,REG
2022_REG_06_DEN_LAC_20221017,20221017,17,10,38,70240,20:15,2022,6,REG
2022_REG_06_JAX_IND_20221016,20221016,14,15,24,65749,13:00,2022,6,REG
2022_REG_06_MIN_MIA_20221016,20221016,20,21,17,66100,13:00,2022,6,REG
2022_REG_06_NE_CLE_20221016,20221016,8,22,19,67431,13:00,2022,6,REG
2022_REG_06_NYJ_GB_20221016,20221016,12,25,20,78343,13:00,2022,6,REG
2022_REG_06_SF_ATL_20221016,20221016,2,29,27,69813,13:00,2022,6,REG
2022_REG_06_TB_PIT_20221016,20221016,27,30,2,67307,13:00,2022,6,REG
2022_REG_06_WSH_CHI_20221013,20221013,6,32,39,61873,20:15,2022,6,REG
2022_REG_07_ATL_CIN_20221023,20221023,7,2,34,66158,13:00,2022,7,REG
2022_REG_07_CHI_NE_20221024,20221024,22,6,16,65878,20:15,2022,7,REG
2022_REG_07_CLE_BAL_20221023,20221023,3,8,26,70461,13:00,2022,7,REG
2022_REG_07_DET_DAL_20221023,20221023,9,11,1,93487,13:00,2022,7,REG
2022_REG_07_GB_WSH_20221023,20221023,32,12,31,60427,13:00,2022,7,REG
2022_REG_07_HOU_LV_20221023,20221023,19,13,3,61228,16:05,2022,7,REG
2022_REG_07_IND_TEN_20221023,20221023,31,14,30,69459,13:00,2022,7,REG
2022_REG_07_KC_SF_20221023,20221023,29,16,21,71746,16:25,2022,7,REG
2022_REG_07_NO_ARI_20221020,20221020,1,23,40,63290,20:15,2022,7,REG
2022_REG_07_NYG_JAX_20221023,20221023,15,24,43,65664,13:00,2022,7,REG
2022_REG_07_NYJ_DEN_20221023,20221023,10,25,11,76624,16:05,2022,7,REG
2022_REG_07_PIT_MIA_20221023,20221023,20,27,17,66224,20:20,2022,7,REG
2022_REG_07_SEA_LAC_20221023,20221023,17,28,38,70240,16:25,2022,7,REG
2022_REG_07_TB_CAR_20221023,20221023,5,30,7,71941,13:00,2022,7,REG
2022_REG_08_ARI_MIN_20221030,20221030,21,1,46,66742,13:00,2022,8,REG
2022_REG_08_BAL_TB_20221027,20221027,30,3,36,68912,20:15,2022,8,REG
2022_REG_08_CAR_ATL_20221030,20221030,2,5,27,68996,13:00,2022,8,REG
2022_REG_08_CHI_DAL_20221030,20221030,9,6,1,93767,13:00,2022,8,REG
2022_REG_08_CIN_CLE_20221031,20221031,8,7,19,67431,20:15,2022,8,REG
2022_REG_08_DEN_JAX_20221030,20221030,15,10,47,86215,09:30,2022,8,REG
2022_REG_08_GB_BUF_20221030,20221030,4,12,18,70863,20:20,2022,8,REG
2022_REG_08_LV_NO_20221030,20221030,23,19,8,70009,13:00,2022,8,REG
2022_REG_08_MIA_DET_20221030,20221030,11,20,14,61447,13:00,2022,8,REG
2022_REG_08_NE_NYJ_20221030,20221030,25,22,28,82823,13:00,2022,8,REG
2022_REG_08_NYG_SEA_20221030,20221030,28,24,25,68921,16:25,2022,8,REG
2022_REG_08_PIT_PHI_20221030,20221030,26,27,22,69879,13:00,2022,8,REG
2022_REG_08_SF_LAR_20221030,20221030,18,29,38,73505,16:25,2022,8,REG
2022_REG_08_TEN_HOU_20221030,20221030,13,31,29,68467,16:05,2022,8,REG
2022_REG_08_WSH_IND_20221030,20221030,14,32,24,65515,16:25,2022,8,REG
2022_REG_09_BAL_NO_20221107,20221107,23,3,8,70010,20:15,2022,9,REG
2022_REG_09_BUF_NYJ_20221106,20221106,25,4,28,83135,13:00,2022,9,REG
2022_REG_09_CAR_CIN_20221106,20221106,7,5,34,66160,13:00,2022,9,REG
2022_REG_09_GB_DET_20221106,20221106,11,12,14,63379,13:00,2022,9,REG
2022_REG_09_IND_NE_20221106,20221106,22,14,16,65878,13:00,2022,9,REG
2022_REG_09_LAC_ATL_20221106,20221106,2,17,27,69299,13:00,2022,9,REG
2022_REG_09_LAR_TB_20221106,20221106,30,18,36,69019,16:25,2022,9,REG
2022_REG_09_LV_JAX_20221106,20221106,15,19,43,62758,13:00,2022,9,REG
2022_REG_09_MIA_CHI_20221106,20221106,6,20,39,62377,13:00,2022,9,REG
2022_REG_09_MIN_WSH_20221106,20221106,32,21,31,58651,13:00,2022,9,REG
2022_REG_09_PHI_HOU_20221103,20221103,13,26,29,68831,20:15,2022,9,REG
2022_REG_09_SEA_ARI_20221106,20221106,1,28,40,63982,16:05,2022,9,REG
2022_REG_09_TEN_KC_20221106,20221106,16,31,6,73475,20:20,2022,9,REG
2022_REG_10_ARI_LAR_20221113,20221113,18,1,38,71752,16:25,2022,10,REG
2022_REG_10_ATL_CAR_20221110,20221110,5,2,7,72029,20:15,2022,10,REG
2022_REG_10_CLE_MIA_20221113,20221113,20,8,17,66563,13:00,2022,10,REG
2022_REG_10_DAL_GB_20221113,20221113,12,9,20,78433,16:25,2022,10,REG
2022_REG_10_DEN_TEN_20221113,20221113,31,10,30,69240,13:00,2022,10,REG
2022_REG_10_DET_CHI_20221113,20221113,6,11,39,61817,13:00,2022,10,REG
2022_REG_10_HOU_NYG_20221113,20221113,24,13,28,71615,13:00,2022,10,REG
2022_REG_10_IND_LV_20221113,20221113,19,14,3,62197,16:05,2022,10,REG
2022_REG_10_JAX_KC_20221113,20221113,16,15,6,73493,13:00,2022,10,REG
2022_REG_10_LAC_SF_20221113,20221113,29,17,21,71709,20:20,2022,10,REG
2022_REG_10_MIN_BUF_20221113,20221113,4,21,18,70844,13:00,2022,10,REG
2022_REG_10_NO_PIT_20221113,20221113,27,23,2,66544,13:00,2022,10,REG
2022_REG_10_SEA_TB_20221113,20221113,30,28,4,69811,09:30,2022,10,REG
2022_REG_10_WSH_PHI_20221114,20221114,26,32,22,69879,20:15,2022,10,REG
2022_REG_11_CAR_BAL_20221120,20221120,3,5,26,70677,13:00,2022,11,REG
2022_REG_11_CHI_ATL_20221120,20221120,2,6,27,69757,13:00,2022,11,REG
2022_REG_11_CIN_PIT_20221120,20221120,27,7,2,66401,16:25,2022,11,REG
2022_REG_11_CLE_BUF_20221120,20221120,4,8,14,52146,13:00,2022,11,REG
2022_REG_11_DAL_MIN_20221120,20221120,21,9,46,65304,16:25,2022,11,REG
2022_REG_11_DET_NYG_20221120,20221120,24,11,28,76267,13:00,2022,11,REG
2022_REG_11_KC_LAC_20221120,20221120,17,16,38,70240,20:20,2022,11,REG
2022_REG_11_LAR_NO_20221120,20221120,23,18,8,70025,13:00,2022,11,REG
2022_REG_11_LV_DEN_20221120,20221120,10,19,11,76056,16:05,2022,11,REG
2022_REG_11_NYJ_NE_20221120,20221120,22,25,16,65878,13:00,2022,11,REG
2022_REG_11_PHI_IND_20221120,20221120,14,26,24,66241,13:00,2022,11,REG
2022_REG_11_SF_ARI_20221121,20221121,1,29,12,78427,20:15,2022,11,REG
2022_REG_11_TEN_GB_20221117,20221117,12,31,20,77506,20:15,2022,11,REG
2022_REG_11_WSH_HOU_20221120,20221120,13,32,29,65865,13:00,2022,11,REG
2022_REG_12_ATL_WSH_20221127,20221127,32,2,31,53864,13:00,2022,12,REG
2022_REG_12_BAL_JAX_20221127,20221127,15,3,43,59560,13:00,2022,12,REG
2022_REG_12_BUF_DET_20221124,20221124,11,4,14,66553,12:30,2022,12,REG
2022_REG_12_CHI_NYJ_20221127,20221127,25,6,28,77963,13:00,2022,12,REG
2022_REG_12_CIN_TEN_20221127,20221127,31,7,30,69441,13:00,2022,12,REG
2022_REG_12_DEN_CAR_20221127,20221127,5,10,7,70644,13:00,2022,12,REG
2022_REG_12_GB_PHI_20221127,20221127,26,12,22,69879,20:20,2022,12,REG
2022_REG_12_HOU_MIA_20221127,20221127,20,13,17,66205,13:00,2022,12,REG
2022_REG_12_LAC_ARI_20221127,20221127,1,17,40,63628,16:05,2022,12,REG
2022_REG_12_LAR_KC_20221127,20221127,16,18,6,73557,16:25,2022,12,REG
2022_REG_12_LV_SEA_20221127,20221127,28,19,25,68849,16:05,2022,12,REG
2022_REG_12_NE_MIN_20221124,20221124,21,22,46,66918,20:20,2022,12,REG
2022_REG_12_NO_SF_20221127,20221127,29,23,21,71275,16:25,2022,12,REG
2022_REG_12_NYG_DAL_20221124,20221124,9,24,1,93568,16:30,2022,12,REG
2022_REG_12_PIT_IND_20221128,20221128,14,27,24,65982,20:15,2022,12,REG
2022_REG_12_TB_CLE_20221127,20221127,8,30,19,67431,13:00,2022,12,REG
2022_REG_13_BUF_NE_20221201,20221201,22,4,16,65878,20:15,2022,13,REG
2022_REG_13_CLE_HOU_20221204,20221204,13,8,29,66523,13:00,2022,13,REG
2022_REG_13_DEN_BAL_20221204,20221204,3,10,26,70443,13:00,2022,13,REG
2022_REG_13_GB_CHI_20221204,20221204,6,12,39,61233,13:00,2022,13,REG
2022_REG_13_IND_DAL_20221204,20221204,9,14,1,93086,20:20,2022,13,REG
2022_REG_13_JAX_DET_20221204,20221204,11,15,14,60743,13:00,2022,13,REG
2022_REG_13_KC_CIN_20221204,20221204,7,16,34,66243,16:25,2022,13,REG
2022_REG_13_LAC_LV_20221204,20221204,19,17,3,62123,16:25,2022,13,REG
2022_REG_13_MIA_SF_20221204,20221204,29,20,21,71732,16:05,2022,13,REG
2022_REG_13_NO_TB_20221205,20221205,30,23,36,68709,20:15,2022,13,REG
2022_REG_13_NYJ_MIN_20221204,20221204,21,25,46,66973,13:00,2022,13,REG
2022_REG_13_PIT_ATL_20221204,20221204,2,27,27,70325,13:00,2022,13,REG
2022_REG_13_SEA_LAR_20221204,20221204,18,28,38,71802,16:05,2022,13,REG
2022_REG_13_TEN_PHI_20221204,20221204,26,31,22,69879,13:00,2022,13,REG
2022_REG_13_WSH_NYG_20221204,20221204,24,32,28,76128,13:00,2022,13,REG
2022_REG_14_BAL_PIT_20221211,20221211,27,3,2,66326,13:00,2022,14,REG
2022_REG_14_CAR_SEA_20221211,20221211,28,5,25,68672,16:25,2022,14,REG
2022_REG_14_CLE_CIN_20221211,20221211,7,8,34,66222,13:00,2022,14,REG
2022_REG_14_HOU_DAL_20221211,20221211,9,13,1,93843,13:00,2022,14,REG
2022_REG_14_JAX_TEN_20221211,20221211,31,15,30,68409,13:00,2022,14,REG
2022_REG_14_KC_DEN_20221211,20221211,10,16,11,76072,16:05,2022,14,REG
2022_REG_14_LV_LAR_20221208,20221208,18,19,38,74738,20:15,2022,14,REG
2022_REG_14_MIA_LAC_20221211,20221211,17,20,38,70240,20:20,2022,14,REG
2022_REG_14_MIN_DET_20221211,20221211,11,21,14,66374,13:00,2022,14,REG
2022_REG_14_NE_ARI_20221212,20221212,1,22,40,63251,20:15,2022,14,REG
2022_REG_14_NYJ_BUF_20221211,20221211,4,25,18,70603,13:00,2022,14,REG
2022_REG_14_PHI_NYG_20221211,20221211,24,26,28,81506,13:00,2022,14,REG
2022_REG_14_TB_SF_20221211,20221211,29,30,21,71725,16:25,2022,14,REG
2022_REG_15_ARI_DEN_20221218,20221218,10,1,11,75179,16:05,2022,15,REG
2022_REG_15_ATL_NO_20221218,20221218,23,2,8,70041,13:00,2022,15,REG
2022_REG_15_BAL_CLE_20221217,20221217,8,3,19,67431,16:30,2022,15,REG
2022_REG_15_CIN_TB_20221218,20221218,30,7,36,69305,16:25,2022,15,REG
2022_REG_15_DAL_JAX_20221218,20221218,15,9,43,69050,13:00,2022,15,REG
2022_REG_15_DET_NYJ_20221218,20221218,25,11,28,75076,13:00,2022,15,REG
2022_REG_15_IND_MIN_20221217,20221217,21,14,46,66801,13:00,2022,15,REG
2022_REG_15_KC_HOU_20221218,20221218,13,16,29,70541,13:00,2022,15,REG
2022_REG_15_LAR_GB_20221219,20221219,12,18,20,77269,20:15,2022,15,REG
2022_REG_15_MIA_BUF_20221217,20221217,4,20,18,70794,20:15,2022,15,REG
2022_REG_15_NE_LV_20221218,20221218,19,22,3,62273,16:05,2022,15,REG
2022_REG_15_NYG_WSH_20221218,20221218,32,24,31,61917,20:20,2022,15,REG
2022_REG_15_PHI_CHI_20221218,20221218,6,26,39,48423,13:00,2022,15,REG
2022_REG_15_PIT_CAR_20221218,20221218,5,27,7,73548,13:00,2022,15,REG
2022_REG_15_SF_SEA_20221215,20221215,28,29,25,68957,20:15,2022,15,REG
2022_REG_15_TEN_LAC_20221218,20221218,17,31,38,70240,16:25,2022,15,REG
2022_REG_16_ATL_BAL_20221224,20221224,3,2,26,70467,13:00,2022,16,REG
2022_REG_16_BUF_CHI_20221224,20221224,6,4,39,59929,13:00,2022,16,REG
2022_REG_16_CIN_NE_20221224,20221224,22,7,16,65878,13:00,2022,16,REG
2022_REG_16_DEN_LAR_20221225,20221225,18,10,38,71525,16:30,2022,16,REG
2022_REG_16_DET_CAR_20221224,20221224,5,11,7,69173,13:00,2022,16,REG
2022_REG_16_GB_MIA_20221225,20221225,20,12,17,66328,13:00,2022,16,REG
2022_REG_16_HOU_TEN_20221224,20221224,31,13,30,66634,14:00,2022,16,REG
2022_REG_16_JAX_NYJ_20221222,20221222,25,15,28,70043,20:15,2022,16,REG
2022_REG_16_LAC_IND_20221226,20221226,14,17,24,65576,20:15,2022,16,REG
2022_REG_16_LV_PIT_20221224,20221224,27,19,2,64761,20:15,2022,16,REG
2022_REG_16_NO_CLE_20221224,20221224,8,23,19,67431,13:00,2022,16,REG
2022_REG_16_NYG_MIN_20221224,20221224,21,24,46,66919,13:00,2022,16,REG
2022_REG_16_PHI_DAL_20221224,20221224,9,26,1,93754,16:25,2022,16,REG
2022_REG_16_SEA_KC_20221224,20221224,16,28,6,73331,13:00,2022,16,REG
2022_REG_16_TB_ARI_20221225,20221225,1,30,40,63393,20:20,2022,16,REG
2022_REG_16_WSH_SF_20221224,20221224,29,32,21,71642,16:05,2022,16,REG
2022_REG_17_ARI_ATL_20230101,20230101,2,1,27,69269,13:00,2022,17,REG
2022_REG_17_CAR_TB_20230101,20230101,30,5,36,69298,13:00,2022,17,REG
2022_REG_17_CHI_DET_20230101,20230101,11,6,14,66169,13:00,2022,17,REG
2022_REG_17_CLE_WSH_20230101,20230101,32,8,31,50827,13:00,2022,17,REG
2022_REG_17_DAL_TEN_20221229,20221229,31,9,30,69292,20:15,2022,17,REG
2022_REG_17_DEN_KC_20230101,20230101,16,10,6,73571,13:00,2022,17,REG
2022_REG_17_IND_NYG_20230101,20230101,24,14,28,77399,13:00,2022,17,REG
2022_REG_17_JAX_HOU_20230101,20230101,13,15,29,64581,13:00,2022,17,REG
2022_REG_17_LAR_LAC_20230101,20230101,17,18,38,70240,16:25,2022,17,REG
2022_REG_17_MIA_NE_20230101,20230101,22,20,16,65878,13:00,2022,17,REG
2022_REG_17_MIN_GB_20230101,20230101,12,21,20,78190,16:25,2022,17,REG
2022_REG_17_NO_PHI_20230101,20230101,26,23,22,69796,13:00,2022,17,REG
2022_REG_17_NYJ_SEA_20230101,20230101,28,25,25,68827,16:05,2022,17,REG
2022_REG_17_PIT_BAL_20230101,20230101,3,27,26,71042,20:20,2022,17,REG
2022_REG_17_SF_LV_20230101,20230101,19,29,3,62367,16:05,2022,17,REG
2022_REG_18_ARI_SF_20230108,20230108,29,1,21,71638,16:25,2022,18,REG
2022_REG_18_BAL_CIN_20230108,20230108,7,3,34,65849,13:00,2022,18,REG
2022_REG_18_CAR_NO_20230108,20230108,23,5,8,70118,13:00,2022,18,REG
2022_REG_18_CLE_PIT_20230108,20230108,27,8,2,65019,13:00,2022,18,REG
2022_REG_18_DAL_WSH_20230108,20230108,32,9,31,62814,16:25,2022,18,REG
2022_REG_18_DET_GB_20230108,20230108,12,11,20,78191,20:20,2022,18,REG
2022_REG_18_HOU_IND_20230108,20230108,14,13,24,63655,13:00,2022,18,REG
2022_REG_18_KC_LV_20230107,20230107,19,16,3,62136,16:30,2022,18,REG
2022_REG_18_LAC_DEN_20230108,20230108,10,17,11,74035,16:25,2022,18,REG
2022_REG_18_LAR_SEA_20230108,20230108,28,18,25,68660,16:25,2022,18,REG
2022_REG_18_MIN_CHI_20230108,20230108,6,21,39,60007,13:00,2022,18,REG
2022_REG_18_NE_BUF_20230108,20230108,4,22,18,70753,13:00,2022,18,REG
2022_REG_18_NYG_PHI_20230108,20230108,26,24,22,69879,16:25,2022,18,REG
2022_REG_18_NYJ_MIA_20230108,20230108,20,25,17,66429,13:00,2022,18,REG
2022_REG_18_TB_ATL_20230108,20230108,2,30,27,69276,13:00,2022,18,REG
2022_REG_18_TEN_JAX_20230107,20230107,15,31,43,70050,20:15,2022,18,REG
2022_POST_19_BAL_CIN_20230115,20230115,7,3,34,,20:15,2022,19,POST
2022_POST_19_DAL_TB_20230116,20230116,30,9,36,,20:15,2022,19,POST
2022_POST_19_LAC_JAX_20230114,20230114,15,17,43,,20:15,2022,19,POST
2022_POST_19_MIA_BUF_20230115,20230115,4,20,18,,13:00,2022,19,POST
2022_POST_19_NYG_MIN_20230115,20230115,21,24,46,,16:50,2022,19,POST
2022_POST_19_SEA_SF_20230114,20230114,29,28,21,,16:30,2022,19,POST
2022_POST_20_CIN_BUF_20230122,20230122,4,7,18,,15:00,2022,20,POST
2022_POST_20_DAL_SF_20230122,20230122,29,9,21,,18:30,2022,20,POST
2022_POST_20_JAX_KC_20230121,20230121,16,15,6,,16:30,2022,20,POST
2022_POST_20_NYG_PHI_20230121,20230121,26,24,22,,20:15,2022,20,POST
2022_CON_21_CIN_KC_20230129,20230129,16,7,6,,18:30,2022,21,CON
2022_CON_21_SF_PHI_20230129,20230129,26,29,22,,15:00,2022,21,CON
2022_POST_22_KC_PHI_20230212,20230212,26,16,40,,18:30,2022,22,POST
2023_REG_01_ARI_WSH_20230910,20230910,32,1,31,64693,13:00,2023,1,REG
2023_REG_01_BUF_NYJ_20230911,20230911,25,4,28,83345,20:15,2023,1,REG
2023_REG_01_CAR_ATL_20230910,20230910,2,5,27,69597,13:00,2023,1,REG
2023_REG_01_CIN_CLE_20230910,20230910,8,7,19,67919,13:00,2023,1,REG
2023_REG_01_DAL_NYG_20230910,20230910,24,9,28,80809,20:20,2023,1,REG
2023_REG_01_DET_KC_20230907,20230907,16,11,6,73522,20:20,2023,1,REG
2023_REG_01_GB_CHI_20230910,20230910,6,12,39,62456,16:25,2023,1,REG
2023_REG_01_HOU_BAL_20230910,20230910,3,13,26,70136,13:00,2023,1,REG
2023_REG_01_JAX_IND_20230910,20230910,14,15,24,65749,13:00,2023,1,REG
2023_REG_01_LAR_SEA_20230910,20230910,28,18,25,68683,16:25,2023,1,REG
2023_REG_01_LV_DEN_20230910,20230910,10,19,11,76299,16:25,2023,1,REG
2023_REG_01_MIA_LAC_20230910,20230910,17,20,38,70240,16:25,2023,1,REG
2023_REG_01_PHI_NE_20230910,20230910,22,26,16,64628,16:25,2023,1,REG
2023_REG_01_SF_PIT_20230910,20230910,27,29,2,67679,13:00,2023,1,REG
2023_REG_01_TB_MIN_20230910,20230910,21,30,46,66741,13:00,2023,1,REG
2023_REG_01_TEN_NO_20230910,20230910,23,31,8,70024,13:00,2023,1,REG
2023_REG_02_BAL_CIN_20230917,20230917,7,3,34,66015,13:00,2023,2,REG
2023_REG_02_CHI_TB_20230917,20230917,30,6,36,62976,13:00,2023,2,REG
2023_REG_02_CLE_PIT_20230918,20230918,27,8,2,67576,20:15,2023,2,REG
2023_REG_02_GB_ATL_20230917,20230917,2,12,27,69251,13:00,2023,2,REG
2023_REG_02_IND_HOU_20230917,20230917,13,14,29,71159,13:00,2023,2,REG
2023_REG_02_KC_JAX_20230917,20230917,15,16,43,69915,13:00,2023,2,REG
2023_REG_02_LAC_TEN_20230917,20230917,31,17,30,67438,13:00,2023,2,REG
2023_REG_02_LV_BUF_20230917,20230917,4,19,18,70772,13:00,2023,2,REG
2023_REG_02_MIA_NE_20230917,20230917,22,20,16,64628,20:20,2023,2,REG
2023_REG_02_MIN_PHI_20230914,20230914,26,21,22,69879,20:15,2023,2,REG
2023_REG_02_NO_CAR_20230918,20230918,5,23,7,72709,19:15,2023,2,REG
2023_REG_02_NYG_ARI_20230917,20230917,1,24,40,62080,16:05,2023,2,REG
2023_REG_02_NYJ_DAL_20230917,20230917,9,25,1,93689,16:25,2023,2,REG
2023_REG_02_SEA_DET_20230917,20230917,11,28,14,66434,13:00,2023,2,REG
2023_REG_02_SF_LAR_20230917,20230917,18,29,38,74742,16:05,2023,2,REG
2023_REG_02_WSH_DEN_20230917,20230917,10,32,11,76108,16:25,2023,2,REG
2023_REG_03_ATL_DET_20230924,20230924,11,2,14,63803,13:00,2023,3,REG
2023_REG_03_BUF_WSH_20230924,20230924,32,4,31,64291,13:00,2023,3,REG
2023_REG_03_CAR_SEA_20230924,20230924,28,5,25,68699,16:05,2023,3,REG
2023_REG_03_CHI_KC_20230924,20230924,16,6,6,73562,16:25,2023,3,REG
2023_REG_03_DAL_ARI_20230924,20230924,1,9,40,62915,16:25,2023,3,REG
2023_REG_03_DEN_MIA_20230924,20230924,20,10,17,65522,13:00,2023,3,REG
2023_REG_03_HOU_JAX_20230924,20230924,15,13,43,61466,13:00,2023,3,REG
2023_REG_03_IND_BAL_20230924,20230924,3,14,26,70038,13:00,2023,3,REG
2023_REG_03_LAC_MIN_20230924,20230924,21,17,46,66878,13:00,2023,3,REG
2023_REG_03_LAR_CIN_20230925,20230925,7,18,34,65158,20:15,2023,3,REG
2023_REG_03_NE_NYJ_20230924,20230924,25,22,28,80876,13:00,2023,3,REG
2023_REG_03_NO_GB_20230924,20230924,12,23,20,78043,13:00,2023,3,REG
2023_REG_03_NYG_SF_20230921,20230921,29,24,21,71593,20:15,2023,3,REG
2023_REG_03_PHI_TB_20230925,20230925,30,26,36,65426,19:15,2023,3,REG
2023_REG_03_PIT_LV_20230924,20230924,19,27,3,62541,20:20,2023,3,REG
2023_REG_03_TEN_CLE_20230924,20230924,8,31,19,67919,13:00,2023,3,REG
2023_REG_04_ARI_SF_20231001,20231001,29,1,21,71521,16:25,2023,4,REG
2023_REG_04_ATL_JAX_20231001,20231001,15,2,47,85716,09:30,2023,4,REG
2023_REG_04_BAL_CLE_20231001,20231001,8,3,19,67919,13:00,2023,4,REG
2023_REG_04_CIN_TEN_20231001,20231001,31,7,30,68951,13:00,2023,4,REG
2023_REG_04_DEN_CHI_20231001,20231001,6,10,39,62220,13:00,2023,4,REG
2023_REG_04_DET_GB_20230928,20230928,12,11,20,78052,20:15,2023,4,REG
2023_REG_04_KC_NYJ_20231001,20231001,25,16,28,80461,20:20,2023,4,REG
2023_REG_04_LAR_IND_20231001,20231001,14,18,24,65337,13:00,2023,4,REG
2023_REG_04_LV_LAC_20231001,20231001,17,19,38,70240,16:05,2023,4,REG
2023_REG_04_MIA_BUF_20231001,20231001,4,20,18,70881,13:00,2023,4,REG
2023_REG_04_MIN_CAR_20231001,20231001,5,21,7,72842,13:00,2023,4,REG
2023_REG_04_NE_DAL_20231001,20231001,9,22,1,93719,16:25,2023,4,REG
2023_REG_04_PIT_HOU_20231001,20231001,13,27,29,71399,13:00,2023,4,REG
2023_REG_04_SEA_NYG_20231002,20231002,24,28,28,78507,20:15,2023,4,REG
2023_REG_04_TB_NO_20231001,20231001,23,30,8,70003,13:00,2023,4,REG
2023_REG_04_WSH_PHI_20231001,20231001,26,32,22,69879,13:00,2023,4,REG
2023_REG_05_BAL_PIT_20231008,20231008,27,3,2,67272,13:00,2023,5,REG
2023_REG_05_CAR_DET_20231008,20231008,11,5,14,63648,13:00,2023,5,REG
2023_REG_05_CHI_WSH_20231005,20231005,32,6,31,63727,20:15,2023,5,REG
2023_REG_05_CIN_ARI_20231008,20231008,1,7,40,62651,16:05,2023,5,REG
2023_REG_05_DAL_SF_20231008,20231008,29,9,21,71617,20:20,2023,5,REG
2023_REG_05_GB_LV_20231009,20231009,19,12,3,62572,20:15,2023,5,REG
2023_REG_05_HOU_ATL_20231008,20231008,2,13,27,69461,13:00,2023,5,REG
2023_REG_05_JAX_BUF_20231008,20231008,4,15,44,61273,09:30,2023,5,REG
2023_REG_05_KC_MIN_20231008,20231008,21,16,46,67003,16:25,2023,5,REG
2023_REG_05_NO_NE_20231008,20231008,22,23,16,64628,13:00,2023,5,REG
2023_REG_05_NYG_MIA_20231008,20231008,20,24,17,65654,13:00,2023,5,REG
2023_REG_05_NYJ_DEN_20231008,20231008,10,25,11,76387,16:25,2023,5,REG
2023_REG_05_PHI_LAR_20231008,20231008,18,26,38,74935,16:05,2023,5,REG
2023_REG_05_TEN_IND_20231008,20231008,14,31,24,65287,13:00,2023,5,REG
2023_REG_06_ARI_LAR_20231015,20231015,18,1,38,71202,16:25,2023,6,REG
2023_REG_06_BAL_TEN_20231015,20231015,31,3,44,61011,09:30,2023,6,REG
2023_REG_06_CAR_MIA_20231015,20231015,20,5,17,65529,13:00,2023,6,REG
2023_REG_06_DAL_LAC_20231016,20231016,17,9,38,70240,20:15,2023,6,REG
2023_REG_06_DEN_KC_20231012,20231012,16,10,6,73528,20:15,2023,6,REG
2023_REG_06_DET_TB_20231015,20231015,30,11,36,65854,16:25,2023,6,REG
2023_REG_06_IND_JAX_20231015,20231015,15,14,43,64851,13:00,2023,6,REG
2023_REG_06_MIN_CHI_20231015,20231015,6,21,39,62167,13:00,2023,6,REG
2023_REG_06_NE_LV_20231015,20231015,19,22,3,61985,16:05,2023,6,REG
2023_REG_06_NO_HOU_20231015,20231015,13,23,29,71810,13:00,2023,6,REG
2023_REG_06_NYG_BUF_20231015,20231015,4,24,18,70515,20:20,2023,6,REG
2023_REG_06_PHI_NYJ_20231015,20231015,25,26,28,83068,16:25,2023,6,REG
2023_REG_06_SEA_CIN_20231015,20231015,7,28,34,66385,13:00,2023,6,REG
2023_REG_06_SF_CLE_20231015,20231015,8,29,19,67431,13:00,2023,6,REG
2023_REG_06_WSH_ATL_20231015,20231015,2,32,27,69921,13:00,2023,6,REG
2023_REG_07_ARI_SEA_20231022,20231022,28,1,25,68781,16:05,2023,7,REG
2023_REG_07_ATL_TB_20231022,20231022,30,2,36,62620,13:00,2023,7,REG
2023_REG_07_BUF_NE_20231022,20231022,22,4,16,64628,13:00,2023,7,REG
2023_REG_07_CLE_IND_20231022,20231022,14,8,24,65552,13:00,2023,7,REG
2023_REG_07_DET_BAL_20231022,20231022,3,11,26,70989,13:00,2023,7,REG
2023_REG_07_GB_DEN_20231022,20231022,10,12,11,76880,16:25,2023,7,REG
2023_REG_07_JAX_NO_20231019,20231019,23,15,8,70009,20:15,2023,7,REG
2023_REG_07_LAC_KC_20231022,20231022,16,17,6,73642,16:25,2023,7,REG
2023_REG_07_LV_CHI_20231022,20231022,6,19,39,62199,13:00,2023,7,REG
2023_REG_07_MIA_PHI_20231022,20231022,26,20,22,69879,20:20,2023,7,REG
2023_REG_07_PIT_LAR_20231022,20231022,18,27,38,73471,16:05,2023,7,REG
2023_REG_07_SF_MIN_20231023,20231023,21,29,46,66975,20:15,2023,7,REG
2023_REG_07_WSH_NYG_20231022,20231022,24,32,28,81671,13:00,2023,7,REG
2023_REG_08_ATL_TEN_20231029,20231029,31,2,30,68008,13:00,2023,8,REG
2023_REG_08_BAL_ARI_20231029,20231029,1,3,40,63064,16:25,2023,8,REG
2023_REG_08_CHI_LAC_20231029,20231029,17,6,38,70240,20:20,2023,8,REG
2023_REG_08_CIN_SF_20231029,20231029,29,7,21,71655,16:25,2023,8,REG
2023_REG_08_CLE_SEA_20231029,20231029,28,8,25,68807,16:05,2023,8,REG
2023_REG_08_HOU_CAR_20231029,20231029,5,13,7,71505,13:00,2023,8,REG
2023_REG_08_JAX_PIT_20231029,20231029,27,15,2,67225,13:00,2023,8,REG
2023_REG_08_KC_DEN_20231029,20231029,10,16,11,76286,16:25,2023,8,REG
2023_REG_08_LAR_DAL_20231029,20231029,9,18,1,93448,13:00,2023,8,REG
2023_REG_08_LV_DET_20231030,20231030,11,19,14,66774,20:15,2023,8,REG
2023_REG_08_MIN_GB_20231029,20231029,12,21,20,78113,13:00,2023,8,REG
2023_REG_08_NE_MIA_20231029,20231029,20,22,17,65836,13:00,2023,8,REG
2023_REG_08_NO_IND_20231029,20231029,14,23,24,65427,13:00,2023,8,REG
2023_REG_08_NYJ_NYG_20231029,20231029,24,25,28,83367,13:00,2023,8,REG
2023_REG_08_PHI_WSH_20231029,20231029,32,26,31,64653,13:00,2023,8,REG
2023_REG_08_TB_BUF_20231026,20231026,4,30,18,70416,20:15,2023,8,REG
2023_REG_09_ARI_CLE_20231105,20231105,8,1,19,67919,13:00,2023,9,REG
2023_REG_09_BUF_CIN_20231105,20231105,7,4,34,66965,20:20,2023,9,REG
2023_REG_09_CHI_NO_20231105,20231105,23,6,8,70006,13:00,2023,9,REG
2023_REG_09_DAL_PHI_20231105,20231105,26,9,22,69879,16:25,2023,9,REG
2023_REG_09_IND_CAR_20231105,20231105,5,14,7,72301,16:05,2023,9,REG
2023_REG_09_LAC_NYJ_20231106,20231106,25,17,28,75407,20:15,2023,9,REG
2023_REG_09_LAR_GB_20231105,20231105,12,18,20,77409,13:00,2023,9,REG
2023_REG_09_MIA_KC_20231105,20231105,16,20,9,50023,09:30,2023,9,REG
2023_REG_09_MIN_ATL_20231105,20231105,2,21,27,69715,13:00,2023,9,REG
2023_REG_09_NYG_LV_20231105,20231105,19,24,3,62082,16:25,2023,9,REG
2023_REG_09_SEA_BAL_20231105,20231105,3,28,26,70753,13:00,2023,9,REG
2023_REG_09_TB_HOU_20231105,20231105,13,30,29,70785,13:00,2023,9,REG
2023_REG_09_TEN_PIT_20231102,20231102,27,31,2,65969,20:15,2023,9,REG
2023_REG_09_WSH_NE_20231105,20231105,22,32,16,64628,13:00,2023,9,REG
2023_REG_10_ATL_ARI_20231112,20231112,1,2,40,62861,16:05,2023,10,REG
2023_REG_10_CAR_CHI_20231109,20231109,6,5,39,61200,20:15,2023,10,REG
2023_REG_10_CLE_BAL_20231112,20231112,3,8,26,70424,13:00,2023,10,REG
2023_REG_10_DEN_BUF_20231113,20231113,4,10,18,70318,20:15,2023,10,REG
2023_REG_10_DET_LAC_20231112,20231112,17,11,38,70240,16:05,2023,10,REG
2023_REG_10_GB_PIT_20231112,20231112,27,12,2,67617,13:00,2023,10,REG
2023_REG_10_HOU_CIN_20231112,20231112,7,13,34,66526,13:00,2023,10,REG
2023_REG_10_IND_NE_20231112,20231112,22,14,9,50144,09:30,2023,10,REG
2023_REG_10_NO_MIN_20231112,20231112,21,23,46,66933,13:00,2023,10,REG
2023_REG_10_NYG_DAL_20231112,20231112,9,24,1,93338,16:25,2023,10,REG
2023_REG_10_NYJ_LV_20231112,20231112,19,25,3,62383,20:20,2023,10,REG
2023_REG_10_SF_JAX_20231112,20231112,15,29,43,69271,13:00,2023,10,REG
2023_REG_10_TEN_TB_20231112,20231112,30,31,36,62725,13:00,2023,10,REG
2023_REG_10_WSH_SEA_20231112,20231112,28,32,25,68721,16:25,2023,10,REG
2023_REG_11_ARI_HOU_20231119,20231119,13,1,29,70247,13:00,2023,11,REG
2023_REG_11_CHI_DET_20231119,20231119,11,6,14,63873,13:00,2023,11,REG
2023_REG_11_CIN_BAL_20231116,20231116,3,7,26,70997,20:15,2023,11,REG
2023_REG_11_DAL_CAR_20231119,20231119,5,9,7,73543,13:00,2023,11,REG
2023_REG_11_LAC_GB_20231119,20231119,12,17,20,77432,13:00,2023,11,REG
2023_REG_11_LV_MIA_20231119,20231119,20,19,17,66026,13:00,2023,11,REG
2023_REG_11_MIN_DEN_20231119,20231119,10,21,11,76848,20:20,2023,11,REG
2023_REG_11_NYG_WSH_20231119,20231119,32,24,31,62714,13:00,2023,11,REG
2023_REG_11_NYJ_BUF_20231119,20231119,4,25,18,70603,16:25,2023,11,REG
2023_REG_11_PHI_KC_20231120,20231120,16,26,6,73754,20:15,2023,11,REG
2023_REG_11_PIT_CLE_20231119,20231119,8,27,19,67919,13:00,2023,11,REG
2023_REG_11_SEA_LAR_20231119,20231119,18,28,38,72704,16:25,2023,11,REG
2023_REG_11_TB_SF_20231119,20231119,29,30,21,71607,16:05,2023,11,REG
2023_REG_11_TEN_JAX_20231119,20231119,15,31,43,67175,13:00,2023,11,REG
2023_REG_12_BAL_LAC_20231126,20231126,17,3,38,70240,20:20,2023,12,REG
2023_REG_12_BUF_PHI_20231126,20231126,26,4,22,69879,16:25,2023,12,REG
2023_REG_12_CAR_TEN_20231126,20231126,31,5,30,62493,13:00,2023,12,REG
2023_REG_12_CHI_MIN_20231127,20231127,21,6,46,66843,20:15,2023,12,REG
2023_REG_12_CLE_DEN_20231126,20231126,10,8,11,76261,16:05,2023,12,REG
2023_REG_12_GB_DET_20231123,20231123,11,12,14,66476,12:30,2023,12,REG
2023_REG_12_JAX_HOU_20231126,20231126,13,15,29,71324,13:00,2023,12,REG
2023_REG_12_KC_LV_20231126,20231126,19,16,3,62441,16:25,2023,12,REG
2023_REG_12_LAR_ARI_20231126,20231126,1,18,40,62177,16:05,2023,12,REG
2023_REG_12_MIA_NYJ_20231124,20231124,25,20,28,82973,15:00,2023,12,REG
2023_REG_12_NE_NYG_20231126,20231126,24,22,28,82211,13:00,2023,12,REG
2023_REG_12_NO_ATL_20231126,20231126,2,23,27,70166,13:00,2023,12,REG
2023_REG_12_PIT_CIN_20231126,20231126,7,27,34,65090,13:00,2023,12,REG
2023_REG_12_SF_SEA_20231123,20231123,28,29,25,68702,20:20,2023,12,REG
2023_REG_12_TB_IND_20231126,20231126,14,30,24,64407,13:00,2023,12,REG
2023_REG_12_WSH_DAL_20231123,20231123,9,32,1,93711,16:30,2023,12,REG
2023_REG_13_ARI_PIT_20231203,20231203,27,1,2,66436,13:00,2023,13,REG
2023_REG_13_ATL_NYJ_20231203,20231203,25,2,28,74455,13:00,2023,13,REG
2023_REG_13_CAR_TB_20231203,20231203,30,5,36,62432,16:05,2023,13,REG
2023_REG_13_CIN_JAX_20231204,20231204,15,7,43,67951,20:15,2023,13,REG
2023_REG_13_CLE_LAR_20231203,20231203,18,8,38,72887,16:25,2023,13,REG
2023_REG_13_DEN_HOU_20231203,20231203,13,10,29,71670,13:00,2023,13,REG
2023_REG_13_DET_NO_20231203,20231203,23,11,8,70003,13:00,2023,13,REG
2023_REG_13_IND_TEN_20231203,20231203,31,14,30,62641,13:00,2023,13,REG
2023_REG_13_KC_GB_20231203,20231203,12,16,20,78124,20:20,2023,13,REG
2023_REG_13_LAC_NE_20231203,20231203,22,17,16,64628,13:00,2023,13,REG
2023_REG_13_MIA_WSH_20231203,20231203,32,20,31,63459,13:00,2023,13,REG
2023_REG_13_SEA_DAL_20231130,20231130,9,28,1,93367,20:15,2023,13,REG
2023_REG_13_SF_PHI_20231203,20231203,26,29,22,69879,16:25,2023,13,REG
2023_REG_14_BUF_KC_20231210,20231210,16,4,6,73639,16:25,2023,14,REG
2023_REG_14_CAR_NO_20231210,20231210,23,5,8,70009,13:00,2023,14,REG
2023_REG_14_DEN_LAC_20231210,20231210,17,10,38,70240,16:25,2023,14,REG
2023_REG_14_DET_CHI_20231210,20231210,6,11,39,62185,13:00,2023,14,REG
2023_REG_14_GB_NYG_20231211,20231211,24,12,28,76637,20:15,2023,14,REG
2023_REG_14_HOU_NYJ_20231210,20231210,25,13,28,72956,13:00,2023,14,REG
2023_REG_14_IND_CIN_20231210,20231210,7,14,34,65981,13:00,2023,14,REG
2023_REG_14_JAX_CLE_20231210,20231210,8,15,19,67431,13:00,2023,14,REG
2023_REG_14_LAR_BAL_20231210,20231210,3,18,26,70492,13:00,2023,14,REG
2023_REG_14_MIN_LV_20231210,20231210,19,21,3,62626,16:05,2023,14,REG
2023_REG_14_NE_PIT_20231207,20231207,27,22,2,66376,20:15,2023,14,REG
2023_REG_14_PHI_DAL_20231210,20231210,9,26,1,93752,20:20,2023,14,REG
2023_REG_14_SEA_SF_20231210,20231210,29,28,21,71816,16:05,2023,14,REG
2023_REG_14_TB_ATL_20231210,20231210,2,30,27,69496,13:00,2023,14,REG
2023_REG_14_TEN_MIA_20231211,20231211,20,31,17,66068,20:15,2023,14,REG
2023_REG_15_ATL_CAR_20231217,20231217,5,2,7,70301,13:00,2023,15,REG
2023_REG_15_BAL_JAX_20231217,20231217,15,3,43,68021,20:20,2023,15,REG
2023_REG_15_CHI_CLE_20231217,20231217,8,6,19,67919,13:00,2023,15,REG
2023_REG_15_DAL_BUF_20231217,20231217,4,9,18,70933,16:25,2023,15,REG
2023_REG_15_DEN_DET_20231216,20231216,11,10,14,64500,20:15,2023,15,REG
2023_REG_15_HOU_TEN_20231217,20231217,31,13,30,66219,13:00,2023,15,REG
2023_REG_15_KC_NE_20231217,20231217,22,16,16,64628,13:00,2023,15,REG
2023_REG_15_LAC_LV_20231214,20231214,19,17,3,61654,20:15,2023,15,REG
2023_REG_15_MIN_CIN_20231216,20231216,7,21,34,66376,13:00,2023,15,REG
2023_REG_15_NYG_NO_20231217,20231217,23,24,8,70038,13:00,2023,15,REG
2023_REG_15_NYJ_MIA_20231217,20231217,20,25,17,65967,13:00,2023,15,REG
2023_REG_15_PHI_SEA_20231218,20231218,28,26,25,68758,20:15,2023,15,REG
2023_REG_15_PIT_IND_20231216,20231216,14,27,24,64171,16:30,2023,15,REG
2023_REG_15_SF_ARI_20231217,20231217,1,29,40,63967,16:05,2023,15,REG
2023_REG_15_TB_GB_20231217,20231217,12,30,20,77275,13:00,2023,15,REG
2023_REG_15_WSH_LAR_20231217,20231217,18,32,38,72035,16:05,2023,15,REG
2023_REG_16_ARI_CHI_20231224,20231224,6,1,39,59978,16:25,2023,16,REG
2023_REG_16_BAL_SF_20231225,20231225,29,3,21,71812,20:15,2023,16,REG
2023_REG_16_BUF_LAC_20231223,20231223,17,4,38,67678,20:00,2023,16,REG
2023_REG_16_CIN_PIT_20231223,20231223,27,7,2,66646,16:30,2023,16,REG
2023_REG_16_CLE_HOU_20231224,20231224,13,8,29,70831,13:00,2023,16,REG
2023_REG_16_DAL_MIA_20231224,20231224,20,9,17,66410,16:25,2023,16,REG
2023_REG_16_DET_MIN_20231224,20231224,21,11,46,66932,13:00,2023,16,REG
2023_REG_16_GB_CAR_20231224,20231224,5,12,7,70875,13:00,2023,16,REG
2023_REG_16_IND_ATL_20231224,20231224,2,14,27,69221,13:00,2023,16,REG
2023_REG_16_JAX_TB_20231224,20231224,30,15,36,62547,16:05,2023,16,REG
2023_REG_16_LV_KC_20231225,20231225,16,19,6,73480,13:00,2023,16,REG
2023_REG_16_NE_DEN_20231224,20231224,10,22,11,76201,20:15,2023,16,REG
2023_REG_16_NO_LAR_20231221,20231221,18,23,38,73228,20:15,2023,16,REG
2023_REG_16_NYG_PHI_20231225,20231225,26,24,22,69879,16:30,2023,16,REG
2023_REG_16_SEA_TEN_20231224,20231224,31,28,30,60181,13:00,2023,16,REG
2023_REG_16_WSH_NYJ_20231224,20231224,25,32,28,67470,13:00,2023,16,REG
2023_REG_17_ARI_PHI_20231231,20231231,26,1,22,69879,13:00,2023,17,REG
2023_REG_17_ATL_CHI_20231231,20231231,6,2,39,61752,13:00,2023,17,REG
2023_REG_17_CAR_JAX_20231231,20231231,15,5,43,67233,13:00,2023,17,REG
2023_REG_17_CIN_KC_20231231,20231231,16,7,6,73565,16:25,2023,17,REG
2023_REG_17_DET_DAL_20231230,20231230,9,11,1,93731,20:15,2023,17,REG
2023_REG_17_GB_MIN_20231231,20231231,21,12,46,67003,20:20,2023,17,REG
2023_REG_17_LAC_DEN_20231231,20231231,10,17,11,76228,16:25,2023,17,REG
2023_REG_17_LAR_NYG_20231231,20231231,24,18,28,75517,13:00,2023,17,REG
2023_REG_17_LV_IND_20231231,20231231,14,19,24,65538,13:00,2023,17,REG
2023_REG_17_MIA_BAL_20231231,20231231,3,20,26,71196,13:00,2023,17,REG
2023_REG_17_NE_BUF_20231231,20231231,4,22,18,70772,13:00,2023,17,REG
2023_REG_17_NO_TB_20231231,20231231,30,23,36,65741,13:00,2023,17,REG
2023_REG_17_NYJ_CLE_20231228,20231228,8,25,19,67919,20:15,2023,17,REG
2023_REG_17_PIT_SEA_20231231,20231231,28,27,25,68735,16:05,2023,17,REG
2023_REG_17_SF_WSH_20231231,20231231,32,29,31,64424,13:00,2023,17,REG
2023_REG_17_TEN_HOU_20231231,20231231,13,31,29,71517,13:00,2023,17,REG
2023_REG_18_ATL_NO_20240107,20240107,23,2,8,70072,13:00,2023,18,REG
2023_REG_18_BUF_MIA_20240107,20240107,20,4,17,66292,20:20,2023,18,REG
2023_REG_18_CHI_GB_20240107,20240107,12,6,20,78188,16:25,2023,18,REG
2023_REG_18_CLE_CIN_20240107,20240107,7,8,34,65865,13:00,2023,18,REG
2023_REG_18_DAL_WSH_20240107,20240107,32,9,31,63645,16:25,2023,18,REG
2023_REG_18_DEN_LV_20240107,20240107,19,10,3,61429,16:25,2023,18,REG
2023_REG_18_HOU_IND_20240106,20240106,14,13,24,65925,20:15,2023,18,REG
2023_REG_18_JAX_TEN_20240107,20240107,31,15,30,63744,13:00,2023,18,REG
2023_REG_18_KC_LAC_20240107,20240107,17,16,38,68274,16:25,2023,18,REG
2023_REG_18_LAR_SF_20240107,20240107,29,18,21,71624,16:25,2023,18,REG
2023_REG_18_MIN_DET_20240107,20240107,11,21,14,63233,13:00,2023,18,REG
2023_REG_18_NYJ_NE_20240107,20240107,22,25,16,64628,13:00,2023,18,REG
2023_REG_18_PHI_NYG_20240107,20240107,24,26,28,75740,16:25,2023,18,REG
2023_REG_18_PIT_BAL_20240106,20240106,3,27,26,70355,16:30,2023,18,REG
2023_REG_18_SEA_ARI_20240107,20240107,1,28,40,63197,16:25,2023,18,REG
2023_REG_18_TB_CAR_20240107,20240107,5,30,7,69010,13:00,2023,18,REG
2023_POST_19_CLE_HOU_20240113,20240113,13,8,29,,16:30,2023,19,POST
2023_POST_19_GB_DAL_20240114,20240114,9,12,1,,16:30,2023,19,POST
2023_POST_19_LAR_DET_20240114,20240114,11,18,14,,20:00,2023,19,POST
2023_POST_19_MIA_KC_20240113,20240113,16,20,6,,20:00,2023,19,POST
2023_POST_19_PHI_TB_20240115,20240115,30,26,36,,20:00,2023,19,POST
2023_POST_19_PIT_BUF_20240115,20240115,4,27,18,,16:30,2023,19,POST
2023_POST_20_GB_SF_20240120,20240120,29,12,21,,20:15,2023,20,POST
2023_POST_20_HOU_BAL_20240120,20240120,3,13,26,,16:30,2023,20,POST
2023_POST_20_KC_BUF_20240121,20240121,4,16,18,,18:30,2023,20,POST
2023_POST_20_TB_DET_20240121,20240121,11,30,14,,15:00,2023,20,POST
2023_CON_21_DET_SF_20240128,20240128,29,11,21,,18:30,2023,21,CON
2023_CON_21_KC_BAL_20240128,20240128,3,16,26,,15:00,2023,21,CON
2023_POST_22_SF_KC_20240211,20240211,16,29,3,,18:30,2023,22,POST
2024_REG_01_ARI_BUF_20240908,20240908,4,1,18,70542,13:00,2024,1,REG
2024_REG_01_BAL_KC_20240905,20240905,16,3,6,73611,20:20,2024,1,REG
2024_REG_01_CAR_NO_20240908,20240908,23,5,8,70007,13:00,2024,1,REG
2024_REG_01_DAL_CLE_20240908,20240908,8,9,19,67431,16:25,2024,1,REG
2024_REG_01_DEN_SEA_20240908,20240908,28,10,25,68714,16:05,2024,1,REG
2024_REG_01_GB_PHI_20240906,20240906,26,12,5,47236,20:15,2024,1,REG
2024_REG_01_HOU_IND_20240908,20240908,14,13,24,65306,13:00,2024,1,REG
2024_REG_01_JAX_MIA_20240908,20240908,20,15,17,65582,13:00,2024,1,REG
2024_REG_01_LAR_DET_20240908,20240908,11,18,14,66530,20:20,2024,1,REG
2024_REG_01_LV_LAC_20240908,20240908,17,19,38,70240,16:05,2024,1,REG
2024_REG_01_MIN_NYG_20240908,20240908,24,21,28,81908,13:00,2024,1,REG
2024_REG_01_NE_CIN_20240908,20240908,7,22,34,66214,13:00,2024,1,REG
2024_REG_01_NYJ_SF_20240909,20240909,29,25,21,71319,20:15,2024,1,REG
2024_REG_01_PIT_ATL_20240908,20240908,2,27,27,72291,13:00,2024,1,REG
2024_REG_01_TEN_CHI_20240908,20240908,6,31,39,59403,13:00,2024,1,REG
2024_REG_01_WSH_TB_20240908,20240908,30,32,36,63020,16:25,2024,1,REG
2024_REG_02_ATL_PHI_20240916,20240916,26,2,22,69879,20:15,2024,2,REG
2024_REG_02_BUF_MIA_20240912,20240912,20,4,17,65601,20:15,2024,2,REG
2024_REG_02_CHI_HOU_20240915,20240915,13,6,29,71412,20:20,2024,2,REG
2024_REG_02_CIN_KC_20240915,20240915,16,7,6,73558,16:25,2024,2,REG
2024_REG_02_CLE_JAX_20240915,20240915,15,8,43,60105,13:00,2024,2,REG
2024_REG_02_IND_GB_20240915,20240915,12,14,20,77827,13:00,2024,2,REG
2024_REG_02_LAC_CAR_20240915,20240915,5,17,7,70145,13:00,2024,2,REG
2024_REG_02_LAR_ARI_20240915,20240915,1,18,40,63331,16:05,2024,2,REG
2024_REG_02_LV_BAL_20240915,20240915,3,19,26,70762,13:00,2024,2,REG
2024_REG_02_NO_DAL_20240915,20240915,9,23,1,93691,13:00,2024,2,REG
2024_REG_02_NYG_WSH_20240915,20240915,32,24,31,61841,13:00,2024,2,REG
2024_REG_02_NYJ_TEN_20240915,20240915,31,25,30,65509,13:00,2024,2,REG
2024_REG_02_PIT_DEN_20240915,20240915,10,27,11,74215,16:25,2024,2,REG
2024_REG_02_SEA_NE_20240915,20240915,22,28,16,64686,13:00,2024,2,REG
2024_REG_02_SF_MIN_20240915,20240915,21,29,46,66741,13:00,2024,2,REG
2024_REG_02_TB_DET_20240915,20240915,11,30,14,64160,13:00,2024,2,REG
2024_REG_03_BAL_DAL_20240922,20240922,9,3,1,93566,16:25,2024,3,REG
2024_REG_03_CAR_LV_20240922,20240922,19,5,3,62417,16:05,2024,3,REG
2024_REG_03_CHI_IND_20240922,20240922,14,6,24,66624,13:00,2024,3,REG
2024_REG_03_DEN_TB_20240922,20240922,30,10,36,62738,13:00,2024,3,REG
2024_REG_03_DET_ARI_20240922,20240922,1,11,40,63650,16:25,2024,3,REG
2024_REG_03_GB_TEN_20240922,20240922,31,12,30,67322,13:00,2024,3,REG
2024_REG_03_HOU_MIN_20240922,20240922,21,13,46,66843,13:00,2024,3,REG
2024_REG_03_JAX_BUF_20240923,20240923,4,15,18,70316,19:30,2024,3,REG
2024_REG_03_KC_ATL_20240922,20240922,2,16,27,72441,20:20,2024,3,REG
2024_REG_03_LAC_PIT_20240922,20240922,27,17,2,66734,13:00,2024,3,REG
2024_REG_03_MIA_SEA_20240922,20240922,28,20,25,68658,16:05,2024,3,REG
2024_REG_03_NE_NYJ_20240919,20240919,25,22,28,80812,20:15,2024,3,REG
2024_REG_03_NYG_CLE_20240922,20240922,8,24,19,68016,13:00,2024,3,REG
2024_REG_03_PHI_NO_20240922,20240922,23,26,8,70006,13:00,2024,3,REG
2024_REG_03_SF_LAR_20240922,20240922,18,29,38,,16:25,2024,3,REG
2024_REG_03_WSH_CIN_20240923,20240923,7,32,34,66207,20:15,2024,3,REG
2024_REG_04_BUF_BAL_20240929,20240929,3,4,26,70636,20:20,2024,4,REG
2024_REG_04_CIN_CAR_20240929,20240929,5,7,7,77258,13:00,2024,4,REG
2024_REG_04_CLE_LV_20240929,20240929,19,8,3,62401,16:25,2024,4,REG
2024_REG_04_DAL_NYG_20240926,20240926,24,9,28,80425,20:15,2024,4,REG
2024_REG_04_DEN_NYJ_20240929,20240929,25,10,28,82243,13:00,2024,4,REG
2024_REG_04_JAX_HOU_20240929,20240929,13,15,29,71115,13:00,2024,4,REG
2024_REG_04_KC_LAC_20240929,20240929,17,16,38,70240,16:25,2024,4,REG
2024_REG_04_LAR_CHI_20240929,20240929,6,18,39,59074,13:00,2024,4,REG
2024_REG_04_MIN_GB_20240929,20240929,12,21,20,78335,13:00,2024,4,REG
2024_REG_04_NE_SF_20240929,20240929,29,22,21,71042,16:05,2024,4,REG
2024_REG_04_NO_ATL_20240929,20240929,2,23,27,72204,13:00,2024,4,REG
2024_REG_04_PHI_TB_20240929,20240929,30,26,36,64223,13:00,2024,4,REG
2024_REG_04_PIT_IND_20240929,20240929,14,27,24,66376,13:00,2024,4,REG
2024_REG_04_SEA_DET_20240930,20240930,11,28,14,66658,20:15,2024,4,REG
2024_REG_04_TEN_MIA_20240930,20240930,20,31,17,65291,19:30,2024,4,REG
2024_REG_04_WSH_ARI_20240929,20240929,1,32,40,63286,16:05,2024,4,REG
2024_REG_05_ARI_SF_20241006,20241006,29,1,21,71310,16:05,2024,5,REG
2024_REG_05_BAL_CIN_20241006,20241006,7,3,34,66341,13:00,2024,5,REG
2024_REG_05_BUF_HOU_20241006,20241006,13,4,29,71427,13:00,2024,5,REG
2024_REG_05_CAR_CHI_20241006,20241006,6,5,39,59307,13:00,2024,5,REG
2024_REG_05_CLE_WSH_20241006,20241006,32,8,31,59030,13:00,2024,5,REG
2024_REG_05_DAL_PIT_20241006,20241006,27,9,2,67380,20:20,2024,5,REG
2024_REG_05_GB_LAR_20241006,20241006,18,12,38,72842,16:25,2024,5,REG
2024_REG_05_IND_JAX_20241006,20241006,15,14,43,60214,13:00,2024,5,REG
2024_REG_05_LV_DEN_20241006,20241006,10,19,11,72825,16:05,2024,5,REG
2024_REG_05_MIA_NE_20241006,20241006,22,20,16,64628,13:00,2024,5,REG
2024_REG_05_NO_KC_20241007,20241007,16,23,6,73592,20:15,2024,5,REG
2024_REG_05_NYG_SEA_20241006,20241006,28,24,25,68306,16:25,2024,5,REG
2024_REG_05_NYJ_MIN_20241006,20241006,21,25,44,61139,09:30,2024,5,REG
2024_REG_05_TB_ATL_20241003,20241003,2,30,27,70016,20:15,2024,5,REG
2024_REG_06_ARI_GB_20241013,20241013,12,1,20,77773,13:00,2024,6,REG
2024_REG_06_ATL_CAR_20241013,20241013,5,2,7,70884,16:25,2024,6,REG
2024_REG_06_BUF_NYJ_20241014,20241014,25,4,28,81118,20:15,2024,6,REG
2024_REG_06_CIN_NYG_20241013,20241013,24,7,28,78809,20:20,2024,6,REG
2024_REG_06_CLE_PHI_20241013,20241013,26,8,22,69879,13:00,2024,6,REG
2024_REG_06_DET_DAL_20241013,20241013,9,11,1,93644,16:25,2024,6,REG
2024_REG_06_HOU_NE_20241013,20241013,22,13,16,64628,13:00,2024,6,REG
2024_REG_06_IND_TEN_20241013,20241013,31,14,30,64302,13:00,2024,6,REG
2024_REG_06_JAX_CHI_20241013,20241013,6,15,44,61182,09:30,2024,6,REG
2024_REG_06_LAC_DEN_20241013,20241013,10,17,11,70743,16:05,2024,6,REG
2024_REG_06_PIT_LV_20241013,20241013,19,27,3,62553,16:05,2024,6,REG
2024_REG_06_SF_SEA_20241010,20241010,28,29,25,68768,20:15,2024,6,REG
2024_REG_06_TB_NO_20241013,20241013,23,30,8,70041,13:00,2024,6,REG
2024_REG_06_WSH_BAL_20241013,20241013,3,32,26,71316,13:00,2024,6,REG
2024_REG_07_BAL_TB_20241021,20241021,30,3,36,64828,20:15,2024,7,REG
2024_REG_07_CAR_WSH_20241020,20241020,32,5,31,63380,16:05,2024,7,REG
2024_REG_07_CIN_CLE_20241020,20241020,8,7,19,68143,13:00,2024,7,REG
2024_REG_07_DEN_NO_20241017,20241017,23,10,8,70008,20:15,2024,7,REG
2024_REG_07_DET_MIN_20241020,20241020,21,11,46,66971,13:00,2024,7,REG
2024_REG_07_HOU_GB_20241020,20241020,12,13,20,78197,13:00,2024,7,REG
2024_REG_07_KC_SF_20241020,20241020,29,16,21,71309,16:25,2024,7,REG
2024_REG_07_LAC_ARI_20241021,20241021,1,17,40,64357,21:00,2024,7,REG
2024_REG_07_LV_LAR_20241020,20241020,18,19,38,73267,16:05,2024,7,REG
2024_REG_07_MIA_IND_20241020,20241020,14,20,24,66299,13:00,2024,7,REG
2024_REG_07_NE_JAX_20241020,20241020,15,22,47,86651,09:30,2024,7,REG
2024_REG_07_NYJ_PIT_20241020,20241020,27,25,2,66956,20:20,2024,7,REG
2024_REG_07_PHI_NYG_20241020,20241020,24,26,28,82779,13:00,2024,7,REG
2024_REG_07_SEA_ATL_20241020,20241020,2,28,27,70691,13:00,2024,7,REG
2024_REG_07_TEN_BUF_20241020,20241020,4,31,18,70842,13:00,2024,7,REG
2024_REG_08_ARI_MIA_20241027,20241027,20,1,17,65629,13:00,2024,8,REG
2024_REG_08_ATL_TB_20241027,20241027,30,2,36,62787,13:00,2024,8,REG
2024_REG_08_BAL_CLE_20241027,20241027,8,3,19,67431,13:00,2024,8,REG
2024_REG_08_BUF_SEA_20241027,20241027,28,4,25,68704,16:05,2024,8,REG
2024_REG_08_CAR_DEN_20241027,20241027,10,5,11,76135,16:25,2024,8,REG
2024_REG_08_CHI_WSH_20241027,20241027,32,6,31,64704,16:25,2024,8,REG
2024_REG_08_DAL_SF_20241027,20241027,29,9,21,71521,20:20,2024,8,REG
2024_REG_08_GB_JAX_20241027,20241027,15,12,43,65618,13:00,2024,8,REG
2024_REG_08_IND_HOU_20241027,20241027,13,14,29,71380,13:00,2024,8,REG
2024_REG_08_KC_LV_20241027,20241027,19,16,3,62533,16:25,2024,8,REG
2024_REG_08_MIN_LAR_20241024,20241024,18,21,38,72127,20:15,2024,8,REG
2024_REG_08_NO_LAC_20241027,20241027,17,23,38,70240,16:05,2024,8,REG
2024_REG_08_NYG_PIT_20241028,20241028,27,24,2,66637,20:15,2024,8,REG
2024_REG_08_NYJ_NE_20241027,20241027,22,25,16,64628,13:00,2024,8,REG
2024_REG_08_PHI_CIN_20241027,20241027,7,26,34,67239,13:00,2024,8,REG
2024_REG_08_TEN_DET_20241027,20241027,11,31,14,64316,13:00,2024,8,REG
2024_REG_09_CHI_ARI_20241103,20241103,1,6,40,64609,16:05,2024,9,REG
2024_REG_09_DAL_ATL_20241103,20241103,2,9,27,72665,13:00,2024,9,REG
2024_REG_09_DEN_BAL_20241103,20241103,3,10,26,71051,13:00,2024,9,REG
2024_REG_09_DET_GB_20241103,20241103,12,11,20,78330,16:25,2024,9,REG
2024_REG_09_HOU_NYJ_20241031,20241031,25,13,28,79818,20:15,2024,9,REG
2024_REG_09_IND_MIN_20241103,20241103,21,14,46,66954,20:20,2024,9,REG
2024_REG_09_JAX_PHI_20241103,20241103,26,15,22,69879,16:05,2024,9,REG
2024_REG_09_LAC_CLE_20241103,20241103,8,17,19,67431,13:00,2024,9,REG
2024_REG_09_LAR_SEA_20241103,20241103,28,18,25,68632,16:25,2024,9,REG
2024_REG_09_LV_CIN_20241103,20241103,7,19,34,65962,13:00,2024,9,REG
2024_REG_09_MIA_BUF_20241103,20241103,4,20,18,70862,13:00,2024,9,REG
2024_REG_09_NE_TEN_20241103,20241103,31,22,30,66533,13:00,2024,9,REG
2024_REG_09_NO_CAR_20241103,20241103,5,23,7,70292,13:00,2024,9,REG
2024_REG_09_TB_KC_20241104,20241104,16,30,6,73574,20:15,2024,9,REG
2024_REG_09_WSH_NYG_20241103,20241103,24,32,28,77994,13:00,2024,9,REG
2024_REG_10_ATL_NO_20241110,20241110,23,2,8,70005,13:00,2024,10,REG
2024_REG_10_BUF_IND_20241110,20241110,14,4,24,66474,13:00,2024,10,REG
2024_REG_10_CIN_BAL_20241107,20241107,3,7,26,71439,20:15,2024,10,REG
2024_REG_10_DEN_KC_20241110,20241110,16,10,6,73704,13:00,2024,10,REG
2024_REG_10_DET_HOU_20241110,20241110,13,11,29,71512,20:20,2024,10,REG
2024_REG_10_MIA_LAR_20241111,20241111,18,20,38,72474,20:15,2024,10,REG
2024_REG_10_MIN_JAX_20241110,20241110,15,21,43,65695,13:00,2024,10,REG
2024_REG_10_NE_CHI_20241110,20241110,6,22,39,58912,13:00,2024,10,REG
2024_REG_10_NYG_CAR_20241110,20241110,5,24,4,70132,09:30,2024,10,REG
2024_REG_10_NYJ_ARI_20241110,20241110,1,25,40,64030,16:25,2024,10,REG
2024_REG_10_PHI_DAL_20241110,20241110,9,26,1,93644,16:25,2024,10,REG
2024_REG_10_PIT_WSH_20241110,20241110,32,27,31,66192,13:00,2024,10,REG
2024_REG_10_SF_TB_20241110,20241110,30,29,36,64914,13:00,2024,10,REG
2024_REG_10_TEN_LAC_20241110,20241110,17,31,38,68796,16:05,2024,10,REG
2024_REG_11_ATL_DEN_20241117,20241117,10,2,11,76545,16:05,2024,11,REG
2024_REG_11_BAL_PIT_20241117,20241117,27,3,2,67551,13:00,2024,11,REG
2024_REG_11_CIN_LAC_20241117,20241117,17,7,38,70240,20:20,2024,11,REG
2024_REG_11_CLE_NO_20241117,20241117,23,8,8,70006,13:00,2024,11,REG
2024_REG_11_GB_CHI_20241117,20241117,6,12,39,59419,13:00,2024,11,REG
2024_REG_11_HOU_DAL_20241118,20241118,9,13,1,92969,20:15,2024,11,REG
2024_REG_11_IND_NYJ_20241117,20241117,25,14,28,80582,13:00,2024,11,REG
2024_REG_11_JAX_DET_20241117,20241117,11,15,14,64273,13:00,2024,11,REG
2024_REG_11_KC_BUF_20241117,20241117,4,16,18,71112,16:25,2024,11,REG
2024_REG_11_LAR_NE_20241117,20241117,22,18,16,64628,13:00,2024,11,REG
2024_REG_11_LV_MIA_20241117,20241117,20,19,17,65440,13:00,2024,11,REG
2024_REG_11_MIN_TEN_20241117,20241117,31,21,30,67686,13:00,2024,11,REG
2024_REG_11_SEA_SF_20241117,20241117,29,28,21,71751,16:05,2024,11,REG
2024_REG_11_WSH_PHI_20241114,20241114,26,32,22,69879,20:15,2024,11,REG
2024_REG_12_ARI_SEA_20241124,20241124,28,1,25,68649,16:25,2024,12,REG
2024_REG_12_BAL_LAC_20241125,20241125,17,3,38,70240,20:15,2024,12,REG
2024_REG_12_DAL_WSH_20241124,20241124,32,9,31,64955,13:00,2024,12,REG
2024_REG_12_DEN_LV_20241124,20241124,19,10,3,62460,16:05,2024,12,REG
2024_REG_12_DET_IND_20241124,20241124,14,11,24,66696,13:00,2024,12,REG
2024_REG_12_KC_CAR_20241124,20241124,5,16,7,73216,13:00,2024,12,REG
2024_REG_12_MIN_CHI_20241124,20241124,6,21,39,57659,13:00,2024,12,REG
2024_REG_12_NE_MIA_20241124,20241124,20,22,17,65479,13:00,2024,12,REG
2024_REG_12_PHI_LAR_20241124,20241124,18,26,38,74400,20:20,2024,12,REG
2024_REG_12_PIT_CLE_20241121,20241121,8,27,19,67431,20:15,2024,12,REG
2024_REG_12_SF_GB_20241124,20241124,12,29,20,78222,16:25,2024,12,REG
2024_REG_12_TB_NYG_20241124,20241124,24,30,28,77554,13:00,2024,12,REG
2024_REG_12_TEN_HOU_20241124,20241124,13,31,29,71055,13:00,2024,12,REG
2024_REG_13_ARI_MIN_20241201,20241201,21,1,46,66873,13:00,2024,13,REG
2024_REG_13_CHI_DET_20241128,20241128,11,6,14,64275,12:30,2024,13,REG
2024_REG_13_CLE_DEN_20241202,20241202,10,8,11,68306,20:15,2024,13,REG
2024_REG_13_HOU_JAX_20241201,20241201,15,13,43,62588,13:00,2024,13,REG
2024_REG_13_IND_NE_20241201,20241201,22,14,16,64626,13:00,2024,13,REG
2024_REG_13_LAC_ATL_20241201,20241201,2,17,27,72139,13:00,2024,13,REG
2024_REG_13_LAR_NO_20241201,20241201,23,18,8,70006,16:05,2024,13,REG
2024_REG_13_LV_KC_20241129,20241129,16,19,6,73627,15:00,2024,13,REG
2024_REG_13_MIA_GB_20241128,20241128,12,20,20,77599,20:20,2024,13,REG
2024_REG_13_NYG_DAL_20241128,20241128,9,24,1,92196,16:30,2024,13,REG
2024_REG_13_PHI_BAL_20241201,20241201,3,26,26,71344,16:25,2024,13,REG
2024_REG_13_PIT_CIN_20241201,20241201,7,27,34,66112,13:00,2024,13,REG
2024_REG_13_SEA_NYJ_20241201,20241201,25,28,28,81084,13:00,2024,13,REG
2024_REG_13_SF_BUF_20241201,20241201,4,29,18,70437,20:20,2024,13,REG
2024_REG_13_TB_CAR_20241201,20241201,5,30,7,69214,16:05,2024,13,REG
2024_REG_13_TEN_WSH_20241201,20241201,32,31,31,63144,13:00,2024,13,REG
2024_REG_14_ATL_MIN_20241208,20241208,21,2,46,67008,13:00,2024,14,REG
2024_REG_14_BUF_LAR_20241208,20241208,18,4,38,73493,16:25,2024,14,REG
2024_REG_14_CAR_PHI_20241208,20241208,26,5,22,69879,13:00,2024,14,REG
2024_REG_14_CHI_SF_20241208,20241208,29,6,21,71662,16:25,2024,14,REG
2024_REG_14_CIN_DAL_20241209,20241209,9,7,1,92587,20:15,2024,14,REG
2024_REG_14_CLE_PIT_20241208,20241208,27,8,2,66845,13:00,2024,14,REG
2024_REG_14_GB_DET_20241205,20241205,11,12,14,63987,20:15,2024,14,REG
2024_REG_14_JAX_TEN_20241208,20241208,31,15,30,61644,13:00,2024,14,REG
2024_REG_14_LAC_KC_20241208,20241208,16,17,6,73571,20:20,2024,14,REG
2024_REG_14_LV_TB_20241208,20241208,30,19,36,63250,13:00,2024,14,REG
2024_REG_14_NO_NYG_20241208,20241208,24,23,28,76143,13:00,2024,14,REG
2024_REG_14_NYJ_MIA_20241208,20241208,20,25,17,65787,13:00,2024,14,REG
2024_REG_14_SEA_ARI_20241208,20241208,1,28,40,64533,16:05,2024,14,REG
2024_REG_15_ATL_LV_20241216,20241216,19,2,3,62364,20:30,2024,15,REG
2024_REG_15_BAL_NYG_20241215,20241215,24,3,28,77455,13:00,2024,15,REG
2024_REG_15_BUF_DET_20241215,20241215,11,4,14,65327,16:25,2024,15,REG
2024_REG_15_CHI_MIN_20241216,20241216,21,6,46,67017,20:00,2024,15,REG
2024_REG_15_CIN_TEN_20241215,20241215,31,7,30,63745,13:00,2024,15,REG
2024_REG_15_DAL_CAR_20241215,20241215,5,9,7,70570,13:00,2024,15,REG
2024_REG_15_GB_SEA_20241215,20241215,28,12,25,68766,20:20,2024,15,REG
2024_REG_15_IND_DEN_20241215,20241215,10,14,11,76496,16:25,2024,15,REG
2024_REG_15_KC_CLE_20241215,20241215,8,16,19,67983,13:00,2024,15,REG
2024_REG_15_LAR_SF_20241212,20241212,29,18,21,71201,20:15,2024,15,REG
2024_REG_15_MIA_HOU_20241215,20241215,13,20,29,71221,13:00,2024,15,REG
2024_REG_15_NE_ARI_20241215,20241215,1,22,40,64135,16:25,2024,15,REG
2024_REG_15_NYJ_JAX_20241215,20241215,15,25,43,63251,13:00,2024,15,REG
2024_REG_15_PIT_PHI_20241215,20241215,26,27,22,69879,16:25,2024,15,REG
2024_REG_15_TB_LAC_20241215,20241215,17,30,38,69496,16:25,2024,15,REG
2024_REG_15_WSH_NO_20241215,20241215,23,32,8,70003,13:00,2024,15,REG
2024_REG_16_ARI_CAR_20241222,20241222,5,1,7,68804,13:00,2024,16,REG
2024_REG_16_CLE_CIN_20241222,20241222,7,8,34,65734,13:00,2024,16,REG
2024_REG_16_DEN_LAC_20241219,20241219,17,10,38,70240,20:15,2024,16,REG
2024_REG_16_DET_CHI_20241222,20241222,6,11,39,56539,13:00,2024,16,REG
2024_REG_16_HOU_KC_20241221,20241221,16,13,6,73600,13:00,2024,16,REG
2024_REG_16_JAX_LV_20241222,20241222,19,15,3,61323,16:25,2024,16,REG
2024_REG_16_LAR_NYJ_20241222,20241222,25,18,28,76871,13:00,2024,16,REG
2024_REG_16_MIN_SEA_20241222,20241222,28,21,25,68748,16:05,2024,16,REG
2024_REG_16_NE_BUF_20241222,20241222,4,22,18,70725,16:25,2024,16,REG
2024_REG_16_NO_GB_20241223,20241223,12,23,20,77885,20:15,2024,16,REG
2024_REG_16_NYG_ATL_20241222,20241222,2,24,27,70404,13:00,2024,16,REG
2024_REG_16_PHI_WSH_20241222,20241222,32,26,31,64128,13:00,2024,16,REG
2024_REG_16_PIT_BAL_20241221,20241221,3,27,26,71313,16:30,2024,16,REG
2024_REG_16_SF_MIA_20241222,20241222,20,29,17,66341,16:25,2024,16,REG
2024_REG_16_TB_DAL_20241222,20241222,9,30,1,93103,20:20,2024,16,REG
2024_REG_16_TEN_IND_20241222,20241222,14,31,24,65322,13:00,2024,16,REG
2024_REG_17_ARI_LAR_20241228,20241228,18,1,38,73051,20:15,2024,17,REG
2024_REG_17_ATL_WSH_20241229,20241229,32,2,31,63480,20:20,2024,17,REG
2024_REG_17_BAL_HOU_20241225,20241225,13,3,29,71544,16:30,2024,17,REG
2024_REG_17_CAR_TB_20241229,20241229,30,5,36,64434,13:00,2024,17,REG
2024_REG_17_DAL_PHI_20241229,20241229,26,9,22,69879,13:00,2024,17,REG
2024_REG_17_DEN_CIN_20241228,20241228,7,10,34,66546,16:30,2024,17,REG
2024_REG_17_DET_SF_20241230,20241230,29,11,21,71688,20:15,2024,17,REG
2024_REG_17_GB_MIN_20241229,20241229,21,12,46,67031,16:25,2024,17,REG
2024_REG_17_IND_NYG_20241229,20241229,24,14,28,73164,13:00,2024,17,REG
2024_REG_17_KC_PIT_20241225,20241225,27,16,2,67311,13:00,2024,17,REG
2024_REG_17_LAC_NE_20241228,20241228,22,17,16,64628,13:00,2024,17,REG
2024_REG_17_LV_NO_20241229,20241229,23,19,8,70031,13:00,2024,17,REG
2024_REG_17_MIA_CLE_20241229,20241229,8,20,19,67942,16:05,2024,17,REG
2024_REG_17_NYJ_BUF_20241229,20241229,4,25,18,70728,13:00,2024,17,REG
2024_REG_17_SEA_CHI_20241226,20241226,6,28,39,56346,20:15,2024,17,REG
2024_REG_17_TEN_JAX_20241229,20241229,15,31,43,61995,13:00,2024,17,REG
2024_REG_18_BUF_NE_20250105,20250105,22,4,16,64626,13:00,2024,18,REG
2024_REG_18_CAR_ATL_20250105,20250105,2,5,27,69581,13:00,2024,18,REG
2024_REG_18_CHI_GB_20250105,20250105,12,6,20,77862,13:00,2024,18,REG
2024_REG_18_CIN_PIT_20250104,20250104,27,7,2,65631,20:00,2024,18,REG
2024_REG_18_CLE_BAL_20250104,20250104,3,8,26,70562,16:30,2024,18,REG
2024_REG_18_HOU_TEN_20250105,20250105,31,13,30,61815,13:00,2024,18,REG
2024_REG_18_JAX_IND_20250105,20250105,14,15,24,63041,13:00,2024,18,REG
2024_REG_18_KC_DEN_20250105,20250105,10,16,11,,16:25,2024,18,REG
2024_REG_18_LAC_LV_20250105,20250105,19,17,3,61352,16:25,2024,18,REG
2024_REG_18_MIA_NYJ_20250105,20250105,25,20,28,68818,16:25,2024,18,REG
2024_REG_18_MIN_DET_20250105,20250105,11,21,14,64774,20:20,2024,18,REG
2024_REG_18_NO_TB_20250105,20250105,30,23,36,63001,13:00,2024,18,REG
2024_REG_18_NYG_PHI_20250105,20250105,26,24,22,69879,13:00,2024,18,REG
2024_REG_18_SEA_LAR_20250105,20250105,18,28,38,72610,16:25,2024,18,REG
2024_REG_18_SF_ARI_20250105,20250105,1,29,40,63849,16:25,2024,18,REG
2024_REG_18_WSH_DAL_20250105,20250105,9,32,1,91349,13:00,2024,18,REG
2024_POST_19_DEN_BUF_20250112,20250112,4,10,18,,13:00,2024,19,POST
2024_POST_19_GB_PHI_20250112,20250112,26,12,22,,16:30,2024,19,POST
2024_POST_19_LAC_HOU_20250111,20250111,13,17,29,,16:30,2024,19,POST
2024_POST_19_MIN_LAR_20250113,20250113,18,21,40,,20:00,2024,19,POST
2024_POST_19_PIT_BAL_20250111,20250111,3,27,26,,20:00,2024,19,POST
2024_POST_19_WSH_TB_20250112,20250112,30,32,36,,20:00,2024,19,POST
2024_POST_20_BAL_BUF_20250119,20250119,4,3,18,,18:30,2024,20,POST
2024_POST_20_HOU_KC_20250118,20250118,16,13,6,,16:30,2024,20,POST
2024_POST_20_LAR_PHI_20250119,20250119,26,18,22,,15:00,2024,20,POST
2024_POST_20_WSH_DET_20250118,20250118,11,32,14,,20:00,2024,20,POST
2024_CON_21_BUF_KC_20250126,20250126,16,4,6,,18:30,2024,21,CON
2024_CON_21_WSH_PHI_20250126,20250126,26,32,22,,15:00,2024,21,CON
2024_POST_22_KC_PHI_20250209,20250209,26,16,8,,18:30,2024,22,POST
2025_REG_01_ARI_NO_20250907,20250907,23,1,8,70006,13:00,2025,1,REG
2025_REG_01_BAL_BUF_20250907,20250907,4,3,18,70745,20:20,2025,1,REG
2025_REG_01_CAR_JAX_20250907,20250907,15,5,43,59957,13:00,2025,1,REG
2025_REG_01_CIN_CLE_20250907,20250907,8,7,19,65599,13:00,2025,1,REG
2025_REG_01_DAL_PHI_20250904,20250904,26,9,22,69879,20:20,2025,1,REG
2025_REG_01_DET_GB_20250907,20250907,12,11,20,77239,16:25,2025,1,REG
2025_REG_01_HOU_LAR_20250907,20250907,18,13,38,71346,16:25,2025,1,REG
2025_REG_01_KC_LAC_20250905,20250905,17,16,38,47627,20:00,2025,1,REG
2025_REG_01_LV_NE_20250907,20250907,22,19,16,64628,13:00,2025,1,REG
2025_REG_01_MIA_IND_20250907,20250907,14,20,24,64065,13:00,2025,1,REG
2025_REG_01_MIN_CHI_20250908,20250908,6,21,39,58742,20:15,2025,1,REG
2025_REG_01_NYG_WSH_20250907,20250907,32,24,31,64544,13:00,2025,1,REG
2025_REG_01_PIT_NYJ_20250907,20250907,25,27,28,83253,13:00,2025,1,REG
2025_REG_01_SF_SEA_20250907,20250907,28,29,25,68752,16:05,2025,1,REG
2025_REG_01_TB_ATL_20250907,20250907,2,30,27,71610,13:00,2025,1,REG
2025_REG_01_TEN_DEN_20250907,20250907,10,31,11,75706,16:05,2025,1,REG
2025_REG_02_ATL_MIN_20250914,20250914,21,2,46,66859,20:20,2025,2,REG
2025_REG_02_BUF_NYJ_20250914,20250914,25,4,28,80875,13:00,2025,2,REG
2025_REG_02_CAR_ARI_20250914,20250914,1,5,40,64003,16:05,2025,2,REG
2025_REG_02_CHI_DET_20250914,20250914,11,6,14,64201,13:00,2025,2,REG
2025_REG_02_CLE_BAL_20250914,20250914,3,8,26,70487,13:00,2025,2,REG
2025_REG_02_DEN_IND_20250914,20250914,14,10,24,63910,16:05,2025,2,REG
2025_REG_02_JAX_CIN_20250914,20250914,7,15,34,65871,13:00,2025,2,REG
2025_REG_02_LAC_LV_20250915,20250915,19,17,3,62526,22:00,2025,2,REG
2025_REG_02_LAR_TEN_20250914,20250914,31,18,30,59069,13:00,2025,2,REG
2025_REG_02_NE_MIA_20250914,20250914,20,22,17,65593,13:00,2025,2,REG
2025_REG_02_NYG_DAL_20250914,20250914,9,24,1,92781,13:00,2025,2,REG
2025_REG_02_PHI_KC_20250914,20250914,16,26,6,73558,16:25,2025,2,REG
2025_REG_02_SEA_PIT_20250914,20250914,27,28,2,66347,13:00,2025,2,REG
2025_REG_02_SF_NO_20250914,20250914,23,29,8,70078,13:00,2025,2,REG
2025_REG_02_TB_HOU_20250915,20250915,13,30,29,71580,19:00,2025,2,REG
2025_REG_02_WSH_GB_20250911,20250911,12,32,20,77289,20:15,2025,2,REG
2025_REG_03_ARI_SF_20250921,20250921,29,1,21,70414,16:25,2025,3,REG
2025_REG_03_ATL_CAR_20250921,20250921,5,2,7,71129,13:00,2025,3,REG
2025_REG_03_CIN_MIN_20250921,20250921,21,7,46,66792,13:00,2025,3,REG
2025_REG_03_DAL_CHI_20250921,20250921,6,9,39,58389,16:25,2025,3,REG
2025_REG_03_DEN_LAC_20250921,20250921,17,10,38,70740,16:05,2025,3,REG
2025_REG_03_DET_BAL_20250922,20250922,3,11,26,70642,20:15,2025,3,REG
2025_REG_03_GB_CLE_20250921,20250921,8,12,19,65470,13:00,2025,3,REG
2025_REG_03_HOU_JAX_20250921,20250921,15,13,43,58161,13:00,2025,3,REG
2025_REG_03_IND_TEN_20250921,20250921,31,14,30,56361,13:00,2025,3,REG
2025_REG_03_KC_NYG_20250921,20250921,24,16,28,80690,20:20,2025,3,REG
2025_REG_03_LAR_PHI_20250921,20250921,26,18,22,69879,13:00,2025,3,REG
2025_REG_03_LV_WSH_20250921,20250921,32,19,31,64546,13:00,2025,3,REG
2025_REG_03_MIA_BUF_20250918,20250918,4,20,18,70641,20:15,2025,3,REG
2025_REG_03_NO_SEA_20250921,20250921,28,23,25,68599,16:05,2025,3,REG
2025_REG_03_NYJ_TB_20250921,20250921,30,25,36,62872,13:00,2025,3,REG
2025_REG_03_PIT_NE_20250921,20250921,22,27,16,64628,13:00,2025,3,REG
2025_REG_04_BAL_KC_20250928,20250928,16,3,6,73552,16:25,2025,4,REG
2025_REG_04_CAR_NE_20250928,20250928,22,5,16,64628,13:00,2025,4,REG
2025_REG_04_CHI_LV_20250928,20250928,19,6,3,62642,16:25,2025,4,REG
2025_REG_04_CIN_DEN_20250929,20250929,10,7,11,76489,20:15,2025,4,REG
2025_REG_04_CLE_DET_20250928,20250928,11,8,14,64494,13:00,2025,4,REG
2025_REG_04_GB_DAL_20250928,20250928,9,12,1,93353,20:20,2025,4,REG
2025_REG_04_IND_LAR_20250928,20250928,18,14,38,71257,16:05,2025,4,REG
2025_REG_04_JAX_SF_20250928,20250928,29,15,21,70495,16:05,2025,4,REG
2025_REG_04_LAC_NYG_20250928,20250928,24,17,28,81954,13:00,2025,4,REG
2025_REG_04_MIN_PIT_20250928,20250928,27,21,2,74512,09:30,2025,4,REG
2025_REG_04_NO_BUF_20250928,20250928,4,23,18,71017,13:00,2025,4,REG
2025_REG_04_NYJ_MIA_20250929,20250929,20,25,17,65848,19:15,2025,4,REG
2025_REG_04_PHI_TB_20250928,20250928,30,26,36,64122,13:00,2025,4,REG
2025_REG_04_SEA_ARI_20250925,20250925,1,28,40,65016,20:15,2025,4,REG
2025_REG_04_TEN_HOU_20250928,20250928,13,31,29,70398,13:00,2025,4,REG
2025_REG_04_WSH_ATL_20250928,20250928,2,32,27,71492,13:00,2025,4,REG
2025_REG_05_DAL_NYJ_20251005,20251005,25,9,28,81738,13:00,2025,5,REG
2025_REG_05_DEN_PHI_20251005,20251005,26,10,22,69879,13:00,2025,5,REG
2025_REG_05_DET_CIN_20251005,20251005,7,11,34,66115,16:25,2025,5,REG
2025_REG_05_HOU_BAL_20251005,20251005,3,13,26,70077,13:00,2025,5,REG
2025_REG_05_KC_JAX_20251006,20251006,15,16,43,69329,20:15,2025,5,REG
2025_REG_05_LV_IND_20251005,20251005,14,19,24,64955,13:00,2025,5,REG
2025_REG_05_MIA_CAR_20251005,20251005,5,20,7,72301,13:00,2025,5,REG
2025_REG_05_MIN_CLE_20251005,20251005,8,21,19,61082,09:30,2025,5,REG
2025_REG_05_NE_BUF_20251005,20251005,4,22,18,70802,20:20,2025,5,REG
2025_REG_05_NYG_NO_20251005,20251005,23,24,8,70008,13:00,2025,5,REG
2025_REG_05_SF_LAR_20251002,20251002,18,29,38,73652,20:15,2025,5,REG
2025_REG_05_TB_SEA_20251005,20251005,28,30,25,68804,16:05,2025,5,REG
2025_REG_05_TEN_ARI_20251005,20251005,1,31,40,64280,16:05,2025,5,REG
2025_REG_05_WSH_LAC_20251005,20251005,17,32,38,71021,16:25,2025,5,REG
2025_REG_06_ARI_IND_20251012,20251012,14,1,24,65523,13:00,2025,6,REG
2025_REG_06_BUF_ATL_20251013,20251013,2,4,27,72067,19:15,2025,6,REG
2025_REG_06_CHI_WSH_20251013,20251013,32,6,31,64457,20:15,2025,6,REG
2025_REG_06_CIN_GB_20251012,20251012,12,7,20,78277,16:25,2025,6,REG
2025_REG_06_CLE_PIT_20251012,20251012,27,8,2,66738,13:00,2025,6,REG
2025_REG_06_DAL_CAR_20251012,20251012,5,9,7,71619,13:00,2025,6,REG
2025_REG_06_DEN_NYJ_20251012,20251012,25,10,28,61155,09:30,2025,6,REG
2025_REG_06_DET_KC_20251012,20251012,16,11,6,73543,20:20,2025,6,REG
2025_REG_06_LAC_MIA_20251012,20251012,20,17,17,65592,13:00,2025,6,REG
2025_REG_06_LAR_BAL_20251012,20251012,3,18,26,70055,13:00,2025,6,REG
2025_REG_06_NE_NO_20251012,20251012,23,22,8,70042,13:00,2025,6,REG
2025_REG_06_PHI_NYG_20251009,20251009,24,26,28,81564,20:15,2025,6,REG
2025_REG_06_SEA_JAX_20251012,20251012,15,28,43,61056,13:00,2025,6,REG
2025_REG_06_SF_TB_20251012,20251012,30,29,36,62411,16:25,2025,6,REG
2025_REG_06_TEN_LV_20251012,20251012,19,31,3,61981,16:05,2025,6,REG
2025_REG_07_ATL_SF_20251019,20251019,29,2,21,71217,20:20,2025,7,REG
2025_REG_07_CAR_NYJ_20251019,20251019,25,5,28,71047,13:00,2025,7,REG
2025_REG_07_GB_ARI_20251019,20251019,1,12,40,64810,16:25,2025,7,REG
2025_REG_07_HOU_SEA_20251020,20251020,28,13,25,68632,22:00,2025,7,REG
2025_REG_07_IND_LAC_20251019,20251019,17,14,38,71124,16:05,2025,7,REG
2025_REG_07_LAR_JAX_20251019,20251019,15,18,43,86152,09:30,2025,7,REG
2025_REG_07_LV_KC_20251019,20251019,16,19,6,73584,13:00,2025,7,REG
2025_REG_07_MIA_CLE_20251019,20251019,8,20,19,63762,13:00,2025,7,REG
2025_REG_07_NE_TEN_20251019,20251019,31,22,30,67410,13:00,2025,7,REG
2025_REG_07_NO_CHI_20251019,20251019,6,23,39,58102,13:00,2025,7,REG
2025_REG_07_NYG_DEN_20251019,20251019,10,24,11,76830,16:05,2025,7,REG
2025_REG_07_PHI_MIN_20251019,20251019,21,26,46,66899,13:00,2025,7,REG
2025_REG_07_PIT_CIN_20251016,20251016,7,27,34,66569,20:15,2025,7,REG
2025_REG_07_TB_DET_20251020,20251020,11,30,14,64656,19:00,2025,7,REG
2025_REG_07_WSH_DAL_20251019,20251019,9,32,1,93051,16:25,2025,7,REG
2025_REG_08_BUF_CAR_20251026,20251026,5,4,7,73505,13:00,2025,8,REG
2025_REG_08_CHI_BAL_20251026,20251026,3,6,26,70045,13:00,2025,8,REG
2025_REG_08_CLE_NE_20251026,20251026,22,8,16,64628,13:00,2025,8,REG
2025_REG_08_DAL_DEN_20251026,20251026,10,9,11,76545,16:25,2025,8,REG
2025_REG_08_GB_PIT_20251026,20251026,27,12,2,67386,20:20,2025,8,REG
2025_REG_08_MIA_ATL_20251026,20251026,2,20,27,71344,13:00,2025,8,REG
2025_REG_08_MIN_LAC_20251023,20251023,17,21,38,71094,20:15,2025,8,REG
2025_REG_08_NYG_PHI_20251026,20251026,26,24,22,69879,13:00,2025,8,REG
2025_REG_08_NYJ_CIN_20251026,20251026,7,25,34,65526,13:00,2025,8,REG
2025_REG_08_SF_HOU_20251026,20251026,13,29,29,70581,13:00,2025,8,REG
2025_REG_08_TB_NO_20251026,20251026,23,30,8,70038,16:05,2025,8,REG
2025_REG_08_TEN_IND_20251026,20251026,14,31,24,65816,16:25,2025,8,REG
2025_REG_08_WSH_KC_20251027,20251027,16,32,6,73569,20:15,2025,8,REG
2025_REG_09_ARI_DAL_20251103,20251103,9,1,1,92211,20:15,2025,9,REG
2025_REG_09_ATL_NE_20251102,20251102,22,2,16,64628,13:00,2025,9,REG
2025_REG_09_BAL_MIA_20251030,20251030,20,3,17,66132,20:15,2025,9,REG
2025_REG_09_CAR_GB_20251102,20251102,12,5,20,77864,13:00,2025,9,REG
2025_REG_09_CHI_CIN_20251102,20251102,7,6,34,66264,13:00,2025,9,REG
2025_REG_09_DEN_HOU_20251102,20251102,13,10,29,70471,13:00,2025,9,REG
2025_REG_09_IND_PIT_20251102,20251102,27,14,2,66677,13:00,2025,9,REG
2025_REG_09_JAX_LV_20251102,20251102,19,15,3,62080,16:05,2025,9,REG
2025_REG_09_KC_BUF_20251102,20251102,4,16,18,71024,16:25,2025,9,REG
2025_REG_09_LAC_TEN_20251102,20251102,31,17,30,58592,13:00,2025,9,REG
2025_REG_09_MIN_DET_20251102,20251102,11,21,14,64642,13:00,2025,9,REG
2025_REG_09_NO_LAR_20251102,20251102,18,23,38,72055,16:05,2025,9,REG
2025_REG_09_SEA_WSH_20251102,20251102,32,28,31,64197,20:20,2025,9,REG
2025_REG_09_SF_NYG_20251102,20251102,24,29,28,83258,13:00,2025,9,REG
2025_REG_10_ARI_SEA_20251109,20251109,28,1,25,68723,16:05,2025,10,REG
2025_REG_10_ATL_IND_20251109,20251109,14,2,24,72203,09:30,2025,10,REG
2025_REG_10_BAL_MIN_20251109,20251109,21,3,46,66946,13:00,2025,10,REG
2025_REG_10_BUF_MIA_20251109,20251109,20,4,17,66030,13:00,2025,10,REG
2025_REG_10_CLE_NYJ_20251109,20251109,25,8,28,72623,13:00,2025,10,REG
2025_REG_10_DET_WSH_20251109,20251109,32,11,31,64470,16:25,2025,10,REG
2025_REG_10_JAX_HOU_20251109,20251109,13,15,29,70531,13:00,2025,10,REG
2025_REG_10_LAR_SF_20251109,20251109,29,18,21,71239,16:25,2025,10,REG
2025_REG_10_LV_DEN_20251106,20251106,10,19,11,74692,20:15,2025,10,REG
2025_REG_10_NE_TB_20251109,20251109,30,22,36,65492,13:00,2025,10,REG
2025_REG_10_NO_CAR_20251109,20251109,5,23,7,72804,13:00,2025,10,REG
2025_REG_10_NYG_CHI_20251109,20251109,6,24,39,58884,13:00,2025,10,REG
2025_REG_10_PHI_GB_20251110,20251110,12,26,20,78254,20:15,2025,10,REG
2025_REG_10_PIT_LAC_20251109,20251109,17,27,38,72174,20:20,2025,10,REG
2025_REG_11_BAL_CLE_20251116,20251116,8,3,19,64230,16:25,2025,11,REG
2025_REG_11_CAR_ATL_20251116,20251116,2,5,27,70739,13:00,2025,11,REG
2025_REG_11_CHI_MIN_20251116,20251116,21,6,46,66952,13:00,2025,11,REG
2025_REG_11_CIN_PIT_20251116,20251116,27,7,2,66132,13:00,2025,11,REG
2025_REG_11_DAL_LV_20251117,20251117,19,9,3,62625,20:15,2025,11,REG
2025_REG_11_DET_PHI_20251116,20251116,26,11,22,69879,20:20,2025,11,REG
2025_REG_11_GB_NYG_20251116,20251116,24,12,28,82438,13:00,2025,11,REG
2025_REG_11_HOU_TEN_20251116,20251116,31,13,30,55999,13:00,2025,11,REG
2025_REG_11_KC_DEN_20251116,20251116,10,16,11,76750,16:25,2025,11,REG
2025_REG_11_LAC_JAX_20251116,20251116,15,17,43,58461,13:00,2025,11,REG
2025_REG_11_NYJ_NE_20251113,20251113,22,25,16,64628,20:15,2025,11,REG
2025_REG_11_SEA_LAR_20251116,20251116,18,28,38,75323,16:05,2025,11,REG
2025_REG_11_SF_ARI_20251116,20251116,1,29,40,65032,16:05,2025,11,REG
2025_REG_11_TB_BUF_20251116,20251116,4,30,18,71005,13:00,2025,11,REG
2025_REG_11_WSH_MIA_20251116,20251116,20,32,17,78610,09:30,2025,11,REG
2025_REG_12_ATL_NO_20251123,20251123,23,2,8,70005,16:25,2025,12,REG
2025_REG_12_BUF_HOU_20251120,20251120,13,4,29,70451,20:15,2025,12,REG
2025_REG_12_CAR_SF_20251124,20251124,29,5,21,71337,20:15,2025,12,REG
2025_REG_12_CLE_LV_20251123,20251123,19,8,3,62244,16:05,2025,12,REG
2025_REG_12_IND_KC_20251123,20251123,16,14,6,73611,13:00,2025,12,REG
2025_REG_12_JAX_ARI_20251123,20251123,1,15,40,62413,16:05,2025,12,REG
2025_REG_12_MIN_GB_20251123,20251123,12,21,20,77991,13:00,2025,12,REG
2025_REG_12_NE_CIN_20251123,20251123,7,22,34,65659,13:00,2025,12,REG
2025_REG_12_NYG_DET_20251123,20251123,11,24,14,64238,13:00,2025,12,REG
2025_REG_12_NYJ_BAL_20251123,20251123,3,25,26,70029,13:00,2025,12,REG
2025_REG_12_PHI_DAL_20251123,20251123,9,26,1,93068,16:25,2025,12,REG
2025_REG_12_PIT_CHI_20251123,20251123,6,27,39,59658,13:00,2025,12,REG
2025_REG_12_SEA_TEN_20251123,20251123,31,28,30,60487,13:00,2025,12,REG
2025_REG_12_TB_LAR_20251123,20251123,18,30,38,75545,20:20,2025,12,REG
2025_REG_13_ARI_TB_20251130,20251130,30,1,36,61103,13:00,2025,13,REG
2025_REG_13_ATL_NYJ_20251130,20251130,25,2,28,70012,13:00,2025,13,REG
2025_REG_13_BUF_PIT_20251130,20251130,27,4,2,66068,16:25,2025,13,REG
2025_REG_13_CHI_PHI_20251128,20251128,26,6,22,,15:00,2025,13,REG
2025_REG_13_CIN_BAL_20251127,20251127,3,7,26,70066,20:20,2025,13,REG
2025_REG_13_DEN_WSH_20251130,20251130,32,10,31,63159,20:20,2025,13,REG
2025_REG_13_GB_DET_20251127,20251127,11,12,14,66662,13:00,2025,13,REG
2025_REG_13_HOU_IND_20251130,20251130,14,13,24,65977,13:00,2025,13,REG
2025_REG_13_JAX_TEN_20251130,20251130,31,15,30,54098,13:00,2025,13,REG
2025_REG_13_KC_DAL_20251127,20251127,9,16,1,93739,16:30,2025,13,REG
2025_REG_13_LAR_CAR_20251130,20251130,5,18,7,71292,13:00,2025,13,REG
2025_REG_13_LV_LAC_20251130,20251130,17,19,38,71018,16:25,2025,13,REG
2025_REG_13_MIN_SEA_20251130,20251130,28,21,25,68790,16:05,2025,13,REG
2025_REG_13_NO_MIA_20251130,20251130,20,23,17,63864,13:00,2025,13,REG
2025_REG_13_NYG_NE_20251201,20251201,22,24,16,64628,20:15,2025,13,REG
2025_REG_13_SF_CLE_20251130,20251130,8,29,19,64042,13:00,2025,13,REG
2025_REG_14_CHI_GB_20251207,20251207,12,6,20,78214,16:25,2025,14,REG
2025_REG_14_CIN_BUF_20251207,20251207,4,7,18,70613,13:00,2025,14,REG
2025_REG_14_DAL_DET_20251204,20251204,11,9,14,64028,20:15,2025,14,REG
2025_REG_14_DEN_LV_20251207,20251207,19,10,3,62442,16:05,2025,14,REG
2025_REG_14_HOU_KC_20251207,20251207,16,13,6,73611,20:20,2025,14,REG
2025_REG_14_IND_JAX_20251207,20251207,15,14,43,60067,13:00,2025,14,REG
2025_REG_14_LAR_ARI_20251207,20251207,1,18,40,61970,16:25,2025,14,REG
2025_REG_14_MIA_NYJ_20251207,20251207,25,20,28,68625,13:00,2025,14,REG
2025_REG_14_NO_TB_20251207,20251207,30,23,36,63125,13:00,2025,14,REG
2025_REG_14_PHI_LAC_20251208,20251208,17,26,38,72241,20:15,2025,14,REG
2025_REG_14_PIT_BAL_20251207,20251207,3,27,26,70544,13:00,2025,14,REG
2025_REG_14_SEA_ATL_20251207,20251207,2,28,27,68721,13:00,2025,14,REG
2025_REG_14_TEN_CLE_20251207,20251207,8,31,19,62982,13:00,2025,14,REG
2025_REG_14_WSH_MIN_20251207,20251207,21,32,46,66810,13:00,2025,14,REG
2025_REG_15_ARI_HOU_20251214,20251214,13,1,29,71086,13:00,2025,15,REG
2025_REG_15_ATL_TB_20251211,20251211,30,2,36,64917,20:15,2025,15,REG
2025_REG_15_BAL_CIN_20251214,20251214,7,3,34,64907,13:00,2025,15,REG
2025_REG_15_BUF_NE_20251214,20251214,22,4,16,64628,13:00,2025,15,REG
2025_REG_15_CAR_NO_20251214,20251214,23,5,8,70070,16:25,2025,15,REG
2025_REG_15_CLE_CHI_20251214,20251214,6,8,39,54051,13:00,2025,15,REG
2025_REG_15_DET_LAR_20251214,20251214,18,11,38,74701,16:25,2025,15,REG
2025_REG_15_GB_DEN_20251214,20251214,10,12,11,76809,16:25,2025,15,REG
2025_REG_15_IND_SEA_20251214,20251214,28,14,25,68771,16:25,2025,15,REG
2025_REG_15_LAC_KC_20251214,20251214,16,17,6,73073,13:00,2025,15,REG
2025_REG_15_LV_PHI_20251214,20251214,26,19,22,69879,13:00,2025,15,REG
2025_REG_15_MIA_PIT_20251215,20251215,27,20,2,65663,20:15,2025,15,REG
2025_REG_15_MIN_DAL_20251214,20251214,9,21,1,92991,20:20,2025,15,REG
2025_REG_15_NYJ_JAX_20251214,20251214,15,25,43,60815,13:00,2025,15,REG
2025_REG_15_TEN_SF_20251214,20251214,29,31,21,71042,16:25,2025,15,REG
2025_REG_15_WSH_NYG_20251214,20251214,24,32,28,77481,13:00,2025,15,REG
2025_REG_16_ATL_ARI_20251221,20251221,1,2,40,60673,16:05,2025,16,REG
2025_REG_16_BUF_CLE_20251221,20251221,8,4,19,67580,13:00,2025,16,REG
2025_REG_16_CIN_MIA_20251221,20251221,20,7,17,65885,13:00,2025,16,REG
2025_REG_16_GB_CHI_20251220,20251220,6,12,39,60152,20:20,2025,16,REG
2025_REG_16_JAX_DEN_20251221,20251221,10,15,11,76858,16:05,2025,16,REG
2025_REG_16_KC_TEN_20251221,20251221,31,16,30,61752,13:00,2025,16,REG
2025_REG_16_LAC_DAL_20251221,20251221,9,17,1,92740,13:00,2025,16,REG
2025_REG_16_LAR_SEA_20251218,20251218,28,18,25,68853,20:15,2025,16,REG
2025_REG_16_LV_HOU_20251221,20251221,13,19,29,71160,16:25,2025,16,REG
2025_REG_16_MIN_NYG_20251221,20251221,24,21,28,76515,13:00,2025,16,REG
2025_REG_16_NE_BAL_20251221,20251221,3,22,26,70709,20:20,2025,16,REG
2025_REG_16_NYJ_NO_20251221,20251221,23,25,8,70043,13:00,2025,16,REG
2025_REG_16_PHI_WSH_20251220,20251220,32,26,31,64582,17:00,2025,16,REG
2025_REG_16_PIT_DET_20251221,20251221,11,27,14,63798,16:25,2025,16,REG
2025_REG_16_SF_IND_20251222,20251222,14,29,24,66265,20:15,2025,16,REG
2025_REG_16_TB_CAR_20251221,20251221,5,30,7,73530,13:00,2025,16,REG
2025_REG_17_ARI_CIN_20251228,20251228,7,1,34,61402,13:00,2025,17,REG
2025_REG_17_BAL_GB_20251227,20251227,12,3,20,77660,20:00,2025,17,REG
2025_REG_17_CHI_SF_20251228,20251228,29,6,21,71836,20:20,2025,17,REG
2025_REG_17_DAL_WSH_20251225,20251225,32,9,31,64407,13:00,2025,17,REG
2025_REG_17_DEN_KC_20251225,20251225,16,10,6,73045,20:15,2025,17,REG
2025_REG_17_DET_MIN_20251225,20251225,21,11,46,66874,16:30,2025,17,REG
2025_REG_17_HOU_LAC_20251227,20251227,17,13,38,73066,16:30,2025,17,REG
2025_REG_17_JAX_IND_20251228,20251228,14,15,24,66080,13:00,2025,17,REG
2025_REG_17_LAR_ATL_20251229,20251229,2,18,27,69313,20:15,2025,17,REG
2025_REG_17_NE_NYJ_20251228,20251228,25,22,28,70918,13:00,2025,17,REG
2025_REG_17_NO_TEN_20251228,20251228,31,23,30,56269,13:00,2025,17,REG
2025_REG_17_NYG_LV_20251228,20251228,19,24,3,62021,16:05,2025,17,REG
2025_REG_17_PHI_BUF_20251228,20251228,4,26,18,71105,16:25,2025,17,REG
2025_REG_17_PIT_CLE_20251228,20251228,8,27,19,67194,13:00,2025,17,REG
2025_REG_17_SEA_CAR_20251228,20251228,5,28,7,73163,13:00,2025,17,REG
2025_REG_17_TB_MIA_20251228,20251228,20,30,17,66552,13:00,2025,17,REG
2025_REG_18_ARI_LAR_20260104,20260104,18,1,38,72004,16:25,2025,18,REG
2025_REG_18_BAL_PIT_20260104,20260104,27,3,2,65400,20:20,2025,18,REG
2025_REG_18_CAR_TB_20260103,20260103,30,5,36,65082,16:30,2025,18,REG
2025_REG_18_CLE_CIN_20260104,20260104,7,8,34,62230,13:00,2025,18,REG
2025_REG_18_DAL_NYG_20260104,20260104,24,9,28,74395,13:00,2025,18,REG
2025_REG_18_DET_CHI_20260104,20260104,6,11,39,57036,16:25,2025,18,REG
2025_REG_18_GB_MIN_20260104,20260104,21,12,46,66606,13:00,2025,18,REG
2025_REG_18_IND_HOU_20260104,20260104,13,14,29,71133,13:00,2025,18,REG
2025_REG_18_KC_LV_20260104,20260104,19,16,3,61780,16:25,2025,18,REG
2025_REG_18_LAC_DEN_20260104,20260104,10,17,11,76821,16:25,2025,18,REG
2025_REG_18_MIA_NE_20260104,20260104,22,20,16,64628,16:25,2025,18,REG
2025_REG_18_NO_ATL_20260104,20260104,2,23,27,69512,13:00,2025,18,REG
2025_REG_18_NYJ_BUF_20260104,20260104,4,25,18,70944,16:25,2025,18,REG
2025_REG_18_SEA_SF_20260103,20260103,29,28,21,71836,20:00,2025,18,REG
2025_REG_18_TEN_JAX_20260104,20260104,15,31,43,66015,13:00,2025,18,REG
2025_REG_18_WSH_PHI_20260104,20260104,26,32,22,69879,16:25,2025,18,REG
2025_POST_19_BUF_JAX_20260111,20260111,15,4,43,,13:00,2025,19,POST
2025_POST_19_GB_CHI_20260110,20260110,6,12,39,,20:00,2025,19,POST
2025_POST_19_HOU_PIT_20260112,20260112,27,13,2,,20:00,2025,19,POST
2025_POST_19_LAC_NE_20260111,20260111,22,17,16,,20:00,2025,19,POST
2025_POST_19_LAR_CAR_20260110,20260110,5,18,7,,16:30,2025,19,POST
2025_POST_19_SF_PHI_20260111,20260111,26,29,22,,16:30,2025,19,POST
2025_POST_20_BUF_DEN_20260117,20260117,10,4,11,,16:30,2025,20,POST
2025_POST_20_HOU_NE_20260118,20260118,22,13,16,,15:00,2025,20,POST
2025_POST_20_LAR_CHI_20260118,20260118,6,18,39,,18:30,2025,20,POST
2025_POST_20_SF_SEA_20260117,20260117,28,29,25,,20:00,2025,20,POST
2025_CON_21_LAR_SEA_20260125,20260125,28,18,25,,18:30,2025,21,CON
2025_CON_21_NE_DEN_20260125,20260125,10,22,11,,15:00,2025,21,CON
2025_POST_22_SEA_NE_20260208,20260208,22,28,21,,18:30,2025,22,POST
