game_id,weather_timestamp,temperature,precipitation,wind_speed,weather_condition,weather_source_method,venue_name,latitude,longitude,station_id,station_name,station_distance_miles,temperature_max,temperature_min,temperature_avg,dew_point,relative_humidity,snow_depth,snowfall,sea_level_pressure,sunshine,weather_code,feels_like_temperature
2015_REG_01_BAL_DEN_20150913,2015-09-13 12:00:00,,,,,station_lookup_error,Empower Field at Mile High,39.7439,-105.0201,,,,,,,,,,,,,,
2015_REG_01_CAR_JAX_20150913,2015-09-13 12:00:00,,,,,station_lookup_error,EverBank Stadium,30.3239,-81.6373,,,,,,,,,,,,,,
2015_REG_01_CIN_LV_20150913,2015-09-13 12:00:00,,,,,station_lookup_error,O.co Coliseum,37.7516,-122.2005,,,,,,,,,,,,,,
2015_REG_01_CLE_NYJ_20150913,2015-09-13 12:00:00,,,,,station_lookup_error,MetLife Stadium,40.8135,-74.0745,,,,,,,,,,,,,,
2015_REG_01_DET_LAC_20150913,2015-09-13 12:00:00,,,,,station_lookup_error,Qualcomm Stadium,32.7831,-117.1195,,,,,,,,,,,,,,
2015_REG_01_GB_CHI_20150913,2015-09-13 12:00:00,,,,,station_lookup_error,Soldier Field,41.8623,-87.6167,,,,,,,,,,,,,,
2015_REG_01_IND_BUF_20150913,2015-09-13 12:00:00,,,,,station_lookup_error,Highmark Stadium,42.7738,-78.7868,,,,,,,,,,,,,,
2015_REG_01_KC_HOU_20150913,2015-09-13 12:00:00,70.0,0.0,0.0,INDOOR,indoor_controlled_daily_values,NRG Stadium,29.6847,-95.4107,,,,70.0,70.0,70.0,,,,,,,,70.0
2015_REG_01_MIA_WSH_20150913,2015-09-13 12:00:00,,,,,station_lookup_error,Northwest Stadium,38.9078,-76.8644,,,,,,,,,,,,,,
2015_REG_01_MIN_SF_20150914,2015-09-14 12:00:00,,,,,station_lookup_error,Levi's Stadium,37.403,-121.97,,,,,,,,,,,,,,
2015_REG_01_NO_ARI_20150913,2015-09-13 12:00:00,70.0,0.0,0.0,INDOOR,indoor_controlled_daily_values,State Farm Stadium,33.5276,-112.2626,,,,70.0,70.0,70.0,,,,,,,,70.0
2015_REG_01_NYG_DAL_20150913,2015-09-13 12:00:00,70.0,0.0,0.0,INDOOR,indoor_controlled_daily_values,AT&T Stadium,32.7473,-97.0945,,,,70.0,70.0,70.0,,,,,,,,70.0
2015_REG_01_PHI_ATL_20150914,2015-09-14 12:00:00,70.0,0.0,0.0,INDOOR,indoor_controlled_daily_values,Georgia Dome,33.7573,-84.4008,,,,70.0,70.0,70.0,,,,,,,,70.0
2015_REG_01_PIT_NE_20150910,2015-09-10 12:00:00,,,,,station_lookup_error,Gillette Stadium,42.0909,-71.2643,,,,,,,,,,,,,,
2015_REG_01_SEA_LAR_20150913,2015-09-13 12:00:00,70.0,0.0,0.0,INDOOR,indoor_controlled_daily_values,Edward Jones Dome,38.6329,-90.1887,,,,70.0,70.0,70.0,,,,,,,,70.0
2015_REG_01_TEN_TB_20150913,2015-09-13 12:00:00,,,,,station_lookup_error,Raymond James Stadium,27.9759,-82.5033,,,,,,,,,,,,,,
2015_REG_02_ARI_CHI_20150920,2015-09-20 12:00:00,,,,,station_lookup_error,Soldier Field,41.8623,-87.6167,,,,,,,,,,,,,,
2015_REG_02_ATL_NYG_20150920,2015-09-20 12:00:00,,,,,station_lookup_error,MetLife Stadium,40.8135,-74.0745,,,,,,,,,,,,,,
2015_REG_02_BAL_LV_20150920,2015-09-20 12:00:00,,,,,station_lookup_error,O.co Coliseum,37.7516,-122.2005,,,,,,,,,,,,,,
2015_REG_02_DAL_PHI_20150920,2015-09-20 12:00:00,,,,,station_lookup_error,Lincoln Financial Field,39.9008,-75.1675,,,,,,,,,,,,,,
2015_REG_02_DEN_KC_20150917,2015-09-17 12:00:00,,,,,station_lookup_error,Arrowhead Stadium,39.0489,-94.4839,,,,,,,,,,,,,,
2015_REG_02_DET_MIN_20150920,2015-09-20 12:00:00,,,,,station_lookup_error,TCF Bank Stadium,44.976,-93.2247,,,,,,,,,,,,,,
2015_REG_02_HOU_CAR_20150920,2015-09-20 12:00:00,,,,,station_lookup_error,Bank of America Stadium,35.2258,-80.8528,,,,,,,,,,,,,,
2015_REG_02_LAC_CIN_20150920,2015-09-20 12:00:00,,,,,station_lookup_error,Paycor Stadium,39.0955,-84.516,,,,,,,,,,,,,,
2015_REG_02_LAR_WSH_20150920,2015-09-20 12:00:00,,,,,station_lookup_error,Northwest Stadium,38.9078,-76.8644,,,,,,,,,,,,,,
2015_REG_02_MIA_JAX_20150920,2015-09-20 12:00:00,,,,,station_lookup_error,EverBank Stadium,30.3239,-81.6373,,,,,,,,,,,,,,
2015_REG_02_NE_BUF_20150920,2015-09-20 12:00:00,,,,,station_lookup_error,Highmark Stadium,42.7738,-78.7868,,,,,,,,,,,,,,
2015_REG_02_NYJ_IND_20150921,2015-09-21 12:00:00,70.0,0.0,0.0,INDOOR,indoor_controlled_daily_values,Lucas Oil Stadium,39.7601,-86.1639,,,,70.0,70.0,70.0,,,,,,,,70.0
2015_REG_02_SEA_GB_20150920,2015-09-20 12:00:00,,,,,station_lookup_error,Lambeau Field,44.5013,-88.0622,,,,,,,,,,,,,,
2015_REG_02_SF_PIT_20150920,2015-09-20 12:00:00,,,,,station_lookup_error,Acrisure Stadium,40.4468,-80.0158,,,,,,,,,,,,,,
2015_REG_02_TB_NO_20150920,2015-09-20 12:00:00,70.0,0.0,0.0,INDOOR,indoor_controlled_daily_values,Caesars Superdome,29.9511,-90.0812,,,,70.0,70.0,70.0,,,,,,,,70.0
2015_REG_02_TEN_CLE_20150920,2015-09-20 12:00:00,,,,,station_lookup_error,Huntington Bank Field,41.5061,-81.6995,,,,,,,,,,,,,,
2015_REG_03_ATL_DAL_20150927,2015-09-27 12:00:00,70.0,0.0,0.0,INDOOR,indoor_controlled_daily_values,AT&T Stadium,32.7473,-97.0945,,,,70.0,70.0,70.0,,,,,,,,70.0
2015_REG_03_BUF_MIA_20150927,2015-09-27 12:00:00,,,,,station_lookup_error,Hard Rock Stadium,25.958,-80.2389,,,,,,,,,,,,,,
2015_REG_03_CHI_SEA_20150927,2015-09-27 12:00:00,,,,,station_lookup_error,Lumen Field,47.5952,-122.3316,,,,,,,,,,,,,,
2015_REG_03_CIN_BAL_20150927,2015-09-27 12:00:00,,,,,station_lookup_error,M&T Bank Stadium,39.278,-76.6227,,,,,,,,,,,,,,
2015_REG_03_DEN_DET_20150927,2015-09-27 12:00:00,70.0,0.0,0.0,INDOOR,indoor_controlled_daily_values,Ford Field,42.34,-83.0456,,,,70.0,70.0,70.0,,,,,,,,70.0
2015_REG_03_IND_TEN_20150927,2015-09-27 12:00:00,,,,,station_lookup_error,Nissan Stadium,36.1665,-86.7713,,,,,,,,,,,,,,
2015_REG_03_JAX_NE_20150927,2015-09-27 12:00:00,,,,,station_lookup_error,Gillette Stadium,42.0909,-71.2643,,,,,,,,,,,,,,
2015_REG_03_KC_GB_20150928,2015-09-28 12:00:00,,,,,station_lookup_error,Lambeau Field,44.5013,-88.0622,,,,,,,,,,,,,,
2015_REG_03_LAC_MIN_20150927,2015-09-27 12:00:00,,,,,station_lookup_error,TCF Bank Stadium,44.976,-93.2247,,,,,,,,,,,,,,
2015_REG_03_LV_CLE_20150927,2015-09-27 12:00:00,,,,,station_lookup_error,Huntington Bank Field,41.5061,-81.6995,,,,,,,,,,,,,,
2015_REG_03_NO_CAR_20150927,2015-09-27 12:00:00,,,,,station_lookup_error,Bank of America Stadium,35.2258,-80.8528,,,,,,,,,,,,,,
2015_REG_03_PHI_NYJ_20150927,2015-09-27 12:00:00,,,,,station_lookup_error,MetLife Stadium,40.8135,-74.0745,,,,,,,,,,,,,,
2015_REG_03_PIT_LAR_20150927,2015-09-27 12:00:00,70.0,0.0,0.0,INDOOR,indoor_controlled_daily_values,Edward Jones Dome,38.6329,-90.1887,,,,70.0,70.0,70.0,,,,,,,,70.0
2015_REG_03_SF_ARI_20150927,2015-09-27 12:00:00,70.0,0.0,0.0,INDOOR,indoor_controlled_daily_values,State Farm Stadium,33.5276,-112.2626,,,,70.0,70.0,70.0,,,,,,,,70.0
2015_REG_03_TB_HOU_20150927,2015-09-27 12:00:00,70.0,0.0,0.0,INDOOR,indoor_controlled_daily_values,NRG Stadium,29.6847,-95.4107,,,,70.0,70.0,70.0,,,,,,,,70.0
2015_REG_03_WSH_NYG_20150924,2015-09-24 12:00:00,,,,,station_lookup_error,MetLife Stadium,40.8135,-74.0745,,,,,,,,,,,,,,
2015_REG_04_BAL_PIT_20151001,2015-10-01 12:00:00,,,,,station_lookup_error,Acrisure Stadium,40.4468,-80.0158,,,,,,,,,,,,,,
2015_REG_04_CAR_TB_20151004,2015-10-04 12:00:00,,,,,station_lookup_error,Raymond James Stadium,27.9759,-82.5033,,,,,,,,,,,,,,
2015_REG_04_CLE_LAC_20151004,2015-10-04 12:00:00,,,,,station_lookup_error,Qualcomm Stadium,32.7831,-117.1195,,,,,,,,,,,,,,
2015_REG_04_DAL_NO_20151004,2015-10-04 12:00:00,70.0,0.0,0.0,INDOOR,indoor_controlled_daily_values,Caesars Superdome,29.9511,-90.0812,,,,70.0,70.0,70.0,,,,,,,,70.0
2015_REG_04_DET_SEA_20151005,2015-10-05 12:00:00,,,,,station_lookup_error,Lumen Field,47.5952,-122.3316,,,,,,,,,,,,,,
2015_REG_04_GB_SF_20151004,2015-10-04 12:00:00,,,,,station_lookup_error,Levi's Stadium,37.403,-121.97,,,,,,,,,,,,,,
2015_REG_04_HOU_ATL_20151004,2015-10-04 12:00:00,70.0,0.0,0.0,INDOOR,indoor_controlled_daily_values,Georgia Dome,33.7573,-84.4008,,,,70.0,70.0,70.0,,,,,,,,70.0
2015_REG_04_JAX_IND_20151004,2015-10-04 12:00:00,70.0,0.0,0.0,INDOOR,indoor_controlled_daily_values,Lucas Oil Stadium,39.7601,-86.1639,,,,70.0,70.0,70.0,,,,,,,,70.0
2015_REG_04_KC_CIN_20151004,2015-10-04 12:00:00,,,,,station_lookup_error,Paycor Stadium,39.0955,-84.516,,,,,,,,,,,,,,
2015_REG_04_LAR_ARI_20151004,2015-10-04 12:00:00,70.0,0.0,0.0,INDOOR,indoor_controlled_daily_values,State Farm Stadium,33.5276,-112.2626,,,,70.0,70.0,70.0,,,,,,,,70.0
2015_REG_04_LV_CHI_20151004,2015-10-04 12:00:00,,,,,station_lookup_error,Soldier Field,41.8623,-87.6167,,,,,,,,,,,,,,
2015_REG_04_MIN_DEN_20151004,2015-10-04 12:00:00,,,,,station_lookup_error,Empower Field at Mile High,39.7439,-105.0201,,,,,,,,,,,,,,
2015_REG_04_NYG_BUF_20151004,2015-10-04 12:00:00,,,,,station_lookup_error,Highmark Stadium,42.7738,-78.7868,,,,,,,,,,,,,,
2015_REG_04_NYJ_MIA_20151004,2015-10-04 12:00:00,,,,,station_lookup_error,Wembley Stadium,51.556,-0.2796,,,,,,,,,,,,,,
2015_REG_04_PHI_WSH_20151004,2015-10-04 12:00:00,,,,,station_lookup_error,Northwest Stadium,38.9078,-76.8644,,,,,,,,,,,,,,
2015_REG_05_ARI_DET_20151011,2015-10-11 12:00:00,70.0,0.0,0.0,INDOOR,indoor_controlled_daily_values,Ford Field,42.34,-83.0456,,,,70.0,70.0,70.0,,,,,,,,70.0
2015_REG_05_BUF_TEN_20151011,2015-10-11 12:00:00,,,,,station_lookup_error,Nissan Stadium,36.1665,-86.7713,,,,,,,,,,,,,,
2015_REG_05_CHI_KC_20151011,2015-10-11 12:00:00,,,,,station_lookup_error,Arrowhead Stadium,39.0489,-94.4839,,,,,,,,,,,,,,
2015_REG_05_CLE_BAL_20151011,2015-10-11 12:00:00,,,,,station_lookup_error,M&T Bank Stadium,39.278,-76.6227,,,,,,,,,,,,,,
2015_REG_05_DEN_LV_20151011,2015-10-11 12:00:00,,,,,station_lookup_error,O.co Coliseum,37.7516,-122.2005,,,,,,,,,,,,,,
2015_REG_05_IND_HOU_20151008,2015-10-08 12:00:00,70.0,0.0,0.0,INDOOR,indoor_controlled_daily_values,NRG Stadium,29.6847,-95.4107,,,,70.0,70.0,70.0,,,,,,,,70.0
2015_REG_05_JAX_TB_20151011,2015-10-11 12:00:00,,,,,station_lookup_error,Raymond James Stadium,27.9759,-82.5033,,,,,,,,,,,,,,
2015_REG_05_LAR_GB_20151011,2015-10-11 12:00:00,,,,,station_lookup_error,Lambeau Field,44.5013,-88.0622,,,,,,,,,,,,,,
2015_REG_05_NE_DAL_20151011,2015-10-11 12:00:00,70.0,0.0,0.0,INDOOR,indoor_controlled_daily_values,AT&T Stadium,32.7473,-97.0945,,,,70.0,70.0,70.0,,,,,,,,70.0
2015_REG_05_NO_PHI_20151011,2015-10-11 12:00:00,,,,,station_lookup_error,Lincoln Financial Field,39.9008,-75.1675,,,,,,,,,,,,,,
2015_REG_05_PIT_LAC_20151012,2015-10-12 12:00:00,,,,,station_lookup_error,Qualcomm Stadium,32.7831,-117.1195,,,,,,,,,,,,,,
2015_REG_05_SEA_CIN_20151011,2015-10-11 12:00:00,,,,,station_lookup_error,Paycor Stadium,39.0955,-84.516,,,,,,,,,,,,,,
2015_REG_05_SF_NYG_20151011,2015-10-11 12:00:00,,,,,station_lookup_error,MetLife Stadium,40.8135,-74.0745,,,,,,,,,,,,,,
2015_REG_05_WSH_ATL_20151011,2015-10-11 12:00:00,70.0,0.0,0.0,INDOOR,indoor_controlled_daily_values,Georgia Dome,33.7573,-84.4008,,,,70.0,70.0,70.0,,,,,,,,70.0
2015_REG_06_ARI_PIT_20151018,2015-10-18 12:00:00,,,,,station_lookup_error,Acrisure Stadium,40.4468,-80.0158,,,,,,,,,,,,,,
2015_REG_06_ATL_NO_20151015,2015-10-15 12:00:00,70.0,0.0,0.0,INDOOR,indoor_controlled_daily_values,Caesars Superdome,29.9511,-90.0812,,,,70.0,70.0,70.0,,,,,,,,70.0
2015_REG_06_BAL_SF_20151018,2015-10-18 12:00:00,,,,,station_lookup_error,Levi's Stadium,37.403,-121.97,,,,,,,,,,,,,,
2015_REG_06_CAR_SEA_20151018,2015-10-18 12:00:00,,,,,station_lookup_error,Lumen Field,47.5952,-122.3316,,,,,,,,,,,,,,
2015_REG_06_CHI_DET_20151018,2015-10-18 12:00:00,70.0,0.0,0.0,INDOOR,indoor_controlled_daily_values,Ford Field,42.34,-83.0456,,,,70.0,70.0,70.0,,,,,,,,70.0
2015_REG_06_CIN_BUF_20151018,2015-10-18 12:00:00,,,,,station_lookup_error,Highmark Stadium,42.7738,-78.7868,,,,,,,,,,,,,,
2015_REG_06_DEN_CLE_20151018,2015-10-18 12:00:00,,,,,station_lookup_error,Huntington Bank Field,41.5061,-81.6995,,,,,,,,,,,,,,
2015_REG_06_HOU_JAX_20151018,2015-10-18 12:00:00,,,,,station_lookup_error,EverBank Stadium,30.3239,-81.6373,,,,,,,,,,,,,,
2015_REG_06_KC_MIN_20151018,2015-10-18 12:00:00,,,,,station_lookup_error,TCF Bank Stadium,44.976,-93.2247,,,,,,,,,,,,,,
2015_REG_06_LAC_GB_20151018,2015-10-18 12:00:00,,,,,station_lookup_error,Lambeau Field,44.5013,-88.0622,,,,,,,,,,,,,,
2015_REG_06_MIA_TEN_20151018,2015-10-18 12:00:00,,,,,station_lookup_error,Nissan Stadium,36.1665,-86.7713,,,,,,,,,,,,,,
2015_REG_06_NE_IND_20151018,2015-10-18 12:00:00,70.0,0.0,0.0,INDOOR,indoor_controlled_daily_values,Lucas Oil Stadium,39.7601,-86.1639,,,,70.0,70.0,70.0,,,,,,,,70.0
2015_REG_06_NYG_PHI_20151019,2015-10-19 12:00:00,,,,,station_lookup_error,Lincoln Financial Field,39.9008,-75.1675,,,,,,,,,,,,,,
2015_REG_06_WSH_NYJ_20151018,2015-10-18 12:00:00,,,,,station_lookup_error,MetLife Stadium,40.8135,-74.0745,,,,,,,,,,,,,,
2015_REG_07_ATL_TEN_20151025,2015-10-25 12:00:00,,,,,station_lookup_error,Nissan Stadium,36.1665,-86.7713,,,,,,,,,,,,,,
2015_REG_07_BAL_ARI_20151026,2015-10-26 12:00:00,70.0,0.0,0.0,INDOOR,indoor_controlled_daily_values,State Farm Stadium,33.5276,-112.2626,,,,70.0,70.0,70.0,,,,,,,,70.0
2015_REG_07_BUF_JAX_20151025,2015-10-25 12:00:00,,,,,station_lookup_error,Wembley Stadium,51.556,-0.2796,,,,,,,,,,,,,,
2015_REG_07_CLE_LAR_20151025,2015-10-25 12:00:00,70.0,0.0,0.0,INDOOR,indoor_controlled_daily_values,Edward Jones Dome,38.6329,-90.1887,,,,70.0,70.0,70.0,,,,,,,,70.0
2015_REG_07_DAL_NYG_20151025,2015-10-25 12:00:00,,,,,station_lookup_error,MetLife Stadium,40.8135,-74.0745,,,,,,,,,,,,,,
2015_REG_07_HOU_MIA_20151025,2015-10-25 12:00:00,,,,,station_lookup_error,Hard Rock Stadium,25.958,-80.2389,,,,,,,,,,,,,,
2015_REG_07_LV_LAC_20151025,2015-10-25 12:00:00,,,,,station_lookup_error,Qualcomm Stadium,32.7831,-117.1195,,,,,,,,,,,,,,
2015_REG_07_MIN_DET_20151025,2015-10-25 12:00:00,70.0,0.0,0.0,INDOOR,indoor_controlled_daily_values,Ford Field,42.34,-83.0456,,,,70.0,70.0,70.0,,,,,,,,70.0
2015_REG_07_NO_IND_20151025,2015-10-25 12:00:00,70.0,0.0,0.0,INDOOR,indoor_controlled_daily_values,Lucas Oil Stadium,39.7601,-86.1639,,,,70.0,70.0,70.0,,,,,,,,70.0
2015_REG_07_NYJ_NE_20151025,2015-10-25 12:00:00,,,,,station_lookup_error,Gillette Stadium,42.0909,-71.2643,,,,,,,,,,,,,,
2015_REG_07_PHI_CAR_20151025,2015-10-25 12:00:00,,,,,station_lookup_error,Bank of America Stadium,35.2258,-80.8528,,,,,,,,,,,,,,
2015_REG_07_PIT_KC_20151025,2015-10-25 12:00:00,,,,,station_lookup_error,Arrowhead Stadium,39.0489,-94.4839,,,,,,,,,,,,,,
2015_REG_07_SEA_SF_20151022,2015-10-22 12:00:00,,,,,station_lookup_error,Levi's Stadium,37.403,-121.97,,,,,,,,,,,,,,
2015_REG_07_TB_WSH_20151025,2015-10-25 12:00:00,,,,,station_lookup_error,Northwest Stadium,38.9078,-76.8644,,,,,,,,,,,,,,
2015_REG_08_ARI_CLE_20151101,2015-11-01 12:00:00,,,,,station_lookup_error,Huntington Bank Field,41.5061,-81.6995,,,,,,,,,,,,,,
2015_REG_08_CIN_PIT_20151101,2015-11-01 12:00:00,,,,,station_lookup_error,Acrisure Stadium,40.4468,-80.0158,,,,,,,,,,,,,,
2015_REG_08_DET_KC_20151101,2015-11-01 12:00:00,,,,,station_lookup_error,Wembley Stadium,51.556,-0.2796,,,,,,,,,,,,,,
2015_REG_08_GB_DEN_20151101,2015-11-01 12:00:00,,,,,station_lookup_error,Empower Field at Mile High,39.7439,-105.0201,,,,,,,,,,,,,,
2015_REG_08_IND_CAR_20151102,2015-11-02 12:00:00,,,,,station_lookup_error,Bank of America Stadium,35.2258,-80.8528,,,,,,,,,,,,,,
2015_REG_08_LAC_BAL_20151101,2015-11-01 12:00:00,,,,,station_lookup_error,M&T Bank Stadium,39.278,-76.6227,,,,,,,,,,,,,,
2015_REG_08_MIA_NE_20151029,2015-10-29 12:00:00,,,,,station_lookup_error,Gillette Stadium,42.0909,-71.2643,,,,,,,,,,,,,,
2015_REG_08_MIN_CHI_20151101,2015-11-01 12:00:00,,,,,station_lookup_error,Soldier Field,41.8623,-87.6167,,,,,,,,,,,,,,
2015_REG_08_NYG_NO_20151101,2015-11-01 12:00:00,70.0,0.0,0.0,INDOOR,indoor_controlled_daily_values,Caesars Superdome,29.9511,-90.0812,,,,70.0,70.0,70.0,,,,,,,,70.0
2015_REG_08_NYJ_LV_20151101,2015-11-01 12:00:00,,,,,station_lookup_error,O.co Coliseum,37.7516,-122.2005,,,,,,,,,,,,,,
2015_REG_08_SEA_DAL_20151101,2015-11-01 12:00:00,70.0,0.0,0.0,INDOOR,indoor_controlled_daily_values,AT&T Stadium,32.7473,-97.0945,,,,70.0,70.0,70.0,,,,,,,,70.0
2015_REG_08_SF_LAR_20151101,2015-11-01 12:00:00,70.0,0.0,0.0,INDOOR,indoor_controlled_daily_values,Edward Jones Dome,38.6329,-90.1887,,,,70.0,70.0,70.0,,,,,,,,70.0
2015_REG_08_TB_ATL_20151101,2015-11-01 12:00:00,70.0,0.0,0.0,INDOOR,indoor_controlled_daily_values,Georgia Dome,33.7573,-84.4008,,,,70.0,70.0,70.0,,,,,,,,70.0
2015_REG_08_TEN_HOU_20151101,2015-11-01 12:00:00,70.0,0.0,0.0,INDOOR,indoor_controlled_daily_values,NRG Stadium,29.6847,-95.4107,,,,70.0,70.0,70.0,,,,,,,,70.0
2015_REG_09_ATL_SF_20151108,2015-11-08 12:00:00,,,,,station_lookup_error,Levi's Stadium,37.403,-121.97,,,,,,,,,,,,,,
2015_REG_09_CHI_LAC_20151109,2015-11-09 12:00:00,,,,,station_lookup_error,Qualcomm Stadium,32.7831,-117.1195,,,,,,,,,,,,,,
2015_REG_09_CLE_CIN_20151105,2015-11-05 12:00:00,,,,,station_lookup_error,Paycor Stadium,39.0955,-84.516,,,,,,,,,,,,,,
2015_REG_09_DEN_IND_20151108,2015-11-08 12:00:00,70.0,0.0,0.0,INDOOR,indoor_controlled_daily_values,Lucas Oil Stadium,39.7601,-86.1639,,,,70.0,70.0,70.0,,,,,,,,70.0
2015_REG_09_GB_CAR_20151108,2015-11-08 12:00:00,,,,,station_lookup_error,Bank of America Stadium,35.2258,-80.8528,,,,,,,,,,,,,,
2015_REG_09_JAX_NYJ_20151108,2015-11-08 12:00:00,,,,,station_lookup_error,MetLife Stadium,40.8135,-74.0745,,,,,,,,,,,,,,
2015_REG_09_LAR_MIN_20151108,2015-11-08 12:00:00,,,,,station_lookup_error,TCF Bank Stadium,44.976,-93.2247,,,,,,,,,,,,,,
2015_REG_09_LV_PIT_20151108,2015-11-08 12:00:00,,,,,station_lookup_error,Acrisure Stadium,40.4468,-80.0158,,,,,,,,,,,,,,
2015_REG_09_MIA_BUF_20151108,2015-11-08 12:00:00,,,,,station_lookup_error,Highmark Stadium,42.7738,-78.7868,,,,,,,,,,,,,,
2015_REG_09_NYG_TB_20151108,2015-11-08 12:00:00,,,,,station_lookup_error,Raymond James Stadium,27.9759,-82.5033,,,,,,,,,,,,,,
2015_REG_09_PHI_DAL_20151108,2015-11-08 12:00:00,70.0,0.0,0.0,INDOOR,indoor_controlled_daily_values,AT&T Stadium,32.7473,-97.0945,,,,70.0,70.0,70.0,,,,,,,,70.0
2015_REG_09_TEN_NO_20151108,2015-11-08 12:00:00,70.0,0.0,0.0,INDOOR,indoor_controlled_daily_values,Caesars Superdome,29.9511,-90.0812,,,,70.0,70.0,70.0,,,,,,,,70.0
2015_REG_09_WSH_NE_20151108,2015-11-08 12:00:00,,,,,station_lookup_error,Gillette Stadium,42.0909,-71.2643,,,,,,,,,,,,,,
2015_REG_10_ARI_SEA_20151115,2015-11-15 12:00:00,,,,,station_lookup_error,Lumen Field,47.5952,-122.3316,,,,,,,,,,,,,,
2015_REG_10_BUF_NYJ_20151112,2015-11-12 12:00:00,,,,,station_lookup_error,MetLife Stadium,40.8135,-74.0745,,,,,,,,,,,,,,
2015_REG_10_CAR_TEN_20151115,2015-11-15 12:00:00,,,,,station_lookup_error,Nissan Stadium,36.1665,-86.7713,,,,,,,,,,,,,,
2015_REG_10_CHI_LAR_20151115,2015-11-15 12:00:00,70.0,0.0,0.0,INDOOR,indoor_controlled_daily_values,Edward Jones Dome,38.6329,-90.1887,,,,70.0,70.0,70.0,,,,,,,,70.0
2015_REG_10_CLE_PIT_20151115,2015-11-15 12:00:00,,,,,station_lookup_error,Acrisure Stadium,40.4468,-80.0158,,,,,,,,,,,,,,
2015_REG_10_DAL_TB_20151115,2015-11-15 12:00:00,,,,,station_lookup_error,Raymond James Stadium,27.9759,-82.5033,,,,,,,,,,,,,,
2015_REG_10_DET_GB_20151115,2015-11-15 12:00:00,,,,,station_lookup_error,Lambeau Field,44.5013,-88.0622,,,,,,,,,,,,,,
2015_REG_10_HOU_CIN_20151116,2015-11-16 12:00:00,,,,,station_lookup_error,Paycor Stadium,39.0955,-84.516,,,,,,,,,,,,,,
2015_REG_10_JAX_BAL_20151115,2015-11-15 12:00:00,,,,,station_lookup_error,M&T Bank Stadium,39.278,-76.6227,,,,,,,,,,,,,,
2015_REG_10_KC_DEN_20151115,2015-11-15 12:00:00,,,,,station_lookup_error,Empower Field at Mile High,39.7439,-105.0201,,,,,,,,,,,,,,
2015_REG_10_MIA_PHI_20151115,2015-11-15 12:00:00,,,,,station_lookup_error,Lincoln Financial Field,39.9008,-75.1675,,,,,,,,,,,,,,
2015_REG_10_MIN_LV_20151115,2015-11-15 12:00:00,,,,,station_lookup_error,O.co Coliseum,37.7516,-122.2005,,,,,,,,,,,,,,
2015_REG_10_NE_NYG_20151115,2015-11-15 12:00:00,,,,,station_lookup_error,MetLife Stadium,40.8135,-74.0745,,,,,,,,,,,,,,
2015_REG_10_NO_WSH_20151115,2015-11-15 12:00:00,,,,,station_lookup_error,Northwest Stadium,38.9078,-76.8644,,,,,,,,,,,,,,
2015_REG_11_BUF_NE_20151123,2015-11-23 12:00:00,,,,,station_lookup_error,Gillette Stadium,42.0909,-71.2643,,,,,,,,,,,,,,
2015_REG_11_CIN_ARI_20151122,2015-11-22 12:00:00,70.0,0.0,0.0,INDOOR,indoor_controlled_daily_values,State Farm Stadium,33.5276,-112.2626,,,,70.0,70.0,70.0,,,,,,,,70.0
2015_REG_11_DAL_MIA_20151122,2015-11-22 12:00:00,,,,,station_lookup_error,Hard Rock Stadium,25.958,-80.2389,,,,,,,,,,,,,,
2015_REG_11_DEN_CHI_20151122,2015-11-22 12:00:00,,,,,station_lookup_error,Soldier Field,41.8623,-87.6167,,,,,,,,,,,,,,
2015_REG_11_GB_MIN_20151122,2015-11-22 12:00:00,,,,,station_lookup_error,TCF Bank Stadium,44.976,-93.2247,,,,,,,,,,,,,,
2015_REG_11_IND_ATL_20151122,2015-11-22 12:00:00,70.0,0.0,0.0,INDOOR,indoor_controlled_daily_values,Georgia Dome,33.7573,-84.4008,,,,70.0,70.0,70.0,,,,,,,,70.0
2015_REG_11_KC_LAC_20151122,2015-11-22 12:00:00,,,,,station_lookup_error,Qualcomm Stadium,32.7831,-117.1195,,,,,,,,,,,,,,
2015_REG_11_LAR_BAL_20151122,2015-11-22 12:00:00,,,,,station_lookup_error,M&T Bank Stadium,39.278,-76.6227,,,,,,,,,,,,,,
2015_REG_11_LV_DET_20151122,2015-11-22 12:00:00,70.0,0.0,0.0,INDOOR,indoor_controlled_daily_values,Ford Field,42.34,-83.0456,,,,70.0,70.0,70.0,,,,,,,,70.0
2015_REG_11_NYJ_HOU_20151122,2015-11-22 12:00:00,70.0,0.0,0.0,INDOOR,indoor_controlled_daily_values,NRG Stadium,29.6847,-95.4107,,,,70.0,70.0,70.0,,,,,,,,70.0
2015_REG_11_SF_SEA_20151122,2015-11-22 12:00:00,,,,,station_lookup_error,Lumen Field,47.5952,-122.3316,,,,,,,,,,,,,,
2015_REG_11_TB_PHI_20151122,2015-11-22 12:00:00,,,,,station_lookup_error,Lincoln Financial Field,39.9008,-75.1675,,,,,,,,,,,,,,
2015_REG_11_TEN_JAX_20151119,2015-11-19 12:00:00,,,,,station_lookup_error,EverBank Stadium,30.3239,-81.6373,,,,,,,,,,,,,,
2015_REG_11_WSH_CAR_20151122,2015-11-22 12:00:00,,,,,station_lookup_error,Bank of America Stadium,35.2258,-80.8528,,,,,,,,,,,,,,
2015_REG_12_ARI_SF_20151129,2015-11-29 12:00:00,,,,,station_lookup_error,Levi's Stadium,37.403,-121.97,,,,,,,,,,,,,,
2015_REG_12_BAL_CLE_20151130,2015-11-30 12:00:00,,,,,station_lookup_error,Huntington Bank Field,41.5061,-81.6995,,,,,,,,,,,,,,
2015_REG_12_BUF_KC_20151129,2015-11-29 12:00:00,,,,,station_lookup_error,Arrowhead Stadium,39.0489,-94.4839,,,,,,,,,,,,,,
2015_REG_12_CAR_DAL_20151126,2015-11-26 12:00:00,70.0,0.0,0.0,INDOOR,indoor_controlled_daily_values,AT&T Stadium,32.7473,-97.0945,,,,70.0,70.0,70.0,,,,,,,,70.0
2015_REG_12_CHI_GB_20151126,2015-11-26 12:00:00,,,,,station_lookup_error,Lambeau Field,44.5013,-88.0622,,,,,,,,,,,,,,
2015_REG_12_LAC_JAX_20151129,2015-11-29 12:00:00,,,,,station_lookup_error,EverBank Stadium,30.3239,-81.6373,,,,,,,,,,,,,,
2015_REG_12_LAR_CIN_20151129,2015-11-29 12:00:00,,,,,station_lookup_error,Paycor Stadium,39.0955,-84.516,,,,,,,,,,,,,,
2015_REG_12_LV_TEN_20151129,2015-11-29 12:00:00,,,,,station_lookup_error,Nissan Stadium,36.1665,-86.7713,,,,,,,,,,,,,,
2015_REG_12_MIA_NYJ_20151129,2015-11-29 12:00:00,,,,,station_lookup_error,MetLife Stadium,40.8135,-74.0745,,,,,,,,,,,,,,
2015_REG_12_MIN_ATL_20151129,2015-11-29 12:00:00,70.0,0.0,0.0,INDOOR,indoor_controlled_daily_values,Georgia Dome,33.7573,-84.4008,,,,70.0,70.0,70.0,,,,,,,,70.0
2015_REG_12_NE_DEN_20151129,2015-11-29 12:00:00,,,,,station_lookup_error,Empower Field at Mile High,39.7439,-105.0201,,,,,,,,,,,,,,
2015_REG_12_NO_HOU_20151129,2015-11-29 12:00:00,70.0,0.0,0.0,INDOOR,indoor_controlled_daily_values,NRG Stadium,29.6847,-95.4107,,,,70.0,70.0,70.0,,,,,,,,70.0
2015_REG_12_NYG_WSH_20151129,2015-11-29 12:00:00,,,,,station_lookup_error,Northwest Stadium,38.9078,-76.8644,,,,,,,,,,,,,,
2015_REG_12_PHI_DET_20151126,2015-11-26 12:00:00,70.0,0.0,0.0,INDOOR,indoor_controlled_daily_values,Ford Field,42.34,-83.0456,,,,70.0,70.0,70.0,,,,,,,,70.0
2015_REG_12_PIT_SEA_20151129,2015-11-29 12:00:00,,,,,station_lookup_error,Lumen Field,47.5952,-122.3316,,,,,,,,,,,,,,
2015_REG_12_TB_IND_20151129,2015-11-29 12:00:00,70.0,0.0,0.0,INDOOR,indoor_controlled_daily_values,Lucas Oil Stadium,39.7601,-86.1639,,,,70.0,70.0,70.0,,,,,,,,70.0
2015_REG_13_ARI_LAR_20151206,2015-12-06 12:00:00,70.0,0.0,0.0,INDOOR,indoor_controlled_daily_values,Edward Jones Dome,38.6329,-90.1887,,,,70.0,70.0,70.0,,,,,,,,70.0
2015_REG_13_ATL_TB_20151206,2015-12-06 12:00:00,,,,,station_lookup_error,Raymond James Stadium,27.9759,-82.5033,,,,,,,,,,,,,,
2015_REG_13_BAL_MIA_20151206,2015-12-06 12:00:00,,,,,station_lookup_error,Hard Rock Stadium,25.958,-80.2389,,,,,,,,,,,,,,
2015_REG_13_CAR_NO_20151206,2015-12-06 12:00:00,70.0,0.0,0.0,INDOOR,indoor_controlled_daily_values,Caesars Superdome,29.9511,-90.0812,,,,70.0,70.0,70.0,,,,,,,,70.0
2015_REG_13_CIN_CLE_20151206,2015-12-06 12:00:00,,,,,station_lookup_error,Huntington Bank Field,41.5061,-81.6995,,,,,,,,,,,,,,
2015_REG_13_DAL_WSH_20151207,2015-12-07 12:00:00,,,,,station_lookup_error,Northwest Stadium,38.9078,-76.8644,,,,,,,,,,,,,,
2015_REG_13_DEN_LAC_20151206,2015-12-06 12:00:00,,,,,station_lookup_error,Qualcomm Stadium,32.7831,-117.1195,,,,,,,,,,,,,,
2015_REG_13_GB_DET_20151203,2015-12-03 12:00:00,70.0,0.0,0.0,INDOOR,indoor_controlled_daily_values,Ford Field,42.34,-83.0456,,,,70.0,70.0,70.0,,,,,,,,70.0
2015_REG_13_HOU_BUF_20151206,2015-12-06 12:00:00,,,,,station_lookup_error,Highmark Stadium,42.7738,-78.7868,,,,,,,,,,,,,,
2015_REG_13_IND_PIT_20151206,2015-12-06 12:00:00,,,,,station_lookup_error,Acrisure Stadium,40.4468,-80.0158,,,,,,,,,,,,,,
2015_REG_13_JAX_TEN_20151206,2015-12-06 12:00:00,,,,,station_lookup_error,Nissan Stadium,36.1665,-86.7713,,,,,,,,,,,,,,
2015_REG_13_KC_LV_20151206,2015-12-06 12:00:00,,,,,station_lookup_error,O.co Coliseum,37.7516,-122.2005,,,,,,,,,,,,,,
2015_REG_13_NYJ_NYG_20151206,2015-12-06 12:00:00,,,,,station_lookup_error,MetLife Stadium,40.8135,-74.0745,,,,,,,,,,,,,,
2015_REG_13_PHI_NE_20151206,2015-12-06 12:00:00,,,,,station_lookup_error,Gillette Stadium,42.0909,-71.2643,,,,,,,,,,,,,,
2015_REG_13_SEA_MIN_20151206,2015-12-06 12:00:00,,,,,station_lookup_error,TCF Bank Stadium,44.976,-93.2247,,,,,,,,,,,,,,
2015_REG_13_SF_CHI_20151206,2015-12-06 12:00:00,,,,,station_lookup_error,Soldier Field,41.8623,-87.6167,,,,,,,,,,,,,,
2015_REG_14_ATL_CAR_20151213,2015-12-13 12:00:00,,,,,station_lookup_error,Bank of America Stadium,35.2258,-80.8528,,,,,,,,,,,,,,
2015_REG_14_BUF_PHI_20151213,2015-12-13 12:00:00,,,,,station_lookup_error,Lincoln Financial Field,39.9008,-75.1675,,,,,,,,,,,,,,
2015_REG_14_DAL_GB_20151213,2015-12-13 12:00:00,,,,,station_lookup_error,Lambeau Field,44.5013,-88.0622,,,,,,,,,,,,,,
2015_REG_14_DET_LAR_20151213,2015-12-13 12:00:00,70.0,0.0,0.0,INDOOR,indoor_controlled_daily_values,Edward Jones Dome,38.6329,-90.1887,,,,70.0,70.0,70.0,,,,,,,,70.0
2015_REG_14_IND_JAX_20151213,2015-12-13 12:00:00,,,,,station_lookup_error,EverBank Stadium,30.3239,-81.6373,,,,,,,,,,,,,,
2015_REG_14_LAC_KC_20151213,2015-12-13 12:00:00,,,,,station_lookup_error,Arrowhead Stadium,39.0489,-94.4839,,,,,,,,,,,,,,
2015_REG_14_LV_DEN_20151213,2015-12-13 12:00:00,,,,,station_lookup_error,Empower Field at Mile High,39.7439,-105.0201,,,,,,,,,,,,,,
2015_REG_14_MIN_ARI_20151210,2015-12-10 12:00:00,70.0,0.0,0.0,INDOOR,indoor_controlled_daily_values,State Farm Stadium,33.5276,-112.2626,,,,70.0,70.0,70.0,,,,,,,,70.0
2015_REG_14_NE_HOU_20151213,2015-12-13 12:00:00,70.0,0.0,0.0,INDOOR,indoor_controlled_daily_values,NRG Stadium,29.6847,-95.4107,,,,70.0,70.0,70.0,,,,,,,,70.0
2015_REG_14_NO_TB_20151213,2015-12-13 12:00:00,,,,,station_lookup_error,Raymond James Stadium,27.9759,-82.5033,,,,,,,,,,,,,,
2015_REG_14_NYG_MIA_20151214,2015-12-14 12:00:00,,,,,station_lookup_error,Hard Rock Stadium,25.958,-80.2389,,,,,,,,,,,,,,
2015_REG_14_PIT_CIN_20151213,2015-12-13 12:00:00,,,,,station_lookup_error,Paycor Stadium,39.0955,-84.516,,,,,,,,,,,,,,
2015_REG_14_SEA_BAL_20151213,2015-12-13 12:00:00,,,,,station_lookup_error,M&T Bank Stadium,39.278,-76.6227,,,,,,,,,,,,,,
2015_REG_14_SF_CLE_20151213,2015-12-13 12:00:00,,,,,station_lookup_error,Huntington Bank Field,41.5061,-81.6995,,,,,,,,,,,,,,
2015_REG_14_TEN_NYJ_20151213,2015-12-13 12:00:00,,,,,station_lookup_error,MetLife Stadium,40.8135,-74.0745,,,,,,,,,,,,,,
2015_REG_14_WSH_CHI_20151213,2015-12-13 12:00:00,,,,,station_lookup_error,Soldier Field,41.8623,-87.6167,,,,,,,,,,,,,,
2015_REG_15_ARI_PHI_20151220,2015-12-20 12:00:00,,,,,station_lookup_error,Lincoln Financial Field,39.9008,-75.1675,,,,,,,,,,,,,,
2015_REG_15_ATL_JAX_20151220,2015-12-20 12:00:00,,,,,station_lookup_error,EverBank Stadium,30.3239,-81.6373,,,,,,,,,,,,,,
2015_REG_15_BUF_WSH_20151220,2015-12-20 12:00:00,,,,,station_lookup_error,Northwest Stadium,38.9078,-76.8644,,,,,,,,,,,,,,
2015_REG_15_CAR_NYG_20151220,2015-12-20 12:00:00,,,,,station_lookup_error,MetLife Stadium,40.8135,-74.0745,,,,,,,,,,,,,,
2015_REG_15_CHI_MIN_20151220,2015-12-20 12:00:00,,,,,station_lookup_error,TCF Bank Stadium,44.976,-93.2247,,,,,,,,,,,,,,
2015_REG_15_CIN_SF_20151220,2015-12-20 12:00:00,,,,,station_lookup_error,Levi's Stadium,37.403,-121.97,,,,,,,,,,,,,,
2015_REG_15_CLE_SEA_20151220,2015-12-20 12:00:00,,,,,station_lookup_error,Lumen Field,47.5952,-122.3316,,,,,,,,,,,,,,
2015_REG_15_DEN_PIT_20151220,2015-12-20 12:00:00,,,,,station_lookup_error,Acrisure Stadium,40.4468,-80.0158,,,,,,,,,,,,,,
2015_REG_15_DET_NO_20151221,2015-12-21 12:00:00,70.0,0.0,0.0,INDOOR,indoor_controlled_daily_values,Caesars Superdome,29.9511,-90.0812,,,,70.0,70.0,70.0,,,,,,,,70.0
2015_REG_15_GB_LV_20151220,2015-12-20 12:00:00,,,,,station_lookup_error,O.co Coliseum,37.7516,-122.2005,,,,,,,,,,,,,,
2015_REG_15_HOU_IND_20151220,2015-12-20 12:00:00,70.0,0.0,0.0,INDOOR,indoor_controlled_daily_values,Lucas Oil Stadium,39.7601,-86.1639,,,,70.0,70.0,70.0,,,,,,,,70.0
2015_REG_15_KC_BAL_20151220,2015-12-20 12:00:00,,,,,station_lookup_error,M&T Bank Stadium,39.278,-76.6227,,,,,,,,,,,,,,
2015_REG_15_MIA_LAC_20151220,2015-12-20 12:00:00,,,,,station_lookup_error,Qualcomm Stadium,32.7831,-117.1195,,,,,,,,,,,,,,
2015_REG_15_NYJ_DAL_20151219,2015-12-19 12:00:00,70.0,0.0,0.0,INDOOR,indoor_controlled_daily_values,AT&T Stadium,32.7473,-97.0945,,,,70.0,70.0,70.0,,,,,,,,70.0
2015_REG_15_TB_LAR_20151217,2015-12-17 12:00:00,70.0,0.0,0.0,INDOOR,indoor_controlled_daily_values,Edward Jones Dome,38.6329,-90.1887,,,,70.0,70.0,70.0,,,,,,,,70.0
2015_REG_15_TEN_NE_20151220,2015-12-20 12:00:00,,,,,station_lookup_error,Gillette Stadium,42.0909,-71.2643,,,,,,,,,,,,,,
2015_REG_16_CAR_ATL_20151227,2015-12-27 12:00:00,70.0,0.0,0.0,INDOOR,indoor_controlled_daily_values,Georgia Dome,33.7573,-84.4008,,,,70.0,70.0,70.0,,,,,,,,70.0
2015_REG_16_CHI_TB_20151227,2015-12-27 12:00:00,,,,,station_lookup_error,Raymond James Stadium,27.9759,-82.5033,,,,,,,,,,,,,,
2015_REG_16_CIN_DEN_20151228,2015-12-28 12:00:00,,,,,station_lookup_error,Empower Field at Mile High,39.7439,-105.0201,,,,,,,,,,,,,,
2015_REG_16_CLE_KC_20151227,2015-12-27 12:00:00,,,,,station_lookup_error,Arrowhead Stadium,39.0489,-94.4839,,,,,,,,,,,,,,
2015_REG_16_DAL_BUF_20151227,2015-12-27 12:00:00,,,,,station_lookup_error,Highmark Stadium,42.7738,-78.7868,,,,,,,,,,,,,,
2015_REG_16_GB_ARI_20151227,2015-12-27 12:00:00,70.0,0.0,0.0,INDOOR,indoor_controlled_daily_values,State Farm Stadium,33.5276,-112.2626,,,,70.0,70.0,70.0,,,,,,,,70.0
2015_REG_16_HOU_TEN_20151227,2015-12-27 12:00:00,,,,,station_lookup_error,Nissan Stadium,36.1665,-86.7713,,,,,,,,,,,,,,
2015_REG_16_IND_MIA_20151227,2015-12-27 12:00:00,,,,,station_lookup_error,Hard Rock Stadium,25.958,-80.2389,,,,,,,,,,,,,,
2015_REG_16_JAX_NO_20151227,2015-12-27 12:00:00,70.0,0.0,0.0,INDOOR,indoor_controlled_daily_values,Caesars Superdome,29.9511,-90.0812,,,,70.0,70.0,70.0,,,,,,,,70.0
2015_REG_16_LAC_LV_20151224,2015-12-24 12:00:00,,,,,station_lookup_error,O.co Coliseum,37.7516,-122.2005,,,,,,,,,,,,,,
2015_REG_16_LAR_SEA_20151227,2015-12-27 12:00:00,,,,,station_lookup_error,Lumen Field,47.5952,-122.3316,,,,,,,,,,,,,,
2015_REG_16_NE_NYJ_20151227,2015-12-27 12:00:00,,,,,station_lookup_error,MetLife Stadium,40.8135,-74.0745,,,,,,,,,,,,,,
2015_REG_16_NYG_MIN_20151227,2015-12-27 12:00:00,,,,,station_lookup_error,TCF Bank Stadium,44.976,-93.2247,,,,,,,,,,,,,,
2015_REG_16_PIT_BAL_20151227,2015-12-27 12:00:00,,,,,station_lookup_error,M&T Bank Stadium,39.278,-76.6227,,,,,,,,,,,,,,
2015_REG_16_SF_DET_20151227,2015-12-27 12:00:00,70.0,0.0,0.0,INDOOR,indoor_controlled_daily_values,Ford Field,42.34,-83.0456,,,,70.0,70.0,70.0,,,,,,,,70.0
2015_REG_16_WSH_PHI_20151226,2015-12-26 12:00:00,,,,,station_lookup_error,Lincoln Financial Field,39.9008,-75.1675,,,,,,,,,,,,,,
2015_REG_17_BAL_CIN_20160103,2016-01-03 12:00:00,,,,,station_lookup_error,Paycor Stadium,39.0955,-84.516,,,,,,,,,,,,,,
2015_REG_17_DET_CHI_20160103,2016-01-03 12:00:00,,,,,station_lookup_error,Soldier Field,41.8623,-87.6167,,,,,,,,,,,,,,
2015_REG_17_JAX_HOU_20160103,2016-01-03 12:00:00,70.0,0.0,0.0,INDOOR,indoor_controlled_daily_values,NRG Stadium,29.6847,-95.4107,,,,70.0,70.0,70.0,,,,,,,,70.0
2015_REG_17_LAC_DEN_20160103,2016-01-03 12:00:00,,,,,station_lookup_error,Empower Field at Mile High,39.7439,-105.0201,,,,,,,,,,,,,,
2015_REG_17_LAR_SF_20160103,2016-01-03 12:00:00,,,,,station_lookup_error,Levi's Stadium,37.403,-121.97,,,,,,,,,,,,,,
2015_REG_17_LV_KC_20160103,2016-01-03 12:00:00,,,,,station_lookup_error,Arrowhead Stadium,39.0489,-94.4839,,,,,,,,,,,,,,
2015_REG_17_MIN_GB_20160103,2016-01-03 12:00:00,,,,,station_lookup_error,Lambeau Field,44.5013,-88.0622,,,,,,,,,,,,,,
2015_REG_17_NE_MIA_20160103,2016-01-03 12:00:00,,,,,station_lookup_error,Hard Rock Stadium,25.958,-80.2389,,,,,,,,,,,,,,
2015_REG_17_NO_ATL_20160103,2016-01-03 12:00:00,70.0,0.0,0.0,INDOOR,indoor_controlled_daily_values,Georgia Dome,33.7573,-84.4008,,,,70.0,70.0,70.0,,,,,,,,70.0
2015_REG_17_NYJ_BUF_20160103,2016-01-03 12:00:00,,,,,station_lookup_error,Highmark Stadium,42.7738,-78.7868,,,,,,,,,,,,,,
2015_REG_17_PHI_NYG_20160103,2016-01-03 12:00:00,,,,,station_lookup_error,MetLife Stadium,40.8135,-74.0745,,,,,,,,,,,,,,
2015_REG_17_PIT_CLE_20160103,2016-01-03 12:00:00,,,,,station_lookup_error,Huntington Bank Field,41.5061,-81.6995,,,,,,,,,,,,,,
2015_REG_17_SEA_ARI_20160103,2016-01-03 12:00:00,70.0,0.0,0.0,INDOOR,indoor_controlled_daily_values,State Farm Stadium,33.5276,-112.2626,,,,70.0,70.0,70.0,,,,,,,,70.0
2015_REG_17_TB_CAR_20160103,2016-01-03 12:00:00,,,,,station_lookup_error,Bank of America Stadium,35.2258,-80.8528,,,,,,,,,,,,,,
2015_REG_17_TEN_IND_20160103,2016-01-03 12:00:00,70.0,0.0,0.0,INDOOR,indoor_controlled_daily_values,Lucas Oil Stadium,39.7601,-86.1639,,,,70.0,70.0,70.0,,,,,,,,70.0
2015_REG_17_WSH_DAL_20160103,2016-01-03 12:00:00,70.0,0.0,0.0,INDOOR,indoor_controlled_daily_values,AT&T Stadium,32.7473,-97.0945,,,,70.0,70.0,70.0,,,,,,,,70.0
2015_POST_18_GB_WSH_20160110,2016-01-10 12:00:00,,,,,station_lookup_error,Northwest Stadium,38.9078,-76.8644,,,,,,,,,,,,,,
2015_POST_18_KC_HOU_20160109,2016-01-09 12:00:00,70.0,0.0,0.0,INDOOR,indoor_controlled_daily_values,NRG Stadium,29.6847,-95.4107,,,,70.0,70.0,70.0,,,,,,,,70.0
2015_POST_18_PIT_CIN_20160109,2016-01-09 12:00:00,,,,,station_lookup_error,Paycor Stadium,39.0955,-84.516,,,,,,,,,,,,,,
2015_POST_18_SEA_MIN_20160110,2016-01-10 12:00:00,,,,,station_lookup_error,TCF Bank Stadium,44.976,-93.2247,,,,,,,,,,,,,,
2015_POST_19_GB_ARI_20160116,2016-01-16 12:00:00,70.0,0.0,0.0,INDOOR,indoor_controlled_daily_values,State Farm Stadium,33.5276,-112.2626,,,,70.0,70.0,70.0,,,,,,,,70.0
2015_POST_19_KC_NE_20160116,2016-01-16 12:00:00,,,,,station_lookup_error,Gillette Stadium,42.0909,-71.2643,,,,,,,,,,,,,,
2015_POST_19_PIT_DEN_20160117,2016-01-17 12:00:00,,,,,station_lookup_error,Empower Field at Mile High,39.7439,-105.0201,,,,,,,,,,,,,,
2015_POST_19_SEA_CAR_20160117,2016-01-17 12:00:00,,,,,station_lookup_error,Bank of America Stadium,35.2258,-80.8528,,,,,,,,,,,,,,
2015_CON_20_ARI_CAR_20160124,2016-01-24 12:00:00,,,,,station_lookup_error,Bank of America Stadium,35.2258,-80.8528,,,,,,,,,,,,,,
2015_CON_20_NE_DEN_20160124,2016-01-24 12:00:00,,,,,station_lookup_error,Empower Field at Mile High,39.7439,-105.0201,,,,,,,,,,,,,,
2015_POST_21_CAR_DEN_20160207,2016-02-07 12:00:00,,,,,station_lookup_error,Levi's Stadium,37.403,-121.97,,,,,,,,,,,,,,
2016_REG_01_BUF_BAL_20160911,2016-09-11 12:00:00,,,,,station_lookup_error,M&T Bank Stadium,39.278,-76.6227,,,,,,,,,,,,,,
2016_REG_01_CAR_DEN_20160908,2016-09-08 12:00:00,,,,,station_lookup_error,Empower Field at Mile High,39.7439,-105.0201,,,,,,,,,,,,,,
2016_REG_01_CHI_HOU_20160911,2016-09-11 12:00:00,70.0,0.0,0.0,INDOOR,indoor_controlled_daily_values,NRG Stadium,29.6847,-95.4107,,,,70.0,70.0,70.0,,,,,,,,70.0
2016_REG_01_CIN_NYJ_20160911,2016-09-11 12:00:00,,,,,station_lookup_error,MetLife Stadium,40.8135,-74.0745,,,,,,,,,,,,,,
2016_REG_01_CLE_PHI_20160911,2016-09-11 12:00:00,,,,,station_lookup_error,Lincoln Financial Field,39.9008,-75.1675,,,,,,,,,,,,,,
2016_REG_01_DET_IND_20160911,2016-09-11 12:00:00,70.0,0.0,0.0,INDOOR,indoor_controlled_daily_values,Lucas Oil Stadium,39.7601,-86.1639,,,,70.0,70.0,70.0,,,,,,,,70.0
2016_REG_01_GB_JAX_20160911,2016-09-11 12:00:00,,,,,station_lookup_error,EverBank Stadium,30.3239,-81.6373,,,,,,,,,,,,,,
2016_REG_01_LAC_KC_20160911,2016-09-11 12:00:00,,,,,station_lookup_error,Arrowhead Stadium,39.0489,-94.4839,,,,,,,,,,,,,,
2016_REG_01_LAR_SF_20160912,2016-09-12 12:00:00,,,,,station_lookup_error,Levi's Stadium,37.403,-121.97,,,,,,,,,,,,,,
2016_REG_01_LV_NO_20160911,2016-09-11 12:00:00,70.0,0.0,0.0,INDOOR,indoor_controlled_daily_values,Caesars Superdome,29.9511,-90.0812,,,,70.0,70.0,70.0,,,,,,,,70.0
2016_REG_01_MIA_SEA_20160911,2016-09-11 12:00:00,,,,,station_lookup_error,Lumen Field,47.5952,-122.3316,,,,,,,,,,,,,,
2016_REG_01_MIN_TEN_20160911,2016-09-11 12:00:00,,,,,station_lookup_error,Nissan Stadium,36.1665,-86.7713,,,,,,,,,,,,,,
2016_REG_01_NE_ARI_20160911,2016-09-11 12:00:00,70.0,0.0,0.0,INDOOR,indoor_controlled_daily_values,State Farm Stadium,33.5276,-112.2626,,,,70.0,70.0,70.0,,,,,,,,70.0
2016_REG_01_NYG_DAL_20160911,2016-09-11 12:00:00,70.0,0.0,0.0,INDOOR,indoor_controlled_daily_values,AT&T Stadium,32.7473,-97.0945,,,,70.0,70.0,70.0,,,,,,,,70.0
2016_REG_01_PIT_WSH_20160912,2016-09-12 12:00:00,,,,,station_lookup_error,Northwest Stadium,38.9078,-76.8644,,,,,,,,,,,,,,
2016_REG_01_TB_ATL_20160911,2016-09-11 12:00:00,70.0,0.0,0.0,INDOOR,indoor_controlled_daily_values,Georgia Dome,33.7573,-84.4008,,,,70.0,70.0,70.0,,,,,,,,70.0
2016_REG_02_ATL_LV_20160918,2016-09-18 12:00:00,,,,,station_lookup_error,Oakland Coliseum,37.7516,-122.2005,,,,,,,,,,,,,,
2016_REG_02_BAL_CLE_20160918,2016-09-18 12:00:00,,,,,station_lookup_error,Huntington Bank Field,41.5061,-81.6995,,,,,,,,,,,,,,
2016_REG_02_CIN_PIT_20160918,2016-09-18 12:00:00,,,,,station_lookup_error,Acrisure Stadium,40.4468,-80.0158,,,,,,,,,,,,,,
2016_REG_02_DAL_WSH_20160918,2016-09-18 12:00:00,,,,,station_lookup_error,Northwest Stadium,38.9078,-76.8644,,,,,,,,,,,,,,
2016_REG_02_GB_MIN_20160918,2016-09-18 12:00:00,70.0,0.0,0.0,INDOOR,indoor_controlled_daily_values,U.S. Bank Stadium,44.9738,-93.2575,,,,70.0,70.0,70.0,,,,,,,,70.0
2016_REG_02_IND_DEN_20160918,2016-09-18 12:00:00,,,,,station_lookup_error,Empower Field at Mile High,39.7439,-105.0201,,,,,,,,,,,,,,
2016_REG_02_JAX_LAC_20160918,2016-09-18 12:00:00,,,,,station_lookup_error,Qualcomm Stadium,32.7831,-117.1195,,,,,,,,,,,,,,
2016_REG_02_KC_HOU_20160918,2016-09-18 12:00:00,70.0,0.0,0.0,INDOOR,indoor_controlled_daily_values,NRG Stadium,29.6847,-95.4107,,,,70.0,70.0,70.0,,,,,,,,70.0
2016_REG_02_MIA_NE_20160918,2016-09-18 12:00:00,,,,,station_lookup_error,Gillette Stadium,42.0909,-71.2643,,,,,,,,,,,,,,
2016_REG_02_NO_NYG_20160918,2016-09-18 12:00:00,,,,,station_lookup_error,MetLife Stadium,40.8135,-74.0745,,,,,,,,,,,,,,
2016_REG_02_NYJ_BUF_20160915,2016-09-15 12:00:00,,,,,station_lookup_error,Highmark Stadium,42.7738,-78.7868,,,,,,,,,,,,,,
2016_REG_02_PHI_CHI_20160919,2016-09-19 12:00:00,,,,,station_lookup_error,Soldier Field,41.8623,-87.6167,,,,,,,,,,,,,,
2016_REG_02_SEA_LAR_20160918,2016-09-18 12:00:00,,,,,station_lookup_error,Los Angeles Memorial Coliseum,34.0141,-118.2879,,,,,,,,,,,,,,
2016_REG_02_SF_CAR_20160918,2016-09-18 12:00:00,,,,,station_lookup_error,Bank of America Stadium,35.2258,-80.8528,,,,,,,,,,,,,,
2016_REG_02_TB_ARI_20160918,2016-09-18 12:00:00,70.0,0.0,0.0,INDOOR,indoor_controlled_daily_values,State Farm Stadium,33.5276,-112.2626,,,,70.0,70.0,70.0,,,,,,,,70.0
2016_REG_02_TEN_DET_20160918,2016-09-18 12:00:00,70.0,0.0,0.0,INDOOR,indoor_controlled_daily_values,Ford Field,42.34,-83.0456,,,,70.0,70.0,70.0,,,,,,,,70.0
2016_REG_03_ARI_BUF_20160925,2016-09-25 12:00:00,,,,,station_lookup_error,Highmark Stadium,42.7738,-78.7868,,,,,,,,,,,,,,
2016_REG_03_ATL_NO_20160926,2016-09-26 12:00:00,70.0,0.0,0.0,INDOOR,indoor_controlled_daily_values,Caesars Superdome,29.9511,-90.0812,,,,70.0,70.0,70.0,,,,,,,,70.0
2016_REG_03_BAL_JAX_20160925,2016-09-25 12:00:00,,,,,station_lookup_error,EverBank Stadium,30.3239,-81.6373,,,,,,,,,,,,,,
2016_REG_03_CHI_DAL_20160925,2016-09-25 12:00:00,70.0,0.0,0.0,INDOOR,indoor_controlled_daily_values,AT&T Stadium,32.7473,-97.0945,,,,70.0,70.0,70.0,,,,,,,,70.0
2016_REG_03_CLE_MIA_20160925,2016-09-25 12:00:00,,,,,station_lookup_error,Hard Rock Stadium,25.958,-80.2389,,,,,,,,,,,,,,
2016_REG_03_DEN_CIN_20160925,2016-09-25 12:00:00,,,,,station_lookup_error,Paycor Stadium,39.0955,-84.516,,,,,,,,,,,,,,
2016_REG_03_DET_GB_20160925,2016-09-25 12:00:00,,,,,station_lookup_error,Lambeau Field,44.5013,-88.0622,,,,,,,,,,,,,,
2016_REG_03_HOU_NE_20160922,2016-09-22 12:00:00,,,,,station_lookup_error,Gillette Stadium,42.0909,-71.2643,,,,,,,,,,,,,,
2016_REG_03_LAC_IND_20160925,2016-09-25 12:00:00,70.0,0.0,0.0,INDOOR,indoor_controlled_daily_values,Lucas Oil Stadium,39.7601,-86.1639,,,,70.0,70.0,70.0,,,,,,,,70.0
2016_REG_03_LAR_TB_20160925,2016-09-25 12:00:00,,,,,station_lookup_error,Raymond James Stadium,27.9759,-82.5033,,,,,,,,,,,,,,
2016_REG_03_LV_TEN_20160925,2016-09-25 12:00:00,,,,,station_lookup_error,Nissan Stadium,36.1665,-86.7713,,,,,,,,,,,,,,
2016_REG_03_MIN_CAR_20160925,2016-09-25 12:00:00,,,,,station_lookup_error,Bank of America Stadium,35.2258,-80.8528,,,,,,,,,,,,,,
2016_REG_03_NYJ_KC_20160925,2016-09-25 12:00:00,,,,,station_lookup_error,Arrowhead Stadium,39.0489,-94.4839,,,,,,,,,,,,,,
2016_REG_03_PIT_PHI_20160925,2016-09-25 12:00:00,,,,,station_lookup_error,Lincoln Financial Field,39.9008,-75.1675,,,,,,,,,,,,,,
2016_REG_03_SF_SEA_20160925,2016-09-25 12:00:00,,,,,station_lookup_error,Lumen Field,47.5952,-122.3316,,,,,,,,,,,,,,
2016_REG_03_WSH_NYG_20160925,2016-09-25 12:00:00,,,,,station_lookup_error,MetLife Stadium,40.8135,-74.0745,,,,,,,,,,,,,,
2016_REG_04_BUF_NE_20161002,2016-10-02 12:00:00,,,,,station_lookup_error,Gillette Stadium,42.0909,-71.2643,,,,,,,,,,,,,,
2016_REG_04_CAR_ATL_20161002,2016-10-02 12:00:00,70.0,0.0,0.0,INDOOR,indoor_controlled_daily_values,Georgia Dome,33.7573,-84.4008,,,,70.0,70.0,70.0,,,,,,,,70.0
2016_REG_04_CLE_WSH_20161002,2016-10-02 12:00:00,,,,,station_lookup_error,Northwest Stadium,38.9078,-76.8644,,,,,,,,,,,,,,
2016_REG_04_DAL_SF_20161002,2016-10-02 12:00:00,,,,,station_lookup_error,Levi's Stadium,37.403,-121.97,,,,,,,,,,,,,,
2016_REG_04_DEN_TB_20161002,2016-10-02 12:00:00,,,,,station_lookup_error,Raymond James Stadium,27.9759,-82.5033,,,,,,,,,,,,,,
2016_REG_04_DET_CHI_20161002,2016-10-02 12:00:00,,,,,station_lookup_error,Soldier Field,41.8623,-87.6167,,,,,,,,,,,,,,
2016_REG_04_IND_JAX_20161002,2016-10-02 12:00:00,,,,,station_lookup_error,Wembley Stadium,51.556,-0.2796,,,,,,,,,,,,,,
2016_REG_04_KC_PIT_20161002,2016-10-02 12:00:00,,,,,station_lookup_error,Acrisure Stadium,40.4468,-80.0158,,,,,,,,,,,,,,
2016_REG_04_LAR_ARI_20161002,2016-10-02 12:00:00,70.0,0.0,0.0,INDOOR,indoor_controlled_daily_values,State Farm Stadium,33.5276,-112.2626,,,,70.0,70.0,70.0,,,,,,,,70.0
2016_REG_04_LV_BAL_20161002,2016-10-02 12:00:00,,,,,station_lookup_error,M&T Bank Stadium,39.278,-76.6227,,,,,,,,,,,,,,
2016_REG_04_MIA_CIN_20160929,2016-09-29 12:00:00,,,,,station_lookup_error,Paycor Stadium,39.0955,-84.516,,,,,,,,,,,,,,
2016_REG_04_NO_LAC_20161002,2016-10-02 12:00:00,,,,,station_lookup_error,Qualcomm Stadium,32.7831,-117.1195,,,,,,,,,,,,,,
2016_REG_04_NYG_MIN_20161003,2016-10-03 12:00:00,70.0,0.0,0.0,INDOOR,indoor_controlled_daily_values,U.S. Bank Stadium,44.9738,-93.2575,,,,70.0,70.0,70.0,,,,,,,,70.0
2016_REG_04_SEA_NYJ_20161002,2016-10-02 12:00:00,,,,,station_lookup_error,MetLife Stadium,40.8135,-74.0745,,,,,,,,,,,,,,
2016_REG_04_TEN_HOU_20161002,2016-10-02 12:00:00,70.0,0.0,0.0,INDOOR,indoor_controlled_daily_values,NRG Stadium,29.6847,-95.4107,,,,70.0,70.0,70.0,,,,,,,,70.0
2016_REG_05_ARI_SF_20161006,2016-10-06 12:00:00,,,,,station_lookup_error,Levi's Stadium,37.403,-121.97,,,,,,,,,,,,,,
2016_REG_05_ATL_DEN_20161009,2016-10-09 12:00:00,,,,,station_lookup_error,Empower Field at Mile High,39.7439,-105.0201,,,,,,,,,,,,,,
2016_REG_05_BUF_LAR_20161009,2016-10-09 12:00:00,,,,,station_lookup_error,Los Angeles Memorial Coliseum,34.0141,-118.2879,,,,,,,,,,,,,,
2016_REG_05_CHI_IND_20161009,2016-10-09 12:00:00,70.0,0.0,0.0,INDOOR,indoor_controlled_daily_values,Lucas Oil Stadium,39.7601,-86.1639,,,,70.0,70.0,70.0,,,,,,,,70.0
2016_REG_05_CIN_DAL_20161009,2016-10-09 12:00:00,70.0,0.0,0.0,INDOOR,indoor_controlled_daily_values,AT&T Stadium,32.7473,-97.0945,,,,70.0,70.0,70.0,,,,,,,,70.0
2016_REG_05_HOU_MIN_20161009,2016-10-09 12:00:00,70.0,0.0,0.0,INDOOR,indoor_controlled_daily_values,U.S. Bank Stadium,44.9738,-93.2575,,,,70.0,70.0,70.0,,,,,,,,70.0
2016_REG_05_LAC_LV_20161009,2016-10-09 12:00:00,,,,,station_lookup_error,Oakland Coliseum,37.7516,-122.2005,,,,,,,,,,,,,,
2016_REG_05_NE_CLE_20161009,2016-10-09 12:00:00,,,,,station_lookup_error,Huntington Bank Field,41.5061,-81.6995,,,,,,,,,,,,,,
2016_REG_05_NYG_GB_20161009,2016-10-09 12:00:00,,,,,station_lookup_error,Lambeau Field,44.5013,-88.0622,,,,,,,,,,,,,,
2016_REG_05_NYJ_PIT_20161009,2016-10-09 12:00:00,,,,,station_lookup_error,Acrisure Stadium,40.4468,-80.0158,,,,,,,,,,,,,,
2016_REG_05_PHI_DET_20161009,2016-10-09 12:00:00,70.0,0.0,0.0,INDOOR,indoor_controlled_daily_values,Ford Field,42.34,-83.0456,,,,70.0,70.0,70.0,,,,,,,,70.0
2016_REG_05_TB_CAR_20161010,2016-10-10 12:00:00,,,,,station_lookup_error,Bank of America Stadium,35.2258,-80.8528,,,,,,,,,,,,,,
2016_REG_05_TEN_MIA_20161009,2016-10-09 12:00:00,,,,,station_lookup_error,Hard Rock Stadium,25.958,-80.2389,,,,,,,,,,,,,,
2016_REG_05_WSH_BAL_20161009,2016-10-09 12:00:00,,,,,station_lookup_error,M&T Bank Stadium,39.278,-76.6227,,,,,,,,,,,,,,
2016_REG_06_ATL_SEA_20161016,2016-10-16 12:00:00,,,,,station_lookup_error,Lumen Field,47.5952,-122.3316,,,,,,,,,,,,,,
2016_REG_06_BAL_NYG_20161016,2016-10-16 12:00:00,,,,,station_lookup_error,MetLife Stadium,40.8135,-74.0745,,,,,,,,,,,,,,
2016_REG_06_CAR_NO_20161016,2016-10-16 12:00:00,70.0,0.0,0.0,INDOOR,indoor_controlled_daily_values,Caesars Superdome,29.9511,-90.0812,,,,70.0,70.0,70.0,,,,,,,,70.0
2016_REG_06_CIN_NE_20161016,2016-10-16 12:00:00,,,,,station_lookup_error,Gillette Stadium,42.0909,-71.2643,,,,,,,,,,,,,,
2016_REG_06_CLE_TEN_20161016,2016-10-16 12:00:00,,,,,station_lookup_error,Nissan Stadium,36.1665,-86.7713,,,,,,,,,,,,,,
2016_REG_06_DAL_GB_20161016,2016-10-16 12:00:00,,,,,station_lookup_error,Lambeau Field,44.5013,-88.0622,,,,,,,,,,,,,,
2016_REG_06_DEN_LAC_20161013,2016-10-13 12:00:00,,,,,station_lookup_error,Qualcomm Stadium,32.7831,-117.1195,,,,,,,,,,,,,,
2016_REG_06_IND_HOU_20161016,2016-10-16 12:00:00,70.0,0.0,0.0,INDOOR,indoor_controlled_daily_values,NRG Stadium,29.6847,-95.4107,,,,70.0,70.0,70.0,,,,,,,,70.0
2016_REG_06_JAX_CHI_20161016,2016-10-16 12:00:00,,,,,station_lookup_error,Soldier Field,41.8623,-87.6167,,,,,,,,,,,,,,
2016_REG_06_KC_LV_20161016,2016-10-16 12:00:00,,,,,station_lookup_error,Oakland Coliseum,37.7516,-122.2005,,,,,,,,,,,,,,
2016_REG_06_LAR_DET_20161016,2016-10-16 12:00:00,70.0,0.0,0.0,INDOOR,indoor_controlled_daily_values,Ford Field,42.34,-83.0456,,,,70.0,70.0,70.0,,,,,,,,70.0
2016_REG_06_NYJ_ARI_20161017,2016-10-17 12:00:00,70.0,0.0,0.0,INDOOR,indoor_controlled_daily_values,State Farm Stadium,33.5276,-112.2626,,,,70.0,70.0,70.0,,,,,,,,70.0
2016_REG_06_PHI_WSH_20161016,2016-10-16 12:00:00,,,,,station_lookup_error,Northwest Stadium,38.9078,-76.8644,,,,,,,,,,,,,,
2016_REG_06_PIT_MIA_20161016,2016-10-16 12:00:00,,,,,station_lookup_error,Hard Rock Stadium,25.958,-80.2389,,,,,,,,,,,,,,
2016_REG_06_SF_BUF_20161016,2016-10-16 12:00:00,,,,,station_lookup_error,Highmark Stadium,42.7738,-78.7868,,,,,,,,,,,,,,
2016_REG_07_BAL_NYJ_20161023,2016-10-23 12:00:00,,,,,station_lookup_error,MetLife Stadium,40.8135,-74.0745,,,,,,,,,,,,,,
2016_REG_07_BUF_MIA_20161023,2016-10-23 12:00:00,,,,,station_lookup_error,Hard Rock Stadium,25.958,-80.2389,,,,,,,,,,,,,,
2016_REG_07_CHI_GB_20161020,2016-10-20 12:00:00,,,,,station_lookup_error,Lambeau Field,44.5013,-88.0622,,,,,,,,,,,,,,
2016_REG_07_CLE_CIN_20161023,2016-10-23 12:00:00,,,,,station_lookup_error,Paycor Stadium,39.0955,-84.516,,,,,,,,,,,,,,
2016_REG_07_HOU_DEN_20161024,2016-10-24 12:00:00,,,,,station_lookup_error,Empower Field at Mile High,39.7439,-105.0201,,,,,,,,,,,,,,
2016_REG_07_IND_TEN_20161023,2016-10-23 12:00:00,,,,,station_lookup_error,Nissan Stadium,36.1665,-86.7713,,,,,,,,,,,,,,
2016_REG_07_LAC_ATL_20161023,2016-10-23 12:00:00,70.0,0.0,0.0,INDOOR,indoor_controlled_daily_values,Georgia Dome,33.7573,-84.4008,,,,70.0,70.0,70.0,,,,,,,,70.0
2016_REG_07_LV_JAX_20161023,2016-10-23 12:00:00,,,,,station_lookup_error,EverBank Stadium,30.3239,-81.6373,,,,,,,,,,,,,,
2016_REG_07_MIN_PHI_20161023,2016-10-23 12:00:00,,,,,station_lookup_error,Lincoln Financial Field,39.9008,-75.1675,,,,,,,,,,,,,,
2016_REG_07_NE_PIT_20161023,2016-10-23 12:00:00,,,,,station_lookup_error,Acrisure Stadium,40.4468,-80.0158,,,,,,,,,,,,,,
2016_REG_07_NO_KC_20161023,2016-10-23 12:00:00,,,,,station_lookup_error,Arrowhead Stadium,39.0489,-94.4839,,,,,,,,,,,,,,
2016_REG_07_NYG_LAR_20161023,2016-10-23 12:00:00,,,,,station_lookup_error,Twickenham Stadium,51.4559,-0.3417,,,,,,,,,,,,,,
2016_REG_07_SEA_ARI_20161023,2016-10-23 12:00:00,70.0,0.0,0.0,INDOOR,indoor_controlled_daily_values,State Farm Stadium,33.5276,-112.2626,,,,70.0,70.0,70.0,,,,,,,,70.0
2016_REG_07_TB_SF_20161023,2016-10-23 12:00:00,,,,,station_lookup_error,Levi's Stadium,37.403,-121.97,,,,,,,,,,,,,,
2016_REG_07_WSH_DET_20161023,2016-10-23 12:00:00,70.0,0.0,0.0,INDOOR,indoor_controlled_daily_values,Ford Field,42.34,-83.0456,,,,70.0,70.0,70.0,,,,,,,,70.0
2016_REG_08_ARI_CAR_20161030,2016-10-30 12:00:00,,,,,station_lookup_error,Bank of America Stadium,35.2258,-80.8528,,,,,,,,,,,,,,
2016_REG_08_DET_HOU_20161030,2016-10-30 12:00:00,70.0,0.0,0.0,INDOOR,indoor_controlled_daily_values,NRG Stadium,29.6847,-95.4107,,,,70.0,70.0,70.0,,,,,,,,70.0
2016_REG_08_GB_ATL_20161030,2016-10-30 12:00:00,70.0,0.0,0.0,INDOOR,indoor_controlled_daily_values,Georgia Dome,33.7573,-84.4008,,,,70.0,70.0,70.0,,,,,,,,70.0
2016_REG_08_JAX_TEN_20161027,2016-10-27 12:00:00,,,,,station_lookup_error,Nissan Stadium,36.1665,-86.7713,,,,,,,,,,,,,,
2016_REG_08_KC_IND_20161030,2016-10-30 12:00:00,70.0,0.0,0.0,INDOOR,indoor_controlled_daily_values,Lucas Oil Stadium,39.7601,-86.1639,,,,70.0,70.0,70.0,,,,,,,,70.0
2016_REG_08_LAC_DEN_20161030,2016-10-30 12:00:00,,,,,station_lookup_error,Empower Field at Mile High,39.7439,-105.0201,,,,,,,,,,,,,,
2016_REG_08_LV_TB_20161030,2016-10-30 12:00:00,,,,,station_lookup_error,Raymond James Stadium,27.9759,-82.5033,,,,,,,,,,,,,,
2016_REG_08_MIN_CHI_20161031,2016-10-31 12:00:00,,,,,station_lookup_error,Soldier Field,41.8623,-87.6167,,,,,,,,,,,,,,
2016_REG_08_NE_BUF_20161030,2016-10-30 12:00:00,,,,,station_lookup_error,Highmark Stadium,42.7738,-78.7868,,,,,,,,,,,,,,
2016_REG_08_NYJ_CLE_20161030,2016-10-30 12:00:00,,,,,station_lookup_error,Huntington Bank Field,41.5061,-81.6995,,,,,,,,,,,,,,
2016_REG_08_PHI_DAL_20161030,2016-10-30 12:00:00,70.0,0.0,0.0,INDOOR,indoor_controlled_daily_values,AT&T Stadium,32.7473,-97.0945,,,,70.0,70.0,70.0,,,,,,,,70.0
2016_REG_08_SEA_NO_20161030,2016-10-30 12:00:00,70.0,0.0,0.0,INDOOR,indoor_controlled_daily_values,Caesars Superdome,29.9511,-90.0812,,,,70.0,70.0,70.0,,,,,,,,70.0
2016_REG_08_WSH_CIN_20161030,2016-10-30 12:00:00,,,,,station_lookup_error,Wembley Stadium,51.556,-0.2796,,,,,,,,,,,,,,
2016_REG_09_ATL_TB_20161103,2016-11-03 12:00:00,,,,,station_lookup_error,Raymond James Stadium,27.9759,-82.5033,,,,,,,,,,,,,,
2016_REG_09_BUF_SEA_20161107,2016-11-07 12:00:00,,,,,station_lookup_error,Lumen Field,47.5952,-122.3316,,,,,,,,,,,,,,
2016_REG_09_CAR_LAR_20161106,2016-11-06 12:00:00,,,,,station_lookup_error,Los Angeles Memorial Coliseum,34.0141,-118.2879,,,,,,,,,,,,,,
2016_REG_09_DAL_CLE_20161106,2016-11-06 12:00:00,,,,,station_lookup_error,Huntington Bank Field,41.5061,-81.6995,,,,,,,,,,,,,,
2016_REG_09_DEN_LV_20161106,2016-11-06 12:00:00,,,,,station_lookup_error,Oakland Coliseum,37.7516,-122.2005,,,,,,,,,,,,,,
2016_REG_09_DET_MIN_20161106,2016-11-06 12:00:00,70.0,0.0,0.0,INDOOR,indoor_controlled_daily_values,U.S. Bank Stadium,44.9738,-93.2575,,,,70.0,70.0,70.0,,,,,,,,70.0
2016_REG_09_IND_GB_20161106,2016-11-06 12:00:00,,,,,station_lookup_error,Lambeau Field,44.5013,-88.0622,,,,,,,,,,,,,,
2016_REG_09_JAX_KC_20161106,2016-11-06 12:00:00,,,,,station_lookup_error,Arrowhead Stadium,39.0489,-94.4839,,,,,,,,,,,,,,
2016_REG_09_NO_SF_20161106,2016-11-06 12:00:00,,,,,station_lookup_error,Levi's Stadium,37.403,-121.97,,,,,,,,,,,,,,
2016_REG_09_NYJ_MIA_20161106,2016-11-06 12:00:00,,,,,station_lookup_error,Hard Rock Stadium,25.958,-80.2389,,,,,,,,,,,,,,
2016_REG_09_PHI_NYG_20161106,2016-11-06 12:00:00,,,,,station_lookup_error,MetLife Stadium,40.8135,-74.0745,,,,,,,,,,,,,,
2016_REG_09_PIT_BAL_20161106,2016-11-06 12:00:00,,,,,station_lookup_error,M&T Bank Stadium,39.278,-76.6227,,,,,,,,,,,,,,
2016_REG_09_TEN_LAC_20161106,2016-11-06 12:00:00,,,,,station_lookup_error,Qualcomm Stadium,32.7831,-117.1195,,,,,,,,,,,,,,
2016_REG_10_ATL_PHI_20161113,2016-11-13 12:00:00,,,,,station_lookup_error,Lincoln Financial Field,39.9008,-75.1675,,,,,,,,,,,,,,
2016_REG_10_CHI_TB_20161113,2016-11-13 12:00:00,,,,,station_lookup_error,Raymond James Stadium,27.9759,-82.5033,,,,,,,,,,,,,,
2016_REG_10_CIN_NYG_20161114,2016-11-14 12:00:00,,,,,station_lookup_error,MetLife Stadium,40.8135,-74.0745,,,,,,,,,,,,,,
2016_REG_10_CLE_BAL_20161110,2016-11-10 12:00:00,,,,,station_lookup_error,M&T Bank Stadium,39.278,-76.6227,,,,,,,,,,,,,,
2016_REG_10_DAL_PIT_20161113,2016-11-13 12:00:00,,,,,station_lookup_error,Acrisure Stadium,40.4468,-80.0158,,,,,,,,,,,,,,
2016_REG_10_DEN_NO_20161113,2016-11-13 12:00:00,70.0,0.0,0.0,INDOOR,indoor_controlled_daily_values,Caesars Superdome,29.9511,-90.0812,,,,70.0,70.0,70.0,,,,,,,,70.0
2016_REG_10_GB_TEN_20161113,2016-11-13 12:00:00,,,,,station_lookup_error,Nissan Stadium,36.1665,-86.7713,,,,,,,,,,,,,,
2016_REG_10_HOU_JAX_20161113,2016-11-13 12:00:00,,,,,station_lookup_error,EverBank Stadium,30.3239,-81.6373,,,,,,,,,,,,,,
2016_REG_10_KC_CAR_20161113,2016-11-13 12:00:00,,,,,station_lookup_error,Bank of America Stadium,35.2258,-80.8528,,,,,,,,,,,,,,
2016_REG_10_LAR_NYJ_20161113,2016-11-13 12:00:00,,,,,station_lookup_error,MetLife Stadium,40.8135,-74.0745,,,,,,,,,,,,,,
2016_REG_10_MIA_LAC_20161113,2016-11-13 12:00:00,,,,,station_lookup_error,Qualcomm Stadium,32.7831,-117.1195,,,,,,,,,,,,,,
2016_REG_10_MIN_WSH_20161113,2016-11-13 12:00:00,,,,,station_lookup_error,Northwest Stadium,38.9078,-76.8644,,,,,,,,,,,,,,
2016_REG_10_SEA_NE_20161113,2016-11-13 12:00:00,,,,,station_lookup_error,Gillette Stadium,42.0909,-71.2643,,,,,,,,,,,,,,
2016_REG_10_SF_ARI_20161113,2016-11-13 12:00:00,70.0,0.0,0.0,INDOOR,indoor_controlled_daily_values,State Farm Stadium,33.5276,-112.2626,,,,70.0,70.0,70.0,,,,,,,,70.0
2016_REG_11_ARI_MIN_20161120,2016-11-20 12:00:00,70.0,0.0,0.0,INDOOR,indoor_controlled_daily_values,U.S. Bank Stadium,44.9738,-93.2575,,,,70.0,70.0,70.0,,,,,,,,70.0
2016_REG_11_BAL_DAL_20161120,2016-11-20 12:00:00,70.0,0.0,0.0,INDOOR,indoor_controlled_daily_values,AT&T Stadium,32.7473,-97.0945,,,,70.0,70.0,70.0,,,,,,,,70.0
2016_REG_11_BUF_CIN_20161120,2016-11-20 12:00:00,,,,,station_lookup_error,Paycor Stadium,39.0955,-84.516,,,,,,,,,,,,,,
2016_REG_11_CHI_NYG_20161120,2016-11-20 12:00:00,,,,,station_lookup_error,MetLife Stadium,40.8135,-74.0745,,,,,,,,,,,,,,
2016_REG_11_GB_WSH_20161120,2016-11-20 12:00:00,,,,,station_lookup_error,Northwest Stadium,38.9078,-76.8644,,,,,,,,,,,,,,
2016_REG_11_HOU_LV_20161121,2016-11-21 12:00:00,,,,,station_lookup_error,Estadio Azteca,19.3029,-99.1505,,,,,,,,,,,,,,
2016_REG_11_JAX_DET_20161120,2016-11-20 12:00:00,70.0,0.0,0.0,INDOOR,indoor_controlled_daily_values,Ford Field,42.34,-83.0456,,,,70.0,70.0,70.0,,,,,,,,70.0
2016_REG_11_MIA_LAR_20161120,2016-11-20 12:00:00,,,,,station_lookup_error,Los Angeles Memorial Coliseum,34.0141,-118.2879,,,,,,,,,,,,,,
2016_REG_11_NE_SF_20161120,2016-11-20 12:00:00,,,,,station_lookup_error,Levi's Stadium,37.403,-121.97,,,,,,,,,,,,,,
2016_REG_11_NO_CAR_20161117,2016-11-17 12:00:00,,,,,station_lookup_error,Bank of America Stadium,35.2258,-80.8528,,,,,,,,,,,,,,
2016_REG_11_PHI_SEA_20161120,2016-11-20 12:00:00,,,,,station_lookup_error,Lumen Field,47.5952,-122.3316,,,,,,,,,,,,,,
2016_REG_11_PIT_CLE_20161120,2016-11-20 12:00:00,,,,,station_lookup_error,Huntington Bank Field,41.5061,-81.6995,,,,,,,,,,,,,,
2016_REG_11_TB_KC_20161120,2016-11-20 12:00:00,,,,,station_lookup_error,Arrowhead Stadium,39.0489,-94.4839,,,,,,,,,,,,,,
2016_REG_11_TEN_IND_20161120,2016-11-20 12:00:00,70.0,0.0,0.0,INDOOR,indoor_controlled_daily_values,Lucas Oil Stadium,39.7601,-86.1639,,,,70.0,70.0,70.0,,,,,,,,70.0
2016_REG_12_ARI_ATL_20161127,2016-11-27 12:00:00,70.0,0.0,0.0,INDOOR,indoor_controlled_daily_values,Georgia Dome,33.7573,-84.4008,,,,70.0,70.0,70.0,,,,,,,,70.0
2016_REG_12_CAR_LV_20161127,2016-11-27 12:00:00,,,,,station_lookup_error,Oakland Coliseum,37.7516,-122.2005,,,,,,,,,,,,,,
2016_REG_12_CIN_BAL_20161127,2016-11-27 12:00:00,,,,,station_lookup_error,M&T Bank Stadium,39.278,-76.6227,,,,,,,,,,,,,,
2016_REG_12_GB_PHI_20161128,2016-11-28 12:00:00,,,,,station_lookup_error,Lincoln Financial Field,39.9008,-75.1675,,,,,,,,,,,,,,
2016_REG_12_JAX_BUF_20161127,2016-11-27 12:00:00,,,,,station_lookup_error,Highmark Stadium,42.7738,-78.7868,,,,,,,,,,,,,,
2016_REG_12_KC_DEN_20161127,2016-11-27 12:00:00,,,,,station_lookup_error,Empower Field at Mile High,39.7439,-105.0201,,,,,,,,,,,,,,
2016_REG_12_LAC_HOU_20161127,2016-11-27 12:00:00,70.0,0.0,0.0,INDOOR,indoor_controlled_daily_values,NRG Stadium,29.6847,-95.4107,,,,70.0,70.0,70.0,,,,,,,,70.0
2016_REG_12_LAR_NO_20161127,2016-11-27 12:00:00,70.0,0.0,0.0,INDOOR,indoor_controlled_daily_values,Caesars Superdome,29.9511,-90.0812,,,,70.0,70.0,70.0,,,,,,,,70.0
2016_REG_12_MIN_DET_20161124,2016-11-24 12:00:00,70.0,0.0,0.0,INDOOR,indoor_controlled_daily_values,Ford Field,42.34,-83.0456,,,,70.0,70.0,70.0,,,,,,,,70.0
2016_REG_12_NE_NYJ_20161127,2016-11-27 12:00:00,,,,,station_lookup_error,MetLife Stadium,40.8135,-74.0745,,,,,,,,,,,,,,
2016_REG_12_NYG_CLE_20161127,2016-11-27 12:00:00,,,,,station_lookup_error,Huntington Bank Field,41.5061,-81.6995,,,,,,,,,,,,,,
2016_REG_12_PIT_IND_20161124,2016-11-24 12:00:00,70.0,0.0,0.0,INDOOR,indoor_controlled_daily_values,Lucas Oil Stadium,39.7601,-86.1639,,,,70.0,70.0,70.0,,,,,,,,70.0
2016_REG_12_SEA_TB_20161127,2016-11-27 12:00:00,,,,,station_lookup_error,Raymond James Stadium,27.9759,-82.5033,,,,,,,,,,,,,,
2016_REG_12_SF_MIA_20161127,2016-11-27 12:00:00,,,,,station_lookup_error,Hard Rock Stadium,25.958,-80.2389,,,,,,,,,,,,,,
2016_REG_12_TEN_CHI_20161127,2016-11-27 12:00:00,,,,,station_lookup_error,Soldier Field,41.8623,-87.6167,,,,,,,,,,,,,,
2016_REG_12_WSH_DAL_20161124,2016-11-24 12:00:00,70.0,0.0,0.0,INDOOR,indoor_controlled_daily_values,AT&T Stadium,32.7473,-97.0945,,,,70.0,70.0,70.0,,,,,,,,70.0
2016_REG_13_BUF_LV_20161204,2016-12-04 12:00:00,,,,,station_lookup_error,Oakland Coliseum,37.7516,-122.2005,,,,,,,,,,,,,,
2016_REG_13_CAR_SEA_20161204,2016-12-04 12:00:00,,,,,station_lookup_error,Lumen Field,47.5952,-122.3316,,,,,,,,,,,,,,
2016_REG_13_DAL_MIN_20161201,2016-12-01 12:00:00,70.0,0.0,0.0,INDOOR,indoor_controlled_daily_values,U.S. Bank Stadium,44.9738,-93.2575,,,,70.0,70.0,70.0,,,,,,,,70.0
2016_REG_13_DEN_JAX_20161204,2016-12-04 12:00:00,,,,,station_lookup_error,EverBank Stadium,30.3239,-81.6373,,,,,,,,,,,,,,
2016_REG_13_DET_NO_20161204,2016-12-04 12:00:00,70.0,0.0,0.0,INDOOR,indoor_controlled_daily_values,Caesars Superdome,29.9511,-90.0812,,,,70.0,70.0,70.0,,,,,,,,70.0
2016_REG_13_HOU_GB_20161204,2016-12-04 12:00:00,,,,,station_lookup_error,Lambeau Field,44.5013,-88.0622,,,,,,,,,,,,,,
2016_REG_13_IND_NYJ_20161205,2016-12-05 12:00:00,,,,,station_lookup_error,MetLife Stadium,40.8135,-74.0745,,,,,,,,,,,,,,
2016_REG_13_KC_ATL_20161204,2016-12-04 12:00:00,70.0,0.0,0.0,INDOOR,indoor_controlled_daily_values,Georgia Dome,33.7573,-84.4008,,,,70.0,70.0,70.0,,,,,,,,70.0
2016_REG_13_LAR_NE_20161204,2016-12-04 12:00:00,,,,,station_lookup_error,Gillette Stadium,42.0909,-71.2643,,,,,,,,,,,,,,
2016_REG_13_MIA_BAL_20161204,2016-12-04 12:00:00,,,,,station_lookup_error,M&T Bank Stadium,39.278,-76.6227,,,,,,,,,,,,,,
2016_REG_13_NYG_PIT_20161204,2016-12-04 12:00:00,,,,,station_lookup_error,Acrisure Stadium,40.4468,-80.0158,,,,,,,,,,,,,,
2016_REG_13_PHI_CIN_20161204,2016-12-04 12:00:00,,,,,station_lookup_error,Paycor Stadium,39.0955,-84.516,,,,,,,,,,,,,,
2016_REG_13_SF_CHI_20161204,2016-12-04 12:00:00,,,,,station_lookup_error,Soldier Field,41.8623,-87.6167,,,,,,,,,,,,,,
2016_REG_13_TB_LAC_20161204,2016-12-04 12:00:00,,,,,station_lookup_error,Qualcomm Stadium,32.7831,-117.1195,,,,,,,,,,,,,,
2016_REG_13_WSH_ARI_20161204,2016-12-04 12:00:00,70.0,0.0,0.0,INDOOR,indoor_controlled_daily_values,State Farm Stadium,33.5276,-112.2626,,,,70.0,70.0,70.0,,,,,,,,70.0
2016_REG_14_ARI_MIA_20161211,2016-12-11 12:00:00,,,,,station_lookup_error,Hard Rock Stadium,25.958,-80.2389,,,,,,,,,,,,,,
2016_REG_14_ATL_LAR_20161211,2016-12-11 12:00:00,,,,,station_lookup_error,Los Angeles Memorial Coliseum,34.0141,-118.2879,,,,,,,,,,,,,,
2016_REG_14_BAL_NE_20161212,2016-12-12 12:00:00,,,,,station_lookup_error,Gillette Stadium,42.0909,-71.2643,,,,,,,,,,,,,,
2016_REG_14_CHI_DET_20161211,2016-12-11 12:00:00,70.0,0.0,0.0,INDOOR,indoor_controlled_daily_values,Ford Field,42.34,-83.0456,,,,70.0,70.0,70.0,,,,,,,,70.0
2016_REG_14_CIN_CLE_20161211,2016-12-11 12:00:00,,,,,station_lookup_error,Huntington Bank Field,41.5061,-81.6995,,,,,,,,,,,,,,
2016_REG_14_DAL_NYG_20161211,2016-12-11 12:00:00,,,,,station_lookup_error,MetLife Stadium,40.8135,-74.0745,,,,,,,,,,,,,,
2016_REG_14_DEN_TEN_20161211,2016-12-11 12:00:00,,,,,station_lookup_error,Nissan Stadium,36.1665,-86.7713,,,,,,,,,,,,,,
2016_REG_14_HOU_IND_20161211,2016-12-11 12:00:00,70.0,0.0,0.0,INDOOR,indoor_controlled_daily_values,Lucas Oil Stadium,39.7601,-86.1639,,,,70.0,70.0,70.0,,,,,,,,70.0
2016_REG_14_LAC_CAR_20161211,2016-12-11 12:00:00,,,,,station_lookup_error,Bank of America Stadium,35.2258,-80.8528,,,,,,,,,,,,,,
2016_REG_14_LV_KC_20161208,2016-12-08 12:00:00,,,,,station_lookup_error,Arrowhead Stadium,39.0489,-94.4839,,,,,,,,,,,,,,
2016_REG_14_MIN_JAX_20161211,2016-12-11 12:00:00,,,,,station_lookup_error,EverBank Stadium,30.3239,-81.6373,,,,,,,,,,,,,,
2016_REG_14_NO_TB_20161211,2016-12-11 12:00:00,,,,,station_lookup_error,Raymond James Stadium,27.9759,-82.5033,,,,,,,,,,,,,,
2016_REG_14_NYJ_SF_20161211,2016-12-11 12:00:00,,,,,station_lookup_error,Levi's Stadium,37.403,-121.97,,,,,,,,,,,,,,
2016_REG_14_PIT_BUF_20161211,2016-12-11 12:00:00,,,,,station_lookup_error,Highmark Stadium,42.7738,-78.7868,,,,,,,,,,,,,,
2016_REG_14_SEA_GB_20161211,2016-12-11 12:00:00,,,,,station_lookup_error,Lambeau Field,44.5013,-88.0622,,,,,,,,,,,,,,
2016_REG_14_WSH_PHI_20161211,2016-12-11 12:00:00,,,,,station_lookup_error,Lincoln Financial Field,39.9008,-75.1675,,,,,,,,,,,,,,
2016_REG_15_CAR_WSH_20161219,2016-12-19 12:00:00,,,,,station_lookup_error,Northwest Stadium,38.9078,-76.8644,,,,,,,,,,,,,,
2016_REG_15_CLE_BUF_20161218,2016-12-18 12:00:00,,,,,station_lookup_error,Highmark Stadium,42.7738,-78.7868,,,,,,,,,,,,,,
2016_REG_15_DET_NYG_20161218,2016-12-18 12:00:00,,,,,station_lookup_error,MetLife Stadium,40.8135,-74.0745,,,,,,,,,,,,,,
2016_REG_15_GB_CHI_20161218,2016-12-18 12:00:00,,,,,station_lookup_error,Soldier Field,41.8623,-87.6167,,,,,,,,,,,,,,
2016_REG_15_IND_MIN_20161218,2016-12-18 12:00:00,70.0,0.0,0.0,INDOOR,indoor_controlled_daily_values,U.S. Bank Stadium,44.9738,-93.2575,,,,70.0,70.0,70.0,,,,,,,,70.0
2016_REG_15_JAX_HOU_20161218,2016-12-18 12:00:00,70.0,0.0,0.0,INDOOR,indoor_controlled_daily_values,NRG Stadium,29.6847,-95.4107,,,,70.0,70.0,70.0,,,,,,,,70.0
2016_REG_15_LAR_SEA_20161215,2016-12-15 12:00:00,,,,,station_lookup_error,Lumen Field,47.5952,-122.3316,,,,,,,,,,,,,,
2016_REG_15_LV_LAC_20161218,2016-12-18 12:00:00,,,,,station_lookup_error,Qualcomm Stadium,32.7831,-117.1195,,,,,,,,,,,,,,
2016_REG_15_MIA_NYJ_20161217,2016-12-17 12:00:00,,,,,station_lookup_error,MetLife Stadium,40.8135,-74.0745,,,,,,,,,,,,,,
2016_REG_15_NE_DEN_20161218,2016-12-18 12:00:00,,,,,station_lookup_error,Empower Field at Mile High,39.7439,-105.0201,,,,,,,,,,,,,,
2016_REG_15_NO_ARI_20161218,2016-12-18 12:00:00,70.0,0.0,0.0,INDOOR,indoor_controlled_daily_values,State Farm Stadium,33.5276,-112.2626,,,,70.0,70.0,70.0,,,,,,,,70.0
2016_REG_15_PHI_BAL_20161218,2016-12-18 12:00:00,,,,,station_lookup_error,M&T Bank Stadium,39.278,-76.6227,,,,,,,,,,,,,,
2016_REG_15_PIT_CIN_20161218,2016-12-18 12:00:00,,,,,station_lookup_error,Paycor Stadium,39.0955,-84.516,,,,,,,,,,,,,,
2016_REG_15_SF_ATL_20161218,2016-12-18 12:00:00,70.0,0.0,0.0,INDOOR,indoor_controlled_daily_values,Georgia Dome,33.7573,-84.4008,,,,70.0,70.0,70.0,,,,,,,,70.0
2016_REG_15_TB_DAL_20161218,2016-12-18 12:00:00,70.0,0.0,0.0,INDOOR,indoor_controlled_daily_values,AT&T Stadium,32.7473,-97.0945,,,,70.0,70.0,70.0,,,,,,,,70.0
2016_REG_15_TEN_KC_20161218,2016-12-18 12:00:00,,,,,station_lookup_error,Arrowhead Stadium,39.0489,-94.4839,,,,,,,,,,,,,,
2016_REG_16_ARI_SEA_20161224,2016-12-24 12:00:00,,,,,station_lookup_error,Lumen Field,47.5952,-122.3316,,,,,,,,,,,,,,
2016_REG_16_ATL_CAR_20161224,2016-12-24 12:00:00,,,,,station_lookup_error,Bank of America Stadium,35.2258,-80.8528,,,,,,,,,,,,,,
2016_REG_16_BAL_PIT_20161225,2016-12-25 12:00:00,,,,,station_lookup_error,Acrisure Stadium,40.4468,-80.0158,,,,,,,,,,,,,,
2016_REG_16_CIN_HOU_20161224,2016-12-24 12:00:00,70.0,0.0,0.0,INDOOR,indoor_controlled_daily_values,NRG Stadium,29.6847,-95.4107,,,,70.0,70.0,70.0,,,,,,,,70.0
2016_REG_16_DEN_KC_20161225,2016-12-25 12:00:00,,,,,station_lookup_error,Arrowhead Stadium,39.0489,-94.4839,,,,,,,,,,,,,,
2016_REG_16_DET_DAL_20161226,2016-12-26 12:00:00,70.0,0.0,0.0,INDOOR,indoor_controlled_daily_values,AT&T Stadium,32.7473,-97.0945,,,,70.0,70.0,70.0,,,,,,,,70.0
2016_REG_16_IND_LV_20161224,2016-12-24 12:00:00,,,,,station_lookup_error,Oakland Coliseum,37.7516,-122.2005,,,,,,,,,,,,,,
2016_REG_16_LAC_CLE_20161224,2016-12-24 12:00:00,,,,,station_lookup_error,Huntington Bank Field,41.5061,-81.6995,,,,,,,,,,,,,,
2016_REG_16_MIA_BUF_20161224,2016-12-24 12:00:00,,,,,station_lookup_error,Highmark Stadium,42.7738,-78.7868,,,,,,,,,,,,,,
2016_REG_16_MIN_GB_20161224,2016-12-24 12:00:00,,,,,station_lookup_error,Lambeau Field,44.5013,-88.0622,,,,,,,,,,,,,,
2016_REG_16_NYG_PHI_20161222,2016-12-22 12:00:00,,,,,station_lookup_error,Lincoln Financial Field,39.9008,-75.1675,,,,,,,,,,,,,,
2016_REG_16_NYJ_NE_20161224,2016-12-24 12:00:00,,,,,station_lookup_error,Gillette Stadium,42.0909,-71.2643,,,,,,,,,,,,,,
2016_REG_16_SF_LAR_20161224,2016-12-24 12:00:00,,,,,station_lookup_error,Los Angeles Memorial Coliseum,34.0141,-118.2879,,,,,,,,,,,,,,
2016_REG_16_TB_NO_20161224,2016-12-24 12:00:00,70.0,0.0,0.0,INDOOR,indoor_controlled_daily_values,Caesars Superdome,29.9511,-90.0812,,,,70.0,70.0,70.0,,,,,,,,70.0
2016_REG_16_TEN_JAX_20161224,2016-12-24 12:00:00,,,,,station_lookup_error,EverBank Stadium,30.3239,-81.6373,,,,,,,,,,,,,,
2016_REG_16_WSH_CHI_20161224,2016-12-24 12:00:00,,,,,station_lookup_error,Soldier Field,41.8623,-87.6167,,,,,,,,,,,,,,
2016_REG_17_ARI_LAR_20170101,2017-01-01 12:00:00,,,,,station_lookup_error,Los Angeles Memorial Coliseum,34.0141,-118.2879,,,,,,,,,,,,,,
2016_REG_17_BAL_CIN_20170101,2017-01-01 12:00:00,,,,,station_lookup_error,Paycor Stadium,39.0955,-84.516,,,,,,,,,,,,,,
2016_REG_17_BUF_NYJ_20170101,2017-01-01 12:00:00,,,,,station_lookup_error,MetLife Stadium,40.8135,-74.0745,,,,,,,,,,,,,,
2016_REG_17_CAR_TB_20170101,2017-01-01 12:00:00,,,,,station_lookup_error,Raymond James Stadium,27.9759,-82.5033,,,,,,,,,,,,,,
2016_REG_17_CHI_MIN_20170101,2017-01-01 12:00:00,70.0,0.0,0.0,INDOOR,indoor_controlled_daily_values,U.S. Bank Stadium,44.9738,-93.2575,,,,70.0,70.0,70.0,,,,,,,,70.0
2016_REG_17_CLE_PIT_20170101,2017-01-01 12:00:00,,,,,station_lookup_error,Acrisure Stadium,40.4468,-80.0158,,,,,,,,,,,,,,
2016_REG_17_DAL_PHI_20170101,2017-01-01 12:00:00,,,,,station_lookup_error,Lincoln Financial Field,39.9008,-75.1675,,,,,,,,,,,,,,
2016_REG_17_GB_DET_20170101,2017-01-01 12:00:00,70.0,0.0,0.0,INDOOR,indoor_controlled_daily_values,Ford Field,42.34,-83.0456,,,,70.0,70.0,70.0,,,,,,,,70.0
2016_REG_17_HOU_TEN_20170101,2017-01-01 12:00:00,,,,,station_lookup_error,Nissan Stadium,36.1665,-86.7713,,,,,,,,,,,,,,
2016_REG_17_JAX_IND_20170101,2017-01-01 12:00:00,70.0,0.0,0.0,INDOOR,indoor_controlled_daily_values,Lucas Oil Stadium,39.7601,-86.1639,,,,70.0,70.0,70.0,,,,,,,,70.0
2016_REG_17_KC_LAC_20170101,2017-01-01 12:00:00,,,,,station_lookup_error,Qualcomm Stadium,32.7831,-117.1195,,,,,,,,,,,,,,
2016_REG_17_LV_DEN_20170101,2017-01-01 12:00:00,,,,,station_lookup_error,Empower Field at Mile High,39.7439,-105.0201,,,,,,,,,,,,,,
2016_REG_17_NE_MIA_20170101,2017-01-01 12:00:00,,,,,station_lookup_error,Hard Rock Stadium,25.958,-80.2389,,,,,,,,,,,,,,
2016_REG_17_NO_ATL_20170101,2017-01-01 12:00:00,70.0,0.0,0.0,INDOOR,indoor_controlled_daily_values,Georgia Dome,33.7573,-84.4008,,,,70.0,70.0,70.0,,,,,,,,70.0
2016_REG_17_NYG_WSH_20170101,2017-01-01 12:00:00,,,,,station_lookup_error,Northwest Stadium,38.9078,-76.8644,,,,,,,,,,,,,,
2016_REG_17_SEA_SF_20170101,2017-01-01 12:00:00,,,,,station_lookup_error,Levi's Stadium,37.403,-121.97,,,,,,,,,,,,,,
2016_POST_18_DET_SEA_20170107,2017-01-07 12:00:00,,,,,station_lookup_error,Lumen Field,47.5952,-122.3316,,,,,,,,,,,,,,
2016_POST_18_LV_HOU_20170107,2017-01-07 12:00:00,70.0,0.0,0.0,INDOOR,indoor_controlled_daily_values,NRG Stadium,29.6847,-95.4107,,,,70.0,70.0,70.0,,,,,,,,70.0
2016_POST_18_MIA_PIT_20170108,2017-01-08 12:00:00,,,,,station_lookup_error,Acrisure Stadium,40.4468,-80.0158,,,,,,,,,,,,,,
2016_POST_18_NYG_GB_20170108,2017-01-08 12:00:00,,,,,station_lookup_error,Lambeau Field,44.5013,-88.0622,,,,,,,,,,,,,,
2016_POST_19_GB_DAL_20170115,2017-01-15 12:00:00,70.0,0.0,0.0,INDOOR,indoor_controlled_daily_values,AT&T Stadium,32.7473,-97.0945,,,,70.0,70.0,70.0,,,,,,,,70.0
2016_POST_19_HOU_NE_20170114,2017-01-14 12:00:00,,,,,station_lookup_error,Gillette Stadium,42.0909,-71.2643,,,,,,,,,,,,,,
2016_POST_19_PIT_KC_20170115,2017-01-15 12:00:00,,,,,station_lookup_error,Arrowhead Stadium,39.0489,-94.4839,,,,,,,,,,,,,,
2016_POST_19_SEA_ATL_20170114,2017-01-14 12:00:00,70.0,0.0,0.0,INDOOR,indoor_controlled_daily_values,Georgia Dome,33.7573,-84.4008,,,,70.0,70.0,70.0,,,,,,,,70.0
2016_CON_20_GB_ATL_20170122,2017-01-22 12:00:00,70.0,0.0,0.0,INDOOR,indoor_controlled_daily_values,Georgia Dome,33.7573,-84.4008,,,,70.0,70.0,70.0,,,,,,,,70.0
2016_CON_20_PIT_NE_20170122,2017-01-22 12:00:00,,,,,station_lookup_error,Gillette Stadium,42.0909,-71.2643,,,,,,,,,,,,,,
2016_POST_21_NE_ATL_20170205,2017-02-05 12:00:00,70.0,0.0,0.0,INDOOR,indoor_controlled_daily_values,NRG Stadium,29.6847,-95.4107,,,,70.0,70.0,70.0,,,,,,,,70.0
2017_REG_01_ARI_DET_20170910,2017-09-10 12:00:00,70.0,0.0,0.0,INDOOR,indoor_controlled_daily_values,Ford Field,42.34,-83.0456,,,,70.0,70.0,70.0,,,,,,,,70.0
2017_REG_01_ATL_CHI_20170910,2017-09-10 12:00:00,,,,,station_lookup_error,Soldier Field,41.8623,-87.6167,,,,,,,,,,,,,,
2017_REG_01_BAL_CIN_20170910,2017-09-10 12:00:00,,,,,station_lookup_error,Paycor Stadium,39.0955,-84.516,,,,,,,,,,,,,,
2017_REG_01_CAR_SF_20170910,2017-09-10 12:00:00,,,,,station_lookup_error,Levi's Stadium,37.403,-121.97,,,,,,,,,,,,,,
2017_REG_01_IND_LAR_20170910,2017-09-10 12:00:00,,,,,station_lookup_error,Los Angeles Memorial Coliseum,34.0141,-118.2879,,,,,,,,,,,,,,
2017_REG_01_JAX_HOU_20170910,2017-09-10 12:00:00,70.0,0.0,0.0,INDOOR,indoor_controlled_daily_values,NRG Stadium,29.6847,-95.4107,,,,70.0,70.0,70.0,,,,,,,,70.0
2017_REG_01_KC_NE_20170907,2017-09-07 12:00:00,,,,,station_lookup_error,Gillette Stadium,42.0909,-71.2643,,,,,,,,,,,,,,
2017_REG_01_LAC_DEN_20170911,2017-09-11 12:00:00,,,,,station_lookup_error,Empower Field at Mile High,39.7439,-105.0201,,,,,,,,,,,,,,
2017_REG_01_LV_TEN_20170910,2017-09-10 12:00:00,,,,,station_lookup_error,Nissan Stadium,36.1665,-86.7713,,,,,,,,,,,,,,
2017_REG_01_NO_MIN_20170911,2017-09-11 12:00:00,70.0,0.0,0.0,INDOOR,indoor_controlled_daily_values,U.S. Bank Stadium,44.9738,-93.2575,,,,70.0,70.0,70.0,,,,,,,,70.0
2017_REG_01_NYG_DAL_20170910,2017-09-10 12:00:00,70.0,0.0,0.0,INDOOR,indoor_controlled_daily_values,AT&T Stadium,32.7473,-97.0945,,,,70.0,70.0,70.0,,,,,,,,70.0
2017_REG_01_NYJ_BUF_20170910,2017-09-10 12:00:00,,,,,station_lookup_error,Highmark Stadium,42.7738,-78.7868,,,,,,,,,,,,,,
2017_REG_01_PHI_WSH_20170910,2017-09-10 12:00:00,,,,,station_lookup_error,Northwest Stadium,38.9078,-76.8644,,,,,,,,,,,,,,
2017_REG_01_PIT_CLE_20170910,2017-09-10 12:00:00,,,,,station_lookup_error,Huntington Bank Field,41.5061,-81.6995,,,,,,,,,,,,,,
2017_REG_01_SEA_GB_20170910,2017-09-10 12:00:00,,,,,station_lookup_error,Lambeau Field,44.5013,-88.0622,,,,,,,,,,,,,,
2017_REG_02_ARI_IND_20170917,2017-09-17 12:00:00,70.0,0.0,0.0,INDOOR,indoor_controlled_daily_values,Lucas Oil Stadium,39.7601,-86.1639,,,,70.0,70.0,70.0,,,,,,,,70.0
2017_REG_02_BUF_CAR_20170917,2017-09-17 12:00:00,,,,,station_lookup_error,Bank of America Stadium,35.2258,-80.8528,,,,,,,,,,,,,,
2017_REG_02_CHI_TB_20170917,2017-09-17 12:00:00,,,,,station_lookup_error,Raymond James Stadium,27.9759,-82.5033,,,,,,,,,,,,,,
2017_REG_02_CLE_BAL_20170917,2017-09-17 12:00:00,,,,,station_lookup_error,M&T Bank Stadium,39.278,-76.6227,,,,,,,,,,,,,,
2017_REG_02_DAL_DEN_20170917,2017-09-17 12:00:00,,,,,station_lookup_error,Empower Field at Mile High,39.7439,-105.0201,,,,,,,,,,,,,,
2017_REG_02_DET_NYG_20170918,2017-09-18 12:00:00,,,,,station_lookup_error,MetLife Stadium,40.8135,-74.0745,,,,,,,,,,,,,,
2017_REG_02_GB_ATL_20170917,2017-09-17 12:00:00,70.0,0.0,0.0,INDOOR,indoor_controlled_daily_values,Mercedes-Benz Stadium,33.7554,-84.4009,,,,70.0,70.0,70.0,,,,,,,,70.0
2017_REG_02_HOU_CIN_20170914,2017-09-14 12:00:00,,,,,station_lookup_error,Paycor Stadium,39.0955,-84.516,,,,,,,,,,,,,,
2017_REG_02_MIA_LAC_20170917,2017-09-17 12:00:00,,,,,station_lookup_error,StubHub Center,33.8644,-118.2611,,,,,,,,,,,,,,
2017_REG_02_MIN_PIT_20170917,2017-09-17 12:00:00,,,,,station_lookup_error,Acrisure Stadium,40.4468,-80.0158,,,,,,,,,,,,,,
2017_REG_02_NE_NO_20170917,2017-09-17 12:00:00,70.0,0.0,0.0,INDOOR,indoor_controlled_daily_values,Caesars Superdome,29.9511,-90.0812,,,,70.0,70.0,70.0,,,,,,,,70.0
2017_REG_02_NYJ_LV_20170917,2017-09-17 12:00:00,,,,,station_lookup_error,Oakland Coliseum,37.7516,-122.2005,,,,,,,,,,,,,,
2017_REG_02_PHI_KC_20170917,2017-09-17 12:00:00,,,,,station_lookup_error,Arrowhead Stadium,39.0489,-94.4839,,,,,,,,,,,,,,
2017_REG_02_SF_SEA_20170917,2017-09-17 12:00:00,,,,,station_lookup_error,Lumen Field,47.5952,-122.3316,,,,,,,,,,,,,,
2017_REG_02_TEN_JAX_20170917,2017-09-17 12:00:00,,,,,station_lookup_error,EverBank Stadium,30.3239,-81.6373,,,,,,,,,,,,,,
2017_REG_02_WSH_LAR_20170917,2017-09-17 12:00:00,,,,,station_lookup_error,Los Angeles Memorial Coliseum,34.0141,-118.2879,,,,,,,,,,,,,,
2017_REG_03_ATL_DET_20170924,2017-09-24 12:00:00,70.0,0.0,0.0,INDOOR,indoor_controlled_daily_values,Ford Field,42.34,-83.0456,,,,70.0,70.0,70.0,,,,,,,,70.0
2017_REG_03_BAL_JAX_20170924,2017-09-24 12:00:00,,,,,station_lookup_error,Wembley Stadium,51.556,-0.2796,,,,,,,,,,,,,,
2017_REG_03_CIN_GB_20170924,2017-09-24 12:00:00,,,,,station_lookup_error,Lambeau Field,44.5013,-88.0622,,,,,,,,,,,,,,
2017_REG_03_CLE_IND_20170924,2017-09-24 12:00:00,70.0,0.0,0.0,INDOOR,indoor_controlled_daily_values,Lucas Oil Stadium,39.7601,-86.1639,,,,70.0,70.0,70.0,,,,,,,,70.0
2017_REG_03_DAL_ARI_20170925,2017-09-25 12:00:00,70.0,0.0,0.0,INDOOR,indoor_controlled_daily_values,State Farm Stadium,33.5276,-112.2626,,,,70.0,70.0,70.0,,,,,,,,70.0
2017_REG_03_DEN_BUF_20170924,2017-09-24 12:00:00,,,,,station_lookup_error,Highmark Stadium,42.7738,-78.7868,,,,,,,,,,,,,,
2017_REG_03_HOU_NE_20170924,2017-09-24 12:00:00,,,,,station_lookup_error,Gillette Stadium,42.0909,-71.2643,,,,,,,,,,,,,,
2017_REG_03_KC_LAC_20170924,2017-09-24 12:00:00,,,,,station_lookup_error,StubHub Center,33.8644,-118.2611,,,,,,,,,,,,,,
2017_REG_03_LAR_SF_20170921,2017-09-21 12:00:00,,,,,station_lookup_error,Levi's Stadium,37.403,-121.97,,,,,,,,,,,,,,
2017_REG_03_LV_WSH_20170924,2017-09-24 12:00:00,,,,,station_lookup_error,Northwest Stadium,38.9078,-76.8644,,,,,,,,,,,,,,
2017_REG_03_MIA_NYJ_20170924,2017-09-24 12:00:00,,,,,station_lookup_error,MetLife Stadium,40.8135,-74.0745,,,,,,,,,,,,,,
2017_REG_03_NO_CAR_20170924,2017-09-24 12:00:00,,,,,station_lookup_error,Bank of America Stadium,35.2258,-80.8528,,,,,,,,,,,,,,
2017_REG_03_NYG_PHI_20170924,2017-09-24 12:00:00,,,,,station_lookup_error,Lincoln Financial Field,39.9008,-75.1675,,,,,,,,,,,,,,
2017_REG_03_PIT_CHI_20170924,2017-09-24 12:00:00,,,,,station_lookup_error,Soldier Field,41.8623,-87.6167,,,,,,,,,,,,,,
2017_REG_03_SEA_TEN_20170924,2017-09-24 12:00:00,,,,,station_lookup_error,Nissan Stadium,36.1665,-86.7713,,,,,,,,,,,,,,
2017_REG_03_TB_MIN_20170924,2017-09-24 12:00:00,70.0,0.0,0.0,INDOOR,indoor_controlled_daily_values,U.S. Bank Stadium,44.9738,-93.2575,,,,70.0,70.0,70.0,,,,,,,,70.0
2017_REG_04_BUF_ATL_20171001,2017-10-01 12:00:00,70.0,0.0,0.0,INDOOR,indoor_controlled_daily_values,Mercedes-Benz Stadium,33.7554,-84.4009,,,,70.0,70.0,70.0,,,,,,,,70.0
2017_REG_04_CAR_NE_20171001,2017-10-01 12:00:00,,,,,station_lookup_error,Gillette Stadium,42.0909,-71.2643,,,,,,,,,,,,,,
2017_REG_04_CHI_GB_20170928,2017-09-28 12:00:00,,,,,station_lookup_error,Lambeau Field,44.5013,-88.0622,,,,,,,,,,,,,,
2017_REG_04_CIN_CLE_20171001,2017-10-01 12:00:00,,,,,station_lookup_error,Huntington Bank Field,41.5061,-81.6995,,,,,,,,,,,,,,
2017_REG_04_DET_MIN_20171001,2017-10-01 12:00:00,70.0,0.0,0.0,INDOOR,indoor_controlled_daily_values,U.S. Bank Stadium,44.9738,-93.2575,,,,70.0,70.0,70.0,,,,,,,,70.0
2017_REG_04_IND_SEA_20171001,2017-10-01 12:00:00,,,,,station_lookup_error,Lumen Field,47.5952,-122.3316,,,,,,,,,,,,,,
2017_REG_04_JAX_NYJ_20171001,2017-10-01 12:00:00,,,,,station_lookup_error,MetLife Stadium,40.8135,-74.0745,,,,,,,,,,,,,,
2017_REG_04_LAR_DAL_20171001,2017-10-01 12:00:00,70.0,0.0,0.0,INDOOR,indoor_controlled_daily_values,AT&T Stadium,32.7473,-97.0945,,,,70.0,70.0,70.0,,,,,,,,70.0
2017_REG_04_LV_DEN_20171001,2017-10-01 12:00:00,,,,,station_lookup_error,Empower Field at Mile High,39.7439,-105.0201,,,,,,,,,,,,,,
2017_REG_04_NO_MIA_20171001,2017-10-01 12:00:00,,,,,station_lookup_error,Wembley Stadium,51.556,-0.2796,,,,,,,,,,,,,,
2017_REG_04_NYG_TB_20171001,2017-10-01 12:00:00,,,,,station_lookup_error,Raymond James Stadium,27.9759,-82.5033,,,,,,,,,,,,,,
2017_REG_04_PHI_LAC_20171001,2017-10-01 12:00:00,,,,,station_lookup_error,StubHub Center,33.8644,-118.2611,,,,,,,,,,,,,,
2017_REG_04_PIT_BAL_20171001,2017-10-01 12:00:00,,,,,station_lookup_error,M&T Bank Stadium,39.278,-76.6227,,,,,,,,,,,,,,
2017_REG_04_SF_ARI_20171001,2017-10-01 12:00:00,70.0,0.0,0.0,INDOOR,indoor_controlled_daily_values,State Farm Stadium,33.5276,-112.2626,,,,70.0,70.0,70.0,,,,,,,,70.0
2017_REG_04_TEN_HOU_20171001,2017-10-01 12:00:00,70.0,0.0,0.0,INDOOR,indoor_controlled_daily_values,NRG Stadium,29.6847,-95.4107,,,,70.0,70.0,70.0,,,,,,,,70.0
2017_REG_04_WSH_KC_20171002,2017-10-02 12:00:00,,,,,station_lookup_error,Arrowhead Stadium,39.0489,-94.4839,,,,,,,,,,,,,,
2017_REG_05_ARI_PHI_20171008,2017-10-08 12:00:00,,,,,station_lookup_error,Lincoln Financial Field,39.9008,-75.1675,,,,,,,,,,,,,,
2017_REG_05_BAL_LV_20171008,2017-10-08 12:00:00,,,,,station_lookup_error,Oakland Coliseum,37.7516,-122.2005,,,,,,,,,,,,,,
2017_REG_05_BUF_CIN_20171008,2017-10-08 12:00:00,,,,,station_lookup_error,Paycor Stadium,39.0955,-84.516,,,,,,,,,,,,,,
2017_REG_05_CAR_DET_20171008,2017-10-08 12:00:00,70.0,0.0,0.0,INDOOR,indoor_controlled_daily_values,Ford Field,42.34,-83.0456,,,,70.0,70.0,70.0,,,,,,,,70.0
2017_REG_05_GB_DAL_20171008,2017-10-08 12:00:00,70.0,0.0,0.0,INDOOR,indoor_controlled_daily_values,AT&T Stadium,32.7473,-97.0945,,,,70.0,70.0,70.0,,,,,,,,70.0
2017_REG_05_JAX_PIT_20171008,2017-10-08 12:00:00,,,,,station_lookup_error,Acrisure Stadium,40.4468,-80.0158,,,,,,,,,,,,,,
2017_REG_05_KC_HOU_20171008,2017-10-08 12:00:00,70.0,0.0,0.0,INDOOR,indoor_controlled_daily_values,NRG Stadium,29.6847,-95.4107,,,,70.0,70.0,70.0,,,,,,,,70.0
2017_REG_05_LAC_NYG_20171008,2017-10-08 12:00:00,,,,,station_lookup_error,MetLife Stadium,40.8135,-74.0745,,,,,,,,,,,,,,
2017_REG_05_MIN_CHI_20171009,2017-10-09 12:00:00,,,,,station_lookup_error,Soldier Field,41.8623,-87.6167,,,,,,,,,,,,,,
2017_REG_05_NE_TB_20171005,2017-10-05 12:00:00,,,,,station_lookup_error,Raymond James Stadium,27.9759,-82.5033,,,,,,,,,,,,,,
2017_REG_05_NYJ_CLE_20171008,2017-10-08 12:00:00,,,,,station_lookup_error,Huntington Bank Field,41.5061,-81.6995,,,,,,,,,,,,,,
2017_REG_05_SEA_LAR_20171008,2017-10-08 12:00:00,,,,,station_lookup_error,Los Angeles Memorial Coliseum,34.0141,-118.2879,,,,,,,,,,,,,,
2017_REG_05_SF_IND_20171008,2017-10-08 12:00:00,70.0,0.0,0.0,INDOOR,indoor_controlled_daily_values,Lucas Oil Stadium,39.7601,-86.1639,,,,70.0,70.0,70.0,,,,,,,,70.0
2017_REG_05_TEN_MIA_20171008,2017-10-08 12:00:00,,,,,station_lookup_error,Hard Rock Stadium,25.958,-80.2389,,,,,,,,,,,,,,
2017_REG_06_CHI_BAL_20171015,2017-10-15 12:00:00,,,,,station_lookup_error,M&T Bank Stadium,39.278,-76.6227,,,,,,,,,,,,,,
2017_REG_06_CLE_HOU_20171015,2017-10-15 12:00:00,70.0,0.0,0.0,INDOOR,indoor_controlled_daily_values,NRG Stadium,29.6847,-95.4107,,,,70.0,70.0,70.0,,,,,,,,70.0
2017_REG_06_DET_NO_20171015,2017-10-15 12:00:00,70.0,0.0,0.0,INDOOR,indoor_controlled_daily_values,Caesars Superdome,29.9511,-90.0812,,,,70.0,70.0,70.0,,,,,,,,70.0
2017_REG_06_GB_MIN_20171015,2017-10-15 12:00:00,70.0,0.0,0.0,INDOOR,indoor_controlled_daily_values,U.S. Bank Stadium,44.9738,-93.2575,,,,70.0,70.0,70.0,,,,,,,,70.0
2017_REG_06_IND_TEN_20171016,2017-10-16 12:00:00,,,,,station_lookup_error,Nissan Stadium,36.1665,-86.7713,,,,,,,,,,,,,,
2017_REG_06_LAC_LV_20171015,2017-10-15 12:00:00,,,,,station_lookup_error,Oakland Coliseum,37.7516,-122.2005,,,,,,,,,,,,,,
2017_REG_06_LAR_JAX_20171015,2017-10-15 12:00:00,,,,,station_lookup_error,EverBank Stadium,30.3239,-81.6373,,,,,,,,,,,,,,
2017_REG_06_MIA_ATL_20171015,2017-10-15 12:00:00,70.0,0.0,0.0,INDOOR,indoor_controlled_daily_values,Mercedes-Benz Stadium,33.7554,-84.4009,,,,70.0,70.0,70.0,,,,,,,,70.0
2017_REG_06_NE_NYJ_20171015,2017-10-15 12:00:00,,,,,station_lookup_error,MetLife Stadium,40.8135,-74.0745,,,,,,,,,,,,,,
2017_REG_06_NYG_DEN_20171015,2017-10-15 12:00:00,,,,,station_lookup_error,Empower Field at Mile High,39.7439,-105.0201,,,,,,,,,,,,,,
2017_REG_06_PHI_CAR_20171012,2017-10-12 12:00:00,,,,,station_lookup_error,Bank of America Stadium,35.2258,-80.8528,,,,,,,,,,,,,,
2017_REG_06_PIT_KC_20171015,2017-10-15 12:00:00,,,,,station_lookup_error,Arrowhead Stadium,39.0489,-94.4839,,,,,,,,,,,,,,
2017_REG_06_SF_WSH_20171015,2017-10-15 12:00:00,,,,,station_lookup_error,Northwest Stadium,38.9078,-76.8644,,,,,,,,,,,,,,
2017_REG_06_TB_ARI_20171015,2017-10-15 12:00:00,70.0,0.0,0.0,INDOOR,indoor_controlled_daily_values,State Farm Stadium,33.5276,-112.2626,,,,70.0,70.0,70.0,,,,,,,,70.0
2017_REG_07_ARI_LAR_20171022,2017-10-22 12:00:00,,,,,station_lookup_error,Twickenham Stadium,51.4559,-0.3417,,,,,,,,,,,,,,
2017_REG_07_ATL_NE_20171022,2017-10-22 12:00:00,,,,,station_lookup_error,Gillette Stadium,42.0909,-71.2643,,,,,,,,,,,,,,
2017_REG_07_BAL_MIN_20171022,2017-10-22 12:00:00,70.0,0.0,0.0,INDOOR,indoor_controlled_daily_values,U.S. Bank Stadium,44.9738,-93.2575,,,,70.0,70.0,70.0,,,,,,,,70.0
2017_REG_07_CAR_CHI_20171022,2017-10-22 12:00:00,,,,,station_lookup_error,Soldier Field,41.8623,-87.6167,,,,,,,,,,,,,,
2017_REG_07_CIN_PIT_20171022,2017-10-22 12:00:00,,,,,station_lookup_error,Acrisure Stadium,40.4468,-80.0158,,,,,,,,,,,,,,
2017_REG_07_DAL_SF_20171022,2017-10-22 12:00:00,,,,,station_lookup_error,Levi's Stadium,37.403,-121.97,,,,,,,,,,,,,,
2017_REG_07_DEN_LAC_20171022,2017-10-22 12:00:00,,,,,station_lookup_error,StubHub Center,33.8644,-118.2611,,,,,,,,,,,,,,
2017_REG_07_JAX_IND_20171022,2017-10-22 12:00:00,70.0,0.0,0.0,INDOOR,indoor_controlled_daily_values,Lucas Oil Stadium,39.7601,-86.1639,,,,70.0,70.0,70.0,,,,,,,,70.0
2017_REG_07_KC_LV_20171019,2017-10-19 12:00:00,,,,,station_lookup_error,Oakland Coliseum,37.7516,-122.2005,,,,,,,,,,,,,,
2017_REG_07_NO_GB_20171022,2017-10-22 12:00:00,,,,,station_lookup_error,Lambeau Field,44.5013,-88.0622,,,,,,,,,,,,,,
2017_REG_07_NYJ_MIA_20171022,2017-10-22 12:00:00,,,,,station_lookup_error,Hard Rock Stadium,25.958,-80.2389,,,,,,,,,,,,,,
2017_REG_07_SEA_NYG_20171022,2017-10-22 12:00:00,,,,,station_lookup_error,MetLife Stadium,40.8135,-74.0745,,,,,,,,,,,,,,
2017_REG_07_TB_BUF_20171022,2017-10-22 12:00:00,,,,,station_lookup_error,Highmark Stadium,42.7738,-78.7868,,,,,,,,,,,,,,
2017_REG_07_TEN_CLE_20171022,2017-10-22 12:00:00,,,,,station_lookup_error,Huntington Bank Field,41.5061,-81.6995,,,,,,,,,,,,,,
2017_REG_07_WSH_PHI_20171023,2017-10-23 12:00:00,,,,,station_lookup_error,Lincoln Financial Field,39.9008,-75.1675,,,,,,,,,,,,,,
2017_REG_08_ATL_NYJ_20171029,2017-10-29 12:00:00,,,,,station_lookup_error,MetLife Stadium,40.8135,-74.0745,,,,,,,,,,,,,,
2017_REG_08_CAR_TB_20171029,2017-10-29 12:00:00,,,,,station_lookup_error,Raymond James Stadium,27.9759,-82.5033,,,,,,,,,,,,,,
2017_REG_08_CHI_NO_20171029,2017-10-29 12:00:00,70.0,0.0,0.0,INDOOR,indoor_controlled_daily_values,Caesars Superdome,29.9511,-90.0812,,,,70.0,70.0,70.0,,,,,,,,70.0
2017_REG_08_DAL_WSH_20171029,2017-10-29 12:00:00,,,,,station_lookup_error,Northwest Stadium,38.9078,-76.8644,,,,,,,,,,,,,,
2017_REG_08_DEN_KC_20171030,2017-10-30 12:00:00,,,,,station_lookup_error,Arrowhead Stadium,39.0489,-94.4839,,,,,,,,,,,,,,
2017_REG_08_HOU_SEA_20171029,2017-10-29 12:00:00,,,,,station_lookup_error,Lumen Field,47.5952,-122.3316,,,,,,,,,,,,,,
2017_REG_08_IND_CIN_20171029,2017-10-29 12:00:00,,,,,station_lookup_error,Paycor Stadium,39.0955,-84.516,,,,,,,,,,,,,,
2017_REG_08_LAC_NE_20171029,2017-10-29 12:00:00,,,,,station_lookup_error,Gillette Stadium,42.0909,-71.2643,,,,,,,,,,,,,,
2017_REG_08_LV_BUF_20171029,2017-10-29 12:00:00,,,,,station_lookup_error,Highmark Stadium,42.7738,-78.7868,,,,,,,,,,,,,,
2017_REG_08_MIA_BAL_20171026,2017-10-26 12:00:00,,,,,station_lookup_error,M&T Bank Stadium,39.278,-76.6227,,,,,,,,,,,,,,
2017_REG_08_MIN_CLE_20171029,2017-10-29 12:00:00,,,,,station_lookup_error,Twickenham Stadium,51.4559,-0.3417,,,,,,,,,,,,,,
2017_REG_08_PIT_DET_20171029,2017-10-29 12:00:00,70.0,0.0,0.0,INDOOR,indoor_controlled_daily_values,Ford Field,42.34,-83.0456,,,,70.0,70.0,70.0,,,,,,,,70.0
2017_REG_08_SF_PHI_20171029,2017-10-29 12:00:00,,,,,station_lookup_error,Lincoln Financial Field,39.9008,-75.1675,,,,,,,,,,,,,,
2017_REG_09_ARI_SF_20171105,2017-11-05 12:00:00,,,,,station_lookup_error,Levi's Stadium,37.403,-121.97,,,,,,,,,,,,,,
2017_REG_09_ATL_CAR_20171105,2017-11-05 12:00:00,,,,,station_lookup_error,Bank of America Stadium,35.2258,-80.8528,,,,,,,,,,,,,,
2017_REG_09_BAL_TEN_20171105,2017-11-05 12:00:00,,,,,station_lookup_error,Nissan Stadium,36.1665,-86.7713,,,,,,,,,,,,,,
2017_REG_09_BUF_NYJ_20171102,2017-11-02 12:00:00,,,,,station_lookup_error,MetLife Stadium,40.8135,-74.0745,,,,,,,,,,,,,,
2017_REG_09_CIN_JAX_20171105,2017-11-05 12:00:00,,,,,station_lookup_error,EverBank Stadium,30.3239,-81.6373,,,,,,,,,,,,,,
2017_REG_09_DEN_PHI_20171105,2017-11-05 12:00:00,,,,,station_lookup_error,Lincoln Financial Field,39.9008,-75.1675,,,,,,,,,,,,,,
2017_REG_09_DET_GB_20171106,2017-11-06 12:00:00,,,,,station_lookup_error,Lambeau Field,44.5013,-88.0622,,,,,,,,,,,,,,
2017_REG_09_IND_HOU_20171105,2017-11-05 12:00:00,70.0,0.0,0.0,INDOOR,indoor_controlled_daily_values,NRG Stadium,29.6847,-95.4107,,,,70.0,70.0,70.0,,,,,,,,70.0
2017_REG_09_KC_DAL_20171105,2017-11-05 12:00:00,70.0,0.0,0.0,INDOOR,indoor_controlled_daily_values,AT&T Stadium,32.7473,-97.0945,,,,70.0,70.0,70.0,,,,,,,,70.0
2017_REG_09_LAR_NYG_20171105,2017-11-05 12:00:00,,,,,station_lookup_error,MetLife Stadium,40.8135,-74.0745,,,,,,,,,,,,,,
2017_REG_09_LV_MIA_20171105,2017-11-05 12:00:00,,,,,station_lookup_error,Hard Rock Stadium,25.958,-80.2389,,,,,,,,,,,,,,
2017_REG_09_TB_NO_20171105,2017-11-05 12:00:00,70.0,0.0,0.0,INDOOR,indoor_controlled_daily_values,Caesars Superdome,29.9511,-90.0812,,,,70.0,70.0,70.0,,,,,,,,70.0
2017_REG_09_WSH_SEA_20171105,2017-11-05 12:00:00,,,,,station_lookup_error,Lumen Field,47.5952,-122.3316,,,,,,,,,,,,,,
2017_REG_10_CIN_TEN_20171112,2017-11-12 12:00:00,,,,,station_lookup_error,Nissan Stadium,36.1665,-86.7713,,,,,,,,,,,,,,
2017_REG_10_CLE_DET_20171112,2017-11-12 12:00:00,70.0,0.0,0.0,INDOOR,indoor_controlled_daily_values,Ford Field,42.34,-83.0456,,,,70.0,70.0,70.0,,,,,,,,70.0
2017_REG_10_DAL_ATL_20171112,2017-11-12 12:00:00,70.0,0.0,0.0,INDOOR,indoor_controlled_daily_values,Mercedes-Benz Stadium,33.7554,-84.4009,,,,70.0,70.0,70.0,,,,,,,,70.0
2017_REG_10_GB_CHI_20171112,2017-11-12 12:00:00,,,,,station_lookup_error,Soldier Field,41.8623,-87.6167,,,,,,,,,,,,,,
2017_REG_10_HOU_LAR_20171112,2017-11-12 12:00:00,,,,,station_lookup_error,Los Angeles Memorial Coliseum,34.0141,-118.2879,,,,,,,,,,,,,,
2017_REG_10_LAC_JAX_20171112,2017-11-12 12:00:00,,,,,station_lookup_error,EverBank Stadium,30.3239,-81.6373,,,,,,,,,,,,,,
2017_REG_10_MIA_CAR_20171113,2017-11-13 12:00:00,,,,,station_lookup_error,Bank of America Stadium,35.2258,-80.8528,,,,,,,,,,,,,,
2017_REG_10_MIN_WSH_20171112,2017-11-12 12:00:00,,,,,station_lookup_error,Northwest Stadium,38.9078,-76.8644,,,,,,,,,,,,,,
2017_REG_10_NE_DEN_20171112,2017-11-12 12:00:00,,,,,station_lookup_error,Empower Field at Mile High,39.7439,-105.0201,,,,,,,,,,,,,,
2017_REG_10_NO_BUF_20171112,2017-11-12 12:00:00,,,,,station_lookup_error,Highmark Stadium,42.7738,-78.7868,,,,,,,,,,,,,,
2017_REG_10_NYG_SF_20171112,2017-11-12 12:00:00,,,,,station_lookup_error,Levi's Stadium,37.403,-121.97,,,,,,,,,,,,,,
2017_REG_10_NYJ_TB_20171112,2017-11-12 12:00:00,,,,,station_lookup_error,Raymond James Stadium,27.9759,-82.5033,,,,,,,,,,,,,,
2017_REG_10_PIT_IND_20171112,2017-11-12 12:00:00,70.0,0.0,0.0,INDOOR,indoor_controlled_daily_values,Lucas Oil Stadium,39.7601,-86.1639,,,,70.0,70.0,70.0,,,,,,,,70.0
2017_REG_10_SEA_ARI_20171109,2017-11-09 12:00:00,70.0,0.0,0.0,INDOOR,indoor_controlled_daily_values,State Farm Stadium,33.5276,-112.2626,,,,70.0,70.0,70.0,,,,,,,,70.0
2017_REG_11_ARI_HOU_20171119,2017-11-19 12:00:00,70.0,0.0,0.0,INDOOR,indoor_controlled_daily_values,NRG Stadium,29.6847,-95.4107,,,,70.0,70.0,70.0,,,,,,,,70.0
2017_REG_11_ATL_SEA_20171120,2017-11-20 12:00:00,,,,,station_lookup_error,Lumen Field,47.5952,-122.3316,,,,,,,,,,,,,,
2017_REG_11_BAL_GB_20171119,2017-11-19 12:00:00,,,,,station_lookup_error,Lambeau Field,44.5013,-88.0622,,,,,,,,,,,,,,
2017_REG_11_BUF_LAC_20171119,2017-11-19 12:00:00,,,,,station_lookup_error,StubHub Center,33.8644,-118.2611,,,,,,,,,,,,,,
2017_REG_11_CIN_DEN_20171119,2017-11-19 12:00:00,,,,,station_lookup_error,Empower Field at Mile High,39.7439,-105.0201,,,,,,,,,,,,,,
2017_REG_11_DET_CHI_20171119,2017-11-19 12:00:00,,,,,station_lookup_error,Soldier Field,41.8623,-87.6167,,,,,,,,,,,,,,
2017_REG_11_JAX_CLE_20171119,2017-11-19 12:00:00,,,,,station_lookup_error,Huntington Bank Field,41.5061,-81.6995,,,,,,,,,,,,,,
2017_REG_11_KC_NYG_20171119,2017-11-19 12:00:00,,,,,station_lookup_error,MetLife Stadium,40.8135,-74.0745,,,,,,,,,,,,,,
2017_REG_11_LAR_MIN_20171119,2017-11-19 12:00:00,70.0,0.0,0.0,INDOOR,indoor_controlled_daily_values,U.S. Bank Stadium,44.9738,-93.2575,,,,70.0,70.0,70.0,,,,,,,,70.0
2017_REG_11_NE_LV_20171119,2017-11-19 12:00:00,,,,,station_lookup_error,Estadio Azteca,19.3029,-99.1505,,,,,,,,,,,,,,
2017_REG_11_PHI_DAL_20171119,2017-11-19 12:00:00,70.0,0.0,0.0,INDOOR,indoor_controlled_daily_values,AT&T Stadium,32.7473,-97.0945,,,,70.0,70.0,70.0,,,,,,,,70.0
2017_REG_11_TB_MIA_20171119,2017-11-19 12:00:00,,,,,station_lookup_error,Hard Rock Stadium,25.958,-80.2389,,,,,,,,,,,,,,
2017_REG_11_TEN_PIT_20171116,2017-11-16 12:00:00,,,,,station_lookup_error,Acrisure Stadium,40.4468,-80.0158,,,,,,,,,,,,,,
2017_REG_11_WSH_NO_20171119,2017-11-19 12:00:00,70.0,0.0,0.0,INDOOR,indoor_controlled_daily_values,Caesars Superdome,29.9511,-90.0812,,,,70.0,70.0,70.0,,,,,,,,70.0
2017_REG_12_BUF_KC_20171126,2017-11-26 12:00:00,,,,,station_lookup_error,Arrowhead Stadium,39.0489,-94.4839,,,,,,,,,,,,,,
2017_REG_12_CAR_NYJ_20171126,2017-11-26 12:00:00,,,,,station_lookup_error,MetLife Stadium,40.8135,-74.0745,,,,,,,,,,,,,,
2017_REG_12_CHI_PHI_20171126,2017-11-26 12:00:00,,,,,station_lookup_error,Lincoln Financial Field,39.9008,-75.1675,,,,,,,,,,,,,,
2017_REG_12_CLE_CIN_20171126,2017-11-26 12:00:00,,,,,station_lookup_error,Paycor Stadium,39.0955,-84.516,,,,,,,,,,,,,,
2017_REG_12_DEN_LV_20171126,2017-11-26 12:00:00,,,,,station_lookup_error,Oakland Coliseum,37.7516,-122.2005,,,,,,,,,,,,,,
2017_REG_12_GB_PIT_20171126,2017-11-26 12:00:00,,,,,station_lookup_error,Acrisure Stadium,40.4468,-80.0158,,,,,,,,,,,,,,
2017_REG_12_HOU_BAL_20171127,2017-11-27 12:00:00,,,,,station_lookup_error,M&T Bank Stadium,39.278,-76.6227,,,,,,,,,,,,,,
2017_REG_12_JAX_ARI_20171126,2017-11-26 12:00:00,70.0,0.0,0.0,INDOOR,indoor_controlled_daily_values,State Farm Stadium,33.5276,-112.2626,,,,70.0,70.0,70.0,,,,,,,,70.0
2017_REG_12_LAC_DAL_20171123,2017-11-23 12:00:00,70.0,0.0,0.0,INDOOR,indoor_controlled_daily_values,AT&T Stadium,32.7473,-97.0945,,,,70.0,70.0,70.0,,,,,,,,70.0
2017_REG_12_MIA_NE_20171126,2017-11-26 12:00:00,,,,,station_lookup_error,Gillette Stadium,42.0909,-71.2643,,,,,,,,,,,,,,
2017_REG_12_MIN_DET_20171123,2017-11-23 12:00:00,70.0,0.0,0.0,INDOOR,indoor_controlled_daily_values,Ford Field,42.34,-83.0456,,,,70.0,70.0,70.0,,,,,,,,70.0
2017_REG_12_NO_LAR_20171126,2017-11-26 12:00:00,,,,,station_lookup_error,Los Angeles Memorial Coliseum,34.0141,-118.2879,,,,,,,,,,,,,,
2017_REG_12_NYG_WSH_20171123,2017-11-23 12:00:00,,,,,station_lookup_error,Northwest Stadium,38.9078,-76.8644,,,,,,,,,,,,,,
2017_REG_12_SEA_SF_20171126,2017-11-26 12:00:00,,,,,station_lookup_error,Levi's Stadium,37.403,-121.97,,,,,,,,,,,,,,
2017_REG_12_TB_ATL_20171126,2017-11-26 12:00:00,70.0,0.0,0.0,INDOOR,indoor_controlled_daily_values,Mercedes-Benz Stadium,33.7554,-84.4009,,,,70.0,70.0,70.0,,,,,,,,70.0
2017_REG_12_TEN_IND_20171126,2017-11-26 12:00:00,70.0,0.0,0.0,INDOOR,indoor_controlled_daily_values,Lucas Oil Stadium,39.7601,-86.1639,,,,70.0,70.0,70.0,,,,,,,,70.0
2017_REG_13_CAR_NO_20171203,2017-12-03 12:00:00,70.0,0.0,0.0,INDOOR,indoor_controlled_daily_values,Caesars Superdome,29.9511,-90.0812,,,,70.0,70.0,70.0,,,,,,,,70.0
2017_REG_13_CLE_LAC_20171203,2017-12-03 12:00:00,,,,,station_lookup_error,StubHub Center,33.8644,-118.2611,,,,,,,,,,,,,,
2017_REG_13_DEN_MIA_20171203,2017-12-03 12:00:00,,,,,station_lookup_error,Hard Rock Stadium,25.958,-80.2389,,,,,,,,,,,,,,
2017_REG_13_DET_BAL_20171203,2017-12-03 12:00:00,,,,,station_lookup_error,M&T Bank Stadium,39.278,-76.6227,,,,,,,,,,,,,,
2017_REG_13_HOU_TEN_20171203,2017-12-03 12:00:00,,,,,station_lookup_error,Nissan Stadium,36.1665,-86.7713,,,,,,,,,,,,,,
2017_REG_13_IND_JAX_20171203,2017-12-03 12:00:00,,,,,station_lookup_error,EverBank Stadium,30.3239,-81.6373,,,,,,,,,,,,,,
2017_REG_13_KC_NYJ_20171203,2017-12-03 12:00:00,,,,,station_lookup_error,MetLife Stadium,40.8135,-74.0745,,,,,,,,,,,,,,
2017_REG_13_LAR_ARI_20171203,2017-12-03 12:00:00,70.0,0.0,0.0,INDOOR,indoor_controlled_daily_values,State Farm Stadium,33.5276,-112.2626,,,,70.0,70.0,70.0,,,,,,,,70.0
2017_REG_13_MIN_ATL_20171203,2017-12-03 12:00:00,70.0,0.0,0.0,INDOOR,indoor_controlled_daily_values,Mercedes-Benz Stadium,33.7554,-84.4009,,,,70.0,70.0,70.0,,,,,,,,70.0
2017_REG_13_NE_BUF_20171203,2017-12-03 12:00:00,,,,,station_lookup_error,Highmark Stadium,42.7738,-78.7868,,,,,,,,,,,,,,
2017_REG_13_NYG_LV_20171203,2017-12-03 12:00:00,,,,,station_lookup_error,Oakland Coliseum,37.7516,-122.2005,,,,,,,,,,,,,,
2017_REG_13_PHI_SEA_20171203,2017-12-03 12:00:00,,,,,station_lookup_error,Lumen Field,47.5952,-122.3316,,,,,,,,,,,,,,
2017_REG_13_PIT_CIN_20171204,2017-12-04 12:00:00,,,,,station_lookup_error,Paycor Stadium,39.0955,-84.516,,,,,,,,,,,,,,
2017_REG_13_SF_CHI_20171203,2017-12-03 12:00:00,,,,,station_lookup_error,Soldier Field,41.8623,-87.6167,,,,,,,,,,,,,,
2017_REG_13_TB_GB_20171203,2017-12-03 12:00:00,,,,,station_lookup_error,Lambeau Field,44.5013,-88.0622,,,,,,,,,,,,,,
2017_REG_13_WSH_DAL_20171130,2017-11-30 12:00:00,70.0,0.0,0.0,INDOOR,indoor_controlled_daily_values,AT&T Stadium,32.7473,-97.0945,,,,70.0,70.0,70.0,,,,,,,,70.0
2017_REG_14_BAL_PIT_20171210,2017-12-10 12:00:00,,,,,station_lookup_error,Acrisure Stadium,40.4468,-80.0158,,,,,,,,,,,,,,
2017_REG_14_CHI_CIN_20171210,2017-12-10 12:00:00,,,,,station_lookup_error,Paycor Stadium,39.0955,-84.516,,,,,,,,,,,,,,
2017_REG_14_DAL_NYG_20171210,2017-12-10 12:00:00,,,,,station_lookup_error,MetLife Stadium,40.8135,-74.0745,,,,,,,,,,,,,,
2017_REG_14_DET_TB_20171210,2017-12-10 12:00:00,,,,,station_lookup_error,Raymond James Stadium,27.9759,-82.5033,,,,,,,,,,,,,,
2017_REG_14_GB_CLE_20171210,2017-12-10 12:00:00,,,,,station_lookup_error,Huntington Bank Field,41.5061,-81.6995,,,,,,,,,,,,,,
2017_REG_14_IND_BUF_20171210,2017-12-10 12:00:00,,,,,station_lookup_error,Highmark Stadium,42.7738,-78.7868,,,,,,,,,,,,,,
2017_REG_14_LV_KC_20171210,2017-12-10 12:00:00,,,,,station_lookup_error,Arrowhead Stadium,39.0489,-94.4839,,,,,,,,,,,,,,
2017_REG_14_MIN_CAR_20171210,2017-12-10 12:00:00,,,,,station_lookup_error,Bank of America Stadium,35.2258,-80.8528,,,,,,,,,,,,,,
2017_REG_14_NE_MIA_20171211,2017-12-11 12:00:00,,,,,station_lookup_error,Hard Rock Stadium,25.958,-80.2389,,,,,,,,,,,,,,
2017_REG_14_NO_ATL_20171207,2017-12-07 12:00:00,70.0,0.0,0.0,INDOOR,indoor_controlled_daily_values,Mercedes-Benz Stadium,33.7554,-84.4009,,,,70.0,70.0,70.0,,,,,,,,70.0
2017_REG_14_NYJ_DEN_20171210,2017-12-10 12:00:00,,,,,station_lookup_error,Empower Field at Mile High,39.7439,-105.0201,,,,,,,,,,,,,,
2017_REG_14_PHI_LAR_20171210,2017-12-10 12:00:00,,,,,station_lookup_error,Los Angeles Memorial Coliseum,34.0141,-118.2879,,,,,,,,,,,,,,
2017_REG_14_SEA_JAX_20171210,2017-12-10 12:00:00,,,,,station_lookup_error,EverBank Stadium,30.3239,-81.6373,,,,,,,,,,,,,,
2017_REG_14_SF_HOU_20171210,2017-12-10 12:00:00,70.0,0.0,0.0,INDOOR,indoor_controlled_daily_values,NRG Stadium,29.6847,-95.4107,,,,70.0,70.0,70.0,,,,,,,,70.0
2017_REG_14_TEN_ARI_20171210,2017-12-10 12:00:00,70.0,0.0,0.0,INDOOR,indoor_controlled_daily_values,State Farm Stadium,33.5276,-112.2626,,,,70.0,70.0,70.0,,,,,,,,70.0
2017_REG_14_WSH_LAC_20171210,2017-12-10 12:00:00,,,,,station_lookup_error,StubHub Center,33.8644,-118.2611,,,,,,,,,,,,,,
2017_REG_15_ARI_WSH_20171217,2017-12-17 12:00:00,,,,,station_lookup_error,Northwest Stadium,38.9078,-76.8644,,,,,,,,,,,,,,
2017_REG_15_ATL_TB_20171218,2017-12-18 12:00:00,,,,,station_lookup_error,Raymond James Stadium,27.9759,-82.5033,,,,,,,,,,,,,,
2017_REG_15_BAL_CLE_20171217,2017-12-17 12:00:00,,,,,station_lookup_error,Huntington Bank Field,41.5061,-81.6995,,,,,,,,,,,,,,
2017_REG_15_CHI_DET_20171216,2017-12-16 12:00:00,70.0,0.0,0.0,INDOOR,indoor_controlled_daily_values,Ford Field,42.34,-83.0456,,,,70.0,70.0,70.0,,,,,,,,70.0
2017_REG_15_CIN_MIN_20171217,2017-12-17 12:00:00,70.0,0.0,0.0,INDOOR,indoor_controlled_daily_values,U.S. Bank Stadium,44.9738,-93.2575,,,,70.0,70.0,70.0,,,,,,,,70.0
2017_REG_15_DAL_LV_20171217,2017-12-17 12:00:00,,,,,station_lookup_error,Oakland Coliseum,37.7516,-122.2005,,,,,,,,,,,,,,
2017_REG_15_DEN_IND_20171214,2017-12-14 12:00:00,70.0,0.0,0.0,INDOOR,indoor_controlled_daily_values,Lucas Oil Stadium,39.7601,-86.1639,,,,70.0,70.0,70.0,,,,,,,,70.0
2017_REG_15_GB_CAR_20171217,2017-12-17 12:00:00,,,,,station_lookup_error,Bank of America Stadium,35.2258,-80.8528,,,,,,,,,,,,,,
2017_REG_15_HOU_JAX_20171217,2017-12-17 12:00:00,,,,,station_lookup_error,EverBank Stadium,30.3239,-81.6373,,,,,,,,,,,,,,
2017_REG_15_LAC_KC_20171216,2017-12-16 12:00:00,,,,,station_lookup_error,Arrowhead Stadium,39.0489,-94.4839,,,,,,,,,,,,,,
2017_REG_15_LAR_SEA_20171217,2017-12-17 12:00:00,,,,,station_lookup_error,Lumen Field,47.5952,-122.3316,,,,,,,,,,,,,,
2017_REG_15_MIA_BUF_20171217,2017-12-17 12:00:00,,,,,station_lookup_error,Highmark Stadium,42.7738,-78.7868,,,,,,,,,,,,,,
2017_REG_15_NE_PIT_20171217,2017-12-17 12:00:00,,,,,station_lookup_error,Acrisure Stadium,40.4468,-80.0158,,,,,,,,,,,,,,
2017_REG_15_NYJ_NO_20171217,2017-12-17 12:00:00,70.0,0.0,0.0,INDOOR,indoor_controlled_daily_values,Caesars Superdome,29.9511,-90.0812,,,,70.0,70.0,70.0,,,,,,,,70.0
2017_REG_15_PHI_NYG_20171217,2017-12-17 12:00:00,,,,,station_lookup_error,MetLife Stadium,40.8135,-74.0745,,,,,,,,,,,,,,
2017_REG_15_TEN_SF_20171217,2017-12-17 12:00:00,,,,,station_lookup_error,Levi's Stadium,37.403,-121.97,,,,,,,,,,,,,,
2017_REG_16_ATL_NO_20171224,2017-12-24 12:00:00,70.0,0.0,0.0,INDOOR,indoor_controlled_daily_values,Caesars Superdome,29.9511,-90.0812,,,,70.0,70.0,70.0,,,,,,,,70.0
2017_REG_16_BUF_NE_20171224,2017-12-24 12:00:00,,,,,station_lookup_error,Gillette Stadium,42.0909,-71.2643,,,,,,,,,,,,,,
2017_REG_16_CLE_CHI_20171224,2017-12-24 12:00:00,,,,,station_lookup_error,Soldier Field,41.8623,-87.6167,,,,,,,,,,,,,,
2017_REG_16_DEN_WSH_20171224,2017-12-24 12:00:00,,,,,station_lookup_error,Northwest Stadium,38.9078,-76.8644,,,,,,,,,,,,,,
2017_REG_16_DET_CIN_20171224,2017-12-24 12:00:00,,,,,station_lookup_error,Paycor Stadium,39.0955,-84.516,,,,,,,,,,,,,,
2017_REG_16_IND_BAL_20171223,2017-12-23 12:00:00,,,,,station_lookup_error,M&T Bank Stadium,39.278,-76.6227,,,,,,,,,,,,,,
2017_REG_16_JAX_SF_20171224,2017-12-24 12:00:00,,,,,station_lookup_error,Levi's Stadium,37.403,-121.97,,,,,,,,,,,,,,
2017_REG_16_LAC_NYJ_20171224,2017-12-24 12:00:00,,,,,station_lookup_error,MetLife Stadium,40.8135,-74.0745,,,,,,,,,,,,,,
2017_REG_16_LAR_TEN_20171224,2017-12-24 12:00:00,,,,,station_lookup_error,Nissan Stadium,36.1665,-86.7713,,,,,,,,,,,,,,
2017_REG_16_LV_PHI_20171225,2017-12-25 12:00:00,,,,,station_lookup_error,Lincoln Financial Field,39.9008,-75.1675,,,,,,,,,,,,,,
2017_REG_16_MIA_KC_20171224,2017-12-24 12:00:00,,,,,station_lookup_error,Arrowhead Stadium,39.0489,-94.4839,,,,,,,,,,,,,,
2017_REG_16_MIN_GB_20171223,2017-12-23 12:00:00,,,,,station_lookup_error,Lambeau Field,44.5013,-88.0622,,,,,,,,,,,,,,
2017_REG_16_NYG_ARI_20171224,2017-12-24 12:00:00,70.0,0.0,0.0,INDOOR,indoor_controlled_daily_values,State Farm Stadium,33.5276,-112.2626,,,,70.0,70.0,70.0,,,,,,,,70.0
2017_REG_16_PIT_HOU_20171225,2017-12-25 12:00:00,70.0,0.0,0.0,INDOOR,indoor_controlled_daily_values,NRG Stadium,29.6847,-95.4107,,,,70.0,70.0,70.0,,,,,,,,70.0
2017_REG_16_SEA_DAL_20171224,2017-12-24 12:00:00,70.0,0.0,0.0,INDOOR,indoor_controlled_daily_values,AT&T Stadium,32.7473,-97.0945,,,,70.0,70.0,70.0,,,,,,,,70.0
2017_REG_16_TB_CAR_20171224,2017-12-24 12:00:00,,,,,station_lookup_error,Bank of America Stadium,35.2258,-80.8528,,,,,,,,,,,,,,
2017_REG_17_ARI_SEA_20171231,2017-12-31 12:00:00,,,,,station_lookup_error,Lumen Field,47.5952,-122.3316,,,,,,,,,,,,,,
2017_REG_17_BUF_MIA_20171231,2017-12-31 12:00:00,,,,,station_lookup_error,Hard Rock Stadium,25.958,-80.2389,,,,,,,,,,,,,,
2017_REG_17_CAR_ATL_20171231,2017-12-31 12:00:00,70.0,0.0,0.0,INDOOR,indoor_controlled_daily_values,Mercedes-Benz Stadium,33.7554,-84.4009,,,,70.0,70.0,70.0,,,,,,,,70.0
2017_REG_17_CHI_MIN_20171231,2017-12-31 12:00:00,70.0,0.0,0.0,INDOOR,indoor_controlled_daily_values,U.S. Bank Stadium,44.9738,-93.2575,,,,70.0,70.0,70.0,,,,,,,,70.0
2017_REG_17_CIN_BAL_20171231,2017-12-31 12:00:00,,,,,station_lookup_error,M&T Bank Stadium,39.278,-76.6227,,,,,,,,,,,,,,
2017_REG_17_CLE_PIT_20171231,2017-12-31 12:00:00,,,,,station_lookup_error,Acrisure Stadium,40.4468,-80.0158,,,,,,,,,,,,,,
2017_REG_17_DAL_PHI_20171231,2017-12-31 12:00:00,,,,,station_lookup_error,Lincoln Financial Field,39.9008,-75.1675,,,,,,,,,,,,,,
2017_REG_17_GB_DET_20171231,2017-12-31 12:00:00,70.0,0.0,0.0,INDOOR,indoor_controlled_daily_values,Ford Field,42.34,-83.0456,,,,70.0,70.0,70.0,,,,,,,,70.0
2017_REG_17_HOU_IND_20171231,2017-12-31 12:00:00,70.0,0.0,0.0,INDOOR,indoor_controlled_daily_values,Lucas Oil Stadium,39.7601,-86.1639,,,,70.0,70.0,70.0,,,,,,,,70.0
2017_REG_17_JAX_TEN_20171231,2017-12-31 12:00:00,,,,,station_lookup_error,Nissan Stadium,36.1665,-86.7713,,,,,,,,,,,,,,
2017_REG_17_KC_DEN_20171231,2017-12-31 12:00:00,,,,,station_lookup_error,Empower Field at Mile High,39.7439,-105.0201,,,,,,,,,,,,,,
2017_REG_17_LV_LAC_20171231,2017-12-31 12:00:00,,,,,station_lookup_error,StubHub Center,33.8644,-118.2611,,,,,,,,,,,,,,
2017_REG_17_NO_TB_20171231,2017-12-31 12:00:00,,,,,station_lookup_error,Raymond James Stadium,27.9759,-82.5033,,,,,,,,,,,,,,
2017_REG_17_NYJ_NE_20171231,2017-12-31 12:00:00,,,,,station_lookup_error,Gillette Stadium,42.0909,-71.2643,,,,,,,,,,,,,,
2017_REG_17_SF_LAR_20171231,2017-12-31 12:00:00,,,,,station_lookup_error,Los Angeles Memorial Coliseum,34.0141,-118.2879,,,,,,,,,,,,,,
2017_REG_17_WSH_NYG_20171231,2017-12-31 12:00:00,,,,,station_lookup_error,MetLife Stadium,40.8135,-74.0745,,,,,,,,,,,,,,
2017_POST_18_ATL_LAR_20180106,2018-01-06 12:00:00,,,,,station_lookup_error,Los Angeles Memorial Coliseum,34.0141,-118.2879,,,,,,,,,,,,,,
2017_POST_18_BUF_JAX_20180107,2018-01-07 12:00:00,,,,,station_lookup_error,EverBank Stadium,30.3239,-81.6373,,,,,,,,,,,,,,
2017_POST_18_CAR_NO_20180107,2018-01-07 12:00:00,70.0,0.0,0.0,INDOOR,indoor_controlled_daily_values,Caesars Superdome,29.9511,-90.0812,,,,70.0,70.0,70.0,,,,,,,,70.0
2017_POST_18_TEN_KC_20180106,2018-01-06 12:00:00,,,,,station_lookup_error,Arrowhead Stadium,39.0489,-94.4839,,,,,,,,,,,,,,
2017_POST_19_ATL_PHI_20180113,2018-01-13 12:00:00,,,,,station_lookup_error,Lincoln Financial Field,39.9008,-75.1675,,,,,,,,,,,,,,
2017_POST_19_JAX_PIT_20180114,2018-01-14 12:00:00,,,,,station_lookup_error,Acrisure Stadium,40.4468,-80.0158,,,,,,,,,,,,,,
2017_POST_19_NO_MIN_20180114,2018-01-14 12:00:00,70.0,0.0,0.0,INDOOR,indoor_controlled_daily_values,U.S. Bank Stadium,44.9738,-93.2575,,,,70.0,70.0,70.0,,,,,,,,70.0
2017_POST_19_TEN_NE_20180113,2018-01-13 12:00:00,,,,,station_lookup_error,Gillette Stadium,42.0909,-71.2643,,,,,,,,,,,,,,
2017_CON_20_JAX_NE_20180121,2018-01-21 12:00:00,,,,,station_lookup_error,Gillette Stadium,42.0909,-71.2643,,,,,,,,,,,,,,
2017_CON_20_MIN_PHI_20180121,2018-01-21 12:00:00,,,,,station_lookup_error,Lincoln Financial Field,39.9008,-75.1675,,,,,,,,,,,,,,
2017_POST_21_PHI_NE_20180204,2018-02-04 12:00:00,70.0,0.0,0.0,INDOOR,indoor_controlled_daily_values,U.S. Bank Stadium,44.9738,-93.2575,,,,70.0,70.0,70.0,,,,,,,,70.0
2018_REG_01_ATL_PHI_20180906,2018-09-06 12:00:00,,,,,station_lookup_error,Lincoln Financial Field,39.9008,-75.1675,,,,,,,,,,,,,,
2018_REG_01_BUF_BAL_20180909,2018-09-09 12:00:00,,,,,station_lookup_error,M&T Bank Stadium,39.278,-76.6227,,,,,,,,,,,,,,
2018_REG_01_CHI_GB_20180909,2018-09-09 12:00:00,,,,,station_lookup_error,Lambeau Field,44.5013,-88.0622,,,,,,,,,,,,,,
2018_REG_01_CIN_IND_20180909,2018-09-09 12:00:00,70.0,0.0,0.0,INDOOR,indoor_controlled_daily_values,Lucas Oil Stadium,39.7601,-86.1639,,,,70.0,70.0,70.0,,,,,,,,70.0
2018_REG_01_DAL_CAR_20180909,2018-09-09 12:00:00,,,,,station_lookup_error,Bank of America Stadium,35.2258,-80.8528,,,,,,,,,,,,,,
2018_REG_01_HOU_NE_20180909,2018-09-09 12:00:00,,,,,station_lookup_error,Gillette Stadium,42.0909,-71.2643,,,,,,,,,,,,,,
2018_REG_01_JAX_NYG_20180909,2018-09-09 12:00:00,,,,,station_lookup_error,MetLife Stadium,40.8135,-74.0745,,,,,,,,,,,,,,
2018_REG_01_KC_LAC_20180909,2018-09-09 12:00:00,,,,,station_lookup_error,StubHub Center,33.8644,-118.2611,,,,,,,,,,,,,,
2018_REG_01_LAR_LV_20180910,2018-09-10 12:00:00,,,,,station_lookup_error,Oakland Coliseum,37.7516,-122.2005,,,,,,,,,,,,,,
2018_REG_01_NYJ_DET_20180910,2018-09-10 12:00:00,70.0,0.0,0.0,INDOOR,indoor_controlled_daily_values,Ford Field,42.34,-83.0456,,,,70.0,70.0,70.0,,,,,,,,70.0
2018_REG_01_PIT_CLE_20180909,2018-09-09 12:00:00,,,,,station_lookup_error,Huntington Bank Field,41.5061,-81.6995,,,,,,,,,,,,,,
2018_REG_01_SEA_DEN_20180909,2018-09-09 12:00:00,,,,,station_lookup_error,Empower Field at Mile High,39.7439,-105.0201,,,,,,,,,,,,,,
2018_REG_01_SF_MIN_20180909,2018-09-09 12:00:00,70.0,0.0,0.0,INDOOR,indoor_controlled_daily_values,U.S. Bank Stadium,44.9738,-93.2575,,,,70.0,70.0,70.0,,,,,,,,70.0
2018_REG_01_TB_NO_20180909,2018-09-09 12:00:00,70.0,0.0,0.0,INDOOR,indoor_controlled_daily_values,Caesars Superdome,29.9511,-90.0812,,,,70.0,70.0,70.0,,,,,,,,70.0
2018_REG_01_TEN_MIA_20180909,2018-09-09 12:00:00,,,,,station_lookup_error,Hard Rock Stadium,25.958,-80.2389,,,,,,,,,,,,,,
2018_REG_01_WSH_ARI_20180909,2018-09-09 12:00:00,70.0,0.0,0.0,INDOOR,indoor_controlled_daily_values,State Farm Stadium,33.5276,-112.2626,,,,70.0,70.0,70.0,,,,,,,,70.0
2018_REG_02_ARI_LAR_20180916,2018-09-16 12:00:00,,,,,station_lookup_error,Los Angeles Memorial Coliseum,34.0141,-118.2879,,,,,,,,,,,,,,
2018_REG_02_BAL_CIN_20180913,2018-09-13 12:00:00,,,,,station_lookup_error,Paycor Stadium,39.0955,-84.516,,,,,,,,,,,,,,
2018_REG_02_CAR_ATL_20180916,2018-09-16 12:00:00,70.0,0.0,0.0,INDOOR,indoor_controlled_daily_values,Mercedes-Benz Stadium,33.7554,-84.4009,,,,70.0,70.0,70.0,,,,,,,,70.0
2018_REG_02_CLE_NO_20180916,2018-09-16 12:00:00,70.0,0.0,0.0,INDOOR,indoor_controlled_daily_values,Caesars Superdome,29.9511,-90.0812,,,,70.0,70.0,70.0,,,,,,,,70.0
2018_REG_02_DET_SF_20180916,2018-09-16 12:00:00,,,,,station_lookup_error,Levi's Stadium,37.403,-121.97,,,,,,,,,,,,,,
2018_REG_02_HOU_TEN_20180916,2018-09-16 12:00:00,,,,,station_lookup_error,Nissan Stadium,36.1665,-86.7713,,,,,,,,,,,,,,
2018_REG_02_IND_WSH_20180916,2018-09-16 12:00:00,,,,,station_lookup_error,Northwest Stadium,38.9078,-76.8644,,,,,,,,,,,,,,
2018_REG_02_KC_PIT_20180916,2018-09-16 12:00:00,,,,,station_lookup_error,Acrisure Stadium,40.4468,-80.0158,,,,,,,,,,,,,,
2018_REG_02_LAC_BUF_20180916,2018-09-16 12:00:00,,,,,station_lookup_error,Highmark Stadium,42.7738,-78.7868,,,,,,,,,,,,,,
2018_REG_02_LV_DEN_20180916,2018-09-16 12:00:00,,,,,station_lookup_error,Empower Field at Mile High,39.7439,-105.0201,,,,,,,,,,,,,,
2018_REG_02_MIA_NYJ_20180916,2018-09-16 12:00:00,,,,,station_lookup_error,MetLife Stadium,40.8135,-74.0745,,,,,,,,,,,,,,
2018_REG_02_MIN_GB_20180916,2018-09-16 12:00:00,,,,,station_lookup_error,Lambeau Field,44.5013,-88.0622,,,,,,,,,,,,,,
2018_REG_02_NE_JAX_20180916,2018-09-16 12:00:00,,,,,station_lookup_error,TIAA Bank Stadium,30.3239,-81.6373,,,,,,,,,,,,,,
2018_REG_02_NYG_DAL_20180916,2018-09-16 12:00:00,70.0,0.0,0.0,INDOOR,indoor_controlled_daily_values,AT&T Stadium,32.7473,-97.0945,,,,70.0,70.0,70.0,,,,,,,,70.0
2018_REG_02_PHI_TB_20180916,2018-09-16 12:00:00,,,,,station_lookup_error,Raymond James Stadium,27.9759,-82.5033,,,,,,,,,,,,,,
2018_REG_02_SEA_CHI_20180917,2018-09-17 12:00:00,,,,,station_lookup_error,Soldier Field,41.8623,-87.6167,,,,,,,,,,,,,,
2018_REG_03_BUF_MIN_20180923,2018-09-23 12:00:00,70.0,0.0,0.0,INDOOR,indoor_controlled_daily_values,U.S. Bank Stadium,44.9738,-93.2575,,,,70.0,70.0,70.0,,,,,,,,70.0
2018_REG_03_CHI_ARI_20180923,2018-09-23 12:00:00,70.0,0.0,0.0,INDOOR,indoor_controlled_daily_values,State Farm Stadium,33.5276,-112.2626,,,,70.0,70.0,70.0,,,,,,,,70.0
2018_REG_03_CIN_CAR_20180923,2018-09-23 12:00:00,,,,,station_lookup_error,Bank of America Stadium,35.2258,-80.8528,,,,,,,,,,,,,,
2018_REG_03_DAL_SEA_20180923,2018-09-23 12:00:00,,,,,station_lookup_error,Lumen Field,47.5952,-122.3316,,,,,,,,,,,,,,
2018_REG_03_DEN_BAL_20180923,2018-09-23 12:00:00,,,,,station_lookup_error,M&T Bank Stadium,39.278,-76.6227,,,,,,,,,,,,,,
2018_REG_03_GB_WSH_20180923,2018-09-23 12:00:00,,,,,station_lookup_error,Northwest Stadium,38.9078,-76.8644,,,,,,,,,,,,,,
2018_REG_03_IND_PHI_20180923,2018-09-23 12:00:00,,,,,station_lookup_error,Lincoln Financial Field,39.9008,-75.1675,,,,,,,,,,,,,,
2018_REG_03_LAC_LAR_20180923,2018-09-23 12:00:00,,,,,station_lookup_error,Los Angeles Memorial Coliseum,34.0141,-118.2879,,,,,,,,,,,,,,
2018_REG_03_LV_MIA_20180923,2018-09-23 12:00:00,,,,,station_lookup_error,Hard Rock Stadium,25.958,-80.2389,,,,,,,,,,,,,,
2018_REG_03_NE_DET_20180923,2018-09-23 12:00:00,70.0,0.0,0.0,INDOOR,indoor_controlled_daily_values,Ford Field,42.34,-83.0456,,,,70.0,70.0,70.0,,,,,,,,70.0
2018_REG_03_NO_ATL_20180923,2018-09-23 12:00:00,70.0,0.0,0.0,INDOOR,indoor_controlled_daily_values,Mercedes-Benz Stadium,33.7554,-84.4009,,,,70.0,70.0,70.0,,,,,,,,70.0
2018_REG_03_NYG_HOU_20180923,2018-09-23 12:00:00,70.0,0.0,0.0,INDOOR,indoor_controlled_daily_values,NRG Stadium,29.6847,-95.4107,,,,70.0,70.0,70.0,,,,,,,,70.0
2018_REG_03_NYJ_CLE_20180920,2018-09-20 12:00:00,,,,,station_lookup_error,Huntington Bank Field,41.5061,-81.6995,,,,,,,,,,,,,,
2018_REG_03_PIT_TB_20180924,2018-09-24 12:00:00,,,,,station_lookup_error,Raymond James Stadium,27.9759,-82.5033,,,,,,,,,,,,,,
2018_REG_03_SF_KC_20180923,2018-09-23 12:00:00,,,,,station_lookup_error,Arrowhead Stadium,39.0489,-94.4839,,,,,,,,,,,,,,
2018_REG_03_TEN_JAX_20180923,2018-09-23 12:00:00,,,,,station_lookup_error,TIAA Bank Stadium,30.3239,-81.6373,,,,,,,,,,,,,,
2018_REG_04_BAL_PIT_20180930,2018-09-30 12:00:00,,,,,station_lookup_error,Acrisure Stadium,40.4468,-80.0158,,,,,,,,,,,,,,
2018_REG_04_BUF_GB_20180930,2018-09-30 12:00:00,,,,,station_lookup_error,Lambeau Field,44.5013,-88.0622,,,,,,,,,,,,,,
2018_REG_04_CIN_ATL_20180930,2018-09-30 12:00:00,70.0,0.0,0.0,INDOOR,indoor_controlled_daily_values,Mercedes-Benz Stadium,33.7554,-84.4009,,,,70.0,70.0,70.0,,,,,,,,70.0
2018_REG_04_CLE_LV_20180930,2018-09-30 12:00:00,,,,,station_lookup_error,Oakland Coliseum,37.7516,-122.2005,,,,,,,,,,,,,,
2018_REG_04_DET_DAL_20180930,2018-09-30 12:00:00,70.0,0.0,0.0,INDOOR,indoor_controlled_daily_values,AT&T Stadium,32.7473,-97.0945,,,,70.0,70.0,70.0,,,,,,,,70.0
2018_REG_04_HOU_IND_20180930,2018-09-30 12:00:00,70.0,0.0,0.0,INDOOR,indoor_controlled_daily_values,Lucas Oil Stadium,39.7601,-86.1639,,,,70.0,70.0,70.0,,,,,,,,70.0
2018_REG_04_KC_DEN_20181001,2018-10-01 12:00:00,,,,,station_lookup_error,Empower Field at Mile High,39.7439,-105.0201,,,,,,,,,,,,,,
2018_REG_04_MIA_NE_20180930,2018-09-30 12:00:00,,,,,station_lookup_error,Gillette Stadium,42.0909,-71.2643,,,,,,,,,,,,,,
2018_REG_04_MIN_LAR_20180927,2018-09-27 12:00:00,,,,,station_lookup_error,Los Angeles Memorial Coliseum,34.0141,-118.2879,,,,,,,,,,,,,,
2018_REG_04_NO_NYG_20180930,2018-09-30 12:00:00,,,,,station_lookup_error,MetLife Stadium,40.8135,-74.0745,,,,,,,,,,,,,,
2018_REG_04_NYJ_JAX_20180930,2018-09-30 12:00:00,,,,,station_lookup_error,TIAA Bank Stadium,30.3239,-81.6373,,,,,,,,,,,,,,
2018_REG_04_PHI_TEN_20180930,2018-09-30 12:00:00,,,,,station_lookup_error,Nissan Stadium,36.1665,-86.7713,,,,,,,,,,,,,,
2018_REG_04_SEA_ARI_20180930,2018-09-30 12:00:00,70.0,0.0,0.0,INDOOR,indoor_controlled_daily_values,State Farm Stadium,33.5276,-112.2626,,,,70.0,70.0,70.0,,,,,,,,70.0
2018_REG_04_SF_LAC_20180930,2018-09-30 12:00:00,,,,,station_lookup_error,StubHub Center,33.8644,-118.2611,,,,,,,,,,,,,,
2018_REG_04_TB_CHI_20180930,2018-09-30 12:00:00,,,,,station_lookup_error,Soldier Field,41.8623,-87.6167,,,,,,,,,,,,,,
2018_REG_05_ARI_SF_20181007,2018-10-07 12:00:00,,,,,station_lookup_error,Levi's Stadium,37.403,-121.97,,,,,,,,,,,,,,
2018_REG_05_ATL_PIT_20181007,2018-10-07 12:00:00,,,,,station_lookup_error,Acrisure Stadium,40.4468,-80.0158,,,,,,,,,,,,,,
2018_REG_05_BAL_CLE_20181007,2018-10-07 12:00:00,,,,,station_lookup_error,Huntington Bank Field,41.5061,-81.6995,,,,,,,,,,,,,,
2018_REG_05_DAL_HOU_20181007,2018-10-07 12:00:00,70.0,0.0,0.0,INDOOR,indoor_controlled_daily_values,NRG Stadium,29.6847,-95.4107,,,,70.0,70.0,70.0,,,,,,,,70.0
2018_REG_05_DEN_NYJ_20181007,2018-10-07 12:00:00,,,,,station_lookup_error,MetLife Stadium,40.8135,-74.0745,,,,,,,,,,,,,,
2018_REG_05_GB_DET_20181007,2018-10-07 12:00:00,70.0,0.0,0.0,INDOOR,indoor_controlled_daily_values,Ford Field,42.34,-83.0456,,,,70.0,70.0,70.0,,,,,,,,70.0
2018_REG_05_IND_NE_20181004,2018-10-04 12:00:00,,,,,station_lookup_error,Gillette Stadium,42.0909,-71.2643,,,,,,,,,,,,,,
2018_REG_05_JAX_KC_20181007,2018-10-07 12:00:00,,,,,station_lookup_error,Arrowhead Stadium,39.0489,-94.4839,,,,,,,,,,,,,,
2018_REG_05_LAR_SEA_20181007,2018-10-07 12:00:00,,,,,station_lookup_error,Lumen Field,47.5952,-122.3316,,,,,,,,,,,,,,
2018_REG_05_LV_LAC_20181007,2018-10-07 12:00:00,,,,,station_lookup_error,StubHub Center,33.8644,-118.2611,,,,,,,,,,,,,,
2018_REG_05_MIA_CIN_20181007,2018-10-07 12:00:00,,,,,station_lookup_error,Paycor Stadium,39.0955,-84.516,,,,,,,,,,,,,,
2018_REG_05_MIN_PHI_20181007,2018-10-07 12:00:00,,,,,station_lookup_error,Lincoln Financial Field,39.9008,-75.1675,,,,,,,,,,,,,,
2018_REG_05_NYG_CAR_20181007,2018-10-07 12:00:00,,,,,station_lookup_error,Bank of America Stadium,35.2258,-80.8528,,,,,,,,,,,,,,
2018_REG_05_TEN_BUF_20181007,2018-10-07 12:00:00,,,,,station_lookup_error,Highmark Stadium,42.7738,-78.7868,,,,,,,,,,,,,,
2018_REG_05_WSH_NO_20181008,2018-10-08 12:00:00,70.0,0.0,0.0,INDOOR,indoor_controlled_daily_values,Caesars Superdome,29.9511,-90.0812,,,,70.0,70.0,70.0,,,,,,,,70.0
2018_REG_06_ARI_MIN_20181014,2018-10-14 12:00:00,70.0,0.0,0.0,INDOOR,indoor_controlled_daily_values,U.S. Bank Stadium,44.9738,-93.2575,,,,70.0,70.0,70.0,,,,,,,,70.0
2018_REG_06_BAL_TEN_20181014,2018-10-14 12:00:00,,,,,station_lookup_error,Nissan Stadium,36.1665,-86.7713,,,,,,,,,,,,,,
2018_REG_06_BUF_HOU_20181014,2018-10-14 12:00:00,70.0,0.0,0.0,INDOOR,indoor_controlled_daily_values,NRG Stadium,29.6847,-95.4107,,,,70.0,70.0,70.0,,,,,,,,70.0
2018_REG_06_CAR_WSH_20181014,2018-10-14 12:00:00,,,,,station_lookup_error,Northwest Stadium,38.9078,-76.8644,,,,,,,,,,,,,,
2018_REG_06_CHI_MIA_20181014,2018-10-14 12:00:00,,,,,station_lookup_error,Hard Rock Stadium,25.958,-80.2389,,,,,,,,,,,,,,
2018_REG_06_IND_NYJ_20181014,2018-10-14 12:00:00,,,,,station_lookup_error,MetLife Stadium,40.8135,-74.0745,,,,,,,,,,,,,,
2018_REG_06_JAX_DAL_20181014,2018-10-14 12:00:00,70.0,0.0,0.0,INDOOR,indoor_controlled_daily_values,AT&T Stadium,32.7473,-97.0945,,,,70.0,70.0,70.0,,,,,,,,70.0
2018_REG_06_KC_NE_20181014,2018-10-14 12:00:00,,,,,station_lookup_error,Gillette Stadium,42.0909,-71.2643,,,,,,,,,,,,,,
2018_REG_06_LAC_CLE_20181014,2018-10-14 12:00:00,,,,,station_lookup_error,Huntington Bank Field,41.5061,-81.6995,,,,,,,,,,,,,,
2018_REG_06_LAR_DEN_20181014,2018-10-14 12:00:00,,,,,station_lookup_error,Empower Field at Mile High,39.7439,-105.0201,,,,,,,,,,,,,,
2018_REG_06_PHI_NYG_20181011,2018-10-11 12:00:00,,,,,station_lookup_error,MetLife Stadium,40.8135,-74.0745,,,,,,,,,,,,,,
2018_REG_06_PIT_CIN_20181014,2018-10-14 12:00:00,,,,,station_lookup_error,Paycor Stadium,39.0955,-84.516,,,,,,,,,,,,,,
2018_REG_06_SEA_LV_20181014,2018-10-14 12:00:00,,,,,station_lookup_error,Wembley Stadium,51.556,-0.2796,,,,,,,,,,,,,,
2018_REG_06_SF_GB_20181015,2018-10-15 12:00:00,,,,,station_lookup_error,Lambeau Field,44.5013,-88.0622,,,,,,,,,,,,,,
2018_REG_06_TB_ATL_20181014,2018-10-14 12:00:00,70.0,0.0,0.0,INDOOR,indoor_controlled_daily_values,Mercedes-Benz Stadium,33.7554,-84.4009,,,,70.0,70.0,70.0,,,,,,,,70.0
2018_REG_07_BUF_IND_20181021,2018-10-21 12:00:00,70.0,0.0,0.0,INDOOR,indoor_controlled_daily_values,Lucas Oil Stadium,39.7601,-86.1639,,,,70.0,70.0,70.0,,,,,,,,70.0
2018_REG_07_CAR_PHI_20181021,2018-10-21 12:00:00,,,,,station_lookup_error,Lincoln Financial Field,39.9008,-75.1675,,,,,,,,,,,,,,
2018_REG_07_CIN_KC_20181021,2018-10-21 12:00:00,,,,,station_lookup_error,Arrowhead Stadium,39.0489,-94.4839,,,,,,,,,,,,,,
2018_REG_07_CLE_TB_20181021,2018-10-21 12:00:00,,,,,station_lookup_error,Raymond James Stadium,27.9759,-82.5033,,,,,,,,,,,,,,
2018_REG_07_DAL_WSH_20181021,2018-10-21 12:00:00,,,,,station_lookup_error,Northwest Stadium,38.9078,-76.8644,,,,,,,,,,,,,,
2018_REG_07_DEN_ARI_20181018,2018-10-18 12:00:00,70.0,0.0,0.0,INDOOR,indoor_controlled_daily_values,State Farm Stadium,33.5276,-112.2626,,,,70.0,70.0,70.0,,,,,,,,70.0
2018_REG_07_DET_MIA_20181021,2018-10-21 12:00:00,,,,,station_lookup_error,Hard Rock Stadium,25.958,-80.2389,,,,,,,,,,,,,,
2018_REG_07_HOU_JAX_20181021,2018-10-21 12:00:00,,,,,station_lookup_error,TIAA Bank Stadium,30.3239,-81.6373,,,,,,,,,,,,,,
2018_REG_07_LAR_SF_20181021,2018-10-21 12:00:00,,,,,station_lookup_error,Levi's Stadium,37.403,-121.97,,,,,,,,,,,,,,
2018_REG_07_MIN_NYJ_20181021,2018-10-21 12:00:00,,,,,station_lookup_error,MetLife Stadium,40.8135,-74.0745,,,,,,,,,,,,,,
2018_REG_07_NE_CHI_20181021,2018-10-21 12:00:00,,,,,station_lookup_error,Soldier Field,41.8623,-87.6167,,,,,,,,,,,,,,
2018_REG_07_NO_BAL_20181021,2018-10-21 12:00:00,,,,,station_lookup_error,M&T Bank Stadium,39.278,-76.6227,,,,,,,,,,,,,,
2018_REG_07_NYG_ATL_20181022,2018-10-22 12:00:00,70.0,0.0,0.0,INDOOR,indoor_controlled_daily_values,Mercedes-Benz Stadium,33.7554,-84.4009,,,,70.0,70.0,70.0,,,,,,,,70.0
2018_REG_07_TEN_LAC_20181021,2018-10-21 12:00:00,,,,,station_lookup_error,Wembley Stadium,51.556,-0.2796,,,,,,,,,,,,,,
2018_REG_08_BAL_CAR_20181028,2018-10-28 12:00:00,,,,,station_lookup_error,Bank of America Stadium,35.2258,-80.8528,,,,,,,,,,,,,,
2018_REG_08_CLE_PIT_20181028,2018-10-28 12:00:00,,,,,station_lookup_error,Acrisure Stadium,40.4468,-80.0158,,,,,,,,,,,,,,
2018_REG_08_DEN_KC_20181028,2018-10-28 12:00:00,,,,,station_lookup_error,Arrowhead Stadium,39.0489,-94.4839,,,,,,,,,,,,,,
2018_REG_08_GB_LAR_20181028,2018-10-28 12:00:00,,,,,station_lookup_error,Los Angeles Memorial Coliseum,34.0141,-118.2879,,,,,,,,,,,,,,
2018_REG_08_IND_LV_20181028,2018-10-28 12:00:00,,,,,station_lookup_error,Oakland Coliseum,37.7516,-122.2005,,,,,,,,,,,,,,
2018_REG_08_MIA_HOU_20181025,2018-10-25 12:00:00,70.0,0.0,0.0,INDOOR,indoor_controlled_daily_values,NRG Stadium,29.6847,-95.4107,,,,70.0,70.0,70.0,,,,,,,,70.0
2018_REG_08_NE_BUF_20181029,2018-10-29 12:00:00,,,,,station_lookup_error,Highmark Stadium,42.7738,-78.7868,,,,,,,,,,,,,,
2018_REG_08_NO_MIN_20181028,2018-10-28 12:00:00,70.0,0.0,0.0,INDOOR,indoor_controlled_daily_values,U.S. Bank Stadium,44.9738,-93.2575,,,,70.0,70.0,70.0,,,,,,,,70.0
2018_REG_08_NYJ_CHI_20181028,2018-10-28 12:00:00,,,,,station_lookup_error,Soldier Field,41.8623,-87.6167,,,,,,,,,,,,,,
2018_REG_08_PHI_JAX_20181028,2018-10-28 12:00:00,,,,,station_lookup_error,Wembley Stadium,51.556,-0.2796,,,,,,,,,,,,,,
2018_REG_08_SEA_DET_20181028,2018-10-28 12:00:00,70.0,0.0,0.0,INDOOR,indoor_controlled_daily_values,Ford Field,42.34,-83.0456,,,,70.0,70.0,70.0,,,,,,,,70.0
2018_REG_08_SF_ARI_20181028,2018-10-28 12:00:00,70.0,0.0,0.0,INDOOR,indoor_controlled_daily_values,State Farm Stadium,33.5276,-112.2626,,,,70.0,70.0,70.0,,,,,,,,70.0
2018_REG_08_TB_CIN_20181028,2018-10-28 12:00:00,,,,,station_lookup_error,Paycor Stadium,39.0955,-84.516,,,,,,,,,,,,,,
2018_REG_08_WSH_NYG_20181028,2018-10-28 12:00:00,,,,,station_lookup_error,MetLife Stadium,40.8135,-74.0745,,,,,,,,,,,,,,
2018_REG_09_ATL_WSH_20181104,2018-11-04 12:00:00,,,,,station_lookup_error,Northwest Stadium,38.9078,-76.8644,,,,,,,,,,,,,,
2018_REG_09_CHI_BUF_20181104,2018-11-04 12:00:00,,,,,station_lookup_error,Highmark Stadium,42.7738,-78.7868,,,,,,,,,,,,,,
2018_REG_09_DET_MIN_20181104,2018-11-04 12:00:00,70.0,0.0,0.0,INDOOR,indoor_controlled_daily_values,U.S. Bank Stadium,44.9738,-93.2575,,,,70.0,70.0,70.0,,,,,,,,70.0
2018_REG_09_GB_NE_20181104,2018-11-04 12:00:00,,,,,station_lookup_error,Gillette Stadium,42.0909,-71.2643,,,,,,,,,,,,,,
2018_REG_09_HOU_DEN_20181104,2018-11-04 12:00:00,,,,,station_lookup_error,Empower Field at Mile High,39.7439,-105.0201,,,,,,,,,,,,,,
2018_REG_09_KC_CLE_20181104,2018-11-04 12:00:00,,,,,station_lookup_error,Huntington Bank Field,41.5061,-81.6995,,,,,,,,,,,,,,
2018_REG_09_LAC_SEA_20181104,2018-11-04 12:00:00,,,,,station_lookup_error,Lumen Field,47.5952,-122.3316,,,,,,,,,,,,,,
2018_REG_09_LAR_NO_20181104,2018-11-04 12:00:00,70.0,0.0,0.0,INDOOR,indoor_controlled_daily_values,Caesars Superdome,29.9511,-90.0812,,,,70.0,70.0,70.0,,,,,,,,70.0
2018_REG_09_LV_SF_20181101,2018-11-01 12:00:00,,,,,station_lookup_error,Levi's Stadium,37.403,-121.97,,,,,,,,,,,,,,
2018_REG_09_NYJ_MIA_20181104,2018-11-04 12:00:00,,,,,station_lookup_error,Hard Rock Stadium,25.958,-80.2389,,,,,,,,,,,,,,
2018_REG_09_PIT_BAL_20181104,2018-11-04 12:00:00,,,,,station_lookup_error,M&T Bank Stadium,39.278,-76.6227,,,,,,,,,,,,,,
2018_REG_09_TB_CAR_20181104,2018-11-04 12:00:00,,,,,station_lookup_error,Bank of America Stadium,35.2258,-80.8528,,,,,,,,,,,,,,
2018_REG_09_TEN_DAL_20181105,2018-11-05 12:00:00,70.0,0.0,0.0,INDOOR,indoor_controlled_daily_values,AT&T Stadium,32.7473,-97.0945,,,,70.0,70.0,70.0,,,,,,,,70.0
2018_REG_10_ARI_KC_20181111,2018-11-11 12:00:00,,,,,station_lookup_error,Arrowhead Stadium,39.0489,-94.4839,,,,,,,,,,,,,,
2018_REG_10_ATL_CLE_20181111,2018-11-11 12:00:00,,,,,station_lookup_error,Huntington Bank Field,41.5061,-81.6995,,,,,,,,,,,,,,
2018_REG_10_BUF_NYJ_20181111,2018-11-11 12:00:00,,,,,station_lookup_error,MetLife Stadium,40.8135,-74.0745,,,,,,,,,,,,,,
2018_REG_10_CAR_PIT_20181108,2018-11-08 12:00:00,,,,,station_lookup_error,Acrisure Stadium,40.4468,-80.0158,,,,,,,,,,,,,,
2018_REG_10_DAL_PHI_20181111,2018-11-11 12:00:00,,,,,station_lookup_error,Lincoln Financial Field,39.9008,-75.1675,,,,,,,,,,,,,,
2018_REG_10_DET_CHI_20181111,2018-11-11 12:00:00,,,,,station_lookup_error,Soldier Field,41.8623,-87.6167,,,,,,,,,,,,,,
2018_REG_10_JAX_IND_20181111,2018-11-11 12:00:00,70.0,0.0,0.0,INDOOR,indoor_controlled_daily_values,Lucas Oil Stadium,39.7601,-86.1639,,,,70.0,70.0,70.0,,,,,,,,70.0
2018_REG_10_LAC_LV_20181111,2018-11-11 12:00:00,,,,,station_lookup_error,Oakland Coliseum,37.7516,-122.2005,,,,,,,,,,,,,,
2018_REG_10_MIA_GB_20181111,2018-11-11 12:00:00,,,,,station_lookup_error,Lambeau Field,44.5013,-88.0622,,,,,,,,,,,,,,
2018_REG_10_NE_TEN_20181111,2018-11-11 12:00:00,,,,,station_lookup_error,Nissan Stadium,36.1665,-86.7713,,,,,,,,,,,,,,
2018_REG_10_NO_CIN_20181111,2018-11-11 12:00:00,,,,,station_lookup_error,Paycor Stadium,39.0955,-84.516,,,,,,,,,,,,,,
2018_REG_10_NYG_SF_20181112,2018-11-12 12:00:00,,,,,station_lookup_error,Levi's Stadium,37.403,-121.97,,,,,,,,,,,,,,
2018_REG_10_SEA_LAR_20181111,2018-11-11 12:00:00,,,,,station_lookup_error,Los Angeles Memorial Coliseum,34.0141,-118.2879,,,,,,,,,,,,,,
2018_REG_10_WSH_TB_20181111,2018-11-11 12:00:00,,,,,station_lookup_error,Raymond James Stadium,27.9759,-82.5033,,,,,,,,,,,,,,
2018_REG_11_CAR_DET_20181118,2018-11-18 12:00:00,70.0,0.0,0.0,INDOOR,indoor_controlled_daily_values,Ford Field,42.34,-83.0456,,,,70.0,70.0,70.0,,,,,,,,70.0
2018_REG_11_CIN_BAL_20181118,2018-11-18 12:00:00,,,,,station_lookup_error,M&T Bank Stadium,39.278,-76.6227,,,,,,,,,,,,,,
2018_REG_11_DAL_ATL_20181118,2018-11-18 12:00:00,70.0,0.0,0.0,INDOOR,indoor_controlled_daily_values,Mercedes-Benz Stadium,33.7554,-84.4009,,,,70.0,70.0,70.0,,,,,,,,70.0
2018_REG_11_DEN_LAC_20181118,2018-11-18 12:00:00,,,,,station_lookup_error,StubHub Center,33.8644,-118.2611,,,,,,,,,,,,,,
2018_REG_11_GB_SEA_20181115,2018-11-15 12:00:00,,,,,station_lookup_error,Lumen Field,47.5952,-122.3316,,,,,,,,,,,,,,
2018_REG_11_HOU_WSH_20181118,2018-11-18 12:00:00,,,,,station_lookup_error,Northwest Stadium,38.9078,-76.8644,,,,,,,,,,,,,,
2018_REG_11_KC_LAR_20181119,2018-11-19 12:00:00,,,,,station_lookup_error,Los Angeles Memorial Coliseum,34.0141,-118.2879,,,,,,,,,,,,,,
2018_REG_11_LV_ARI_20181118,2018-11-18 12:00:00,70.0,0.0,0.0,INDOOR,indoor_controlled_daily_values,State Farm Stadium,33.5276,-112.2626,,,,70.0,70.0,70.0,,,,,,,,70.0
2018_REG_11_MIN_CHI_20181118,2018-11-18 12:00:00,,,,,station_lookup_error,Soldier Field,41.8623,-87.6167,,,,,,,,,,,,,,
2018_REG_11_PHI_NO_20181118,2018-11-18 12:00:00,70.0,0.0,0.0,INDOOR,indoor_controlled_daily_values,Caesars Superdome,29.9511,-90.0812,,,,70.0,70.0,70.0,,,,,,,,70.0
2018_REG_11_PIT_JAX_20181118,2018-11-18 12:00:00,,,,,station_lookup_error,TIAA Bank Stadium,30.3239,-81.6373,,,,,,,,,,,,,,
2018_REG_11_TB_NYG_20181118,2018-11-18 12:00:00,,,,,station_lookup_error,MetLife Stadium,40.8135,-74.0745,,,,,,,,,,,,,,
2018_REG_11_TEN_IND_20181118,2018-11-18 12:00:00,70.0,0.0,0.0,INDOOR,indoor_controlled_daily_values,Lucas Oil Stadium,39.7601,-86.1639,,,,70.0,70.0,70.0,,,,,,,,70.0
2018_REG_12_ARI_LAC_20181125,2018-11-25 12:00:00,,,,,station_lookup_error,StubHub Center,33.8644,-118.2611,,,,,,,,,,,,,,
2018_REG_12_ATL_NO_20181122,2018-11-22 12:00:00,70.0,0.0,0.0,INDOOR,indoor_controlled_daily_values,Caesars Superdome,29.9511,-90.0812,,,,70.0,70.0,70.0,,,,,,,,70.0
2018_REG_12_CHI_DET_20181122,2018-11-22 12:00:00,70.0,0.0,0.0,INDOOR,indoor_controlled_daily_values,Ford Field,42.34,-83.0456,,,,70.0,70.0,70.0,,,,,,,,70.0
2018_REG_12_CLE_CIN_20181125,2018-11-25 12:00:00,,,,,station_lookup_error,Paycor Stadium,39.0955,-84.516,,,,,,,,,,,,,,
2018_REG_12_GB_MIN_20181125,2018-11-25 12:00:00,70.0,0.0,0.0,INDOOR,indoor_controlled_daily_values,U.S. Bank Stadium,44.9738,-93.2575,,,,70.0,70.0,70.0,,,,,,,,70.0
2018_REG_12_JAX_BUF_20181125,2018-11-25 12:00:00,,,,,station_lookup_error,Highmark Stadium,42.7738,-78.7868,,,,,,,,,,,,,,
2018_REG_12_LV_BAL_20181125,2018-11-25 12:00:00,,,,,station_lookup_error,M&T Bank Stadium,39.278,-76.6227,,,,,,,,,,,,,,
2018_REG_12_MIA_IND_20181125,2018-11-25 12:00:00,70.0,0.0,0.0,INDOOR,indoor_controlled_daily_values,Lucas Oil Stadium,39.7601,-86.1639,,,,70.0,70.0,70.0,,,,,,,,70.0
2018_REG_12_NE_NYJ_20181125,2018-11-25 12:00:00,,,,,station_lookup_error,MetLife Stadium,40.8135,-74.0745,,,,,,,,,,,,,,
2018_REG_12_NYG_PHI_20181125,2018-11-25 12:00:00,,,,,station_lookup_error,Lincoln Financial Field,39.9008,-75.1675,,,,,,,,,,,,,,
2018_REG_12_PIT_DEN_20181125,2018-11-25 12:00:00,,,,,station_lookup_error,Empower Field at Mile High,39.7439,-105.0201,,,,,,,,,,,,,,
2018_REG_12_SEA_CAR_20181125,2018-11-25 12:00:00,,,,,station_lookup_error,Bank of America Stadium,35.2258,-80.8528,,,,,,,,,,,,,,
2018_REG_12_SF_TB_20181125,2018-11-25 12:00:00,,,,,station_lookup_error,Raymond James Stadium,27.9759,-82.5033,,,,,,,,,,,,,,
2018_REG_12_TEN_HOU_20181126,2018-11-26 12:00:00,70.0,0.0,0.0,INDOOR,indoor_controlled_daily_values,NRG Stadium,29.6847,-95.4107,,,,70.0,70.0,70.0,,,,,,,,70.0
2018_REG_12_WSH_DAL_20181122,2018-11-22 12:00:00,70.0,0.0,0.0,INDOOR,indoor_controlled_daily_values,AT&T Stadium,32.7473,-97.0945,,,,70.0,70.0,70.0,,,,,,,,70.0
2018_REG_13_ARI_GB_20181202,2018-12-02 12:00:00,,,,,station_lookup_error,Lambeau Field,44.5013,-88.0622,,,,,,,,,,,,,,
2018_REG_13_BAL_ATL_20181202,2018-12-02 12:00:00,70.0,0.0,0.0,INDOOR,indoor_controlled_daily_values,Mercedes-Benz Stadium,33.7554,-84.4009,,,,70.0,70.0,70.0,,,,,,,,70.0
2018_REG_13_BUF_MIA_20181202,2018-12-02 12:00:00,,,,,station_lookup_error,Hard Rock Stadium,25.958,-80.2389,,,,,,,,,,,,,,
2018_REG_13_CAR_TB_20181202,2018-12-02 12:00:00,,,,,station_lookup_error,Raymond James Stadium,27.9759,-82.5033,,,,,,,,,,,,,,
2018_REG_13_CHI_NYG_20181202,2018-12-02 12:00:00,,,,,station_lookup_error,MetLife Stadium,40.8135,-74.0745,,,,,,,,,,,,,,
2018_REG_13_CLE_HOU_20181202,2018-12-02 12:00:00,70.0,0.0,0.0,INDOOR,indoor_controlled_daily_values,NRG Stadium,29.6847,-95.4107,,,,70.0,70.0,70.0,,,,,,,,70.0
2018_REG_13_DEN_CIN_20181202,2018-12-02 12:00:00,,,,,station_lookup_error,Paycor Stadium,39.0955,-84.516,,,,,,,,,,,,,,
2018_REG_13_IND_JAX_20181202,2018-12-02 12:00:00,,,,,station_lookup_error,TIAA Bank Stadium,30.3239,-81.6373,,,,,,,,,,,,,,
2018_REG_13_KC_LV_20181202,2018-12-02 12:00:00,,,,,station_lookup_error,Oakland Coliseum,37.7516,-122.2005,,,,,,,,,,,,,,
2018_REG_13_LAC_PIT_20181202,2018-12-02 12:00:00,,,,,station_lookup_error,Acrisure Stadium,40.4468,-80.0158,,,,,,,,,,,,,,
2018_REG_13_LAR_DET_20181202,2018-12-02 12:00:00,70.0,0.0,0.0,INDOOR,indoor_controlled_daily_values,Ford Field,42.34,-83.0456,,,,70.0,70.0,70.0,,,,,,,,70.0
2018_REG_13_MIN_NE_20181202,2018-12-02 12:00:00,,,,,station_lookup_error,Gillette Stadium,42.0909,-71.2643,,,,,,,,,,,,,,
2018_REG_13_NO_DAL_20181129,2018-11-29 12:00:00,70.0,0.0,0.0,INDOOR,indoor_controlled_daily_values,AT&T Stadium,32.7473,-97.0945,,,,70.0,70.0,70.0,,,,,,,,70.0
2018_REG_13_NYJ_TEN_20181202,2018-12-02 12:00:00,,,,,station_lookup_error,Nissan Stadium,36.1665,-86.7713,,,,,,,,,,,,,,
2018_REG_13_SF_SEA_20181202,2018-12-02 12:00:00,,,,,station_lookup_error,Lumen Field,47.5952,-122.3316,,,,,,,,,,,,,,
2018_REG_13_WSH_PHI_20181203,2018-12-03 12:00:00,,,,,station_lookup_error,Lincoln Financial Field,39.9008,-75.1675,,,,,,,,,,,,,,
2018_REG_14_ATL_GB_20181209,2018-12-09 12:00:00,,,,,station_lookup_error,Lambeau Field,44.5013,-88.0622,,,,,,,,,,,,,,
2018_REG_14_BAL_KC_20181209,2018-12-09 12:00:00,,,,,station_lookup_error,Arrowhead Stadium,39.0489,-94.4839,,,,,,,,,,,,,,
2018_REG_14_CAR_CLE_20181209,2018-12-09 12:00:00,,,,,station_lookup_error,Huntington Bank Field,41.5061,-81.6995,,,,,,,,,,,,,,
2018_REG_14_CIN_LAC_20181209,2018-12-09 12:00:00,,,,,station_lookup_error,StubHub Center,33.8644,-118.2611,,,,,,,,,,,,,,
2018_REG_14_DEN_SF_20181209,2018-12-09 12:00:00,,,,,station_lookup_error,Levi's Stadium,37.403,-121.97,,,,,,,,,,,,,,
2018_REG_14_DET_ARI_20181209,2018-12-09 12:00:00,70.0,0.0,0.0,INDOOR,indoor_controlled_daily_values,State Farm Stadium,33.5276,-112.2626,,,,70.0,70.0,70.0,,,,,,,,70.0
2018_REG_14_IND_HOU_20181209,2018-12-09 12:00:00,70.0,0.0,0.0,INDOOR,indoor_controlled_daily_values,NRG Stadium,29.6847,-95.4107,,,,70.0,70.0,70.0,,,,,,,,70.0
2018_REG_14_JAX_TEN_20181206,2018-12-06 12:00:00,,,,,station_lookup_error,Nissan Stadium,36.1665,-86.7713,,,,,,,,,,,,,,
2018_REG_14_LAR_CHI_20181209,2018-12-09 12:00:00,,,,,station_lookup_error,Soldier Field,41.8623,-87.6167,,,,,,,,,,,,,,
2018_REG_14_MIN_SEA_20181210,2018-12-10 12:00:00,,,,,station_lookup_error,Lumen Field,47.5952,-122.3316,,,,,,,,,,,,,,
2018_REG_14_NE_MIA_20181209,2018-12-09 12:00:00,,,,,station_lookup_error,Hard Rock Stadium,25.958,-80.2389,,,,,,,,,,,,,,
2018_REG_14_NO_TB_20181209,2018-12-09 12:00:00,,,,,station_lookup_error,Raymond James Stadium,27.9759,-82.5033,,,,,,,,,,,,,,
2018_REG_14_NYG_WSH_20181209,2018-12-09 12:00:00,,,,,station_lookup_error,Northwest Stadium,38.9078,-76.8644,,,,,,,,,,,,,,
2018_REG_14_NYJ_BUF_20181209,2018-12-09 12:00:00,,,,,station_lookup_error,Highmark Stadium,42.7738,-78.7868,,,,,,,,,,,,,,
2018_REG_14_PHI_DAL_20181209,2018-12-09 12:00:00,70.0,0.0,0.0,INDOOR,indoor_controlled_daily_values,AT&T Stadium,32.7473,-97.0945,,,,70.0,70.0,70.0,,,,,,,,70.0
2018_REG_14_PIT_LV_20181209,2018-12-09 12:00:00,,,,,station_lookup_error,Oakland Coliseum,37.7516,-122.2005,,,,,,,,,,,,,,
2018_REG_15_ARI_ATL_20181216,2018-12-16 12:00:00,70.0,0.0,0.0,INDOOR,indoor_controlled_daily_values,Mercedes-Benz Stadium,33.7554,-84.4009,,,,70.0,70.0,70.0,,,,,,,,70.0
2018_REG_15_CLE_DEN_20181215,2018-12-15 12:00:00,,,,,station_lookup_error,Empower Field at Mile High,39.7439,-105.0201,,,,,,,,,,,,,,
2018_REG_15_DAL_IND_20181216,2018-12-16 12:00:00,70.0,0.0,0.0,INDOOR,indoor_controlled_daily_values,Lucas Oil Stadium,39.7601,-86.1639,,,,70.0,70.0,70.0,,,,,,,,70.0
2018_REG_15_DET_BUF_20181216,2018-12-16 12:00:00,,,,,station_lookup_error,Highmark Stadium,42.7738,-78.7868,,,,,,,,,,,,,,
2018_REG_15_GB_CHI_20181216,2018-12-16 12:00:00,,,,,station_lookup_error,Soldier Field,41.8623,-87.6167,,,,,,,,,,,,,,
2018_REG_15_HOU_NYJ_20181215,2018-12-15 12:00:00,,,,,station_lookup_error,MetLife Stadium,40.8135,-74.0745,,,,,,,,,,,,,,
2018_REG_15_LAC_KC_20181213,2018-12-13 12:00:00,,,,,station_lookup_error,Arrowhead Stadium,39.0489,-94.4839,,,,,,,,,,,,,,
2018_REG_15_LV_CIN_20181216,2018-12-16 12:00:00,,,,,station_lookup_error,Paycor Stadium,39.0955,-84.516,,,,,,,,,,,,,,
2018_REG_15_MIA_MIN_20181216,2018-12-16 12:00:00,70.0,0.0,0.0,INDOOR,indoor_controlled_daily_values,U.S. Bank Stadium,44.9738,-93.2575,,,,70.0,70.0,70.0,,,,,,,,70.0
2018_REG_15_NE_PIT_20181216,2018-12-16 12:00:00,,,,,station_lookup_error,Acrisure Stadium,40.4468,-80.0158,,,,,,,,,,,,,,
2018_REG_15_NO_CAR_20181217,2018-12-17 12:00:00,,,,,station_lookup_error,Bank of America Stadium,35.2258,-80.8528,,,,,,,,,,,,,,
2018_REG_15_PHI_LAR_20181216,2018-12-16 12:00:00,,,,,station_lookup_error,Los Angeles Memorial Coliseum,34.0141,-118.2879,,,,,,,,,,,,,,
2018_REG_15_SEA_SF_20181216,2018-12-16 12:00:00,,,,,station_lookup_error,Levi's Stadium,37.403,-121.97,,,,,,,,,,,,,,
2018_REG_15_TB_BAL_20181216,2018-12-16 12:00:00,,,,,station_lookup_error,M&T Bank Stadium,39.278,-76.6227,,,,,,,,,,,,,,
2018_REG_15_TEN_NYG_20181216,2018-12-16 12:00:00,,,,,station_lookup_error,MetLife Stadium,40.8135,-74.0745,,,,,,,,,,,,,,
2018_REG_15_WSH_JAX_20181216,2018-12-16 12:00:00,,,,,station_lookup_error,TIAA Bank Stadium,30.3239,-81.6373,,,,,,,,,,,,,,
2018_REG_16_ATL_CAR_20181223,2018-12-23 12:00:00,,,,,station_lookup_error,Bank of America Stadium,35.2258,-80.8528,,,,,,,,,,,,,,
2018_REG_16_BAL_LAC_20181222,2018-12-22 12:00:00,,,,,station_lookup_error,StubHub Center,33.8644,-118.2611,,,,,,,,,,,,,,
2018_REG_16_BUF_NE_20181223,2018-12-23 12:00:00,,,,,station_lookup_error,Gillette Stadium,42.0909,-71.2643,,,,,,,,,,,,,,
2018_REG_16_CHI_SF_20181223,2018-12-23 12:00:00,,,,,station_lookup_error,Levi's Stadium,37.403,-121.97,,,,,,,,,,,,,,
2018_REG_16_CIN_CLE_20181223,2018-12-23 12:00:00,,,,,station_lookup_error,Huntington Bank Field,41.5061,-81.6995,,,,,,,,,,,,,,
2018_REG_16_DEN_LV_20181224,2018-12-24 12:00:00,,,,,station_lookup_error,Oakland Coliseum,37.7516,-122.2005,,,,,,,,,,,,,,
2018_REG_16_GB_NYJ_20181223,2018-12-23 12:00:00,,,,,station_lookup_error,MetLife Stadium,40.8135,-74.0745,,,,,,,,,,,,,,
2018_REG_16_HOU_PHI_20181223,2018-12-23 12:00:00,,,,,station_lookup_error,Lincoln Financial Field,39.9008,-75.1675,,,,,,,,,,,,,,
2018_REG_16_JAX_MIA_20181223,2018-12-23 12:00:00,,,,,station_lookup_error,Hard Rock Stadium,25.958,-80.2389,,,,,,,,,,,,,,
2018_REG_16_KC_SEA_20181223,2018-12-23 12:00:00,,,,,station_lookup_error,Lumen Field,47.5952,-122.3316,,,,,,,,,,,,,,
2018_REG_16_LAR_ARI_20181223,2018-12-23 12:00:00,70.0,0.0,0.0,INDOOR,indoor_controlled_daily_values,State Farm Stadium,33.5276,-112.2626,,,,70.0,70.0,70.0,,,,,,,,70.0
2018_REG_16_MIN_DET_20181223,2018-12-23 12:00:00,70.0,0.0,0.0,INDOOR,indoor_controlled_daily_values,Ford Field,42.34,-83.0456,,,,70.0,70.0,70.0,,,,,,,,70.0
2018_REG_16_NYG_IND_20181223,2018-12-23 12:00:00,70.0,0.0,0.0,INDOOR,indoor_controlled_daily_values,Lucas Oil Stadium,39.7601,-86.1639,,,,70.0,70.0,70.0,,,,,,,,70.0
2018_REG_16_PIT_NO_20181223,2018-12-23 12:00:00,70.0,0.0,0.0,INDOOR,indoor_controlled_daily_values,Caesars Superdome,29.9511,-90.0812,,,,70.0,70.0,70.0,,,,,,,,70.0
2018_REG_16_TB_DAL_20181223,2018-12-23 12:00:00,70.0,0.0,0.0,INDOOR,indoor_controlled_daily_values,AT&T Stadium,32.7473,-97.0945,,,,70.0,70.0,70.0,,,,,,,,70.0
2018_REG_16_WSH_TEN_20181222,2018-12-22 12:00:00,,,,,station_lookup_error,Nissan Stadium,36.1665,-86.7713,,,,,,,,,,,,,,
2018_REG_17_ARI_SEA_20181230,2018-12-30 12:00:00,,,,,station_lookup_error,Lumen Field,47.5952,-122.3316,,,,,,,,,,,,,,
2018_REG_17_ATL_TB_20181230,2018-12-30 12:00:00,,,,,station_lookup_error,Raymond James Stadium,27.9759,-82.5033,,,,,,,,,,,,,,
2018_REG_17_CAR_NO_20181230,2018-12-30 12:00:00,70.0,0.0,0.0,INDOOR,indoor_controlled_daily_values,Caesars Superdome,29.9511,-90.0812,,,,70.0,70.0,70.0,,,,,,,,70.0
2018_REG_17_CHI_MIN_20181230,2018-12-30 12:00:00,70.0,0.0,0.0,INDOOR,indoor_controlled_daily_values,U.S. Bank Stadium,44.9738,-93.2575,,,,70.0,70.0,70.0,,,,,,,,70.0
2018_REG_17_CIN_PIT_20181230,2018-12-30 12:00:00,,,,,station_lookup_error,Acrisure Stadium,40.4468,-80.0158,,,,,,,,,,,,,,
2018_REG_17_CLE_BAL_20181230,2018-12-30 12:00:00,,,,,station_lookup_error,M&T Bank Stadium,39.278,-76.6227,,,,,,,,,,,,,,
2018_REG_17_DAL_NYG_20181230,2018-12-30 12:00:00,,,,,station_lookup_error,MetLife Stadium,40.8135,-74.0745,,,,,,,,,,,,,,
2018_REG_17_DET_GB_20181230,2018-12-30 12:00:00,,,,,station_lookup_error,Lambeau Field,44.5013,-88.0622,,,,,,,,,,,,,,
2018_REG_17_IND_TEN_20181230,2018-12-30 12:00:00,,,,,station_lookup_error,Nissan Stadium,36.1665,-86.7713,,,,,,,,,,,,,,
2018_REG_17_JAX_HOU_20181230,2018-12-30 12:00:00,70.0,0.0,0.0,INDOOR,indoor_controlled_daily_values,NRG Stadium,29.6847,-95.4107,,,,70.0,70.0,70.0,,,,,,,,70.0
2018_REG_17_LAC_DEN_20181230,2018-12-30 12:00:00,,,,,station_lookup_error,Empower Field at Mile High,39.7439,-105.0201,,,,,,,,,,,,,,
2018_REG_17_LV_KC_20181230,2018-12-30 12:00:00,,,,,station_lookup_error,Arrowhead Stadium,39.0489,-94.4839,,,,,,,,,,,,,,
2018_REG_17_MIA_BUF_20181230,2018-12-30 12:00:00,,,,,station_lookup_error,Highmark Stadium,42.7738,-78.7868,,,,,,,,,,,,,,
2018_REG_17_NYJ_NE_20181230,2018-12-30 12:00:00,,,,,station_lookup_error,Gillette Stadium,42.0909,-71.2643,,,,,,,,,,,,,,
2018_REG_17_PHI_WSH_20181230,2018-12-30 12:00:00,,,,,station_lookup_error,Northwest Stadium,38.9078,-76.8644,,,,,,,,,,,,,,
2018_REG_17_SF_LAR_20181230,2018-12-30 12:00:00,,,,,station_lookup_error,Los Angeles Memorial Coliseum,34.0141,-118.2879,,,,,,,,,,,,,,
2018_POST_18_IND_HOU_20190105,2019-01-05 12:00:00,70.0,0.0,0.0,INDOOR,indoor_controlled_daily_values,NRG Stadium,29.6847,-95.4107,,,,70.0,70.0,70.0,,,,,,,,70.0
2018_POST_18_LAC_BAL_20190106,2019-01-06 12:00:00,,,,,station_lookup_error,M&T Bank Stadium,39.278,-76.6227,,,,,,,,,,,,,,
2018_POST_18_PHI_CHI_20190106,2019-01-06 12:00:00,,,,,station_lookup_error,Soldier Field,41.8623,-87.6167,,,,,,,,,,,,,,
2018_POST_18_SEA_DAL_20190105,2019-01-05 12:00:00,70.0,0.0,0.0,INDOOR,indoor_controlled_daily_values,AT&T Stadium,32.7473,-97.0945,,,,70.0,70.0,70.0,,,,,,,,70.0
2018_POST_19_DAL_LAR_20190112,2019-01-12 12:00:00,,,,,station_lookup_error,Los Angeles Memorial Coliseum,34.0141,-118.2879,,,,,,,,,,,,,,
2018_POST_19_IND_KC_20190112,2019-01-12 12:00:00,,,,,station_lookup_error,Arrowhead Stadium,39.0489,-94.4839,,,,,,,,,,,,,,
2018_POST_19_LAC_NE_20190113,2019-01-13 12:00:00,,,,,station_lookup_error,Gillette Stadium,42.0909,-71.2643,,,,,,,,,,,,,,
2018_POST_19_PHI_NO_20190113,2019-01-13 12:00:00,70.0,0.0,0.0,INDOOR,indoor_controlled_daily_values,Caesars Superdome,29.9511,-90.0812,,,,70.0,70.0,70.0,,,,,,,,70.0
2018_CON_20_LAR_NO_20190120,2019-01-20 12:00:00,70.0,0.0,0.0,INDOOR,indoor_controlled_daily_values,Caesars Superdome,29.9511,-90.0812,,,,70.0,70.0,70.0,,,,,,,,70.0
2018_CON_20_NE_KC_20190120,2019-01-20 12:00:00,,,,,station_lookup_error,Arrowhead Stadium,39.0489,-94.4839,,,,,,,,,,,,,,
2018_POST_21_NE_LAR_20190203,2019-02-03 12:00:00,70.0,0.0,0.0,INDOOR,indoor_controlled_daily_values,Mercedes-Benz Stadium,33.7554,-84.4009,,,,70.0,70.0,70.0,,,,,,,,70.0
2019_REG_01_ATL_MIN_20190908,2019-09-08 12:00:00,70.0,0.0,0.0,INDOOR,indoor_controlled_daily_values,U.S. Bank Stadium,44.9738,-93.2575,,,,70.0,70.0,70.0,,,,,,,,70.0
2019_REG_01_BAL_MIA_20190908,2019-09-08 12:00:00,,,,,station_lookup_error,Hard Rock Stadium,25.958,-80.2389,,,,,,,,,,,,,,
2019_REG_01_BUF_NYJ_20190908,2019-09-08 12:00:00,,,,,station_lookup_error,MetLife Stadium,40.8135,-74.0745,,,,,,,,,,,,,,
2019_REG_01_CIN_SEA_20190908,2019-09-08 12:00:00,,,,,station_lookup_error,Lumen Field,47.5952,-122.3316,,,,,,,,,,,,,,
2019_REG_01_DEN_LV_20190909,2019-09-09 12:00:00,,,,,station_lookup_error,Ring Central Coliseum,37.7516,-122.2005,,,,,,,,,,,,,,
2019_REG_01_DET_ARI_20190908,2019-09-08 12:00:00,70.0,0.0,0.0,INDOOR,indoor_controlled_daily_values,State Farm Stadium,33.5276,-112.2626,,,,70.0,70.0,70.0,,,,,,,,70.0
2019_REG_01_GB_CHI_20190905,2019-09-05 12:00:00,,,,,station_lookup_error,Soldier Field,41.8623,-87.6167,,,,,,,,,,,,,,
2019_REG_01_HOU_NO_20190909,2019-09-09 12:00:00,70.0,0.0,0.0,INDOOR,indoor_controlled_daily_values,Caesars Superdome,29.9511,-90.0812,,,,70.0,70.0,70.0,,,,,,,,70.0
2019_REG_01_IND_LAC_20190908,2019-09-08 12:00:00,,,,,station_lookup_error,StubHub Center,33.8644,-118.2611,,,,,,,,,,,,,,
2019_REG_01_KC_JAX_20190908,2019-09-08 12:00:00,,,,,station_lookup_error,TIAA Bank Stadium,30.3239,-81.6373,,,,,,,,,,,,,,
2019_REG_01_LAR_CAR_20190908,2019-09-08 12:00:00,,,,,station_lookup_error,Bank of America Stadium,35.2258,-80.8528,,,,,,,,,,,,,,
2019_REG_01_NYG_DAL_20190908,2019-09-08 12:00:00,70.0,0.0,0.0,INDOOR,indoor_controlled_daily_values,AT&T Stadium,32.7473,-97.0945,,,,70.0,70.0,70.0,,,,,,,,70.0
2019_REG_01_PIT_NE_20190908,2019-09-08 12:00:00,,,,,station_lookup_error,Gillette Stadium,42.0909,-71.2643,,,,,,,,,,,,,,
2019_REG_01_SF_TB_20190908,2019-09-08 12:00:00,,,,,station_lookup_error,Raymond James Stadium,27.9759,-82.5033,,,,,,,,,,,,,,
2019_REG_01_TEN_CLE_20190908,2019-09-08 12:00:00,,,,,station_lookup_error,Huntington Bank Field,41.5061,-81.6995,,,,,,,,,,,,,,
2019_REG_01_WSH_PHI_20190908,2019-09-08 12:00:00,,,,,station_lookup_error,Lincoln Financial Field,39.9008,-75.1675,,,,,,,,,,,,,,
2019_REG_02_ARI_BAL_20190915,2019-09-15 12:00:00,,,,,station_lookup_error,M&T Bank Stadium,39.278,-76.6227,,,,,,,,,,,,,,
2019_REG_02_BUF_NYG_20190915,2019-09-15 12:00:00,,,,,station_lookup_error,MetLife Stadium,40.8135,-74.0745,,,,,,,,,,,,,,
2019_REG_02_CHI_DEN_20190915,2019-09-15 12:00:00,,,,,station_lookup_error,Empower Field at Mile High,39.7439,-105.0201,,,,,,,,,,,,,,
2019_REG_02_CLE_NYJ_20190916,2019-09-16 12:00:00,,,,,station_lookup_error,MetLife Stadium,40.8135,-74.0745,,,,,,,,,,,,,,
2019_REG_02_DAL_WSH_20190915,2019-09-15 12:00:00,,,,,station_lookup_error,Northwest Stadium,38.9078,-76.8644,,,,,,,,,,,,,,
2019_REG_02_IND_TEN_20190915,2019-09-15 12:00:00,,,,,station_lookup_error,Nissan Stadium,36.1665,-86.7713,,,,,,,,,,,,,,
2019_REG_02_JAX_HOU_20190915,2019-09-15 12:00:00,70.0,0.0,0.0,INDOOR,indoor_controlled_daily_values,NRG Stadium,29.6847,-95.4107,,,,70.0,70.0,70.0,,,,,,,,70.0
2019_REG_02_KC_LV_20190915,2019-09-15 12:00:00,,,,,station_lookup_error,Ring Central Coliseum,37.7516,-122.2005,,,,,,,,,,,,,,
2019_REG_02_LAC_DET_20190915,2019-09-15 12:00:00,70.0,0.0,0.0,INDOOR,indoor_controlled_daily_values,Ford Field,42.34,-83.0456,,,,70.0,70.0,70.0,,,,,,,,70.0
2019_REG_02_MIN_GB_20190915,2019-09-15 12:00:00,,,,,station_lookup_error,Lambeau Field,44.5013,-88.0622,,,,,,,,,,,,,,
2019_REG_02_NE_MIA_20190915,2019-09-15 12:00:00,,,,,station_lookup_error,Hard Rock Stadium,25.958,-80.2389,,,,,,,,,,,,,,
2019_REG_02_NO_LAR_20190915,2019-09-15 12:00:00,,,,,station_lookup_error,Los Angeles Memorial Coliseum,34.0141,-118.2879,,,,,,,,,,,,,,
2019_REG_02_PHI_ATL_20190915,2019-09-15 12:00:00,70.0,0.0,0.0,INDOOR,indoor_controlled_daily_values,Mercedes-Benz Stadium,33.7554,-84.4009,,,,70.0,70.0,70.0,,,,,,,,70.0
2019_REG_02_SEA_PIT_20190915,2019-09-15 12:00:00,,,,,station_lookup_error,Acrisure Stadium,40.4468,-80.0158,,,,,,,,,,,,,,
2019_REG_02_SF_CIN_20190915,2019-09-15 12:00:00,,,,,station_lookup_error,Paycor Stadium,39.0955,-84.516,,,,,,,,,,,,,,
2019_REG_02_TB_CAR_20190912,2019-09-12 12:00:00,,,,,station_lookup_error,Bank of America Stadium,35.2258,-80.8528,,,,,,,,,,,,,,
2019_REG_03_ATL_IND_20190922,2019-09-22 12:00:00,70.0,0.0,0.0,INDOOR,indoor_controlled_daily_values,Lucas Oil Stadium,39.7601,-86.1639,,,,70.0,70.0,70.0,,,,,,,,70.0
2019_REG_03_BAL_KC_20190922,2019-09-22 12:00:00,,,,,station_lookup_error,Arrowhead Stadium,39.0489,-94.4839,,,,,,,,,,,,,,
2019_REG_03_CAR_ARI_20190922,2019-09-22 12:00:00,70.0,0.0,0.0,INDOOR,indoor_controlled_daily_values,State Farm Stadium,33.5276,-112.2626,,,,70.0,70.0,70.0,,,,,,,,70.0
2019_REG_03_CHI_WSH_20190923,2019-09-23 12:00:00,,,,,station_lookup_error,Northwest Stadium,38.9078,-76.8644,,,,,,,,,,,,,,
2019_REG_03_CIN_BUF_20190922,2019-09-22 12:00:00,,,,,station_lookup_error,Highmark Stadium,42.7738,-78.7868,,,,,,,,,,,,,,
2019_REG_03_DEN_GB_20190922,2019-09-22 12:00:00,,,,,station_lookup_error,Lambeau Field,44.5013,-88.0622,,,,,,,,,,,,,,
2019_REG_03_DET_PHI_20190922,2019-09-22 12:00:00,,,,,station_lookup_error,Lincoln Financial Field,39.9008,-75.1675,,,,,,,,,,,,,,
2019_REG_03_HOU_LAC_20190922,2019-09-22 12:00:00,,,,,station_lookup_error,StubHub Center,33.8644,-118.2611,,,,,,,,,,,,,,
2019_REG_03_LAR_CLE_20190922,2019-09-22 12:00:00,,,,,station_lookup_error,Huntington Bank Field,41.5061,-81.6995,,,,,,,,,,,,,,
2019_REG_03_LV_MIN_20190922,2019-09-22 12:00:00,70.0,0.0,0.0,INDOOR,indoor_controlled_daily_values,U.S. Bank Stadium,44.9738,-93.2575,,,,70.0,70.0,70.0,,,,,,,,70.0
2019_REG_03_MIA_DAL_20190922,2019-09-22 12:00:00,70.0,0.0,0.0,INDOOR,indoor_controlled_daily_values,AT&T Stadium,32.7473,-97.0945,,,,70.0,70.0,70.0,,,,,,,,70.0
2019_REG_03_NO_SEA_20190922,2019-09-22 12:00:00,,,,,station_lookup_error,Lumen Field,47.5952,-122.3316,,,,,,,,,,,,,,
2019_REG_03_NYG_TB_20190922,2019-09-22 12:00:00,,,,,station_lookup_error,Raymond James Stadium,27.9759,-82.5033,,,,,,,,,,,,,,
2019_REG_03_NYJ_NE_20190922,2019-09-22 12:00:00,,,,,station_lookup_error,Gillette Stadium,42.0909,-71.2643,,,,,,,,,,,,,,
2019_REG_03_PIT_SF_20190922,2019-09-22 12:00:00,,,,,station_lookup_error,Levi's Stadium,37.403,-121.97,,,,,,,,,,,,,,
2019_REG_03_TEN_JAX_20190919,2019-09-19 12:00:00,,,,,station_lookup_error,TIAA Bank Stadium,30.3239,-81.6373,,,,,,,,,,,,,,
2019_REG_04_CAR_HOU_20190929,2019-09-29 12:00:00,70.0,0.0,0.0,INDOOR,indoor_controlled_daily_values,NRG Stadium,29.6847,-95.4107,,,,70.0,70.0,70.0,,,,,,,,70.0
2019_REG_04_CIN_PIT_20190930,2019-09-30 12:00:00,,,,,station_lookup_error,Acrisure Stadium,40.4468,-80.0158,,,,,,,,,,,,,,
2019_REG_04_CLE_BAL_20190929,2019-09-29 12:00:00,,,,,station_lookup_error,M&T Bank Stadium,39.278,-76.6227,,,,,,,,,,,,,,
2019_REG_04_DAL_NO_20190929,2019-09-29 12:00:00,70.0,0.0,0.0,INDOOR,indoor_controlled_daily_values,Caesars Superdome,29.9511,-90.0812,,,,70.0,70.0,70.0,,,,,,,,70.0
2019_REG_04_JAX_DEN_20190929,2019-09-29 12:00:00,,,,,station_lookup_error,Empower Field at Mile High,39.7439,-105.0201,,,,,,,,,,,,,,
2019_REG_04_KC_DET_20190929,2019-09-29 12:00:00,70.0,0.0,0.0,INDOOR,indoor_controlled_daily_values,Ford Field,42.34,-83.0456,,,,70.0,70.0,70.0,,,,,,,,70.0
2019_REG_04_LAC_MIA_20190929,2019-09-29 12:00:00,,,,,station_lookup_error,Hard Rock Stadium,25.958,-80.2389,,,,,,,,,,,,,,
2019_REG_04_LV_IND_20190929,2019-09-29 12:00:00,70.0,0.0,0.0,INDOOR,indoor_controlled_daily_values,Lucas Oil Stadium,39.7601,-86.1639,,,,70.0,70.0,70.0,,,,,,,,70.0
2019_REG_04_MIN_CHI_20190929,2019-09-29 12:00:00,,,,,station_lookup_error,Soldier Field,41.8623,-87.6167,,,,,,,,,,,,,,
2019_REG_04_NE_BUF_20190929,2019-09-29 12:00:00,,,,,station_lookup_error,Highmark Stadium,42.7738,-78.7868,,,,,,,,,,,,,,
2019_REG_04_PHI_GB_20190926,2019-09-26 12:00:00,,,,,station_lookup_error,Lambeau Field,44.5013,-88.0622,,,,,,,,,,,,,,
2019_REG_04_SEA_ARI_20190929,2019-09-29 12:00:00,70.0,0.0,0.0,INDOOR,indoor_controlled_daily_values,State Farm Stadium,33.5276,-112.2626,,,,70.0,70.0,70.0,,,,,,,,70.0
2019_REG_04_TB_LAR_20190929,2019-09-29 12:00:00,,,,,station_lookup_error,Los Angeles Memorial Coliseum,34.0141,-118.2879,,,,,,,,,,,,,,
2019_REG_04_TEN_ATL_20190929,2019-09-29 12:00:00,70.0,0.0,0.0,INDOOR,indoor_controlled_daily_values,Mercedes-Benz Stadium,33.7554,-84.4009,,,,70.0,70.0,70.0,,,,,,,,70.0
2019_REG_04_WSH_NYG_20190929,2019-09-29 12:00:00,,,,,station_lookup_error,MetLife Stadium,40.8135,-74.0745,,,,,,,,,,,,,,
2019_REG_05_ARI_CIN_20191006,2019-10-06 12:00:00,,,,,station_lookup_error,Paycor Stadium,39.0955,-84.516,,,,,,,,,,,,,,
2019_REG_05_ATL_HOU_20191006,2019-10-06 12:00:00,70.0,0.0,0.0,INDOOR,indoor_controlled_daily_values,NRG Stadium,29.6847,-95.4107,,,,70.0,70.0,70.0,,,,,,,,70.0
2019_REG_05_BAL_PIT_20191006,2019-10-06 12:00:00,,,,,station_lookup_error,Acrisure Stadium,40.4468,-80.0158,,,,,,,,,,,,,,
2019_REG_05_BUF_TEN_20191006,2019-10-06 12:00:00,,,,,station_lookup_error,Nissan Stadium,36.1665,-86.7713,,,,,,,,,,,,,,
2019_REG_05_CHI_LV_20191006,2019-10-06 12:00:00,,,,,station_lookup_error,Tottenham Hotspur Stadium,51.6043,-0.0664,,,,,,,,,,,,,,
2019_REG_05_CLE_SF_20191007,2019-10-07 12:00:00,,,,,station_lookup_error,Levi's Stadium,37.403,-121.97,,,,,,,,,,,,,,
2019_REG_05_DEN_LAC_20191006,2019-10-06 12:00:00,,,,,station_lookup_error,StubHub Center,33.8644,-118.2611,,,,,,,,,,,,,,
2019_REG_05_GB_DAL_20191006,2019-10-06 12:00:00,70.0,0.0,0.0,INDOOR,indoor_controlled_daily_values,AT&T Stadium,32.7473,-97.0945,,,,70.0,70.0,70.0,,,,,,,,70.0
2019_REG_05_IND_KC_20191006,2019-10-06 12:00:00,,,,,station_lookup_error,Arrowhead Stadium,39.0489,-94.4839,,,,,,,,,,,,,,
2019_REG_05_JAX_CAR_20191006,2019-10-06 12:00:00,,,,,station_lookup_error,Bank of America Stadium,35.2258,-80.8528,,,,,,,,,,,,,,
2019_REG_05_LAR_SEA_20191003,2019-10-03 12:00:00,,,,,station_lookup_error,Lumen Field,47.5952,-122.3316,,,,,,,,,,,,,,
2019_REG_05_MIN_NYG_20191006,2019-10-06 12:00:00,,,,,station_lookup_error,MetLife Stadium,40.8135,-74.0745,,,,,,,,,,,,,,
2019_REG_05_NE_WSH_20191006,2019-10-06 12:00:00,,,,,station_lookup_error,Northwest Stadium,38.9078,-76.8644,,,,,,,,,,,,,,
2019_REG_05_NYJ_PHI_20191006,2019-10-06 12:00:00,,,,,station_lookup_error,Lincoln Financial Field,39.9008,-75.1675,,,,,,,,,,,,,,
2019_REG_05_TB_NO_20191006,2019-10-06 12:00:00,70.0,0.0,0.0,INDOOR,indoor_controlled_daily_values,Caesars Superdome,29.9511,-90.0812,,,,70.0,70.0,70.0,,,,,,,,70.0
2019_REG_06_ATL_ARI_20191013,2019-10-13 12:00:00,70.0,0.0,0.0,INDOOR,indoor_controlled_daily_values,State Farm Stadium,33.5276,-112.2626,,,,70.0,70.0,70.0,,,,,,,,70.0
2019_REG_06_CAR_TB_20191013,2019-10-13 12:00:00,,,,,station_lookup_error,Tottenham Hotspur Stadium,51.6043,-0.0664,,,,,,,,,,,,,,
2019_REG_06_CIN_BAL_20191013,2019-10-13 12:00:00,,,,,station_lookup_error,M&T Bank Stadium,39.278,-76.6227,,,,,,,,,,,,,,
2019_REG_06_DAL_NYJ_20191013,2019-10-13 12:00:00,,,,,station_lookup_error,MetLife Stadium,40.8135,-74.0745,,,,,,,,,,,,,,
2019_REG_06_DET_GB_20191014,2019-10-14 12:00:00,,,,,station_lookup_error,Lambeau Field,44.5013,-88.0622,,,,,,,,,,,,,,
2019_REG_06_HOU_KC_20191013,2019-10-13 12:00:00,,,,,station_lookup_error,Arrowhead Stadium,39.0489,-94.4839,,,,,,,,,,,,,,
2019_REG_06_NO_JAX_20191013,2019-10-13 12:00:00,,,,,station_lookup_error,TIAA Bank Stadium,30.3239,-81.6373,,,,,,,,,,,,,,
2019_REG_06_NYG_NE_20191010,2019-10-10 12:00:00,,,,,station_lookup_error,Gillette Stadium,42.0909,-71.2643,,,,,,,,,,,,,,
2019_REG_06_PHI_MIN_20191013,2019-10-13 12:00:00,70.0,0.0,0.0,INDOOR,indoor_controlled_daily_values,U.S. Bank Stadium,44.9738,-93.2575,,,,70.0,70.0,70.0,,,,,,,,70.0
2019_REG_06_PIT_LAC_20191013,2019-10-13 12:00:00,,,,,station_lookup_error,StubHub Center,33.8644,-118.2611,,,,,,,,,,,,,,
2019_REG_06_SEA_CLE_20191013,2019-10-13 12:00:00,,,,,station_lookup_error,Huntington Bank Field,41.5061,-81.6995,,,,,,,,,,,,,,
2019_REG_06_SF_LAR_20191013,2019-10-13 12:00:00,,,,,station_lookup_error,Los Angeles Memorial Coliseum,34.0141,-118.2879,,,,,,,,,,,,,,
2019_REG_06_TEN_DEN_20191013,2019-10-13 12:00:00,,,,,station_lookup_error,Empower Field at Mile High,39.7439,-105.0201,,,,,,,,,,,,,,
2019_REG_06_WSH_MIA_20191013,2019-10-13 12:00:00,,,,,station_lookup_error,Hard Rock Stadium,25.958,-80.2389,,,,,,,,,,,,,,
2019_REG_07_ARI_NYG_20191020,2019-10-20 12:00:00,,,,,station_lookup_error,MetLife Stadium,40.8135,-74.0745,,,,,,,,,,,,,,
2019_REG_07_BAL_SEA_20191020,2019-10-20 12:00:00,,,,,station_lookup_error,Lumen Field,47.5952,-122.3316,,,,,,,,,,,,,,
2019_REG_07_HOU_IND_20191020,2019-10-20 12:00:00,70.0,0.0,0.0,INDOOR,indoor_controlled_daily_values,Lucas Oil Stadium,39.7601,-86.1639,,,,70.0,70.0,70.0,,,,,,,,70.0
2019_REG_07_JAX_CIN_20191020,2019-10-20 12:00:00,,,,,station_lookup_error,Paycor Stadium,39.0955,-84.516,,,,,,,,,,,,,,
2019_REG_07_KC_DEN_20191017,2019-10-17 12:00:00,,,,,station_lookup_error,Empower Field at Mile High,39.7439,-105.0201,,,,,,,,,,,,,,
2019_REG_07_LAC_TEN_20191020,2019-10-20 12:00:00,,,,,station_lookup_error,Nissan Stadium,36.1665,-86.7713,,,,,,,,,,,,,,
2019_REG_07_LAR_ATL_20191020,2019-10-20 12:00:00,70.0,0.0,0.0,INDOOR,indoor_controlled_daily_values,Mercedes-Benz Stadium,33.7554,-84.4009,,,,70.0,70.0,70.0,,,,,,,,70.0
2019_REG_07_LV_GB_20191020,2019-10-20 12:00:00,,,,,station_lookup_error,Lambeau Field,44.5013,-88.0622,,,,,,,,,,,,,,
2019_REG_07_MIA_BUF_20191020,2019-10-20 12:00:00,,,,,station_lookup_error,Highmark Stadium,42.7738,-78.7868,,,,,,,,,,,,,,
2019_REG_07_MIN_DET_20191020,2019-10-20 12:00:00,70.0,0.0,0.0,INDOOR,indoor_controlled_daily_values,Ford Field,42.34,-83.0456,,,,70.0,70.0,70.0,,,,,,,,70.0
2019_REG_07_NE_NYJ_20191021,2019-10-21 12:00:00,,,,,station_lookup_error,MetLife Stadium,40.8135,-74.0745,,,,,,,,,,,,,,
2019_REG_07_NO_CHI_20191020,2019-10-20 12:00:00,,,,,station_lookup_error,Soldier Field,41.8623,-87.6167,,,,,,,,,,,,,,
2019_REG_07_PHI_DAL_20191020,2019-10-20 12:00:00,70.0,0.0,0.0,INDOOR,indoor_controlled_daily_values,AT&T Stadium,32.7473,-97.0945,,,,70.0,70.0,70.0,,,,,,,,70.0
2019_REG_07_SF_WSH_20191020,2019-10-20 12:00:00,,,,,station_lookup_error,Northwest Stadium,38.9078,-76.8644,,,,,,,,,,,,,,
2019_REG_08_ARI_NO_20191027,2019-10-27 12:00:00,70.0,0.0,0.0,INDOOR,indoor_controlled_daily_values,Caesars Superdome,29.9511,-90.0812,,,,70.0,70.0,70.0,,,,,,,,70.0
2019_REG_08_CAR_SF_20191027,2019-10-27 12:00:00,,,,,station_lookup_error,Levi's Stadium,37.403,-121.97,,,,,,,,,,,,,,
2019_REG_08_CIN_LAR_20191027,2019-10-27 12:00:00,,,,,station_lookup_error,Wembley Stadium,51.556,-0.2796,,,,,,,,,,,,,,
2019_REG_08_CLE_NE_20191027,2019-10-27 12:00:00,,,,,station_lookup_error,Gillette Stadium,42.0909,-71.2643,,,,,,,,,,,,,,
2019_REG_08_DEN_IND_20191027,2019-10-27 12:00:00,70.0,0.0,0.0,INDOOR,indoor_controlled_daily_values,Lucas Oil Stadium,39.7601,-86.1639,,,,70.0,70.0,70.0,,,,,,,,70.0
2019_REG_08_GB_KC_20191027,2019-10-27 12:00:00,,,,,station_lookup_error,Arrowhead Stadium,39.0489,-94.4839,,,,,,,,,,,,,,
2019_REG_08_LAC_CHI_20191027,2019-10-27 12:00:00,,,,,station_lookup_error,Soldier Field,41.8623,-87.6167,,,,,,,,,,,,,,
2019_REG_08_LV_HOU_20191027,2019-10-27 12:00:00,70.0,0.0,0.0,INDOOR,indoor_controlled_daily_values,NRG Stadium,29.6847,-95.4107,,,,70.0,70.0,70.0,,,,,,,,70.0
2019_REG_08_MIA_PIT_20191028,2019-10-28 12:00:00,,,,,station_lookup_error,Acrisure Stadium,40.4468,-80.0158,,,,,,,,,,,,,,
2019_REG_08_NYG_DET_20191027,2019-10-27 12:00:00,70.0,0.0,0.0,INDOOR,indoor_controlled_daily_values,Ford Field,42.34,-83.0456,,,,70.0,70.0,70.0,,,,,,,,70.0
2019_REG_08_NYJ_JAX_20191027,2019-10-27 12:00:00,,,,,station_lookup_error,TIAA Bank Stadium,30.3239,-81.6373,,,,,,,,,,,,,,
2019_REG_08_PHI_BUF_20191027,2019-10-27 12:00:00,,,,,station_lookup_error,Highmark Stadium,42.7738,-78.7868,,,,,,,,,,,,,,
2019_REG_08_SEA_ATL_20191027,2019-10-27 12:00:00,70.0,0.0,0.0,INDOOR,indoor_controlled_daily_values,Mercedes-Benz Stadium,33.7554,-84.4009,,,,70.0,70.0,70.0,,,,,,,,70.0
2019_REG_08_TB_TEN_20191027,2019-10-27 12:00:00,,,,,station_lookup_error,Nissan Stadium,36.1665,-86.7713,,,,,,,,,,,,,,
2019_REG_08_WSH_MIN_20191024,2019-10-24 12:00:00,70.0,0.0,0.0,INDOOR,indoor_controlled_daily_values,U.S. Bank Stadium,44.9738,-93.2575,,,,70.0,70.0,70.0,,,,,,,,70.0
2019_REG_09_CHI_PHI_20191103,2019-11-03 12:00:00,,,,,station_lookup_error,Lincoln Financial Field,39.9008,-75.1675,,,,,,,,,,,,,,
2019_REG_09_CLE_DEN_20191103,2019-11-03 12:00:00,,,,,station_lookup_error,Empower Field at Mile High,39.7439,-105.0201,,,,,,,,,,,,,,
2019_REG_09_DAL_NYG_20191104,2019-11-04 12:00:00,,,,,station_lookup_error,MetLife Stadium,40.8135,-74.0745,,,,,,,,,,,,,,
2019_REG_09_DET_LV_20191103,2019-11-03 12:00:00,,,,,station_lookup_error,Ring Central Coliseum,37.7516,-122.2005,,,,,,,,,,,,,,
2019_REG_09_GB_LAC_20191103,2019-11-03 12:00:00,,,,,station_lookup_error,StubHub Center,33.8644,-118.2611,,,,,,,,,,,,,,
2019_REG_09_HOU_JAX_20191103,2019-11-03 12:00:00,,,,,station_lookup_error,Wembley Stadium,51.556,-0.2796,,,,,,,,,,,,,,
2019_REG_09_IND_PIT_20191103,2019-11-03 12:00:00,,,,,station_lookup_error,Acrisure Stadium,40.4468,-80.0158,,,,,,,,,,,,,,
2019_REG_09_MIN_KC_20191103,2019-11-03 12:00:00,,,,,station_lookup_error,Arrowhead Stadium,39.0489,-94.4839,,,,,,,,,,,,,,
2019_REG_09_NE_BAL_20191103,2019-11-03 12:00:00,,,,,station_lookup_error,M&T Bank Stadium,39.278,-76.6227,,,,,,,,,,,,,,
2019_REG_09_NYJ_MIA_20191103,2019-11-03 12:00:00,,,,,station_lookup_error,Hard Rock Stadium,25.958,-80.2389,,,,,,,,,,,,,,
2019_REG_09_SF_ARI_20191031,2019-10-31 12:00:00,70.0,0.0,0.0,INDOOR,indoor_controlled_daily_values,State Farm Stadium,33.5276,-112.2626,,,,70.0,70.0,70.0,,,,,,,,70.0
2019_REG_09_TB_SEA_20191103,2019-11-03 12:00:00,,,,,station_lookup_error,Lumen Field,47.5952,-122.3316,,,,,,,,,,,,,,
2019_REG_09_TEN_CAR_20191103,2019-11-03 12:00:00,,,,,station_lookup_error,Bank of America Stadium,35.2258,-80.8528,,,,,,,,,,,,,,
2019_REG_09_WSH_BUF_20191103,2019-11-03 12:00:00,,,,,station_lookup_error,Highmark Stadium,42.7738,-78.7868,,,,,,,,,,,,,,
2019_REG_10_ARI_TB_20191110,2019-11-10 12:00:00,,,,,station_lookup_error,Raymond James Stadium,27.9759,-82.5033,,,,,,,,,,,,,,
2019_REG_10_ATL_NO_20191110,2019-11-10 12:00:00,70.0,0.0,0.0,INDOOR,indoor_controlled_daily_values,Caesars Superdome,29.9511,-90.0812,,,,70.0,70.0,70.0,,,,,,,,70.0
2019_REG_10_BAL_CIN_20191110,2019-11-10 12:00:00,,,,,station_lookup_error,Paycor Stadium,39.0955,-84.516,,,,,,,,,,,,,,
2019_REG_10_BUF_CLE_20191110,2019-11-10 12:00:00,,,,,station_lookup_error,Huntington Bank Field,41.5061,-81.6995,,,,,,,,,,,,,,
2019_REG_10_CAR_GB_20191110,2019-11-10 12:00:00,,,,,station_lookup_error,Lambeau Field,44.5013,-88.0622,,,,,,,,,,,,,,
2019_REG_10_DET_CHI_20191110,2019-11-10 12:00:00,,,,,station_lookup_error,Soldier Field,41.8623,-87.6167,,,,,,,,,,,,,,
2019_REG_10_KC_TEN_20191110,2019-11-10 12:00:00,,,,,station_lookup_error,Nissan Stadium,36.1665,-86.7713,,,,,,,,,,,,,,
2019_REG_10_LAC_LV_20191107,2019-11-07 12:00:00,,,,,station_lookup_error,Ring Central Coliseum,37.7516,-122.2005,,,,,,,,,,,,,,
2019_REG_10_LAR_PIT_20191110,2019-11-10 12:00:00,,,,,station_lookup_error,Acrisure Stadium,40.4468,-80.0158,,,,,,,,,,,,,,
2019_REG_10_MIA_IND_20191110,2019-11-10 12:00:00,70.0,0.0,0.0,INDOOR,indoor_controlled_daily_values,Lucas Oil Stadium,39.7601,-86.1639,,,,70.0,70.0,70.0,,,,,,,,70.0
2019_REG_10_MIN_DAL_20191110,2019-11-10 12:00:00,70.0,0.0,0.0,INDOOR,indoor_controlled_daily_values,AT&T Stadium,32.7473,-97.0945,,,,70.0,70.0,70.0,,,,,,,,70.0
2019_REG_10_NYG_NYJ_20191110,2019-11-10 12:00:00,,,,,station_lookup_error,MetLife Stadium,40.8135,-74.0745,,,,,,,,,,,,,,
2019_REG_10_SEA_SF_20191111,2019-11-11 12:00:00,,,,,station_lookup_error,Levi's Stadium,37.403,-121.97,,,,,,,,,,,,,,
2019_REG_11_ARI_SF_20191117,2019-11-17 12:00:00,,,,,station_lookup_error,Levi's Stadium,37.403,-121.97,,,,,,,,,,,,,,
2019_REG_11_ATL_CAR_20191117,2019-11-17 12:00:00,,,,,station_lookup_error,Bank of America Stadium,35.2258,-80.8528,,,,,,,,,,,,,,
2019_REG_11_BUF_MIA_20191117,2019-11-17 12:00:00,,,,,station_lookup_error,Hard Rock Stadium,25.958,-80.2389,,,,,,,,,,,,,,
2019_REG_11_CHI_LAR_20191117,2019-11-17 12:00:00,,,,,station_lookup_error,Los Angeles Memorial Coliseum,34.0141,-118.2879,,,,,,,,,,,,,,
2019_REG_11_CIN_LV_20191117,2019-11-17 12:00:00,,,,,station_lookup_error,Ring Central Coliseum,37.7516,-122.2005,,,,,,,,,,,,,,
2019_REG_11_DAL_DET_20191117,2019-11-17 12:00:00,70.0,0.0,0.0,INDOOR,indoor_controlled_daily_values,Ford Field,42.34,-83.0456,,,,70.0,70.0,70.0,,,,,,,,70.0
2019_REG_11_DEN_MIN_20191117,2019-11-17 12:00:00,70.0,0.0,0.0,INDOOR,indoor_controlled_daily_values,U.S. Bank Stadium,44.9738,-93.2575,,,,70.0,70.0,70.0,,,,,,,,70.0
2019_REG_11_HOU_BAL_20191117,2019-11-17 12:00:00,,,,,station_lookup_error,M&T Bank Stadium,39.278,-76.6227,,,,,,,,,,,,,,
2019_REG_11_JAX_IND_20191117,2019-11-17 12:00:00,70.0,0.0,0.0,INDOOR,indoor_controlled_daily_values,Lucas Oil Stadium,39.7601,-86.1639,,,,70.0,70.0,70.0,,,,,,,,70.0
2019_REG_11_KC_LAC_20191118,2019-11-18 12:00:00,,,,,station_lookup_error,Estadio Azteca,19.3029,-99.1505,,,,,,,,,,,,,,
2019_REG_11_NE_PHI_20191117,2019-11-17 12:00:00,,,,,station_lookup_error,Lincoln Financial Field,39.9008,-75.1675,,,,,,,,,,,,,,
2019_REG_11_NO_TB_20191117,2019-11-17 12:00:00,,,,,station_lookup_error,Raymond James Stadium,27.9759,-82.5033,,,,,,,,,,,,,,
2019_REG_11_NYJ_WSH_20191117,2019-11-17 12:00:00,,,,,station_lookup_error,Northwest Stadium,38.9078,-76.8644,,,,,,,,,,,,,,
2019_REG_11_PIT_CLE_20191114,2019-11-14 12:00:00,,,,,station_lookup_error,Huntington Bank Field,41.5061,-81.6995,,,,,,,,,,,,,,
2019_REG_12_BAL_LAR_20191125,2019-11-25 12:00:00,,,,,station_lookup_error,Los Angeles Memorial Coliseum,34.0141,-118.2879,,,,,,,,,,,,,,
2019_REG_12_CAR_NO_20191124,2019-11-24 12:00:00,70.0,0.0,0.0,INDOOR,indoor_controlled_daily_values,Caesars Superdome,29.9511,-90.0812,,,,70.0,70.0,70.0,,,,,,,,70.0
2019_REG_12_DAL_NE_20191124,2019-11-24 12:00:00,,,,,station_lookup_error,Gillette Stadium,42.0909,-71.2643,,,,,,,,,,,,,,
2019_REG_12_DEN_BUF_20191124,2019-11-24 12:00:00,,,,,station_lookup_error,Highmark Stadium,42.7738,-78.7868,,,,,,,,,,,,,,
2019_REG_12_DET_WSH_20191124,2019-11-24 12:00:00,,,,,station_lookup_error,Northwest Stadium,38.9078,-76.8644,,,,,,,,,,,,,,
2019_REG_12_GB_SF_20191124,2019-11-24 12:00:00,,,,,station_lookup_error,Levi's Stadium,37.403,-121.97,,,,,,,,,,,,,,
2019_REG_12_IND_HOU_20191121,2019-11-21 12:00:00,70.0,0.0,0.0,INDOOR,indoor_controlled_daily_values,NRG Stadium,29.6847,-95.4107,,,,70.0,70.0,70.0,,,,,,,,70.0
2019_REG_12_JAX_TEN_20191124,2019-11-24 12:00:00,,,,,station_lookup_error,Nissan Stadium,36.1665,-86.7713,,,,,,,,,,,,,,
2019_REG_12_LV_NYJ_20191124,2019-11-24 12:00:00,,,,,station_lookup_error,MetLife Stadium,40.8135,-74.0745,,,,,,,,,,,,,,
2019_REG_12_MIA_CLE_20191124,2019-11-24 12:00:00,,,,,station_lookup_error,Huntington Bank Field,41.5061,-81.6995,,,,,,,,,,,,,,
2019_REG_12_NYG_CHI_20191124,2019-11-24 12:00:00,,,,,station_lookup_error,Soldier Field,41.8623,-87.6167,,,,,,,,,,,,,,
2019_REG_12_PIT_CIN_20191124,2019-11-24 12:00:00,,,,,station_lookup_error,Paycor Stadium,39.0955,-84.516,,,,,,,,,,,,,,
2019_REG_12_SEA_PHI_20191124,2019-11-24 12:00:00,,,,,station_lookup_error,Lincoln Financial Field,39.9008,-75.1675,,,,,,,,,,,,,,
2019_REG_12_TB_ATL_20191124,2019-11-24 12:00:00,70.0,0.0,0.0,INDOOR,indoor_controlled_daily_values,Mercedes-Benz Stadium,33.7554,-84.4009,,,,70.0,70.0,70.0,,,,,,,,70.0
2019_REG_13_BUF_DAL_20191128,2019-11-28 12:00:00,70.0,0.0,0.0,INDOOR,indoor_controlled_daily_values,AT&T Stadium,32.7473,-97.0945,,,,70.0,70.0,70.0,,,,,,,,70.0
2019_REG_13_CHI_DET_20191128,2019-11-28 12:00:00,70.0,0.0,0.0,INDOOR,indoor_controlled_daily_values,Ford Field,42.34,-83.0456,,,,70.0,70.0,70.0,,,,,,,,70.0
2019_REG_13_CLE_PIT_20191201,2019-12-01 12:00:00,,,,,station_lookup_error,Acrisure Stadium,40.4468,-80.0158,,,,,,,,,,,,,,
2019_REG_13_GB_NYG_20191201,2019-12-01 12:00:00,,,,,station_lookup_error,MetLife Stadium,40.8135,-74.0745,,,,,,,,,,,,,,
2019_REG_13_LAC_DEN_20191201,2019-12-01 12:00:00,,,,,station_lookup_error,Empower Field at Mile High,39.7439,-105.0201,,,,,,,,,,,,,,
2019_REG_13_LAR_ARI_20191201,2019-12-01 12:00:00,70.0,0.0,0.0,INDOOR,indoor_controlled_daily_values,State Farm Stadium,33.5276,-112.2626,,,,70.0,70.0,70.0,,,,,,,,70.0
2019_REG_13_LV_KC_20191201,2019-12-01 12:00:00,,,,,station_lookup_error,Arrowhead Stadium,39.0489,-94.4839,,,,,,,,,,,,,,
2019_REG_13_MIN_SEA_20191202,2019-12-02 12:00:00,,,,,station_lookup_error,Lumen Field,47.5952,-122.3316,,,,,,,,,,,,,,
2019_REG_13_NE_HOU_20191201,2019-12-01 12:00:00,70.0,0.0,0.0,INDOOR,indoor_controlled_daily_values,NRG Stadium,29.6847,-95.4107,,,,70.0,70.0,70.0,,,,,,,,70.0
2019_REG_13_NO_ATL_20191128,2019-11-28 12:00:00,70.0,0.0,0.0,INDOOR,indoor_controlled_daily_values,Mercedes-Benz Stadium,33.7554,-84.4009,,,,70.0,70.0,70.0,,,,,,,,70.0
2019_REG_13_NYJ_CIN_20191201,2019-12-01 12:00:00,,,,,station_lookup_error,Paycor Stadium,39.0955,-84.516,,,,,,,,,,,,,,
2019_REG_13_PHI_MIA_20191201,2019-12-01 12:00:00,,,,,station_lookup_error,Hard Rock Stadium,25.958,-80.2389,,,,,,,,,,,,,,
2019_REG_13_SF_BAL_20191201,2019-12-01 12:00:00,,,,,station_lookup_error,M&T Bank Stadium,39.278,-76.6227,,,,,,,,,,,,,,
2019_REG_13_TB_JAX_20191201,2019-12-01 12:00:00,,,,,station_lookup_error,TIAA Bank Stadium,30.3239,-81.6373,,,,,,,,,,,,,,
2019_REG_13_TEN_IND_20191201,2019-12-01 12:00:00,70.0,0.0,0.0,INDOOR,indoor_controlled_daily_values,Lucas Oil Stadium,39.7601,-86.1639,,,,70.0,70.0,70.0,,,,,,,,70.0
2019_REG_13_WSH_CAR_20191201,2019-12-01 12:00:00,,,,,station_lookup_error,Bank of America Stadium,35.2258,-80.8528,,,,,,,,,,,,,,
2019_REG_14_BAL_BUF_20191208,2019-12-08 12:00:00,,,,,station_lookup_error,Highmark Stadium,42.7738,-78.7868,,,,,,,,,,,,,,
2019_REG_14_CAR_ATL_20191208,2019-12-08 12:00:00,70.0,0.0,0.0,INDOOR,indoor_controlled_daily_values,Mercedes-Benz Stadium,33.7554,-84.4009,,,,70.0,70.0,70.0,,,,,,,,70.0
2019_REG_14_CIN_CLE_20191208,2019-12-08 12:00:00,,,,,station_lookup_error,Huntington Bank Field,41.5061,-81.6995,,,,,,,,,,,,,,
2019_REG_14_DAL_CHI_20191205,2019-12-05 12:00:00,,,,,station_lookup_error,Soldier Field,41.8623,-87.6167,,,,,,,,,,,,,,
2019_REG_14_DEN_HOU_20191208,2019-12-08 12:00:00,70.0,0.0,0.0,INDOOR,indoor_controlled_daily_values,NRG Stadium,29.6847,-95.4107,,,,70.0,70.0,70.0,,,,,,,,70.0
2019_REG_14_DET_MIN_20191208,2019-12-08 12:00:00,70.0,0.0,0.0,INDOOR,indoor_controlled_daily_values,U.S. Bank Stadium,44.9738,-93.2575,,,,70.0,70.0,70.0,,,,,,,,70.0
2019_REG_14_IND_TB_20191208,2019-12-08 12:00:00,,,,,station_lookup_error,Raymond James Stadium,27.9759,-82.5033,,,,,,,,,,,,,,
2019_REG_14_KC_NE_20191208,2019-12-08 12:00:00,,,,,station_lookup_error,Gillette Stadium,42.0909,-71.2643,,,,,,,,,,,,,,
2019_REG_14_LAC_JAX_20191208,2019-12-08 12:00:00,,,,,station_lookup_error,TIAA Bank Stadium,30.3239,-81.6373,,,,,,,,,,,,,,
2019_REG_14_MIA_NYJ_20191208,2019-12-08 12:00:00,,,,,station_lookup_error,MetLife Stadium,40.8135,-74.0745,,,,,,,,,,,,,,
2019_REG_14_NYG_PHI_20191209,2019-12-09 12:00:00,,,,,station_lookup_error,Lincoln Financial Field,39.9008,-75.1675,,,,,,,,,,,,,,
2019_REG_14_PIT_ARI_20191208,2019-12-08 12:00:00,70.0,0.0,0.0,INDOOR,indoor_controlled_daily_values,State Farm Stadium,33.5276,-112.2626,,,,70.0,70.0,70.0,,,,,,,,70.0
2019_REG_14_SEA_LAR_20191208,2019-12-08 12:00:00,,,,,station_lookup_error,Los Angeles Memorial Coliseum,34.0141,-118.2879,,,,,,,,,,,,,,
2019_REG_14_SF_NO_20191208,2019-12-08 12:00:00,70.0,0.0,0.0,INDOOR,indoor_controlled_daily_values,Caesars Superdome,29.9511,-90.0812,,,,70.0,70.0,70.0,,,,,,,,70.0
2019_REG_14_TEN_LV_20191208,2019-12-08 12:00:00,,,,,station_lookup_error,Ring Central Coliseum,37.7516,-122.2005,,,,,,,,,,,,,,
2019_REG_14_WSH_GB_20191208,2019-12-08 12:00:00,,,,,station_lookup_error,Lambeau Field,44.5013,-88.0622,,,,,,,,,,,,,,
2019_REG_15_ATL_SF_20191215,2019-12-15 12:00:00,,,,,station_lookup_error,Levi's Stadium,37.403,-121.97,,,,,,,,,,,,,,
2019_REG_15_BUF_PIT_20191215,2019-12-15 12:00:00,,,,,station_lookup_error,Acrisure Stadium,40.4468,-80.0158,,,,,,,,,,,,,,
2019_REG_15_CHI_GB_20191215,2019-12-15 12:00:00,,,,,station_lookup_error,Lambeau Field,44.5013,-88.0622,,,,,,,,,,,,,,
2019_REG_15_CLE_ARI_20191215,2019-12-15 12:00:00,70.0,0.0,0.0,INDOOR,indoor_controlled_daily_values,State Farm Stadium,33.5276,-112.2626,,,,70.0,70.0,70.0,,,,,,,,70.0
2019_REG_15_DEN_KC_20191215,2019-12-15 12:00:00,,,,,station_lookup_error,Arrowhead Stadium,39.0489,-94.4839,,,,,,,,,,,,,,
2019_REG_15_HOU_TEN_20191215,2019-12-15 12:00:00,,,,,station_lookup_error,Nissan Stadium,36.1665,-86.7713,,,,,,,,,,,,,,
2019_REG_15_IND_NO_20191216,2019-12-16 12:00:00,70.0,0.0,0.0,INDOOR,indoor_controlled_daily_values,Caesars Superdome,29.9511,-90.0812,,,,70.0,70.0,70.0,,,,,,,,70.0
2019_REG_15_JAX_LV_20191215,2019-12-15 12:00:00,,,,,station_lookup_error,Ring Central Coliseum,37.7516,-122.2005,,,,,,,,,,,,,,
2019_REG_15_LAR_DAL_20191215,2019-12-15 12:00:00,70.0,0.0,0.0,INDOOR,indoor_controlled_daily_values,AT&T Stadium,32.7473,-97.0945,,,,70.0,70.0,70.0,,,,,,,,70.0
2019_REG_15_MIA_NYG_20191215,2019-12-15 12:00:00,,,,,station_lookup_error,MetLife Stadium,40.8135,-74.0745,,,,,,,,,,,,,,
2019_REG_15_MIN_LAC_20191215,2019-12-15 12:00:00,,,,,station_lookup_error,StubHub Center,33.8644,-118.2611,,,,,,,,,,,,,,
2019_REG_15_NE_CIN_20191215,2019-12-15 12:00:00,,,,,station_lookup_error,Paycor Stadium,39.0955,-84.516,,,,,,,,,,,,,,
2019_REG_15_NYJ_BAL_20191212,2019-12-12 12:00:00,,,,,station_lookup_error,M&T Bank Stadium,39.278,-76.6227,,,,,,,,,,,,,,
2019_REG_15_PHI_WSH_20191215,2019-12-15 12:00:00,,,,,station_lookup_error,Northwest Stadium,38.9078,-76.8644,,,,,,,,,,,,,,
2019_REG_15_SEA_CAR_20191215,2019-12-15 12:00:00,,,,,station_lookup_error,Bank of America Stadium,35.2258,-80.8528,,,,,,,,,,,,,,
2019_REG_15_TB_DET_20191215,2019-12-15 12:00:00,70.0,0.0,0.0,INDOOR,indoor_controlled_daily_values,Ford Field,42.34,-83.0456,,,,70.0,70.0,70.0,,,,,,,,70.0
2019_REG_16_ARI_SEA_20191222,2019-12-22 12:00:00,,,,,station_lookup_error,Lumen Field,47.5952,-122.3316,,,,,,,,,,,,,,
2019_REG_16_BAL_CLE_20191222,2019-12-22 12:00:00,,,,,station_lookup_error,Huntington Bank Field,41.5061,-81.6995,,,,,,,,,,,,,,
2019_REG_16_BUF_NE_20191221,2019-12-21 12:00:00,,,,,station_lookup_error,Gillette Stadium,42.0909,-71.2643,,,,,,,,,,,,,,
2019_REG_16_CAR_IND_20191222,2019-12-22 12:00:00,70.0,0.0,0.0,INDOOR,indoor_controlled_daily_values,Lucas Oil Stadium,39.7601,-86.1639,,,,70.0,70.0,70.0,,,,,,,,70.0
2019_REG_16_CIN_MIA_20191222,2019-12-22 12:00:00,,,,,station_lookup_error,Hard Rock Stadium,25.958,-80.2389,,,,,,,,,,,,,,
2019_REG_16_DAL_PHI_20191222,2019-12-22 12:00:00,,,,,station_lookup_error,Lincoln Financial Field,39.9008,-75.1675,,,,,,,,,,,,,,
2019_REG_16_DET_DEN_20191222,2019-12-22 12:00:00,,,,,station_lookup_error,Empower Field at Mile High,39.7439,-105.0201,,,,,,,,,,,,,,
2019_REG_16_GB_MIN_20191223,2019-12-23 12:00:00,70.0,0.0,0.0,INDOOR,indoor_controlled_daily_values,U.S. Bank Stadium,44.9738,-93.2575,,,,70.0,70.0,70.0,,,,,,,,70.0
2019_REG_16_HOU_TB_20191221,2019-12-21 12:00:00,,,,,station_lookup_error,Raymond James Stadium,27.9759,-82.5033,,,,,,,,,,,,,,
2019_REG_16_JAX_ATL_20191222,2019-12-22 12:00:00,70.0,0.0,0.0,INDOOR,indoor_controlled_daily_values,Mercedes-Benz Stadium,33.7554,-84.4009,,,,70.0,70.0,70.0,,,,,,,,70.0
2019_REG_16_KC_CHI_20191222,2019-12-22 12:00:00,,,,,station_lookup_error,Soldier Field,41.8623,-87.6167,,,,,,,,,,,,,,
2019_REG_16_LAR_SF_20191221,2019-12-21 12:00:00,,,,,station_lookup_error,Levi's Stadium,37.403,-121.97,,,,,,,,,,,,,,
2019_REG_16_LV_LAC_20191222,2019-12-22 12:00:00,,,,,station_lookup_error,StubHub Center,33.8644,-118.2611,,,,,,,,,,,,,,
2019_REG_16_NO_TEN_20191222,2019-12-22 12:00:00,,,,,station_lookup_error,Nissan Stadium,36.1665,-86.7713,,,,,,,,,,,,,,
2019_REG_16_NYG_WSH_20191222,2019-12-22 12:00:00,,,,,station_lookup_error,Northwest Stadium,38.9078,-76.8644,,,,,,,,,,,,,,
2019_REG_16_PIT_NYJ_20191222,2019-12-22 12:00:00,,,,,station_lookup_error,MetLife Stadium,40.8135,-74.0745,,,,,,,,,,,,,,
2019_REG_17_ARI_LAR_20191229,2019-12-29 12:00:00,,,,,station_lookup_error,Los Angeles Memorial Coliseum,34.0141,-118.2879,,,,,,,,,,,,,,
2019_REG_17_ATL_TB_20191229,2019-12-29 12:00:00,,,,,station_lookup_error,Raymond James Stadium,27.9759,-82.5033,,,,,,,,,,,,,,
2019_REG_17_CHI_MIN_20191229,2019-12-29 12:00:00,70.0,0.0,0.0,INDOOR,indoor_controlled_daily_values,U.S. Bank Stadium,44.9738,-93.2575,,,,70.0,70.0,70.0,,,,,,,,70.0
2019_REG_17_CLE_CIN_20191229,2019-12-29 12:00:00,,,,,station_lookup_error,Paycor Stadium,39.0955,-84.516,,,,,,,,,,,,,,
2019_REG_17_GB_DET_20191229,2019-12-29 12:00:00,70.0,0.0,0.0,INDOOR,indoor_controlled_daily_values,Ford Field,42.34,-83.0456,,,,70.0,70.0,70.0,,,,,,,,70.0
2019_REG_17_IND_JAX_20191229,2019-12-29 12:00:00,,,,,station_lookup_error,TIAA Bank Stadium,30.3239,-81.6373,,,,,,,,,,,,,,
2019_REG_17_LAC_KC_20191229,2019-12-29 12:00:00,,,,,station_lookup_error,Arrowhead Stadium,39.0489,-94.4839,,,,,,,,,,,,,,
2019_REG_17_LV_DEN_20191229,2019-12-29 12:00:00,,,,,station_lookup_error,Empower Field at Mile High,39.7439,-105.0201,,,,,,,,,,,,,,
2019_REG_17_MIA_NE_20191229,2019-12-29 12:00:00,,,,,station_lookup_error,Gillette Stadium,42.0909,-71.2643,,,,,,,,,,,,,,
2019_REG_17_NO_CAR_20191229,2019-12-29 12:00:00,,,,,station_lookup_error,Bank of America Stadium,35.2258,-80.8528,,,,,,,,,,,,,,
2019_REG_17_NYJ_BUF_20191229,2019-12-29 12:00:00,,,,,station_lookup_error,Highmark Stadium,42.7738,-78.7868,,,,,,,,,,,,,,
2019_REG_17_PHI_NYG_20191229,2019-12-29 12:00:00,,,,,station_lookup_error,MetLife Stadium,40.8135,-74.0745,,,,,,,,,,,,,,
2019_REG_17_PIT_BAL_20191229,2019-12-29 12:00:00,,,,,station_lookup_error,M&T Bank Stadium,39.278,-76.6227,,,,,,,,,,,,,,
2019_REG_17_SF_SEA_20191229,2019-12-29 12:00:00,,,,,station_lookup_error,Lumen Field,47.5952,-122.3316,,,,,,,,,,,,,,
2019_REG_17_TEN_HOU_20191229,2019-12-29 12:00:00,70.0,0.0,0.0,INDOOR,indoor_controlled_daily_values,NRG Stadium,29.6847,-95.4107,,,,70.0,70.0,70.0,,,,,,,,70.0
2019_REG_17_WSH_DAL_20191229,2019-12-29 12:00:00,70.0,0.0,0.0,INDOOR,indoor_controlled_daily_values,AT&T Stadium,32.7473,-97.0945,,,,70.0,70.0,70.0,,,,,,,,70.0
2019_POST_18_BUF_HOU_20200104,2020-01-04 12:00:00,70.0,0.0,0.0,INDOOR,indoor_controlled_daily_values,NRG Stadium,29.6847,-95.4107,,,,70.0,70.0,70.0,,,,,,,,70.0
2019_POST_18_MIN_NO_20200105,2020-01-05 12:00:00,70.0,0.0,0.0,INDOOR,indoor_controlled_daily_values,Caesars Superdome,29.9511,-90.0812,,,,70.0,70.0,70.0,,,,,,,,70.0
2019_POST_18_SEA_PHI_20200105,2020-01-05 12:00:00,,,,,station_lookup_error,Lincoln Financial Field,39.9008,-75.1675,,,,,,,,,,,,,,
2019_POST_18_TEN_NE_20200104,2020-01-04 12:00:00,,,,,station_lookup_error,Gillette Stadium,42.0909,-71.2643,,,,,,,,,,,,,,
2019_POST_19_HOU_KC_20200112,2020-01-12 12:00:00,,,,,station_lookup_error,Arrowhead Stadium,39.0489,-94.4839,,,,,,,,,,,,,,
2019_POST_19_MIN_SF_20200111,2020-01-11 12:00:00,,,,,station_lookup_error,Levi's Stadium,37.403,-121.97,,,,,,,,,,,,,,
2019_POST_19_SEA_GB_20200112,2020-01-12 12:00:00,,,,,station_lookup_error,Lambeau Field,44.5013,-88.0622,,,,,,,,,,,,,,
2019_POST_19_TEN_BAL_20200111,2020-01-11 12:00:00,,,,,station_lookup_error,M&T Bank Stadium,39.278,-76.6227,,,,,,,,,,,,,,
2019_CON_20_GB_SF_20200119,2020-01-19 12:00:00,,,,,station_lookup_error,Levi's Stadium,37.403,-121.97,,,,,,,,,,,,,,
2019_CON_20_TEN_KC_20200119,2020-01-19 12:00:00,,,,,station_lookup_error,Arrowhead Stadium,39.0489,-94.4839,,,,,,,,,,,,,,
2019_POST_21_SF_KC_20200202,2020-02-02 12:00:00,,,,,station_lookup_error,Hard Rock Stadium,25.958,-80.2389,,,,,,,,,,,,,,
2020_REG_01_ARI_SF_20200913,2020-09-13 12:00:00,,,,,station_lookup_error,Levi's Stadium,37.403,-121.97,,,,,,,,,,,,,,
2020_REG_01_CHI_DET_20200913,2020-09-13 12:00:00,70.0,0.0,0.0,INDOOR,indoor_controlled_daily_values,Ford Field,42.34,-83.0456,,,,70.0,70.0,70.0,,,,,,,,70.0
2020_REG_01_CLE_BAL_20200913,2020-09-13 12:00:00,,,,,station_lookup_error,M&T Bank Stadium,39.278,-76.6227,,,,,,,,,,,,,,
2020_REG_01_DAL_LAR_20200913,2020-09-13 12:00:00,70.0,0.0,0.0,INDOOR,indoor_controlled_daily_values,SoFi Stadium,33.9535,-118.3392,,,,70.0,70.0,70.0,,,,,,,,70.0
2020_REG_01_GB_MIN_20200913,2020-09-13 12:00:00,70.0,0.0,0.0,INDOOR,indoor_controlled_daily_values,U.S. Bank Stadium,44.9738,-93.2575,,,,70.0,70.0,70.0,,,,,,,,70.0
2020_REG_01_HOU_KC_20200910,2020-09-10 12:00:00,,,,,station_lookup_error,Arrowhead Stadium,39.0489,-94.4839,,,,,,,,,,,,,,
2020_REG_01_IND_JAX_20200913,2020-09-13 12:00:00,,,,,station_lookup_error,TIAA Bank Stadium,30.3239,-81.6373,,,,,,,,,,,,,,
2020_REG_01_LAC_CIN_20200913,2020-09-13 12:00:00,,,,,station_lookup_error,Paycor Stadium,39.0955,-84.516,,,,,,,,,,,,,,
2020_REG_01_LV_CAR_20200913,2020-09-13 12:00:00,,,,,station_lookup_error,Bank of America Stadium,35.2258,-80.8528,,,,,,,,,,,,,,
2020_REG_01_MIA_NE_20200913,2020-09-13 12:00:00,,,,,station_lookup_error,Gillette Stadium,42.0909,-71.2643,,,,,,,,,,,,,,
2020_REG_01_NYJ_BUF_20200913,2020-09-13 12:00:00,,,,,station_lookup_error,Highmark Stadium,42.7738,-78.7868,,,,,,,,,,,,,,
2020_REG_01_PHI_WSH_20200913,2020-09-13 12:00:00,,,,,station_lookup_error,Northwest Stadium,38.9078,-76.8644,,,,,,,,,,,,,,
2020_REG_01_PIT_NYG_20200914,2020-09-14 12:00:00,,,,,station_lookup_error,MetLife Stadium,40.8135,-74.0745,,,,,,,,,,,,,,
2020_REG_01_SEA_ATL_20200913,2020-09-13 12:00:00,70.0,0.0,0.0,INDOOR,indoor_controlled_daily_values,Mercedes-Benz Stadium,33.7554,-84.4009,,,,70.0,70.0,70.0,,,,,,,,70.0
2020_REG_01_TB_NO_20200913,2020-09-13 12:00:00,70.0,0.0,0.0,INDOOR,indoor_controlled_daily_values,Caesars Superdome,29.9511,-90.0812,,,,70.0,70.0,70.0,,,,,,,,70.0
2020_REG_01_TEN_DEN_20200914,2020-09-14 12:00:00,,,,,station_lookup_error,Empower Field at Mile High,39.7439,-105.0201,,,,,,,,,,,,,,
2020_REG_02_ATL_DAL_20200920,2020-09-20 12:00:00,70.0,0.0,0.0,INDOOR,indoor_controlled_daily_values,AT&T Stadium,32.7473,-97.0945,,,,70.0,70.0,70.0,,,,,,,,70.0
2020_REG_02_BAL_HOU_20200920,2020-09-20 12:00:00,70.0,0.0,0.0,INDOOR,indoor_controlled_daily_values,NRG Stadium,29.6847,-95.4107,,,,70.0,70.0,70.0,,,,,,,,70.0
2020_REG_02_BUF_MIA_20200920,2020-09-20 12:00:00,,,,,station_lookup_error,Hard Rock Stadium,25.958,-80.2389,,,,,,,,,,,,,,
2020_REG_02_CAR_TB_20200920,2020-09-20 12:00:00,,,,,station_lookup_error,Raymond James Stadium,27.9759,-82.5033,,,,,,,,,,,,,,
2020_REG_02_CIN_CLE_20200917,2020-09-17 12:00:00,,,,,station_lookup_error,Huntington Bank Field,41.5061,-81.6995,,,,,,,,,,,,,,
2020_REG_02_DEN_PIT_20200920,2020-09-20 12:00:00,,,,,station_lookup_error,Acrisure Stadium,40.4468,-80.0158,,,,,,,,,,,,,,
2020_REG_02_DET_GB_20200920,2020-09-20 12:00:00,,,,,station_lookup_error,Lambeau Field,44.5013,-88.0622,,,,,,,,,,,,,,
2020_REG_02_JAX_TEN_20200920,2020-09-20 12:00:00,,,,,station_lookup_error,Nissan Stadium,36.1665,-86.7713,,,,,,,,,,,,,,
2020_REG_02_KC_LAC_20200920,2020-09-20 12:00:00,70.0,0.0,0.0,INDOOR,indoor_controlled_daily_values,SoFi Stadium,33.9535,-118.3392,,,,70.0,70.0,70.0,,,,,,,,70.0
2020_REG_02_LAR_PHI_20200920,2020-09-20 12:00:00,,,,,station_lookup_error,Lincoln Financial Field,39.9008,-75.1675,,,,,,,,,,,,,,
2020_REG_02_MIN_IND_20200920,2020-09-20 12:00:00,70.0,0.0,0.0,INDOOR,indoor_controlled_daily_values,Lucas Oil Stadium,39.7601,-86.1639,,,,70.0,70.0,70.0,,,,,,,,70.0
2020_REG_02_NE_SEA_20200920,2020-09-20 12:00:00,,,,,station_lookup_error,Lumen Field,47.5952,-122.3316,,,,,,,,,,,,,,
2020_REG_02_NO_LV_20200921,2020-09-21 12:00:00,70.0,0.0,0.0,INDOOR,indoor_controlled_daily_values,Allegiant Stadium,36.0908,-115.183,,,,70.0,70.0,70.0,,,,,,,,70.0
2020_REG_02_NYG_CHI_20200920,2020-09-20 12:00:00,,,,,station_lookup_error,Soldier Field,41.8623,-87.6167,,,,,,,,,,,,,,
2020_REG_02_SF_NYJ_20200920,2020-09-20 12:00:00,,,,,station_lookup_error,MetLife Stadium,40.8135,-74.0745,,,,,,,,,,,,,,
2020_REG_02_WSH_ARI_20200920,2020-09-20 12:00:00,70.0,0.0,0.0,INDOOR,indoor_controlled_daily_values,State Farm Stadium,33.5276,-112.2626,,,,70.0,70.0,70.0,,,,,,,,70.0
2020_REG_03_CAR_LAC_20200927,2020-09-27 12:00:00,70.0,0.0,0.0,INDOOR,indoor_controlled_daily_values,SoFi Stadium,33.9535,-118.3392,,,,70.0,70.0,70.0,,,,,,,,70.0
2020_REG_03_CHI_ATL_20200927,2020-09-27 12:00:00,70.0,0.0,0.0,INDOOR,indoor_controlled_daily_values,Mercedes-Benz Stadium,33.7554,-84.4009,,,,70.0,70.0,70.0,,,,,,,,70.0
2020_REG_03_CIN_PHI_20200927,2020-09-27 12:00:00,,,,,station_lookup_error,Lincoln Financial Field,39.9008,-75.1675,,,,,,,,,,,,,,
2020_REG_03_DAL_SEA_20200927,2020-09-27 12:00:00,,,,,station_lookup_error,Lumen Field,47.5952,-122.3316,,,,,,,,,,,,,,
2020_REG_03_DET_ARI_20200927,2020-09-27 12:00:00,70.0,0.0,0.0,INDOOR,indoor_controlled_daily_values,State Farm Stadium,33.5276,-112.2626,,,,70.0,70.0,70.0,,,,,,,,70.0
2020_REG_03_GB_NO_20200927,2020-09-27 12:00:00,70.0,0.0,0.0,INDOOR,indoor_controlled_daily_values,Caesars Superdome,29.9511,-90.0812,,,,70.0,70.0,70.0,,,,,,,,70.0
2020_REG_03_HOU_PIT_20200927,2020-09-27 12:00:00,,,,,station_lookup_error,Acrisure Stadium,40.4468,-80.0158,,,,,,,,,,,,,,
2020_REG_03_KC_BAL_20200928,2020-09-28 12:00:00,,,,,station_lookup_error,M&T Bank Stadium,39.278,-76.6227,,,,,,,,,,,,,,
2020_REG_03_LAR_BUF_20200927,2020-09-27 12:00:00,,,,,station_lookup_error,Highmark Stadium,42.7738,-78.7868,,,,,,,,,,,,,,
2020_REG_03_LV_NE_20200927,2020-09-27 12:00:00,,,,,station_lookup_error,Gillette Stadium,42.0909,-71.2643,,,,,,,,,,,,,,
2020_REG_03_MIA_JAX_20200924,2020-09-24 12:00:00,,,,,station_lookup_error,TIAA Bank Stadium,30.3239,-81.6373,,,,,,,,,,,,,,
2020_REG_03_NYJ_IND_20200927,2020-09-27 12:00:00,70.0,0.0,0.0,INDOOR,indoor_controlled_daily_values,Lucas Oil Stadium,39.7601,-86.1639,,,,70.0,70.0,70.0,,,,,,,,70.0
2020_REG_03_SF_NYG_20200927,2020-09-27 12:00:00,,,,,station_lookup_error,MetLife Stadium,40.8135,-74.0745,,,,,,,,,,,,,,
2020_REG_03_TB_DEN_20200927,2020-09-27 12:00:00,,,,,station_lookup_error,Empower Field at Mile High,39.7439,-105.0201,,,,,,,,,,,,,,
2020_REG_03_TEN_MIN_20200927,2020-09-27 12:00:00,70.0,0.0,0.0,INDOOR,indoor_controlled_daily_values,U.S. Bank Stadium,44.9738,-93.2575,,,,70.0,70.0,70.0,,,,,,,,70.0
2020_REG_03_WSH_CLE_20200927,2020-09-27 12:00:00,,,,,station_lookup_error,Huntington Bank Field,41.5061,-81.6995,,,,,,,,,,,,,,
2020_REG_04_ARI_CAR_20201004,2020-10-04 12:00:00,,,,,station_lookup_error,Bank of America Stadium,35.2258,-80.8528,,,,,,,,,,,,,,
2020_REG_04_ATL_GB_20201005,2020-10-05 12:00:00,,,,,station_lookup_error,Lambeau Field,44.5013,-88.0622,,,,,,,,,,,,,,
2020_REG_04_BAL_WSH_20201004,2020-10-04 12:00:00,,,,,station_lookup_error,Northwest Stadium,38.9078,-76.8644,,,,,,,,,,,,,,
2020_REG_04_BUF_LV_20201004,2020-10-04 12:00:00,70.0,0.0,0.0,INDOOR,indoor_controlled_daily_values,Allegiant Stadium,36.0908,-115.183,,,,70.0,70.0,70.0,,,,,,,,70.0
2020_REG_04_CLE_DAL_20201004,2020-10-04 12:00:00,70.0,0.0,0.0,INDOOR,indoor_controlled_daily_values,AT&T Stadium,32.7473,-97.0945,,,,70.0,70.0,70.0,,,,,,,,70.0
2020_REG_04_DEN_NYJ_20201001,2020-10-01 12:00:00,,,,,station_lookup_error,MetLife Stadium,40.8135,-74.0745,,,,,,,,,,,,,,
2020_REG_04_IND_CHI_20201004,2020-10-04 12:00:00,,,,,station_lookup_error,Soldier Field,41.8623,-87.6167,,,,,,,,,,,,,,
2020_REG_04_JAX_CIN_20201004,2020-10-04 12:00:00,,,,,station_lookup_error,Paycor Stadium,39.0955,-84.516,,,,,,,,,,,,,,
2020_REG_04_LAC_TB_20201004,2020-10-04 12:00:00,,,,,station_lookup_error,Raymond James Stadium,27.9759,-82.5033,,,,,,,,,,,,,,
2020_REG_04_MIN_HOU_20201004,2020-10-04 12:00:00,70.0,0.0,0.0,INDOOR,indoor_controlled_daily_values,NRG Stadium,29.6847,-95.4107,,,,70.0,70.0,70.0,,,,,,,,70.0
2020_REG_04_NE_KC_20201005,2020-10-05 12:00:00,,,,,station_lookup_error,Arrowhead Stadium,39.0489,-94.4839,,,,,,,,,,,,,,
2020_REG_04_NO_DET_20201004,2020-10-04 12:00:00,70.0,0.0,0.0,INDOOR,indoor_controlled_daily_values,Ford Field,42.34,-83.0456,,,,70.0,70.0,70.0,,,,,,,,70.0
2020_REG_04_NYG_LAR_20201004,2020-10-04 12:00:00,70.0,0.0,0.0,INDOOR,indoor_controlled_daily_values,SoFi Stadium,33.9535,-118.3392,,,,70.0,70.0,70.0,,,,,,,,70.0
2020_REG_04_PHI_SF_20201004,2020-10-04 12:00:00,,,,,station_lookup_error,Levi's Stadium,37.403,-121.97,,,,,,,,,,,,,,
2020_REG_04_SEA_MIA_20201004,2020-10-04 12:00:00,,,,,station_lookup_error,Hard Rock Stadium,25.958,-80.2389,,,,,,,,,,,,,,
2020_REG_05_ARI_NYJ_20201011,2020-10-11 12:00:00,,,,,station_lookup_error,MetLife Stadium,40.8135,-74.0745,,,,,,,,,,,,,,
2020_REG_05_BUF_TEN_20201013,2020-10-13 12:00:00,,,,,station_lookup_error,Nissan Stadium,36.1665,-86.7713,,,,,,,,,,,,,,
2020_REG_05_CAR_ATL_20201011,2020-10-11 12:00:00,70.0,0.0,0.0,INDOOR,indoor_controlled_daily_values,Mercedes-Benz Stadium,33.7554,-84.4009,,,,70.0,70.0,70.0,,,,,,,,70.0
2020_REG_05_CIN_BAL_20201011,2020-10-11 12:00:00,,,,,station_lookup_error,M&T Bank Stadium,39.278,-76.6227,,,,,,,,,,,,,,
2020_REG_05_IND_CLE_20201011,2020-10-11 12:00:00,,,,,station_lookup_error,Huntington Bank Field,41.5061,-81.6995,,,,,,,,,,,,,,
2020_REG_05_JAX_HOU_20201011,2020-10-11 12:00:00,70.0,0.0,0.0,INDOOR,indoor_controlled_daily_values,NRG Stadium,29.6847,-95.4107,,,,70.0,70.0,70.0,,,,,,,,70.0
2020_REG_05_LAC_NO_20201012,2020-10-12 12:00:00,70.0,0.0,0.0,INDOOR,indoor_controlled_daily_values,Caesars Superdome,29.9511,-90.0812,,,,70.0,70.0,70.0,,,,,,,,70.0
2020_REG_05_LAR_WSH_20201011,2020-10-11 12:00:00,,,,,station_lookup_error,Northwest Stadium,38.9078,-76.8644,,,,,,,,,,,,,,
2020_REG_05_LV_KC_20201011,2020-10-11 12:00:00,,,,,station_lookup_error,Arrowhead Stadium,39.0489,-94.4839,,,,,,,,,,,,,,
2020_REG_05_MIA_SF_20201011,2020-10-11 12:00:00,,,,,station_lookup_error,Levi's Stadium,37.403,-121.97,,,,,,,,,,,,,,
2020_REG_05_MIN_SEA_20201011,2020-10-11 12:00:00,,,,,station_lookup_error,Lumen Field,47.5952,-122.3316,,,,,,,,,,,,,,
2020_REG_05_NYG_DAL_20201011,2020-10-11 12:00:00,70.0,0.0,0.0,INDOOR,indoor_controlled_daily_values,AT&T Stadium,32.7473,-97.0945,,,,70.0,70.0,70.0,,,,,,,,70.0
2020_REG_05_PHI_PIT_20201011,2020-10-11 12:00:00,,,,,station_lookup_error,Acrisure Stadium,40.4468,-80.0158,,,,,,,,,,,,,,
2020_REG_05_TB_CHI_20201008,2020-10-08 12:00:00,,,,,station_lookup_error,Soldier Field,41.8623,-87.6167,,,,,,,,,,,,,,
2020_REG_06_ARI_DAL_20201019,2020-10-19 12:00:00,70.0,0.0,0.0,INDOOR,indoor_controlled_daily_values,AT&T Stadium,32.7473,-97.0945,,,,70.0,70.0,70.0,,,,,,,,70.0
2020_REG_06_ATL_MIN_20201018,2020-10-18 12:00:00,70.0,0.0,0.0,INDOOR,indoor_controlled_daily_values,U.S. Bank Stadium,44.9738,-93.2575,,,,70.0,70.0,70.0,,,,,,,,70.0
2020_REG_06_BAL_PHI_20201018,2020-10-18 12:00:00,,,,,station_lookup_error,Lincoln Financial Field,39.9008,-75.1675,,,,,,,,,,,,,,
2020_REG_06_CHI_CAR_20201018,2020-10-18 12:00:00,,,,,station_lookup_error,Bank of America Stadium,35.2258,-80.8528,,,,,,,,,,,,,,
2020_REG_06_CIN_IND_20201018,2020-10-18 12:00:00,70.0,0.0,0.0,INDOOR,indoor_controlled_daily_values,Lucas Oil Stadium,39.7601,-86.1639,,,,70.0,70.0,70.0,,,,,,,,70.0
2020_REG_06_CLE_PIT_20201018,2020-10-18 12:00:00,,,,,station_lookup_error,Acrisure Stadium,40.4468,-80.0158,,,,,,,,,,,,,,
2020_REG_06_DEN_NE_20201018,2020-10-18 12:00:00,,,,,station_lookup_error,Gillette Stadium,42.0909,-71.2643,,,,,,,,,,,,,,
2020_REG_06_DET_JAX_20201018,2020-10-18 12:00:00,,,,,station_lookup_error,TIAA Bank Stadium,30.3239,-81.6373,,,,,,,,,,,,,,
2020_REG_06_GB_TB_20201018,2020-10-18 12:00:00,,,,,station_lookup_error,Raymond James Stadium,27.9759,-82.5033,,,,,,,,,,,,,,
2020_REG_06_HOU_TEN_20201018,2020-10-18 12:00:00,,,,,station_lookup_error,Nissan Stadium,36.1665,-86.7713,,,,,,,,,,,,,,
2020_REG_06_KC_BUF_20201019,2020-10-19 12:00:00,,,,,station_lookup_error,Highmark Stadium,42.7738,-78.7868,,,,,,,,,,,,,,
2020_REG_06_LAR_SF_20201018,2020-10-18 12:00:00,,,,,station_lookup_error,Levi's Stadium,37.403,-121.97,,,,,,,,,,,,,,
2020_REG_06_NYJ_MIA_20201018,2020-10-18 12:00:00,,,,,station_lookup_error,Hard Rock Stadium,25.958,-80.2389,,,,,,,,,,,,,,
2020_REG_06_WSH_NYG_20201018,2020-10-18 12:00:00,,,,,station_lookup_error,MetLife Stadium,40.8135,-74.0745,,,,,,,,,,,,,,
2020_REG_07_BUF_NYJ_20201025,2020-10-25 12:00:00,,,,,station_lookup_error,MetLife Stadium,40.8135,-74.0745,,,,,,,,,,,,,,
2020_REG_07_CAR_NO_20201025,2020-10-25 12:00:00,70.0,0.0,0.0,INDOOR,indoor_controlled_daily_values,Caesars Superdome,29.9511,-90.0812,,,,70.0,70.0,70.0,,,,,,,,70.0
2020_REG_07_CHI_LAR_20201026,2020-10-26 12:00:00,70.0,0.0,0.0,INDOOR,indoor_controlled_daily_values,SoFi Stadium,33.9535,-118.3392,,,,70.0,70.0,70.0,,,,,,,,70.0
2020_REG_07_CLE_CIN_20201025,2020-10-25 12:00:00,,,,,station_lookup_error,Paycor Stadium,39.0955,-84.516,,,,,,,,,,,,,,
2020_REG_07_DAL_WSH_20201025,2020-10-25 12:00:00,,,,,station_lookup_error,Northwest Stadium,38.9078,-76.8644,,,,,,,,,,,,,,
2020_REG_07_DET_ATL_20201025,2020-10-25 12:00:00,70.0,0.0,0.0,INDOOR,indoor_controlled_daily_values,Mercedes-Benz Stadium,33.7554,-84.4009,,,,70.0,70.0,70.0,,,,,,,,70.0
2020_REG_07_GB_HOU_20201025,2020-10-25 12:00:00,70.0,0.0,0.0,INDOOR,indoor_controlled_daily_values,NRG Stadium,29.6847,-95.4107,,,,70.0,70.0,70.0,,,,,,,,70.0
2020_REG_07_JAX_LAC_20201025,2020-10-25 12:00:00,70.0,0.0,0.0,INDOOR,indoor_controlled_daily_values,SoFi Stadium,33.9535,-118.3392,,,,70.0,70.0,70.0,,,,,,,,70.0
2020_REG_07_KC_DEN_20201025,2020-10-25 12:00:00,,,,,station_lookup_error,Empower Field at Mile High,39.7439,-105.0201,,,,,,,,,,,,,,
2020_REG_07_NYG_PHI_20201022,2020-10-22 12:00:00,,,,,station_lookup_error,Lincoln Financial Field,39.9008,-75.1675,,,,,,,,,,,,,,
2020_REG_07_PIT_TEN_20201025,2020-10-25 12:00:00,,,,,station_lookup_error,Nissan Stadium,36.1665,-86.7713,,,,,,,,,,,,,,
2020_REG_07_SEA_ARI_20201025,2020-10-25 12:00:00,70.0,0.0,0.0,INDOOR,indoor_controlled_daily_values,State Farm Stadium,33.5276,-112.2626,,,,70.0,70.0,70.0,,,,,,,,70.0
2020_REG_07_SF_NE_20201025,2020-10-25 12:00:00,,,,,station_lookup_error,Gillette Stadium,42.0909,-71.2643,,,,,,,,,,,,,,
2020_REG_07_TB_LV_20201025,2020-10-25 12:00:00,70.0,0.0,0.0,INDOOR,indoor_controlled_daily_values,Allegiant Stadium,36.0908,-115.183,,,,70.0,70.0,70.0,,,,,,,,70.0
2020_REG_08_ATL_CAR_20201029,2020-10-29 12:00:00,,,,,station_lookup_error,Bank of America Stadium,35.2258,-80.8528,,,,,,,,,,,,,,
2020_REG_08_DAL_PHI_20201101,2020-11-01 12:00:00,,,,,station_lookup_error,Lincoln Financial Field,39.9008,-75.1675,,,,,,,,,,,,,,
2020_REG_08_IND_DET_20201101,2020-11-01 12:00:00,70.0,0.0,0.0,INDOOR,indoor_controlled_daily_values,Ford Field,42.34,-83.0456,,,,70.0,70.0,70.0,,,,,,,,70.0
2020_REG_08_LAC_DEN_20201101,2020-11-01 12:00:00,,,,,station_lookup_error,Empower Field at Mile High,39.7439,-105.0201,,,,,,,,,,,,,,
2020_REG_08_LAR_MIA_20201101,2020-11-01 12:00:00,,,,,station_lookup_error,Hard Rock Stadium,25.958,-80.2389,,,,,,,,,,,,,,
2020_REG_08_LV_CLE_20201101,2020-11-01 12:00:00,,,,,station_lookup_error,Huntington Bank Field,41.5061,-81.6995,,,,,,,,,,,,,,
2020_REG_08_MIN_GB_20201101,2020-11-01 12:00:00,,,,,station_lookup_error,Lambeau Field,44.5013,-88.0622,,,,,,,,,,,,,,
2020_REG_08_NE_BUF_20201101,2020-11-01 12:00:00,,,,,station_lookup_error,Highmark Stadium,42.7738,-78.7868,,,,,,,,,,,,,,
2020_REG_08_NO_CHI_20201101,2020-11-01 12:00:00,,,,,station_lookup_error,Soldier Field,41.8623,-87.6167,,,,,,,,,,,,,,
2020_REG_08_NYJ_KC_20201101,2020-11-01 12:00:00,,,,,station_lookup_error,Arrowhead Stadium,39.0489,-94.4839,,,,,,,,,,,,,,
2020_REG_08_PIT_BAL_20201101,2020-11-01 12:00:00,,,,,station_lookup_error,M&T Bank Stadium,39.278,-76.6227,,,,,,,,,,,,,,
2020_REG_08_SF_SEA_20201101,2020-11-01 12:00:00,,,,,station_lookup_error,Lumen Field,47.5952,-122.3316,,,,,,,,,,,,,,
2020_REG_08_TB_NYG_20201102,2020-11-02 12:00:00,,,,,station_lookup_error,MetLife Stadium,40.8135,-74.0745,,,,,,,,,,,,,,
2020_REG_08_TEN_CIN_20201101,2020-11-01 12:00:00,,,,,station_lookup_error,Paycor Stadium,39.0955,-84.516,,,,,,,,,,,,,,
2020_REG_09_BAL_IND_20201108,2020-11-08 12:00:00,70.0,0.0,0.0,INDOOR,indoor_controlled_daily_values,Lucas Oil Stadium,39.7601,-86.1639,,,,70.0,70.0,70.0,,,,,,,,70.0
2020_REG_09_CAR_KC_20201108,2020-11-08 12:00:00,,,,,station_lookup_error,Arrowhead Stadium,39.0489,-94.4839,,,,,,,,,,,,,,
2020_REG_09_CHI_TEN_20201108,2020-11-08 12:00:00,,,,,station_lookup_error,Nissan Stadium,36.1665,-86.7713,,,,,,,,,,,,,,
2020_REG_09_DEN_ATL_20201108,2020-11-08 12:00:00,70.0,0.0,0.0,INDOOR,indoor_controlled_daily_values,Mercedes-Benz Stadium,33.7554,-84.4009,,,,70.0,70.0,70.0,,,,,,,,70.0
2020_REG_09_DET_MIN_20201108,2020-11-08 12:00:00,70.0,0.0,0.0,INDOOR,indoor_controlled_daily_values,U.S. Bank Stadium,44.9738,-93.2575,,,,70.0,70.0,70.0,,,,,,,,70.0
2020_REG_09_GB_SF_20201105,2020-11-05 12:00:00,,,,,station_lookup_error,Levi's Stadium,37.403,-121.97,,,,,,,,,,,,,,
2020_REG_09_HOU_JAX_20201108,2020-11-08 12:00:00,,,,,station_lookup_error,TIAA Bank Stadium,30.3239,-81.6373,,,,,,,,,,,,,,
2020_REG_09_LV_LAC_20201108,2020-11-08 12:00:00,70.0,0.0,0.0,INDOOR,indoor_controlled_daily_values,SoFi Stadium,33.9535,-118.3392,,,,70.0,70.0,70.0,,,,,,,,70.0
2020_REG_09_MIA_ARI_20201108,2020-11-08 12:00:00,70.0,0.0,0.0,INDOOR,indoor_controlled_daily_values,State Farm Stadium,33.5276,-112.2626,,,,70.0,70.0,70.0,,,,,,,,70.0
2020_REG_09_NE_NYJ_20201109,2020-11-09 12:00:00,,,,,station_lookup_error,MetLife Stadium,40.8135,-74.0745,,,,,,,,,,,,,,
2020_REG_09_NO_TB_20201108,2020-11-08 12:00:00,,,,,station_lookup_error,Raymond James Stadium,27.9759,-82.5033,,,,,,,,,,,,,,
2020_REG_09_NYG_WSH_20201108,2020-11-08 12:00:00,,,,,station_lookup_error,Northwest Stadium,38.9078,-76.8644,,,,,,,,,,,,,,
2020_REG_09_PIT_DAL_20201108,2020-11-08 12:00:00,70.0,0.0,0.0,INDOOR,indoor_controlled_daily_values,AT&T Stadium,32.7473,-97.0945,,,,70.0,70.0,70.0,,,,,,,,70.0
2020_REG_09_SEA_BUF_20201108,2020-11-08 12:00:00,,,,,station_lookup_error,Highmark Stadium,42.7738,-78.7868,,,,,,,,,,,,,,
2020_REG_10_BAL_NE_20201115,2020-11-15 12:00:00,,,,,station_lookup_error,Gillette Stadium,42.0909,-71.2643,,,,,,,,,,,,,,
2020_REG_10_BUF_ARI_20201115,2020-11-15 12:00:00,70.0,0.0,0.0,INDOOR,indoor_controlled_daily_values,State Farm Stadium,33.5276,-112.2626,,,,70.0,70.0,70.0,,,,,,,,70.0
2020_REG_10_CIN_PIT_20201115,2020-11-15 12:00:00,,,,,station_lookup_error,Acrisure Stadium,40.4468,-80.0158,,,,,,,,,,,,,,
2020_REG_10_DEN_LV_20201115,2020-11-15 12:00:00,70.0,0.0,0.0,INDOOR,indoor_controlled_daily_values,Allegiant Stadium,36.0908,-115.183,,,,70.0,70.0,70.0,,,,,,,,70.0
2020_REG_10_HOU_CLE_20201115,2020-11-15 12:00:00,,,,,station_lookup_error,Huntington Bank Field,41.5061,-81.6995,,,,,,,,,,,,,,
2020_REG_10_IND_TEN_20201112,2020-11-12 12:00:00,,,,,station_lookup_error,Nissan Stadium,36.1665,-86.7713,,,,,,,,,,,,,,
2020_REG_10_JAX_GB_20201115,2020-11-15 12:00:00,,,,,station_lookup_error,Lambeau Field,44.5013,-88.0622,,,,,,,,,,,,,,
2020_REG_10_LAC_MIA_20201115,2020-11-15 12:00:00,,,,,station_lookup_error,Hard Rock Stadium,25.958,-80.2389,,,,,,,,,,,,,,
2020_REG_10_MIN_CHI_20201116,2020-11-16 12:00:00,,,,,station_lookup_error,Soldier Field,41.8623,-87.6167,,,,,,,,,,,,,,
2020_REG_10_PHI_NYG_20201115,2020-11-15 12:00:00,,,,,station_lookup_error,MetLife Stadium,40.8135,-74.0745,,,,,,,,,,,,,,
2020_REG_10_SEA_LAR_20201115,2020-11-15 12:00:00,70.0,0.0,0.0,INDOOR,indoor_controlled_daily_values,SoFi Stadium,33.9535,-118.3392,,,,70.0,70.0,70.0,,,,,,,,70.0
2020_REG_10_SF_NO_20201115,2020-11-15 12:00:00,70.0,0.0,0.0,INDOOR,indoor_controlled_daily_values,Caesars Superdome,29.9511,-90.0812,,,,70.0,70.0,70.0,,,,,,,,70.0
2020_REG_10_TB_CAR_20201115,2020-11-15 12:00:00,,,,,station_lookup_error,Bank of America Stadium,35.2258,-80.8528,,,,,,,,,,,,,,
2020_REG_10_WSH_DET_20201115,2020-11-15 12:00:00,70.0,0.0,0.0,INDOOR,indoor_controlled_daily_values,Ford Field,42.34,-83.0456,,,,70.0,70.0,70.0,,,,,,,,70.0
2020_REG_11_ARI_SEA_20201119,2020-11-19 12:00:00,,,,,station_lookup_error,Lumen Field,47.5952,-122.3316,,,,,,,,,,,,,,
2020_REG_11_ATL_NO_20201122,2020-11-22 12:00:00,70.0,0.0,0.0,INDOOR,indoor_controlled_daily_values,Caesars Superdome,29.9511,-90.0812,,,,70.0,70.0,70.0,,,,,,,,70.0
2020_REG_11_CIN_WSH_20201122,2020-11-22 12:00:00,,,,,station_lookup_error,Northwest Stadium,38.9078,-76.8644,,,,,,,,,,,,,,
2020_REG_11_DAL_MIN_20201122,2020-11-22 12:00:00,70.0,0.0,0.0,INDOOR,indoor_controlled_daily_values,U.S. Bank Stadium,44.9738,-93.2575,,,,70.0,70.0,70.0,,,,,,,,70.0
2020_REG_11_DET_CAR_20201122,2020-11-22 12:00:00,,,,,station_lookup_error,Bank of America Stadium,35.2258,-80.8528,,,,,,,,,,,,,,
2020_REG_11_GB_IND_20201122,2020-11-22 12:00:00,70.0,0.0,0.0,INDOOR,indoor_controlled_daily_values,Lucas Oil Stadium,39.7601,-86.1639,,,,70.0,70.0,70.0,,,,,,,,70.0
2020_REG_11_KC_LV_20201122,2020-11-22 12:00:00,70.0,0.0,0.0,INDOOR,indoor_controlled_daily_values,Allegiant Stadium,36.0908,-115.183,,,,70.0,70.0,70.0,,,,,,,,70.0
2020_REG_11_LAR_TB_20201123,2020-11-23 12:00:00,,,,,station_lookup_error,Raymond James Stadium,27.9759,-82.5033,,,,,,,,,,,,,,
2020_REG_11_MIA_DEN_20201122,2020-11-22 12:00:00,,,,,station_lookup_error,Empower Field at Mile High,39.7439,-105.0201,,,,,,,,,,,,,,
2020_REG_11_NE_HOU_20201122,2020-11-22 12:00:00,70.0,0.0,0.0,INDOOR,indoor_controlled_daily_values,NRG Stadium,29.6847,-95.4107,,,,70.0,70.0,70.0,,,,,,,,70.0
2020_REG_11_NYJ_LAC_20201122,2020-11-22 12:00:00,70.0,0.0,0.0,INDOOR,indoor_controlled_daily_values,SoFi Stadium,33.9535,-118.3392,,,,70.0,70.0,70.0,,,,,,,,70.0
2020_REG_11_PHI_CLE_20201122,2020-11-22 12:00:00,,,,,station_lookup_error,Huntington Bank Field,41.5061,-81.6995,,,,,,,,,,,,,,
2020_REG_11_PIT_JAX_20201122,2020-11-22 12:00:00,,,,,station_lookup_error,TIAA Bank Stadium,30.3239,-81.6373,,,,,,,,,,,,,,
2020_REG_11_TEN_BAL_20201122,2020-11-22 12:00:00,,,,,station_lookup_error,M&T Bank Stadium,39.278,-76.6227,,,,,,,,,,,,,,
2020_REG_12_ARI_NE_20201129,2020-11-29 12:00:00,,,,,station_lookup_error,Gillette Stadium,42.0909,-71.2643,,,,,,,,,,,,,,
2020_REG_12_BAL_PIT_20201202,2020-12-02 12:00:00,,,,,station_lookup_error,Acrisure Stadium,40.4468,-80.0158,,,,,,,,,,,,,,
2020_REG_12_CAR_MIN_20201129,2020-11-29 12:00:00,70.0,0.0,0.0,INDOOR,indoor_controlled_daily_values,U.S. Bank Stadium,44.9738,-93.2575,,,,70.0,70.0,70.0,,,,,,,,70.0
2020_REG_12_CHI_GB_20201129,2020-11-29 12:00:00,,,,,station_lookup_error,Lambeau Field,44.5013,-88.0622,,,,,,,,,,,,,,
2020_REG_12_CLE_JAX_20201129,2020-11-29 12:00:00,,,,,station_lookup_error,TIAA Bank Stadium,30.3239,-81.6373,,,,,,,,,,,,,,
2020_REG_12_HOU_DET_20201126,2020-11-26 12:00:00,70.0,0.0,0.0,INDOOR,indoor_controlled_daily_values,Ford Field,42.34,-83.0456,,,,70.0,70.0,70.0,,,,,,,,70.0
2020_REG_12_KC_TB_20201129,2020-11-29 12:00:00,,,,,station_lookup_error,Raymond James Stadium,27.9759,-82.5033,,,,,,,,,,,,,,
2020_REG_12_LAC_BUF_20201129,2020-11-29 12:00:00,,,,,station_lookup_error,Highmark Stadium,42.7738,-78.7868,,,,,,,,,,,,,,
2020_REG_12_LV_ATL_20201129,2020-11-29 12:00:00,70.0,0.0,0.0,INDOOR,indoor_controlled_daily_values,Mercedes-Benz Stadium,33.7554,-84.4009,,,,70.0,70.0,70.0,,,,,,,,70.0
2020_REG_12_MIA_NYJ_20201129,2020-11-29 12:00:00,,,,,station_lookup_error,MetLife Stadium,40.8135,-74.0745,,,,,,,,,,,,,,
2020_REG_12_NO_DEN_20201129,2020-11-29 12:00:00,,,,,station_lookup_error,Empower Field at Mile High,39.7439,-105.0201,,,,,,,,,,,,,,
2020_REG_12_NYG_CIN_20201129,2020-11-29 12:00:00,,,,,station_lookup_error,Paycor Stadium,39.0955,-84.516,,,,,,,,,,,,,,
2020_REG_12_SEA_PHI_20201130,2020-11-30 12:00:00,,,,,station_lookup_error,Lincoln Financial Field,39.9008,-75.1675,,,,,,,,,,,,,,
2020_REG_12_SF_LAR_20201129,2020-11-29 12:00:00,70.0,0.0,0.0,INDOOR,indoor_controlled_daily_values,SoFi Stadium,33.9535,-118.3392,,,,70.0,70.0,70.0,,,,,,,,70.0
2020_REG_12_TEN_IND_20201129,2020-11-29 12:00:00,70.0,0.0,0.0,INDOOR,indoor_controlled_daily_values,Lucas Oil Stadium,39.7601,-86.1639,,,,70.0,70.0,70.0,,,,,,,,70.0
2020_REG_12_WSH_DAL_20201126,2020-11-26 12:00:00,70.0,0.0,0.0,INDOOR,indoor_controlled_daily_values,AT&T Stadium,32.7473,-97.0945,,,,70.0,70.0,70.0,,,,,,,,70.0
2020_REG_13_BUF_SF_20201207,2020-12-07 12:00:00,70.0,0.0,0.0,INDOOR,indoor_controlled_daily_values,State Farm Stadium,33.5276,-112.2626,,,,70.0,70.0,70.0,,,,,,,,70.0
2020_REG_13_CIN_MIA_20201206,2020-12-06 12:00:00,,,,,station_lookup_error,Hard Rock Stadium,25.958,-80.2389,,,,,,,,,,,,,,
2020_REG_13_CLE_TEN_20201206,2020-12-06 12:00:00,,,,,station_lookup_error,Nissan Stadium,36.1665,-86.7713,,,,,,,,,,,,,,
2020_REG_13_DAL_BAL_20201208,2020-12-08 12:00:00,,,,,station_lookup_error,M&T Bank Stadium,39.278,-76.6227,,,,,,,,,,,,,,
2020_REG_13_DEN_KC_20201206,2020-12-06 12:00:00,,,,,station_lookup_error,Arrowhead Stadium,39.0489,-94.4839,,,,,,,,,,,,,,
2020_REG_13_DET_CHI_20201206,2020-12-06 12:00:00,,,,,station_lookup_error,Soldier Field,41.8623,-87.6167,,,,,,,,,,,,,,
2020_REG_13_IND_HOU_20201206,2020-12-06 12:00:00,70.0,0.0,0.0,INDOOR,indoor_controlled_daily_values,NRG Stadium,29.6847,-95.4107,,,,70.0,70.0,70.0,,,,,,,,70.0
2020_REG_13_JAX_MIN_20201206,2020-12-06 12:00:00,70.0,0.0,0.0,INDOOR,indoor_controlled_daily_values,U.S. Bank Stadium,44.9738,-93.2575,,,,70.0,70.0,70.0,,,,,,,,70.0
2020_REG_13_LAR_ARI_20201206,2020-12-06 12:00:00,70.0,0.0,0.0,INDOOR,indoor_controlled_daily_values,State Farm Stadium,33.5276,-112.2626,,,,70.0,70.0,70.0,,,,,,,,70.0
2020_REG_13_LV_NYJ_20201206,2020-12-06 12:00:00,,,,,station_lookup_error,MetLife Stadium,40.8135,-74.0745,,,,,,,,,,,,,,
2020_REG_13_NE_LAC_20201206,2020-12-06 12:00:00,70.0,0.0,0.0,INDOOR,indoor_controlled_daily_values,SoFi Stadium,33.9535,-118.3392,,,,70.0,70.0,70.0,,,,,,,,70.0
2020_REG_13_NO_ATL_20201206,2020-12-06 12:00:00,70.0,0.0,0.0,INDOOR,indoor_controlled_daily_values,Mercedes-Benz Stadium,33.7554,-84.4009,,,,70.0,70.0,70.0,,,,,,,,70.0
2020_REG_13_NYG_SEA_20201206,2020-12-06 12:00:00,,,,,station_lookup_error,Lumen Field,47.5952,-122.3316,,,,,,,,,,,,,,
2020_REG_13_PHI_GB_20201206,2020-12-06 12:00:00,,,,,station_lookup_error,Lambeau Field,44.5013,-88.0622,,,,,,,,,,,,,,
2020_REG_13_WSH_PIT_20201207,2020-12-07 12:00:00,,,,,station_lookup_error,Acrisure Stadium,40.4468,-80.0158,,,,,,,,,,,,,,
2020_REG_14_ARI_NYG_20201213,2020-12-13 12:00:00,,,,,station_lookup_error,MetLife Stadium,40.8135,-74.0745,,,,,,,,,,,,,,
2020_REG_14_ATL_LAC_20201213,2020-12-13 12:00:00,70.0,0.0,0.0,INDOOR,indoor_controlled_daily_values,SoFi Stadium,33.9535,-118.3392,,,,70.0,70.0,70.0,,,,,,,,70.0
2020_REG_14_BAL_CLE_20201214,2020-12-14 12:00:00,,,,,station_lookup_error,Huntington Bank Field,41.5061,-81.6995,,,,,,,,,,,,,,
2020_REG_14_DAL_CIN_20201213,2020-12-13 12:00:00,,,,,station_lookup_error,Paycor Stadium,39.0955,-84.516,,,,,,,,,,,,,,
2020_REG_14_DEN_CAR_20201213,2020-12-13 12:00:00,,,,,station_lookup_error,Bank of America Stadium,35.2258,-80.8528,,,,,,,,,,,,,,
2020_REG_14_GB_DET_20201213,2020-12-13 12:00:00,70.0,0.0,0.0,INDOOR,indoor_controlled_daily_values,Ford Field,42.34,-83.0456,,,,70.0,70.0,70.0,,,,,,,,70.0
2020_REG_14_HOU_CHI_20201213,2020-12-13 12:00:00,,,,,station_lookup_error,Soldier Field,41.8623,-87.6167,,,,,,,,,,,,,,
2020_REG_14_IND_LV_20201213,2020-12-13 12:00:00,70.0,0.0,0.0,INDOOR,indoor_controlled_daily_values,Allegiant Stadium,36.0908,-115.183,,,,70.0,70.0,70.0,,,,,,,,70.0
2020_REG_14_KC_MIA_20201213,2020-12-13 12:00:00,,,,,station_lookup_error,Hard Rock Stadium,25.958,-80.2389,,,,,,,,,,,,,,
2020_REG_14_MIN_TB_20201213,2020-12-13 12:00:00,,,,,station_lookup_error,Raymond James Stadium,27.9759,-82.5033,,,,,,,,,,,,,,
2020_REG_14_NE_LAR_20201210,2020-12-10 12:00:00,70.0,0.0,0.0,INDOOR,indoor_controlled_daily_values,SoFi Stadium,33.9535,-118.3392,,,,70.0,70.0,70.0,,,,,,,,70.0
2020_REG_14_NO_PHI_20201213,2020-12-13 12:00:00,,,,,station_lookup_error,Lincoln Financial Field,39.9008,-75.1675,,,,,,,,,,,,,,
2020_REG_14_NYJ_SEA_20201213,2020-12-13 12:00:00,,,,,station_lookup_error,Lumen Field,47.5952,-122.3316,,,,,,,,,,,,,,
2020_REG_14_PIT_BUF_20201213,2020-12-13 12:00:00,,,,,station_lookup_error,Highmark Stadium,42.7738,-78.7868,,,,,,,,,,,,,,
2020_REG_14_TEN_JAX_20201213,2020-12-13 12:00:00,,,,,station_lookup_error,TIAA Bank Stadium,30.3239,-81.6373,,,,,,,,,,,,,,
2020_REG_14_WSH_SF_20201213,2020-12-13 12:00:00,70.0,0.0,0.0,INDOOR,indoor_controlled_daily_values,State Farm Stadium,33.5276,-112.2626,,,,70.0,70.0,70.0,,,,,,,,70.0
2020_REG_15_BUF_DEN_20201219,2020-12-19 12:00:00,,,,,station_lookup_error,Empower Field at Mile High,39.7439,-105.0201,,,,,,,,,,,,,,
2020_REG_15_CAR_GB_20201219,2020-12-19 12:00:00,,,,,station_lookup_error,Lambeau Field,44.5013,-88.0622,,,,,,,,,,,,,,
2020_REG_15_CHI_MIN_20201220,2020-12-20 12:00:00,70.0,0.0,0.0,INDOOR,indoor_controlled_daily_values,U.S. Bank Stadium,44.9738,-93.2575,,,,70.0,70.0,70.0,,,,,,,,70.0
2020_REG_15_CLE_NYG_20201220,2020-12-20 12:00:00,,,,,station_lookup_error,MetLife Stadium,40.8135,-74.0745,,,,,,,,,,,,,,
2020_REG_15_DET_TEN_20201220,2020-12-20 12:00:00,,,,,station_lookup_error,Nissan Stadium,36.1665,-86.7713,,,,,,,,,,,,,,
2020_REG_15_HOU_IND_20201220,2020-12-20 12:00:00,70.0,0.0,0.0,INDOOR,indoor_controlled_daily_values,Lucas Oil Stadium,39.7601,-86.1639,,,,70.0,70.0,70.0,,,,,,,,70.0
2020_REG_15_JAX_BAL_20201220,2020-12-20 12:00:00,,,,,station_lookup_error,M&T Bank Stadium,39.278,-76.6227,,,,,,,,,,,,,,
2020_REG_15_KC_NO_20201220,2020-12-20 12:00:00,70.0,0.0,0.0,INDOOR,indoor_controlled_daily_values,Caesars Superdome,29.9511,-90.0812,,,,70.0,70.0,70.0,,,,,,,,70.0
2020_REG_15_LAC_LV_20201217,2020-12-17 12:00:00,70.0,0.0,0.0,INDOOR,indoor_controlled_daily_values,Allegiant Stadium,36.0908,-115.183,,,,70.0,70.0,70.0,,,,,,,,70.0
2020_REG_15_NE_MIA_20201220,2020-12-20 12:00:00,,,,,station_lookup_error,Hard Rock Stadium,25.958,-80.2389,,,,,,,,,,,,,,
2020_REG_15_NYJ_LAR_20201220,2020-12-20 12:00:00,70.0,0.0,0.0,INDOOR,indoor_controlled_daily_values,SoFi Stadium,33.9535,-118.3392,,,,70.0,70.0,70.0,,,,,,,,70.0
2020_REG_15_PHI_ARI_20201220,2020-12-20 12:00:00,70.0,0.0,0.0,INDOOR,indoor_controlled_daily_values,State Farm Stadium,33.5276,-112.2626,,,,70.0,70.0,70.0,,,,,,,,70.0
2020_REG_15_PIT_CIN_20201221,2020-12-21 12:00:00,,,,,station_lookup_error,Paycor Stadium,39.0955,-84.516,,,,,,,,,,,,,,
2020_REG_15_SEA_WSH_20201220,2020-12-20 12:00:00,,,,,station_lookup_error,Northwest Stadium,38.9078,-76.8644,,,,,,,,,,,,,,
2020_REG_15_SF_DAL_20201220,2020-12-20 12:00:00,70.0,0.0,0.0,INDOOR,indoor_controlled_daily_values,AT&T Stadium,32.7473,-97.0945,,,,70.0,70.0,70.0,,,,,,,,70.0
2020_REG_15_TB_ATL_20201220,2020-12-20 12:00:00,70.0,0.0,0.0,INDOOR,indoor_controlled_daily_values,Mercedes-Benz Stadium,33.7554,-84.4009,,,,70.0,70.0,70.0,,,,,,,,70.0
2020_REG_16_ATL_KC_20201227,2020-12-27 12:00:00,,,,,station_lookup_error,Arrowhead Stadium,39.0489,-94.4839,,,,,,,,,,,,,,
2020_REG_16_BUF_NE_20201228,2020-12-28 12:00:00,,,,,station_lookup_error,Gillette Stadium,42.0909,-71.2643,,,,,,,,,,,,,,
2020_REG_16_CAR_WSH_20201227,2020-12-27 12:00:00,,,,,station_lookup_error,Northwest Stadium,38.9078,-76.8644,,,,,,,,,,,,,,
2020_REG_16_CHI_JAX_20201227,2020-12-27 12:00:00,,,,,station_lookup_error,TIAA Bank Stadium,30.3239,-81.6373,,,,,,,,,,,,,,
2020_REG_16_CIN_HOU_20201227,2020-12-27 12:00:00,70.0,0.0,0.0,INDOOR,indoor_controlled_daily_values,NRG Stadium,29.6847,-95.4107,,,,70.0,70.0,70.0,,,,,,,,70.0
2020_REG_16_CLE_NYJ_20201227,2020-12-27 12:00:00,,,,,station_lookup_error,MetLife Stadium,40.8135,-74.0745,,,,,,,,,,,,,,
2020_REG_16_DEN_LAC_20201227,2020-12-27 12:00:00,70.0,0.0,0.0,INDOOR,indoor_controlled_daily_values,SoFi Stadium,33.9535,-118.3392,,,,70.0,70.0,70.0,,,,,,,,70.0
2020_REG_16_IND_PIT_20201227,2020-12-27 12:00:00,,,,,station_lookup_error,Acrisure Stadium,40.4468,-80.0158,,,,,,,,,,,,,,
2020_REG_16_LAR_SEA_20201227,2020-12-27 12:00:00,,,,,station_lookup_error,Lumen Field,47.5952,-122.3316,,,,,,,,,,,,,,
2020_REG_16_MIA_LV_20201226,2020-12-26 12:00:00,70.0,0.0,0.0,INDOOR,indoor_controlled_daily_values,Allegiant Stadium,36.0908,-115.183,,,,70.0,70.0,70.0,,,,,,,,70.0
2020_REG_16_MIN_NO_20201225,2020-12-25 12:00:00,70.0,0.0,0.0,INDOOR,indoor_controlled_daily_values,Caesars Superdome,29.9511,-90.0812,,,,70.0,70.0,70.0,,,,,,,,70.0
2020_REG_16_NYG_BAL_20201227,2020-12-27 12:00:00,,,,,station_lookup_error,M&T Bank Stadium,39.278,-76.6227,,,,,,,,,,,,,,
2020_REG_16_PHI_DAL_20201227,2020-12-27 12:00:00,70.0,0.0,0.0,INDOOR,indoor_controlled_daily_values,AT&T Stadium,32.7473,-97.0945,,,,70.0,70.0,70.0,,,,,,,,70.0
2020_REG_16_SF_ARI_20201226,2020-12-26 12:00:00,70.0,0.0,0.0,INDOOR,indoor_controlled_daily_values,State Farm Stadium,33.5276,-112.2626,,,,70.0,70.0,70.0,,,,,,,,70.0
2020_REG_16_TB_DET_20201226,2020-12-26 12:00:00,70.0,0.0,0.0,INDOOR,indoor_controlled_daily_values,Ford Field,42.34,-83.0456,,,,70.0,70.0,70.0,,,,,,,,70.0
2020_REG_16_TEN_GB_20201227,2020-12-27 12:00:00,,,,,station_lookup_error,Lambeau Field,44.5013,-88.0622,,,,,,,,,,,,,,
2020_REG_17_ARI_LAR_20210103,2021-01-03 12:00:00,70.0,0.0,0.0,INDOOR,indoor_controlled_daily_values,SoFi Stadium,33.9535,-118.3392,,,,70.0,70.0,70.0,,,,,,,,70.0
2020_REG_17_ATL_TB_20210103,2021-01-03 12:00:00,,,,,station_lookup_error,Raymond James Stadium,27.9759,-82.5033,,,,,,,,,,,,,,
2020_REG_17_BAL_CIN_20210103,2021-01-03 12:00:00,,,,,station_lookup_error,Paycor Stadium,39.0955,-84.516,,,,,,,,,,,,,,
2020_REG_17_DAL_NYG_20210103,2021-01-03 12:00:00,,,,,station_lookup_error,MetLife Stadium,40.8135,-74.0745,,,,,,,,,,,,,,
2020_REG_17_GB_CHI_20210103,2021-01-03 12:00:00,,,,,station_lookup_error,Soldier Field,41.8623,-87.6167,,,,,,,,,,,,,,
2020_REG_17_JAX_IND_20210103,2021-01-03 12:00:00,70.0,0.0,0.0,INDOOR,indoor_controlled_daily_values,Lucas Oil Stadium,39.7601,-86.1639,,,,70.0,70.0,70.0,,,,,,,,70.0
2020_REG_17_LAC_KC_20210103,2021-01-03 12:00:00,,,,,station_lookup_error,Arrowhead Stadium,39.0489,-94.4839,,,,,,,,,,,,,,
2020_REG_17_LV_DEN_20210103,2021-01-03 12:00:00,,,,,station_lookup_error,Empower Field at Mile High,39.7439,-105.0201,,,,,,,,,,,,,,
2020_REG_17_MIA_BUF_20210103,2021-01-03 12:00:00,,,,,station_lookup_error,Highmark Stadium,42.7738,-78.7868,,,,,,,,,,,,,,
2020_REG_17_MIN_DET_20210103,2021-01-03 12:00:00,70.0,0.0,0.0,INDOOR,indoor_controlled_daily_values,Ford Field,42.34,-83.0456,,,,70.0,70.0,70.0,,,,,,,,70.0
2020_REG_17_NO_CAR_20210103,2021-01-03 12:00:00,,,,,station_lookup_error,Bank of America Stadium,35.2258,-80.8528,,,,,,,,,,,,,,
2020_REG_17_NYJ_NE_20210103,2021-01-03 12:00:00,,,,,station_lookup_error,Gillette Stadium,42.0909,-71.2643,,,,,,,,,,,,,,
2020_REG_17_PIT_CLE_20210103,2021-01-03 12:00:00,,,,,station_lookup_error,Huntington Bank Field,41.5061,-81.6995,,,,,,,,,,,,,,
2020_REG_17_SEA_SF_20210103,2021-01-03 12:00:00,70.0,0.0,0.0,INDOOR,indoor_controlled_daily_values,State Farm Stadium,33.5276,-112.2626,,,,70.0,70.0,70.0,,,,,,,,70.0
2020_REG_17_TEN_HOU_20210103,2021-01-03 12:00:00,70.0,0.0,0.0,INDOOR,indoor_controlled_daily_values,NRG Stadium,29.6847,-95.4107,,,,70.0,70.0,70.0,,,,,,,,70.0
2020_REG_17_WSH_PHI_20210103,2021-01-03 12:00:00,,,,,station_lookup_error,Lincoln Financial Field,39.9008,-75.1675,,,,,,,,,,,,,,
2020_POST_18_BAL_TEN_20210110,2021-01-10 12:00:00,,,,,station_lookup_error,Nissan Stadium,36.1665,-86.7713,,,,,,,,,,,,,,
2020_POST_18_CHI_NO_20210110,2021-01-10 12:00:00,70.0,0.0,0.0,INDOOR,indoor_controlled_daily_values,Caesars Superdome,29.9511,-90.0812,,,,70.0,70.0,70.0,,,,,,,,70.0
2020_POST_18_CLE_PIT_20210110,2021-01-10 12:00:00,,,,,station_lookup_error,Acrisure Stadium,40.4468,-80.0158,,,,,,,,,,,,,,
2020_POST_18_IND_BUF_20210109,2021-01-09 12:00:00,,,,,station_lookup_error,Highmark Stadium,42.7738,-78.7868,,,,,,,,,,,,,,
2020_POST_18_LAR_SEA_20210109,2021-01-09 12:00:00,,,,,station_lookup_error,Lumen Field,47.5952,-122.3316,,,,,,,,,,,,,,
2020_POST_18_TB_WSH_20210109,2021-01-09 12:00:00,,,,,station_lookup_error,Northwest Stadium,38.9078,-76.8644,,,,,,,,,,,,,,
2020_POST_19_BAL_BUF_20210116,2021-01-16 12:00:00,,,,,station_lookup_error,Highmark Stadium,42.7738,-78.7868,,,,,,,,,,,,,,
2020_POST_19_CLE_KC_20210117,2021-01-17 12:00:00,,,,,station_lookup_error,Arrowhead Stadium,39.0489,-94.4839,,,,,,,,,,,,,,
2020_POST_19_LAR_GB_20210116,2021-01-16 12:00:00,,,,,station_lookup_error,Lambeau Field,44.5013,-88.0622,,,,,,,,,,,,,,
2020_POST_19_TB_NO_20210117,2021-01-17 12:00:00,70.0,0.0,0.0,INDOOR,indoor_controlled_daily_values,Caesars Superdome,29.9511,-90.0812,,,,70.0,70.0,70.0,,,,,,,,70.0
2020_CON_20_BUF_KC_20210124,2021-01-24 12:00:00,,,,,station_lookup_error,Arrowhead Stadium,39.0489,-94.4839,,,,,,,,,,,,,,
2020_CON_20_TB_GB_20210124,2021-01-24 12:00:00,,,,,station_lookup_error,Lambeau Field,44.5013,-88.0622,,,,,,,,,,,,,,
2020_POST_21_KC_TB_20210207,2021-02-07 12:00:00,,,,,station_lookup_error,Raymond James Stadium,27.9759,-82.5033,,,,,,,,,,,,,,
2021_REG_01_ARI_TEN_20210912,2021-09-12 12:00:00,,,,,station_lookup_error,Nissan Stadium,36.1665,-86.7713,,,,,,,,,,,,,,
2021_REG_01_BAL_LV_20210913,2021-09-13 12:00:00,70.0,0.0,0.0,INDOOR,indoor_controlled_daily_values,Allegiant Stadium,36.0908,-115.183,,,,70.0,70.0,70.0,,,,,,,,70.0
2021_REG_01_CHI_LAR_20210912,2021-09-12 12:00:00,70.0,0.0,0.0,INDOOR,indoor_controlled_daily_values,SoFi Stadium,33.9535,-118.3392,,,,70.0,70.0,70.0,,,,,,,,70.0
2021_REG_01_CLE_KC_20210912,2021-09-12 12:00:00,,,,,station_lookup_error,Arrowhead Stadium,39.0489,-94.4839,,,,,,,,,,,,,,
2021_REG_01_DAL_TB_20210909,2021-09-09 12:00:00,,,,,station_lookup_error,Raymond James Stadium,27.9759,-82.5033,,,,,,,,,,,,,,
2021_REG_01_DEN_NYG_20210912,2021-09-12 12:00:00,,,,,station_lookup_error,MetLife Stadium,40.8135,-74.0745,,,,,,,,,,,,,,
2021_REG_01_GB_NO_20210912,2021-09-12 12:00:00,,,,,station_lookup_error,TIAA Bank Stadium,30.3239,-81.6373,,,,,,,,,,,,,,
2021_REG_01_JAX_HOU_20210912,2021-09-12 12:00:00,70.0,0.0,0.0,INDOOR,indoor_controlled_daily_values,NRG Stadium,29.6847,-95.4107,,,,70.0,70.0,70.0,,,,,,,,70.0
2021_REG_01_LAC_WSH_20210912,2021-09-12 12:00:00,,,,,station_lookup_error,Northwest Stadium,38.9078,-76.8644,,,,,,,,,,,,,,
2021_REG_01_MIA_NE_20210912,2021-09-12 12:00:00,,,,,station_lookup_error,Gillette Stadium,42.0909,-71.2643,,,,,,,,,,,,,,
2021_REG_01_MIN_CIN_20210912,2021-09-12 12:00:00,,,,,station_lookup_error,Paycor Stadium,39.0955,-84.516,,,,,,,,,,,,,,
2021_REG_01_NYJ_CAR_20210912,2021-09-12 12:00:00,,,,,station_lookup_error,Bank of America Stadium,35.2258,-80.8528,,,,,,,,,,,,,,
2021_REG_01_PHI_ATL_20210912,2021-09-12 12:00:00,70.0,0.0,0.0,INDOOR,indoor_controlled_daily_values,Mercedes-Benz Stadium,33.7554,-84.4009,,,,70.0,70.0,70.0,,,,,,,,70.0
2021_REG_01_PIT_BUF_20210912,2021-09-12 12:00:00,,,,,station_lookup_error,Highmark Stadium,42.7738,-78.7868,,,,,,,,,,,,,,
2021_REG_01_SEA_IND_20210912,2021-09-12 12:00:00,70.0,0.0,0.0,INDOOR,indoor_controlled_daily_values,Lucas Oil Stadium,39.7601,-86.1639,,,,70.0,70.0,70.0,,,,,,,,70.0
2021_REG_01_SF_DET_20210912,2021-09-12 12:00:00,70.0,0.0,0.0,INDOOR,indoor_controlled_daily_values,Ford Field,42.34,-83.0456,,,,70.0,70.0,70.0,,,,,,,,70.0
2021_REG_02_ATL_TB_20210919,2021-09-19 12:00:00,,,,,station_lookup_error,Raymond James Stadium,27.9759,-82.5033,,,,,,,,,,,,,,
2021_REG_02_BUF_MIA_20210919,2021-09-19 12:00:00,,,,,station_lookup_error,Hard Rock Stadium,25.958,-80.2389,,,,,,,,,,,,,,
2021_REG_02_CIN_CHI_20210919,2021-09-19 12:00:00,,,,,station_lookup_error,Soldier Field,41.8623,-87.6167,,,,,,,,,,,,,,
2021_REG_02_DAL_LAC_20210919,2021-09-19 12:00:00,70.0,0.0,0.0,INDOOR,indoor_controlled_daily_values,SoFi Stadium,33.9535,-118.3392,,,,70.0,70.0,70.0,,,,,,,,70.0
2021_REG_02_DEN_JAX_20210919,2021-09-19 12:00:00,,,,,station_lookup_error,TIAA Bank Stadium,30.3239,-81.6373,,,,,,,,,,,,,,
2021_REG_02_DET_GB_20210920,2021-09-20 12:00:00,,,,,station_lookup_error,Lambeau Field,44.5013,-88.0622,,,,,,,,,,,,,,
2021_REG_02_HOU_CLE_20210919,2021-09-19 12:00:00,,,,,station_lookup_error,Huntington Bank Field,41.5061,-81.6995,,,,,,,,,,,,,,
2021_REG_02_KC_BAL_20210919,2021-09-19 12:00:00,,,,,station_lookup_error,M&T Bank Stadium,39.278,-76.6227,,,,,,,,,,,,,,
2021_REG_02_LAR_IND_20210919,2021-09-19 12:00:00,70.0,0.0,0.0,INDOOR,indoor_controlled_daily_values,Lucas Oil Stadium,39.7601,-86.1639,,,,70.0,70.0,70.0,,,,,,,,70.0
2021_REG_02_LV_PIT_20210919,2021-09-19 12:00:00,,,,,station_lookup_error,Acrisure Stadium,40.4468,-80.0158,,,,,,,,,,,,,,
2021_REG_02_MIN_ARI_20210919,2021-09-19 12:00:00,70.0,0.0,0.0,INDOOR,indoor_controlled_daily_values,State Farm Stadium,33.5276,-112.2626,,,,70.0,70.0,70.0,,,,,,,,70.0
2021_REG_02_NE_NYJ_20210919,2021-09-19 12:00:00,,,,,station_lookup_error,MetLife Stadium,40.8135,-74.0745,,,,,,,,,,,,,,
2021_REG_02_NO_CAR_20210919,2021-09-19 12:00:00,,,,,station_lookup_error,Bank of America Stadium,35.2258,-80.8528,,,,,,,,,,,,,,
2021_REG_02_NYG_WSH_20210916,2021-09-16 12:00:00,,,,,station_lookup_error,Northwest Stadium,38.9078,-76.8644,,,,,,,,,,,,,,
2021_REG_02_SF_PHI_20210919,2021-09-19 12:00:00,,,,,station_lookup_error,Lincoln Financial Field,39.9008,-75.1675,,,,,,,,,,,,,,
2021_REG_02_TEN_SEA_20210919,2021-09-19 12:00:00,,,,,station_lookup_error,Lumen Field,47.5952,-122.3316,,,,,,,,,,,,,,
2021_REG_03_ARI_JAX_20210926,2021-09-26 12:00:00,,,,,station_lookup_error,TIAA Bank Stadium,30.3239,-81.6373,,,,,,,,,,,,,,
2021_REG_03_ATL_NYG_20210926,2021-09-26 12:00:00,,,,,station_lookup_error,MetLife Stadium,40.8135,-74.0745,,,,,,,,,,,,,,
2021_REG_03_BAL_DET_20210926,2021-09-26 12:00:00,70.0,0.0,0.0,INDOOR,indoor_controlled_daily_values,Ford Field,42.34,-83.0456,,,,70.0,70.0,70.0,,,,,,,,70.0
2021_REG_03_CAR_HOU_20210923,2021-09-23 12:00:00,70.0,0.0,0.0,INDOOR,indoor_controlled_daily_values,NRG Stadium,29.6847,-95.4107,,,,70.0,70.0,70.0,,,,,,,,70.0
2021_REG_03_CHI_CLE_20210926,2021-09-26 12:00:00,,,,,station_lookup_error,Huntington Bank Field,41.5061,-81.6995,,,,,,,,,,,,,,
2021_REG_03_CIN_PIT_20210926,2021-09-26 12:00:00,,,,,station_lookup_error,Acrisure Stadium,40.4468,-80.0158,,,,,,,,,,,,,,
2021_REG_03_GB_SF_20210926,2021-09-26 12:00:00,,,,,station_lookup_error,Levi's Stadium,37.403,-121.97,,,,,,,,,,,,,,
2021_REG_03_IND_TEN_20210926,2021-09-26 12:00:00,,,,,station_lookup_error,Nissan Stadium,36.1665,-86.7713,,,,,,,,,,,,,,
2021_REG_03_LAC_KC_20210926,2021-09-26 12:00:00,,,,,station_lookup_error,Arrowhead Stadium,39.0489,-94.4839,,,,,,,,,,,,,,
2021_REG_03_MIA_LV_20210926,2021-09-26 12:00:00,70.0,0.0,0.0,INDOOR,indoor_controlled_daily_values,Allegiant Stadium,36.0908,-115.183,,,,70.0,70.0,70.0,,,,,,,,70.0
2021_REG_03_NO_NE_20210926,2021-09-26 12:00:00,,,,,station_lookup_error,Gillette Stadium,42.0909,-71.2643,,,,,,,,,,,,,,
2021_REG_03_NYJ_DEN_20210926,2021-09-26 12:00:00,,,,,station_lookup_error,Empower Field at Mile High,39.7439,-105.0201,,,,,,,,,,,,,,
2021_REG_03_PHI_DAL_20210927,2021-09-27 12:00:00,70.0,0.0,0.0,INDOOR,indoor_controlled_daily_values,AT&T Stadium,32.7473,-97.0945,,,,70.0,70.0,70.0,,,,,,,,70.0
2021_REG_03_SEA_MIN_20210926,2021-09-26 12:00:00,70.0,0.0,0.0,INDOOR,indoor_controlled_daily_values,U.S. Bank Stadium,44.9738,-93.2575,,,,70.0,70.0,70.0,,,,,,,,70.0
2021_REG_03_TB_LAR_20210926,2021-09-26 12:00:00,70.0,0.0,0.0,INDOOR,indoor_controlled_daily_values,SoFi Stadium,33.9535,-118.3392,,,,70.0,70.0,70.0,,,,,,,,70.0
2021_REG_03_WSH_BUF_20210926,2021-09-26 12:00:00,,,,,station_lookup_error,Highmark Stadium,42.7738,-78.7868,,,,,,,,,,,,,,
2021_REG_04_ARI_LAR_20211003,2021-10-03 12:00:00,70.0,0.0,0.0,INDOOR,indoor_controlled_daily_values,SoFi Stadium,33.9535,-118.3392,,,,70.0,70.0,70.0,,,,,,,,70.0
2021_REG_04_BAL_DEN_20211003,2021-10-03 12:00:00,,,,,station_lookup_error,Empower Field at Mile High,39.7439,-105.0201,,,,,,,,,,,,,,
2021_REG_04_CAR_DAL_20211003,2021-10-03 12:00:00,70.0,0.0,0.0,INDOOR,indoor_controlled_daily_values,AT&T Stadium,32.7473,-97.0945,,,,70.0,70.0,70.0,,,,,,,,70.0
2021_REG_04_CLE_MIN_20211003,2021-10-03 12:00:00,70.0,0.0,0.0,INDOOR,indoor_controlled_daily_values,U.S. Bank Stadium,44.9738,-93.2575,,,,70.0,70.0,70.0,,,,,,,,70.0
2021_REG_04_DET_CHI_20211003,2021-10-03 12:00:00,,,,,station_lookup_error,Soldier Field,41.8623,-87.6167,,,,,,,,,,,,,,
2021_REG_04_HOU_BUF_20211003,2021-10-03 12:00:00,,,,,station_lookup_error,Highmark Stadium,42.7738,-78.7868,,,,,,,,,,,,,,
2021_REG_04_IND_MIA_20211003,2021-10-03 12:00:00,,,,,station_lookup_error,Hard Rock Stadium,25.958,-80.2389,,,,,,,,,,,,,,
2021_REG_04_JAX_CIN_20210930,2021-09-30 12:00:00,,,,,station_lookup_error,Paycor Stadium,39.0955,-84.516,,,,,,,,,,,,,,
2021_REG_04_KC_PHI_20211003,2021-10-03 12:00:00,,,,,station_lookup_error,Lincoln Financial Field,39.9008,-75.1675,,,,,,,,,,,,,,
2021_REG_04_LV_LAC_20211004,2021-10-04 12:00:00,70.0,0.0,0.0,INDOOR,indoor_controlled_daily_values,SoFi Stadium,33.9535,-118.3392,,,,70.0,70.0,70.0,,,,,,,,70.0
2021_REG_04_NYG_NO_20211003,2021-10-03 12:00:00,70.0,0.0,0.0,INDOOR,indoor_controlled_daily_values,Caesars Superdome,29.9511,-90.0812,,,,70.0,70.0,70.0,,,,,,,,70.0
2021_REG_04_PIT_GB_20211003,2021-10-03 12:00:00,,,,,station_lookup_error,Lambeau Field,44.5013,-88.0622,,,,,,,,,,,,,,
2021_REG_04_SEA_SF_20211003,2021-10-03 12:00:00,,,,,station_lookup_error,Levi's Stadium,37.403,-121.97,,,,,,,,,,,,,,
2021_REG_04_TB_NE_20211003,2021-10-03 12:00:00,,,,,station_lookup_error,Gillette Stadium,42.0909,-71.2643,,,,,,,,,,,,,,
2021_REG_04_TEN_NYJ_20211003,2021-10-03 12:00:00,,,,,station_lookup_error,MetLife Stadium,40.8135,-74.0745,,,,,,,,,,,,,,
2021_REG_04_WSH_ATL_20211003,2021-10-03 12:00:00,70.0,0.0,0.0,INDOOR,indoor_controlled_daily_values,Mercedes-Benz Stadium,33.7554,-84.4009,,,,70.0,70.0,70.0,,,,,,,,70.0
2021_REG_05_BUF_KC_20211010,2021-10-10 12:00:00,,,,,station_lookup_error,Arrowhead Stadium,39.0489,-94.4839,,,,,,,,,,,,,,
2021_REG_05_CHI_LV_20211010,2021-10-10 12:00:00,70.0,0.0,0.0,INDOOR,indoor_controlled_daily_values,Allegiant Stadium,36.0908,-115.183,,,,70.0,70.0,70.0,,,,,,,,70.0
2021_REG_05_CLE_LAC_20211010,2021-10-10 12:00:00,70.0,0.0,0.0,INDOOR,indoor_controlled_daily_values,SoFi Stadium,33.9535,-118.3392,,,,70.0,70.0,70.0,,,,,,,,70.0
2021_REG_05_DEN_PIT_20211010,2021-10-10 12:00:00,,,,,station_lookup_error,Acrisure Stadium,40.4468,-80.0158,,,,,,,,,,,,,,
2021_REG_05_DET_MIN_20211010,2021-10-10 12:00:00,70.0,0.0,0.0,INDOOR,indoor_controlled_daily_values,U.S. Bank Stadium,44.9738,-93.2575,,,,70.0,70.0,70.0,,,,,,,,70.0
2021_REG_05_GB_CIN_20211010,2021-10-10 12:00:00,,,,,station_lookup_error,Paycor Stadium,39.0955,-84.516,,,,,,,,,,,,,,
2021_REG_05_IND_BAL_20211011,2021-10-11 12:00:00,,,,,station_lookup_error,M&T Bank Stadium,39.278,-76.6227,,,,,,,,,,,,,,
2021_REG_05_LAR_SEA_20211007,2021-10-07 12:00:00,,,,,station_lookup_error,Lumen Field,47.5952,-122.3316,,,,,,,,,,,,,,
2021_REG_05_MIA_TB_20211010,2021-10-10 12:00:00,,,,,station_lookup_error,Raymond James Stadium,27.9759,-82.5033,,,,,,,,,,,,,,
2021_REG_05_NE_HOU_20211010,2021-10-10 12:00:00,70.0,0.0,0.0,INDOOR,indoor_controlled_daily_values,NRG Stadium,29.6847,-95.4107,,,,70.0,70.0,70.0,,,,,,,,70.0
2021_REG_05_NO_WSH_20211010,2021-10-10 12:00:00,,,,,station_lookup_error,Northwest Stadium,38.9078,-76.8644,,,,,,,,,,,,,,
2021_REG_05_NYG_DAL_20211010,2021-10-10 12:00:00,70.0,0.0,0.0,INDOOR,indoor_controlled_daily_values,AT&T Stadium,32.7473,-97.0945,,,,70.0,70.0,70.0,,,,,,,,70.0
2021_REG_05_NYJ_ATL_20211010,2021-10-10 12:00:00,,,,,station_lookup_error,Tottenham Hotspur Stadium,51.6043,-0.0664,,,,,,,,,,,,,,
2021_REG_05_PHI_CAR_20211010,2021-10-10 12:00:00,,,,,station_lookup_error,Bank of America Stadium,35.2258,-80.8528,,,,,,,,,,,,,,
2021_REG_05_SF_ARI_20211010,2021-10-10 12:00:00,70.0,0.0,0.0,INDOOR,indoor_controlled_daily_values,State Farm Stadium,33.5276,-112.2626,,,,70.0,70.0,70.0,,,,,,,,70.0
2021_REG_05_TEN_JAX_20211010,2021-10-10 12:00:00,,,,,station_lookup_error,TIAA Bank Stadium,30.3239,-81.6373,,,,,,,,,,,,,,
2021_REG_06_ARI_CLE_20211017,2021-10-17 12:00:00,,,,,station_lookup_error,Huntington Bank Field,41.5061,-81.6995,,,,,,,,,,,,,,
2021_REG_06_BUF_TEN_20211018,2021-10-18 12:00:00,,,,,station_lookup_error,Nissan Stadium,36.1665,-86.7713,,,,,,,,,,,,,,
2021_REG_06_CIN_DET_20211017,2021-10-17 12:00:00,70.0,0.0,0.0,INDOOR,indoor_controlled_daily_values,Ford Field,42.34,-83.0456,,,,70.0,70.0,70.0,,,,,,,,70.0
2021_REG_06_DAL_NE_20211017,2021-10-17 12:00:00,,,,,station_lookup_error,Gillette Stadium,42.0909,-71.2643,,,,,,,,,,,,,,
2021_REG_06_GB_CHI_20211017,2021-10-17 12:00:00,,,,,station_lookup_error,Soldier Field,41.8623,-87.6167,,,,,,,,,,,,,,
2021_REG_06_HOU_IND_20211017,2021-10-17 12:00:00,70.0,0.0,0.0,INDOOR,indoor_controlled_daily_values,Lucas Oil Stadium,39.7601,-86.1639,,,,70.0,70.0,70.0,,,,,,,,70.0
2021_REG_06_KC_WSH_20211017,2021-10-17 12:00:00,,,,,station_lookup_error,Northwest Stadium,38.9078,-76.8644,,,,,,,,,,,,,,
2021_REG_06_LAC_BAL_20211017,2021-10-17 12:00:00,,,,,station_lookup_error,M&T Bank Stadium,39.278,-76.6227,,,,,,,,,,,,,,
2021_REG_06_LAR_NYG_20211017,2021-10-17 12:00:00,,,,,station_lookup_error,MetLife Stadium,40.8135,-74.0745,,,,,,,,,,,,,,
2021_REG_06_LV_DEN_20211017,2021-10-17 12:00:00,,,,,station_lookup_error,Empower Field at Mile High,39.7439,-105.0201,,,,,,,,,,,,,,
2021_REG_06_MIA_JAX_20211017,2021-10-17 12:00:00,,,,,station_lookup_error,Tottenham Hotspur Stadium,51.6043,-0.0664,,,,,,,,,,,,,,
2021_REG_06_MIN_CAR_20211017,2021-10-17 12:00:00,,,,,station_lookup_error,Bank of America Stadium,35.2258,-80.8528,,,,,,,,,,,,,,
2021_REG_06_SEA_PIT_20211017,2021-10-17 12:00:00,,,,,station_lookup_error,Acrisure Stadium,40.4468,-80.0158,,,,,,,,,,,,,,
2021_REG_06_TB_PHI_20211014,2021-10-14 12:00:00,,,,,station_lookup_error,Lincoln Financial Field,39.9008,-75.1675,,,,,,,,,,,,,,
2021_REG_07_ATL_MIA_20211024,2021-10-24 12:00:00,,,,,station_lookup_error,Hard Rock Stadium,25.958,-80.2389,,,,,,,,,,,,,,
2021_REG_07_CAR_NYG_20211024,2021-10-24 12:00:00,,,,,station_lookup_error,MetLife Stadium,40.8135,-74.0745,,,,,,,,,,,,,,
2021_REG_07_CHI_TB_20211024,2021-10-24 12:00:00,,,,,station_lookup_error,Raymond James Stadium,27.9759,-82.5033,,,,,,,,,,,,,,
2021_REG_07_CIN_BAL_20211024,2021-10-24 12:00:00,,,,,station_lookup_error,M&T Bank Stadium,39.278,-76.6227,,,,,,,,,,,,,,
2021_REG_07_DEN_CLE_20211021,2021-10-21 12:00:00,,,,,station_lookup_error,Huntington Bank Field,41.5061,-81.6995,,,,,,,,,,,,,,
2021_REG_07_DET_LAR_20211024,2021-10-24 12:00:00,70.0,0.0,0.0,INDOOR,indoor_controlled_daily_values,SoFi Stadium,33.9535,-118.3392,,,,70.0,70.0,70.0,,,,,,,,70.0
2021_REG_07_HOU_ARI_20211024,2021-10-24 12:00:00,70.0,0.0,0.0,INDOOR,indoor_controlled_daily_values,State Farm Stadium,33.5276,-112.2626,,,,70.0,70.0,70.0,,,,,,,,70.0
2021_REG_07_IND_SF_20211024,2021-10-24 12:00:00,,,,,station_lookup_error,Levi's Stadium,37.403,-121.97,,,,,,,,,,,,,,
2021_REG_07_KC_TEN_20211024,2021-10-24 12:00:00,,,,,station_lookup_error,Nissan Stadium,36.1665,-86.7713,,,,,,,,,,,,,,
2021_REG_07_NO_SEA_20211025,2021-10-25 12:00:00,,,,,station_lookup_error,Lumen Field,47.5952,-122.3316,,,,,,,,,,,,,,
2021_REG_07_NYJ_NE_20211024,2021-10-24 12:00:00,,,,,station_lookup_error,Gillette Stadium,42.0909,-71.2643,,,,,,,,,,,,,,
2021_REG_07_PHI_LV_20211024,2021-10-24 12:00:00,70.0,0.0,0.0,INDOOR,indoor_controlled_daily_values,Allegiant Stadium,36.0908,-115.183,,,,70.0,70.0,70.0,,,,,,,,70.0
2021_REG_07_WSH_GB_20211024,2021-10-24 12:00:00,,,,,station_lookup_error,Lambeau Field,44.5013,-88.0622,,,,,,,,,,,,,,
2021_REG_08_CAR_ATL_20211031,2021-10-31 12:00:00,70.0,0.0,0.0,INDOOR,indoor_controlled_daily_values,Mercedes-Benz Stadium,33.7554,-84.4009,,,,70.0,70.0,70.0,,,,,,,,70.0
2021_REG_08_CIN_NYJ_20211031,2021-10-31 12:00:00,,,,,station_lookup_error,MetLife Stadium,40.8135,-74.0745,,,,,,,,,,,,,,
2021_REG_08_DAL_MIN_20211031,2021-10-31 12:00:00,70.0,0.0,0.0,INDOOR,indoor_controlled_daily_values,U.S. Bank Stadium,44.9738,-93.2575,,,,70.0,70.0,70.0,,,,,,,,70.0
2021_REG_08_GB_ARI_20211028,2021-10-28 12:00:00,70.0,0.0,0.0,INDOOR,indoor_controlled_daily_values,State Farm Stadium,33.5276,-112.2626,,,,70.0,70.0,70.0,,,,,,,,70.0
2021_REG_08_JAX_SEA_20211031,2021-10-31 12:00:00,,,,,station_lookup_error,Lumen Field,47.5952,-122.3316,,,,,,,,,,,,,,
2021_REG_08_LAR_HOU_20211031,2021-10-31 12:00:00,70.0,0.0,0.0,INDOOR,indoor_controlled_daily_values,NRG Stadium,29.6847,-95.4107,,,,70.0,70.0,70.0,,,,,,,,70.0
2021_REG_08_MIA_BUF_20211031,2021-10-31 12:00:00,,,,,station_lookup_error,Highmark Stadium,42.7738,-78.7868,,,,,,,,,,,,,,
2021_REG_08_NE_LAC_20211031,2021-10-31 12:00:00,70.0,0.0,0.0,INDOOR,indoor_controlled_daily_values,SoFi Stadium,33.9535,-118.3392,,,,70.0,70.0,70.0,,,,,,,,70.0
2021_REG_08_NYG_KC_20211101,2021-11-01 12:00:00,,,,,station_lookup_error,Arrowhead Stadium,39.0489,-94.4839,,,,,,,,,,,,,,
2021_REG_08_PHI_DET_20211031,2021-10-31 12:00:00,70.0,0.0,0.0,INDOOR,indoor_controlled_daily_values,Ford Field,42.34,-83.0456,,,,70.0,70.0,70.0,,,,,,,,70.0
2021_REG_08_PIT_CLE_20211031,2021-10-31 12:00:00,,,,,station_lookup_error,Huntington Bank Field,41.5061,-81.6995,,,,,,,,,,,,,,
2021_REG_08_SF_CHI_20211031,2021-10-31 12:00:00,,,,,station_lookup_error,Soldier Field,41.8623,-87.6167,,,,,,,,,,,,,,
2021_REG_08_TB_NO_20211031,2021-10-31 12:00:00,70.0,0.0,0.0,INDOOR,indoor_controlled_daily_values,Caesars Superdome,29.9511,-90.0812,,,,70.0,70.0,70.0,,,,,,,,70.0
2021_REG_08_TEN_IND_20211031,2021-10-31 12:00:00,70.0,0.0,0.0,INDOOR,indoor_controlled_daily_values,Lucas Oil Stadium,39.7601,-86.1639,,,,70.0,70.0,70.0,,,,,,,,70.0
2021_REG_08_WSH_DEN_20211031,2021-10-31 12:00:00,,,,,station_lookup_error,Empower Field at Mile High,39.7439,-105.0201,,,,,,,,,,,,,,
2021_REG_09_ARI_SF_20211107,2021-11-07 12:00:00,,,,,station_lookup_error,Levi's Stadium,37.403,-121.97,,,,,,,,,,,,,,
2021_REG_09_ATL_NO_20211107,2021-11-07 12:00:00,70.0,0.0,0.0,INDOOR,indoor_controlled_daily_values,Caesars Superdome,29.9511,-90.0812,,,,70.0,70.0,70.0,,,,,,,,70.0
2021_REG_09_BUF_JAX_20211107,2021-11-07 12:00:00,,,,,station_lookup_error,TIAA Bank Stadium,30.3239,-81.6373,,,,,,,,,,,,,,
2021_REG_09_CHI_PIT_20211108,2021-11-08 12:00:00,,,,,station_lookup_error,Acrisure Stadium,40.4468,-80.0158,,,,,,,,,,,,,,
2021_REG_09_CLE_CIN_20211107,2021-11-07 12:00:00,,,,,station_lookup_error,Paycor Stadium,39.0955,-84.516,,,,,,,,,,,,,,
2021_REG_09_DEN_DAL_20211107,2021-11-07 12:00:00,70.0,0.0,0.0,INDOOR,indoor_controlled_daily_values,AT&T Stadium,32.7473,-97.0945,,,,70.0,70.0,70.0,,,,,,,,70.0
2021_REG_09_GB_KC_20211107,2021-11-07 12:00:00,,,,,station_lookup_error,Arrowhead Stadium,39.0489,-94.4839,,,,,,,,,,,,,,
2021_REG_09_HOU_MIA_20211107,2021-11-07 12:00:00,,,,,station_lookup_error,Hard Rock Stadium,25.958,-80.2389,,,,,,,,,,,,,,
2021_REG_09_LAC_PHI_20211107,2021-11-07 12:00:00,,,,,station_lookup_error,Lincoln Financial Field,39.9008,-75.1675,,,,,,,,,,,,,,
2021_REG_09_LV_NYG_20211107,2021-11-07 12:00:00,,,,,station_lookup_error,MetLife Stadium,40.8135,-74.0745,,,,,,,,,,,,,,
2021_REG_09_MIN_BAL_20211107,2021-11-07 12:00:00,,,,,station_lookup_error,M&T Bank Stadium,39.278,-76.6227,,,,,,,,,,,,,,
2021_REG_09_NE_CAR_20211107,2021-11-07 12:00:00,,,,,station_lookup_error,Bank of America Stadium,35.2258,-80.8528,,,,,,,,,,,,,,
2021_REG_09_NYJ_IND_20211104,2021-11-04 12:00:00,70.0,0.0,0.0,INDOOR,indoor_controlled_daily_values,Lucas Oil Stadium,39.7601,-86.1639,,,,70.0,70.0,70.0,,,,,,,,70.0
2021_REG_09_TEN_LAR_20211107,2021-11-07 12:00:00,70.0,0.0,0.0,INDOOR,indoor_controlled_daily_values,SoFi Stadium,33.9535,-118.3392,,,,70.0,70.0,70.0,,,,,,,,70.0
2021_REG_10_ATL_DAL_20211114,2021-11-14 12:00:00,70.0,0.0,0.0,INDOOR,indoor_controlled_daily_values,AT&T Stadium,32.7473,-97.0945,,,,70.0,70.0,70.0,,,,,,,,70.0
2021_REG_10_BAL_MIA_20211111,2021-11-11 12:00:00,,,,,station_lookup_error,Hard Rock Stadium,25.958,-80.2389,,,,,,,,,,,,,,
2021_REG_10_BUF_NYJ_20211114,2021-11-14 12:00:00,,,,,station_lookup_error,MetLife Stadium,40.8135,-74.0745,,,,,,,,,,,,,,
2021_REG_10_CAR_ARI_20211114,2021-11-14 12:00:00,70.0,0.0,0.0,INDOOR,indoor_controlled_daily_values,State Farm Stadium,33.5276,-112.2626,,,,70.0,70.0,70.0,,,,,,,,70.0
2021_REG_10_CLE_NE_20211114,2021-11-14 12:00:00,,,,,station_lookup_error,Gillette Stadium,42.0909,-71.2643,,,,,,,,,,,,,,
2021_REG_10_DET_PIT_20211114,2021-11-14 12:00:00,,,,,station_lookup_error,Acrisure Stadium,40.4468,-80.0158,,,,,,,,,,,,,,
2021_REG_10_JAX_IND_20211114,2021-11-14 12:00:00,70.0,0.0,0.0,INDOOR,indoor_controlled_daily_values,Lucas Oil Stadium,39.7601,-86.1639,,,,70.0,70.0,70.0,,,,,,,,70.0
2021_REG_10_KC_LV_20211114,2021-11-14 12:00:00,70.0,0.0,0.0,INDOOR,indoor_controlled_daily_values,Allegiant Stadium,36.0908,-115.183,,,,70.0,70.0,70.0,,,,,,,,70.0
2021_REG_10_LAR_SF_20211115,2021-11-15 12:00:00,,,,,station_lookup_error,Levi's Stadium,37.403,-121.97,,,,,,,,,,,,,,
2021_REG_10_MIN_LAC_20211114,2021-11-14 12:00:00,70.0,0.0,0.0,INDOOR,indoor_controlled_daily_values,SoFi Stadium,33.9535,-118.3392,,,,70.0,70.0,70.0,,,,,,,,70.0
2021_REG_10_NO_TEN_20211114,2021-11-14 12:00:00,,,,,station_lookup_error,Nissan Stadium,36.1665,-86.7713,,,,,,,,,,,,,,
2021_REG_10_PHI_DEN_20211114,2021-11-14 12:00:00,,,,,station_lookup_error,Empower Field at Mile High,39.7439,-105.0201,,,,,,,,,,,,,,
2021_REG_10_SEA_GB_20211114,2021-11-14 12:00:00,,,,,station_lookup_error,Lambeau Field,44.5013,-88.0622,,,,,,,,,,,,,,
2021_REG_10_TB_WSH_20211114,2021-11-14 12:00:00,,,,,station_lookup_error,Northwest Stadium,38.9078,-76.8644,,,,,,,,,,,,,,
2021_REG_11_ARI_SEA_20211121,2021-11-21 12:00:00,,,,,station_lookup_error,Lumen Field,47.5952,-122.3316,,,,,,,,,,,,,,
2021_REG_11_BAL_CHI_20211121,2021-11-21 12:00:00,,,,,station_lookup_error,Soldier Field,41.8623,-87.6167,,,,,,,,,,,,,,
2021_REG_11_CIN_LV_20211121,2021-11-21 12:00:00,70.0,0.0,0.0,INDOOR,indoor_controlled_daily_values,Allegiant Stadium,36.0908,-115.183,,,,70.0,70.0,70.0,,,,,,,,70.0
2021_REG_11_DAL_KC_20211121,2021-11-21 12:00:00,,,,,station_lookup_error,Arrowhead Stadium,39.0489,-94.4839,,,,,,,,,,,,,,
2021_REG_11_DET_CLE_20211121,2021-11-21 12:00:00,,,,,station_lookup_error,Huntington Bank Field,41.5061,-81.6995,,,,,,,,,,,,,,
2021_REG_11_GB_MIN_20211121,2021-11-21 12:00:00,70.0,0.0,0.0,INDOOR,indoor_controlled_daily_values,U.S. Bank Stadium,44.9738,-93.2575,,,,70.0,70.0,70.0,,,,,,,,70.0
2021_REG_11_HOU_TEN_20211121,2021-11-21 12:00:00,,,,,station_lookup_error,Nissan Stadium,36.1665,-86.7713,,,,,,,,,,,,,,
2021_REG_11_IND_BUF_20211121,2021-11-21 12:00:00,,,,,station_lookup_error,Highmark Stadium,42.7738,-78.7868,,,,,,,,,,,,,,
2021_REG_11_MIA_NYJ_20211121,2021-11-21 12:00:00,,,,,station_lookup_error,MetLife Stadium,40.8135,-74.0745,,,,,,,,,,,,,,
2021_REG_11_NE_ATL_20211118,2021-11-18 12:00:00,70.0,0.0,0.0,INDOOR,indoor_controlled_daily_values,Mercedes-Benz Stadium,33.7554,-84.4009,,,,70.0,70.0,70.0,,,,,,,,70.0
2021_REG_11_NO_PHI_20211121,2021-11-21 12:00:00,,,,,station_lookup_error,Lincoln Financial Field,39.9008,-75.1675,,,,,,,,,,,,,,
2021_REG_11_NYG_TB_20211122,2021-11-22 12:00:00,,,,,station_lookup_error,Raymond James Stadium,27.9759,-82.5033,,,,,,,,,,,,,,
2021_REG_11_PIT_LAC_20211121,2021-11-21 12:00:00,70.0,0.0,0.0,INDOOR,indoor_controlled_daily_values,SoFi Stadium,33.9535,-118.3392,,,,70.0,70.0,70.0,,,,,,,,70.0
2021_REG_11_SF_JAX_20211121,2021-11-21 12:00:00,,,,,station_lookup_error,TIAA Bank Stadium,30.3239,-81.6373,,,,,,,,,,,,,,
2021_REG_11_WSH_CAR_20211121,2021-11-21 12:00:00,,,,,station_lookup_error,Bank of America Stadium,35.2258,-80.8528,,,,,,,,,,,,,,
2021_REG_12_ATL_JAX_20211128,2021-11-28 12:00:00,,,,,station_lookup_error,TIAA Bank Stadium,30.3239,-81.6373,,,,,,,,,,,,,,
2021_REG_12_BUF_NO_20211125,2021-11-25 12:00:00,70.0,0.0,0.0,INDOOR,indoor_controlled_daily_values,Caesars Superdome,29.9511,-90.0812,,,,70.0,70.0,70.0,,,,,,,,70.0
2021_REG_12_CAR_MIA_20211128,2021-11-28 12:00:00,,,,,station_lookup_error,Hard Rock Stadium,25.958,-80.2389,,,,,,,,,,,,,,
2021_REG_12_CHI_DET_20211125,2021-11-25 12:00:00,70.0,0.0,0.0,INDOOR,indoor_controlled_daily_values,Ford Field,42.34,-83.0456,,,,70.0,70.0,70.0,,,,,,,,70.0
2021_REG_12_CLE_BAL_20211128,2021-11-28 12:00:00,,,,,station_lookup_error,M&T Bank Stadium,39.278,-76.6227,,,,,,,,,,,,,,
2021_REG_12_LAC_DEN_20211128,2021-11-28 12:00:00,,,,,station_lookup_error,Empower Field at Mile High,39.7439,-105.0201,,,,,,,,,,,,,,
2021_REG_12_LAR_GB_20211128,2021-11-28 12:00:00,,,,,station_lookup_error,Lambeau Field,44.5013,-88.0622,,,,,,,,,,,,,,
2021_REG_12_LV_DAL_20211125,2021-11-25 12:00:00,70.0,0.0,0.0,INDOOR,indoor_controlled_daily_values,AT&T Stadium,32.7473,-97.0945,,,,70.0,70.0,70.0,,,,,,,,70.0
2021_REG_12_MIN_SF_20211128,2021-11-28 12:00:00,,,,,station_lookup_error,Levi's Stadium,37.403,-121.97,,,,,,,,,,,,,,
2021_REG_12_NYJ_HOU_20211128,2021-11-28 12:00:00,70.0,0.0,0.0,INDOOR,indoor_controlled_daily_values,NRG Stadium,29.6847,-95.4107,,,,70.0,70.0,70.0,,,,,,,,70.0
2021_REG_12_PHI_NYG_20211128,2021-11-28 12:00:00,,,,,station_lookup_error,MetLife Stadium,40.8135,-74.0745,,,,,,,,,,,,,,
2021_REG_12_PIT_CIN_20211128,2021-11-28 12:00:00,,,,,station_lookup_error,Paycor Stadium,39.0955,-84.516,,,,,,,,,,,,,,
2021_REG_12_SEA_WSH_20211129,2021-11-29 12:00:00,,,,,station_lookup_error,Northwest Stadium,38.9078,-76.8644,,,,,,,,,,,,,,
2021_REG_12_TB_IND_20211128,2021-11-28 12:00:00,70.0,0.0,0.0,INDOOR,indoor_controlled_daily_values,Lucas Oil Stadium,39.7601,-86.1639,,,,70.0,70.0,70.0,,,,,,,,70.0
2021_REG_12_TEN_NE_20211128,2021-11-28 12:00:00,,,,,station_lookup_error,Gillette Stadium,42.0909,-71.2643,,,,,,,,,,,,,,
2021_REG_13_ARI_CHI_20211205,2021-12-05 12:00:00,,,,,station_lookup_error,Soldier Field,41.8623,-87.6167,,,,,,,,,,,,,,
2021_REG_13_BAL_PIT_20211205,2021-12-05 12:00:00,,,,,station_lookup_error,Acrisure Stadium,40.4468,-80.0158,,,,,,,,,,,,,,
2021_REG_13_DAL_NO_20211202,2021-12-02 12:00:00,70.0,0.0,0.0,INDOOR,indoor_controlled_daily_values,Caesars Superdome,29.9511,-90.0812,,,,70.0,70.0,70.0,,,,,,,,70.0
2021_REG_13_DEN_KC_20211205,2021-12-05 12:00:00,,,,,station_lookup_error,Arrowhead Stadium,39.0489,-94.4839,,,,,,,,,,,,,,
2021_REG_13_IND_HOU_20211205,2021-12-05 12:00:00,70.0,0.0,0.0,INDOOR,indoor_controlled_daily_values,NRG Stadium,29.6847,-95.4107,,,,70.0,70.0,70.0,,,,,,,,70.0
2021_REG_13_JAX_LAR_20211205,2021-12-05 12:00:00,70.0,0.0,0.0,INDOOR,indoor_controlled_daily_values,SoFi Stadium,33.9535,-118.3392,,,,70.0,70.0,70.0,,,,,,,,70.0
2021_REG_13_LAC_CIN_20211205,2021-12-05 12:00:00,,,,,station_lookup_error,Paycor Stadium,39.0955,-84.516,,,,,,,,,,,,,,
2021_REG_13_MIN_DET_20211205,2021-12-05 12:00:00,70.0,0.0,0.0,INDOOR,indoor_controlled_daily_values,Ford Field,42.34,-83.0456,,,,70.0,70.0,70.0,,,,,,,,70.0
2021_REG_13_NE_BUF_20211206,2021-12-06 12:00:00,,,,,station_lookup_error,Highmark Stadium,42.7738,-78.7868,,,,,,,,,,,,,,
2021_REG_13_NYG_MIA_20211205,2021-12-05 12:00:00,,,,,station_lookup_error,Hard Rock Stadium,25.958,-80.2389,,,,,,,,,,,,,,
2021_REG_13_PHI_NYJ_20211205,2021-12-05 12:00:00,,,,,station_lookup_error,MetLife Stadium,40.8135,-74.0745,,,,,,,,,,,,,,
2021_REG_13_SF_SEA_20211205,2021-12-05 12:00:00,,,,,station_lookup_error,Lumen Field,47.5952,-122.3316,,,,,,,,,,,,,,
2021_REG_13_TB_ATL_20211205,2021-12-05 12:00:00,70.0,0.0,0.0,INDOOR,indoor_controlled_daily_values,Mercedes-Benz Stadium,33.7554,-84.4009,,,,70.0,70.0,70.0,,,,,,,,70.0
2021_REG_13_WSH_LV_20211205,2021-12-05 12:00:00,70.0,0.0,0.0,INDOOR,indoor_controlled_daily_values,Allegiant Stadium,36.0908,-115.183,,,,70.0,70.0,70.0,,,,,,,,70.0
2021_REG_14_ATL_CAR_20211212,2021-12-12 12:00:00,,,,,station_lookup_error,Bank of America Stadium,35.2258,-80.8528,,,,,,,,,,,,,,
2021_REG_14_BAL_CLE_20211212,2021-12-12 12:00:00,,,,,station_lookup_error,Huntington Bank Field,41.5061,-81.6995,,,,,,,,,,,,,,
2021_REG_14_BUF_TB_20211212,2021-12-12 12:00:00,,,,,station_lookup_error,Raymond James Stadium,27.9759,-82.5033,,,,,,,,,,,,,,
2021_REG_14_CHI_GB_20211212,2021-12-12 12:00:00,,,,,station_lookup_error,Lambeau Field,44.5013,-88.0622,,,,,,,,,,,,,,
2021_REG_14_DAL_WSH_20211212,2021-12-12 12:00:00,,,,,station_lookup_error,Northwest Stadium,38.9078,-76.8644,,,,,,,,,,,,,,
2021_REG_14_DET_DEN_20211212,2021-12-12 12:00:00,,,,,station_lookup_error,Empower Field at Mile High,39.7439,-105.0201,,,,,,,,,,,,,,
2021_REG_14_JAX_TEN_20211212,2021-12-12 12:00:00,,,,,station_lookup_error,Nissan Stadium,36.1665,-86.7713,,,,,,,,,,,,,,
2021_REG_14_LAR_ARI_20211213,2021-12-13 12:00:00,70.0,0.0,0.0,INDOOR,indoor_controlled_daily_values,State Farm Stadium,33.5276,-112.2626,,,,70.0,70.0,70.0,,,,,,,,70.0
2021_REG_14_LV_KC_20211212,2021-12-12 12:00:00,,,,,station_lookup_error,Arrowhead Stadium,39.0489,-94.4839,,,,,,,,,,,,,,
2021_REG_14_NO_NYJ_20211212,2021-12-12 12:00:00,,,,,station_lookup_error,MetLife Stadium,40.8135,-74.0745,,,,,,,,,,,,,,
2021_REG_14_NYG_LAC_20211212,2021-12-12 12:00:00,70.0,0.0,0.0,INDOOR,indoor_controlled_daily_values,SoFi Stadium,33.9535,-118.3392,,,,70.0,70.0,70.0,,,,,,,,70.0
2021_REG_14_PIT_MIN_20211209,2021-12-09 12:00:00,70.0,0.0,0.0,INDOOR,indoor_controlled_daily_values,U.S. Bank Stadium,44.9738,-93.2575,,,,70.0,70.0,70.0,,,,,,,,70.0
2021_REG_14_SEA_HOU_20211212,2021-12-12 12:00:00,70.0,0.0,0.0,INDOOR,indoor_controlled_daily_values,NRG Stadium,29.6847,-95.4107,,,,70.0,70.0,70.0,,,,,,,,70.0
2021_REG_14_SF_CIN_20211212,2021-12-12 12:00:00,,,,,station_lookup_error,Paycor Stadium,39.0955,-84.516,,,,,,,,,,,,,,
2021_REG_15_ARI_DET_20211219,2021-12-19 12:00:00,70.0,0.0,0.0,INDOOR,indoor_controlled_daily_values,Ford Field,42.34,-83.0456,,,,70.0,70.0,70.0,,,,,,,,70.0
2021_REG_15_ATL_SF_20211219,2021-12-19 12:00:00,,,,,station_lookup_error,Levi's Stadium,37.403,-121.97,,,,,,,,,,,,,,
2021_REG_15_CAR_BUF_20211219,2021-12-19 12:00:00,,,,,station_lookup_error,Highmark Stadium,42.7738,-78.7868,,,,,,,,,,,,,,
2021_REG_15_CIN_DEN_20211219,2021-12-19 12:00:00,,,,,station_lookup_error,Empower Field at Mile High,39.7439,-105.0201,,,,,,,,,,,,,,
2021_REG_15_DAL_NYG_20211219,2021-12-19 12:00:00,,,,,station_lookup_error,MetLife Stadium,40.8135,-74.0745,,,,,,,,,,,,,,
2021_REG_15_GB_BAL_20211219,2021-12-19 12:00:00,,,,,station_lookup_error,M&T Bank Stadium,39.278,-76.6227,,,,,,,,,,,,,,
2021_REG_15_HOU_JAX_20211219,2021-12-19 12:00:00,,,,,station_lookup_error,TIAA Bank Stadium,30.3239,-81.6373,,,,,,,,,,,,,,
2021_REG_15_KC_LAC_20211216,2021-12-16 12:00:00,70.0,0.0,0.0,INDOOR,indoor_controlled_daily_values,SoFi Stadium,33.9535,-118.3392,,,,70.0,70.0,70.0,,,,,,,,70.0
2021_REG_15_LV_CLE_20211220,2021-12-20 12:00:00,,,,,station_lookup_error,Huntington Bank Field,41.5061,-81.6995,,,,,,,,,,,,,,
2021_REG_15_MIN_CHI_20211220,2021-12-20 12:00:00,,,,,station_lookup_error,Soldier Field,41.8623,-87.6167,,,,,,,,,,,,,,
2021_REG_15_NE_IND_20211218,2021-12-18 12:00:00,70.0,0.0,0.0,INDOOR,indoor_controlled_daily_values,Lucas Oil Stadium,39.7601,-86.1639,,,,70.0,70.0,70.0,,,,,,,,70.0
2021_REG_15_NO_TB_20211219,2021-12-19 12:00:00,,,,,station_lookup_error,Raymond James Stadium,27.9759,-82.5033,,,,,,,,,,,,,,
2021_REG_15_NYJ_MIA_20211219,2021-12-19 12:00:00,,,,,station_lookup_error,Hard Rock Stadium,25.958,-80.2389,,,,,,,,,,,,,,
2021_REG_15_SEA_LAR_20211221,2021-12-21 12:00:00,70.0,0.0,0.0,INDOOR,indoor_controlled_daily_values,SoFi Stadium,33.9535,-118.3392,,,,70.0,70.0,70.0,,,,,,,,70.0
2021_REG_15_TEN_PIT_20211219,2021-12-19 12:00:00,,,,,station_lookup_error,Acrisure Stadium,40.4468,-80.0158,,,,,,,,,,,,,,
2021_REG_15_WSH_PHI_20211221,2021-12-21 12:00:00,,,,,station_lookup_error,Lincoln Financial Field,39.9008,-75.1675,,,,,,,,,,,,,,
2021_REG_16_BAL_CIN_20211226,2021-12-26 12:00:00,,,,,station_lookup_error,Paycor Stadium,39.0955,-84.516,,,,,,,,,,,,,,
2021_REG_16_BUF_NE_20211226,2021-12-26 12:00:00,,,,,station_lookup_error,Gillette Stadium,42.0909,-71.2643,,,,,,,,,,,,,,
2021_REG_16_CHI_SEA_20211226,2021-12-26 12:00:00,,,,,station_lookup_error,Lumen Field,47.5952,-122.3316,,,,,,,,,,,,,,
2021_REG_16_CLE_GB_20211225,2021-12-25 12:00:00,,,,,station_lookup_error,Lambeau Field,44.5013,-88.0622,,,,,,,,,,,,,,
2021_REG_16_DEN_LV_20211226,2021-12-26 12:00:00,70.0,0.0,0.0,INDOOR,indoor_controlled_daily_values,Allegiant Stadium,36.0908,-115.183,,,,70.0,70.0,70.0,,,,,,,,70.0
2021_REG_16_DET_ATL_20211226,2021-12-26 12:00:00,70.0,0.0,0.0,INDOOR,indoor_controlled_daily_values,Mercedes-Benz Stadium,33.7554,-84.4009,,,,70.0,70.0,70.0,,,,,,,,70.0
2021_REG_16_IND_ARI_20211225,2021-12-25 12:00:00,70.0,0.0,0.0,INDOOR,indoor_controlled_daily_values,State Farm Stadium,33.5276,-112.2626,,,,70.0,70.0,70.0,,,,,,,,70.0
2021_REG_16_JAX_NYJ_20211226,2021-12-26 12:00:00,,,,,station_lookup_error,MetLife Stadium,40.8135,-74.0745,,,,,,,,,,,,,,
2021_REG_16_LAC_HOU_20211226,2021-12-26 12:00:00,70.0,0.0,0.0,INDOOR,indoor_controlled_daily_values,NRG Stadium,29.6847,-95.4107,,,,70.0,70.0,70.0,,,,,,,,70.0
2021_REG_16_LAR_MIN_20211226,2021-12-26 12:00:00,70.0,0.0,0.0,INDOOR,indoor_controlled_daily_values,U.S. Bank Stadium,44.9738,-93.2575,,,,70.0,70.0,70.0,,,,,,,,70.0
2021_REG_16_MIA_NO_20211227,2021-12-27 12:00:00,70.0,0.0,0.0,INDOOR,indoor_controlled_daily_values,Caesars Superdome,29.9511,-90.0812,,,,70.0,70.0,70.0,,,,,,,,70.0
2021_REG_16_NYG_PHI_20211226,2021-12-26 12:00:00,,,,,station_lookup_error,Lincoln Financial Field,39.9008,-75.1675,,,,,,,,,,,,,,
2021_REG_16_PIT_KC_20211226,2021-12-26 12:00:00,,,,,station_lookup_error,Arrowhead Stadium,39.0489,-94.4839,,,,,,,,,,,,,,
2021_REG_16_SF_TEN_20211223,2021-12-23 12:00:00,,,,,station_lookup_error,Nissan Stadium,36.1665,-86.7713,,,,,,,,,,,,,,
2021_REG_16_TB_CAR_20211226,2021-12-26 12:00:00,,,,,station_lookup_error,Bank of America Stadium,35.2258,-80.8528,,,,,,,,,,,,,,
2021_REG_16_WSH_DAL_20211226,2021-12-26 12:00:00,70.0,0.0,0.0,INDOOR,indoor_controlled_daily_values,AT&T Stadium,32.7473,-97.0945,,,,70.0,70.0,70.0,,,,,,,,70.0
2021_REG_17_ARI_DAL_20220102,2022-01-02 12:00:00,70.0,0.0,0.0,INDOOR,indoor_controlled_daily_values,AT&T Stadium,32.7473,-97.0945,,,,70.0,70.0,70.0,,,,,,,,70.0
2021_REG_17_ATL_BUF_20220102,2022-01-02 12:00:00,,,,,station_lookup_error,Highmark Stadium,42.7738,-78.7868,,,,,,,,,,,,,,
2021_REG_17_CAR_NO_20220102,2022-01-02 12:00:00,70.0,0.0,0.0,INDOOR,indoor_controlled_daily_values,Caesars Superdome,29.9511,-90.0812,,,,70.0,70.0,70.0,,,,,,,,70.0
2021_REG_17_CLE_PIT_20220103,2022-01-03 12:00:00,,,,,station_lookup_error,Acrisure Stadium,40.4468,-80.0158,,,,,,,,,,,,,,
2021_REG_17_DEN_LAC_20220102,2022-01-02 12:00:00,70.0,0.0,0.0,INDOOR,indoor_controlled_daily_values,SoFi Stadium,33.9535,-118.3392,,,,70.0,70.0,70.0,,,,,,,,70.0
2021_REG_17_DET_SEA_20220102,2022-01-02 12:00:00,,,,,station_lookup_error,Lumen Field,47.5952,-122.3316,,,,,,,,,,,,,,
2021_REG_17_HOU_SF_20220102,2022-01-02 12:00:00,,,,,station_lookup_error,Levi's Stadium,37.403,-121.97,,,,,,,,,,,,,,
2021_REG_17_JAX_NE_20220102,2022-01-02 12:00:00,,,,,station_lookup_error,Gillette Stadium,42.0909,-71.2643,,,,,,,,,,,,,,
2021_REG_17_KC_CIN_20220102,2022-01-02 12:00:00,,,,,station_lookup_error,Paycor Stadium,39.0955,-84.516,,,,,,,,,,,,,,
2021_REG_17_LAR_BAL_20220102,2022-01-02 12:00:00,,,,,station_lookup_error,M&T Bank Stadium,39.278,-76.6227,,,,,,,,,,,,,,
2021_REG_17_LV_IND_20220102,2022-01-02 12:00:00,70.0,0.0,0.0,INDOOR,indoor_controlled_daily_values,Lucas Oil Stadium,39.7601,-86.1639,,,,70.0,70.0,70.0,,,,,,,,70.0
2021_REG_17_MIA_TEN_20220102,2022-01-02 12:00:00,,,,,station_lookup_error,Nissan Stadium,36.1665,-86.7713,,,,,,,,,,,,,,
2021_REG_17_MIN_GB_20220102,2022-01-02 12:00:00,,,,,station_lookup_error,Lambeau Field,44.5013,-88.0622,,,,,,,,,,,,,,
2021_REG_17_NYG_CHI_20220102,2022-01-02 12:00:00,,,,,station_lookup_error,Soldier Field,41.8623,-87.6167,,,,,,,,,,,,,,
2021_REG_17_PHI_WSH_20220102,2022-01-02 12:00:00,,,,,station_lookup_error,Northwest Stadium,38.9078,-76.8644,,,,,,,,,,,,,,
2021_REG_17_TB_NYJ_20220102,2022-01-02 12:00:00,,,,,station_lookup_error,MetLife Stadium,40.8135,-74.0745,,,,,,,,,,,,,,
2021_REG_18_CAR_TB_20220109,2022-01-09 12:00:00,,,,,station_lookup_error,Raymond James Stadium,27.9759,-82.5033,,,,,,,,,,,,,,
2021_REG_18_CHI_MIN_20220109,2022-01-09 12:00:00,70.0,0.0,0.0,INDOOR,indoor_controlled_daily_values,U.S. Bank Stadium,44.9738,-93.2575,,,,70.0,70.0,70.0,,,,,,,,70.0
2021_REG_18_CIN_CLE_20220109,2022-01-09 12:00:00,,,,,station_lookup_error,Huntington Bank Field,41.5061,-81.6995,,,,,,,,,,,,,,
2021_REG_18_DAL_PHI_20220108,2022-01-08 12:00:00,,,,,station_lookup_error,Lincoln Financial Field,39.9008,-75.1675,,,,,,,,,,,,,,
2021_REG_18_GB_DET_20220109,2022-01-09 12:00:00,70.0,0.0,0.0,INDOOR,indoor_controlled_daily_values,Ford Field,42.34,-83.0456,,,,70.0,70.0,70.0,,,,,,,,70.0
2021_REG_18_IND_JAX_20220109,2022-01-09 12:00:00,,,,,station_lookup_error,TIAA Bank Stadium,30.3239,-81.6373,,,,,,,,,,,,,,
2021_REG_18_KC_DEN_20220108,2022-01-08 12:00:00,,,,,station_lookup_error,Empower Field at Mile High,39.7439,-105.0201,,,,,,,,,,,,,,
2021_REG_18_LAC_LV_20220109,2022-01-09 12:00:00,70.0,0.0,0.0,INDOOR,indoor_controlled_daily_values,Allegiant Stadium,36.0908,-115.183,,,,70.0,70.0,70.0,,,,,,,,70.0
2021_REG_18_NE_MIA_20220109,2022-01-09 12:00:00,,,,,station_lookup_error,Hard Rock Stadium,25.958,-80.2389,,,,,,,,,,,,,,
2021_REG_18_NO_ATL_20220109,2022-01-09 12:00:00,70.0,0.0,0.0,INDOOR,indoor_controlled_daily_values,Mercedes-Benz Stadium,33.7554,-84.4009,,,,70.0,70.0,70.0,,,,,,,,70.0
2021_REG_18_NYJ_BUF_20220109,2022-01-09 12:00:00,,,,,station_lookup_error,Highmark Stadium,42.7738,-78.7868,,,,,,,,,,,,,,
2021_REG_18_PIT_BAL_20220109,2022-01-09 12:00:00,,,,,station_lookup_error,M&T Bank Stadium,39.278,-76.6227,,,,,,,,,,,,,,
2021_REG_18_SEA_ARI_20220109,2022-01-09 12:00:00,70.0,0.0,0.0,INDOOR,indoor_controlled_daily_values,State Farm Stadium,33.5276,-112.2626,,,,70.0,70.0,70.0,,,,,,,,70.0
2021_REG_18_SF_LAR_20220109,2022-01-09 12:00:00,70.0,0.0,0.0,INDOOR,indoor_controlled_daily_values,SoFi Stadium,33.9535,-118.3392,,,,70.0,70.0,70.0,,,,,,,,70.0
2021_REG_18_TEN_HOU_20220109,2022-01-09 12:00:00,70.0,0.0,0.0,INDOOR,indoor_controlled_daily_values,NRG Stadium,29.6847,-95.4107,,,,70.0,70.0,70.0,,,,,,,,70.0
2021_REG_18_WSH_NYG_20220109,2022-01-09 12:00:00,,,,,station_lookup_error,MetLife Stadium,40.8135,-74.0745,,,,,,,,,,,,,,
2021_POST_19_ARI_LAR_20220117,2022-01-17 12:00:00,70.0,0.0,0.0,INDOOR,indoor_controlled_daily_values,SoFi Stadium,33.9535,-118.3392,,,,70.0,70.0,70.0,,,,,,,,70.0
2021_POST_19_LV_CIN_20220115,2022-01-15 12:00:00,,,,,station_lookup_error,Paycor Stadium,39.0955,-84.516,,,,,,,,,,,,,,
2021_POST_19_NE_BUF_20220115,2022-01-15 12:00:00,,,,,station_lookup_error,Highmark Stadium,42.7738,-78.7868,,,,,,,,,,,,,,
2021_POST_19_PHI_TB_20220116,2022-01-16 12:00:00,,,,,station_lookup_error,Raymond James Stadium,27.9759,-82.5033,,,,,,,,,,,,,,
2021_POST_19_PIT_KC_20220116,2022-01-16 12:00:00,,,,,station_lookup_error,Arrowhead Stadium,39.0489,-94.4839,,,,,,,,,,,,,,
2021_POST_19_SF_DAL_20220116,2022-01-16 12:00:00,70.0,0.0,0.0,INDOOR,indoor_controlled_daily_values,AT&T Stadium,32.7473,-97.0945,,,,70.0,70.0,70.0,,,,,,,,70.0
2021_POST_20_BUF_KC_20220123,2022-01-23 12:00:00,,,,,station_lookup_error,Arrowhead Stadium,39.0489,-94.4839,,,,,,,,,,,,,,
2021_POST_20_CIN_TEN_20220122,2022-01-22 12:00:00,,,,,station_lookup_error,Nissan Stadium,36.1665,-86.7713,,,,,,,,,,,,,,
2021_POST_20_LAR_TB_20220123,2022-01-23 12:00:00,,,,,station_lookup_error,Raymond James Stadium,27.9759,-82.5033,,,,,,,,,,,,,,
2021_POST_20_SF_GB_20220122,2022-01-22 12:00:00,,,,,station_lookup_error,Lambeau Field,44.5013,-88.0622,,,,,,,,,,,,,,
2021_CON_21_CIN_KC_20220130,2022-01-30 12:00:00,,,,,station_lookup_error,Arrowhead Stadium,39.0489,-94.4839,,,,,,,,,,,,,,
2021_CON_21_SF_LAR_20220130,2022-01-30 12:00:00,70.0,0.0,0.0,INDOOR,indoor_controlled_daily_values,SoFi Stadium,33.9535,-118.3392,,,,70.0,70.0,70.0,,,,,,,,70.0
2021_POST_22_LAR_CIN_20220213,2022-02-13 12:00:00,70.0,0.0,0.0,INDOOR,indoor_controlled_daily_values,SoFi Stadium,33.9535,-118.3392,,,,70.0,70.0,70.0,,,,,,,,70.0
2022_REG_01_BAL_NYJ_20220911,2022-09-11 12:00:00,,,,,station_lookup_error,MetLife Stadium,40.8135,-74.0745,,,,,,,,,,,,,,
2022_REG_01_BUF_LAR_20220908,2022-09-08 12:00:00,70.0,0.0,0.0,INDOOR,indoor_controlled_daily_values,SoFi Stadium,33.9535,-118.3392,,,,70.0,70.0,70.0,,,,,,,,70.0
2022_REG_01_CLE_CAR_20220911,2022-09-11 12:00:00,,,,,station_lookup_error,Bank of America Stadium,35.2258,-80.8528,,,,,,,,,,,,,,
2022_REG_01_DEN_SEA_20220912,2022-09-12 12:00:00,,,,,station_lookup_error,Lumen Field,47.5952,-122.3316,,,,,,,,,,,,,,
2022_REG_01_GB_MIN_20220911,2022-09-11 12:00:00,70.0,0.0,0.0,INDOOR,indoor_controlled_daily_values,U.S. Bank Stadium,44.9738,-93.2575,,,,70.0,70.0,70.0,,,,,,,,70.0
2022_REG_01_IND_HOU_20220911,2022-09-11 12:00:00,70.0,0.0,0.0,INDOOR,indoor_controlled_daily_values,NRG Stadium,29.6847,-95.4107,,,,70.0,70.0,70.0,,,,,,,,70.0
2022_REG_01_JAX_WSH_20220911,2022-09-11 12:00:00,,,,,station_lookup_error,Northwest Stadium,38.9078,-76.8644,,,,,,,,,,,,,,
2022_REG_01_KC_ARI_20220911,2022-09-11 12:00:00,70.0,0.0,0.0,INDOOR,indoor_controlled_daily_values,State Farm Stadium,33.5276,-112.2626,,,,70.0,70.0,70.0,,,,,,,,70.0
2022_REG_01_LV_LAC_20220911,2022-09-11 12:00:00,70.0,0.0,0.0,INDOOR,indoor_controlled_daily_values,SoFi Stadium,33.9535,-118.3392,,,,70.0,70.0,70.0,,,,,,,,70.0
2022_REG_01_NE_MIA_20220911,2022-09-11 12:00:00,,,,,station_lookup_error,Hard Rock Stadium,25.958,-80.2389,,,,,,,,,,,,,,
2022_REG_01_NO_ATL_20220911,2022-09-11 12:00:00,70.0,0.0,0.0,INDOOR,indoor_controlled_daily_values,Mercedes-Benz Stadium,33.7554,-84.4009,,,,70.0,70.0,70.0,,,,,,,,70.0
2022_REG_01_NYG_TEN_20220911,2022-09-11 12:00:00,,,,,station_lookup_error,Nissan Stadium,36.1665,-86.7713,,,,,,,,,,,,,,
2022_REG_01_PHI_DET_20220911,2022-09-11 12:00:00,70.0,0.0,0.0,INDOOR,indoor_controlled_daily_values,Ford Field,42.34,-83.0456,,,,70.0,70.0,70.0,,,,,,,,70.0
2022_REG_01_PIT_CIN_20220911,2022-09-11 12:00:00,,,,,station_lookup_error,Paycor Stadium,39.0955,-84.516,,,,,,,,,,,,,,
2022_REG_01_SF_CHI_20220911,2022-09-11 12:00:00,,,,,station_lookup_error,Soldier Field,41.8623,-87.6167,,,,,,,,,,,,,,
2022_REG_01_TB_DAL_20220911,2022-09-11 12:00:00,70.0,0.0,0.0,INDOOR,indoor_controlled_daily_values,AT&T Stadium,32.7473,-97.0945,,,,70.0,70.0,70.0,,,,,,,,70.0
2022_REG_02_ARI_LV_20220918,2022-09-18 12:00:00,70.0,0.0,0.0,INDOOR,indoor_controlled_daily_values,Allegiant Stadium,36.0908,-115.183,,,,70.0,70.0,70.0,,,,,,,,70.0
2022_REG_02_ATL_LAR_20220918,2022-09-18 12:00:00,70.0,0.0,0.0,INDOOR,indoor_controlled_daily_values,SoFi Stadium,33.9535,-118.3392,,,,70.0,70.0,70.0,,,,,,,,70.0
2022_REG_02_CAR_NYG_20220918,2022-09-18 12:00:00,,,,,station_lookup_error,MetLife Stadium,40.8135,-74.0745,,,,,,,,,,,,,,
2022_REG_02_CHI_GB_20220918,2022-09-18 12:00:00,,,,,station_lookup_error,Lambeau Field,44.5013,-88.0622,,,,,,,,,,,,,,
2022_REG_02_CIN_DAL_20220918,2022-09-18 12:00:00,70.0,0.0,0.0,INDOOR,indoor_controlled_daily_values,AT&T Stadium,32.7473,-97.0945,,,,70.0,70.0,70.0,,,,,,,,70.0
2022_REG_02_HOU_DEN_20220918,2022-09-18 12:00:00,,,,,station_lookup_error,Empower Field at Mile High,39.7439,-105.0201,,,,,,,,,,,,,,
2022_REG_02_IND_JAX_20220918,2022-09-18 12:00:00,,,,,station_lookup_error,TIAA Bank Stadium,30.3239,-81.6373,,,,,,,,,,,,,,
2022_REG_02_LAC_KC_20220915,2022-09-15 12:00:00,,,,,station_lookup_error,Arrowhead Stadium,39.0489,-94.4839,,,,,,,,,,,,,,
2022_REG_02_MIA_BAL_20220918,2022-09-18 12:00:00,,,,,station_lookup_error,M&T Bank Stadium,39.278,-76.6227,,,,,,,,,,,,,,
2022_REG_02_MIN_PHI_20220919,2022-09-19 12:00:00,,,,,station_lookup_error,Lincoln Financial Field,39.9008,-75.1675,,,,,,,,,,,,,,
2022_REG_02_NE_PIT_20220918,2022-09-18 12:00:00,,,,,station_lookup_error,Acrisure Stadium,40.4468,-80.0158,,,,,,,,,,,,,,
2022_REG_02_NYJ_CLE_20220918,2022-09-18 12:00:00,,,,,station_lookup_error,Huntington Bank Field,41.5061,-81.6995,,,,,,,,,,,,,,
2022_REG_02_SEA_SF_20220918,2022-09-18 12:00:00,,,,,station_lookup_error,Levi's Stadium,37.403,-121.97,,,,,,,,,,,,,,
2022_REG_02_TB_NO_20220918,2022-09-18 12:00:00,70.0,0.0,0.0,INDOOR,indoor_controlled_daily_values,Caesars Superdome,29.9511,-90.0812,,,,70.0,70.0,70.0,,,,,,,,70.0
2022_REG_02_TEN_BUF_20220919,2022-09-19 12:00:00,,,,,station_lookup_error,Highmark Stadium,42.7738,-78.7868,,,,,,,,,,,,,,
2022_REG_02_WSH_DET_20220918,2022-09-18 12:00:00,70.0,0.0,0.0,INDOOR,indoor_controlled_daily_values,Ford Field,42.34,-83.0456,,,,70.0,70.0,70.0,,,,,,,,70.0
2022_REG_03_ATL_SEA_20220925,2022-09-25 12:00:00,,,,,station_lookup_error,Lumen Field,47.5952,-122.3316,,,,,,,,,,,,,,
2022_REG_03_BAL_NE_20220925,2022-09-25 12:00:00,,,,,station_lookup_error,Gillette Stadium,42.0909,-71.2643,,,,,,,,,,,,,,
2022_REG_03_BUF_MIA_20220925,2022-09-25 12:00:00,,,,,station_lookup_error,Hard Rock Stadium,25.958,-80.2389,,,,,,,,,,,,,,
2022_REG_03_CIN_NYJ_20220925,2022-09-25 12:00:00,,,,,station_lookup_error,MetLife Stadium,40.8135,-74.0745,,,,,,,,,,,,,,
2022_REG_03_DAL_NYG_20220926,2022-09-26 12:00:00,,,,,station_lookup_error,MetLife Stadium,40.8135,-74.0745,,,,,,,,,,,,,,
2022_REG_03_DET_MIN_20220925,2022-09-25 12:00:00,70.0,0.0,0.0,INDOOR,indoor_controlled_daily_values,U.S. Bank Stadium,44.9738,-93.2575,,,,70.0,70.0,70.0,,,,,,,,70.0
2022_REG_03_GB_TB_20220925,2022-09-25 12:00:00,,,,,station_lookup_error,Raymond James Stadium,27.9759,-82.5033,,,,,,,,,,,,,,
2022_REG_03_HOU_CHI_20220925,2022-09-25 12:00:00,,,,,station_lookup_error,Soldier Field,41.8623,-87.6167,,,,,,,,,,,,,,
2022_REG_03_JAX_LAC_20220925,2022-09-25 12:00:00,70.0,0.0,0.0,INDOOR,indoor_controlled_daily_values,SoFi Stadium,33.9535,-118.3392,,,,70.0,70.0,70.0,,,,,,,,70.0
2022_REG_03_KC_IND_20220925,2022-09-25 12:00:00,70.0,0.0,0.0,INDOOR,indoor_controlled_daily_values,Lucas Oil Stadium,39.7601,-86.1639,,,,70.0,70.0,70.0,,,,,,,,70.0
2022_REG_03_LAR_ARI_20220925,2022-09-25 12:00:00,70.0,0.0,0.0,INDOOR,indoor_controlled_daily_values,State Farm Stadium,33.5276,-112.2626,,,,70.0,70.0,70.0,,,,,,,,70.0
2022_REG_03_LV_TEN_20220925,2022-09-25 12:00:00,,,,,station_lookup_error,Nissan Stadium,36.1665,-86.7713,,,,,,,,,,,,,,
2022_REG_03_NO_CAR_20220925,2022-09-25 12:00:00,,,,,station_lookup_error,Bank of America Stadium,35.2258,-80.8528,,,,,,,,,,,,,,
2022_REG_03_PHI_WSH_20220925,2022-09-25 12:00:00,,,,,station_lookup_error,Northwest Stadium,38.9078,-76.8644,,,,,,,,,,,,,,
2022_REG_03_PIT_CLE_20220922,2022-09-22 12:00:00,,,,,station_lookup_error,Huntington Bank Field,41.5061,-81.6995,,,,,,,,,,,,,,
2022_REG_03_SF_DEN_20220925,2022-09-25 12:00:00,,,,,station_lookup_error,Empower Field at Mile High,39.7439,-105.0201,,,,,,,,,,,,,,
2022_REG_04_ARI_CAR_20221002,2022-10-02 12:00:00,,,,,station_lookup_error,Bank of America Stadium,35.2258,-80.8528,,,,,,,,,,,,,,
2022_REG_04_BUF_BAL_20221002,2022-10-02 12:00:00,,,,,station_lookup_error,M&T Bank Stadium,39.278,-76.6227,,,,,,,,,,,,,,
2022_REG_04_CHI_NYG_20221002,2022-10-02 12:00:00,,,,,station_lookup_error,MetLife Stadium,40.8135,-74.0745,,,,,,,,,,,,,,
2022_REG_04_CLE_ATL_20221002,2022-10-02 12:00:00,70.0,0.0,0.0,INDOOR,indoor_controlled_daily_values,Mercedes-Benz Stadium,33.7554,-84.4009,,,,70.0,70.0,70.0,,,,,,,,70.0
2022_REG_04_DEN_LV_20221002,2022-10-02 12:00:00,70.0,0.0,0.0,INDOOR,indoor_controlled_daily_values,Allegiant Stadium,36.0908,-115.183,,,,70.0,70.0,70.0,,,,,,,,70.0
2022_REG_04_JAX_PHI_20221002,2022-10-02 12:00:00,,,,,station_lookup_error,Lincoln Financial Field,39.9008,-75.1675,,,,,,,,,,,,,,
2022_REG_04_KC_TB_20221002,2022-10-02 12:00:00,,,,,station_lookup_error,Raymond James Stadium,27.9759,-82.5033,,,,,,,,,,,,,,
2022_REG_04_LAC_HOU_20221002,2022-10-02 12:00:00,70.0,0.0,0.0,INDOOR,indoor_controlled_daily_values,NRG Stadium,29.6847,-95.4107,,,,70.0,70.0,70.0,,,,,,,,70.0
2022_REG_04_LAR_SF_20221003,2022-10-03 12:00:00,,,,,station_lookup_error,Levi's Stadium,37.403,-121.97,,,,,,,,,,,,,,
2022_REG_04_MIA_CIN_20220929,2022-09-29 12:00:00,,,,,station_lookup_error,Paycor Stadium,39.0955,-84.516,,,,,,,,,,,,,,
2022_REG_04_MIN_NO_20221002,2022-10-02 12:00:00,,,,,station_lookup_error,Tottenham Hotspur Stadium,51.6043,-0.0664,,,,,,,,,,,,,,
2022_REG_04_NE_GB_20221002,2022-10-02 12:00:00,,,,,station_lookup_error,Lambeau Field,44.5013,-88.0622,,,,,,,,,,,,,,
2022_REG_04_NYJ_PIT_20221002,2022-10-02 12:00:00,,,,,station_lookup_error,Acrisure Stadium,40.4468,-80.0158,,,,,,,,,,,,,,
2022_REG_04_SEA_DET_20221002,2022-10-02 12:00:00,70.0,0.0,0.0,INDOOR,indoor_controlled_daily_values,Ford Field,42.34,-83.0456,,,,70.0,70.0,70.0,,,,,,,,70.0
2022_REG_04_TEN_IND_20221002,2022-10-02 12:00:00,70.0,0.0,0.0,INDOOR,indoor_controlled_daily_values,Lucas Oil Stadium,39.7601,-86.1639,,,,70.0,70.0,70.0,,,,,,,,70.0
2022_REG_04_WSH_DAL_20221002,2022-10-02 12:00:00,70.0,0.0,0.0,INDOOR,indoor_controlled_daily_values,AT&T Stadium,32.7473,-97.0945,,,,70.0,70.0,70.0,,,,,,,,70.0
2022_REG_05_ATL_TB_20221009,2022-10-09 12:00:00,,,,,station_lookup_error,Raymond James Stadium,27.9759,-82.5033,,,,,,,,,,,,,,
2022_REG_05_CHI_MIN_20221009,2022-10-09 12:00:00,70.0,0.0,0.0,INDOOR,indoor_controlled_daily_values,U.S. Bank Stadium,44.9738,-93.2575,,,,70.0,70.0,70.0,,,,,,,,70.0
2022_REG_05_CIN_BAL_20221009,2022-10-09 12:00:00,,,,,station_lookup_error,M&T Bank Stadium,39.278,-76.6227,,,,,,,,,,,,,,
2022_REG_05_DAL_LAR_20221009,2022-10-09 12:00:00,70.0,0.0,0.0,INDOOR,indoor_controlled_daily_values,SoFi Stadium,33.9535,-118.3392,,,,70.0,70.0,70.0,,,,,,,,70.0
2022_REG_05_DET_NE_20221009,2022-10-09 12:00:00,,,,,station_lookup_error,Gillette Stadium,42.0909,-71.2643,,,,,,,,,,,,,,
2022_REG_05_HOU_JAX_20221009,2022-10-09 12:00:00,,,,,station_lookup_error,TIAA Bank Stadium,30.3239,-81.6373,,,,,,,,,,,,,,
2022_REG_05_IND_DEN_20221006,2022-10-06 12:00:00,,,,,station_lookup_error,Empower Field at Mile High,39.7439,-105.0201,,,,,,,,,,,,,,
2022_REG_05_LAC_CLE_20221009,2022-10-09 12:00:00,,,,,station_lookup_error,Huntington Bank Field,41.5061,-81.6995,,,,,,,,,,,,,,
2022_REG_05_LV_KC_20221010,2022-10-10 12:00:00,,,,,station_lookup_error,Arrowhead Stadium,39.0489,-94.4839,,,,,,,,,,,,,,
2022_REG_05_MIA_NYJ_20221009,2022-10-09 12:00:00,,,,,station_lookup_error,MetLife Stadium,40.8135,-74.0745,,,,,,,,,,,,,,
2022_REG_05_NYG_GB_20221009,2022-10-09 12:00:00,,,,,station_lookup_error,Tottenham Hotspur Stadium,51.6043,-0.0664,,,,,,,,,,,,,,
2022_REG_05_PHI_ARI_20221009,2022-10-09 12:00:00,70.0,0.0,0.0,INDOOR,indoor_controlled_daily_values,State Farm Stadium,33.5276,-112.2626,,,,70.0,70.0,70.0,,,,,,,,70.0
2022_REG_05_PIT_BUF_20221009,2022-10-09 12:00:00,,,,,station_lookup_error,Highmark Stadium,42.7738,-78.7868,,,,,,,,,,,,,,
2022_REG_05_SEA_NO_20221009,2022-10-09 12:00:00,70.0,0.0,0.0,INDOOR,indoor_controlled_daily_values,Caesars Superdome,29.9511,-90.0812,,,,70.0,70.0,70.0,,,,,,,,70.0
2022_REG_05_SF_CAR_20221009,2022-10-09 12:00:00,,,,,station_lookup_error,Bank of America Stadium,35.2258,-80.8528,,,,,,,,,,,,,,
2022_REG_05_TEN_WSH_20221009,2022-10-09 12:00:00,,,,,station_lookup_error,Northwest Stadium,38.9078,-76.8644,,,,,,,,,,,,,,
2022_REG_06_ARI_SEA_20221016,2022-10-16 12:00:00,,,,,station_lookup_error,Lumen Field,47.5952,-122.3316,,,,,,,,,,,,,,
2022_REG_06_BAL_NYG_20221016,2022-10-16 12:00:00,,,,,station_lookup_error,MetLife Stadium,40.8135,-74.0745,,,,,,,,,,,,,,
2022_REG_06_BUF_KC_20221016,2022-10-16 12:00:00,,,,,station_lookup_error,Arrowhead Stadium,39.0489,-94.4839,,,,,,,,,,,,,,
2022_REG_06_CAR_LAR_20221016,2022-10-16 12:00:00,70.0,0.0,0.0,INDOOR,indoor_controlled_daily_values,SoFi Stadium,33.9535,-118.3392,,,,70.0,70.0,70.0,,,,,,,,70.0
2022_REG_06_CIN_NO_20221016,2022-10-16 12:00:00,70.0,0.0,0.0,INDOOR,indoor_controlled_daily_values,Caesars Superdome,29.9511,-90.0812,,,,70.0,70.0,70.0,,,,,,,,70.0
2022_REG_06_DAL_PHI_20221016,2022-10-16 12:00:00,,,,,station_lookup_error,Lincoln Financial Field,39.9008,-75.1675,,,,,,,,,,,,,,
2022_REG_06_DEN_LAC_20221017,2022-10-17 12:00:00,70.0,0.0,0.0,INDOOR,indoor_controlled_daily_values,SoFi Stadium,33.9535,-118.3392,,,,70.0,70.0,70.0,,,,,,,,70.0
2022_REG_06_JAX_IND_20221016,2022-10-16 12:00:00,70.0,0.0,0.0,INDOOR,indoor_controlled_daily_values,Lucas Oil Stadium,39.7601,-86.1639,,,,70.0,70.0,70.0,,,,,,,,70.0
2022_REG_06_MIN_MIA_20221016,2022-10-16 12:00:00,,,,,station_lookup_error,Hard Rock Stadium,25.958,-80.2389,,,,,,,,,,,,,,
2022_REG_06_NE_CLE_20221016,2022-10-16 12:00:00,,,,,station_lookup_error,Huntington Bank Field,41.5061,-81.6995,,,,,,,,,,,,,,
2022_REG_06_NYJ_GB_20221016,2022-10-16 12:00:00,,,,,station_lookup_error,Lambeau Field,44.5013,-88.0622,,,,,,,,,,,,,,
2022_REG_06_SF_ATL_20221016,2022-10-16 12:00:00,70.0,0.0,0.0,INDOOR,indoor_controlled_daily_values,Mercedes-Benz Stadium,33.7554,-84.4009,,,,70.0,70.0,70.0,,,,,,,,70.0
2022_REG_06_TB_PIT_20221016,2022-10-16 12:00:00,,,,,station_lookup_error,Acrisure Stadium,40.4468,-80.0158,,,,,,,,,,,,,,
2022_REG_06_WSH_CHI_20221013,2022-10-13 12:00:00,,,,,station_lookup_error,Soldier Field,41.8623,-87.6167,,,,,,,,,,,,,,
2022_REG_07_ATL_CIN_20221023,2022-10-23 12:00:00,,,,,station_lookup_error,Paycor Stadium,39.0955,-84.516,,,,,,,,,,,,,,
2022_REG_07_CHI_NE_20221024,2022-10-24 12:00:00,,,,,station_lookup_error,Gillette Stadium,42.0909,-71.2643,,,,,,,,,,,,,,
2022_REG_07_CLE_BAL_20221023,2022-10-23 12:00:00,,,,,station_lookup_error,M&T Bank Stadium,39.278,-76.6227,,,,,,,,,,,,,,
2022_REG_07_DET_DAL_20221023,2022-10-23 12:00:00,70.0,0.0,0.0,INDOOR,indoor_controlled_daily_values,AT&T Stadium,32.7473,-97.0945,,,,70.0,70.0,70.0,,,,,,,,70.0
2022_REG_07_GB_WSH_20221023,2022-10-23 12:00:00,,,,,station_lookup_error,Northwest Stadium,38.9078,-76.8644,,,,,,,,,,,,,,
2022_REG_07_HOU_LV_20221023,2022-10-23 12:00:00,70.0,0.0,0.0,INDOOR,indoor_controlled_daily_values,Allegiant Stadium,36.0908,-115.183,,,,70.0,70.0,70.0,,,,,,,,70.0
2022_REG_07_IND_TEN_20221023,2022-10-23 12:00:00,,,,,station_lookup_error,Nissan Stadium,36.1665,-86.7713,,,,,,,,,,,,,,
2022_REG_07_KC_SF_20221023,2022-10-23 12:00:00,,,,,station_lookup_error,Levi's Stadium,37.403,-121.97,,,,,,,,,,,,,,
2022_REG_07_NO_ARI_20221020,2022-10-20 12:00:00,70.0,0.0,0.0,INDOOR,indoor_controlled_daily_values,State Farm Stadium,33.5276,-112.2626,,,,70.0,70.0,70.0,,,,,,,,70.0
2022_REG_07_NYG_JAX_20221023,2022-10-23 12:00:00,,,,,station_lookup_error,TIAA Bank Stadium,30.3239,-81.6373,,,,,,,,,,,,,,
2022_REG_07_NYJ_DEN_20221023,2022-10-23 12:00:00,,,,,station_lookup_error,Empower Field at Mile High,39.7439,-105.0201,,,,,,,,,,,,,,
2022_REG_07_PIT_MIA_20221023,2022-10-23 12:00:00,,,,,station_lookup_error,Hard Rock Stadium,25.958,-80.2389,,,,,,,,,,,,,,
2022_REG_07_SEA_LAC_20221023,2022-10-23 12:00:00,70.0,0.0,0.0,INDOOR,indoor_controlled_daily_values,SoFi Stadium,33.9535,-118.3392,,,,70.0,70.0,70.0,,,,,,,,70.0
2022_REG_07_TB_CAR_20221023,2022-10-23 12:00:00,,,,,station_lookup_error,Bank of America Stadium,35.2258,-80.8528,,,,,,,,,,,,,,
2022_REG_08_ARI_MIN_20221030,2022-10-30 12:00:00,70.0,0.0,0.0,INDOOR,indoor_controlled_daily_values,U.S. Bank Stadium,44.9738,-93.2575,,,,70.0,70.0,70.0,,,,,,,,70.0
2022_REG_08_BAL_TB_20221027,2022-10-27 12:00:00,,,,,station_lookup_error,Raymond James Stadium,27.9759,-82.5033,,,,,,,,,,,,,,
2022_REG_08_CAR_ATL_20221030,2022-10-30 12:00:00,70.0,0.0,0.0,INDOOR,indoor_controlled_daily_values,Mercedes-Benz Stadium,33.7554,-84.4009,,,,70.0,70.0,70.0,,,,,,,,70.0
2022_REG_08_CHI_DAL_20221030,2022-10-30 12:00:00,70.0,0.0,0.0,INDOOR,indoor_controlled_daily_values,AT&T Stadium,32.7473,-97.0945,,,,70.0,70.0,70.0,,,,,,,,70.0
2022_REG_08_CIN_CLE_20221031,2022-10-31 12:00:00,,,,,station_lookup_error,Huntington Bank Field,41.5061,-81.6995,,,,,,,,,,,,,,
2022_REG_08_DEN_JAX_20221030,2022-10-30 12:00:00,,,,,station_lookup_error,Wembley Stadium,51.556,-0.2796,,,,,,,,,,,,,,
2022_REG_08_GB_BUF_20221030,2022-10-30 12:00:00,,,,,station_lookup_error,Highmark Stadium,42.7738,-78.7868,,,,,,,,,,,,,,
2022_REG_08_LV_NO_20221030,2022-10-30 12:00:00,70.0,0.0,0.0,INDOOR,indoor_controlled_daily_values,Caesars Superdome,29.9511,-90.0812,,,,70.0,70.0,70.0,,,,,,,,70.0
2022_REG_08_MIA_DET_20221030,2022-10-30 12:00:00,70.0,0.0,0.0,INDOOR,indoor_controlled_daily_values,Ford Field,42.34,-83.0456,,,,70.0,70.0,70.0,,,,,,,,70.0
2022_REG_08_NE_NYJ_20221030,2022-10-30 12:00:00,,,,,station_lookup_error,MetLife Stadium,40.8135,-74.0745,,,,,,,,,,,,,,
2022_REG_08_NYG_SEA_20221030,2022-10-30 12:00:00,,,,,station_lookup_error,Lumen Field,47.5952,-122.3316,,,,,,,,,,,,,,
2022_REG_08_PIT_PHI_20221030,2022-10-30 12:00:00,,,,,station_lookup_error,Lincoln Financial Field,39.9008,-75.1675,,,,,,,,,,,,,,
2022_REG_08_SF_LAR_20221030,2022-10-30 12:00:00,70.0,0.0,0.0,INDOOR,indoor_controlled_daily_values,SoFi Stadium,33.9535,-118.3392,,,,70.0,70.0,70.0,,,,,,,,70.0
2022_REG_08_TEN_HOU_20221030,2022-10-30 12:00:00,70.0,0.0,0.0,INDOOR,indoor_controlled_daily_values,NRG Stadium,29.6847,-95.4107,,,,70.0,70.0,70.0,,,,,,,,70.0
2022_REG_08_WSH_IND_20221030,2022-10-30 12:00:00,70.0,0.0,0.0,INDOOR,indoor_controlled_daily_values,Lucas Oil Stadium,39.7601,-86.1639,,,,70.0,70.0,70.0,,,,,,,,70.0
2022_REG_09_BAL_NO_20221107,2022-11-07 12:00:00,70.0,0.0,0.0,INDOOR,indoor_controlled_daily_values,Caesars Superdome,29.9511,-90.0812,,,,70.0,70.0,70.0,,,,,,,,70.0
2022_REG_09_BUF_NYJ_20221106,2022-11-06 12:00:00,,,,,station_lookup_error,MetLife Stadium,40.8135,-74.0745,,,,,,,,,,,,,,
2022_REG_09_CAR_CIN_20221106,2022-11-06 12:00:00,,,,,station_lookup_error,Paycor Stadium,39.0955,-84.516,,,,,,,,,,,,,,
2022_REG_09_GB_DET_20221106,2022-11-06 12:00:00,70.0,0.0,0.0,INDOOR,indoor_controlled_daily_values,Ford Field,42.34,-83.0456,,,,70.0,70.0,70.0,,,,,,,,70.0
2022_REG_09_IND_NE_20221106,2022-11-06 12:00:00,,,,,station_lookup_error,Gillette Stadium,42.0909,-71.2643,,,,,,,,,,,,,,
2022_REG_09_LAC_ATL_20221106,2022-11-06 12:00:00,70.0,0.0,0.0,INDOOR,indoor_controlled_daily_values,Mercedes-Benz Stadium,33.7554,-84.4009,,,,70.0,70.0,70.0,,,,,,,,70.0
2022_REG_09_LAR_TB_20221106,2022-11-06 12:00:00,,,,,station_lookup_error,Raymond James Stadium,27.9759,-82.5033,,,,,,,,,,,,,,
2022_REG_09_LV_JAX_20221106,2022-11-06 12:00:00,,,,,station_lookup_error,TIAA Bank Stadium,30.3239,-81.6373,,,,,,,,,,,,,,
2022_REG_09_MIA_CHI_20221106,2022-11-06 12:00:00,,,,,station_lookup_error,Soldier Field,41.8623,-87.6167,,,,,,,,,,,,,,
2022_REG_09_MIN_WSH_20221106,2022-11-06 12:00:00,,,,,station_lookup_error,Northwest Stadium,38.9078,-76.8644,,,,,,,,,,,,,,
2022_REG_09_PHI_HOU_20221103,2022-11-03 12:00:00,70.0,0.0,0.0,INDOOR,indoor_controlled_daily_values,NRG Stadium,29.6847,-95.4107,,,,70.0,70.0,70.0,,,,,,,,70.0
2022_REG_09_SEA_ARI_20221106,2022-11-06 12:00:00,70.0,0.0,0.0,INDOOR,indoor_controlled_daily_values,State Farm Stadium,33.5276,-112.2626,,,,70.0,70.0,70.0,,,,,,,,70.0
2022_REG_09_TEN_KC_20221106,2022-11-06 12:00:00,,,,,station_lookup_error,Arrowhead Stadium,39.0489,-94.4839,,,,,,,,,,,,,,
2022_REG_10_ARI_LAR_20221113,2022-11-13 12:00:00,70.0,0.0,0.0,INDOOR,indoor_controlled_daily_values,SoFi Stadium,33.9535,-118.3392,,,,70.0,70.0,70.0,,,,,,,,70.0
2022_REG_10_ATL_CAR_20221110,2022-11-10 12:00:00,,,,,station_lookup_error,Bank of America Stadium,35.2258,-80.8528,,,,,,,,,,,,,,
2022_REG_10_CLE_MIA_20221113,2022-11-13 12:00:00,,,,,station_lookup_error,Hard Rock Stadium,25.958,-80.2389,,,,,,,,,,,,,,
2022_REG_10_DAL_GB_20221113,2022-11-13 12:00:00,,,,,station_lookup_error,Lambeau Field,44.5013,-88.0622,,,,,,,,,,,,,,
2022_REG_10_DEN_TEN_20221113,2022-11-13 12:00:00,,,,,station_lookup_error,Nissan Stadium,36.1665,-86.7713,,,,,,,,,,,,,,
2022_REG_10_DET_CHI_20221113,2022-11-13 12:00:00,,,,,station_lookup_error,Soldier Field,41.8623,-87.6167,,,,,,,,,,,,,,
2022_REG_10_HOU_NYG_20221113,2022-11-13 12:00:00,,,,,station_lookup_error,MetLife Stadium,40.8135,-74.0745,,,,,,,,,,,,,,
2022_REG_10_IND_LV_20221113,2022-11-13 12:00:00,70.0,0.0,0.0,INDOOR,indoor_controlled_daily_values,Allegiant Stadium,36.0908,-115.183,,,,70.0,70.0,70.0,,,,,,,,70.0
2022_REG_10_JAX_KC_20221113,2022-11-13 12:00:00,,,,,station_lookup_error,Arrowhead Stadium,39.0489,-94.4839,,,,,,,,,,,,,,
2022_REG_10_LAC_SF_20221113,2022-11-13 12:00:00,,,,,station_lookup_error,Levi's Stadium,37.403,-121.97,,,,,,,,,,,,,,
2022_REG_10_MIN_BUF_20221113,2022-11-13 12:00:00,,,,,station_lookup_error,Highmark Stadium,42.7738,-78.7868,,,,,,,,,,,,,,
2022_REG_10_NO_PIT_20221113,2022-11-13 12:00:00,,,,,station_lookup_error,Acrisure Stadium,40.4468,-80.0158,,,,,,,,,,,,,,
2022_REG_10_SEA_TB_20221113,2022-11-13 12:00:00,,,,,station_lookup_error,Allianz Arena,48.2188,11.6247,,,,,,,,,,,,,,
2022_REG_10_WSH_PHI_20221114,2022-11-14 12:00:00,,,,,station_lookup_error,Lincoln Financial Field,39.9008,-75.1675,,,,,,,,,,,,,,
2022_REG_11_CAR_BAL_20221120,2022-11-20 12:00:00,,,,,station_lookup_error,M&T Bank Stadium,39.278,-76.6227,,,,,,,,,,,,,,
2022_REG_11_CHI_ATL_20221120,2022-11-20 12:00:00,70.0,0.0,0.0,INDOOR,indoor_controlled_daily_values,Mercedes-Benz Stadium,33.7554,-84.4009,,,,70.0,70.0,70.0,,,,,,,,70.0
2022_REG_11_CIN_PIT_20221120,2022-11-20 12:00:00,,,,,station_lookup_error,Acrisure Stadium,40.4468,-80.0158,,,,,,,,,,,,,,
2022_REG_11_CLE_BUF_20221120,2022-11-20 12:00:00,70.0,0.0,0.0,INDOOR,indoor_controlled_daily_values,Ford Field,42.34,-83.0456,,,,70.0,70.0,70.0,,,,,,,,70.0
2022_REG_11_DAL_MIN_20221120,2022-11-20 12:00:00,70.0,0.0,0.0,INDOOR,indoor_controlled_daily_values,U.S. Bank Stadium,44.9738,-93.2575,,,,70.0,70.0,70.0,,,,,,,,70.0
2022_REG_11_DET_NYG_20221120,2022-11-20 12:00:00,,,,,station_lookup_error,MetLife Stadium,40.8135,-74.0745,,,,,,,,,,,,,,
2022_REG_11_KC_LAC_20221120,2022-11-20 12:00:00,70.0,0.0,0.0,INDOOR,indoor_controlled_daily_values,SoFi Stadium,33.9535,-118.3392,,,,70.0,70.0,70.0,,,,,,,,70.0
2022_REG_11_LAR_NO_20221120,2022-11-20 12:00:00,70.0,0.0,0.0,INDOOR,indoor_controlled_daily_values,Caesars Superdome,29.9511,-90.0812,,,,70.0,70.0,70.0,,,,,,,,70.0
2022_REG_11_LV_DEN_20221120,2022-11-20 12:00:00,,,,,station_lookup_error,Empower Field at Mile High,39.7439,-105.0201,,,,,,,,,,,,,,
2022_REG_11_NYJ_NE_20221120,2022-11-20 12:00:00,,,,,station_lookup_error,Gillette Stadium,42.0909,-71.2643,,,,,,,,,,,,,,
2022_REG_11_PHI_IND_20221120,2022-11-20 12:00:00,70.0,0.0,0.0,INDOOR,indoor_controlled_daily_values,Lucas Oil Stadium,39.7601,-86.1639,,,,70.0,70.0,70.0,,,,,,,,70.0
2022_REG_11_SF_ARI_20221121,2022-11-21 12:00:00,,,,,station_lookup_error,Estadio Azteca,19.3029,-99.1505,,,,,,,,,,,,,,
2022_REG_11_TEN_GB_20221117,2022-11-17 12:00:00,,,,,station_lookup_error,Lambeau Field,44.5013,-88.0622,,,,,,,,,,,,,,
2022_REG_11_WSH_HOU_20221120,2022-11-20 12:00:00,70.0,0.0,0.0,INDOOR,indoor_controlled_daily_values,NRG Stadium,29.6847,-95.4107,,,,70.0,70.0,70.0,,,,,,,,70.0
2022_REG_12_ATL_WSH_20221127,2022-11-27 12:00:00,,,,,station_lookup_error,Northwest Stadium,38.9078,-76.8644,,,,,,,,,,,,,,
2022_REG_12_BAL_JAX_20221127,2022-11-27 12:00:00,,,,,station_lookup_error,TIAA Bank Stadium,30.3239,-81.6373,,,,,,,,,,,,,,
2022_REG_12_BUF_DET_20221124,2022-11-24 12:00:00,70.0,0.0,0.0,INDOOR,indoor_controlled_daily_values,Ford Field,42.34,-83.0456,,,,70.0,70.0,70.0,,,,,,,,70.0
2022_REG_12_CHI_NYJ_20221127,2022-11-27 12:00:00,,,,,station_lookup_error,MetLife Stadium,40.8135,-74.0745,,,,,,,,,,,,,,
2022_REG_12_CIN_TEN_20221127,2022-11-27 12:00:00,,,,,station_lookup_error,Nissan Stadium,36.1665,-86.7713,,,,,,,,,,,,,,
2022_REG_12_DEN_CAR_20221127,2022-11-27 12:00:00,,,,,station_lookup_error,Bank of America Stadium,35.2258,-80.8528,,,,,,,,,,,,,,
2022_REG_12_GB_PHI_20221127,2022-11-27 12:00:00,,,,,station_lookup_error,Lincoln Financial Field,39.9008,-75.1675,,,,,,,,,,,,,,
2022_REG_12_HOU_MIA_20221127,2022-11-27 12:00:00,,,,,station_lookup_error,Hard Rock Stadium,25.958,-80.2389,,,,,,,,,,,,,,
2022_REG_12_LAC_ARI_20221127,2022-11-27 12:00:00,70.0,0.0,0.0,INDOOR,indoor_controlled_daily_values,State Farm Stadium,33.5276,-112.2626,,,,70.0,70.0,70.0,,,,,,,,70.0
2022_REG_12_LAR_KC_20221127,2022-11-27 12:00:00,,,,,station_lookup_error,Arrowhead Stadium,39.0489,-94.4839,,,,,,,,,,,,,,
2022_REG_12_LV_SEA_20221127,2022-11-27 12:00:00,,,,,station_lookup_error,Lumen Field,47.5952,-122.3316,,,,,,,,,,,,,,
2022_REG_12_NE_MIN_20221124,2022-11-24 12:00:00,70.0,0.0,0.0,INDOOR,indoor_controlled_daily_values,U.S. Bank Stadium,44.9738,-93.2575,,,,70.0,70.0,70.0,,,,,,,,70.0
2022_REG_12_NO_SF_20221127,2022-11-27 12:00:00,,,,,station_lookup_error,Levi's Stadium,37.403,-121.97,,,,,,,,,,,,,,
2022_REG_12_NYG_DAL_20221124,2022-11-24 12:00:00,70.0,0.0,0.0,INDOOR,indoor_controlled_daily_values,AT&T Stadium,32.7473,-97.0945,,,,70.0,70.0,70.0,,,,,,,,70.0
2022_REG_12_PIT_IND_20221128,2022-11-28 12:00:00,70.0,0.0,0.0,INDOOR,indoor_controlled_daily_values,Lucas Oil Stadium,39.7601,-86.1639,,,,70.0,70.0,70.0,,,,,,,,70.0
2022_REG_12_TB_CLE_20221127,2022-11-27 12:00:00,,,,,station_lookup_error,Huntington Bank Field,41.5061,-81.6995,,,,,,,,,,,,,,
2022_REG_13_BUF_NE_20221201,2022-12-01 12:00:00,,,,,station_lookup_error,Gillette Stadium,42.0909,-71.2643,,,,,,,,,,,,,,
2022_REG_13_CLE_HOU_20221204,2022-12-04 12:00:00,70.0,0.0,0.0,INDOOR,indoor_controlled_daily_values,NRG Stadium,29.6847,-95.4107,,,,70.0,70.0,70.0,,,,,,,,70.0
2022_REG_13_DEN_BAL_20221204,2022-12-04 12:00:00,,,,,station_lookup_error,M&T Bank Stadium,39.278,-76.6227,,,,,,,,,,,,,,
2022_REG_13_GB_CHI_20221204,2022-12-04 12:00:00,,,,,station_lookup_error,Soldier Field,41.8623,-87.6167,,,,,,,,,,,,,,
2022_REG_13_IND_DAL_20221204,2022-12-04 12:00:00,70.0,0.0,0.0,INDOOR,indoor_controlled_daily_values,AT&T Stadium,32.7473,-97.0945,,,,70.0,70.0,70.0,,,,,,,,70.0
2022_REG_13_JAX_DET_20221204,2022-12-04 12:00:00,70.0,0.0,0.0,INDOOR,indoor_controlled_daily_values,Ford Field,42.34,-83.0456,,,,70.0,70.0,70.0,,,,,,,,70.0
2022_REG_13_KC_CIN_20221204,2022-12-04 12:00:00,,,,,station_lookup_error,Paycor Stadium,39.0955,-84.516,,,,,,,,,,,,,,
2022_REG_13_LAC_LV_20221204,2022-12-04 12:00:00,70.0,0.0,0.0,INDOOR,indoor_controlled_daily_values,Allegiant Stadium,36.0908,-115.183,,,,70.0,70.0,70.0,,,,,,,,70.0
2022_REG_13_MIA_SF_20221204,2022-12-04 12:00:00,,,,,station_lookup_error,Levi's Stadium,37.403,-121.97,,,,,,,,,,,,,,
2022_REG_13_NO_TB_20221205,2022-12-05 12:00:00,,,,,station_lookup_error,Raymond James Stadium,27.9759,-82.5033,,,,,,,,,,,,,,
2022_REG_13_NYJ_MIN_20221204,2022-12-04 12:00:00,70.0,0.0,0.0,INDOOR,indoor_controlled_daily_values,U.S. Bank Stadium,44.9738,-93.2575,,,,70.0,70.0,70.0,,,,,,,,70.0
2022_REG_13_PIT_ATL_20221204,2022-12-04 12:00:00,70.0,0.0,0.0,INDOOR,indoor_controlled_daily_values,Mercedes-Benz Stadium,33.7554,-84.4009,,,,70.0,70.0,70.0,,,,,,,,70.0
2022_REG_13_SEA_LAR_20221204,2022-12-04 12:00:00,70.0,0.0,0.0,INDOOR,indoor_controlled_daily_values,SoFi Stadium,33.9535,-118.3392,,,,70.0,70.0,70.0,,,,,,,,70.0
2022_REG_13_TEN_PHI_20221204,2022-12-04 12:00:00,,,,,station_lookup_error,Lincoln Financial Field,39.9008,-75.1675,,,,,,,,,,,,,,
2022_REG_13_WSH_NYG_20221204,2022-12-04 12:00:00,,,,,station_lookup_error,MetLife Stadium,40.8135,-74.0745,,,,,,,,,,,,,,
2022_REG_14_BAL_PIT_20221211,2022-12-11 12:00:00,,,,,station_lookup_error,Acrisure Stadium,40.4468,-80.0158,,,,,,,,,,,,,,
2022_REG_14_CAR_SEA_20221211,2022-12-11 12:00:00,,,,,station_lookup_error,Lumen Field,47.5952,-122.3316,,,,,,,,,,,,,,
2022_REG_14_CLE_CIN_20221211,2022-12-11 12:00:00,,,,,station_lookup_error,Paycor Stadium,39.0955,-84.516,,,,,,,,,,,,,,
2022_REG_14_HOU_DAL_20221211,2022-12-11 12:00:00,70.0,0.0,0.0,INDOOR,indoor_controlled_daily_values,AT&T Stadium,32.7473,-97.0945,,,,70.0,70.0,70.0,,,,,,,,70.0
2022_REG_14_JAX_TEN_20221211,2022-12-11 12:00:00,,,,,station_lookup_error,Nissan Stadium,36.1665,-86.7713,,,,,,,,,,,,,,
2022_REG_14_KC_DEN_20221211,2022-12-11 12:00:00,,,,,station_lookup_error,Empower Field at Mile High,39.7439,-105.0201,,,,,,,,,,,,,,
2022_REG_14_LV_LAR_20221208,2022-12-08 12:00:00,70.0,0.0,0.0,INDOOR,indoor_controlled_daily_values,SoFi Stadium,33.9535,-118.3392,,,,70.0,70.0,70.0,,,,,,,,70.0
2022_REG_14_MIA_LAC_20221211,2022-12-11 12:00:00,70.0,0.0,0.0,INDOOR,indoor_controlled_daily_values,SoFi Stadium,33.9535,-118.3392,,,,70.0,70.0,70.0,,,,,,,,70.0
2022_REG_14_MIN_DET_20221211,2022-12-11 12:00:00,70.0,0.0,0.0,INDOOR,indoor_controlled_daily_values,Ford Field,42.34,-83.0456,,,,70.0,70.0,70.0,,,,,,,,70.0
2022_REG_14_NE_ARI_20221212,2022-12-12 12:00:00,70.0,0.0,0.0,INDOOR,indoor_controlled_daily_values,State Farm Stadium,33.5276,-112.2626,,,,70.0,70.0,70.0,,,,,,,,70.0
2022_REG_14_NYJ_BUF_20221211,2022-12-11 12:00:00,,,,,station_lookup_error,Highmark Stadium,42.7738,-78.7868,,,,,,,,,,,,,,
2022_REG_14_PHI_NYG_20221211,2022-12-11 12:00:00,,,,,station_lookup_error,MetLife Stadium,40.8135,-74.0745,,,,,,,,,,,,,,
2022_REG_14_TB_SF_20221211,2022-12-11 12:00:00,,,,,station_lookup_error,Levi's Stadium,37.403,-121.97,,,,,,,,,,,,,,
2022_REG_15_ARI_DEN_20221218,2022-12-18 12:00:00,,,,,station_lookup_error,Empower Field at Mile High,39.7439,-105.0201,,,,,,,,,,,,,,
2022_REG_15_ATL_NO_20221218,2022-12-18 12:00:00,70.0,0.0,0.0,INDOOR,indoor_controlled_daily_values,Caesars Superdome,29.9511,-90.0812,,,,70.0,70.0,70.0,,,,,,,,70.0
2022_REG_15_BAL_CLE_20221217,2022-12-17 12:00:00,,,,,station_lookup_error,Huntington Bank Field,41.5061,-81.6995,,,,,,,,,,,,,,
2022_REG_15_CIN_TB_20221218,2022-12-18 12:00:00,,,,,station_lookup_error,Raymond James Stadium,27.9759,-82.5033,,,,,,,,,,,,,,
2022_REG_15_DAL_JAX_20221218,2022-12-18 12:00:00,,,,,station_lookup_error,TIAA Bank Stadium,30.3239,-81.6373,,,,,,,,,,,,,,
2022_REG_15_DET_NYJ_20221218,2022-12-18 12:00:00,,,,,station_lookup_error,MetLife Stadium,40.8135,-74.0745,,,,,,,,,,,,,,
2022_REG_15_IND_MIN_20221217,2022-12-17 12:00:00,70.0,0.0,0.0,INDOOR,indoor_controlled_daily_values,U.S. Bank Stadium,44.9738,-93.2575,,,,70.0,70.0,70.0,,,,,,,,70.0
2022_REG_15_KC_HOU_20221218,2022-12-18 12:00:00,70.0,0.0,0.0,INDOOR,indoor_controlled_daily_values,NRG Stadium,29.6847,-95.4107,,,,70.0,70.0,70.0,,,,,,,,70.0
2022_REG_15_LAR_GB_20221219,2022-12-19 12:00:00,,,,,station_lookup_error,Lambeau Field,44.5013,-88.0622,,,,,,,,,,,,,,
2022_REG_15_MIA_BUF_20221217,2022-12-17 12:00:00,,,,,station_lookup_error,Highmark Stadium,42.7738,-78.7868,,,,,,,,,,,,,,
2022_REG_15_NE_LV_20221218,2022-12-18 12:00:00,70.0,0.0,0.0,INDOOR,indoor_controlled_daily_values,Allegiant Stadium,36.0908,-115.183,,,,70.0,70.0,70.0,,,,,,,,70.0
2022_REG_15_NYG_WSH_20221218,2022-12-18 12:00:00,,,,,station_lookup_error,Northwest Stadium,38.9078,-76.8644,,,,,,,,,,,,,,
2022_REG_15_PHI_CHI_20221218,2022-12-18 12:00:00,,,,,station_lookup_error,Soldier Field,41.8623,-87.6167,,,,,,,,,,,,,,
2022_REG_15_PIT_CAR_20221218,2022-12-18 12:00:00,,,,,station_lookup_error,Bank of America Stadium,35.2258,-80.8528,,,,,,,,,,,,,,
2022_REG_15_SF_SEA_20221215,2022-12-15 12:00:00,,,,,station_lookup_error,Lumen Field,47.5952,-122.3316,,,,,,,,,,,,,,
2022_REG_15_TEN_LAC_20221218,2022-12-18 12:00:00,70.0,0.0,0.0,INDOOR,indoor_controlled_daily_values,SoFi Stadium,33.9535,-118.3392,,,,70.0,70.0,70.0,,,,,,,,70.0
2022_REG_16_ATL_BAL_20221224,2022-12-24 12:00:00,,,,,station_lookup_error,M&T Bank Stadium,39.278,-76.6227,,,,,,,,,,,,,,
2022_REG_16_BUF_CHI_20221224,2022-12-24 12:00:00,,,,,station_lookup_error,Soldier Field,41.8623,-87.6167,,,,,,,,,,,,,,
2022_REG_16_CIN_NE_20221224,2022-12-24 12:00:00,,,,,station_lookup_error,Gillette Stadium,42.0909,-71.2643,,,,,,,,,,,,,,
2022_REG_16_DEN_LAR_20221225,2022-12-25 12:00:00,70.0,0.0,0.0,INDOOR,indoor_controlled_daily_values,SoFi Stadium,33.9535,-118.3392,,,,70.0,70.0,70.0,,,,,,,,70.0
2022_REG_16_DET_CAR_20221224,2022-12-24 12:00:00,,,,,station_lookup_error,Bank of America Stadium,35.2258,-80.8528,,,,,,,,,,,,,,
2022_REG_16_GB_MIA_20221225,2022-12-25 12:00:00,,,,,station_lookup_error,Hard Rock Stadium,25.958,-80.2389,,,,,,,,,,,,,,
2022_REG_16_HOU_TEN_20221224,2022-12-24 12:00:00,,,,,station_lookup_error,Nissan Stadium,36.1665,-86.7713,,,,,,,,,,,,,,
2022_REG_16_JAX_NYJ_20221222,2022-12-22 12:00:00,,,,,station_lookup_error,MetLife Stadium,40.8135,-74.0745,,,,,,,,,,,,,,
2022_REG_16_LAC_IND_20221226,2022-12-26 12:00:00,70.0,0.0,0.0,INDOOR,indoor_controlled_daily_values,Lucas Oil Stadium,39.7601,-86.1639,,,,70.0,70.0,70.0,,,,,,,,70.0
2022_REG_16_LV_PIT_20221224,2022-12-24 12:00:00,,,,,station_lookup_error,Acrisure Stadium,40.4468,-80.0158,,,,,,,,,,,,,,
2022_REG_16_NO_CLE_20221224,2022-12-24 12:00:00,,,,,station_lookup_error,Huntington Bank Field,41.5061,-81.6995,,,,,,,,,,,,,,
2022_REG_16_NYG_MIN_20221224,2022-12-24 12:00:00,70.0,0.0,0.0,INDOOR,indoor_controlled_daily_values,U.S. Bank Stadium,44.9738,-93.2575,,,,70.0,70.0,70.0,,,,,,,,70.0
2022_REG_16_PHI_DAL_20221224,2022-12-24 12:00:00,70.0,0.0,0.0,INDOOR,indoor_controlled_daily_values,AT&T Stadium,32.7473,-97.0945,,,,70.0,70.0,70.0,,,,,,,,70.0
2022_REG_16_SEA_KC_20221224,2022-12-24 12:00:00,,,,,station_lookup_error,Arrowhead Stadium,39.0489,-94.4839,,,,,,,,,,,,,,
2022_REG_16_TB_ARI_20221225,2022-12-25 12:00:00,70.0,0.0,0.0,INDOOR,indoor_controlled_daily_values,State Farm Stadium,33.5276,-112.2626,,,,70.0,70.0,70.0,,,,,,,,70.0
2022_REG_16_WSH_SF_20221224,2022-12-24 12:00:00,,,,,station_lookup_error,Levi's Stadium,37.403,-121.97,,,,,,,,,,,,,,
2022_REG_17_ARI_ATL_20230101,2023-01-01 12:00:00,70.0,0.0,0.0,INDOOR,indoor_controlled_daily_values,Mercedes-Benz Stadium,33.7554,-84.4009,,,,70.0,70.0,70.0,,,,,,,,70.0
2022_REG_17_CAR_TB_20230101,2023-01-01 12:00:00,,,,,station_lookup_error,Raymond James Stadium,27.9759,-82.5033,,,,,,,,,,,,,,
2022_REG_17_CHI_DET_20230101,2023-01-01 12:00:00,70.0,0.0,0.0,INDOOR,indoor_controlled_daily_values,Ford Field,42.34,-83.0456,,,,70.0,70.0,70.0,,,,,,,,70.0
2022_REG_17_CLE_WSH_20230101,2023-01-01 12:00:00,,,,,station_lookup_error,Northwest Stadium,38.9078,-76.8644,,,,,,,,,,,,,,
2022_REG_17_DAL_TEN_20221229,2022-12-29 12:00:00,,,,,station_lookup_error,Nissan Stadium,36.1665,-86.7713,,,,,,,,,,,,,,
2022_REG_17_DEN_KC_20230101,2023-01-01 12:00:00,,,,,station_lookup_error,Arrowhead Stadium,39.0489,-94.4839,,,,,,,,,,,,,,
2022_REG_17_IND_NYG_20230101,2023-01-01 12:00:00,,,,,station_lookup_error,MetLife Stadium,40.8135,-74.0745,,,,,,,,,,,,,,
2022_REG_17_JAX_HOU_20230101,2023-01-01 12:00:00,70.0,0.0,0.0,INDOOR,indoor_controlled_daily_values,NRG Stadium,29.6847,-95.4107,,,,70.0,70.0,70.0,,,,,,,,70.0
2022_REG_17_LAR_LAC_20230101,2023-01-01 12:00:00,70.0,0.0,0.0,INDOOR,indoor_controlled_daily_values,SoFi Stadium,33.9535,-118.3392,,,,70.0,70.0,70.0,,,,,,,,70.0
2022_REG_17_MIA_NE_20230101,2023-01-01 12:00:00,,,,,station_lookup_error,Gillette Stadium,42.0909,-71.2643,,,,,,,,,,,,,,
2022_REG_17_MIN_GB_20230101,2023-01-01 12:00:00,,,,,station_lookup_error,Lambeau Field,44.5013,-88.0622,,,,,,,,,,,,,,
2022_REG_17_NO_PHI_20230101,2023-01-01 12:00:00,,,,,station_lookup_error,Lincoln Financial Field,39.9008,-75.1675,,,,,,,,,,,,,,
2022_REG_17_NYJ_SEA_20230101,2023-01-01 12:00:00,,,,,station_lookup_error,Lumen Field,47.5952,-122.3316,,,,,,,,,,,,,,
2022_REG_17_PIT_BAL_20230101,2023-01-01 12:00:00,,,,,station_lookup_error,M&T Bank Stadium,39.278,-76.6227,,,,,,,,,,,,,,
2022_REG_17_SF_LV_20230101,2023-01-01 12:00:00,70.0,0.0,0.0,INDOOR,indoor_controlled_daily_values,Allegiant Stadium,36.0908,-115.183,,,,70.0,70.0,70.0,,,,,,,,70.0
2022_REG_18_ARI_SF_20230108,2023-01-08 12:00:00,,,,,station_lookup_error,Levi's Stadium,37.403,-121.97,,,,,,,,,,,,,,
2022_REG_18_BAL_CIN_20230108,2023-01-08 12:00:00,,,,,station_lookup_error,Paycor Stadium,39.0955,-84.516,,,,,,,,,,,,,,
2022_REG_18_CAR_NO_20230108,2023-01-08 12:00:00,70.0,0.0,0.0,INDOOR,indoor_controlled_daily_values,Caesars Superdome,29.9511,-90.0812,,,,70.0,70.0,70.0,,,,,,,,70.0
2022_REG_18_CLE_PIT_20230108,2023-01-08 12:00:00,,,,,station_lookup_error,Acrisure Stadium,40.4468,-80.0158,,,,,,,,,,,,,,
2022_REG_18_DAL_WSH_20230108,2023-01-08 12:00:00,,,,,station_lookup_error,Northwest Stadium,38.9078,-76.8644,,,,,,,,,,,,,,
2022_REG_18_DET_GB_20230108,2023-01-08 12:00:00,,,,,station_lookup_error,Lambeau Field,44.5013,-88.0622,,,,,,,,,,,,,,
2022_REG_18_HOU_IND_20230108,2023-01-08 12:00:00,70.0,0.0,0.0,INDOOR,indoor_controlled_daily_values,Lucas Oil Stadium,39.7601,-86.1639,,,,70.0,70.0,70.0,,,,,,,,70.0
2022_REG_18_KC_LV_20230107,2023-01-07 12:00:00,70.0,0.0,0.0,INDOOR,indoor_controlled_daily_values,Allegiant Stadium,36.0908,-115.183,,,,70.0,70.0,70.0,,,,,,,,70.0
2022_REG_18_LAC_DEN_20230108,2023-01-08 12:00:00,,,,,station_lookup_error,Empower Field at Mile High,39.7439,-105.0201,,,,,,,,,,,,,,
2022_REG_18_LAR_SEA_20230108,2023-01-08 12:00:00,,,,,station_lookup_error,Lumen Field,47.5952,-122.3316,,,,,,,,,,,,,,
2022_REG_18_MIN_CHI_20230108,2023-01-08 12:00:00,,,,,station_lookup_error,Soldier Field,41.8623,-87.6167,,,,,,,,,,,,,,
2022_REG_18_NE_BUF_20230108,2023-01-08 12:00:00,,,,,station_lookup_error,Highmark Stadium,42.7738,-78.7868,,,,,,,,,,,,,,
2022_REG_18_NYG_PHI_20230108,2023-01-08 12:00:00,,,,,station_lookup_error,Lincoln Financial Field,39.9008,-75.1675,,,,,,,,,,,,,,
2022_REG_18_NYJ_MIA_20230108,2023-01-08 12:00:00,,,,,station_lookup_error,Hard Rock Stadium,25.958,-80.2389,,,,,,,,,,,,,,
2022_REG_18_TB_ATL_20230108,2023-01-08 12:00:00,70.0,0.0,0.0,INDOOR,indoor_controlled_daily_values,Mercedes-Benz Stadium,33.7554,-84.4009,,,,70.0,70.0,70.0,,,,,,,,70.0
2022_REG_18_TEN_JAX_20230107,2023-01-07 12:00:00,,,,,station_lookup_error,TIAA Bank Stadium,30.3239,-81.6373,,,,,,,,,,,,,,
2022_POST_19_BAL_CIN_20230115,2023-01-15 12:00:00,,,,,station_lookup_error,Paycor Stadium,39.0955,-84.516,,,,,,,,,,,,,,
2022_POST_19_DAL_TB_20230116,2023-01-16 12:00:00,,,,,station_lookup_error,Raymond James Stadium,27.9759,-82.5033,,,,,,,,,,,,,,
2022_POST_19_LAC_JAX_20230114,2023-01-14 12:00:00,,,,,station_lookup_error,TIAA Bank Stadium,30.3239,-81.6373,,,,,,,,,,,,,,
2022_POST_19_MIA_BUF_20230115,2023-01-15 12:00:00,,,,,station_lookup_error,Highmark Stadium,42.7738,-78.7868,,,,,,,,,,,,,,
2022_POST_19_NYG_MIN_20230115,2023-01-15 12:00:00,70.0,0.0,0.0,INDOOR,indoor_controlled_daily_values,U.S. Bank Stadium,44.9738,-93.2575,,,,70.0,70.0,70.0,,,,,,,,70.0
2022_POST_19_SEA_SF_20230114,2023-01-14 12:00:00,,,,,station_lookup_error,Levi's Stadium,37.403,-121.97,,,,,,,,,,,,,,
2022_POST_20_CIN_BUF_20230122,2023-01-22 12:00:00,,,,,station_lookup_error,Highmark Stadium,42.7738,-78.7868,,,,,,,,,,,,,,
2022_POST_20_DAL_SF_20230122,2023-01-22 12:00:00,,,,,station_lookup_error,Levi's Stadium,37.403,-121.97,,,,,,,,,,,,,,
2022_POST_20_JAX_KC_20230121,2023-01-21 12:00:00,,,,,station_lookup_error,Arrowhead Stadium,39.0489,-94.4839,,,,,,,,,,,,,,
2022_POST_20_NYG_PHI_20230121,2023-01-21 12:00:00,,,,,station_lookup_error,Lincoln Financial Field,39.9008,-75.1675,,,,,,,,,,,,,,
2022_CON_21_CIN_KC_20230129,2023-01-29 12:00:00,,,,,station_lookup_error,Arrowhead Stadium,39.0489,-94.4839,,,,,,,,,,,,,,
2022_CON_21_SF_PHI_20230129,2023-01-29 12:00:00,,,,,station_lookup_error,Lincoln Financial Field,39.9008,-75.1675,,,,,,,,,,,,,,
2022_POST_22_KC_PHI_20230212,2023-02-12 12:00:00,70.0,0.0,0.0,INDOOR,indoor_controlled_daily_values,State Farm Stadium,33.5276,-112.2626,,,,70.0,70.0,70.0,,,,,,,,70.0
2023_REG_01_ARI_WSH_20230910,2023-09-10 12:00:00,,,,,station_lookup_error,Northwest Stadium,38.9078,-76.8644,,,,,,,,,,,,,,
2023_REG_01_BUF_NYJ_20230911,2023-09-11 12:00:00,,,,,station_lookup_error,MetLife Stadium,40.8135,-74.0745,,,,,,,,,,,,,,
2023_REG_01_CAR_ATL_20230910,2023-09-10 12:00:00,70.0,0.0,0.0,INDOOR,indoor_controlled_daily_values,Mercedes-Benz Stadium,33.7554,-84.4009,,,,70.0,70.0,70.0,,,,,,,,70.0
2023_REG_01_CIN_CLE_20230910,2023-09-10 12:00:00,,,,,station_lookup_error,Huntington Bank Field,41.5061,-81.6995,,,,,,,,,,,,,,
2023_REG_01_DAL_NYG_20230910,2023-09-10 12:00:00,,,,,station_lookup_error,MetLife Stadium,40.8135,-74.0745,,,,,,,,,,,,,,
2023_REG_01_DET_KC_20230907,2023-09-07 12:00:00,,,,,station_lookup_error,Arrowhead Stadium,39.0489,-94.4839,,,,,,,,,,,,,,
2023_REG_01_GB_CHI_20230910,2023-09-10 12:00:00,,,,,station_lookup_error,Soldier Field,41.8623,-87.6167,,,,,,,,,,,,,,
2023_REG_01_HOU_BAL_20230910,2023-09-10 12:00:00,,,,,station_lookup_error,M&T Bank Stadium,39.278,-76.6227,,,,,,,,,,,,,,
2023_REG_01_JAX_IND_20230910,2023-09-10 12:00:00,70.0,0.0,0.0,INDOOR,indoor_controlled_daily_values,Lucas Oil Stadium,39.7601,-86.1639,,,,70.0,70.0,70.0,,,,,,,,70.0
2023_REG_01_LAR_SEA_20230910,2023-09-10 12:00:00,,,,,station_lookup_error,Lumen Field,47.5952,-122.3316,,,,,,,,,,,,,,
2023_REG_01_LV_DEN_20230910,2023-09-10 12:00:00,,,,,station_lookup_error,Empower Field at Mile High,39.7439,-105.0201,,,,,,,,,,,,,,
2023_REG_01_MIA_LAC_20230910,2023-09-10 12:00:00,70.0,0.0,0.0,INDOOR,indoor_controlled_daily_values,SoFi Stadium,33.9535,-118.3392,,,,70.0,70.0,70.0,,,,,,,,70.0
2023_REG_01_PHI_NE_20230910,2023-09-10 12:00:00,,,,,station_lookup_error,Gillette Stadium,42.0909,-71.2643,,,,,,,,,,,,,,
2023_REG_01_SF_PIT_20230910,2023-09-10 12:00:00,,,,,station_lookup_error,Acrisure Stadium,40.4468,-80.0158,,,,,,,,,,,,,,
2023_REG_01_TB_MIN_20230910,2023-09-10 12:00:00,70.0,0.0,0.0,INDOOR,indoor_controlled_daily_values,U.S. Bank Stadium,44.9738,-93.2575,,,,70.0,70.0,70.0,,,,,,,,70.0
2023_REG_01_TEN_NO_20230910,2023-09-10 12:00:00,70.0,0.0,0.0,INDOOR,indoor_controlled_daily_values,Caesars Superdome,29.9511,-90.0812,,,,70.0,70.0,70.0,,,,,,,,70.0
2023_REG_02_BAL_CIN_20230917,2023-09-17 12:00:00,,,,,station_lookup_error,Paycor Stadium,39.0955,-84.516,,,,,,,,,,,,,,
2023_REG_02_CHI_TB_20230917,2023-09-17 12:00:00,,,,,station_lookup_error,Raymond James Stadium,27.9759,-82.5033,,,,,,,,,,,,,,
2023_REG_02_CLE_PIT_20230918,2023-09-18 12:00:00,,,,,station_lookup_error,Acrisure Stadium,40.4468,-80.0158,,,,,,,,,,,,,,
2023_REG_02_GB_ATL_20230917,2023-09-17 12:00:00,70.0,0.0,0.0,INDOOR,indoor_controlled_daily_values,Mercedes-Benz Stadium,33.7554,-84.4009,,,,70.0,70.0,70.0,,,,,,,,70.0
2023_REG_02_IND_HOU_20230917,2023-09-17 12:00:00,70.0,0.0,0.0,INDOOR,indoor_controlled_daily_values,NRG Stadium,29.6847,-95.4107,,,,70.0,70.0,70.0,,,,,,,,70.0
2023_REG_02_KC_JAX_20230917,2023-09-17 12:00:00,,,,,station_lookup_error,TIAA Bank Stadium,30.3239,-81.6373,,,,,,,,,,,,,,
2023_REG_02_LAC_TEN_20230917,2023-09-17 12:00:00,,,,,station_lookup_error,Nissan Stadium,36.1665,-86.7713,,,,,,,,,,,,,,
2023_REG_02_LV_BUF_20230917,2023-09-17 12:00:00,,,,,station_lookup_error,Highmark Stadium,42.7738,-78.7868,,,,,,,,,,,,,,
2023_REG_02_MIA_NE_20230917,2023-09-17 12:00:00,,,,,station_lookup_error,Gillette Stadium,42.0909,-71.2643,,,,,,,,,,,,,,
2023_REG_02_MIN_PHI_20230914,2023-09-14 12:00:00,,,,,station_lookup_error,Lincoln Financial Field,39.9008,-75.1675,,,,,,,,,,,,,,
2023_REG_02_NO_CAR_20230918,2023-09-18 12:00:00,,,,,station_lookup_error,Bank of America Stadium,35.2258,-80.8528,,,,,,,,,,,,,,
2023_REG_02_NYG_ARI_20230917,2023-09-17 12:00:00,70.0,0.0,0.0,INDOOR,indoor_controlled_daily_values,State Farm Stadium,33.5276,-112.2626,,,,70.0,70.0,70.0,,,,,,,,70.0
2023_REG_02_NYJ_DAL_20230917,2023-09-17 12:00:00,70.0,0.0,0.0,INDOOR,indoor_controlled_daily_values,AT&T Stadium,32.7473,-97.0945,,,,70.0,70.0,70.0,,,,,,,,70.0
2023_REG_02_SEA_DET_20230917,2023-09-17 12:00:00,70.0,0.0,0.0,INDOOR,indoor_controlled_daily_values,Ford Field,42.34,-83.0456,,,,70.0,70.0,70.0,,,,,,,,70.0
2023_REG_02_SF_LAR_20230917,2023-09-17 12:00:00,70.0,0.0,0.0,INDOOR,indoor_controlled_daily_values,SoFi Stadium,33.9535,-118.3392,,,,70.0,70.0,70.0,,,,,,,,70.0
2023_REG_02_WSH_DEN_20230917,2023-09-17 12:00:00,,,,,station_lookup_error,Empower Field at Mile High,39.7439,-105.0201,,,,,,,,,,,,,,
2023_REG_03_ATL_DET_20230924,2023-09-24 12:00:00,70.0,0.0,0.0,INDOOR,indoor_controlled_daily_values,Ford Field,42.34,-83.0456,,,,70.0,70.0,70.0,,,,,,,,70.0
2023_REG_03_BUF_WSH_20230924,2023-09-24 12:00:00,,,,,station_lookup_error,Northwest Stadium,38.9078,-76.8644,,,,,,,,,,,,,,
2023_REG_03_CAR_SEA_20230924,2023-09-24 12:00:00,,,,,station_lookup_error,Lumen Field,47.5952,-122.3316,,,,,,,,,,,,,,
2023_REG_03_CHI_KC_20230924,2023-09-24 12:00:00,,,,,station_lookup_error,Arrowhead Stadium,39.0489,-94.4839,,,,,,,,,,,,,,
2023_REG_03_DAL_ARI_20230924,2023-09-24 12:00:00,70.0,0.0,0.0,INDOOR,indoor_controlled_daily_values,State Farm Stadium,33.5276,-112.2626,,,,70.0,70.0,70.0,,,,,,,,70.0
2023_REG_03_DEN_MIA_20230924,2023-09-24 12:00:00,,,,,station_lookup_error,Hard Rock Stadium,25.958,-80.2389,,,,,,,,,,,,,,
2023_REG_03_HOU_JAX_20230924,2023-09-24 12:00:00,,,,,station_lookup_error,TIAA Bank Stadium,30.3239,-81.6373,,,,,,,,,,,,,,
2023_REG_03_IND_BAL_20230924,2023-09-24 12:00:00,,,,,station_lookup_error,M&T Bank Stadium,39.278,-76.6227,,,,,,,,,,,,,,
2023_REG_03_LAC_MIN_20230924,2023-09-24 12:00:00,70.0,0.0,0.0,INDOOR,indoor_controlled_daily_values,U.S. Bank Stadium,44.9738,-93.2575,,,,70.0,70.0,70.0,,,,,,,,70.0
2023_REG_03_LAR_CIN_20230925,2023-09-25 12:00:00,,,,,station_lookup_error,Paycor Stadium,39.0955,-84.516,,,,,,,,,,,,,,
2023_REG_03_NE_NYJ_20230924,2023-09-24 12:00:00,,,,,station_lookup_error,MetLife Stadium,40.8135,-74.0745,,,,,,,,,,,,,,
2023_REG_03_NO_GB_20230924,2023-09-24 12:00:00,,,,,station_lookup_error,Lambeau Field,44.5013,-88.0622,,,,,,,,,,,,,,
2023_REG_03_NYG_SF_20230921,2023-09-21 12:00:00,,,,,station_lookup_error,Levi's Stadium,37.403,-121.97,,,,,,,,,,,,,,
2023_REG_03_PHI_TB_20230925,2023-09-25 12:00:00,,,,,station_lookup_error,Raymond James Stadium,27.9759,-82.5033,,,,,,,,,,,,,,
2023_REG_03_PIT_LV_20230924,2023-09-24 12:00:00,70.0,0.0,0.0,INDOOR,indoor_controlled_daily_values,Allegiant Stadium,36.0908,-115.183,,,,70.0,70.0,70.0,,,,,,,,70.0
2023_REG_03_TEN_CLE_20230924,2023-09-24 12:00:00,,,,,station_lookup_error,Huntington Bank Field,41.5061,-81.6995,,,,,,,,,,,,,,
2023_REG_04_ARI_SF_20231001,2023-10-01 12:00:00,,,,,station_lookup_error,Levi's Stadium,37.403,-121.97,,,,,,,,,,,,,,
2023_REG_04_ATL_JAX_20231001,2023-10-01 12:00:00,,,,,station_lookup_error,Wembley Stadium,51.556,-0.2796,,,,,,,,,,,,,,
2023_REG_04_BAL_CLE_20231001,2023-10-01 12:00:00,,,,,station_lookup_error,Huntington Bank Field,41.5061,-81.6995,,,,,,,,,,,,,,
2023_REG_04_CIN_TEN_20231001,2023-10-01 12:00:00,,,,,station_lookup_error,Nissan Stadium,36.1665,-86.7713,,,,,,,,,,,,,,
2023_REG_04_DEN_CHI_20231001,2023-10-01 12:00:00,,,,,station_lookup_error,Soldier Field,41.8623,-87.6167,,,,,,,,,,,,,,
2023_REG_04_DET_GB_20230928,2023-09-28 12:00:00,,,,,station_lookup_error,Lambeau Field,44.5013,-88.0622,,,,,,,,,,,,,,
2023_REG_04_KC_NYJ_20231001,2023-10-01 12:00:00,,,,,station_lookup_error,MetLife Stadium,40.8135,-74.0745,,,,,,,,,,,,,,
2023_REG_04_LAR_IND_20231001,2023-10-01 12:00:00,70.0,0.0,0.0,INDOOR,indoor_controlled_daily_values,Lucas Oil Stadium,39.7601,-86.1639,,,,70.0,70.0,70.0,,,,,,,,70.0
2023_REG_04_LV_LAC_20231001,2023-10-01 12:00:00,70.0,0.0,0.0,INDOOR,indoor_controlled_daily_values,SoFi Stadium,33.9535,-118.3392,,,,70.0,70.0,70.0,,,,,,,,70.0
2023_REG_04_MIA_BUF_20231001,2023-10-01 12:00:00,,,,,station_lookup_error,Highmark Stadium,42.7738,-78.7868,,,,,,,,,,,,,,
2023_REG_04_MIN_CAR_20231001,2023-10-01 12:00:00,,,,,station_lookup_error,Bank of America Stadium,35.2258,-80.8528,,,,,,,,,,,,,,
2023_REG_04_NE_DAL_20231001,2023-10-01 12:00:00,70.0,0.0,0.0,INDOOR,indoor_controlled_daily_values,AT&T Stadium,32.7473,-97.0945,,,,70.0,70.0,70.0,,,,,,,,70.0
2023_REG_04_PIT_HOU_20231001,2023-10-01 12:00:00,70.0,0.0,0.0,INDOOR,indoor_controlled_daily_values,NRG Stadium,29.6847,-95.4107,,,,70.0,70.0,70.0,,,,,,,,70.0
2023_REG_04_SEA_NYG_20231002,2023-10-02 12:00:00,,,,,station_lookup_error,MetLife Stadium,40.8135,-74.0745,,,,,,,,,,,,,,
2023_REG_04_TB_NO_20231001,2023-10-01 12:00:00,70.0,0.0,0.0,INDOOR,indoor_controlled_daily_values,Caesars Superdome,29.9511,-90.0812,,,,70.0,70.0,70.0,,,,,,,,70.0
2023_REG_04_WSH_PHI_20231001,2023-10-01 12:00:00,,,,,station_lookup_error,Lincoln Financial Field,39.9008,-75.1675,,,,,,,,,,,,,,
2023_REG_05_BAL_PIT_20231008,2023-10-08 12:00:00,,,,,station_lookup_error,Acrisure Stadium,40.4468,-80.0158,,,,,,,,,,,,,,
2023_REG_05_CAR_DET_20231008,2023-10-08 12:00:00,70.0,0.0,0.0,INDOOR,indoor_controlled_daily_values,Ford Field,42.34,-83.0456,,,,70.0,70.0,70.0,,,,,,,,70.0
2023_REG_05_CHI_WSH_20231005,2023-10-05 12:00:00,,,,,station_lookup_error,Northwest Stadium,38.9078,-76.8644,,,,,,,,,,,,,,
2023_REG_05_CIN_ARI_20231008,2023-10-08 12:00:00,70.0,0.0,0.0,INDOOR,indoor_controlled_daily_values,State Farm Stadium,33.5276,-112.2626,,,,70.0,70.0,70.0,,,,,,,,70.0
2023_REG_05_DAL_SF_20231008,2023-10-08 12:00:00,,,,,station_lookup_error,Levi's Stadium,37.403,-121.97,,,,,,,,,,,,,,
2023_REG_05_GB_LV_20231009,2023-10-09 12:00:00,70.0,0.0,0.0,INDOOR,indoor_controlled_daily_values,Allegiant Stadium,36.0908,-115.183,,,,70.0,70.0,70.0,,,,,,,,70.0
2023_REG_05_HOU_ATL_20231008,2023-10-08 12:00:00,70.0,0.0,0.0,INDOOR,indoor_controlled_daily_values,Mercedes-Benz Stadium,33.7554,-84.4009,,,,70.0,70.0,70.0,,,,,,,,70.0
2023_REG_05_JAX_BUF_20231008,2023-10-08 12:00:00,,,,,station_lookup_error,Tottenham Hotspur Stadium,51.6043,-0.0664,,,,,,,,,,,,,,
2023_REG_05_KC_MIN_20231008,2023-10-08 12:00:00,70.0,0.0,0.0,INDOOR,indoor_controlled_daily_values,U.S. Bank Stadium,44.9738,-93.2575,,,,70.0,70.0,70.0,,,,,,,,70.0
2023_REG_05_NO_NE_20231008,2023-10-08 12:00:00,,,,,station_lookup_error,Gillette Stadium,42.0909,-71.2643,,,,,,,,,,,,,,
2023_REG_05_NYG_MIA_20231008,2023-10-08 12:00:00,,,,,station_lookup_error,Hard Rock Stadium,25.958,-80.2389,,,,,,,,,,,,,,
2023_REG_05_NYJ_DEN_20231008,2023-10-08 12:00:00,,,,,station_lookup_error,Empower Field at Mile High,39.7439,-105.0201,,,,,,,,,,,,,,
2023_REG_05_PHI_LAR_20231008,2023-10-08 12:00:00,70.0,0.0,0.0,INDOOR,indoor_controlled_daily_values,SoFi Stadium,33.9535,-118.3392,,,,70.0,70.0,70.0,,,,,,,,70.0
2023_REG_05_TEN_IND_20231008,2023-10-08 12:00:00,70.0,0.0,0.0,INDOOR,indoor_controlled_daily_values,Lucas Oil Stadium,39.7601,-86.1639,,,,70.0,70.0,70.0,,,,,,,,70.0
2023_REG_06_ARI_LAR_20231015,2023-10-15 12:00:00,70.0,0.0,0.0,INDOOR,indoor_controlled_daily_values,SoFi Stadium,33.9535,-118.3392,,,,70.0,70.0,70.0,,,,,,,,70.0
2023_REG_06_BAL_TEN_20231015,2023-10-15 12:00:00,,,,,station_lookup_error,Tottenham Hotspur Stadium,51.6043,-0.0664,,,,,,,,,,,,,,
2023_REG_06_CAR_MIA_20231015,2023-10-15 12:00:00,,,,,station_lookup_error,Hard Rock Stadium,25.958,-80.2389,,,,,,,,,,,,,,
2023_REG_06_DAL_LAC_20231016,2023-10-16 12:00:00,70.0,0.0,0.0,INDOOR,indoor_controlled_daily_values,SoFi Stadium,33.9535,-118.3392,,,,70.0,70.0,70.0,,,,,,,,70.0
2023_REG_06_DEN_KC_20231012,2023-10-12 12:00:00,,,,,station_lookup_error,Arrowhead Stadium,39.0489,-94.4839,,,,,,,,,,,,,,
2023_REG_06_DET_TB_20231015,2023-10-15 12:00:00,,,,,station_lookup_error,Raymond James Stadium,27.9759,-82.5033,,,,,,,,,,,,,,
2023_REG_06_IND_JAX_20231015,2023-10-15 12:00:00,,,,,station_lookup_error,TIAA Bank Stadium,30.3239,-81.6373,,,,,,,,,,,,,,
2023_REG_06_MIN_CHI_20231015,2023-10-15 12:00:00,,,,,station_lookup_error,Soldier Field,41.8623,-87.6167,,,,,,,,,,,,,,
2023_REG_06_NE_LV_20231015,2023-10-15 12:00:00,70.0,0.0,0.0,INDOOR,indoor_controlled_daily_values,Allegiant Stadium,36.0908,-115.183,,,,70.0,70.0,70.0,,,,,,,,70.0
2023_REG_06_NO_HOU_20231015,2023-10-15 12:00:00,70.0,0.0,0.0,INDOOR,indoor_controlled_daily_values,NRG Stadium,29.6847,-95.4107,,,,70.0,70.0,70.0,,,,,,,,70.0
2023_REG_06_NYG_BUF_20231015,2023-10-15 12:00:00,,,,,station_lookup_error,Highmark Stadium,42.7738,-78.7868,,,,,,,,,,,,,,
2023_REG_06_PHI_NYJ_20231015,2023-10-15 12:00:00,,,,,station_lookup_error,MetLife Stadium,40.8135,-74.0745,,,,,,,,,,,,,,
2023_REG_06_SEA_CIN_20231015,2023-10-15 12:00:00,,,,,station_lookup_error,Paycor Stadium,39.0955,-84.516,,,,,,,,,,,,,,
2023_REG_06_SF_CLE_20231015,2023-10-15 12:00:00,,,,,station_lookup_error,Huntington Bank Field,41.5061,-81.6995,,,,,,,,,,,,,,
2023_REG_06_WSH_ATL_20231015,2023-10-15 12:00:00,70.0,0.0,0.0,INDOOR,indoor_controlled_daily_values,Mercedes-Benz Stadium,33.7554,-84.4009,,,,70.0,70.0,70.0,,,,,,,,70.0
2023_REG_07_ARI_SEA_20231022,2023-10-22 12:00:00,,,,,station_lookup_error,Lumen Field,47.5952,-122.3316,,,,,,,,,,,,,,
2023_REG_07_ATL_TB_20231022,2023-10-22 12:00:00,,,,,station_lookup_error,Raymond James Stadium,27.9759,-82.5033,,,,,,,,,,,,,,
2023_REG_07_BUF_NE_20231022,2023-10-22 12:00:00,,,,,station_lookup_error,Gillette Stadium,42.0909,-71.2643,,,,,,,,,,,,,,
2023_REG_07_CLE_IND_20231022,2023-10-22 12:00:00,70.0,0.0,0.0,INDOOR,indoor_controlled_daily_values,Lucas Oil Stadium,39.7601,-86.1639,,,,70.0,70.0,70.0,,,,,,,,70.0
2023_REG_07_DET_BAL_20231022,2023-10-22 12:00:00,,,,,station_lookup_error,M&T Bank Stadium,39.278,-76.6227,,,,,,,,,,,,,,
2023_REG_07_GB_DEN_20231022,2023-10-22 12:00:00,,,,,station_lookup_error,Empower Field at Mile High,39.7439,-105.0201,,,,,,,,,,,,,,
2023_REG_07_JAX_NO_20231019,2023-10-19 12:00:00,70.0,0.0,0.0,INDOOR,indoor_controlled_daily_values,Caesars Superdome,29.9511,-90.0812,,,,70.0,70.0,70.0,,,,,,,,70.0
2023_REG_07_LAC_KC_20231022,2023-10-22 12:00:00,,,,,station_lookup_error,Arrowhead Stadium,39.0489,-94.4839,,,,,,,,,,,,,,
2023_REG_07_LV_CHI_20231022,2023-10-22 12:00:00,,,,,station_lookup_error,Soldier Field,41.8623,-87.6167,,,,,,,,,,,,,,
2023_REG_07_MIA_PHI_20231022,2023-10-22 12:00:00,,,,,station_lookup_error,Lincoln Financial Field,39.9008,-75.1675,,,,,,,,,,,,,,
2023_REG_07_PIT_LAR_20231022,2023-10-22 12:00:00,70.0,0.0,0.0,INDOOR,indoor_controlled_daily_values,SoFi Stadium,33.9535,-118.3392,,,,70.0,70.0,70.0,,,,,,,,70.0
2023_REG_07_SF_MIN_20231023,2023-10-23 12:00:00,70.0,0.0,0.0,INDOOR,indoor_controlled_daily_values,U.S. Bank Stadium,44.9738,-93.2575,,,,70.0,70.0,70.0,,,,,,,,70.0
2023_REG_07_WSH_NYG_20231022,2023-10-22 12:00:00,,,,,station_lookup_error,MetLife Stadium,40.8135,-74.0745,,,,,,,,,,,,,,
2023_REG_08_ATL_TEN_20231029,2023-10-29 12:00:00,,,,,station_lookup_error,Nissan Stadium,36.1665,-86.7713,,,,,,,,,,,,,,
2023_REG_08_BAL_ARI_20231029,2023-10-29 12:00:00,70.0,0.0,0.0,INDOOR,indoor_controlled_daily_values,State Farm Stadium,33.5276,-112.2626,,,,70.0,70.0,70.0,,,,,,,,70.0
2023_REG_08_CHI_LAC_20231029,2023-10-29 12:00:00,70.0,0.0,0.0,INDOOR,indoor_controlled_daily_values,SoFi Stadium,33.9535,-118.3392,,,,70.0,70.0,70.0,,,,,,,,70.0
2023_REG_08_CIN_SF_20231029,2023-10-29 12:00:00,,,,,station_lookup_error,Levi's Stadium,37.403,-121.97,,,,,,,,,,,,,,
2023_REG_08_CLE_SEA_20231029,2023-10-29 12:00:00,,,,,station_lookup_error,Lumen Field,47.5952,-122.3316,,,,,,,,,,,,,,
2023_REG_08_HOU_CAR_20231029,2023-10-29 12:00:00,,,,,station_lookup_error,Bank of America Stadium,35.2258,-80.8528,,,,,,,,,,,,,,
2023_REG_08_JAX_PIT_20231029,2023-10-29 12:00:00,,,,,station_lookup_error,Acrisure Stadium,40.4468,-80.0158,,,,,,,,,,,,,,
2023_REG_08_KC_DEN_20231029,2023-10-29 12:00:00,,,,,station_lookup_error,Empower Field at Mile High,39.7439,-105.0201,,,,,,,,,,,,,,
2023_REG_08_LAR_DAL_20231029,2023-10-29 12:00:00,70.0,0.0,0.0,INDOOR,indoor_controlled_daily_values,AT&T Stadium,32.7473,-97.0945,,,,70.0,70.0,70.0,,,,,,,,70.0
2023_REG_08_LV_DET_20231030,2023-10-30 12:00:00,70.0,0.0,0.0,INDOOR,indoor_controlled_daily_values,Ford Field,42.34,-83.0456,,,,70.0,70.0,70.0,,,,,,,,70.0
2023_REG_08_MIN_GB_20231029,2023-10-29 12:00:00,,,,,station_lookup_error,Lambeau Field,44.5013,-88.0622,,,,,,,,,,,,,,
2023_REG_08_NE_MIA_20231029,2023-10-29 12:00:00,,,,,station_lookup_error,Hard Rock Stadium,25.958,-80.2389,,,,,,,,,,,,,,
2023_REG_08_NO_IND_20231029,2023-10-29 12:00:00,70.0,0.0,0.0,INDOOR,indoor_controlled_daily_values,Lucas Oil Stadium,39.7601,-86.1639,,,,70.0,70.0,70.0,,,,,,,,70.0
2023_REG_08_NYJ_NYG_20231029,2023-10-29 12:00:00,,,,,station_lookup_error,MetLife Stadium,40.8135,-74.0745,,,,,,,,,,,,,,
2023_REG_08_PHI_WSH_20231029,2023-10-29 12:00:00,,,,,station_lookup_error,Northwest Stadium,38.9078,-76.8644,,,,,,,,,,,,,,
2023_REG_08_TB_BUF_20231026,2023-10-26 12:00:00,,,,,station_lookup_error,Highmark Stadium,42.7738,-78.7868,,,,,,,,,,,,,,
2023_REG_09_ARI_CLE_20231105,2023-11-05 12:00:00,,,,,station_lookup_error,Huntington Bank Field,41.5061,-81.6995,,,,,,,,,,,,,,
2023_REG_09_BUF_CIN_20231105,2023-11-05 12:00:00,,,,,station_lookup_error,Paycor Stadium,39.0955,-84.516,,,,,,,,,,,,,,
2023_REG_09_CHI_NO_20231105,2023-11-05 12:00:00,70.0,0.0,0.0,INDOOR,indoor_controlled_daily_values,Caesars Superdome,29.9511,-90.0812,,,,70.0,70.0,70.0,,,,,,,,70.0
2023_REG_09_DAL_PHI_20231105,2023-11-05 12:00:00,,,,,station_lookup_error,Lincoln Financial Field,39.9008,-75.1675,,,,,,,,,,,,,,
2023_REG_09_IND_CAR_20231105,2023-11-05 12:00:00,,,,,station_lookup_error,Bank of America Stadium,35.2258,-80.8528,,,,,,,,,,,,,,
2023_REG_09_LAC_NYJ_20231106,2023-11-06 12:00:00,,,,,station_lookup_error,MetLife Stadium,40.8135,-74.0745,,,,,,,,,,,,,,
2023_REG_09_LAR_GB_20231105,2023-11-05 12:00:00,,,,,station_lookup_error,Lambeau Field,44.5013,-88.0622,,,,,,,,,,,,,,
2023_REG_09_MIA_KC_20231105,2023-11-05 12:00:00,,,,,station_lookup_error,Deutsche Bank Park,50.0686,8.6455,,,,,,,,,,,,,,
2023_REG_09_MIN_ATL_20231105,2023-11-05 12:00:00,70.0,0.0,0.0,INDOOR,indoor_controlled_daily_values,Mercedes-Benz Stadium,33.7554,-84.4009,,,,70.0,70.0,70.0,,,,,,,,70.0
2023_REG_09_NYG_LV_20231105,2023-11-05 12:00:00,70.0,0.0,0.0,INDOOR,indoor_controlled_daily_values,Allegiant Stadium,36.0908,-115.183,,,,70.0,70.0,70.0,,,,,,,,70.0
2023_REG_09_SEA_BAL_20231105,2023-11-05 12:00:00,,,,,station_lookup_error,M&T Bank Stadium,39.278,-76.6227,,,,,,,,,,,,,,
2023_REG_09_TB_HOU_20231105,2023-11-05 12:00:00,70.0,0.0,0.0,INDOOR,indoor_controlled_daily_values,NRG Stadium,29.6847,-95.4107,,,,70.0,70.0,70.0,,,,,,,,70.0
2023_REG_09_TEN_PIT_20231102,2023-11-02 12:00:00,,,,,station_lookup_error,Acrisure Stadium,40.4468,-80.0158,,,,,,,,,,,,,,
2023_REG_09_WSH_NE_20231105,2023-11-05 12:00:00,,,,,station_lookup_error,Gillette Stadium,42.0909,-71.2643,,,,,,,,,,,,,,
2023_REG_10_ATL_ARI_20231112,2023-11-12 12:00:00,70.0,0.0,0.0,INDOOR,indoor_controlled_daily_values,State Farm Stadium,33.5276,-112.2626,,,,70.0,70.0,70.0,,,,,,,,70.0
2023_REG_10_CAR_CHI_20231109,2023-11-09 12:00:00,,,,,station_lookup_error,Soldier Field,41.8623,-87.6167,,,,,,,,,,,,,,
2023_REG_10_CLE_BAL_20231112,2023-11-12 12:00:00,,,,,station_lookup_error,M&T Bank Stadium,39.278,-76.6227,,,,,,,,,,,,,,
2023_REG_10_DEN_BUF_20231113,2023-11-13 12:00:00,,,,,station_lookup_error,Highmark Stadium,42.7738,-78.7868,,,,,,,,,,,,,,
2023_REG_10_DET_LAC_20231112,2023-11-12 12:00:00,70.0,0.0,0.0,INDOOR,indoor_controlled_daily_values,SoFi Stadium,33.9535,-118.3392,,,,70.0,70.0,70.0,,,,,,,,70.0
2023_REG_10_GB_PIT_20231112,2023-11-12 12:00:00,,,,,station_lookup_error,Acrisure Stadium,40.4468,-80.0158,,,,,,,,,,,,,,
2023_REG_10_HOU_CIN_20231112,2023-11-12 12:00:00,,,,,station_lookup_error,Paycor Stadium,39.0955,-84.516,,,,,,,,,,,,,,
2023_REG_10_IND_NE_20231112,2023-11-12 12:00:00,,,,,station_lookup_error,Deutsche Bank Park,50.0686,8.6455,,,,,,,,,,,,,,
2023_REG_10_NO_MIN_20231112,2023-11-12 12:00:00,70.0,0.0,0.0,INDOOR,indoor_controlled_daily_values,U.S. Bank Stadium,44.9738,-93.2575,,,,70.0,70.0,70.0,,,,,,,,70.0
2023_REG_10_NYG_DAL_20231112,2023-11-12 12:00:00,70.0,0.0,0.0,INDOOR,indoor_controlled_daily_values,AT&T Stadium,32.7473,-97.0945,,,,70.0,70.0,70.0,,,,,,,,70.0
2023_REG_10_NYJ_LV_20231112,2023-11-12 12:00:00,70.0,0.0,0.0,INDOOR,indoor_controlled_daily_values,Allegiant Stadium,36.0908,-115.183,,,,70.0,70.0,70.0,,,,,,,,70.0
2023_REG_10_SF_JAX_20231112,2023-11-12 12:00:00,,,,,station_lookup_error,TIAA Bank Stadium,30.3239,-81.6373,,,,,,,,,,,,,,
2023_REG_10_TEN_TB_20231112,2023-11-12 12:00:00,,,,,station_lookup_error,Raymond James Stadium,27.9759,-82.5033,,,,,,,,,,,,,,
2023_REG_10_WSH_SEA_20231112,2023-11-12 12:00:00,,,,,station_lookup_error,Lumen Field,47.5952,-122.3316,,,,,,,,,,,,,,
2023_REG_11_ARI_HOU_20231119,2023-11-19 12:00:00,70.0,0.0,0.0,INDOOR,indoor_controlled_daily_values,NRG Stadium,29.6847,-95.4107,,,,70.0,70.0,70.0,,,,,,,,70.0
2023_REG_11_CHI_DET_20231119,2023-11-19 12:00:00,70.0,0.0,0.0,INDOOR,indoor_controlled_daily_values,Ford Field,42.34,-83.0456,,,,70.0,70.0,70.0,,,,,,,,70.0
2023_REG_11_CIN_BAL_20231116,2023-11-16 12:00:00,,,,,station_lookup_error,M&T Bank Stadium,39.278,-76.6227,,,,,,,,,,,,,,
2023_REG_11_DAL_CAR_20231119,2023-11-19 12:00:00,,,,,station_lookup_error,Bank of America Stadium,35.2258,-80.8528,,,,,,,,,,,,,,
2023_REG_11_LAC_GB_20231119,2023-11-19 12:00:00,,,,,station_lookup_error,Lambeau Field,44.5013,-88.0622,,,,,,,,,,,,,,
2023_REG_11_LV_MIA_20231119,2023-11-19 12:00:00,,,,,station_lookup_error,Hard Rock Stadium,25.958,-80.2389,,,,,,,,,,,,,,
2023_REG_11_MIN_DEN_20231119,2023-11-19 12:00:00,,,,,station_lookup_error,Empower Field at Mile High,39.7439,-105.0201,,,,,,,,,,,,,,
2023_REG_11_NYG_WSH_20231119,2023-11-19 12:00:00,,,,,station_lookup_error,Northwest Stadium,38.9078,-76.8644,,,,,,,,,,,,,,
2023_REG_11_NYJ_BUF_20231119,2023-11-19 12:00:00,,,,,station_lookup_error,Highmark Stadium,42.7738,-78.7868,,,,,,,,,,,,,,
2023_REG_11_PHI_KC_20231120,2023-11-20 12:00:00,,,,,station_lookup_error,Arrowhead Stadium,39.0489,-94.4839,,,,,,,,,,,,,,
2023_REG_11_PIT_CLE_20231119,2023-11-19 12:00:00,,,,,station_lookup_error,Huntington Bank Field,41.5061,-81.6995,,,,,,,,,,,,,,
2023_REG_11_SEA_LAR_20231119,2023-11-19 12:00:00,70.0,0.0,0.0,INDOOR,indoor_controlled_daily_values,SoFi Stadium,33.9535,-118.3392,,,,70.0,70.0,70.0,,,,,,,,70.0
2023_REG_11_TB_SF_20231119,2023-11-19 12:00:00,,,,,station_lookup_error,Levi's Stadium,37.403,-121.97,,,,,,,,,,,,,,
2023_REG_11_TEN_JAX_20231119,2023-11-19 12:00:00,,,,,station_lookup_error,TIAA Bank Stadium,30.3239,-81.6373,,,,,,,,,,,,,,
2023_REG_12_BAL_LAC_20231126,2023-11-26 12:00:00,70.0,0.0,0.0,INDOOR,indoor_controlled_daily_values,SoFi Stadium,33.9535,-118.3392,,,,70.0,70.0,70.0,,,,,,,,70.0
2023_REG_12_BUF_PHI_20231126,2023-11-26 12:00:00,,,,,station_lookup_error,Lincoln Financial Field,39.9008,-75.1675,,,,,,,,,,,,,,
2023_REG_12_CAR_TEN_20231126,2023-11-26 12:00:00,,,,,station_lookup_error,Nissan Stadium,36.1665,-86.7713,,,,,,,,,,,,,,
2023_REG_12_CHI_MIN_20231127,2023-11-27 12:00:00,70.0,0.0,0.0,INDOOR,indoor_controlled_daily_values,U.S. Bank Stadium,44.9738,-93.2575,,,,70.0,70.0,70.0,,,,,,,,70.0
2023_REG_12_CLE_DEN_20231126,2023-11-26 12:00:00,,,,,station_lookup_error,Empower Field at Mile High,39.7439,-105.0201,,,,,,,,,,,,,,
2023_REG_12_GB_DET_20231123,2023-11-23 12:00:00,70.0,0.0,0.0,INDOOR,indoor_controlled_daily_values,Ford Field,42.34,-83.0456,,,,70.0,70.0,70.0,,,,,,,,70.0
2023_REG_12_JAX_HOU_20231126,2023-11-26 12:00:00,70.0,0.0,0.0,INDOOR,indoor_controlled_daily_values,NRG Stadium,29.6847,-95.4107,,,,70.0,70.0,70.0,,,,,,,,70.0
2023_REG_12_KC_LV_20231126,2023-11-26 12:00:00,70.0,0.0,0.0,INDOOR,indoor_controlled_daily_values,Allegiant Stadium,36.0908,-115.183,,,,70.0,70.0,70.0,,,,,,,,70.0
2023_REG_12_LAR_ARI_20231126,2023-11-26 12:00:00,70.0,0.0,0.0,INDOOR,indoor_controlled_daily_values,State Farm Stadium,33.5276,-112.2626,,,,70.0,70.0,70.0,,,,,,,,70.0
2023_REG_12_MIA_NYJ_20231124,2023-11-24 12:00:00,,,,,station_lookup_error,MetLife Stadium,40.8135,-74.0745,,,,,,,,,,,,,,
2023_REG_12_NE_NYG_20231126,2023-11-26 12:00:00,,,,,station_lookup_error,MetLife Stadium,40.8135,-74.0745,,,,,,,,,,,,,,
2023_REG_12_NO_ATL_20231126,2023-11-26 12:00:00,70.0,0.0,0.0,INDOOR,indoor_controlled_daily_values,Mercedes-Benz Stadium,33.7554,-84.4009,,,,70.0,70.0,70.0,,,,,,,,70.0
2023_REG_12_PIT_CIN_20231126,2023-11-26 12:00:00,,,,,station_lookup_error,Paycor Stadium,39.0955,-84.516,,,,,,,,,,,,,,
2023_REG_12_SF_SEA_20231123,2023-11-23 12:00:00,,,,,station_lookup_error,Lumen Field,47.5952,-122.3316,,,,,,,,,,,,,,
2023_REG_12_TB_IND_20231126,2023-11-26 12:00:00,70.0,0.0,0.0,INDOOR,indoor_controlled_daily_values,Lucas Oil Stadium,39.7601,-86.1639,,,,70.0,70.0,70.0,,,,,,,,70.0
2023_REG_12_WSH_DAL_20231123,2023-11-23 12:00:00,70.0,0.0,0.0,INDOOR,indoor_controlled_daily_values,AT&T Stadium,32.7473,-97.0945,,,,70.0,70.0,70.0,,,,,,,,70.0
2023_REG_13_ARI_PIT_20231203,2023-12-03 12:00:00,,,,,station_lookup_error,Acrisure Stadium,40.4468,-80.0158,,,,,,,,,,,,,,
2023_REG_13_ATL_NYJ_20231203,2023-12-03 12:00:00,,,,,station_lookup_error,MetLife Stadium,40.8135,-74.0745,,,,,,,,,,,,,,
2023_REG_13_CAR_TB_20231203,2023-12-03 12:00:00,,,,,station_lookup_error,Raymond James Stadium,27.9759,-82.5033,,,,,,,,,,,,,,
2023_REG_13_CIN_JAX_20231204,2023-12-04 12:00:00,,,,,station_lookup_error,TIAA Bank Stadium,30.3239,-81.6373,,,,,,,,,,,,,,
2023_REG_13_CLE_LAR_20231203,2023-12-03 12:00:00,70.0,0.0,0.0,INDOOR,indoor_controlled_daily_values,SoFi Stadium,33.9535,-118.3392,,,,70.0,70.0,70.0,,,,,,,,70.0
2023_REG_13_DEN_HOU_20231203,2023-12-03 12:00:00,70.0,0.0,0.0,INDOOR,indoor_controlled_daily_values,NRG Stadium,29.6847,-95.4107,,,,70.0,70.0,70.0,,,,,,,,70.0
2023_REG_13_DET_NO_20231203,2023-12-03 12:00:00,70.0,0.0,0.0,INDOOR,indoor_controlled_daily_values,Caesars Superdome,29.9511,-90.0812,,,,70.0,70.0,70.0,,,,,,,,70.0
2023_REG_13_IND_TEN_20231203,2023-12-03 12:00:00,,,,,station_lookup_error,Nissan Stadium,36.1665,-86.7713,,,,,,,,,,,,,,
2023_REG_13_KC_GB_20231203,2023-12-03 12:00:00,,,,,station_lookup_error,Lambeau Field,44.5013,-88.0622,,,,,,,,,,,,,,
2023_REG_13_LAC_NE_20231203,2023-12-03 12:00:00,,,,,station_lookup_error,Gillette Stadium,42.0909,-71.2643,,,,,,,,,,,,,,
2023_REG_13_MIA_WSH_20231203,2023-12-03 12:00:00,,,,,station_lookup_error,Northwest Stadium,38.9078,-76.8644,,,,,,,,,,,,,,
2023_REG_13_SEA_DAL_20231130,2023-11-30 12:00:00,70.0,0.0,0.0,INDOOR,indoor_controlled_daily_values,AT&T Stadium,32.7473,-97.0945,,,,70.0,70.0,70.0,,,,,,,,70.0
2023_REG_13_SF_PHI_20231203,2023-12-03 12:00:00,,,,,station_lookup_error,Lincoln Financial Field,39.9008,-75.1675,,,,,,,,,,,,,,
2023_REG_14_BUF_KC_20231210,2023-12-10 12:00:00,,,,,station_lookup_error,Arrowhead Stadium,39.0489,-94.4839,,,,,,,,,,,,,,
2023_REG_14_CAR_NO_20231210,2023-12-10 12:00:00,70.0,0.0,0.0,INDOOR,indoor_controlled_daily_values,Caesars Superdome,29.9511,-90.0812,,,,70.0,70.0,70.0,,,,,,,,70.0
2023_REG_14_DEN_LAC_20231210,2023-12-10 12:00:00,70.0,0.0,0.0,INDOOR,indoor_controlled_daily_values,SoFi Stadium,33.9535,-118.3392,,,,70.0,70.0,70.0,,,,,,,,70.0
2023_REG_14_DET_CHI_20231210,2023-12-10 12:00:00,,,,,station_lookup_error,Soldier Field,41.8623,-87.6167,,,,,,,,,,,,,,
2023_REG_14_GB_NYG_20231211,2023-12-11 12:00:00,,,,,station_lookup_error,MetLife Stadium,40.8135,-74.0745,,,,,,,,,,,,,,
2023_REG_14_HOU_NYJ_20231210,2023-12-10 12:00:00,,,,,station_lookup_error,MetLife Stadium,40.8135,-74.0745,,,,,,,,,,,,,,
2023_REG_14_IND_CIN_20231210,2023-12-10 12:00:00,,,,,station_lookup_error,Paycor Stadium,39.0955,-84.516,,,,,,,,,,,,,,
2023_REG_14_JAX_CLE_20231210,2023-12-10 12:00:00,,,,,station_lookup_error,Huntington Bank Field,41.5061,-81.6995,,,,,,,,,,,,,,
2023_REG_14_LAR_BAL_20231210,2023-12-10 12:00:00,,,,,station_lookup_error,M&T Bank Stadium,39.278,-76.6227,,,,,,,,,,,,,,
2023_REG_14_MIN_LV_20231210,2023-12-10 12:00:00,70.0,0.0,0.0,INDOOR,indoor_controlled_daily_values,Allegiant Stadium,36.0908,-115.183,,,,70.0,70.0,70.0,,,,,,,,70.0
2023_REG_14_NE_PIT_20231207,2023-12-07 12:00:00,,,,,station_lookup_error,Acrisure Stadium,40.4468,-80.0158,,,,,,,,,,,,,,
2023_REG_14_PHI_DAL_20231210,2023-12-10 12:00:00,70.0,0.0,0.0,INDOOR,indoor_controlled_daily_values,AT&T Stadium,32.7473,-97.0945,,,,70.0,70.0,70.0,,,,,,,,70.0
2023_REG_14_SEA_SF_20231210,2023-12-10 12:00:00,,,,,station_lookup_error,Levi's Stadium,37.403,-121.97,,,,,,,,,,,,,,
2023_REG_14_TB_ATL_20231210,2023-12-10 12:00:00,70.0,0.0,0.0,INDOOR,indoor_controlled_daily_values,Mercedes-Benz Stadium,33.7554,-84.4009,,,,70.0,70.0,70.0,,,,,,,,70.0
2023_REG_14_TEN_MIA_20231211,2023-12-11 12:00:00,,,,,station_lookup_error,Hard Rock Stadium,25.958,-80.2389,,,,,,,,,,,,,,
2023_REG_15_ATL_CAR_20231217,2023-12-17 12:00:00,,,,,station_lookup_error,Bank of America Stadium,35.2258,-80.8528,,,,,,,,,,,,,,
2023_REG_15_BAL_JAX_20231217,2023-12-17 12:00:00,,,,,station_lookup_error,TIAA Bank Stadium,30.3239,-81.6373,,,,,,,,,,,,,,
2023_REG_15_CHI_CLE_20231217,2023-12-17 12:00:00,,,,,station_lookup_error,Huntington Bank Field,41.5061,-81.6995,,,,,,,,,,,,,,
2023_REG_15_DAL_BUF_20231217,2023-12-17 12:00:00,,,,,station_lookup_error,Highmark Stadium,42.7738,-78.7868,,,,,,,,,,,,,,
2023_REG_15_DEN_DET_20231216,2023-12-16 12:00:00,70.0,0.0,0.0,INDOOR,indoor_controlled_daily_values,Ford Field,42.34,-83.0456,,,,70.0,70.0,70.0,,,,,,,,70.0
2023_REG_15_HOU_TEN_20231217,2023-12-17 12:00:00,,,,,station_lookup_error,Nissan Stadium,36.1665,-86.7713,,,,,,,,,,,,,,
2023_REG_15_KC_NE_20231217,2023-12-17 12:00:00,,,,,station_lookup_error,Gillette Stadium,42.0909,-71.2643,,,,,,,,,,,,,,
2023_REG_15_LAC_LV_20231214,2023-12-14 12:00:00,70.0,0.0,0.0,INDOOR,indoor_controlled_daily_values,Allegiant Stadium,36.0908,-115.183,,,,70.0,70.0,70.0,,,,,,,,70.0
2023_REG_15_MIN_CIN_20231216,2023-12-16 12:00:00,,,,,station_lookup_error,Paycor Stadium,39.0955,-84.516,,,,,,,,,,,,,,
2023_REG_15_NYG_NO_20231217,2023-12-17 12:00:00,70.0,0.0,0.0,INDOOR,indoor_controlled_daily_values,Caesars Superdome,29.9511,-90.0812,,,,70.0,70.0,70.0,,,,,,,,70.0
2023_REG_15_NYJ_MIA_20231217,2023-12-17 12:00:00,,,,,station_lookup_error,Hard Rock Stadium,25.958,-80.2389,,,,,,,,,,,,,,
2023_REG_15_PHI_SEA_20231218,2023-12-18 12:00:00,,,,,station_lookup_error,Lumen Field,47.5952,-122.3316,,,,,,,,,,,,,,
2023_REG_15_PIT_IND_20231216,2023-12-16 12:00:00,70.0,0.0,0.0,INDOOR,indoor_controlled_daily_values,Lucas Oil Stadium,39.7601,-86.1639,,,,70.0,70.0,70.0,,,,,,,,70.0
2023_REG_15_SF_ARI_20231217,2023-12-17 12:00:00,70.0,0.0,0.0,INDOOR,indoor_controlled_daily_values,State Farm Stadium,33.5276,-112.2626,,,,70.0,70.0,70.0,,,,,,,,70.0
2023_REG_15_TB_GB_20231217,2023-12-17 12:00:00,,,,,station_lookup_error,Lambeau Field,44.5013,-88.0622,,,,,,,,,,,,,,
2023_REG_15_WSH_LAR_20231217,2023-12-17 12:00:00,70.0,0.0,0.0,INDOOR,indoor_controlled_daily_values,SoFi Stadium,33.9535,-118.3392,,,,70.0,70.0,70.0,,,,,,,,70.0
2023_REG_16_ARI_CHI_20231224,2023-12-24 12:00:00,,,,,station_lookup_error,Soldier Field,41.8623,-87.6167,,,,,,,,,,,,,,
2023_REG_16_BAL_SF_20231225,2023-12-25 12:00:00,,,,,station_lookup_error,Levi's Stadium,37.403,-121.97,,,,,,,,,,,,,,
2023_REG_16_BUF_LAC_20231223,2023-12-23 12:00:00,70.0,0.0,0.0,INDOOR,indoor_controlled_daily_values,SoFi Stadium,33.9535,-118.3392,,,,70.0,70.0,70.0,,,,,,,,70.0
2023_REG_16_CIN_PIT_20231223,2023-12-23 12:00:00,,,,,station_lookup_error,Acrisure Stadium,40.4468,-80.0158,,,,,,,,,,,,,,
2023_REG_16_CLE_HOU_20231224,2023-12-24 12:00:00,70.0,0.0,0.0,INDOOR,indoor_controlled_daily_values,NRG Stadium,29.6847,-95.4107,,,,70.0,70.0,70.0,,,,,,,,70.0
2023_REG_16_DAL_MIA_20231224,2023-12-24 12:00:00,,,,,station_lookup_error,Hard Rock Stadium,25.958,-80.2389,,,,,,,,,,,,,,
2023_REG_16_DET_MIN_20231224,2023-12-24 12:00:00,70.0,0.0,0.0,INDOOR,indoor_controlled_daily_values,U.S. Bank Stadium,44.9738,-93.2575,,,,70.0,70.0,70.0,,,,,,,,70.0
2023_REG_16_GB_CAR_20231224,2023-12-24 12:00:00,,,,,station_lookup_error,Bank of America Stadium,35.2258,-80.8528,,,,,,,,,,,,,,
2023_REG_16_IND_ATL_20231224,2023-12-24 12:00:00,70.0,0.0,0.0,INDOOR,indoor_controlled_daily_values,Mercedes-Benz Stadium,33.7554,-84.4009,,,,70.0,70.0,70.0,,,,,,,,70.0
2023_REG_16_JAX_TB_20231224,2023-12-24 12:00:00,,,,,station_lookup_error,Raymond James Stadium,27.9759,-82.5033,,,,,,,,,,,,,,
2023_REG_16_LV_KC_20231225,2023-12-25 12:00:00,,,,,station_lookup_error,Arrowhead Stadium,39.0489,-94.4839,,,,,,,,,,,,,,
2023_REG_16_NE_DEN_20231224,2023-12-24 12:00:00,,,,,station_lookup_error,Empower Field at Mile High,39.7439,-105.0201,,,,,,,,,,,,,,
2023_REG_16_NO_LAR_20231221,2023-12-21 12:00:00,70.0,0.0,0.0,INDOOR,indoor_controlled_daily_values,SoFi Stadium,33.9535,-118.3392,,,,70.0,70.0,70.0,,,,,,,,70.0
2023_REG_16_NYG_PHI_20231225,2023-12-25 12:00:00,,,,,station_lookup_error,Lincoln Financial Field,39.9008,-75.1675,,,,,,,,,,,,,,
2023_REG_16_SEA_TEN_20231224,2023-12-24 12:00:00,,,,,station_lookup_error,Nissan Stadium,36.1665,-86.7713,,,,,,,,,,,,,,
2023_REG_16_WSH_NYJ_20231224,2023-12-24 12:00:00,,,,,station_lookup_error,MetLife Stadium,40.8135,-74.0745,,,,,,,,,,,,,,
2023_REG_17_ARI_PHI_20231231,2023-12-31 12:00:00,,,,,station_lookup_error,Lincoln Financial Field,39.9008,-75.1675,,,,,,,,,,,,,,
2023_REG_17_ATL_CHI_20231231,2023-12-31 12:00:00,,,,,station_lookup_error,Soldier Field,41.8623,-87.6167,,,,,,,,,,,,,,
2023_REG_17_CAR_JAX_20231231,2023-12-31 12:00:00,,,,,station_lookup_error,TIAA Bank Stadium,30.3239,-81.6373,,,,,,,,,,,,,,
2023_REG_17_CIN_KC_20231231,2023-12-31 12:00:00,,,,,station_lookup_error,Arrowhead Stadium,39.0489,-94.4839,,,,,,,,,,,,,,
2023_REG_17_DET_DAL_20231230,2023-12-30 12:00:00,70.0,0.0,0.0,INDOOR,indoor_controlled_daily_values,AT&T Stadium,32.7473,-97.0945,,,,70.0,70.0,70.0,,,,,,,,70.0
2023_REG_17_GB_MIN_20231231,2023-12-31 12:00:00,70.0,0.0,0.0,INDOOR,indoor_controlled_daily_values,U.S. Bank Stadium,44.9738,-93.2575,,,,70.0,70.0,70.0,,,,,,,,70.0
2023_REG_17_LAC_DEN_20231231,2023-12-31 12:00:00,,,,,station_lookup_error,Empower Field at Mile High,39.7439,-105.0201,,,,,,,,,,,,,,
2023_REG_17_LAR_NYG_20231231,2023-12-31 12:00:00,,,,,station_lookup_error,MetLife Stadium,40.8135,-74.0745,,,,,,,,,,,,,,
2023_REG_17_LV_IND_20231231,2023-12-31 12:00:00,70.0,0.0,0.0,INDOOR,indoor_controlled_daily_values,Lucas Oil Stadium,39.7601,-86.1639,,,,70.0,70.0,70.0,,,,,,,,70.0
2023_REG_17_MIA_BAL_20231231,2023-12-31 12:00:00,,,,,station_lookup_error,M&T Bank Stadium,39.278,-76.6227,,,,,,,,,,,,,,
2023_REG_17_NE_BUF_20231231,2023-12-31 12:00:00,,,,,station_lookup_error,Highmark Stadium,42.7738,-78.7868,,,,,,,,,,,,,,
2023_REG_17_NO_TB_20231231,2023-12-31 12:00:00,,,,,station_lookup_error,Raymond James Stadium,27.9759,-82.5033,,,,,,,,,,,,,,
2023_REG_17_NYJ_CLE_20231228,2023-12-28 12:00:00,,,,,station_lookup_error,Huntington Bank Field,41.5061,-81.6995,,,,,,,,,,,,,,
2023_REG_17_PIT_SEA_20231231,2023-12-31 12:00:00,,,,,station_lookup_error,Lumen Field,47.5952,-122.3316,,,,,,,,,,,,,,
2023_REG_17_SF_WSH_20231231,2023-12-31 12:00:00,,,,,station_lookup_error,Northwest Stadium,38.9078,-76.8644,,,,,,,,,,,,,,
2023_REG_17_TEN_HOU_20231231,2023-12-31 12:00:00,70.0,0.0,0.0,INDOOR,indoor_controlled_daily_values,NRG Stadium,29.6847,-95.4107,,,,70.0,70.0,70.0,,,,,,,,70.0
2023_REG_18_ATL_NO_20240107,2024-01-07 12:00:00,70.0,0.0,0.0,INDOOR,indoor_controlled_daily_values,Caesars Superdome,29.9511,-90.0812,,,,70.0,70.0,70.0,,,,,,,,70.0
2023_REG_18_BUF_MIA_20240107,2024-01-07 12:00:00,,,,,station_lookup_error,Hard Rock Stadium,25.958,-80.2389,,,,,,,,,,,,,,
2023_REG_18_CHI_GB_20240107,2024-01-07 12:00:00,,,,,station_lookup_error,Lambeau Field,44.5013,-88.0622,,,,,,,,,,,,,,
2023_REG_18_CLE_CIN_20240107,2024-01-07 12:00:00,,,,,station_lookup_error,Paycor Stadium,39.0955,-84.516,,,,,,,,,,,,,,
2023_REG_18_DAL_WSH_20240107,2024-01-07 12:00:00,,,,,station_lookup_error,Northwest Stadium,38.9078,-76.8644,,,,,,,,,,,,,,
2023_REG_18_DEN_LV_20240107,2024-01-07 12:00:00,70.0,0.0,0.0,INDOOR,indoor_controlled_daily_values,Allegiant Stadium,36.0908,-115.183,,,,70.0,70.0,70.0,,,,,,,,70.0
2023_REG_18_HOU_IND_20240106,2024-01-06 12:00:00,70.0,0.0,0.0,INDOOR,indoor_controlled_daily_values,Lucas Oil Stadium,39.7601,-86.1639,,,,70.0,70.0,70.0,,,,,,,,70.0
2023_REG_18_JAX_TEN_20240107,2024-01-07 12:00:00,,,,,station_lookup_error,Nissan Stadium,36.1665,-86.7713,,,,,,,,,,,,,,
2023_REG_18_KC_LAC_20240107,2024-01-07 12:00:00,70.0,0.0,0.0,INDOOR,indoor_controlled_daily_values,SoFi Stadium,33.9535,-118.3392,,,,70.0,70.0,70.0,,,,,,,,70.0
2023_REG_18_LAR_SF_20240107,2024-01-07 12:00:00,,,,,station_lookup_error,Levi's Stadium,37.403,-121.97,,,,,,,,,,,,,,
2023_REG_18_MIN_DET_20240107,2024-01-07 12:00:00,70.0,0.0,0.0,INDOOR,indoor_controlled_daily_values,Ford Field,42.34,-83.0456,,,,70.0,70.0,70.0,,,,,,,,70.0
2023_REG_18_NYJ_NE_20240107,2024-01-07 12:00:00,,,,,station_lookup_error,Gillette Stadium,42.0909,-71.2643,,,,,,,,,,,,,,
2023_REG_18_PHI_NYG_20240107,2024-01-07 12:00:00,,,,,station_lookup_error,MetLife Stadium,40.8135,-74.0745,,,,,,,,,,,,,,
2023_REG_18_PIT_BAL_20240106,2024-01-06 12:00:00,,,,,station_lookup_error,M&T Bank Stadium,39.278,-76.6227,,,,,,,,,,,,,,
2023_REG_18_SEA_ARI_20240107,2024-01-07 12:00:00,70.0,0.0,0.0,INDOOR,indoor_controlled_daily_values,State Farm Stadium,33.5276,-112.2626,,,,70.0,70.0,70.0,,,,,,,,70.0
2023_REG_18_TB_CAR_20240107,2024-01-07 12:00:00,,,,,station_lookup_error,Bank of America Stadium,35.2258,-80.8528,,,,,,,,,,,,,,
2023_POST_19_CLE_HOU_20240113,2024-01-13 12:00:00,70.0,0.0,0.0,INDOOR,indoor_controlled_daily_values,NRG Stadium,29.6847,-95.4107,,,,70.0,70.0,70.0,,,,,,,,70.0
2023_POST_19_GB_DAL_20240114,2024-01-14 12:00:00,70.0,0.0,0.0,INDOOR,indoor_controlled_daily_values,AT&T Stadium,32.7473,-97.0945,,,,70.0,70.0,70.0,,,,,,,,70.0
2023_POST_19_LAR_DET_20240114,2024-01-14 12:00:00,70.0,0.0,0.0,INDOOR,indoor_controlled_daily_values,Ford Field,42.34,-83.0456,,,,70.0,70.0,70.0,,,,,,,,70.0
2023_POST_19_MIA_KC_20240113,2024-01-13 12:00:00,,,,,station_lookup_error,Arrowhead Stadium,39.0489,-94.4839,,,,,,,,,,,,,,
2023_POST_19_PHI_TB_20240115,2024-01-15 12:00:00,,,,,station_lookup_error,Raymond James Stadium,27.9759,-82.5033,,,,,,,,,,,,,,
2023_POST_19_PIT_BUF_20240115,2024-01-15 12:00:00,,,,,station_lookup_error,Highmark Stadium,42.7738,-78.7868,,,,,,,,,,,,,,
2023_POST_20_GB_SF_20240120,2024-01-20 12:00:00,,,,,station_lookup_error,Levi's Stadium,37.403,-121.97,,,,,,,,,,,,,,
2023_POST_20_HOU_BAL_20240120,2024-01-20 12:00:00,,,,,station_lookup_error,M&T Bank Stadium,39.278,-76.6227,,,,,,,,,,,,,,
2023_POST_20_KC_BUF_20240121,2024-01-21 12:00:00,,,,,station_lookup_error,Highmark Stadium,42.7738,-78.7868,,,,,,,,,,,,,,
2023_POST_20_TB_DET_20240121,2024-01-21 12:00:00,70.0,0.0,0.0,INDOOR,indoor_controlled_daily_values,Ford Field,42.34,-83.0456,,,,70.0,70.0,70.0,,,,,,,,70.0
2023_CON_21_DET_SF_20240128,2024-01-28 12:00:00,,,,,station_lookup_error,Levi's Stadium,37.403,-121.97,,,,,,,,,,,,,,
2023_CON_21_KC_BAL_20240128,2024-01-28 12:00:00,,,,,station_lookup_error,M&T Bank Stadium,39.278,-76.6227,,,,,,,,,,,,,,
2023_POST_22_SF_KC_20240211,2024-02-11 12:00:00,70.0,0.0,0.0,INDOOR,indoor_controlled_daily_values,Allegiant Stadium,36.0908,-115.183,,,,70.0,70.0,70.0,,,,,,,,70.0
2024_REG_01_ARI_BUF_20240908,2024-09-08 12:00:00,,,,,station_lookup_error,Highmark Stadium,42.7738,-78.7868,,,,,,,,,,,,,,
2024_REG_01_BAL_KC_20240905,2024-09-05 12:00:00,,,,,station_lookup_error,Arrowhead Stadium,39.0489,-94.4839,,,,,,,,,,,,,,
2024_REG_01_CAR_NO_20240908,2024-09-08 12:00:00,70.0,0.0,0.0,INDOOR,indoor_controlled_daily_values,Caesars Superdome,29.9511,-90.0812,,,,70.0,70.0,70.0,,,,,,,,70.0
2024_REG_01_DAL_CLE_20240908,2024-09-08 12:00:00,,,,,station_lookup_error,Huntington Bank Field,41.5061,-81.6995,,,,,,,,,,,,,,
2024_REG_01_DEN_SEA_20240908,2024-09-08 12:00:00,,,,,station_lookup_error,Lumen Field,47.5952,-122.3316,,,,,,,,,,,,,,
2024_REG_01_GB_PHI_20240906,2024-09-06 12:00:00,,,,,station_lookup_error,Arena Corinthians,-23.5453,-46.474,,,,,,,,,,,,,,
2024_REG_01_HOU_IND_20240908,2024-09-08 12:00:00,70.0,0.0,0.0,INDOOR,indoor_controlled_daily_values,Lucas Oil Stadium,39.7601,-86.1639,,,,70.0,70.0,70.0,,,,,,,,70.0
2024_REG_01_JAX_MIA_20240908,2024-09-08 12:00:00,,,,,station_lookup_error,Hard Rock Stadium,25.958,-80.2389,,,,,,,,,,,,,,
2024_REG_01_LAR_DET_20240908,2024-09-08 12:00:00,70.0,0.0,0.0,INDOOR,indoor_controlled_daily_values,Ford Field,42.34,-83.0456,,,,70.0,70.0,70.0,,,,,,,,70.0
2024_REG_01_LV_LAC_20240908,2024-09-08 12:00:00,70.0,0.0,0.0,INDOOR,indoor_controlled_daily_values,SoFi Stadium,33.9535,-118.3392,,,,70.0,70.0,70.0,,,,,,,,70.0
2024_REG_01_MIN_NYG_20240908,2024-09-08 12:00:00,,,,,station_lookup_error,MetLife Stadium,40.8135,-74.0745,,,,,,,,,,,,,,
2024_REG_01_NE_CIN_20240908,2024-09-08 12:00:00,,,,,station_lookup_error,Paycor Stadium,39.0955,-84.516,,,,,,,,,,,,,,
2024_REG_01_NYJ_SF_20240909,2024-09-09 12:00:00,,,,,station_lookup_error,Levi's Stadium,37.403,-121.97,,,,,,,,,,,,,,
2024_REG_01_PIT_ATL_20240908,2024-09-08 12:00:00,70.0,0.0,0.0,INDOOR,indoor_controlled_daily_values,Mercedes-Benz Stadium,33.7554,-84.4009,,,,70.0,70.0,70.0,,,,,,,,70.0
2024_REG_01_TEN_CHI_20240908,2024-09-08 12:00:00,,,,,station_lookup_error,Soldier Field,41.8623,-87.6167,,,,,,,,,,,,,,
2024_REG_01_WSH_TB_20240908,2024-09-08 12:00:00,,,,,station_lookup_error,Raymond James Stadium,27.9759,-82.5033,,,,,,,,,,,,,,
2024_REG_02_ATL_PHI_20240916,2024-09-16 12:00:00,,,,,station_lookup_error,Lincoln Financial Field,39.9008,-75.1675,,,,,,,,,,,,,,
2024_REG_02_BUF_MIA_20240912,2024-09-12 12:00:00,,,,,station_lookup_error,Hard Rock Stadium,25.958,-80.2389,,,,,,,,,,,,,,
2024_REG_02_CHI_HOU_20240915,2024-09-15 12:00:00,70.0,0.0,0.0,INDOOR,indoor_controlled_daily_values,NRG Stadium,29.6847,-95.4107,,,,70.0,70.0,70.0,,,,,,,,70.0
2024_REG_02_CIN_KC_20240915,2024-09-15 12:00:00,,,,,station_lookup_error,Arrowhead Stadium,39.0489,-94.4839,,,,,,,,,,,,,,
2024_REG_02_CLE_JAX_20240915,2024-09-15 12:00:00,,,,,station_lookup_error,TIAA Bank Stadium,30.3239,-81.6373,,,,,,,,,,,,,,
2024_REG_02_IND_GB_20240915,2024-09-15 12:00:00,,,,,station_lookup_error,Lambeau Field,44.5013,-88.0622,,,,,,,,,,,,,,
2024_REG_02_LAC_CAR_20240915,2024-09-15 12:00:00,,,,,station_lookup_error,Bank of America Stadium,35.2258,-80.8528,,,,,,,,,,,,,,
2024_REG_02_LAR_ARI_20240915,2024-09-15 12:00:00,70.0,0.0,0.0,INDOOR,indoor_controlled_daily_values,State Farm Stadium,33.5276,-112.2626,,,,70.0,70.0,70.0,,,,,,,,70.0
2024_REG_02_LV_BAL_20240915,2024-09-15 12:00:00,,,,,station_lookup_error,M&T Bank Stadium,39.278,-76.6227,,,,,,,,,,,,,,
2024_REG_02_NO_DAL_20240915,2024-09-15 12:00:00,70.0,0.0,0.0,INDOOR,indoor_controlled_daily_values,AT&T Stadium,32.7473,-97.0945,,,,70.0,70.0,70.0,,,,,,,,70.0
2024_REG_02_NYG_WSH_20240915,2024-09-15 12:00:00,,,,,station_lookup_error,Northwest Stadium,38.9078,-76.8644,,,,,,,,,,,,,,
2024_REG_02_NYJ_TEN_20240915,2024-09-15 12:00:00,,,,,station_lookup_error,Nissan Stadium,36.1665,-86.7713,,,,,,,,,,,,,,
2024_REG_02_PIT_DEN_20240915,2024-09-15 12:00:00,,,,,station_lookup_error,Empower Field at Mile High,39.7439,-105.0201,,,,,,,,,,,,,,
2024_REG_02_SEA_NE_20240915,2024-09-15 12:00:00,,,,,station_lookup_error,Gillette Stadium,42.0909,-71.2643,,,,,,,,,,,,,,
2024_REG_02_SF_MIN_20240915,2024-09-15 12:00:00,70.0,0.0,0.0,INDOOR,indoor_controlled_daily_values,U.S. Bank Stadium,44.9738,-93.2575,,,,70.0,70.0,70.0,,,,,,,,70.0
2024_REG_02_TB_DET_20240915,2024-09-15 12:00:00,70.0,0.0,0.0,INDOOR,indoor_controlled_daily_values,Ford Field,42.34,-83.0456,,,,70.0,70.0,70.0,,,,,,,,70.0
2024_REG_03_BAL_DAL_20240922,2024-09-22 12:00:00,70.0,0.0,0.0,INDOOR,indoor_controlled_daily_values,AT&T Stadium,32.7473,-97.0945,,,,70.0,70.0,70.0,,,,,,,,70.0
2024_REG_03_CAR_LV_20240922,2024-09-22 12:00:00,70.0,0.0,0.0,INDOOR,indoor_controlled_daily_values,Allegiant Stadium,36.0908,-115.183,,,,70.0,70.0,70.0,,,,,,,,70.0
2024_REG_03_CHI_IND_20240922,2024-09-22 12:00:00,70.0,0.0,0.0,INDOOR,indoor_controlled_daily_values,Lucas Oil Stadium,39.7601,-86.1639,,,,70.0,70.0,70.0,,,,,,,,70.0
2024_REG_03_DEN_TB_20240922,2024-09-22 12:00:00,,,,,station_lookup_error,Raymond James Stadium,27.9759,-82.5033,,,,,,,,,,,,,,
2024_REG_03_DET_ARI_20240922,2024-09-22 12:00:00,70.0,0.0,0.0,INDOOR,indoor_controlled_daily_values,State Farm Stadium,33.5276,-112.2626,,,,70.0,70.0,70.0,,,,,,,,70.0
2024_REG_03_GB_TEN_20240922,2024-09-22 12:00:00,,,,,station_lookup_error,Nissan Stadium,36.1665,-86.7713,,,,,,,,,,,,,,
2024_REG_03_HOU_MIN_20240922,2024-09-22 12:00:00,70.0,0.0,0.0,INDOOR,indoor_controlled_daily_values,U.S. Bank Stadium,44.9738,-93.2575,,,,70.0,70.0,70.0,,,,,,,,70.0
2024_REG_03_JAX_BUF_20240923,2024-09-23 12:00:00,,,,,station_lookup_error,Highmark Stadium,42.7738,-78.7868,,,,,,,,,,,,,,
2024_REG_03_KC_ATL_20240922,2024-09-22 12:00:00,70.0,0.0,0.0,INDOOR,indoor_controlled_daily_values,Mercedes-Benz Stadium,33.7554,-84.4009,,,,70.0,70.0,70.0,,,,,,,,70.0
2024_REG_03_LAC_PIT_20240922,2024-09-22 12:00:00,,,,,station_lookup_error,Acrisure Stadium,40.4468,-80.0158,,,,,,,,,,,,,,
2024_REG_03_MIA_SEA_20240922,2024-09-22 12:00:00,,,,,station_lookup_error,Lumen Field,47.5952,-122.3316,,,,,,,,,,,,,,
2024_REG_03_NE_NYJ_20240919,2024-09-19 12:00:00,,,,,station_lookup_error,MetLife Stadium,40.8135,-74.0745,,,,,,,,,,,,,,
2024_REG_03_NYG_CLE_20240922,2024-09-22 12:00:00,,,,,station_lookup_error,Huntington Bank Field,41.5061,-81.6995,,,,,,,,,,,,,,
2024_REG_03_PHI_NO_20240922,2024-09-22 12:00:00,70.0,0.0,0.0,INDOOR,indoor_controlled_daily_values,Caesars Superdome,29.9511,-90.0812,,,,70.0,70.0,70.0,,,,,,,,70.0
2024_REG_03_SF_LAR_20240922,2024-09-22 12:00:00,70.0,0.0,0.0,INDOOR,indoor_controlled_daily_values,SoFi Stadium,33.9535,-118.3392,,,,70.0,70.0,70.0,,,,,,,,70.0
2024_REG_03_WSH_CIN_20240923,2024-09-23 12:00:00,,,,,station_lookup_error,Paycor Stadium,39.0955,-84.516,,,,,,,,,,,,,,
2024_REG_04_BUF_BAL_20240929,2024-09-29 12:00:00,,,,,station_lookup_error,M&T Bank Stadium,39.278,-76.6227,,,,,,,,,,,,,,
2024_REG_04_CIN_CAR_20240929,2024-09-29 12:00:00,,,,,station_lookup_error,Bank of America Stadium,35.2258,-80.8528,,,,,,,,,,,,,,
2024_REG_04_CLE_LV_20240929,2024-09-29 12:00:00,70.0,0.0,0.0,INDOOR,indoor_controlled_daily_values,Allegiant Stadium,36.0908,-115.183,,,,70.0,70.0,70.0,,,,,,,,70.0
2024_REG_04_DAL_NYG_20240926,2024-09-26 12:00:00,,,,,station_lookup_error,MetLife Stadium,40.8135,-74.0745,,,,,,,,,,,,,,
2024_REG_04_DEN_NYJ_20240929,2024-09-29 12:00:00,,,,,station_lookup_error,MetLife Stadium,40.8135,-74.0745,,,,,,,,,,,,,,
2024_REG_04_JAX_HOU_20240929,2024-09-29 12:00:00,70.0,0.0,0.0,INDOOR,indoor_controlled_daily_values,NRG Stadium,29.6847,-95.4107,,,,70.0,70.0,70.0,,,,,,,,70.0
2024_REG_04_KC_LAC_20240929,2024-09-29 12:00:00,70.0,0.0,0.0,INDOOR,indoor_controlled_daily_values,SoFi Stadium,33.9535,-118.3392,,,,70.0,70.0,70.0,,,,,,,,70.0
2024_REG_04_LAR_CHI_20240929,2024-09-29 12:00:00,,,,,station_lookup_error,Soldier Field,41.8623,-87.6167,,,,,,,,,,,,,,
2024_REG_04_MIN_GB_20240929,2024-09-29 12:00:00,,,,,station_lookup_error,Lambeau Field,44.5013,-88.0622,,,,,,,,,,,,,,
2024_REG_04_NE_SF_20240929,2024-09-29 12:00:00,,,,,station_lookup_error,Levi's Stadium,37.403,-121.97,,,,,,,,,,,,,,
2024_REG_04_NO_ATL_20240929,2024-09-29 12:00:00,70.0,0.0,0.0,INDOOR,indoor_controlled_daily_values,Mercedes-Benz Stadium,33.7554,-84.4009,,,,70.0,70.0,70.0,,,,,,,,70.0
2024_REG_04_PHI_TB_20240929,2024-09-29 12:00:00,,,,,station_lookup_error,Raymond James Stadium,27.9759,-82.5033,,,,,,,,,,,,,,
2024_REG_04_PIT_IND_20240929,2024-09-29 12:00:00,70.0,0.0,0.0,INDOOR,indoor_controlled_daily_values,Lucas Oil Stadium,39.7601,-86.1639,,,,70.0,70.0,70.0,,,,,,,,70.0
2024_REG_04_SEA_DET_20240930,2024-09-30 12:00:00,70.0,0.0,0.0,INDOOR,indoor_controlled_daily_values,Ford Field,42.34,-83.0456,,,,70.0,70.0,70.0,,,,,,,,70.0
2024_REG_04_TEN_MIA_20240930,2024-09-30 12:00:00,,,,,station_lookup_error,Hard Rock Stadium,25.958,-80.2389,,,,,,,,,,,,,,
2024_REG_04_WSH_ARI_20240929,2024-09-29 12:00:00,70.0,0.0,0.0,INDOOR,indoor_controlled_daily_values,State Farm Stadium,33.5276,-112.2626,,,,70.0,70.0,70.0,,,,,,,,70.0
2024_REG_05_ARI_SF_20241006,2024-10-06 12:00:00,,,,,station_lookup_error,Levi's Stadium,37.403,-121.97,,,,,,,,,,,,,,
2024_REG_05_BAL_CIN_20241006,2024-10-06 12:00:00,,,,,station_lookup_error,Paycor Stadium,39.0955,-84.516,,,,,,,,,,,,,,
2024_REG_05_BUF_HOU_20241006,2024-10-06 12:00:00,70.0,0.0,0.0,INDOOR,indoor_controlled_daily_values,NRG Stadium,29.6847,-95.4107,,,,70.0,70.0,70.0,,,,,,,,70.0
2024_REG_05_CAR_CHI_20241006,2024-10-06 12:00:00,,,,,station_lookup_error,Soldier Field,41.8623,-87.6167,,,,,,,,,,,,,,
2024_REG_05_CLE_WSH_20241006,2024-10-06 12:00:00,,,,,station_lookup_error,Northwest Stadium,38.9078,-76.8644,,,,,,,,,,,,,,
2024_REG_05_DAL_PIT_20241006,2024-10-06 12:00:00,,,,,station_lookup_error,Acrisure Stadium,40.4468,-80.0158,,,,,,,,,,,,,,
2024_REG_05_GB_LAR_20241006,2024-10-06 12:00:00,70.0,0.0,0.0,INDOOR,indoor_controlled_daily_values,SoFi Stadium,33.9535,-118.3392,,,,70.0,70.0,70.0,,,,,,,,70.0
2024_REG_05_IND_JAX_20241006,2024-10-06 12:00:00,,,,,station_lookup_error,TIAA Bank Stadium,30.3239,-81.6373,,,,,,,,,,,,,,
2024_REG_05_LV_DEN_20241006,2024-10-06 12:00:00,,,,,station_lookup_error,Empower Field at Mile High,39.7439,-105.0201,,,,,,,,,,,,,,
2024_REG_05_MIA_NE_20241006,2024-10-06 12:00:00,,,,,station_lookup_error,Gillette Stadium,42.0909,-71.2643,,,,,,,,,,,,,,
2024_REG_05_NO_KC_20241007,2024-10-07 12:00:00,,,,,station_lookup_error,Arrowhead Stadium,39.0489,-94.4839,,,,,,,,,,,,,,
2024_REG_05_NYG_SEA_20241006,2024-10-06 12:00:00,,,,,station_lookup_error,Lumen Field,47.5952,-122.3316,,,,,,,,,,,,,,
2024_REG_05_NYJ_MIN_20241006,2024-10-06 12:00:00,,,,,station_lookup_error,Tottenham Hotspur Stadium,51.6043,-0.0664,,,,,,,,,,,,,,
2024_REG_05_TB_ATL_20241003,2024-10-03 12:00:00,70.0,0.0,0.0,INDOOR,indoor_controlled_daily_values,Mercedes-Benz Stadium,33.7554,-84.4009,,,,70.0,70.0,70.0,,,,,,,,70.0
2024_REG_06_ARI_GB_20241013,2024-10-13 12:00:00,,,,,station_lookup_error,Lambeau Field,44.5013,-88.0622,,,,,,,,,,,,,,
2024_REG_06_ATL_CAR_20241013,2024-10-13 12:00:00,,,,,station_lookup_error,Bank of America Stadium,35.2258,-80.8528,,,,,,,,,,,,,,
2024_REG_06_BUF_NYJ_20241014,2024-10-14 12:00:00,,,,,station_lookup_error,MetLife Stadium,40.8135,-74.0745,,,,,,,,,,,,,,
2024_REG_06_CIN_NYG_20241013,2024-10-13 12:00:00,,,,,station_lookup_error,MetLife Stadium,40.8135,-74.0745,,,,,,,,,,,,,,
2024_REG_06_CLE_PHI_20241013,2024-10-13 12:00:00,,,,,station_lookup_error,Lincoln Financial Field,39.9008,-75.1675,,,,,,,,,,,,,,
2024_REG_06_DET_DAL_20241013,2024-10-13 12:00:00,70.0,0.0,0.0,INDOOR,indoor_controlled_daily_values,AT&T Stadium,32.7473,-97.0945,,,,70.0,70.0,70.0,,,,,,,,70.0
2024_REG_06_HOU_NE_20241013,2024-10-13 12:00:00,,,,,station_lookup_error,Gillette Stadium,42.0909,-71.2643,,,,,,,,,,,,,,
2024_REG_06_IND_TEN_20241013,2024-10-13 12:00:00,,,,,station_lookup_error,Nissan Stadium,36.1665,-86.7713,,,,,,,,,,,,,,
2024_REG_06_JAX_CHI_20241013,2024-10-13 12:00:00,,,,,station_lookup_error,Tottenham Hotspur Stadium,51.6043,-0.0664,,,,,,,,,,,,,,
2024_REG_06_LAC_DEN_20241013,2024-10-13 12:00:00,,,,,station_lookup_error,Empower Field at Mile High,39.7439,-105.0201,,,,,,,,,,,,,,
2024_REG_06_PIT_LV_20241013,2024-10-13 12:00:00,70.0,0.0,0.0,INDOOR,indoor_controlled_daily_values,Allegiant Stadium,36.0908,-115.183,,,,70.0,70.0,70.0,,,,,,,,70.0
2024_REG_06_SF_SEA_20241010,2024-10-10 12:00:00,,,,,station_lookup_error,Lumen Field,47.5952,-122.3316,,,,,,,,,,,,,,
2024_REG_06_TB_NO_20241013,2024-10-13 12:00:00,70.0,0.0,0.0,INDOOR,indoor_controlled_daily_values,Caesars Superdome,29.9511,-90.0812,,,,70.0,70.0,70.0,,,,,,,,70.0
2024_REG_06_WSH_BAL_20241013,2024-10-13 12:00:00,,,,,station_lookup_error,M&T Bank Stadium,39.278,-76.6227,,,,,,,,,,,,,,
2024_REG_07_BAL_TB_20241021,2024-10-21 12:00:00,,,,,station_lookup_error,Raymond James Stadium,27.9759,-82.5033,,,,,,,,,,,,,,
2024_REG_07_CAR_WSH_20241020,2024-10-20 12:00:00,,,,,station_lookup_error,Northwest Stadium,38.9078,-76.8644,,,,,,,,,,,,,,
2024_REG_07_CIN_CLE_20241020,2024-10-20 12:00:00,,,,,station_lookup_error,Huntington Bank Field,41.5061,-81.6995,,,,,,,,,,,,,,
2024_REG_07_DEN_NO_20241017,2024-10-17 12:00:00,70.0,0.0,0.0,INDOOR,indoor_controlled_daily_values,Caesars Superdome,29.9511,-90.0812,,,,70.0,70.0,70.0,,,,,,,,70.0
2024_REG_07_DET_MIN_20241020,2024-10-20 12:00:00,70.0,0.0,0.0,INDOOR,indoor_controlled_daily_values,U.S. Bank Stadium,44.9738,-93.2575,,,,70.0,70.0,70.0,,,,,,,,70.0
2024_REG_07_HOU_GB_20241020,2024-10-20 12:00:00,,,,,station_lookup_error,Lambeau Field,44.5013,-88.0622,,,,,,,,,,,,,,
2024_REG_07_KC_SF_20241020,2024-10-20 12:00:00,,,,,station_lookup_error,Levi's Stadium,37.403,-121.97,,,,,,,,,,,,,,
2024_REG_07_LAC_ARI_20241021,2024-10-21 12:00:00,70.0,0.0,0.0,INDOOR,indoor_controlled_daily_values,State Farm Stadium,33.5276,-112.2626,,,,70.0,70.0,70.0,,,,,,,,70.0
2024_REG_07_LV_LAR_20241020,2024-10-20 12:00:00,70.0,0.0,0.0,INDOOR,indoor_controlled_daily_values,SoFi Stadium,33.9535,-118.3392,,,,70.0,70.0,70.0,,,,,,,,70.0
2024_REG_07_MIA_IND_20241020,2024-10-20 12:00:00,70.0,0.0,0.0,INDOOR,indoor_controlled_daily_values,Lucas Oil Stadium,39.7601,-86.1639,,,,70.0,70.0,70.0,,,,,,,,70.0
2024_REG_07_NE_JAX_20241020,2024-10-20 12:00:00,,,,,station_lookup_error,Wembley Stadium,51.556,-0.2796,,,,,,,,,,,,,,
2024_REG_07_NYJ_PIT_20241020,2024-10-20 12:00:00,,,,,station_lookup_error,Acrisure Stadium,40.4468,-80.0158,,,,,,,,,,,,,,
2024_REG_07_PHI_NYG_20241020,2024-10-20 12:00:00,,,,,station_lookup_error,MetLife Stadium,40.8135,-74.0745,,,,,,,,,,,,,,
2024_REG_07_SEA_ATL_20241020,2024-10-20 12:00:00,70.0,0.0,0.0,INDOOR,indoor_controlled_daily_values,Mercedes-Benz Stadium,33.7554,-84.4009,,,,70.0,70.0,70.0,,,,,,,,70.0
2024_REG_07_TEN_BUF_20241020,2024-10-20 12:00:00,,,,,station_lookup_error,Highmark Stadium,42.7738,-78.7868,,,,,,,,,,,,,,
2024_REG_08_ARI_MIA_20241027,2024-10-27 12:00:00,,,,,station_lookup_error,Hard Rock Stadium,25.958,-80.2389,,,,,,,,,,,,,,
2024_REG_08_ATL_TB_20241027,2024-10-27 12:00:00,,,,,station_lookup_error,Raymond James Stadium,27.9759,-82.5033,,,,,,,,,,,,,,
2024_REG_08_BAL_CLE_20241027,2024-10-27 12:00:00,,,,,station_lookup_error,Huntington Bank Field,41.5061,-81.6995,,,,,,,,,,,,,,
2024_REG_08_BUF_SEA_20241027,2024-10-27 12:00:00,,,,,station_lookup_error,Lumen Field,47.5952,-122.3316,,,,,,,,,,,,,,
2024_REG_08_CAR_DEN_20241027,2024-10-27 12:00:00,,,,,station_lookup_error,Empower Field at Mile High,39.7439,-105.0201,,,,,,,,,,,,,,
2024_REG_08_CHI_WSH_20241027,2024-10-27 12:00:00,,,,,station_lookup_error,Northwest Stadium,38.9078,-76.8644,,,,,,,,,,,,,,
2024_REG_08_DAL_SF_20241027,2024-10-27 12:00:00,,,,,station_lookup_error,Levi's Stadium,37.403,-121.97,,,,,,,,,,,,,,
2024_REG_08_GB_JAX_20241027,2024-10-27 12:00:00,,,,,station_lookup_error,TIAA Bank Stadium,30.3239,-81.6373,,,,,,,,,,,,,,
2024_REG_08_IND_HOU_20241027,2024-10-27 12:00:00,70.0,0.0,0.0,INDOOR,indoor_controlled_daily_values,NRG Stadium,29.6847,-95.4107,,,,70.0,70.0,70.0,,,,,,,,70.0
2024_REG_08_KC_LV_20241027,2024-10-27 12:00:00,70.0,0.0,0.0,INDOOR,indoor_controlled_daily_values,Allegiant Stadium,36.0908,-115.183,,,,70.0,70.0,70.0,,,,,,,,70.0
2024_REG_08_MIN_LAR_20241024,2024-10-24 12:00:00,70.0,0.0,0.0,INDOOR,indoor_controlled_daily_values,SoFi Stadium,33.9535,-118.3392,,,,70.0,70.0,70.0,,,,,,,,70.0
2024_REG_08_NO_LAC_20241027,2024-10-27 12:00:00,70.0,0.0,0.0,INDOOR,indoor_controlled_daily_values,SoFi Stadium,33.9535,-118.3392,,,,70.0,70.0,70.0,,,,,,,,70.0
2024_REG_08_NYG_PIT_20241028,2024-10-28 12:00:00,,,,,station_lookup_error,Acrisure Stadium,40.4468,-80.0158,,,,,,,,,,,,,,
2024_REG_08_NYJ_NE_20241027,2024-10-27 12:00:00,,,,,station_lookup_error,Gillette Stadium,42.0909,-71.2643,,,,,,,,,,,,,,
2024_REG_08_PHI_CIN_20241027,2024-10-27 12:00:00,,,,,station_lookup_error,Paycor Stadium,39.0955,-84.516,,,,,,,,,,,,,,
2024_REG_08_TEN_DET_20241027,2024-10-27 12:00:00,70.0,0.0,0.0,INDOOR,indoor_controlled_daily_values,Ford Field,42.34,-83.0456,,,,70.0,70.0,70.0,,,,,,,,70.0
2024_REG_09_CHI_ARI_20241103,2024-11-03 12:00:00,70.0,0.0,0.0,INDOOR,indoor_controlled_daily_values,State Farm Stadium,33.5276,-112.2626,,,,70.0,70.0,70.0,,,,,,,,70.0
2024_REG_09_DAL_ATL_20241103,2024-11-03 12:00:00,70.0,0.0,0.0,INDOOR,indoor_controlled_daily_values,Mercedes-Benz Stadium,33.7554,-84.4009,,,,70.0,70.0,70.0,,,,,,,,70.0
2024_REG_09_DEN_BAL_20241103,2024-11-03 12:00:00,,,,,station_lookup_error,M&T Bank Stadium,39.278,-76.6227,,,,,,,,,,,,,,
2024_REG_09_DET_GB_20241103,2024-11-03 12:00:00,,,,,station_lookup_error,Lambeau Field,44.5013,-88.0622,,,,,,,,,,,,,,
2024_REG_09_HOU_NYJ_20241031,2024-10-31 12:00:00,,,,,station_lookup_error,MetLife Stadium,40.8135,-74.0745,,,,,,,,,,,,,,
2024_REG_09_IND_MIN_20241103,2024-11-03 12:00:00,70.0,0.0,0.0,INDOOR,indoor_controlled_daily_values,U.S. Bank Stadium,44.9738,-93.2575,,,,70.0,70.0,70.0,,,,,,,,70.0
2024_REG_09_JAX_PHI_20241103,2024-11-03 12:00:00,,,,,station_lookup_error,Lincoln Financial Field,39.9008,-75.1675,,,,,,,,,,,,,,
2024_REG_09_LAC_CLE_20241103,2024-11-03 12:00:00,,,,,station_lookup_error,Huntington Bank Field,41.5061,-81.6995,,,,,,,,,,,,,,
2024_REG_09_LAR_SEA_20241103,2024-11-03 12:00:00,,,,,station_lookup_error,Lumen Field,47.5952,-122.3316,,,,,,,,,,,,,,
2024_REG_09_LV_CIN_20241103,2024-11-03 12:00:00,,,,,station_lookup_error,Paycor Stadium,39.0955,-84.516,,,,,,,,,,,,,,
2024_REG_09_MIA_BUF_20241103,2024-11-03 12:00:00,,,,,station_lookup_error,Highmark Stadium,42.7738,-78.7868,,,,,,,,,,,,,,
2024_REG_09_NE_TEN_20241103,2024-11-03 12:00:00,,,,,station_lookup_error,Nissan Stadium,36.1665,-86.7713,,,,,,,,,,,,,,
2024_REG_09_NO_CAR_20241103,2024-11-03 12:00:00,,,,,station_lookup_error,Bank of America Stadium,35.2258,-80.8528,,,,,,,,,,,,,,
2024_REG_09_TB_KC_20241104,2024-11-04 12:00:00,,,,,station_lookup_error,Arrowhead Stadium,39.0489,-94.4839,,,,,,,,,,,,,,
2024_REG_09_WSH_NYG_20241103,2024-11-03 12:00:00,,,,,station_lookup_error,MetLife Stadium,40.8135,-74.0745,,,,,,,,,,,,,,
2024_REG_10_ATL_NO_20241110,2024-11-10 12:00:00,70.0,0.0,0.0,INDOOR,indoor_controlled_daily_values,Caesars Superdome,29.9511,-90.0812,,,,70.0,70.0,70.0,,,,,,,,70.0
2024_REG_10_BUF_IND_20241110,2024-11-10 12:00:00,70.0,0.0,0.0,INDOOR,indoor_controlled_daily_values,Lucas Oil Stadium,39.7601,-86.1639,,,,70.0,70.0,70.0,,,,,,,,70.0
2024_REG_10_CIN_BAL_20241107,2024-11-07 12:00:00,,,,,station_lookup_error,M&T Bank Stadium,39.278,-76.6227,,,,,,,,,,,,,,
2024_REG_10_DEN_KC_20241110,2024-11-10 12:00:00,,,,,station_lookup_error,Arrowhead Stadium,39.0489,-94.4839,,,,,,,,,,,,,,
2024_REG_10_DET_HOU_20241110,2024-11-10 12:00:00,70.0,0.0,0.0,INDOOR,indoor_controlled_daily_values,NRG Stadium,29.6847,-95.4107,,,,70.0,70.0,70.0,,,,,,,,70.0
2024_REG_10_MIA_LAR_20241111,2024-11-11 12:00:00,70.0,0.0,0.0,INDOOR,indoor_controlled_daily_values,SoFi Stadium,33.9535,-118.3392,,,,70.0,70.0,70.0,,,,,,,,70.0
2024_REG_10_MIN_JAX_20241110,2024-11-10 12:00:00,,,,,station_lookup_error,TIAA Bank Stadium,30.3239,-81.6373,,,,,,,,,,,,,,
2024_REG_10_NE_CHI_20241110,2024-11-10 12:00:00,,,,,station_lookup_error,Soldier Field,41.8623,-87.6167,,,,,,,,,,,,,,
2024_REG_10_NYG_CAR_20241110,2024-11-10 12:00:00,,,,,station_lookup_error,Allianz Arena,48.2188,11.6247,,,,,,,,,,,,,,
2024_REG_10_NYJ_ARI_20241110,2024-11-10 12:00:00,70.0,0.0,0.0,INDOOR,indoor_controlled_daily_values,State Farm Stadium,33.5276,-112.2626,,,,70.0,70.0,70.0,,,,,,,,70.0
2024_REG_10_PHI_DAL_20241110,2024-11-10 12:00:00,70.0,0.0,0.0,INDOOR,indoor_controlled_daily_values,AT&T Stadium,32.7473,-97.0945,,,,70.0,70.0,70.0,,,,,,,,70.0
2024_REG_10_PIT_WSH_20241110,2024-11-10 12:00:00,,,,,station_lookup_error,Northwest Stadium,38.9078,-76.8644,,,,,,,,,,,,,,
2024_REG_10_SF_TB_20241110,2024-11-10 12:00:00,,,,,station_lookup_error,Raymond James Stadium,27.9759,-82.5033,,,,,,,,,,,,,,
2024_REG_10_TEN_LAC_20241110,2024-11-10 12:00:00,70.0,0.0,0.0,INDOOR,indoor_controlled_daily_values,SoFi Stadium,33.9535,-118.3392,,,,70.0,70.0,70.0,,,,,,,,70.0
2024_REG_11_ATL_DEN_20241117,2024-11-17 12:00:00,,,,,station_lookup_error,Empower Field at Mile High,39.7439,-105.0201,,,,,,,,,,,,,,
2024_REG_11_BAL_PIT_20241117,2024-11-17 12:00:00,,,,,station_lookup_error,Acrisure Stadium,40.4468,-80.0158,,,,,,,,,,,,,,
2024_REG_11_CIN_LAC_20241117,2024-11-17 12:00:00,70.0,0.0,0.0,INDOOR,indoor_controlled_daily_values,SoFi Stadium,33.9535,-118.3392,,,,70.0,70.0,70.0,,,,,,,,70.0
2024_REG_11_CLE_NO_20241117,2024-11-17 12:00:00,70.0,0.0,0.0,INDOOR,indoor_controlled_daily_values,Caesars Superdome,29.9511,-90.0812,,,,70.0,70.0,70.0,,,,,,,,70.0
2024_REG_11_GB_CHI_20241117,2024-11-17 12:00:00,,,,,station_lookup_error,Soldier Field,41.8623,-87.6167,,,,,,,,,,,,,,
2024_REG_11_HOU_DAL_20241118,2024-11-18 12:00:00,70.0,0.0,0.0,INDOOR,indoor_controlled_daily_values,AT&T Stadium,32.7473,-97.0945,,,,70.0,70.0,70.0,,,,,,,,70.0
2024_REG_11_IND_NYJ_20241117,2024-11-17 12:00:00,,,,,station_lookup_error,MetLife Stadium,40.8135,-74.0745,,,,,,,,,,,,,,
2024_REG_11_JAX_DET_20241117,2024-11-17 12:00:00,70.0,0.0,0.0,INDOOR,indoor_controlled_daily_values,Ford Field,42.34,-83.0456,,,,70.0,70.0,70.0,,,,,,,,70.0
2024_REG_11_KC_BUF_20241117,2024-11-17 12:00:00,,,,,station_lookup_error,Highmark Stadium,42.7738,-78.7868,,,,,,,,,,,,,,
2024_REG_11_LAR_NE_20241117,2024-11-17 12:00:00,,,,,station_lookup_error,Gillette Stadium,42.0909,-71.2643,,,,,,,,,,,,,,
2024_REG_11_LV_MIA_20241117,2024-11-17 12:00:00,,,,,station_lookup_error,Hard Rock Stadium,25.958,-80.2389,,,,,,,,,,,,,,
2024_REG_11_MIN_TEN_20241117,2024-11-17 12:00:00,,,,,station_lookup_error,Nissan Stadium,36.1665,-86.7713,,,,,,,,,,,,,,
2024_REG_11_SEA_SF_20241117,2024-11-17 12:00:00,,,,,station_lookup_error,Levi's Stadium,37.403,-121.97,,,,,,,,,,,,,,
2024_REG_11_WSH_PHI_20241114,2024-11-14 12:00:00,,,,,station_lookup_error,Lincoln Financial Field,39.9008,-75.1675,,,,,,,,,,,,,,
2024_REG_12_ARI_SEA_20241124,2024-11-24 12:00:00,,,,,station_lookup_error,Lumen Field,47.5952,-122.3316,,,,,,,,,,,,,,
2024_REG_12_BAL_LAC_20241125,2024-11-25 12:00:00,70.0,0.0,0.0,INDOOR,indoor_controlled_daily_values,SoFi Stadium,33.9535,-118.3392,,,,70.0,70.0,70.0,,,,,,,,70.0
2024_REG_12_DAL_WSH_20241124,2024-11-24 12:00:00,,,,,station_lookup_error,Northwest Stadium,38.9078,-76.8644,,,,,,,,,,,,,,
2024_REG_12_DEN_LV_20241124,2024-11-24 12:00:00,70.0,0.0,0.0,INDOOR,indoor_controlled_daily_values,Allegiant Stadium,36.0908,-115.183,,,,70.0,70.0,70.0,,,,,,,,70.0
2024_REG_12_DET_IND_20241124,2024-11-24 12:00:00,70.0,0.0,0.0,INDOOR,indoor_controlled_daily_values,Lucas Oil Stadium,39.7601,-86.1639,,,,70.0,70.0,70.0,,,,,,,,70.0
2024_REG_12_KC_CAR_20241124,2024-11-24 12:00:00,,,,,station_lookup_error,Bank of America Stadium,35.2258,-80.8528,,,,,,,,,,,,,,
2024_REG_12_MIN_CHI_20241124,2024-11-24 12:00:00,,,,,station_lookup_error,Soldier Field,41.8623,-87.6167,,,,,,,,,,,,,,
2024_REG_12_NE_MIA_20241124,2024-11-24 12:00:00,,,,,station_lookup_error,Hard Rock Stadium,25.958,-80.2389,,,,,,,,,,,,,,
2024_REG_12_PHI_LAR_20241124,2024-11-24 12:00:00,70.0,0.0,0.0,INDOOR,indoor_controlled_daily_values,SoFi Stadium,33.9535,-118.3392,,,,70.0,70.0,70.0,,,,,,,,70.0
2024_REG_12_PIT_CLE_20241121,2024-11-21 12:00:00,,,,,station_lookup_error,Huntington Bank Field,41.5061,-81.6995,,,,,,,,,,,,,,
2024_REG_12_SF_GB_20241124,2024-11-24 12:00:00,,,,,station_lookup_error,Lambeau Field,44.5013,-88.0622,,,,,,,,,,,,,,
2024_REG_12_TB_NYG_20241124,2024-11-24 12:00:00,,,,,station_lookup_error,MetLife Stadium,40.8135,-74.0745,,,,,,,,,,,,,,
2024_REG_12_TEN_HOU_20241124,2024-11-24 12:00:00,70.0,0.0,0.0,INDOOR,indoor_controlled_daily_values,NRG Stadium,29.6847,-95.4107,,,,70.0,70.0,70.0,,,,,,,,70.0
2024_REG_13_ARI_MIN_20241201,2024-12-01 12:00:00,70.0,0.0,0.0,INDOOR,indoor_controlled_daily_values,U.S. Bank Stadium,44.9738,-93.2575,,,,70.0,70.0,70.0,,,,,,,,70.0
2024_REG_13_CHI_DET_20241128,2024-11-28 12:00:00,70.0,0.0,0.0,INDOOR,indoor_controlled_daily_values,Ford Field,42.34,-83.0456,,,,70.0,70.0,70.0,,,,,,,,70.0
2024_REG_13_CLE_DEN_20241202,2024-12-02 12:00:00,,,,,station_lookup_error,Empower Field at Mile High,39.7439,-105.0201,,,,,,,,,,,,,,
2024_REG_13_HOU_JAX_20241201,2024-12-01 12:00:00,,,,,station_lookup_error,TIAA Bank Stadium,30.3239,-81.6373,,,,,,,,,,,,,,
2024_REG_13_IND_NE_20241201,2024-12-01 12:00:00,,,,,station_lookup_error,Gillette Stadium,42.0909,-71.2643,,,,,,,,,,,,,,
2024_REG_13_LAC_ATL_20241201,2024-12-01 12:00:00,70.0,0.0,0.0,INDOOR,indoor_controlled_daily_values,Mercedes-Benz Stadium,33.7554,-84.4009,,,,70.0,70.0,70.0,,,,,,,,70.0
2024_REG_13_LAR_NO_20241201,2024-12-01 12:00:00,70.0,0.0,0.0,INDOOR,indoor_controlled_daily_values,Caesars Superdome,29.9511,-90.0812,,,,70.0,70.0,70.0,,,,,,,,70.0
2024_REG_13_LV_KC_20241129,2024-11-29 12:00:00,,,,,station_lookup_error,Arrowhead Stadium,39.0489,-94.4839,,,,,,,,,,,,,,
2024_REG_13_MIA_GB_20241128,2024-11-28 12:00:00,,,,,station_lookup_error,Lambeau Field,44.5013,-88.0622,,,,,,,,,,,,,,
2024_REG_13_NYG_DAL_20241128,2024-11-28 12:00:00,70.0,0.0,0.0,INDOOR,indoor_controlled_daily_values,AT&T Stadium,32.7473,-97.0945,,,,70.0,70.0,70.0,,,,,,,,70.0
2024_REG_13_PHI_BAL_20241201,2024-12-01 12:00:00,,,,,station_lookup_error,M&T Bank Stadium,39.278,-76.6227,,,,,,,,,,,,,,
2024_REG_13_PIT_CIN_20241201,2024-12-01 12:00:00,,,,,station_lookup_error,Paycor Stadium,39.0955,-84.516,,,,,,,,,,,,,,
2024_REG_13_SEA_NYJ_20241201,2024-12-01 12:00:00,,,,,station_lookup_error,MetLife Stadium,40.8135,-74.0745,,,,,,,,,,,,,,
2024_REG_13_SF_BUF_20241201,2024-12-01 12:00:00,,,,,station_lookup_error,Highmark Stadium,42.7738,-78.7868,,,,,,,,,,,,,,
2024_REG_13_TB_CAR_20241201,2024-12-01 12:00:00,,,,,station_lookup_error,Bank of America Stadium,35.2258,-80.8528,,,,,,,,,,,,,,
2024_REG_13_TEN_WSH_20241201,2024-12-01 12:00:00,,,,,station_lookup_error,Northwest Stadium,38.9078,-76.8644,,,,,,,,,,,,,,
2024_REG_14_ATL_MIN_20241208,2024-12-08 12:00:00,70.0,0.0,0.0,INDOOR,indoor_controlled_daily_values,U.S. Bank Stadium,44.9738,-93.2575,,,,70.0,70.0,70.0,,,,,,,,70.0
2024_REG_14_BUF_LAR_20241208,2024-12-08 12:00:00,70.0,0.0,0.0,INDOOR,indoor_controlled_daily_values,SoFi Stadium,33.9535,-118.3392,,,,70.0,70.0,70.0,,,,,,,,70.0
2024_REG_14_CAR_PHI_20241208,2024-12-08 12:00:00,,,,,station_lookup_error,Lincoln Financial Field,39.9008,-75.1675,,,,,,,,,,,,,,
2024_REG_14_CHI_SF_20241208,2024-12-08 12:00:00,,,,,station_lookup_error,Levi's Stadium,37.403,-121.97,,,,,,,,,,,,,,
2024_REG_14_CIN_DAL_20241209,2024-12-09 12:00:00,70.0,0.0,0.0,INDOOR,indoor_controlled_daily_values,AT&T Stadium,32.7473,-97.0945,,,,70.0,70.0,70.0,,,,,,,,70.0
2024_REG_14_CLE_PIT_20241208,2024-12-08 12:00:00,,,,,station_lookup_error,Acrisure Stadium,40.4468,-80.0158,,,,,,,,,,,,,,
2024_REG_14_GB_DET_20241205,2024-12-05 12:00:00,70.0,0.0,0.0,INDOOR,indoor_controlled_daily_values,Ford Field,42.34,-83.0456,,,,70.0,70.0,70.0,,,,,,,,70.0
2024_REG_14_JAX_TEN_20241208,2024-12-08 12:00:00,,,,,station_lookup_error,Nissan Stadium,36.1665,-86.7713,,,,,,,,,,,,,,
2024_REG_14_LAC_KC_20241208,2024-12-08 12:00:00,,,,,station_lookup_error,Arrowhead Stadium,39.0489,-94.4839,,,,,,,,,,,,,,
2024_REG_14_LV_TB_20241208,2024-12-08 12:00:00,,,,,station_lookup_error,Raymond James Stadium,27.9759,-82.5033,,,,,,,,,,,,,,
2024_REG_14_NO_NYG_20241208,2024-12-08 12:00:00,,,,,station_lookup_error,MetLife Stadium,40.8135,-74.0745,,,,,,,,,,,,,,
2024_REG_14_NYJ_MIA_20241208,2024-12-08 12:00:00,,,,,station_lookup_error,Hard Rock Stadium,25.958,-80.2389,,,,,,,,,,,,,,
2024_REG_14_SEA_ARI_20241208,2024-12-08 12:00:00,70.0,0.0,0.0,INDOOR,indoor_controlled_daily_values,State Farm Stadium,33.5276,-112.2626,,,,70.0,70.0,70.0,,,,,,,,70.0
2024_REG_15_ATL_LV_20241216,2024-12-16 12:00:00,70.0,0.0,0.0,INDOOR,indoor_controlled_daily_values,Allegiant Stadium,36.0908,-115.183,,,,70.0,70.0,70.0,,,,,,,,70.0
2024_REG_15_BAL_NYG_20241215,2024-12-15 12:00:00,,,,,station_lookup_error,MetLife Stadium,40.8135,-74.0745,,,,,,,,,,,,,,
2024_REG_15_BUF_DET_20241215,2024-12-15 12:00:00,70.0,0.0,0.0,INDOOR,indoor_controlled_daily_values,Ford Field,42.34,-83.0456,,,,70.0,70.0,70.0,,,,,,,,70.0
2024_REG_15_CHI_MIN_20241216,2024-12-16 12:00:00,70.0,0.0,0.0,INDOOR,indoor_controlled_daily_values,U.S. Bank Stadium,44.9738,-93.2575,,,,70.0,70.0,70.0,,,,,,,,70.0
2024_REG_15_CIN_TEN_20241215,2024-12-15 12:00:00,,,,,station_lookup_error,Nissan Stadium,36.1665,-86.7713,,,,,,,,,,,,,,
2024_REG_15_DAL_CAR_20241215,2024-12-15 12:00:00,,,,,station_lookup_error,Bank of America Stadium,35.2258,-80.8528,,,,,,,,,,,,,,
2024_REG_15_GB_SEA_20241215,2024-12-15 12:00:00,,,,,station_lookup_error,Lumen Field,47.5952,-122.3316,,,,,,,,,,,,,,
2024_REG_15_IND_DEN_20241215,2024-12-15 12:00:00,,,,,station_lookup_error,Empower Field at Mile High,39.7439,-105.0201,,,,,,,,,,,,,,
2024_REG_15_KC_CLE_20241215,2024-12-15 12:00:00,,,,,station_lookup_error,Huntington Bank Field,41.5061,-81.6995,,,,,,,,,,,,,,
2024_REG_15_LAR_SF_20241212,2024-12-12 12:00:00,,,,,station_lookup_error,Levi's Stadium,37.403,-121.97,,,,,,,,,,,,,,
2024_REG_15_MIA_HOU_20241215,2024-12-15 12:00:00,70.0,0.0,0.0,INDOOR,indoor_controlled_daily_values,NRG Stadium,29.6847,-95.4107,,,,70.0,70.0,70.0,,,,,,,,70.0
2024_REG_15_NE_ARI_20241215,2024-12-15 12:00:00,70.0,0.0,0.0,INDOOR,indoor_controlled_daily_values,State Farm Stadium,33.5276,-112.2626,,,,70.0,70.0,70.0,,,,,,,,70.0
2024_REG_15_NYJ_JAX_20241215,2024-12-15 12:00:00,,,,,station_lookup_error,TIAA Bank Stadium,30.3239,-81.6373,,,,,,,,,,,,,,
2024_REG_15_PIT_PHI_20241215,2024-12-15 12:00:00,,,,,station_lookup_error,Lincoln Financial Field,39.9008,-75.1675,,,,,,,,,,,,,,
2024_REG_15_TB_LAC_20241215,2024-12-15 12:00:00,70.0,0.0,0.0,INDOOR,indoor_controlled_daily_values,SoFi Stadium,33.9535,-118.3392,,,,70.0,70.0,70.0,,,,,,,,70.0
2024_REG_15_WSH_NO_20241215,2024-12-15 12:00:00,70.0,0.0,0.0,INDOOR,indoor_controlled_daily_values,Caesars Superdome,29.9511,-90.0812,,,,70.0,70.0,70.0,,,,,,,,70.0
2024_REG_16_ARI_CAR_20241222,2024-12-22 12:00:00,,,,,station_lookup_error,Bank of America Stadium,35.2258,-80.8528,,,,,,,,,,,,,,
2024_REG_16_CLE_CIN_20241222,2024-12-22 12:00:00,,,,,station_lookup_error,Paycor Stadium,39.0955,-84.516,,,,,,,,,,,,,,
2024_REG_16_DEN_LAC_20241219,2024-12-19 12:00:00,70.0,0.0,0.0,INDOOR,indoor_controlled_daily_values,SoFi Stadium,33.9535,-118.3392,,,,70.0,70.0,70.0,,,,,,,,70.0
2024_REG_16_DET_CHI_20241222,2024-12-22 12:00:00,,,,,station_lookup_error,Soldier Field,41.8623,-87.6167,,,,,,,,,,,,,,
2024_REG_16_HOU_KC_20241221,2024-12-21 12:00:00,,,,,station_lookup_error,Arrowhead Stadium,39.0489,-94.4839,,,,,,,,,,,,,,
2024_REG_16_JAX_LV_20241222,2024-12-22 12:00:00,70.0,0.0,0.0,INDOOR,indoor_controlled_daily_values,Allegiant Stadium,36.0908,-115.183,,,,70.0,70.0,70.0,,,,,,,,70.0
2024_REG_16_LAR_NYJ_20241222,2024-12-22 12:00:00,,,,,station_lookup_error,MetLife Stadium,40.8135,-74.0745,,,,,,,,,,,,,,
2024_REG_16_MIN_SEA_20241222,2024-12-22 12:00:00,,,,,station_lookup_error,Lumen Field,47.5952,-122.3316,,,,,,,,,,,,,,
2024_REG_16_NE_BUF_20241222,2024-12-22 12:00:00,,,,,station_lookup_error,Highmark Stadium,42.7738,-78.7868,,,,,,,,,,,,,,
2024_REG_16_NO_GB_20241223,2024-12-23 12:00:00,,,,,station_lookup_error,Lambeau Field,44.5013,-88.0622,,,,,,,,,,,,,,
2024_REG_16_NYG_ATL_20241222,2024-12-22 12:00:00,70.0,0.0,0.0,INDOOR,indoor_controlled_daily_values,Mercedes-Benz Stadium,33.7554,-84.4009,,,,70.0,70.0,70.0,,,,,,,,70.0
2024_REG_16_PHI_WSH_20241222,2024-12-22 12:00:00,,,,,station_lookup_error,Northwest Stadium,38.9078,-76.8644,,,,,,,,,,,,,,
2024_REG_16_PIT_BAL_20241221,2024-12-21 12:00:00,,,,,station_lookup_error,M&T Bank Stadium,39.278,-76.6227,,,,,,,,,,,,,,
2024_REG_16_SF_MIA_20241222,2024-12-22 12:00:00,,,,,station_lookup_error,Hard Rock Stadium,25.958,-80.2389,,,,,,,,,,,,,,
2024_REG_16_TB_DAL_20241222,2024-12-22 12:00:00,70.0,0.0,0.0,INDOOR,indoor_controlled_daily_values,AT&T Stadium,32.7473,-97.0945,,,,70.0,70.0,70.0,,,,,,,,70.0
2024_REG_16_TEN_IND_20241222,2024-12-22 12:00:00,70.0,0.0,0.0,INDOOR,indoor_controlled_daily_values,Lucas Oil Stadium,39.7601,-86.1639,,,,70.0,70.0,70.0,,,,,,,,70.0
2024_REG_17_ARI_LAR_20241228,2024-12-28 12:00:00,70.0,0.0,0.0,INDOOR,indoor_controlled_daily_values,SoFi Stadium,33.9535,-118.3392,,,,70.0,70.0,70.0,,,,,,,,70.0
2024_REG_17_ATL_WSH_20241229,2024-12-29 12:00:00,,,,,station_lookup_error,Northwest Stadium,38.9078,-76.8644,,,,,,,,,,,,,,
2024_REG_17_BAL_HOU_20241225,2024-12-25 12:00:00,70.0,0.0,0.0,INDOOR,indoor_controlled_daily_values,NRG Stadium,29.6847,-95.4107,,,,70.0,70.0,70.0,,,,,,,,70.0
2024_REG_17_CAR_TB_20241229,2024-12-29 12:00:00,,,,,station_lookup_error,Raymond James Stadium,27.9759,-82.5033,,,,,,,,,,,,,,
2024_REG_17_DAL_PHI_20241229,2024-12-29 12:00:00,,,,,station_lookup_error,Lincoln Financial Field,39.9008,-75.1675,,,,,,,,,,,,,,
2024_REG_17_DEN_CIN_20241228,2024-12-28 12:00:00,,,,,station_lookup_error,Paycor Stadium,39.0955,-84.516,,,,,,,,,,,,,,
2024_REG_17_DET_SF_20241230,2024-12-30 12:00:00,,,,,station_lookup_error,Levi's Stadium,37.403,-121.97,,,,,,,,,,,,,,
2024_REG_17_GB_MIN_20241229,2024-12-29 12:00:00,70.0,0.0,0.0,INDOOR,indoor_controlled_daily_values,U.S. Bank Stadium,44.9738,-93.2575,,,,70.0,70.0,70.0,,,,,,,,70.0
2024_REG_17_IND_NYG_20241229,2024-12-29 12:00:00,,,,,station_lookup_error,MetLife Stadium,40.8135,-74.0745,,,,,,,,,,,,,,
2024_REG_17_KC_PIT_20241225,2024-12-25 12:00:00,,,,,station_lookup_error,Acrisure Stadium,40.4468,-80.0158,,,,,,,,,,,,,,
2024_REG_17_LAC_NE_20241228,2024-12-28 12:00:00,,,,,station_lookup_error,Gillette Stadium,42.0909,-71.2643,,,,,,,,,,,,,,
2024_REG_17_LV_NO_20241229,2024-12-29 12:00:00,70.0,0.0,0.0,INDOOR,indoor_controlled_daily_values,Caesars Superdome,29.9511,-90.0812,,,,70.0,70.0,70.0,,,,,,,,70.0
2024_REG_17_MIA_CLE_20241229,2024-12-29 12:00:00,,,,,station_lookup_error,Huntington Bank Field,41.5061,-81.6995,,,,,,,,,,,,,,
2024_REG_17_NYJ_BUF_20241229,2024-12-29 12:00:00,,,,,station_lookup_error,Highmark Stadium,42.7738,-78.7868,,,,,,,,,,,,,,
2024_REG_17_SEA_CHI_20241226,2024-12-26 12:00:00,,,,,station_lookup_error,Soldier Field,41.8623,-87.6167,,,,,,,,,,,,,,
2024_REG_17_TEN_JAX_20241229,2024-12-29 12:00:00,,,,,station_lookup_error,TIAA Bank Stadium,30.3239,-81.6373,,,,,,,,,,,,,,
2024_REG_18_BUF_NE_20250105,2025-01-05 12:00:00,,,,,station_lookup_error,Gillette Stadium,42.0909,-71.2643,,,,,,,,,,,,,,
2024_REG_18_CAR_ATL_20250105,2025-01-05 12:00:00,70.0,0.0,0.0,INDOOR,indoor_controlled_daily_values,Mercedes-Benz Stadium,33.7554,-84.4009,,,,70.0,70.0,70.0,,,,,,,,70.0
2024_REG_18_CHI_GB_20250105,2025-01-05 12:00:00,,,,,station_lookup_error,Lambeau Field,44.5013,-88.0622,,,,,,,,,,,,,,
2024_REG_18_CIN_PIT_20250104,2025-01-04 12:00:00,,,,,station_lookup_error,Acrisure Stadium,40.4468,-80.0158,,,,,,,,,,,,,,
2024_REG_18_CLE_BAL_20250104,2025-01-04 12:00:00,,,,,station_lookup_error,M&T Bank Stadium,39.278,-76.6227,,,,,,,,,,,,,,
2024_REG_18_HOU_TEN_20250105,2025-01-05 12:00:00,,,,,station_lookup_error,Nissan Stadium,36.1665,-86.7713,,,,,,,,,,,,,,
2024_REG_18_JAX_IND_20250105,2025-01-05 12:00:00,70.0,0.0,0.0,INDOOR,indoor_controlled_daily_values,Lucas Oil Stadium,39.7601,-86.1639,,,,70.0,70.0,70.0,,,,,,,,70.0
2024_REG_18_KC_DEN_20250105,2025-01-05 12:00:00,,,,,station_lookup_error,Empower Field at Mile High,39.7439,-105.0201,,,,,,,,,,,,,,
2024_REG_18_LAC_LV_20250105,2025-01-05 12:00:00,70.0,0.0,0.0,INDOOR,indoor_controlled_daily_values,Allegiant Stadium,36.0908,-115.183,,,,70.0,70.0,70.0,,,,,,,,70.0
2024_REG_18_MIA_NYJ_20250105,2025-01-05 12:00:00,,,,,station_lookup_error,MetLife Stadium,40.8135,-74.0745,,,,,,,,,,,,,,
2024_REG_18_MIN_DET_20250105,2025-01-05 12:00:00,70.0,0.0,0.0,INDOOR,indoor_controlled_daily_values,Ford Field,42.34,-83.0456,,,,70.0,70.0,70.0,,,,,,,,70.0
2024_REG_18_NO_TB_20250105,2025-01-05 12:00:00,,,,,station_lookup_error,Raymond James Stadium,27.9759,-82.5033,,,,,,,,,,,,,,
2024_REG_18_NYG_PHI_20250105,2025-01-05 12:00:00,,,,,station_lookup_error,Lincoln Financial Field,39.9008,-75.1675,,,,,,,,,,,,,,
2024_REG_18_SEA_LAR_20250105,2025-01-05 12:00:00,70.0,0.0,0.0,INDOOR,indoor_controlled_daily_values,SoFi Stadium,33.9535,-118.3392,,,,70.0,70.0,70.0,,,,,,,,70.0
2024_REG_18_SF_ARI_20250105,2025-01-05 12:00:00,70.0,0.0,0.0,INDOOR,indoor_controlled_daily_values,State Farm Stadium,33.5276,-112.2626,,,,70.0,70.0,70.0,,,,,,,,70.0
2024_REG_18_WSH_DAL_20250105,2025-01-05 12:00:00,70.0,0.0,0.0,INDOOR,indoor_controlled_daily_values,AT&T Stadium,32.7473,-97.0945,,,,70.0,70.0,70.0,,,,,,,,70.0
2024_POST_19_DEN_BUF_20250112,2025-01-12 12:00:00,,,,,station_lookup_error,Highmark Stadium,42.7738,-78.7868,,,,,,,,,,,,,,
2024_POST_19_GB_PHI_20250112,2025-01-12 12:00:00,,,,,station_lookup_error,Lincoln Financial Field,39.9008,-75.1675,,,,,,,,,,,,,,
2024_POST_19_LAC_HOU_20250111,2025-01-11 12:00:00,70.0,0.0,0.0,INDOOR,indoor_controlled_daily_values,NRG Stadium,29.6847,-95.4107,,,,70.0,70.0,70.0,,,,,,,,70.0
2024_POST_19_MIN_LAR_20250113,2025-01-13 12:00:00,70.0,0.0,0.0,INDOOR,indoor_controlled_daily_values,State Farm Stadium,33.5276,-112.2626,,,,70.0,70.0,70.0,,,,,,,,70.0
2024_POST_19_PIT_BAL_20250111,2025-01-11 12:00:00,,,,,station_lookup_error,M&T Bank Stadium,39.278,-76.6227,,,,,,,,,,,,,,
2024_POST_19_WSH_TB_20250112,2025-01-12 12:00:00,,,,,station_lookup_error,Raymond James Stadium,27.9759,-82.5033,,,,,,,,,,,,,,
2024_POST_20_BAL_BUF_20250119,2025-01-19 12:00:00,,,,,station_lookup_error,Highmark Stadium,42.7738,-78.7868,,,,,,,,,,,,,,
2024_POST_20_HOU_KC_20250118,2025-01-18 12:00:00,,,,,station_lookup_error,Arrowhead Stadium,39.0489,-94.4839,,,,,,,,,,,,,,
2024_POST_20_LAR_PHI_20250119,2025-01-19 12:00:00,,,,,station_lookup_error,Lincoln Financial Field,39.9008,-75.1675,,,,,,,,,,,,,,
2024_POST_20_WSH_DET_20250118,2025-01-18 12:00:00,70.0,0.0,0.0,INDOOR,indoor_controlled_daily_values,Ford Field,42.34,-83.0456,,,,70.0,70.0,70.0,,,,,,,,70.0
2024_CON_21_BUF_KC_20250126,2025-01-26 12:00:00,,,,,station_lookup_error,Arrowhead Stadium,39.0489,-94.4839,,,,,,,,,,,,,,
2024_CON_21_WSH_PHI_20250126,2025-01-26 12:00:00,,,,,station_lookup_error,Lincoln Financial Field,39.9008,-75.1675,,,,,,,,,,,,,,
2024_POST_22_KC_PHI_20250209,2025-02-09 12:00:00,70.0,0.0,0.0,INDOOR,indoor_controlled_daily_values,Caesars Superdome,29.9511,-90.0812,,,,70.0,70.0,70.0,,,,,,,,70.0
2025_REG_01_ARI_NO_20250907,2025-09-07 12:00:00,70.0,0.0,0.0,INDOOR,indoor_controlled_daily_values,Caesars Superdome,29.9511,-90.0812,,,,70.0,70.0,70.0,,,,,,,,70.0
2025_REG_01_BAL_BUF_20250907,2025-09-07 12:00:00,,,,,station_lookup_error,Highmark Stadium,42.7738,-78.7868,,,,,,,,,,,,,,
2025_REG_01_CAR_JAX_20250907,2025-09-07 12:00:00,,,,,station_lookup_error,TIAA Bank Stadium,30.3239,-81.6373,,,,,,,,,,,,,,
2025_REG_01_CIN_CLE_20250907,2025-09-07 12:00:00,,,,,station_lookup_error,Huntington Bank Field,41.5061,-81.6995,,,,,,,,,,,,,,
2025_REG_01_DAL_PHI_20250904,2025-09-04 12:00:00,,,,,station_lookup_error,Lincoln Financial Field,39.9008,-75.1675,,,,,,,,,,,,,,
2025_REG_01_DET_GB_20250907,2025-09-07 12:00:00,,,,,station_lookup_error,Lambeau Field,44.5013,-88.0622,,,,,,,,,,,,,,
2025_REG_01_HOU_LAR_20250907,2025-09-07 12:00:00,70.0,0.0,0.0,INDOOR,indoor_controlled_daily_values,SoFi Stadium,33.9535,-118.3392,,,,70.0,70.0,70.0,,,,,,,,70.0
2025_REG_01_KC_LAC_20250905,2025-09-05 12:00:00,70.0,0.0,0.0,INDOOR,indoor_controlled_daily_values,SoFi Stadium,33.9535,-118.3392,,,,70.0,70.0,70.0,,,,,,,,70.0
2025_REG_01_LV_NE_20250907,2025-09-07 12:00:00,,,,,station_lookup_error,Gillette Stadium,42.0909,-71.2643,,,,,,,,,,,,,,
2025_REG_01_MIA_IND_20250907,2025-09-07 12:00:00,70.0,0.0,0.0,INDOOR,indoor_controlled_daily_values,Lucas Oil Stadium,39.7601,-86.1639,,,,70.0,70.0,70.0,,,,,,,,70.0
2025_REG_01_MIN_CHI_20250908,2025-09-08 12:00:00,,,,,station_lookup_error,Soldier Field,41.8623,-87.6167,,,,,,,,,,,,,,
2025_REG_01_NYG_WSH_20250907,2025-09-07 12:00:00,,,,,station_lookup_error,Northwest Stadium,38.9078,-76.8644,,,,,,,,,,,,,,
2025_REG_01_PIT_NYJ_20250907,2025-09-07 12:00:00,,,,,station_lookup_error,MetLife Stadium,40.8135,-74.0745,,,,,,,,,,,,,,
2025_REG_01_SF_SEA_20250907,2025-09-07 12:00:00,,,,,station_lookup_error,Lumen Field,47.5952,-122.3316,,,,,,,,,,,,,,
2025_REG_01_TB_ATL_20250907,2025-09-07 12:00:00,70.0,0.0,0.0,INDOOR,indoor_controlled_daily_values,Mercedes-Benz Stadium,33.7554,-84.4009,,,,70.0,70.0,70.0,,,,,,,,70.0
2025_REG_01_TEN_DEN_20250907,2025-09-07 12:00:00,,,,,station_lookup_error,Empower Field at Mile High,39.7439,-105.0201,,,,,,,,,,,,,,
2025_REG_02_ATL_MIN_20250914,2025-09-14 12:00:00,70.0,0.0,0.0,INDOOR,indoor_controlled_daily_values,U.S. Bank Stadium,44.9738,-93.2575,,,,70.0,70.0,70.0,,,,,,,,70.0
2025_REG_02_BUF_NYJ_20250914,2025-09-14 12:00:00,,,,,station_lookup_error,MetLife Stadium,40.8135,-74.0745,,,,,,,,,,,,,,
2025_REG_02_CAR_ARI_20250914,2025-09-14 12:00:00,70.0,0.0,0.0,INDOOR,indoor_controlled_daily_values,State Farm Stadium,33.5276,-112.2626,,,,70.0,70.0,70.0,,,,,,,,70.0
2025_REG_02_CHI_DET_20250914,2025-09-14 12:00:00,70.0,0.0,0.0,INDOOR,indoor_controlled_daily_values,Ford Field,42.34,-83.0456,,,,70.0,70.0,70.0,,,,,,,,70.0
2025_REG_02_CLE_BAL_20250914,2025-09-14 12:00:00,,,,,station_lookup_error,M&T Bank Stadium,39.278,-76.6227,,,,,,,,,,,,,,
2025_REG_02_DEN_IND_20250914,2025-09-14 12:00:00,70.0,0.0,0.0,INDOOR,indoor_controlled_daily_values,Lucas Oil Stadium,39.7601,-86.1639,,,,70.0,70.0,70.0,,,,,,,,70.0
2025_REG_02_JAX_CIN_20250914,2025-09-14 12:00:00,,,,,station_lookup_error,Paycor Stadium,39.0955,-84.516,,,,,,,,,,,,,,
2025_REG_02_LAC_LV_20250915,2025-09-15 12:00:00,70.0,0.0,0.0,INDOOR,indoor_controlled_daily_values,Allegiant Stadium,36.0908,-115.183,,,,70.0,70.0,70.0,,,,,,,,70.0
2025_REG_02_LAR_TEN_20250914,2025-09-14 12:00:00,,,,,station_lookup_error,Nissan Stadium,36.1665,-86.7713,,,,,,,,,,,,,,
2025_REG_02_NE_MIA_20250914,2025-09-14 12:00:00,,,,,station_lookup_error,Hard Rock Stadium,25.958,-80.2389,,,,,,,,,,,,,,
2025_REG_02_NYG_DAL_20250914,2025-09-14 12:00:00,70.0,0.0,0.0,INDOOR,indoor_controlled_daily_values,AT&T Stadium,32.7473,-97.0945,,,,70.0,70.0,70.0,,,,,,,,70.0
2025_REG_02_PHI_KC_20250914,2025-09-14 12:00:00,,,,,station_lookup_error,Arrowhead Stadium,39.0489,-94.4839,,,,,,,,,,,,,,
2025_REG_02_SEA_PIT_20250914,2025-09-14 12:00:00,,,,,station_lookup_error,Acrisure Stadium,40.4468,-80.0158,,,,,,,,,,,,,,
2025_REG_02_SF_NO_20250914,2025-09-14 12:00:00,70.0,0.0,0.0,INDOOR,indoor_controlled_daily_values,Caesars Superdome,29.9511,-90.0812,,,,70.0,70.0,70.0,,,,,,,,70.0
2025_REG_02_TB_HOU_20250915,2025-09-15 12:00:00,70.0,0.0,0.0,INDOOR,indoor_controlled_daily_values,NRG Stadium,29.6847,-95.4107,,,,70.0,70.0,70.0,,,,,,,,70.0
2025_REG_02_WSH_GB_20250911,2025-09-11 12:00:00,,,,,station_lookup_error,Lambeau Field,44.5013,-88.0622,,,,,,,,,,,,,,
2025_REG_03_ARI_SF_20250921,2025-09-21 12:00:00,,,,,station_lookup_error,Levi's Stadium,37.403,-121.97,,,,,,,,,,,,,,
2025_REG_03_ATL_CAR_20250921,2025-09-21 12:00:00,,,,,station_lookup_error,Bank of America Stadium,35.2258,-80.8528,,,,,,,,,,,,,,
2025_REG_03_CIN_MIN_20250921,2025-09-21 12:00:00,70.0,0.0,0.0,INDOOR,indoor_controlled_daily_values,U.S. Bank Stadium,44.9738,-93.2575,,,,70.0,70.0,70.0,,,,,,,,70.0
2025_REG_03_DAL_CHI_20250921,2025-09-21 12:00:00,,,,,station_lookup_error,Soldier Field,41.8623,-87.6167,,,,,,,,,,,,,,
2025_REG_03_DEN_LAC_20250921,2025-09-21 12:00:00,70.0,0.0,0.0,INDOOR,indoor_controlled_daily_values,SoFi Stadium,33.9535,-118.3392,,,,70.0,70.0,70.0,,,,,,,,70.0
2025_REG_03_DET_BAL_20250922,2025-09-22 12:00:00,,,,,station_lookup_error,M&T Bank Stadium,39.278,-76.6227,,,,,,,,,,,,,,
2025_REG_03_GB_CLE_20250921,2025-09-21 12:00:00,,,,,station_lookup_error,Huntington Bank Field,41.5061,-81.6995,,,,,,,,,,,,,,
2025_REG_03_HOU_JAX_20250921,2025-09-21 12:00:00,,,,,station_lookup_error,TIAA Bank Stadium,30.3239,-81.6373,,,,,,,,,,,,,,
2025_REG_03_IND_TEN_20250921,2025-09-21 12:00:00,,,,,station_lookup_error,Nissan Stadium,36.1665,-86.7713,,,,,,,,,,,,,,
2025_REG_03_KC_NYG_20250921,2025-09-21 12:00:00,,,,,station_lookup_error,MetLife Stadium,40.8135,-74.0745,,,,,,,,,,,,,,
2025_REG_03_LAR_PHI_20250921,2025-09-21 12:00:00,,,,,station_lookup_error,Lincoln Financial Field,39.9008,-75.1675,,,,,,,,,,,,,,
2025_REG_03_LV_WSH_20250921,2025-09-21 12:00:00,,,,,station_lookup_error,Northwest Stadium,38.9078,-76.8644,,,,,,,,,,,,,,
2025_REG_03_MIA_BUF_20250918,2025-09-18 12:00:00,,,,,station_lookup_error,Highmark Stadium,42.7738,-78.7868,,,,,,,,,,,,,,
2025_REG_03_NO_SEA_20250921,2025-09-21 12:00:00,,,,,station_lookup_error,Lumen Field,47.5952,-122.3316,,,,,,,,,,,,,,
2025_REG_03_NYJ_TB_20250921,2025-09-21 12:00:00,,,,,station_lookup_error,Raymond James Stadium,27.9759,-82.5033,,,,,,,,,,,,,,
2025_REG_03_PIT_NE_20250921,2025-09-21 12:00:00,,,,,station_lookup_error,Gillette Stadium,42.0909,-71.2643,,,,,,,,,,,,,,
2025_REG_04_BAL_KC_20250928,2025-09-28 12:00:00,,,,,station_lookup_error,Arrowhead Stadium,39.0489,-94.4839,,,,,,,,,,,,,,
2025_REG_04_CAR_NE_20250928,2025-09-28 12:00:00,,,,,station_lookup_error,Gillette Stadium,42.0909,-71.2643,,,,,,,,,,,,,,
2025_REG_04_CHI_LV_20250928,2025-09-28 12:00:00,70.0,0.0,0.0,INDOOR,indoor_controlled_daily_values,Allegiant Stadium,36.0908,-115.183,,,,70.0,70.0,70.0,,,,,,,,70.0
2025_REG_04_CIN_DEN_20250929,2025-09-29 12:00:00,,,,,station_lookup_error,Empower Field at Mile High,39.7439,-105.0201,,,,,,,,,,,,,,
2025_REG_04_CLE_DET_20250928,2025-09-28 12:00:00,70.0,0.0,0.0,INDOOR,indoor_controlled_daily_values,Ford Field,42.34,-83.0456,,,,70.0,70.0,70.0,,,,,,,,70.0
2025_REG_04_GB_DAL_20250928,2025-09-28 12:00:00,70.0,0.0,0.0,INDOOR,indoor_controlled_daily_values,AT&T Stadium,32.7473,-97.0945,,,,70.0,70.0,70.0,,,,,,,,70.0
2025_REG_04_IND_LAR_20250928,2025-09-28 12:00:00,70.0,0.0,0.0,INDOOR,indoor_controlled_daily_values,SoFi Stadium,33.9535,-118.3392,,,,70.0,70.0,70.0,,,,,,,,70.0
2025_REG_04_JAX_SF_20250928,2025-09-28 12:00:00,,,,,station_lookup_error,Levi's Stadium,37.403,-121.97,,,,,,,,,,,,,,
2025_REG_04_LAC_NYG_20250928,2025-09-28 12:00:00,,,,,station_lookup_error,MetLife Stadium,40.8135,-74.0745,,,,,,,,,,,,,,
2025_REG_04_MIN_PIT_20250928,2025-09-28 12:00:00,,,,,station_lookup_error,Acrisure Stadium,40.4468,-80.0158,,,,,,,,,,,,,,
2025_REG_04_NO_BUF_20250928,2025-09-28 12:00:00,,,,,station_lookup_error,Highmark Stadium,42.7738,-78.7868,,,,,,,,,,,,,,
2025_REG_04_NYJ_MIA_20250929,2025-09-29 12:00:00,,,,,station_lookup_error,Hard Rock Stadium,25.958,-80.2389,,,,,,,,,,,,,,
2025_REG_04_PHI_TB_20250928,2025-09-28 12:00:00,,,,,station_lookup_error,Raymond James Stadium,27.9759,-82.5033,,,,,,,,,,,,,,
2025_REG_04_SEA_ARI_20250925,2025-09-25 12:00:00,70.0,0.0,0.0,INDOOR,indoor_controlled_daily_values,State Farm Stadium,33.5276,-112.2626,,,,70.0,70.0,70.0,,,,,,,,70.0
2025_REG_04_TEN_HOU_20250928,2025-09-28 12:00:00,70.0,0.0,0.0,INDOOR,indoor_controlled_daily_values,NRG Stadium,29.6847,-95.4107,,,,70.0,70.0,70.0,,,,,,,,70.0
2025_REG_04_WSH_ATL_20250928,2025-09-28 12:00:00,70.0,0.0,0.0,INDOOR,indoor_controlled_daily_values,Mercedes-Benz Stadium,33.7554,-84.4009,,,,70.0,70.0,70.0,,,,,,,,70.0
2025_REG_05_DAL_NYJ_20251005,2025-10-05 12:00:00,,,,,station_lookup_error,MetLife Stadium,40.8135,-74.0745,,,,,,,,,,,,,,
2025_REG_05_DEN_PHI_20251005,2025-10-05 12:00:00,,,,,station_lookup_error,Lincoln Financial Field,39.9008,-75.1675,,,,,,,,,,,,,,
2025_REG_05_DET_CIN_20251005,2025-10-05 12:00:00,,,,,station_lookup_error,Paycor Stadium,39.0955,-84.516,,,,,,,,,,,,,,
2025_REG_05_HOU_BAL_20251005,2025-10-05 12:00:00,,,,,station_lookup_error,M&T Bank Stadium,39.278,-76.6227,,,,,,,,,,,,,,
2025_REG_05_KC_JAX_20251006,2025-10-06 12:00:00,,,,,station_lookup_error,TIAA Bank Stadium,30.3239,-81.6373,,,,,,,,,,,,,,
2025_REG_05_LV_IND_20251005,2025-10-05 12:00:00,70.0,0.0,0.0,INDOOR,indoor_controlled_daily_values,Lucas Oil Stadium,39.7601,-86.1639,,,,70.0,70.0,70.0,,,,,,,,70.0
2025_REG_05_MIA_CAR_20251005,2025-10-05 12:00:00,,,,,station_lookup_error,Bank of America Stadium,35.2258,-80.8528,,,,,,,,,,,,,,
2025_REG_05_MIN_CLE_20251005,2025-10-05 12:00:00,,,,,station_lookup_error,Huntington Bank Field,41.5061,-81.6995,,,,,,,,,,,,,,
2025_REG_05_NE_BUF_20251005,2025-10-05 12:00:00,,,,,station_lookup_error,Highmark Stadium,42.7738,-78.7868,,,,,,,,,,,,,,
2025_REG_05_NYG_NO_20251005,2025-10-05 12:00:00,70.0,0.0,0.0,INDOOR,indoor_controlled_daily_values,Caesars Superdome,29.9511,-90.0812,,,,70.0,70.0,70.0,,,,,,,,70.0
2025_REG_05_SF_LAR_20251002,2025-10-02 12:00:00,70.0,0.0,0.0,INDOOR,indoor_controlled_daily_values,SoFi Stadium,33.9535,-118.3392,,,,70.0,70.0,70.0,,,,,,,,70.0
2025_REG_05_TB_SEA_20251005,2025-10-05 12:00:00,,,,,station_lookup_error,Lumen Field,47.5952,-122.3316,,,,,,,,,,,,,,
2025_REG_05_TEN_ARI_20251005,2025-10-05 12:00:00,70.0,0.0,0.0,INDOOR,indoor_controlled_daily_values,State Farm Stadium,33.5276,-112.2626,,,,70.0,70.0,70.0,,,,,,,,70.0
2025_REG_05_WSH_LAC_20251005,2025-10-05 12:00:00,70.0,0.0,0.0,INDOOR,indoor_controlled_daily_values,SoFi Stadium,33.9535,-118.3392,,,,70.0,70.0,70.0,,,,,,,,70.0
2025_REG_06_ARI_IND_20251012,2025-10-12 12:00:00,70.0,0.0,0.0,INDOOR,indoor_controlled_daily_values,Lucas Oil Stadium,39.7601,-86.1639,,,,70.0,70.0,70.0,,,,,,,,70.0
2025_REG_06_BUF_ATL_20251013,2025-10-13 12:00:00,70.0,0.0,0.0,INDOOR,indoor_controlled_daily_values,Mercedes-Benz Stadium,33.7554,-84.4009,,,,70.0,70.0,70.0,,,,,,,,70.0
2025_REG_06_CHI_WSH_20251013,2025-10-13 12:00:00,,,,,station_lookup_error,Northwest Stadium,38.9078,-76.8644,,,,,,,,,,,,,,
2025_REG_06_CIN_GB_20251012,2025-10-12 12:00:00,,,,,station_lookup_error,Lambeau Field,44.5013,-88.0622,,,,,,,,,,,,,,
2025_REG_06_CLE_PIT_20251012,2025-10-12 12:00:00,,,,,station_lookup_error,Acrisure Stadium,40.4468,-80.0158,,,,,,,,,,,,,,
2025_REG_06_DAL_CAR_20251012,2025-10-12 12:00:00,,,,,station_lookup_error,Bank of America Stadium,35.2258,-80.8528,,,,,,,,,,,,,,
2025_REG_06_DEN_NYJ_20251012,2025-10-12 12:00:00,,,,,station_lookup_error,MetLife Stadium,40.8135,-74.0745,,,,,,,,,,,,,,
2025_REG_06_DET_KC_20251012,2025-10-12 12:00:00,,,,,station_lookup_error,Arrowhead Stadium,39.0489,-94.4839,,,,,,,,,,,,,,
2025_REG_06_LAC_MIA_20251012,2025-10-12 12:00:00,,,,,station_lookup_error,Hard Rock Stadium,25.958,-80.2389,,,,,,,,,,,,,,
2025_REG_06_LAR_BAL_20251012,2025-10-12 12:00:00,,,,,station_lookup_error,M&T Bank Stadium,39.278,-76.6227,,,,,,,,,,,,,,
2025_REG_06_NE_NO_20251012,2025-10-12 12:00:00,70.0,0.0,0.0,INDOOR,indoor_controlled_daily_values,Caesars Superdome,29.9511,-90.0812,,,,70.0,70.0,70.0,,,,,,,,70.0
2025_REG_06_PHI_NYG_20251009,2025-10-09 12:00:00,,,,,station_lookup_error,MetLife Stadium,40.8135,-74.0745,,,,,,,,,,,,,,
2025_REG_06_SEA_JAX_20251012,2025-10-12 12:00:00,,,,,station_lookup_error,TIAA Bank Stadium,30.3239,-81.6373,,,,,,,,,,,,,,
2025_REG_06_SF_TB_20251012,2025-10-12 12:00:00,,,,,station_lookup_error,Raymond James Stadium,27.9759,-82.5033,,,,,,,,,,,,,,
2025_REG_06_TEN_LV_20251012,2025-10-12 12:00:00,70.0,0.0,0.0,INDOOR,indoor_controlled_daily_values,Allegiant Stadium,36.0908,-115.183,,,,70.0,70.0,70.0,,,,,,,,70.0
2025_REG_07_ATL_SF_20251019,2025-10-19 12:00:00,,,,,station_lookup_error,Levi's Stadium,37.403,-121.97,,,,,,,,,,,,,,
2025_REG_07_CAR_NYJ_20251019,2025-10-19 12:00:00,,,,,station_lookup_error,MetLife Stadium,40.8135,-74.0745,,,,,,,,,,,,,,
2025_REG_07_GB_ARI_20251019,2025-10-19 12:00:00,70.0,0.0,0.0,INDOOR,indoor_controlled_daily_values,State Farm Stadium,33.5276,-112.2626,,,,70.0,70.0,70.0,,,,,,,,70.0
2025_REG_07_HOU_SEA_20251020,2025-10-20 12:00:00,,,,,station_lookup_error,Lumen Field,47.5952,-122.3316,,,,,,,,,,,,,,
2025_REG_07_IND_LAC_20251019,2025-10-19 12:00:00,70.0,0.0,0.0,INDOOR,indoor_controlled_daily_values,SoFi Stadium,33.9535,-118.3392,,,,70.0,70.0,70.0,,,,,,,,70.0
2025_REG_07_LAR_JAX_20251019,2025-10-19 12:00:00,,,,,station_lookup_error,TIAA Bank Stadium,30.3239,-81.6373,,,,,,,,,,,,,,
2025_REG_07_LV_KC_20251019,2025-10-19 12:00:00,,,,,station_lookup_error,Arrowhead Stadium,39.0489,-94.4839,,,,,,,,,,,,,,
2025_REG_07_MIA_CLE_20251019,2025-10-19 12:00:00,,,,,station_lookup_error,Huntington Bank Field,41.5061,-81.6995,,,,,,,,,,,,,,
2025_REG_07_NE_TEN_20251019,2025-10-19 12:00:00,,,,,station_lookup_error,Nissan Stadium,36.1665,-86.7713,,,,,,,,,,,,,,
2025_REG_07_NO_CHI_20251019,2025-10-19 12:00:00,,,,,station_lookup_error,Soldier Field,41.8623,-87.6167,,,,,,,,,,,,,,
2025_REG_07_NYG_DEN_20251019,2025-10-19 12:00:00,,,,,station_lookup_error,Empower Field at Mile High,39.7439,-105.0201,,,,,,,,,,,,,,
2025_REG_07_PHI_MIN_20251019,2025-10-19 12:00:00,70.0,0.0,0.0,INDOOR,indoor_controlled_daily_values,U.S. Bank Stadium,44.9738,-93.2575,,,,70.0,70.0,70.0,,,,,,,,70.0
2025_REG_07_PIT_CIN_20251016,2025-10-16 12:00:00,,,,,station_lookup_error,Paycor Stadium,39.0955,-84.516,,,,,,,,,,,,,,
2025_REG_07_TB_DET_20251020,2025-10-20 12:00:00,70.0,0.0,0.0,INDOOR,indoor_controlled_daily_values,Ford Field,42.34,-83.0456,,,,70.0,70.0,70.0,,,,,,,,70.0
2025_REG_07_WSH_DAL_20251019,2025-10-19 12:00:00,70.0,0.0,0.0,INDOOR,indoor_controlled_daily_values,AT&T Stadium,32.7473,-97.0945,,,,70.0,70.0,70.0,,,,,,,,70.0
2025_REG_08_BUF_CAR_20251026,2025-10-26 12:00:00,,,,,station_lookup_error,Bank of America Stadium,35.2258,-80.8528,,,,,,,,,,,,,,
2025_REG_08_CHI_BAL_20251026,2025-10-26 12:00:00,,,,,station_lookup_error,M&T Bank Stadium,39.278,-76.6227,,,,,,,,,,,,,,
2025_REG_08_CLE_NE_20251026,2025-10-26 12:00:00,,,,,station_lookup_error,Gillette Stadium,42.0909,-71.2643,,,,,,,,,,,,,,
2025_REG_08_DAL_DEN_20251026,2025-10-26 12:00:00,,,,,station_lookup_error,Empower Field at Mile High,39.7439,-105.0201,,,,,,,,,,,,,,
2025_REG_08_GB_PIT_20251026,2025-10-26 12:00:00,,,,,station_lookup_error,Acrisure Stadium,40.4468,-80.0158,,,,,,,,,,,,,,
2025_REG_08_MIA_ATL_20251026,2025-10-26 12:00:00,70.0,0.0,0.0,INDOOR,indoor_controlled_daily_values,Mercedes-Benz Stadium,33.7554,-84.4009,,,,70.0,70.0,70.0,,,,,,,,70.0
2025_REG_08_MIN_LAC_20251023,2025-10-23 12:00:00,70.0,0.0,0.0,INDOOR,indoor_controlled_daily_values,SoFi Stadium,33.9535,-118.3392,,,,70.0,70.0,70.0,,,,,,,,70.0
2025_REG_08_NYG_PHI_20251026,2025-10-26 12:00:00,,,,,station_lookup_error,Lincoln Financial Field,39.9008,-75.1675,,,,,,,,,,,,,,
2025_REG_08_NYJ_CIN_20251026,2025-10-26 12:00:00,,,,,station_lookup_error,Paycor Stadium,39.0955,-84.516,,,,,,,,,,,,,,
2025_REG_08_SF_HOU_20251026,2025-10-26 12:00:00,70.0,0.0,0.0,INDOOR,indoor_controlled_daily_values,NRG Stadium,29.6847,-95.4107,,,,70.0,70.0,70.0,,,,,,,,70.0
2025_REG_08_TB_NO_20251026,2025-10-26 12:00:00,70.0,0.0,0.0,INDOOR,indoor_controlled_daily_values,Caesars Superdome,29.9511,-90.0812,,,,70.0,70.0,70.0,,,,,,,,70.0
2025_REG_08_TEN_IND_20251026,2025-10-26 12:00:00,70.0,0.0,0.0,INDOOR,indoor_controlled_daily_values,Lucas Oil Stadium,39.7601,-86.1639,,,,70.0,70.0,70.0,,,,,,,,70.0
2025_REG_08_WSH_KC_20251027,2025-10-27 12:00:00,,,,,station_lookup_error,Arrowhead Stadium,39.0489,-94.4839,,,,,,,,,,,,,,
2025_REG_09_ARI_DAL_20251103,2025-11-03 12:00:00,70.0,0.0,0.0,INDOOR,indoor_controlled_daily_values,AT&T Stadium,32.7473,-97.0945,,,,70.0,70.0,70.0,,,,,,,,70.0
2025_REG_09_ATL_NE_20251102,2025-11-02 12:00:00,,,,,station_lookup_error,Gillette Stadium,42.0909,-71.2643,,,,,,,,,,,,,,
2025_REG_09_BAL_MIA_20251030,2025-10-30 12:00:00,,,,,station_lookup_error,Hard Rock Stadium,25.958,-80.2389,,,,,,,,,,,,,,
2025_REG_09_CAR_GB_20251102,2025-11-02 12:00:00,,,,,station_lookup_error,Lambeau Field,44.5013,-88.0622,,,,,,,,,,,,,,
2025_REG_09_CHI_CIN_20251102,2025-11-02 12:00:00,,,,,station_lookup_error,Paycor Stadium,39.0955,-84.516,,,,,,,,,,,,,,
2025_REG_09_DEN_HOU_20251102,2025-11-02 12:00:00,70.0,0.0,0.0,INDOOR,indoor_controlled_daily_values,NRG Stadium,29.6847,-95.4107,,,,70.0,70.0,70.0,,,,,,,,70.0
2025_REG_09_IND_PIT_20251102,2025-11-02 12:00:00,,,,,station_lookup_error,Acrisure Stadium,40.4468,-80.0158,,,,,,,,,,,,,,
2025_REG_09_JAX_LV_20251102,2025-11-02 12:00:00,70.0,0.0,0.0,INDOOR,indoor_controlled_daily_values,Allegiant Stadium,36.0908,-115.183,,,,70.0,70.0,70.0,,,,,,,,70.0
2025_REG_09_KC_BUF_20251102,2025-11-02 12:00:00,,,,,station_lookup_error,Highmark Stadium,42.7738,-78.7868,,,,,,,,,,,,,,
2025_REG_09_LAC_TEN_20251102,2025-11-02 12:00:00,,,,,station_lookup_error,Nissan Stadium,36.1665,-86.7713,,,,,,,,,,,,,,
2025_REG_09_MIN_DET_20251102,2025-11-02 12:00:00,70.0,0.0,0.0,INDOOR,indoor_controlled_daily_values,Ford Field,42.34,-83.0456,,,,70.0,70.0,70.0,,,,,,,,70.0
2025_REG_09_NO_LAR_20251102,2025-11-02 12:00:00,70.0,0.0,0.0,INDOOR,indoor_controlled_daily_values,SoFi Stadium,33.9535,-118.3392,,,,70.0,70.0,70.0,,,,,,,,70.0
2025_REG_09_SEA_WSH_20251102,2025-11-02 12:00:00,,,,,station_lookup_error,Northwest Stadium,38.9078,-76.8644,,,,,,,,,,,,,,
2025_REG_09_SF_NYG_20251102,2025-11-02 12:00:00,,,,,station_lookup_error,MetLife Stadium,40.8135,-74.0745,,,,,,,,,,,,,,
2025_REG_10_ARI_SEA_20251109,2025-11-09 12:00:00,,,,,station_lookup_error,Lumen Field,47.5952,-122.3316,,,,,,,,,,,,,,
2025_REG_10_ATL_IND_20251109,2025-11-09 12:00:00,70.0,0.0,0.0,INDOOR,indoor_controlled_daily_values,Lucas Oil Stadium,39.7601,-86.1639,,,,70.0,70.0,70.0,,,,,,,,70.0
2025_REG_10_BAL_MIN_20251109,2025-11-09 12:00:00,70.0,0.0,0.0,INDOOR,indoor_controlled_daily_values,U.S. Bank Stadium,44.9738,-93.2575,,,,70.0,70.0,70.0,,,,,,,,70.0
2025_REG_10_BUF_MIA_20251109,2025-11-09 12:00:00,,,,,station_lookup_error,Hard Rock Stadium,25.958,-80.2389,,,,,,,,,,,,,,
2025_REG_10_CLE_NYJ_20251109,2025-11-09 12:00:00,,,,,station_lookup_error,MetLife Stadium,40.8135,-74.0745,,,,,,,,,,,,,,
2025_REG_10_DET_WSH_20251109,2025-11-09 12:00:00,,,,,station_lookup_error,Northwest Stadium,38.9078,-76.8644,,,,,,,,,,,,,,
2025_REG_10_JAX_HOU_20251109,2025-11-09 12:00:00,70.0,0.0,0.0,INDOOR,indoor_controlled_daily_values,NRG Stadium,29.6847,-95.4107,,,,70.0,70.0,70.0,,,,,,,,70.0
2025_REG_10_LAR_SF_20251109,2025-11-09 12:00:00,,,,,station_lookup_error,Levi's Stadium,37.403,-121.97,,,,,,,,,,,,,,
2025_REG_10_LV_DEN_20251106,2025-11-06 12:00:00,,,,,station_lookup_error,Empower Field at Mile High,39.7439,-105.0201,,,,,,,,,,,,,,
2025_REG_10_NE_TB_20251109,2025-11-09 12:00:00,,,,,station_lookup_error,Raymond James Stadium,27.9759,-82.5033,,,,,,,,,,,,,,
2025_REG_10_NO_CAR_20251109,2025-11-09 12:00:00,,,,,station_lookup_error,Bank of America Stadium,35.2258,-80.8528,,,,,,,,,,,,,,
2025_REG_10_NYG_CHI_20251109,2025-11-09 12:00:00,,,,,station_lookup_error,Soldier Field,41.8623,-87.6167,,,,,,,,,,,,,,
2025_REG_10_PHI_GB_20251110,2025-11-10 12:00:00,,,,,station_lookup_error,Lambeau Field,44.5013,-88.0622,,,,,,,,,,,,,,
2025_REG_10_PIT_LAC_20251109,2025-11-09 12:00:00,70.0,0.0,0.0,INDOOR,indoor_controlled_daily_values,SoFi Stadium,33.9535,-118.3392,,,,70.0,70.0,70.0,,,,,,,,70.0
2025_REG_11_BAL_CLE_20251116,2025-11-16 12:00:00,,,,,station_lookup_error,Huntington Bank Field,41.5061,-81.6995,,,,,,,,,,,,,,
2025_REG_11_CAR_ATL_20251116,2025-11-16 12:00:00,70.0,0.0,0.0,INDOOR,indoor_controlled_daily_values,Mercedes-Benz Stadium,33.7554,-84.4009,,,,70.0,70.0,70.0,,,,,,,,70.0
2025_REG_11_CHI_MIN_20251116,2025-11-16 12:00:00,70.0,0.0,0.0,INDOOR,indoor_controlled_daily_values,U.S. Bank Stadium,44.9738,-93.2575,,,,70.0,70.0,70.0,,,,,,,,70.0
2025_REG_11_CIN_PIT_20251116,2025-11-16 12:00:00,,,,,station_lookup_error,Acrisure Stadium,40.4468,-80.0158,,,,,,,,,,,,,,
2025_REG_11_DAL_LV_20251117,2025-11-17 12:00:00,70.0,0.0,0.0,INDOOR,indoor_controlled_daily_values,Allegiant Stadium,36.0908,-115.183,,,,70.0,70.0,70.0,,,,,,,,70.0
2025_REG_11_DET_PHI_20251116,2025-11-16 12:00:00,,,,,station_lookup_error,Lincoln Financial Field,39.9008,-75.1675,,,,,,,,,,,,,,
2025_REG_11_GB_NYG_20251116,2025-11-16 12:00:00,,,,,station_lookup_error,MetLife Stadium,40.8135,-74.0745,,,,,,,,,,,,,,
2025_REG_11_HOU_TEN_20251116,2025-11-16 12:00:00,,,,,station_lookup_error,Nissan Stadium,36.1665,-86.7713,,,,,,,,,,,,,,
2025_REG_11_KC_DEN_20251116,2025-11-16 12:00:00,,,,,station_lookup_error,Empower Field at Mile High,39.7439,-105.0201,,,,,,,,,,,,,,
2025_REG_11_LAC_JAX_20251116,2025-11-16 12:00:00,,,,,station_lookup_error,TIAA Bank Stadium,30.3239,-81.6373,,,,,,,,,,,,,,
2025_REG_11_NYJ_NE_20251113,2025-11-13 12:00:00,,,,,station_lookup_error,Gillette Stadium,42.0909,-71.2643,,,,,,,,,,,,,,
2025_REG_11_SEA_LAR_20251116,2025-11-16 12:00:00,70.0,0.0,0.0,INDOOR,indoor_controlled_daily_values,SoFi Stadium,33.9535,-118.3392,,,,70.0,70.0,70.0,,,,,,,,70.0
2025_REG_11_SF_ARI_20251116,2025-11-16 12:00:00,70.0,0.0,0.0,INDOOR,indoor_controlled_daily_values,State Farm Stadium,33.5276,-112.2626,,,,70.0,70.0,70.0,,,,,,,,70.0
2025_REG_11_TB_BUF_20251116,2025-11-16 12:00:00,,,,,station_lookup_error,Highmark Stadium,42.7738,-78.7868,,,,,,,,,,,,,,
2025_REG_11_WSH_MIA_20251116,2025-11-16 12:00:00,,,,,station_lookup_error,Hard Rock Stadium,25.958,-80.2389,,,,,,,,,,,,,,
2025_REG_12_ATL_NO_20251123,2025-11-23 12:00:00,70.0,0.0,0.0,INDOOR,indoor_controlled_daily_values,Caesars Superdome,29.9511,-90.0812,,,,70.0,70.0,70.0,,,,,,,,70.0
2025_REG_12_BUF_HOU_20251120,2025-11-20 12:00:00,70.0,0.0,0.0,INDOOR,indoor_controlled_daily_values,NRG Stadium,29.6847,-95.4107,,,,70.0,70.0,70.0,,,,,,,,70.0
2025_REG_12_CAR_SF_20251124,2025-11-24 12:00:00,,,,,station_lookup_error,Levi's Stadium,37.403,-121.97,,,,,,,,,,,,,,
2025_REG_12_CLE_LV_20251123,2025-11-23 12:00:00,70.0,0.0,0.0,INDOOR,indoor_controlled_daily_values,Allegiant Stadium,36.0908,-115.183,,,,70.0,70.0,70.0,,,,,,,,70.0
2025_REG_12_IND_KC_20251123,2025-11-23 12:00:00,,,,,station_lookup_error,Arrowhead Stadium,39.0489,-94.4839,,,,,,,,,,,,,,
2025_REG_12_JAX_ARI_20251123,2025-11-23 12:00:00,70.0,0.0,0.0,INDOOR,indoor_controlled_daily_values,State Farm Stadium,33.5276,-112.2626,,,,70.0,70.0,70.0,,,,,,,,70.0
2025_REG_12_MIN_GB_20251123,2025-11-23 12:00:00,,,,,station_lookup_error,Lambeau Field,44.5013,-88.0622,,,,,,,,,,,,,,
2025_REG_12_NE_CIN_20251123,2025-11-23 12:00:00,,,,,station_lookup_error,Paycor Stadium,39.0955,-84.516,,,,,,,,,,,,,,
2025_REG_12_NYG_DET_20251123,2025-11-23 12:00:00,70.0,0.0,0.0,INDOOR,indoor_controlled_daily_values,Ford Field,42.34,-83.0456,,,,70.0,70.0,70.0,,,,,,,,70.0
2025_REG_12_NYJ_BAL_20251123,2025-11-23 12:00:00,,,,,station_lookup_error,M&T Bank Stadium,39.278,-76.6227,,,,,,,,,,,,,,
2025_REG_12_PHI_DAL_20251123,2025-11-23 12:00:00,70.0,0.0,0.0,INDOOR,indoor_controlled_daily_values,AT&T Stadium,32.7473,-97.0945,,,,70.0,70.0,70.0,,,,,,,,70.0
2025_REG_12_PIT_CHI_20251123,2025-11-23 12:00:00,,,,,station_lookup_error,Soldier Field,41.8623,-87.6167,,,,,,,,,,,,,,
2025_REG_12_SEA_TEN_20251123,2025-11-23 12:00:00,,,,,station_lookup_error,Nissan Stadium,36.1665,-86.7713,,,,,,,,,,,,,,
2025_REG_12_TB_LAR_20251123,2025-11-23 12:00:00,70.0,0.0,0.0,INDOOR,indoor_controlled_daily_values,SoFi Stadium,33.9535,-118.3392,,,,70.0,70.0,70.0,,,,,,,,70.0
2025_REG_13_ARI_TB_20251130,2025-11-30 12:00:00,,,,,station_lookup_error,Raymond James Stadium,27.9759,-82.5033,,,,,,,,,,,,,,
2025_REG_13_ATL_NYJ_20251130,2025-11-30 12:00:00,,,,,station_lookup_error,MetLife Stadium,40.8135,-74.0745,,,,,,,,,,,,,,
2025_REG_13_BUF_PIT_20251130,2025-11-30 12:00:00,,,,,station_lookup_error,Acrisure Stadium,40.4468,-80.0158,,,,,,,,,,,,,,
2025_REG_13_CHI_PHI_20251128,2025-11-28 12:00:00,,,,,station_lookup_error,Lincoln Financial Field,39.9008,-75.1675,,,,,,,,,,,,,,
2025_REG_13_CIN_BAL_20251127,2025-11-27 12:00:00,,,,,station_lookup_error,M&T Bank Stadium,39.278,-76.6227,,,,,,,,,,,,,,
2025_REG_13_DEN_WSH_20251130,2025-11-30 12:00:00,,,,,station_lookup_error,Northwest Stadium,38.9078,-76.8644,,,,,,,,,,,,,,
2025_REG_13_GB_DET_20251127,2025-11-27 12:00:00,70.0,0.0,0.0,INDOOR,indoor_controlled_daily_values,Ford Field,42.34,-83.0456,,,,70.0,70.0,70.0,,,,,,,,70.0
2025_REG_13_HOU_IND_20251130,2025-11-30 12:00:00,70.0,0.0,0.0,INDOOR,indoor_controlled_daily_values,Lucas Oil Stadium,39.7601,-86.1639,,,,70.0,70.0,70.0,,,,,,,,70.0
2025_REG_13_JAX_TEN_20251130,2025-11-30 12:00:00,,,,,station_lookup_error,Nissan Stadium,36.1665,-86.7713,,,,,,,,,,,,,,
2025_REG_13_KC_DAL_20251127,2025-11-27 12:00:00,70.0,0.0,0.0,INDOOR,indoor_controlled_daily_values,AT&T Stadium,32.7473,-97.0945,,,,70.0,70.0,70.0,,,,,,,,70.0
2025_REG_13_LAR_CAR_20251130,2025-11-30 12:00:00,,,,,station_lookup_error,Bank of America Stadium,35.2258,-80.8528,,,,,,,,,,,,,,
2025_REG_13_LV_LAC_20251130,2025-11-30 12:00:00,70.0,0.0,0.0,INDOOR,indoor_controlled_daily_values,SoFi Stadium,33.9535,-118.3392,,,,70.0,70.0,70.0,,,,,,,,70.0
2025_REG_13_MIN_SEA_20251130,2025-11-30 12:00:00,,,,,station_lookup_error,Lumen Field,47.5952,-122.3316,,,,,,,,,,,,,,
2025_REG_13_NO_MIA_20251130,2025-11-30 12:00:00,,,,,station_lookup_error,Hard Rock Stadium,25.958,-80.2389,,,,,,,,,,,,,,
2025_REG_13_NYG_NE_20251201,2025-12-01 12:00:00,,,,,station_lookup_error,Gillette Stadium,42.0909,-71.2643,,,,,,,,,,,,,,
2025_REG_13_SF_CLE_20251130,2025-11-30 12:00:00,,,,,station_lookup_error,Huntington Bank Field,41.5061,-81.6995,,,,,,,,,,,,,,
2025_REG_14_CHI_GB_20251207,2025-12-07 12:00:00,,,,,station_lookup_error,Lambeau Field,44.5013,-88.0622,,,,,,,,,,,,,,
2025_REG_14_CIN_BUF_20251207,2025-12-07 12:00:00,,,,,station_lookup_error,Highmark Stadium,42.7738,-78.7868,,,,,,,,,,,,,,
2025_REG_14_DAL_DET_20251204,2025-12-04 12:00:00,70.0,0.0,0.0,INDOOR,indoor_controlled_daily_values,Ford Field,42.34,-83.0456,,,,70.0,70.0,70.0,,,,,,,,70.0
2025_REG_14_DEN_LV_20251207,2025-12-07 12:00:00,70.0,0.0,0.0,INDOOR,indoor_controlled_daily_values,Allegiant Stadium,36.0908,-115.183,,,,70.0,70.0,70.0,,,,,,,,70.0
2025_REG_14_HOU_KC_20251207,2025-12-07 12:00:00,,,,,station_lookup_error,Arrowhead Stadium,39.0489,-94.4839,,,,,,,,,,,,,,
2025_REG_14_IND_JAX_20251207,2025-12-07 12:00:00,,,,,station_lookup_error,TIAA Bank Stadium,30.3239,-81.6373,,,,,,,,,,,,,,
2025_REG_14_LAR_ARI_20251207,2025-12-07 12:00:00,70.0,0.0,0.0,INDOOR,indoor_controlled_daily_values,State Farm Stadium,33.5276,-112.2626,,,,70.0,70.0,70.0,,,,,,,,70.0
2025_REG_14_MIA_NYJ_20251207,2025-12-07 12:00:00,,,,,station_lookup_error,MetLife Stadium,40.8135,-74.0745,,,,,,,,,,,,,,
2025_REG_14_NO_TB_20251207,2025-12-07 12:00:00,,,,,station_lookup_error,Raymond James Stadium,27.9759,-82.5033,,,,,,,,,,,,,,
2025_REG_14_PHI_LAC_20251208,2025-12-08 12:00:00,70.0,0.0,0.0,INDOOR,indoor_controlled_daily_values,SoFi Stadium,33.9535,-118.3392,,,,70.0,70.0,70.0,,,,,,,,70.0
2025_REG_14_PIT_BAL_20251207,2025-12-07 12:00:00,,,,,station_lookup_error,M&T Bank Stadium,39.278,-76.6227,,,,,,,,,,,,,,
2025_REG_14_SEA_ATL_20251207,2025-12-07 12:00:00,70.0,0.0,0.0,INDOOR,indoor_controlled_daily_values,Mercedes-Benz Stadium,33.7554,-84.4009,,,,70.0,70.0,70.0,,,,,,,,70.0
2025_REG_14_TEN_CLE_20251207,2025-12-07 12:00:00,,,,,station_lookup_error,Huntington Bank Field,41.5061,-81.6995,,,,,,,,,,,,,,
2025_REG_14_WSH_MIN_20251207,2025-12-07 12:00:00,70.0,0.0,0.0,INDOOR,indoor_controlled_daily_values,U.S. Bank Stadium,44.9738,-93.2575,,,,70.0,70.0,70.0,,,,,,,,70.0
2025_REG_15_ARI_HOU_20251214,2025-12-14 12:00:00,70.0,0.0,0.0,INDOOR,indoor_controlled_daily_values,NRG Stadium,29.6847,-95.4107,,,,70.0,70.0,70.0,,,,,,,,70.0
2025_REG_15_ATL_TB_20251211,2025-12-11 12:00:00,,,,,station_lookup_error,Raymond James Stadium,27.9759,-82.5033,,,,,,,,,,,,,,
2025_REG_15_BAL_CIN_20251214,2025-12-14 12:00:00,,,,,station_lookup_error,Paycor Stadium,39.0955,-84.516,,,,,,,,,,,,,,
2025_REG_15_BUF_NE_20251214,2025-12-14 12:00:00,,,,,station_lookup_error,Gillette Stadium,42.0909,-71.2643,,,,,,,,,,,,,,
2025_REG_15_CAR_NO_20251214,2025-12-14 12:00:00,70.0,0.0,0.0,INDOOR,indoor_controlled_daily_values,Caesars Superdome,29.9511,-90.0812,,,,70.0,70.0,70.0,,,,,,,,70.0
2025_REG_15_CLE_CHI_20251214,2025-12-14 12:00:00,,,,,station_lookup_error,Soldier Field,41.8623,-87.6167,,,,,,,,,,,,,,
2025_REG_15_DET_LAR_20251214,2025-12-14 12:00:00,70.0,0.0,0.0,INDOOR,indoor_controlled_daily_values,SoFi Stadium,33.9535,-118.3392,,,,70.0,70.0,70.0,,,,,,,,70.0
2025_REG_15_GB_DEN_20251214,2025-12-14 12:00:00,,,,,station_lookup_error,Empower Field at Mile High,39.7439,-105.0201,,,,,,,,,,,,,,
2025_REG_15_IND_SEA_20251214,2025-12-14 12:00:00,,,,,station_lookup_error,Lumen Field,47.5952,-122.3316,,,,,,,,,,,,,,
2025_REG_15_LAC_KC_20251214,2025-12-14 12:00:00,,,,,station_lookup_error,Arrowhead Stadium,39.0489,-94.4839,,,,,,,,,,,,,,
2025_REG_15_LV_PHI_20251214,2025-12-14 12:00:00,,,,,station_lookup_error,Lincoln Financial Field,39.9008,-75.1675,,,,,,,,,,,,,,
2025_REG_15_MIA_PIT_20251215,2025-12-15 12:00:00,,,,,station_lookup_error,Acrisure Stadium,40.4468,-80.0158,,,,,,,,,,,,,,
2025_REG_15_MIN_DAL_20251214,2025-12-14 12:00:00,70.0,0.0,0.0,INDOOR,indoor_controlled_daily_values,AT&T Stadium,32.7473,-97.0945,,,,70.0,70.0,70.0,,,,,,,,70.0
2025_REG_15_NYJ_JAX_20251214,2025-12-14 12:00:00,,,,,station_lookup_error,TIAA Bank Stadium,30.3239,-81.6373,,,,,,,,,,,,,,
2025_REG_15_TEN_SF_20251214,2025-12-14 12:00:00,,,,,station_lookup_error,Levi's Stadium,37.403,-121.97,,,,,,,,,,,,,,
2025_REG_15_WSH_NYG_20251214,2025-12-14 12:00:00,,,,,station_lookup_error,MetLife Stadium,40.8135,-74.0745,,,,,,,,,,,,,,
2025_REG_16_ATL_ARI_20251221,2025-12-21 12:00:00,70.0,0.0,0.0,INDOOR,indoor_controlled_daily_values,State Farm Stadium,33.5276,-112.2626,,,,70.0,70.0,70.0,,,,,,,,70.0
2025_REG_16_BUF_CLE_20251221,2025-12-21 12:00:00,,,,,station_lookup_error,Huntington Bank Field,41.5061,-81.6995,,,,,,,,,,,,,,
2025_REG_16_CIN_MIA_20251221,2025-12-21 12:00:00,,,,,station_lookup_error,Hard Rock Stadium,25.958,-80.2389,,,,,,,,,,,,,,
2025_REG_16_GB_CHI_20251220,2025-12-20 12:00:00,,,,,station_lookup_error,Soldier Field,41.8623,-87.6167,,,,,,,,,,,,,,
2025_REG_16_JAX_DEN_20251221,2025-12-21 12:00:00,,,,,station_lookup_error,Empower Field at Mile High,39.7439,-105.0201,,,,,,,,,,,,,,
2025_REG_16_KC_TEN_20251221,2025-12-21 12:00:00,,,,,station_lookup_error,Nissan Stadium,36.1665,-86.7713,,,,,,,,,,,,,,
2025_REG_16_LAC_DAL_20251221,2025-12-21 12:00:00,70.0,0.0,0.0,INDOOR,indoor_controlled_daily_values,AT&T Stadium,32.7473,-97.0945,,,,70.0,70.0,70.0,,,,,,,,70.0
2025_REG_16_LAR_SEA_20251218,2025-12-18 12:00:00,,,,,station_lookup_error,Lumen Field,47.5952,-122.3316,,,,,,,,,,,,,,
2025_REG_16_LV_HOU_20251221,2025-12-21 12:00:00,70.0,0.0,0.0,INDOOR,indoor_controlled_daily_values,NRG Stadium,29.6847,-95.4107,,,,70.0,70.0,70.0,,,,,,,,70.0
2025_REG_16_MIN_NYG_20251221,2025-12-21 12:00:00,,,,,station_lookup_error,MetLife Stadium,40.8135,-74.0745,,,,,,,,,,,,,,
2025_REG_16_NE_BAL_20251221,2025-12-21 12:00:00,,,,,station_lookup_error,M&T Bank Stadium,39.278,-76.6227,,,,,,,,,,,,,,
2025_REG_16_NYJ_NO_20251221,2025-12-21 12:00:00,70.0,0.0,0.0,INDOOR,indoor_controlled_daily_values,Caesars Superdome,29.9511,-90.0812,,,,70.0,70.0,70.0,,,,,,,,70.0
2025_REG_16_PHI_WSH_20251220,2025-12-20 12:00:00,,,,,station_lookup_error,Northwest Stadium,38.9078,-76.8644,,,,,,,,,,,,,,
2025_REG_16_PIT_DET_20251221,2025-12-21 12:00:00,70.0,0.0,0.0,INDOOR,indoor_controlled_daily_values,Ford Field,42.34,-83.0456,,,,70.0,70.0,70.0,,,,,,,,70.0
2025_REG_16_SF_IND_20251222,2025-12-22 12:00:00,70.0,0.0,0.0,INDOOR,indoor_controlled_daily_values,Lucas Oil Stadium,39.7601,-86.1639,,,,70.0,70.0,70.0,,,,,,,,70.0
2025_REG_16_TB_CAR_20251221,2025-12-21 12:00:00,,,,,station_lookup_error,Bank of America Stadium,35.2258,-80.8528,,,,,,,,,,,,,,
2025_REG_17_ARI_CIN_20251228,2025-12-28 12:00:00,,,,,station_lookup_error,Paycor Stadium,39.0955,-84.516,,,,,,,,,,,,,,
2025_REG_17_BAL_GB_20251227,2025-12-27 12:00:00,,,,,station_lookup_error,Lambeau Field,44.5013,-88.0622,,,,,,,,,,,,,,
2025_REG_17_CHI_SF_20251228,2025-12-28 12:00:00,,,,,station_lookup_error,Levi's Stadium,37.403,-121.97,,,,,,,,,,,,,,
2025_REG_17_DAL_WSH_20251225,2025-12-25 12:00:00,,,,,station_lookup_error,Northwest Stadium,38.9078,-76.8644,,,,,,,,,,,,,,
2025_REG_17_DEN_KC_20251225,2025-12-25 12:00:00,,,,,station_lookup_error,Arrowhead Stadium,39.0489,-94.4839,,,,,,,,,,,,,,
2025_REG_17_DET_MIN_20251225,2025-12-25 12:00:00,70.0,0.0,0.0,INDOOR,indoor_controlled_daily_values,U.S. Bank Stadium,44.9738,-93.2575,,,,70.0,70.0,70.0,,,,,,,,70.0
2025_REG_17_HOU_LAC_20251227,2025-12-27 12:00:00,70.0,0.0,0.0,INDOOR,indoor_controlled_daily_values,SoFi Stadium,33.9535,-118.3392,,,,70.0,70.0,70.0,,,,,,,,70.0
2025_REG_17_JAX_IND_20251228,2025-12-28 12:00:00,70.0,0.0,0.0,INDOOR,indoor_controlled_daily_values,Lucas Oil Stadium,39.7601,-86.1639,,,,70.0,70.0,70.0,,,,,,,,70.0
2025_REG_17_LAR_ATL_20251229,2025-12-29 12:00:00,70.0,0.0,0.0,INDOOR,indoor_controlled_daily_values,Mercedes-Benz Stadium,33.7554,-84.4009,,,,70.0,70.0,70.0,,,,,,,,70.0
2025_REG_17_NE_NYJ_20251228,2025-12-28 12:00:00,,,,,station_lookup_error,MetLife Stadium,40.8135,-74.0745,,,,,,,,,,,,,,
2025_REG_17_NO_TEN_20251228,2025-12-28 12:00:00,,,,,station_lookup_error,Nissan Stadium,36.1665,-86.7713,,,,,,,,,,,,,,
2025_REG_17_NYG_LV_20251228,2025-12-28 12:00:00,70.0,0.0,0.0,INDOOR,indoor_controlled_daily_values,Allegiant Stadium,36.0908,-115.183,,,,70.0,70.0,70.0,,,,,,,,70.0
2025_REG_17_PHI_BUF_20251228,2025-12-28 12:00:00,,,,,station_lookup_error,Highmark Stadium,42.7738,-78.7868,,,,,,,,,,,,,,
2025_REG_17_PIT_CLE_20251228,2025-12-28 12:00:00,,,,,station_lookup_error,Huntington Bank Field,41.5061,-81.6995,,,,,,,,,,,,,,
2025_REG_17_SEA_CAR_20251228,2025-12-28 12:00:00,,,,,station_lookup_error,Bank of America Stadium,35.2258,-80.8528,,,,,,,,,,,,,,
2025_REG_17_TB_MIA_20251228,2025-12-28 12:00:00,,,,,station_lookup_error,Hard Rock Stadium,25.958,-80.2389,,,,,,,,,,,,,,
2025_REG_18_ARI_LAR_20260104,2026-01-04 12:00:00,70.0,0.0,0.0,INDOOR,indoor_controlled_daily_values,SoFi Stadium,33.9535,-118.3392,,,,70.0,70.0,70.0,,,,,,,,70.0
2025_REG_18_BAL_PIT_20260104,2026-01-04 12:00:00,,,,,station_lookup_error,Acrisure Stadium,40.4468,-80.0158,,,,,,,,,,,,,,
2025_REG_18_CAR_TB_20260103,2026-01-03 12:00:00,,,,,station_lookup_error,Raymond James Stadium,27.9759,-82.5033,,,,,,,,,,,,,,
2025_REG_18_CLE_CIN_20260104,2026-01-04 12:00:00,,,,,station_lookup_error,Paycor Stadium,39.0955,-84.516,,,,,,,,,,,,,,
2025_REG_18_DAL_NYG_20260104,2026-01-04 12:00:00,,,,,station_lookup_error,MetLife Stadium,40.8135,-74.0745,,,,,,,,,,,,,,
2025_REG_18_DET_CHI_20260104,2026-01-04 12:00:00,,,,,station_lookup_error,Soldier Field,41.8623,-87.6167,,,,,,,,,,,,,,
2025_REG_18_GB_MIN_20260104,2026-01-04 12:00:00,70.0,0.0,0.0,INDOOR,indoor_controlled_daily_values,U.S. Bank Stadium,44.9738,-93.2575,,,,70.0,70.0,70.0,,,,,,,,70.0
2025_REG_18_IND_HOU_20260104,2026-01-04 12:00:00,70.0,0.0,0.0,INDOOR,indoor_controlled_daily_values,NRG Stadium,29.6847,-95.4107,,,,70.0,70.0,70.0,,,,,,,,70.0
2025_REG_18_KC_LV_20260104,2026-01-04 12:00:00,70.0,0.0,0.0,INDOOR,indoor_controlled_daily_values,Allegiant Stadium,36.0908,-115.183,,,,70.0,70.0,70.0,,,,,,,,70.0
2025_REG_18_LAC_DEN_20260104,2026-01-04 12:00:00,,,,,station_lookup_error,Empower Field at Mile High,39.7439,-105.0201,,,,,,,,,,,,,,
2025_REG_18_MIA_NE_20260104,2026-01-04 12:00:00,,,,,station_lookup_error,Gillette Stadium,42.0909,-71.2643,,,,,,,,,,,,,,
2025_REG_18_NO_ATL_20260104,2026-01-04 12:00:00,70.0,0.0,0.0,INDOOR,indoor_controlled_daily_values,Mercedes-Benz Stadium,33.7554,-84.4009,,,,70.0,70.0,70.0,,,,,,,,70.0
2025_REG_18_NYJ_BUF_20260104,2026-01-04 12:00:00,,,,,station_lookup_error,Highmark Stadium,42.7738,-78.7868,,,,,,,,,,,,,,
2025_REG_18_SEA_SF_20260103,2026-01-03 12:00:00,,,,,station_lookup_error,Levi's Stadium,37.403,-121.97,,,,,,,,,,,,,,
2025_REG_18_TEN_JAX_20260104,2026-01-04 12:00:00,,,,,station_lookup_error,TIAA Bank Stadium,30.3239,-81.6373,,,,,,,,,,,,,,
2025_REG_18_WSH_PHI_20260104,2026-01-04 12:00:00,,,,,station_lookup_error,Lincoln Financial Field,39.9008,-75.1675,,,,,,,,,,,,,,
2025_POST_19_BUF_JAX_20260111,2026-01-11 12:00:00,,,,,station_lookup_error,TIAA Bank Stadium,30.3239,-81.6373,,,,,,,,,,,,,,
2025_POST_19_GB_CHI_20260110,2026-01-10 12:00:00,,,,,station_lookup_error,Soldier Field,41.8623,-87.6167,,,,,,,,,,,,,,
2025_POST_19_HOU_PIT_20260112,2026-01-12 12:00:00,,,,,station_lookup_error,Acrisure Stadium,40.4468,-80.0158,,,,,,,,,,,,,,
2025_POST_19_LAC_NE_20260111,2026-01-11 12:00:00,,,,,station_lookup_error,Gillette Stadium,42.0909,-71.2643,,,,,,,,,,,,,,
2025_POST_19_LAR_CAR_20260110,2026-01-10 12:00:00,,,,,station_lookup_error,Bank of America Stadium,35.2258,-80.8528,,,,,,,,,,,,,,
2025_POST_19_SF_PHI_20260111,2026-01-11 12:00:00,,,,,station_lookup_error,Lincoln Financial Field,39.9008,-75.1675,,,,,,,,,,,,,,
2025_POST_20_BUF_DEN_20260117,2026-01-17 12:00:00,,,,,station_lookup_error,Empower Field at Mile High,39.7439,-105.0201,,,,,,,,,,,,,,
2025_POST_20_HOU_NE_20260118,2026-01-18 12:00:00,,,,,station_lookup_error,Gillette Stadium,42.0909,-71.2643,,,,,,,,,,,,,,
2025_POST_20_LAR_CHI_20260118,2026-01-18 12:00:00,,,,,station_lookup_error,Soldier Field,41.8623,-87.6167,,,,,,,,,,,,,,
2025_POST_20_SF_SEA_20260117,2026-01-17 12:00:00,,,,,station_lookup_error,Lumen Field,47.5952,-122.3316,,,,,,,,,,,,,,
2025_CON_21_LAR_SEA_20260125,2026-01-25 12:00:00,,,,,station_lookup_error,Lumen Field,47.5952,-122.3316,,,,,,,,,,,,,,
2025_CON_21_NE_DEN_20260125,2026-01-25 12:00:00,,,,,station_lookup_error,Empower Field at Mile High,39.7439,-105.0201,,,,,,,,,,,,,,
2025_POST_22_SEA_NE_20260208,2026-02-08 12:00:00,,,,,station_lookup_error,Levi's Stadium,37.403,-121.97,,,,,,,,,,,,,,
